task_times,data_arrival_times
5.287500000000001,2.226600000000083
5.1175,2.083350000000486
5.135000000000005,2.3232814056078155
4.1825000000000045,2.2840814056069547
5.451250000000002,2.2547314056064636
4.480000000000004,2.3984814056060344
2.073750000000004,2.018631405604964
3.2962499999999864,2.3215314055967724
5.405000000000001,2.6187499999561794
2.0500000000000114,4.635206405562258
5.743750000000006,2.187406405550263
