time_bin,retransmissions,time_bin_mid
"[23, 24)",0.0,23.5
"[24, 25)",0.0,24.5
"[25, 26)",0.0,25.5
"[26, 27)",0.0,26.5
"[27, 28)",0.0,27.5
"[28, 29)",0.0,28.5
"[29, 30)",0.0,29.5
"[30, 31)",5.352941176470588,30.5
"[31, 32)",16.69655172413793,31.5
"[169, 170)",0.0,169.5
"[170, 171)",0.0,170.5
"[171, 172)",0.0,171.5
"[172, 173)",10.657817109144542,172.5
"[173, 174)",2.4242424242424243,173.5
"[192, 193)",0.0,192.5
"[193, 194)",0.0,193.5
"[194, 195)",0.0,194.5
"[195, 196)",0.0,195.5
