time_bin,retransmissions,time_bin_mid
"[137, 138)",0.0,137.5
"[165, 166)",3.909090909090909,165.5
"[166, 167)",16.825,166.5
"[167, 168)",3.3333333333333335,167.5
"[168, 169)",0.0,168.5
"[177, 178)",0.0,177.5
"[187, 188)",1.0,187.5
"[192, 193)",0.0,192.5
"[193, 194)",0.5,193.5
