job_times,data_arrival_times
5.778749999999999,5.070260000000156
5.982499999999998,0.26539999999942054
2.0962499999999977,2.739130000008842
4.615000000000002,0.2334100000124124
3.9937500000000057,0.20915000001154738
4.896249999999995,4.318565000001499
2.2099999999999937,0.28940500000108216
2.738749999999996,0.17542500000161
2.1099999999999994,0.23296500000031983
5.344999999999999,0.26300499999953786
4.796249999999986,7.903750000024189
4.757499999999993,26.879460000094213
