job_times,data_arrival_times
4.359999999999999,0.27340000000000053
2.5799999999999983,0.2193350000012373
5.306666666666672,2.1346950000022673
2.8866666666666703,0.26146999999957643
5.7066666666666634,15.26350999999461
4.290000000000006,0.28458999999308787
2.0233333333333405,0.3417999999919914
2.319999999999993,0.6639600000048631
3.8899999999999864,0.3143250000046578
