job_times,data_arrival_times
5.431249999999999,7.0985600000002815
4.05875,0.23242000000000118
3.280000000000001,4.225330000008839
5.896250000000002,0.28007000001036886
5.706249999999997,0.24869000001213237
3.367500000000007,6.07060500000199
3.4000000000000057,2.818665000001502
4.433750000000003,4.922085000002426
4.361249999999998,0.3012250000012102
2.9737499999999955,0.25484499999993204
5.296249999999986,12.62984000004451
5.3075000000000045,25.678990000087424
