job_times,data_arrival_times
3.853999999999999,1.9257600000000377
2.6819999999999986,0.3201049999998027
3.2959999999999994,1.6993600000010929
4.827999999999996,0.4030700000031615
4.057999999999993,0.27944500000187134
2.6359999999999957,3.9409700000029915
5.354000000000013,0.3000100000025725
2.9960000000000093,0.3141600000016922
2.936000000000007,5.494210000001829
