job_times,data_arrival_times
4.33,0.41693999999999753
5.5859999999999985,1.0380349999999794
3.8739999999999988,0.2056249999997597
3.0259999999999962,0.324850000001895
5.724000000000004,2.8997250000019648
3.7420000000000044,0.3113950000016388
4.201999999999998,0.3427700000028011
3.98599999999999,0.2836400000022081
2.1759999999999877,0.3288800000015897
3.319999999999993,0.9905100000017057
