job_times,data_arrival_times
2.1899999999999995,0.28089000000002606
4.710000000000001,8.362450000004365
3.836666666666666,0.312875000003217
5.476666666666674,0.3512899999986985
5.966666666666669,14.5428899999947
4.769999999999996,0.3474399999922184
5.289999999999992,5.059000000004062
5.453333333333347,4.17115500000304
3.1699999999999875,10.044375000003612
