processor_ids,avg_processing_times,avg_data_arrival_times
18,4.0667500000000025,9.901978125002472
19,3.878285714285716,13.79025214285993
20,3.808500000000002,9.764168125002884
22,4.157222222222217,20.178760000021857
23,4.1625,16.481472962541947
24,3.7981249999999984,11.805351250029696
25,4.259531249999999,11.512042500030786
26,4.421406249999998,11.272059974971345
