job_times,data_arrival_times
3.5075000000000003,0.26274000000007725
5.293750000000003,0.2712799999992974
2.0962499999999977,0.21565369990308625
3.9312499999999986,6.395988699914781
5.323749999999997,0.2033850000152384
5.762500000000003,51.15467869989555
5.851249999999993,31.411580000051657
3.6049999999999898,0.2611736999910761
