job_times,data_arrival_times
4.33,0.41693999999999753
3.2699999999999996,0.2716099999999315
5.900000000000002,3.535600000000045
3.2240000000000038,0.23134000000209198
3.646000000000001,7.803315000004261
2.0740000000000123,57.75548000000438
4.300000000000011,0.40054000000486667
5.789999999999992,8.801000000004194
