job_times,data_arrival_times
4.960000000000001,0.29640000000002686
4.591249999999999,0.28265999999971925
2.1625000000000014,0.30028000000064026
5.736249999999998,5.421475000012535
4.646249999999995,53.288844999998304
2.666249999999991,34.42029000005235
3.336250000000007,0.24352000007962715
2.2862499999999955,0.18934000009437568
