job_times,data_arrival_times
2.684000000000001,0.17015999999997966
3.663999999999998,4.212839999999964
3.1899999999999977,0.3387000000009408
4.593999999999994,11.01026500000632
4.921999999999997,70.87641000000454
3.4780000000000086,9.658320000003329
4.616000000000014,0.26507000000444236
