time,cwnd,connection_id,src,dst
1.4302750000000002,2.0,98080,<entities.dtn.DTN object at 0x10560d5e0>,<entities.dtn.DTN object at 0x1055da400>
1.5403500000000003,3.0,98080,<entities.dtn.DTN object at 0x10560d5e0>,<entities.dtn.DTN object at 0x1055da400>
1.5504250000000004,4.0,98080,<entities.dtn.DTN object at 0x10560d5e0>,<entities.dtn.DTN object at 0x1055da400>
1.6605000000000005,5.0,98080,<entities.dtn.DTN object at 0x10560d5e0>,<entities.dtn.DTN object at 0x1055da400>
1.6705750000000006,6.0,98080,<entities.dtn.DTN object at 0x10560d5e0>,<entities.dtn.DTN object at 0x1055da400>
1.6806500000000006,7.0,98080,<entities.dtn.DTN object at 0x10560d5e0>,<entities.dtn.DTN object at 0x1055da400>
1.6907250000000007,8.0,98080,<entities.dtn.DTN object at 0x10560d5e0>,<entities.dtn.DTN object at 0x1055da400>
1.8008000000000008,9.0,98080,<entities.dtn.DTN object at 0x10560d5e0>,<entities.dtn.DTN object at 0x1055da400>
1.810875000000001,10.0,98080,<entities.dtn.DTN object at 0x10560d5e0>,<entities.dtn.DTN object at 0x1055da400>
1.820950000000001,11.0,98080,<entities.dtn.DTN object at 0x10560d5e0>,<entities.dtn.DTN object at 0x1055da400>
1.831025000000001,12.0,98080,<entities.dtn.DTN object at 0x10560d5e0>,<entities.dtn.DTN object at 0x1055da400>
1.841100000000001,13.0,98080,<entities.dtn.DTN object at 0x10560d5e0>,<entities.dtn.DTN object at 0x1055da400>
1.8511750000000011,14.0,98080,<entities.dtn.DTN object at 0x10560d5e0>,<entities.dtn.DTN object at 0x1055da400>
1.8612500000000012,15.0,98080,<entities.dtn.DTN object at 0x10560d5e0>,<entities.dtn.DTN object at 0x1055da400>
1.8713250000000012,16.0,98080,<entities.dtn.DTN object at 0x10560d5e0>,<entities.dtn.DTN object at 0x1055da400>
1.8814000000000013,17.0,98080,<entities.dtn.DTN object at 0x10560d5e0>,<entities.dtn.DTN object at 0x1055da400>
1.8914750000000013,18.0,98080,<entities.dtn.DTN object at 0x10560d5e0>,<entities.dtn.DTN object at 0x1055da400>
1.9015500000000014,19.0,98080,<entities.dtn.DTN object at 0x10560d5e0>,<entities.dtn.DTN object at 0x1055da400>
1.9116250000000015,20.0,98080,<entities.dtn.DTN object at 0x10560d5e0>,<entities.dtn.DTN object at 0x1055da400>
1.9217000000000015,21.0,98080,<entities.dtn.DTN object at 0x10560d5e0>,<entities.dtn.DTN object at 0x1055da400>
1.9317750000000016,22.0,98080,<entities.dtn.DTN object at 0x10560d5e0>,<entities.dtn.DTN object at 0x1055da400>
1.9418500000000016,23.0,98080,<entities.dtn.DTN object at 0x10560d5e0>,<entities.dtn.DTN object at 0x1055da400>
1.9519250000000017,24.0,98080,<entities.dtn.DTN object at 0x10560d5e0>,<entities.dtn.DTN object at 0x1055da400>
1.9620000000000017,25.0,98080,<entities.dtn.DTN object at 0x10560d5e0>,<entities.dtn.DTN object at 0x1055da400>
1.9720750000000018,26.0,98080,<entities.dtn.DTN object at 0x10560d5e0>,<entities.dtn.DTN object at 0x1055da400>
1.9821500000000019,27.0,98080,<entities.dtn.DTN object at 0x10560d5e0>,<entities.dtn.DTN object at 0x1055da400>
1.992225000000002,28.0,98080,<entities.dtn.DTN object at 0x10560d5e0>,<entities.dtn.DTN object at 0x1055da400>
2.0023000000000017,29.0,98080,<entities.dtn.DTN object at 0x10560d5e0>,<entities.dtn.DTN object at 0x1055da400>
2.0123750000000022,30.0,98080,<entities.dtn.DTN object at 0x10560d5e0>,<entities.dtn.DTN object at 0x1055da400>
2.022450000000002,31.0,98080,<entities.dtn.DTN object at 0x10560d5e0>,<entities.dtn.DTN object at 0x1055da400>
2.032525000000002,32.0,98080,<entities.dtn.DTN object at 0x10560d5e0>,<entities.dtn.DTN object at 0x1055da400>
2.042600000000002,33.0,98080,<entities.dtn.DTN object at 0x10560d5e0>,<entities.dtn.DTN object at 0x1055da400>
2.052675000000002,34.0,98080,<entities.dtn.DTN object at 0x10560d5e0>,<entities.dtn.DTN object at 0x1055da400>
2.062750000000002,35.0,98080,<entities.dtn.DTN object at 0x10560d5e0>,<entities.dtn.DTN object at 0x1055da400>
2.072825000000002,36.0,98080,<entities.dtn.DTN object at 0x10560d5e0>,<entities.dtn.DTN object at 0x1055da400>
2.082900000000002,37.0,98080,<entities.dtn.DTN object at 0x10560d5e0>,<entities.dtn.DTN object at 0x1055da400>
2.0929750000000023,38.0,98080,<entities.dtn.DTN object at 0x10560d5e0>,<entities.dtn.DTN object at 0x1055da400>
2.1030500000000023,39.0,98080,<entities.dtn.DTN object at 0x10560d5e0>,<entities.dtn.DTN object at 0x1055da400>
2.1131250000000024,40.0,98080,<entities.dtn.DTN object at 0x10560d5e0>,<entities.dtn.DTN object at 0x1055da400>
2.1232000000000024,41.0,98080,<entities.dtn.DTN object at 0x10560d5e0>,<entities.dtn.DTN object at 0x1055da400>
2.1332750000000025,42.0,98080,<entities.dtn.DTN object at 0x10560d5e0>,<entities.dtn.DTN object at 0x1055da400>
2.1433500000000025,43.0,98080,<entities.dtn.DTN object at 0x10560d5e0>,<entities.dtn.DTN object at 0x1055da400>
2.1534250000000026,44.0,98080,<entities.dtn.DTN object at 0x10560d5e0>,<entities.dtn.DTN object at 0x1055da400>
2.1635000000000026,45.0,98080,<entities.dtn.DTN object at 0x10560d5e0>,<entities.dtn.DTN object at 0x1055da400>
2.1735750000000027,46.0,98080,<entities.dtn.DTN object at 0x10560d5e0>,<entities.dtn.DTN object at 0x1055da400>
2.1836500000000028,47.0,98080,<entities.dtn.DTN object at 0x10560d5e0>,<entities.dtn.DTN object at 0x1055da400>
2.193725000000003,48.0,98080,<entities.dtn.DTN object at 0x10560d5e0>,<entities.dtn.DTN object at 0x1055da400>
2.203800000000003,49.0,98080,<entities.dtn.DTN object at 0x10560d5e0>,<entities.dtn.DTN object at 0x1055da400>
2.213875000000003,50.0,98080,<entities.dtn.DTN object at 0x10560d5e0>,<entities.dtn.DTN object at 0x1055da400>
2.223950000000003,51.0,98080,<entities.dtn.DTN object at 0x10560d5e0>,<entities.dtn.DTN object at 0x1055da400>
2.234025000000003,52.0,98080,<entities.dtn.DTN object at 0x10560d5e0>,<entities.dtn.DTN object at 0x1055da400>
2.244100000000003,53.0,98080,<entities.dtn.DTN object at 0x10560d5e0>,<entities.dtn.DTN object at 0x1055da400>
2.254175000000003,54.0,98080,<entities.dtn.DTN object at 0x10560d5e0>,<entities.dtn.DTN object at 0x1055da400>
2.264250000000003,55.0,98080,<entities.dtn.DTN object at 0x10560d5e0>,<entities.dtn.DTN object at 0x1055da400>
2.2743250000000033,56.0,98080,<entities.dtn.DTN object at 0x10560d5e0>,<entities.dtn.DTN object at 0x1055da400>
2.2844000000000033,57.0,98080,<entities.dtn.DTN object at 0x10560d5e0>,<entities.dtn.DTN object at 0x1055da400>
2.2944750000000034,58.0,98080,<entities.dtn.DTN object at 0x10560d5e0>,<entities.dtn.DTN object at 0x1055da400>
2.3045500000000034,59.0,98080,<entities.dtn.DTN object at 0x10560d5e0>,<entities.dtn.DTN object at 0x1055da400>
2.3146250000000035,60.0,98080,<entities.dtn.DTN object at 0x10560d5e0>,<entities.dtn.DTN object at 0x1055da400>
2.3247000000000035,61.0,98080,<entities.dtn.DTN object at 0x10560d5e0>,<entities.dtn.DTN object at 0x1055da400>
2.3347750000000036,62.0,98080,<entities.dtn.DTN object at 0x10560d5e0>,<entities.dtn.DTN object at 0x1055da400>
2.3448500000000037,63.0,98080,<entities.dtn.DTN object at 0x10560d5e0>,<entities.dtn.DTN object at 0x1055da400>
2.3549250000000037,64.0,98080,<entities.dtn.DTN object at 0x10560d5e0>,<entities.dtn.DTN object at 0x1055da400>
2.3650000000000038,64.015625,98080,<entities.dtn.DTN object at 0x10560d5e0>,<entities.dtn.DTN object at 0x1055da400>
2.375075000000004,64.03124618623383,98080,<entities.dtn.DTN object at 0x10560d5e0>,<entities.dtn.DTN object at 0x1055da400>
2.385150000000004,64.04686356149296,98080,<entities.dtn.DTN object at 0x10560d5e0>,<entities.dtn.DTN object at 0x1055da400>
2.395225000000004,64.06247712856545,98080,<entities.dtn.DTN object at 0x10560d5e0>,<entities.dtn.DTN object at 0x1055da400>
2.405300000000004,64.07808689023597,98080,<entities.dtn.DTN object at 0x10560d5e0>,<entities.dtn.DTN object at 0x1055da400>
2.415375000000004,64.09369284928579,98080,<entities.dtn.DTN object at 0x10560d5e0>,<entities.dtn.DTN object at 0x1055da400>
2.425450000000004,64.10929500849281,98080,<entities.dtn.DTN object at 0x10560d5e0>,<entities.dtn.DTN object at 0x1055da400>
2.435525000000004,64.12489337063153,98080,<entities.dtn.DTN object at 0x10560d5e0>,<entities.dtn.DTN object at 0x1055da400>
2.445600000000004,64.14048793847307,98080,<entities.dtn.DTN object at 0x10560d5e0>,<entities.dtn.DTN object at 0x1055da400>
2.4556750000000043,64.15607871478521,98080,<entities.dtn.DTN object at 0x10560d5e0>,<entities.dtn.DTN object at 0x1055da400>
2.4657500000000043,64.17166570233233,98080,<entities.dtn.DTN object at 0x10560d5e0>,<entities.dtn.DTN object at 0x1055da400>
2.4758250000000044,64.1872489038755,98080,<entities.dtn.DTN object at 0x10560d5e0>,<entities.dtn.DTN object at 0x1055da400>
2.4859000000000044,64.2028283221724,98080,<entities.dtn.DTN object at 0x10560d5e0>,<entities.dtn.DTN object at 0x1055da400>
2.4959750000000045,64.21840395997735,98080,<entities.dtn.DTN object at 0x10560d5e0>,<entities.dtn.DTN object at 0x1055da400>
2.5060500000000046,64.23397582004138,98080,<entities.dtn.DTN object at 0x10560d5e0>,<entities.dtn.DTN object at 0x1055da400>
2.5161250000000046,64.24954390511215,98080,<entities.dtn.DTN object at 0x10560d5e0>,<entities.dtn.DTN object at 0x1055da400>
2.5262000000000047,64.265108217934,98080,<entities.dtn.DTN object at 0x10560d5e0>,<entities.dtn.DTN object at 0x1055da400>
2.5362750000000047,64.28066876124794,98080,<entities.dtn.DTN object at 0x10560d5e0>,<entities.dtn.DTN object at 0x1055da400>
2.5463500000000048,64.29622553779167,98080,<entities.dtn.DTN object at 0x10560d5e0>,<entities.dtn.DTN object at 0x1055da400>
2.556425000000005,64.31177855029956,98080,<entities.dtn.DTN object at 0x10560d5e0>,<entities.dtn.DTN object at 0x1055da400>
2.566500000000005,64.32732780150272,98080,<entities.dtn.DTN object at 0x10560d5e0>,<entities.dtn.DTN object at 0x1055da400>
2.576575000000005,64.34287329412889,98080,<entities.dtn.DTN object at 0x10560d5e0>,<entities.dtn.DTN object at 0x1055da400>
2.586650000000005,64.35841503090258,98080,<entities.dtn.DTN object at 0x10560d5e0>,<entities.dtn.DTN object at 0x1055da400>
2.596725000000005,64.37395301454497,98080,<entities.dtn.DTN object at 0x10560d5e0>,<entities.dtn.DTN object at 0x1055da400>
2.606800000000005,64.38948724777396,98080,<entities.dtn.DTN object at 0x10560d5e0>,<entities.dtn.DTN object at 0x1055da400>
2.616875000000005,64.40501773330418,98080,<entities.dtn.DTN object at 0x10560d5e0>,<entities.dtn.DTN object at 0x1055da400>
2.6269500000000052,64.42054447384699,98080,<entities.dtn.DTN object at 0x10560d5e0>,<entities.dtn.DTN object at 0x1055da400>
2.6370250000000053,64.43606747211047,98080,<entities.dtn.DTN object at 0x10560d5e0>,<entities.dtn.DTN object at 0x1055da400>
2.6471000000000053,64.45158673079945,98080,<entities.dtn.DTN object at 0x10560d5e0>,<entities.dtn.DTN object at 0x1055da400>
2.6571750000000054,64.46710225261549,98080,<entities.dtn.DTN object at 0x10560d5e0>,<entities.dtn.DTN object at 0x1055da400>
2.6672500000000054,64.4826140402569,98080,<entities.dtn.DTN object at 0x10560d5e0>,<entities.dtn.DTN object at 0x1055da400>
2.6773250000000055,64.49812209641877,98080,<entities.dtn.DTN object at 0x10560d5e0>,<entities.dtn.DTN object at 0x1055da400>
2.6874000000000056,64.5136264237929,98080,<entities.dtn.DTN object at 0x10560d5e0>,<entities.dtn.DTN object at 0x1055da400>
2.6974750000000056,64.52912702506791,98080,<entities.dtn.DTN object at 0x10560d5e0>,<entities.dtn.DTN object at 0x1055da400>
2.7075500000000057,64.54462390292915,98080,<entities.dtn.DTN object at 0x10560d5e0>,<entities.dtn.DTN object at 0x1055da400>
2.7176250000000057,64.56011706005876,98080,<entities.dtn.DTN object at 0x10560d5e0>,<entities.dtn.DTN object at 0x1055da400>
2.727700000000006,64.57560649913567,98080,<entities.dtn.DTN object at 0x10560d5e0>,<entities.dtn.DTN object at 0x1055da400>
2.737775000000006,64.59109222283558,98080,<entities.dtn.DTN object at 0x10560d5e0>,<entities.dtn.DTN object at 0x1055da400>
2.747850000000006,64.606574233831,98080,<entities.dtn.DTN object at 0x10560d5e0>,<entities.dtn.DTN object at 0x1055da400>
2.757925000000006,64.62205253479122,98080,<entities.dtn.DTN object at 0x10560d5e0>,<entities.dtn.DTN object at 0x1055da400>
2.768000000000006,64.63752712838235,98080,<entities.dtn.DTN object at 0x10560d5e0>,<entities.dtn.DTN object at 0x1055da400>
2.778075000000006,64.65299801726728,98080,<entities.dtn.DTN object at 0x10560d5e0>,<entities.dtn.DTN object at 0x1055da400>
2.788150000000006,64.66846520410574,98080,<entities.dtn.DTN object at 0x10560d5e0>,<entities.dtn.DTN object at 0x1055da400>
2.798225000000006,64.68392869155429,98080,<entities.dtn.DTN object at 0x10560d5e0>,<entities.dtn.DTN object at 0x1055da400>
2.8083000000000062,64.69938848226626,98080,<entities.dtn.DTN object at 0x10560d5e0>,<entities.dtn.DTN object at 0x1055da400>
2.8183750000000063,64.71484457889187,98080,<entities.dtn.DTN object at 0x10560d5e0>,<entities.dtn.DTN object at 0x1055da400>
2.8284500000000063,64.73029698407815,98080,<entities.dtn.DTN object at 0x10560d5e0>,<entities.dtn.DTN object at 0x1055da400>
2.8385250000000064,64.74574570046896,98080,<entities.dtn.DTN object at 0x10560d5e0>,<entities.dtn.DTN object at 0x1055da400>
2.8486000000000065,64.76119073070502,98080,<entities.dtn.DTN object at 0x10560d5e0>,<entities.dtn.DTN object at 0x1055da400>
2.8586750000000065,64.7766320774239,98080,<entities.dtn.DTN object at 0x10560d5e0>,<entities.dtn.DTN object at 0x1055da400>
2.8687500000000066,64.79206974326002,98080,<entities.dtn.DTN object at 0x10560d5e0>,<entities.dtn.DTN object at 0x1055da400>
2.8788250000000066,64.80750373084464,98080,<entities.dtn.DTN object at 0x10560d5e0>,<entities.dtn.DTN object at 0x1055da400>
2.8889000000000067,64.82293404280594,98080,<entities.dtn.DTN object at 0x10560d5e0>,<entities.dtn.DTN object at 0x1055da400>
2.8989750000000067,64.83836068176893,98080,<entities.dtn.DTN object at 0x10560d5e0>,<entities.dtn.DTN object at 0x1055da400>
2.909050000000007,64.85378365035551,98080,<entities.dtn.DTN object at 0x10560d5e0>,<entities.dtn.DTN object at 0x1055da400>
2.919125000000007,64.86920295118445,98080,<entities.dtn.DTN object at 0x10560d5e0>,<entities.dtn.DTN object at 0x1055da400>
2.929200000000007,64.88461858687143,98080,<entities.dtn.DTN object at 0x10560d5e0>,<entities.dtn.DTN object at 0x1055da400>
2.939275000000007,64.900030560029,98080,<entities.dtn.DTN object at 0x10560d5e0>,<entities.dtn.DTN object at 0x1055da400>
2.949350000000007,64.91543887326661,98080,<entities.dtn.DTN object at 0x10560d5e0>,<entities.dtn.DTN object at 0x1055da400>
2.959425000000007,64.93084352919064,98080,<entities.dtn.DTN object at 0x10560d5e0>,<entities.dtn.DTN object at 0x1055da400>
2.969500000000007,64.94624453040434,98080,<entities.dtn.DTN object at 0x10560d5e0>,<entities.dtn.DTN object at 0x1055da400>
2.979575000000007,64.96164187950791,98080,<entities.dtn.DTN object at 0x10560d5e0>,<entities.dtn.DTN object at 0x1055da400>
2.9896500000000072,64.97703557909843,98080,<entities.dtn.DTN object at 0x10560d5e0>,<entities.dtn.DTN object at 0x1055da400>
2.9997250000000073,64.99242563176992,98080,<entities.dtn.DTN object at 0x10560d5e0>,<entities.dtn.DTN object at 0x1055da400>
3.0098000000000074,65.00781204011334,98080,<entities.dtn.DTN object at 0x10560d5e0>,<entities.dtn.DTN object at 0x1055da400>
3.0198750000000074,65.02319480671657,98080,<entities.dtn.DTN object at 0x10560d5e0>,<entities.dtn.DTN object at 0x1055da400>
3.0299500000000075,65.03857393416445,98080,<entities.dtn.DTN object at 0x10560d5e0>,<entities.dtn.DTN object at 0x1055da400>
3.0400250000000075,65.05394942503871,98080,<entities.dtn.DTN object at 0x10560d5e0>,<entities.dtn.DTN object at 0x1055da400>
3.0501000000000076,65.06932128191809,98080,<entities.dtn.DTN object at 0x10560d5e0>,<entities.dtn.DTN object at 0x1055da400>
3.0601750000000076,65.08468950737826,98080,<entities.dtn.DTN object at 0x10560d5e0>,<entities.dtn.DTN object at 0x1055da400>
3.0702500000000077,65.10005410399182,98080,<entities.dtn.DTN object at 0x10560d5e0>,<entities.dtn.DTN object at 0x1055da400>
3.0803250000000078,65.11541507432838,98080,<entities.dtn.DTN object at 0x10560d5e0>,<entities.dtn.DTN object at 0x1055da400>
3.090400000000008,65.1307724209545,98080,<entities.dtn.DTN object at 0x10560d5e0>,<entities.dtn.DTN object at 0x1055da400>
3.100475000000008,65.1461261464337,98080,<entities.dtn.DTN object at 0x10560d5e0>,<entities.dtn.DTN object at 0x1055da400>
3.110550000000008,65.16147625332651,98080,<entities.dtn.DTN object at 0x10560d5e0>,<entities.dtn.DTN object at 0x1055da400>
3.120625000000008,65.17682274419042,98080,<entities.dtn.DTN object at 0x10560d5e0>,<entities.dtn.DTN object at 0x1055da400>
3.130700000000008,65.1921656215799,98080,<entities.dtn.DTN object at 0x10560d5e0>,<entities.dtn.DTN object at 0x1055da400>
3.140775000000008,65.20750488804644,98080,<entities.dtn.DTN object at 0x10560d5e0>,<entities.dtn.DTN object at 0x1055da400>
3.150850000000008,65.22284054613851,98080,<entities.dtn.DTN object at 0x10560d5e0>,<entities.dtn.DTN object at 0x1055da400>
3.160925000000008,65.23817259840159,98080,<entities.dtn.DTN object at 0x10560d5e0>,<entities.dtn.DTN object at 0x1055da400>
3.1710000000000083,65.25350104737817,98080,<entities.dtn.DTN object at 0x10560d5e0>,<entities.dtn.DTN object at 0x1055da400>
3.1810750000000083,65.26882589560775,98080,<entities.dtn.DTN object at 0x10560d5e0>,<entities.dtn.DTN object at 0x1055da400>
3.1911500000000084,65.28414714562685,98080,<entities.dtn.DTN object at 0x10560d5e0>,<entities.dtn.DTN object at 0x1055da400>
3.2012250000000084,65.29946479996902,98080,<entities.dtn.DTN object at 0x10560d5e0>,<entities.dtn.DTN object at 0x1055da400>
3.2113000000000085,65.31477886116483,98080,<entities.dtn.DTN object at 0x10560d5e0>,<entities.dtn.DTN object at 0x1055da400>
3.2213750000000085,65.33008933174187,98080,<entities.dtn.DTN object at 0x10560d5e0>,<entities.dtn.DTN object at 0x1055da400>
3.2314500000000086,65.3453962142248,98080,<entities.dtn.DTN object at 0x10560d5e0>,<entities.dtn.DTN object at 0x1055da400>
3.2415250000000086,65.3606995111353,98080,<entities.dtn.DTN object at 0x10560d5e0>,<entities.dtn.DTN object at 0x1055da400>
3.2516000000000087,65.37599922499209,98080,<entities.dtn.DTN object at 0x10560d5e0>,<entities.dtn.DTN object at 0x1055da400>
3.2616750000000088,65.39129535831096,98080,<entities.dtn.DTN object at 0x10560d5e0>,<entities.dtn.DTN object at 0x1055da400>
3.271750000000009,65.40658791360475,98080,<entities.dtn.DTN object at 0x10560d5e0>,<entities.dtn.DTN object at 0x1055da400>
3.281825000000009,65.42187689338338,98080,<entities.dtn.DTN object at 0x10560d5e0>,<entities.dtn.DTN object at 0x1055da400>
3.291900000000009,65.43716230015382,98080,<entities.dtn.DTN object at 0x10560d5e0>,<entities.dtn.DTN object at 0x1055da400>
3.301975000000009,65.45244413642008,98080,<entities.dtn.DTN object at 0x10560d5e0>,<entities.dtn.DTN object at 0x1055da400>
3.312050000000009,65.46772240468331,98080,<entities.dtn.DTN object at 0x10560d5e0>,<entities.dtn.DTN object at 0x1055da400>
3.322125000000009,65.4829971074417,98080,<entities.dtn.DTN object at 0x10560d5e0>,<entities.dtn.DTN object at 0x1055da400>
3.332200000000009,65.49826824719054,98080,<entities.dtn.DTN object at 0x10560d5e0>,<entities.dtn.DTN object at 0x1055da400>
3.342275000000009,65.51353582642218,98080,<entities.dtn.DTN object at 0x10560d5e0>,<entities.dtn.DTN object at 0x1055da400>
3.3523500000000093,65.52879984762613,98080,<entities.dtn.DTN object at 0x10560d5e0>,<entities.dtn.DTN object at 0x1055da400>
3.3624250000000093,65.54406031328894,98080,<entities.dtn.DTN object at 0x10560d5e0>,<entities.dtn.DTN object at 0x1055da400>
3.3725000000000094,65.55931722589429,98080,<entities.dtn.DTN object at 0x10560d5e0>,<entities.dtn.DTN object at 0x1055da400>
3.3825750000000094,65.57457058792298,98080,<entities.dtn.DTN object at 0x10560d5e0>,<entities.dtn.DTN object at 0x1055da400>
3.3926500000000095,65.58982040185289,98080,<entities.dtn.DTN object at 0x10560d5e0>,<entities.dtn.DTN object at 0x1055da400>
3.4027250000000095,65.60506667015906,98080,<entities.dtn.DTN object at 0x10560d5e0>,<entities.dtn.DTN object at 0x1055da400>
3.4128000000000096,65.62030939531363,98080,<entities.dtn.DTN object at 0x10560d5e0>,<entities.dtn.DTN object at 0x1055da400>
3.4228750000000097,65.63554857978586,98080,<entities.dtn.DTN object at 0x10560d5e0>,<entities.dtn.DTN object at 0x1055da400>
3.4329500000000097,65.65078422604216,98080,<entities.dtn.DTN object at 0x10560d5e0>,<entities.dtn.DTN object at 0x1055da400>
3.4430250000000098,65.66601633654608,98080,<entities.dtn.DTN object at 0x10560d5e0>,<entities.dtn.DTN object at 0x1055da400>
3.45310000000001,65.6812449137583,98080,<entities.dtn.DTN object at 0x10560d5e0>,<entities.dtn.DTN object at 0x1055da400>
3.46317500000001,65.69646996013665,98080,<entities.dtn.DTN object at 0x10560d5e0>,<entities.dtn.DTN object at 0x1055da400>
3.47325000000001,65.71169147813613,98080,<entities.dtn.DTN object at 0x10560d5e0>,<entities.dtn.DTN object at 0x1055da400>
3.48332500000001,65.72690947020887,98080,<entities.dtn.DTN object at 0x10560d5e0>,<entities.dtn.DTN object at 0x1055da400>
3.49340000000001,65.74212393880416,98080,<entities.dtn.DTN object at 0x10560d5e0>,<entities.dtn.DTN object at 0x1055da400>
3.50347500000001,65.75733488636847,98080,<entities.dtn.DTN object at 0x10560d5e0>,<entities.dtn.DTN object at 0x1055da400>
3.51355000000001,65.77254231534545,98080,<entities.dtn.DTN object at 0x10560d5e0>,<entities.dtn.DTN object at 0x1055da400>
3.52362500000001,65.7877462281759,98080,<entities.dtn.DTN object at 0x10560d5e0>,<entities.dtn.DTN object at 0x1055da400>
3.5337000000000103,65.80294662729783,98080,<entities.dtn.DTN object at 0x10560d5e0>,<entities.dtn.DTN object at 0x1055da400>
3.5437750000000103,65.81814351514639,98080,<entities.dtn.DTN object at 0x10560d5e0>,<entities.dtn.DTN object at 0x1055da400>
3.5538500000000104,65.83333689415396,98080,<entities.dtn.DTN object at 0x10560d5e0>,<entities.dtn.DTN object at 0x1055da400>
3.5639250000000104,65.84852676675008,98080,<entities.dtn.DTN object at 0x10560d5e0>,<entities.dtn.DTN object at 0x1055da400>
3.5740000000000105,65.86371313536152,98080,<entities.dtn.DTN object at 0x10560d5e0>,<entities.dtn.DTN object at 0x1055da400>
3.5840750000000106,65.87889600241223,98080,<entities.dtn.DTN object at 0x10560d5e0>,<entities.dtn.DTN object at 0x1055da400>
3.5941500000000106,65.89407537032336,98080,<entities.dtn.DTN object at 0x10560d5e0>,<entities.dtn.DTN object at 0x1055da400>
3.6042250000000107,65.9092512415133,98080,<entities.dtn.DTN object at 0x10560d5e0>,<entities.dtn.DTN object at 0x1055da400>
3.6143000000000107,65.92442361839763,98080,<entities.dtn.DTN object at 0x10560d5e0>,<entities.dtn.DTN object at 0x1055da400>
3.624375000000011,65.93959250338915,98080,<entities.dtn.DTN object at 0x10560d5e0>,<entities.dtn.DTN object at 0x1055da400>
3.634450000000011,65.95475789889791,98080,<entities.dtn.DTN object at 0x10560d5e0>,<entities.dtn.DTN object at 0x1055da400>
3.644525000000011,65.96991980733115,98080,<entities.dtn.DTN object at 0x10560d5e0>,<entities.dtn.DTN object at 0x1055da400>
3.654600000000011,65.98507823109338,98080,<entities.dtn.DTN object at 0x10560d5e0>,<entities.dtn.DTN object at 0x1055da400>
3.664675000000011,66.00023317258633,98080,<entities.dtn.DTN object at 0x10560d5e0>,<entities.dtn.DTN object at 0x1055da400>
3.674750000000011,66.01538463420898,98080,<entities.dtn.DTN object at 0x10560d5e0>,<entities.dtn.DTN object at 0x1055da400>
3.684825000000011,66.03053261835754,98080,<entities.dtn.DTN object at 0x10560d5e0>,<entities.dtn.DTN object at 0x1055da400>
3.694900000000011,66.04567712742549,98080,<entities.dtn.DTN object at 0x10560d5e0>,<entities.dtn.DTN object at 0x1055da400>
3.7049750000000112,66.06081816380355,98080,<entities.dtn.DTN object at 0x10560d5e0>,<entities.dtn.DTN object at 0x1055da400>
3.7150500000000113,66.07595572987971,98080,<entities.dtn.DTN object at 0x10560d5e0>,<entities.dtn.DTN object at 0x1055da400>
3.7251250000000113,66.09108982803923,98080,<entities.dtn.DTN object at 0x10560d5e0>,<entities.dtn.DTN object at 0x1055da400>
3.7352000000000114,66.10622046066463,98080,<entities.dtn.DTN object at 0x10560d5e0>,<entities.dtn.DTN object at 0x1055da400>
3.7452750000000115,66.12134763013569,98080,<entities.dtn.DTN object at 0x10560d5e0>,<entities.dtn.DTN object at 0x1055da400>
3.7553500000000115,66.1364713388295,98080,<entities.dtn.DTN object at 0x10560d5e0>,<entities.dtn.DTN object at 0x1055da400>
3.7654250000000116,66.1515915891204,98080,<entities.dtn.DTN object at 0x10560d5e0>,<entities.dtn.DTN object at 0x1055da400>
3.7755000000000116,66.16670838338003,98080,<entities.dtn.DTN object at 0x10560d5e0>,<entities.dtn.DTN object at 0x1055da400>
3.7855750000000117,66.18182172397732,98080,<entities.dtn.DTN object at 0x10560d5e0>,<entities.dtn.DTN object at 0x1055da400>
3.7956500000000117,66.19693161327851,98080,<entities.dtn.DTN object at 0x10560d5e0>,<entities.dtn.DTN object at 0x1055da400>
3.805725000000012,66.2120380536471,98080,<entities.dtn.DTN object at 0x10560d5e0>,<entities.dtn.DTN object at 0x1055da400>
3.815800000000012,66.22714104744394,98080,<entities.dtn.DTN object at 0x10560d5e0>,<entities.dtn.DTN object at 0x1055da400>
3.825875000000012,66.24224059702715,98080,<entities.dtn.DTN object at 0x10560d5e0>,<entities.dtn.DTN object at 0x1055da400>
3.835950000000012,66.25733670475218,98080,<entities.dtn.DTN object at 0x10560d5e0>,<entities.dtn.DTN object at 0x1055da400>
3.846025000000012,66.27242937297179,98080,<entities.dtn.DTN object at 0x10560d5e0>,<entities.dtn.DTN object at 0x1055da400>
3.856100000000012,66.28751860403607,98080,<entities.dtn.DTN object at 0x10560d5e0>,<entities.dtn.DTN object at 0x1055da400>
3.866175000000012,66.30260440029242,98080,<entities.dtn.DTN object at 0x10560d5e0>,<entities.dtn.DTN object at 0x1055da400>
3.876250000000012,66.3176867640856,98080,<entities.dtn.DTN object at 0x10560d5e0>,<entities.dtn.DTN object at 0x1055da400>
3.8863250000000122,66.33276569775765,98080,<entities.dtn.DTN object at 0x10560d5e0>,<entities.dtn.DTN object at 0x1055da400>
3.8964000000000123,66.347841203648,98080,<entities.dtn.DTN object at 0x10560d5e0>,<entities.dtn.DTN object at 0x1055da400>
3.9064750000000124,66.36291328409341,98080,<entities.dtn.DTN object at 0x10560d5e0>,<entities.dtn.DTN object at 0x1055da400>
3.9165500000000124,66.37798194142795,98080,<entities.dtn.DTN object at 0x10560d5e0>,<entities.dtn.DTN object at 0x1055da400>
3.9266250000000125,66.39304717798308,98080,<entities.dtn.DTN object at 0x10560d5e0>,<entities.dtn.DTN object at 0x1055da400>
3.9367000000000125,66.4081089960876,98080,<entities.dtn.DTN object at 0x10560d5e0>,<entities.dtn.DTN object at 0x1055da400>
3.9467750000000126,66.42316739806769,98080,<entities.dtn.DTN object at 0x10560d5e0>,<entities.dtn.DTN object at 0x1055da400>
3.9568500000000126,66.43822238624685,98080,<entities.dtn.DTN object at 0x10560d5e0>,<entities.dtn.DTN object at 0x1055da400>
3.9669250000000127,66.45327396294597,98080,<entities.dtn.DTN object at 0x10560d5e0>,<entities.dtn.DTN object at 0x1055da400>
3.9770000000000127,66.46832213048333,98080,<entities.dtn.DTN object at 0x10560d5e0>,<entities.dtn.DTN object at 0x1055da400>
3.987075000000013,66.48336689117455,98080,<entities.dtn.DTN object at 0x10560d5e0>,<entities.dtn.DTN object at 0x1055da400>
3.997150000000013,66.49840824733266,98080,<entities.dtn.DTN object at 0x10560d5e0>,<entities.dtn.DTN object at 0x1055da400>
4.007225000000013,66.51344620126805,98080,<entities.dtn.DTN object at 0x10560d5e0>,<entities.dtn.DTN object at 0x1055da400>
4.017300000000012,66.52848075528851,98080,<entities.dtn.DTN object at 0x10560d5e0>,<entities.dtn.DTN object at 0x1055da400>
4.027375000000012,66.54351191169923,98080,<entities.dtn.DTN object at 0x10560d5e0>,<entities.dtn.DTN object at 0x1055da400>
4.037450000000011,66.55853967280277,98080,<entities.dtn.DTN object at 0x10560d5e0>,<entities.dtn.DTN object at 0x1055da400>
4.047525000000011,66.57356404089911,98080,<entities.dtn.DTN object at 0x10560d5e0>,<entities.dtn.DTN object at 0x1055da400>
4.0576000000000105,66.58858501828566,98080,<entities.dtn.DTN object at 0x10560d5e0>,<entities.dtn.DTN object at 0x1055da400>
4.06767500000001,66.60360260725717,98080,<entities.dtn.DTN object at 0x10560d5e0>,<entities.dtn.DTN object at 0x1055da400>
4.07775000000001,66.61861681010588,98080,<entities.dtn.DTN object at 0x10560d5e0>,<entities.dtn.DTN object at 0x1055da400>
4.087825000000009,66.63362762912139,98080,<entities.dtn.DTN object at 0x10560d5e0>,<entities.dtn.DTN object at 0x1055da400>
4.097900000000009,66.64863506659074,98080,<entities.dtn.DTN object at 0x10560d5e0>,<entities.dtn.DTN object at 0x1055da400>
4.107975000000009,66.6636391247984,98080,<entities.dtn.DTN object at 0x10560d5e0>,<entities.dtn.DTN object at 0x1055da400>
4.118050000000008,66.67863980602625,98080,<entities.dtn.DTN object at 0x10560d5e0>,<entities.dtn.DTN object at 0x1055da400>
4.128125000000008,66.69363711255363,98080,<entities.dtn.DTN object at 0x10560d5e0>,<entities.dtn.DTN object at 0x1055da400>
4.138200000000007,66.7086310466573,98080,<entities.dtn.DTN object at 0x10560d5e0>,<entities.dtn.DTN object at 0x1055da400>
4.148275000000007,66.72362161061147,98080,<entities.dtn.DTN object at 0x10560d5e0>,<entities.dtn.DTN object at 0x1055da400>
4.158350000000007,66.7386088066878,98080,<entities.dtn.DTN object at 0x10560d5e0>,<entities.dtn.DTN object at 0x1055da400>
4.168425000000006,66.75359263715535,98080,<entities.dtn.DTN object at 0x10560d5e0>,<entities.dtn.DTN object at 0x1055da400>
4.178500000000006,66.7685731042807,98080,<entities.dtn.DTN object at 0x10560d5e0>,<entities.dtn.DTN object at 0x1055da400>
4.1885750000000055,66.78355021032786,98080,<entities.dtn.DTN object at 0x10560d5e0>,<entities.dtn.DTN object at 0x1055da400>
4.198650000000005,66.79852395755829,98080,<entities.dtn.DTN object at 0x10560d5e0>,<entities.dtn.DTN object at 0x1055da400>
4.208725000000005,66.81349434823092,98080,<entities.dtn.DTN object at 0x10560d5e0>,<entities.dtn.DTN object at 0x1055da400>
4.218800000000004,66.82846138460216,98080,<entities.dtn.DTN object at 0x10560d5e0>,<entities.dtn.DTN object at 0x1055da400>
4.228875000000004,66.8434250689259,98080,<entities.dtn.DTN object at 0x10560d5e0>,<entities.dtn.DTN object at 0x1055da400>
4.2389500000000035,66.85838540345347,98080,<entities.dtn.DTN object at 0x10560d5e0>,<entities.dtn.DTN object at 0x1055da400>
4.249025000000003,66.87334239043372,98080,<entities.dtn.DTN object at 0x10560d5e0>,<entities.dtn.DTN object at 0x1055da400>
4.259100000000003,66.88829603211296,98080,<entities.dtn.DTN object at 0x10560d5e0>,<entities.dtn.DTN object at 0x1055da400>
4.269175000000002,66.90324633073502,98080,<entities.dtn.DTN object at 0x10560d5e0>,<entities.dtn.DTN object at 0x1055da400>
4.279250000000002,66.91819328854116,98080,<entities.dtn.DTN object at 0x10560d5e0>,<entities.dtn.DTN object at 0x1055da400>
4.289325000000002,66.93313690777022,98080,<entities.dtn.DTN object at 0x10560d5e0>,<entities.dtn.DTN object at 0x1055da400>
4.299400000000001,66.94807719065847,98080,<entities.dtn.DTN object at 0x10560d5e0>,<entities.dtn.DTN object at 0x1055da400>
4.309475000000001,66.96301413943972,98080,<entities.dtn.DTN object at 0x10560d5e0>,<entities.dtn.DTN object at 0x1055da400>
4.3195500000000004,66.97794775634529,98080,<entities.dtn.DTN object at 0x10560d5e0>,<entities.dtn.DTN object at 0x1055da400>
4.329625,66.99287804360398,98080,<entities.dtn.DTN object at 0x10560d5e0>,<entities.dtn.DTN object at 0x1055da400>
4.3397,67.00780500344214,98080,<entities.dtn.DTN object at 0x10560d5e0>,<entities.dtn.DTN object at 0x1055da400>
4.349774999999999,67.02272863808363,98080,<entities.dtn.DTN object at 0x10560d5e0>,<entities.dtn.DTN object at 0x1055da400>
4.359849999999999,67.03764894974985,98080,<entities.dtn.DTN object at 0x10560d5e0>,<entities.dtn.DTN object at 0x1055da400>
4.3699249999999985,67.05256594065969,98080,<entities.dtn.DTN object at 0x10560d5e0>,<entities.dtn.DTN object at 0x1055da400>
4.379999999999998,67.06747961302959,98080,<entities.dtn.DTN object at 0x10560d5e0>,<entities.dtn.DTN object at 0x1055da400>
4.390074999999998,67.08238996907353,98080,<entities.dtn.DTN object at 0x10560d5e0>,<entities.dtn.DTN object at 0x1055da400>
4.400149999999997,67.09729701100304,98080,<entities.dtn.DTN object at 0x10560d5e0>,<entities.dtn.DTN object at 0x1055da400>
4.410224999999997,67.11220074102715,98080,<entities.dtn.DTN object at 0x10560d5e0>,<entities.dtn.DTN object at 0x1055da400>
4.420299999999997,67.1271011613525,98080,<entities.dtn.DTN object at 0x10560d5e0>,<entities.dtn.DTN object at 0x1055da400>
4.430374999999996,67.14199827418322,98080,<entities.dtn.DTN object at 0x10560d5e0>,<entities.dtn.DTN object at 0x1055da400>
4.440449999999996,67.15689208172104,98080,<entities.dtn.DTN object at 0x10560d5e0>,<entities.dtn.DTN object at 0x1055da400>
4.450524999999995,67.17178258616522,98080,<entities.dtn.DTN object at 0x10560d5e0>,<entities.dtn.DTN object at 0x1055da400>
4.460599999999995,67.1866697897126,98080,<entities.dtn.DTN object at 0x10560d5e0>,<entities.dtn.DTN object at 0x1055da400>
4.470674999999995,67.20155369455756,98080,<entities.dtn.DTN object at 0x10560d5e0>,<entities.dtn.DTN object at 0x1055da400>
4.480749999999994,67.21643430289208,98080,<entities.dtn.DTN object at 0x10560d5e0>,<entities.dtn.DTN object at 0x1055da400>
4.490824999999994,67.2313116169057,98080,<entities.dtn.DTN object at 0x10560d5e0>,<entities.dtn.DTN object at 0x1055da400>
4.5008999999999935,67.24618563878553,98080,<entities.dtn.DTN object at 0x10560d5e0>,<entities.dtn.DTN object at 0x1055da400>
4.510974999999993,67.26105637071629,98080,<entities.dtn.DTN object at 0x10560d5e0>,<entities.dtn.DTN object at 0x1055da400>
4.521049999999993,67.27592381488024,98080,<entities.dtn.DTN object at 0x10560d5e0>,<entities.dtn.DTN object at 0x1055da400>
4.531124999999992,67.29078797345727,98080,<entities.dtn.DTN object at 0x10560d5e0>,<entities.dtn.DTN object at 0x1055da400>
4.541199999999992,67.30564884862483,98080,<entities.dtn.DTN object at 0x10560d5e0>,<entities.dtn.DTN object at 0x1055da400>
4.5512749999999915,67.32050644255797,98080,<entities.dtn.DTN object at 0x10560d5e0>,<entities.dtn.DTN object at 0x1055da400>
4.561349999999991,67.33536075742937,98080,<entities.dtn.DTN object at 0x10560d5e0>,<entities.dtn.DTN object at 0x1055da400>
4.571424999999991,67.3502117954093,98080,<entities.dtn.DTN object at 0x10560d5e0>,<entities.dtn.DTN object at 0x1055da400>
4.58149999999999,67.36505955866559,98080,<entities.dtn.DTN object at 0x10560d5e0>,<entities.dtn.DTN object at 0x1055da400>
4.59157499999999,67.37990404936376,98080,<entities.dtn.DTN object at 0x10560d5e0>,<entities.dtn.DTN object at 0x1055da400>
4.60164999999999,67.39474526966688,98080,<entities.dtn.DTN object at 0x10560d5e0>,<entities.dtn.DTN object at 0x1055da400>
4.611724999999989,67.40958322173569,98080,<entities.dtn.DTN object at 0x10560d5e0>,<entities.dtn.DTN object at 0x1055da400>
4.621799999999989,67.42441790772848,98080,<entities.dtn.DTN object at 0x10560d5e0>,<entities.dtn.DTN object at 0x1055da400>
4.631874999999988,67.43924932980124,98080,<entities.dtn.DTN object at 0x10560d5e0>,<entities.dtn.DTN object at 0x1055da400>
4.641949999999988,67.45407749010757,98080,<entities.dtn.DTN object at 0x10560d5e0>,<entities.dtn.DTN object at 0x1055da400>
4.652024999999988,67.46890239079866,98080,<entities.dtn.DTN object at 0x10560d5e0>,<entities.dtn.DTN object at 0x1055da400>
4.662099999999987,67.48372403402338,98080,<entities.dtn.DTN object at 0x10560d5e0>,<entities.dtn.DTN object at 0x1055da400>
4.672174999999987,67.49854242192824,98080,<entities.dtn.DTN object at 0x10560d5e0>,<entities.dtn.DTN object at 0x1055da400>
4.6822499999999865,67.51335755665735,98080,<entities.dtn.DTN object at 0x10560d5e0>,<entities.dtn.DTN object at 0x1055da400>
4.692324999999986,67.52816944035253,98080,<entities.dtn.DTN object at 0x10560d5e0>,<entities.dtn.DTN object at 0x1055da400>
4.702399999999986,67.5429780751532,98080,<entities.dtn.DTN object at 0x10560d5e0>,<entities.dtn.DTN object at 0x1055da400>
4.712474999999985,67.55778346319646,98080,<entities.dtn.DTN object at 0x10560d5e0>,<entities.dtn.DTN object at 0x1055da400>
4.722549999999985,67.57258560661705,98080,<entities.dtn.DTN object at 0x10560d5e0>,<entities.dtn.DTN object at 0x1055da400>
4.7326249999999845,67.5873845075474,98080,<entities.dtn.DTN object at 0x10560d5e0>,<entities.dtn.DTN object at 0x1055da400>
4.742699999999984,67.60218016811758,98080,<entities.dtn.DTN object at 0x10560d5e0>,<entities.dtn.DTN object at 0x1055da400>
4.752774999999984,67.61697259045535,98080,<entities.dtn.DTN object at 0x10560d5e0>,<entities.dtn.DTN object at 0x1055da400>
4.762849999999983,67.6317617766861,98080,<entities.dtn.DTN object at 0x10560d5e0>,<entities.dtn.DTN object at 0x1055da400>
4.772924999999983,67.64654772893294,98080,<entities.dtn.DTN object at 0x10560d5e0>,<entities.dtn.DTN object at 0x1055da400>
4.782999999999983,67.66133044931665,98080,<entities.dtn.DTN object at 0x10560d5e0>,<entities.dtn.DTN object at 0x1055da400>
4.793074999999982,67.67610993995568,98080,<entities.dtn.DTN object at 0x10560d5e0>,<entities.dtn.DTN object at 0x1055da400>
4.803149999999982,67.69088620296617,98080,<entities.dtn.DTN object at 0x10560d5e0>,<entities.dtn.DTN object at 0x1055da400>
4.813224999999981,67.70565924046197,98080,<entities.dtn.DTN object at 0x10560d5e0>,<entities.dtn.DTN object at 0x1055da400>
4.823299999999981,67.72042905455459,98080,<entities.dtn.DTN object at 0x10560d5e0>,<entities.dtn.DTN object at 0x1055da400>
4.833374999999981,67.73519564735327,98080,<entities.dtn.DTN object at 0x10560d5e0>,<entities.dtn.DTN object at 0x1055da400>
4.84344999999998,67.74995902096491,98080,<entities.dtn.DTN object at 0x10560d5e0>,<entities.dtn.DTN object at 0x1055da400>
4.85352499999998,67.76471917749416,98080,<entities.dtn.DTN object at 0x10560d5e0>,<entities.dtn.DTN object at 0x1055da400>
4.8635999999999795,67.77947611904335,98080,<entities.dtn.DTN object at 0x10560d5e0>,<entities.dtn.DTN object at 0x1055da400>
4.873674999999979,67.79422984771254,98080,<entities.dtn.DTN object at 0x10560d5e0>,<entities.dtn.DTN object at 0x1055da400>
4.883749999999979,67.80898036559948,98080,<entities.dtn.DTN object at 0x10560d5e0>,<entities.dtn.DTN object at 0x1055da400>
4.893824999999978,67.82372767479966,98080,<entities.dtn.DTN object at 0x10560d5e0>,<entities.dtn.DTN object at 0x1055da400>
4.903899999999978,67.83847177740627,98080,<entities.dtn.DTN object at 0x10560d5e0>,<entities.dtn.DTN object at 0x1055da400>
4.9139749999999776,67.85321267551024,98080,<entities.dtn.DTN object at 0x10560d5e0>,<entities.dtn.DTN object at 0x1055da400>
4.924049999999977,67.86795037120022,98080,<entities.dtn.DTN object at 0x10560d5e0>,<entities.dtn.DTN object at 0x1055da400>
4.934124999999977,67.88268486656263,98080,<entities.dtn.DTN object at 0x10560d5e0>,<entities.dtn.DTN object at 0x1055da400>
4.944199999999976,67.89741616368156,98080,<entities.dtn.DTN object at 0x10560d5e0>,<entities.dtn.DTN object at 0x1055da400>
4.954274999999976,67.91214426463888,98080,<entities.dtn.DTN object at 0x10560d5e0>,<entities.dtn.DTN object at 0x1055da400>
4.964349999999976,67.9268691715142,98080,<entities.dtn.DTN object at 0x10560d5e0>,<entities.dtn.DTN object at 0x1055da400>
4.974424999999975,67.94159088638486,98080,<entities.dtn.DTN object at 0x10560d5e0>,<entities.dtn.DTN object at 0x1055da400>
4.984499999999975,67.95630941132598,98080,<entities.dtn.DTN object at 0x10560d5e0>,<entities.dtn.DTN object at 0x1055da400>
4.9945749999999745,67.97102474841039,98080,<entities.dtn.DTN object at 0x10560d5e0>,<entities.dtn.DTN object at 0x1055da400>
5.004649999999974,67.9857368997087,98080,<entities.dtn.DTN object at 0x10560d5e0>,<entities.dtn.DTN object at 0x1055da400>
5.014724999999974,68.00044586728929,98080,<entities.dtn.DTN object at 0x10560d5e0>,<entities.dtn.DTN object at 0x1055da400>
5.024799999999973,68.01515165321827,98080,<entities.dtn.DTN object at 0x10560d5e0>,<entities.dtn.DTN object at 0x1055da400>
5.034874999999973,68.02985425955956,98080,<entities.dtn.DTN object at 0x10560d5e0>,<entities.dtn.DTN object at 0x1055da400>
5.0449499999999725,68.0445536883748,98080,<entities.dtn.DTN object at 0x10560d5e0>,<entities.dtn.DTN object at 0x1055da400>
5.055024999999972,68.05924994172345,98080,<entities.dtn.DTN object at 0x10560d5e0>,<entities.dtn.DTN object at 0x1055da400>
5.065099999999972,68.07394302166271,98080,<entities.dtn.DTN object at 0x10560d5e0>,<entities.dtn.DTN object at 0x1055da400>
5.075174999999971,68.08863293024758,98080,<entities.dtn.DTN object at 0x10560d5e0>,<entities.dtn.DTN object at 0x1055da400>
5.085249999999971,68.10331966953085,98080,<entities.dtn.DTN object at 0x10560d5e0>,<entities.dtn.DTN object at 0x1055da400>
5.095324999999971,68.11800324156306,98080,<entities.dtn.DTN object at 0x10560d5e0>,<entities.dtn.DTN object at 0x1055da400>
5.10539999999997,68.13268364839257,98080,<entities.dtn.DTN object at 0x10560d5e0>,<entities.dtn.DTN object at 0x1055da400>
5.11547499999997,68.14736089206554,98080,<entities.dtn.DTN object at 0x10560d5e0>,<entities.dtn.DTN object at 0x1055da400>
5.125549999999969,68.16203497462588,98080,<entities.dtn.DTN object at 0x10560d5e0>,<entities.dtn.DTN object at 0x1055da400>
5.135624999999969,68.17670589811536,98080,<entities.dtn.DTN object at 0x10560d5e0>,<entities.dtn.DTN object at 0x1055da400>
5.145699999999969,68.19137366457352,98080,<entities.dtn.DTN object at 0x10560d5e0>,<entities.dtn.DTN object at 0x1055da400>
5.155774999999968,68.2060382760377,98080,<entities.dtn.DTN object at 0x10560d5e0>,<entities.dtn.DTN object at 0x1055da400>
5.165849999999968,68.22069973454308,98080,<entities.dtn.DTN object at 0x10560d5e0>,<entities.dtn.DTN object at 0x1055da400>
5.1759249999999675,68.23535804212261,98080,<entities.dtn.DTN object at 0x10560d5e0>,<entities.dtn.DTN object at 0x1055da400>
5.185999999999967,68.2500132008071,98080,<entities.dtn.DTN object at 0x10560d5e0>,<entities.dtn.DTN object at 0x1055da400>
5.196074999999967,68.26466521262515,98080,<entities.dtn.DTN object at 0x10560d5e0>,<entities.dtn.DTN object at 0x1055da400>
5.206149999999966,68.27931407960318,98080,<entities.dtn.DTN object at 0x10560d5e0>,<entities.dtn.DTN object at 0x1055da400>
5.216224999999966,68.29395980376547,98080,<entities.dtn.DTN object at 0x10560d5e0>,<entities.dtn.DTN object at 0x1055da400>
5.2262999999999655,68.3086023871341,98080,<entities.dtn.DTN object at 0x10560d5e0>,<entities.dtn.DTN object at 0x1055da400>
5.236374999999965,68.32324183172898,98080,<entities.dtn.DTN object at 0x10560d5e0>,<entities.dtn.DTN object at 0x1055da400>
5.246449999999965,68.33787813956786,98080,<entities.dtn.DTN object at 0x10560d5e0>,<entities.dtn.DTN object at 0x1055da400>
5.256524999999964,68.35251131266635,98080,<entities.dtn.DTN object at 0x10560d5e0>,<entities.dtn.DTN object at 0x1055da400>
5.266599999999964,68.36714135303788,98080,<entities.dtn.DTN object at 0x10560d5e0>,<entities.dtn.DTN object at 0x1055da400>
5.276674999999964,68.38176826269374,98080,<entities.dtn.DTN object at 0x10560d5e0>,<entities.dtn.DTN object at 0x1055da400>
5.286749999999963,68.39639204364305,98080,<entities.dtn.DTN object at 0x10560d5e0>,<entities.dtn.DTN object at 0x1055da400>
5.296824999999963,68.41101269789279,98080,<entities.dtn.DTN object at 0x10560d5e0>,<entities.dtn.DTN object at 0x1055da400>
5.306899999999962,68.4256302274478,98080,<entities.dtn.DTN object at 0x10560d5e0>,<entities.dtn.DTN object at 0x1055da400>
5.316974999999962,68.44024463431079,98080,<entities.dtn.DTN object at 0x10560d5e0>,<entities.dtn.DTN object at 0x1055da400>
5.327049999999962,68.4548559204823,98080,<entities.dtn.DTN object at 0x10560d5e0>,<entities.dtn.DTN object at 0x1055da400>
5.337124999999961,68.46946408796076,98080,<entities.dtn.DTN object at 0x10560d5e0>,<entities.dtn.DTN object at 0x1055da400>
5.347199999999961,68.48406913874246,98080,<entities.dtn.DTN object at 0x10560d5e0>,<entities.dtn.DTN object at 0x1055da400>
5.3572749999999605,68.49867107482154,98080,<entities.dtn.DTN object at 0x10560d5e0>,<entities.dtn.DTN object at 0x1055da400>
5.36734999999996,68.51326989819007,98080,<entities.dtn.DTN object at 0x10560d5e0>,<entities.dtn.DTN object at 0x1055da400>
5.37742499999996,68.52786561083795,98080,<entities.dtn.DTN object at 0x10560d5e0>,<entities.dtn.DTN object at 0x1055da400>
5.387499999999959,68.54245821475295,98080,<entities.dtn.DTN object at 0x10560d5e0>,<entities.dtn.DTN object at 0x1055da400>
5.397574999999959,68.55704771192079,98080,<entities.dtn.DTN object at 0x10560d5e0>,<entities.dtn.DTN object at 0x1055da400>
5.4076499999999585,68.571634104325,98080,<entities.dtn.DTN object at 0x10560d5e0>,<entities.dtn.DTN object at 0x1055da400>
5.417724999999958,68.58621739394704,98080,<entities.dtn.DTN object at 0x10560d5e0>,<entities.dtn.DTN object at 0x1055da400>
5.427799999999958,68.60079758276626,98080,<entities.dtn.DTN object at 0x10560d5e0>,<entities.dtn.DTN object at 0x1055da400>
5.437874999999957,68.61537467275991,98080,<entities.dtn.DTN object at 0x10560d5e0>,<entities.dtn.DTN object at 0x1055da400>
5.447949999999957,68.62994866590313,98080,<entities.dtn.DTN object at 0x10560d5e0>,<entities.dtn.DTN object at 0x1055da400>
5.458024999999957,68.64451956416896,98080,<entities.dtn.DTN object at 0x10560d5e0>,<entities.dtn.DTN object at 0x1055da400>
5.468099999999956,68.65908736952835,98080,<entities.dtn.DTN object at 0x10560d5e0>,<entities.dtn.DTN object at 0x1055da400>
5.478174999999956,68.67365208395017,98080,<entities.dtn.DTN object at 0x10560d5e0>,<entities.dtn.DTN object at 0x1055da400>
5.488249999999955,68.6882137094012,98080,<entities.dtn.DTN object at 0x10560d5e0>,<entities.dtn.DTN object at 0x1055da400>
5.498324999999955,68.7027722478461,98080,<entities.dtn.DTN object at 0x10560d5e0>,<entities.dtn.DTN object at 0x1055da400>
5.508399999999955,68.71732770124748,98080,<entities.dtn.DTN object at 0x10560d5e0>,<entities.dtn.DTN object at 0x1055da400>
5.518474999999954,68.7318800715659,98080,<entities.dtn.DTN object at 0x10560d5e0>,<entities.dtn.DTN object at 0x1055da400>
5.528549999999954,68.74642936075978,98080,<entities.dtn.DTN object at 0x10560d5e0>,<entities.dtn.DTN object at 0x1055da400>
5.5386249999999535,68.7609755707855,98080,<entities.dtn.DTN object at 0x10560d5e0>,<entities.dtn.DTN object at 0x1055da400>
5.548699999999953,68.77551870359738,98080,<entities.dtn.DTN object at 0x10560d5e0>,<entities.dtn.DTN object at 0x1055da400>
5.558774999999953,68.79005876114765,98080,<entities.dtn.DTN object at 0x10560d5e0>,<entities.dtn.DTN object at 0x1055da400>
5.568849999999952,68.8045957453865,98080,<entities.dtn.DTN object at 0x10560d5e0>,<entities.dtn.DTN object at 0x1055da400>
5.578924999999952,68.81912965826203,98080,<entities.dtn.DTN object at 0x10560d5e0>,<entities.dtn.DTN object at 0x1055da400>
5.588999999999952,68.83366050172032,98080,<entities.dtn.DTN object at 0x10560d5e0>,<entities.dtn.DTN object at 0x1055da400>
5.599074999999951,68.84818827770536,98080,<entities.dtn.DTN object at 0x10560d5e0>,<entities.dtn.DTN object at 0x1055da400>
5.609149999999951,68.86271298815913,98080,<entities.dtn.DTN object at 0x10560d5e0>,<entities.dtn.DTN object at 0x1055da400>
5.61922499999995,68.87723463502152,98080,<entities.dtn.DTN object at 0x10560d5e0>,<entities.dtn.DTN object at 0x1055da400>
5.62929999999995,68.8917532202304,98080,<entities.dtn.DTN object at 0x10560d5e0>,<entities.dtn.DTN object at 0x1055da400>
5.63937499999995,68.90626874572158,98080,<entities.dtn.DTN object at 0x10560d5e0>,<entities.dtn.DTN object at 0x1055da400>
5.649449999999949,68.92078121342884,98080,<entities.dtn.DTN object at 0x10560d5e0>,<entities.dtn.DTN object at 0x1055da400>
5.659524999999949,68.93529062528393,98080,<entities.dtn.DTN object at 0x10560d5e0>,<entities.dtn.DTN object at 0x1055da400>
5.6695999999999485,68.94979698321656,98080,<entities.dtn.DTN object at 0x10560d5e0>,<entities.dtn.DTN object at 0x1055da400>
5.679674999999948,68.96430028915441,98080,<entities.dtn.DTN object at 0x10560d5e0>,<entities.dtn.DTN object at 0x1055da400>
5.689749999999948,68.97880054502313,98080,<entities.dtn.DTN object at 0x10560d5e0>,<entities.dtn.DTN object at 0x1055da400>
5.699824999999947,68.99329775274636,98080,<entities.dtn.DTN object at 0x10560d5e0>,<entities.dtn.DTN object at 0x1055da400>
5.709899999999947,69.00779191424569,98080,<entities.dtn.DTN object at 0x10560d5e0>,<entities.dtn.DTN object at 0x1055da400>
5.7199749999999465,69.02228303144072,98080,<entities.dtn.DTN object at 0x10560d5e0>,<entities.dtn.DTN object at 0x1055da400>
5.730049999999946,69.03677110624903,98080,<entities.dtn.DTN object at 0x10560d5e0>,<entities.dtn.DTN object at 0x1055da400>
5.740124999999946,69.05125614058619,98080,<entities.dtn.DTN object at 0x10560d5e0>,<entities.dtn.DTN object at 0x1055da400>
5.750199999999945,69.06573813636574,98080,<entities.dtn.DTN object at 0x10560d5e0>,<entities.dtn.DTN object at 0x1055da400>
5.760274999999945,69.08021709549922,98080,<entities.dtn.DTN object at 0x10560d5e0>,<entities.dtn.DTN object at 0x1055da400>
5.770349999999945,69.09469301989618,98080,<entities.dtn.DTN object at 0x10560d5e0>,<entities.dtn.DTN object at 0x1055da400>
5.780424999999944,69.10916591146416,98080,<entities.dtn.DTN object at 0x10560d5e0>,<entities.dtn.DTN object at 0x1055da400>
5.790499999999944,69.12363577210871,98080,<entities.dtn.DTN object at 0x10560d5e0>,<entities.dtn.DTN object at 0x1055da400>
5.800574999999943,69.13810260373339,98080,<entities.dtn.DTN object at 0x10560d5e0>,<entities.dtn.DTN object at 0x1055da400>
5.810649999999943,69.15256640823974,98080,<entities.dtn.DTN object at 0x10560d5e0>,<entities.dtn.DTN object at 0x1055da400>
5.820724999999943,69.16702718752732,98080,<entities.dtn.DTN object at 0x10560d5e0>,<entities.dtn.DTN object at 0x1055da400>
5.830799999999942,69.18148494349374,98080,<entities.dtn.DTN object at 0x10560d5e0>,<entities.dtn.DTN object at 0x1055da400>
5.840874999999942,69.19593967803459,98080,<entities.dtn.DTN object at 0x10560d5e0>,<entities.dtn.DTN object at 0x1055da400>
5.8509499999999415,69.2103913930435,98080,<entities.dtn.DTN object at 0x10560d5e0>,<entities.dtn.DTN object at 0x1055da400>
5.861024999999941,69.22484009041209,98080,<entities.dtn.DTN object at 0x10560d5e0>,<entities.dtn.DTN object at 0x1055da400>
5.871099999999941,69.23928577203004,98080,<entities.dtn.DTN object at 0x10560d5e0>,<entities.dtn.DTN object at 0x1055da400>
5.88117499999994,69.25372843978506,98080,<entities.dtn.DTN object at 0x10560d5e0>,<entities.dtn.DTN object at 0x1055da400>
5.89124999999994,69.26816809556287,98080,<entities.dtn.DTN object at 0x10560d5e0>,<entities.dtn.DTN object at 0x1055da400>
5.9013249999999395,69.28260474124723,98080,<entities.dtn.DTN object at 0x10560d5e0>,<entities.dtn.DTN object at 0x1055da400>
5.911399999999939,69.29703837871993,98080,<entities.dtn.DTN object at 0x10560d5e0>,<entities.dtn.DTN object at 0x1055da400>
5.921474999999939,69.31146900986083,98080,<entities.dtn.DTN object at 0x10560d5e0>,<entities.dtn.DTN object at 0x1055da400>
5.931549999999938,69.3258966365478,98080,<entities.dtn.DTN object at 0x10560d5e0>,<entities.dtn.DTN object at 0x1055da400>
5.941624999999938,69.34032126065678,98080,<entities.dtn.DTN object at 0x10560d5e0>,<entities.dtn.DTN object at 0x1055da400>
5.951699999999938,69.35474288406174,98080,<entities.dtn.DTN object at 0x10560d5e0>,<entities.dtn.DTN object at 0x1055da400>
5.961774999999937,69.3691615086347,98080,<entities.dtn.DTN object at 0x10560d5e0>,<entities.dtn.DTN object at 0x1055da400>
5.971849999999937,69.38357713624576,98080,<entities.dtn.DTN object at 0x10560d5e0>,<entities.dtn.DTN object at 0x1055da400>
5.981924999999936,69.39798976876305,98080,<entities.dtn.DTN object at 0x10560d5e0>,<entities.dtn.DTN object at 0x1055da400>
5.991999999999936,69.41239940805278,98080,<entities.dtn.DTN object at 0x10560d5e0>,<entities.dtn.DTN object at 0x1055da400>
6.002074999999936,69.4268060559792,98080,<entities.dtn.DTN object at 0x10560d5e0>,<entities.dtn.DTN object at 0x1055da400>
6.012149999999935,69.44120971440465,98080,<entities.dtn.DTN object at 0x10560d5e0>,<entities.dtn.DTN object at 0x1055da400>
6.022224999999935,69.45561038518952,98080,<entities.dtn.DTN object at 0x10560d5e0>,<entities.dtn.DTN object at 0x1055da400>
6.0322999999999345,69.47000807019226,98080,<entities.dtn.DTN object at 0x10560d5e0>,<entities.dtn.DTN object at 0x1055da400>
6.042374999999934,69.48440277126944,98080,<entities.dtn.DTN object at 0x10560d5e0>,<entities.dtn.DTN object at 0x1055da400>
6.052449999999934,69.49879449027567,98080,<entities.dtn.DTN object at 0x10560d5e0>,<entities.dtn.DTN object at 0x1055da400>
6.062524999999933,69.51318322906366,98080,<entities.dtn.DTN object at 0x10560d5e0>,<entities.dtn.DTN object at 0x1055da400>
6.072599999999933,69.52756898948417,98080,<entities.dtn.DTN object at 0x10560d5e0>,<entities.dtn.DTN object at 0x1055da400>
6.0826749999999326,69.54195177338606,98080,<entities.dtn.DTN object at 0x10560d5e0>,<entities.dtn.DTN object at 0x1055da400>
6.092749999999932,69.55633158261631,98080,<entities.dtn.DTN object at 0x10560d5e0>,<entities.dtn.DTN object at 0x1055da400>
6.102824999999932,69.57070841901994,98080,<entities.dtn.DTN object at 0x10560d5e0>,<entities.dtn.DTN object at 0x1055da400>
6.112899999999931,69.58508228444009,98080,<entities.dtn.DTN object at 0x10560d5e0>,<entities.dtn.DTN object at 0x1055da400>
6.122974999999931,69.599453180718,98080,<entities.dtn.DTN object at 0x10560d5e0>,<entities.dtn.DTN object at 0x1055da400>
6.133049999999931,69.613821109693,98080,<entities.dtn.DTN object at 0x10560d5e0>,<entities.dtn.DTN object at 0x1055da400>
6.14312499999993,69.62818607320254,98080,<entities.dtn.DTN object at 0x10560d5e0>,<entities.dtn.DTN object at 0x1055da400>
6.15319999999993,69.64254807308214,98080,<entities.dtn.DTN object at 0x10560d5e0>,<entities.dtn.DTN object at 0x1055da400>
6.1632749999999294,69.65690711116545,98080,<entities.dtn.DTN object at 0x10560d5e0>,<entities.dtn.DTN object at 0x1055da400>
6.173349999999929,69.67126318928422,98080,<entities.dtn.DTN object at 0x10560d5e0>,<entities.dtn.DTN object at 0x1055da400>
6.183424999999929,69.68561630926833,98080,<entities.dtn.DTN object at 0x10560d5e0>,<entities.dtn.DTN object at 0x1055da400>
6.193499999999928,69.69996647294575,98080,<entities.dtn.DTN object at 0x10560d5e0>,<entities.dtn.DTN object at 0x1055da400>
6.203574999999928,69.71431368214259,98080,<entities.dtn.DTN object at 0x10560d5e0>,<entities.dtn.DTN object at 0x1055da400>
6.2136499999999275,69.72865793868307,98080,<entities.dtn.DTN object at 0x10560d5e0>,<entities.dtn.DTN object at 0x1055da400>
6.223724999999927,69.74299924438954,98080,<entities.dtn.DTN object at 0x10560d5e0>,<entities.dtn.DTN object at 0x1055da400>
6.233799999999927,69.75733760108245,98080,<entities.dtn.DTN object at 0x10560d5e0>,<entities.dtn.DTN object at 0x1055da400>
6.243874999999926,69.77167301058043,98080,<entities.dtn.DTN object at 0x10560d5e0>,<entities.dtn.DTN object at 0x1055da400>
6.253949999999926,69.78600547470019,98080,<entities.dtn.DTN object at 0x10560d5e0>,<entities.dtn.DTN object at 0x1055da400>
6.264024999999926,69.8003349952566,98080,<entities.dtn.DTN object at 0x10560d5e0>,<entities.dtn.DTN object at 0x1055da400>
6.274099999999925,69.81466157406268,98080,<entities.dtn.DTN object at 0x10560d5e0>,<entities.dtn.DTN object at 0x1055da400>
6.284174999999925,69.82898521292955,98080,<entities.dtn.DTN object at 0x10560d5e0>,<entities.dtn.DTN object at 0x1055da400>
6.294249999999924,69.84330591366651,98080,<entities.dtn.DTN object at 0x10560d5e0>,<entities.dtn.DTN object at 0x1055da400>
6.304324999999924,69.85762367808098,98080,<entities.dtn.DTN object at 0x10560d5e0>,<entities.dtn.DTN object at 0x1055da400>
6.314399999999924,69.87193850797856,98080,<entities.dtn.DTN object at 0x10560d5e0>,<entities.dtn.DTN object at 0x1055da400>
6.324474999999923,69.88625040516294,98080,<entities.dtn.DTN object at 0x10560d5e0>,<entities.dtn.DTN object at 0x1055da400>
6.334549999999923,69.90055937143603,98080,<entities.dtn.DTN object at 0x10560d5e0>,<entities.dtn.DTN object at 0x1055da400>
6.3446249999999225,69.91486540859785,98080,<entities.dtn.DTN object at 0x10560d5e0>,<entities.dtn.DTN object at 0x1055da400>
6.354699999999922,69.9291685184466,98080,<entities.dtn.DTN object at 0x10560d5e0>,<entities.dtn.DTN object at 0x1055da400>
6.364774999999922,69.94346870277865,98080,<entities.dtn.DTN object at 0x10560d5e0>,<entities.dtn.DTN object at 0x1055da400>
6.374849999999921,69.95776596338848,98080,<entities.dtn.DTN object at 0x10560d5e0>,<entities.dtn.DTN object at 0x1055da400>
6.384924999999921,69.97206030206881,98080,<entities.dtn.DTN object at 0x10560d5e0>,<entities.dtn.DTN object at 0x1055da400>
6.3949999999999205,69.98635172061049,98080,<entities.dtn.DTN object at 0x10560d5e0>,<entities.dtn.DTN object at 0x1055da400>
6.40507499999992,70.00064022080252,98080,<entities.dtn.DTN object at 0x10560d5e0>,<entities.dtn.DTN object at 0x1055da400>
6.41514999999992,70.01492580443212,98080,<entities.dtn.DTN object at 0x10560d5e0>,<entities.dtn.DTN object at 0x1055da400>
6.425224999999919,70.02920847328467,98080,<entities.dtn.DTN object at 0x10560d5e0>,<entities.dtn.DTN object at 0x1055da400>
6.435299999999919,70.0434882291437,98080,<entities.dtn.DTN object at 0x10560d5e0>,<entities.dtn.DTN object at 0x1055da400>
6.445374999999919,70.05776507379097,98080,<entities.dtn.DTN object at 0x10560d5e0>,<entities.dtn.DTN object at 0x1055da400>
6.455449999999918,70.07203900900639,98080,<entities.dtn.DTN object at 0x10560d5e0>,<entities.dtn.DTN object at 0x1055da400>
6.465524999999918,70.08631003656807,98080,<entities.dtn.DTN object at 0x10560d5e0>,<entities.dtn.DTN object at 0x1055da400>
6.475599999999917,70.10057815825229,98080,<entities.dtn.DTN object at 0x10560d5e0>,<entities.dtn.DTN object at 0x1055da400>
6.485674999999917,70.11484337583356,98080,<entities.dtn.DTN object at 0x10560d5e0>,<entities.dtn.DTN object at 0x1055da400>
6.495749999999917,70.12910569108455,98080,<entities.dtn.DTN object at 0x10560d5e0>,<entities.dtn.DTN object at 0x1055da400>
6.505824999999916,70.14336510577614,98080,<entities.dtn.DTN object at 0x10560d5e0>,<entities.dtn.DTN object at 0x1055da400>
6.515899999999916,70.15762162167742,98080,<entities.dtn.DTN object at 0x10560d5e0>,<entities.dtn.DTN object at 0x1055da400>
6.5259749999999155,70.17187524055568,98080,<entities.dtn.DTN object at 0x10560d5e0>,<entities.dtn.DTN object at 0x1055da400>
6.536049999999915,70.18612596417638,98080,<entities.dtn.DTN object at 0x10560d5e0>,<entities.dtn.DTN object at 0x1055da400>
6.546124999999915,70.20037379430325,98080,<entities.dtn.DTN object at 0x10560d5e0>,<entities.dtn.DTN object at 0x1055da400>
6.556199999999914,70.21461873269817,98080,<entities.dtn.DTN object at 0x10560d5e0>,<entities.dtn.DTN object at 0x1055da400>
6.566274999999914,70.22886078112126,98080,<entities.dtn.DTN object at 0x10560d5e0>,<entities.dtn.DTN object at 0x1055da400>
6.5763499999999135,70.24309994133085,98080,<entities.dtn.DTN object at 0x10560d5e0>,<entities.dtn.DTN object at 0x1055da400>
6.586424999999913,70.25733621508351,98080,<entities.dtn.DTN object at 0x10560d5e0>,<entities.dtn.DTN object at 0x1055da400>
6.596499999999913,70.271569604134,98080,<entities.dtn.DTN object at 0x10560d5e0>,<entities.dtn.DTN object at 0x1055da400>
6.606574999999912,70.28580011023531,98080,<entities.dtn.DTN object at 0x10560d5e0>,<entities.dtn.DTN object at 0x1055da400>
6.616649999999912,70.30002773513866,98080,<entities.dtn.DTN object at 0x10560d5e0>,<entities.dtn.DTN object at 0x1055da400>
6.626724999999912,70.31425248059348,98080,<entities.dtn.DTN object at 0x10560d5e0>,<entities.dtn.DTN object at 0x1055da400>
6.636799999999911,70.32847434834747,98080,<entities.dtn.DTN object at 0x10560d5e0>,<entities.dtn.DTN object at 0x1055da400>
6.646874999999911,70.34269334014654,98080,<entities.dtn.DTN object at 0x10560d5e0>,<entities.dtn.DTN object at 0x1055da400>
6.65694999999991,70.35690945773482,98080,<entities.dtn.DTN object at 0x10560d5e0>,<entities.dtn.DTN object at 0x1055da400>
6.66702499999991,70.37112270285469,98080,<entities.dtn.DTN object at 0x10560d5e0>,<entities.dtn.DTN object at 0x1055da400>
6.67709999999991,70.3853330772468,98080,<entities.dtn.DTN object at 0x10560d5e0>,<entities.dtn.DTN object at 0x1055da400>
6.687174999999909,70.39954058264999,98080,<entities.dtn.DTN object at 0x10560d5e0>,<entities.dtn.DTN object at 0x1055da400>
6.697249999999909,70.41374522080137,98080,<entities.dtn.DTN object at 0x10560d5e0>,<entities.dtn.DTN object at 0x1055da400>
6.7073249999999085,70.42794699343631,98080,<entities.dtn.DTN object at 0x10560d5e0>,<entities.dtn.DTN object at 0x1055da400>
6.717399999999908,70.4421459022884,98080,<entities.dtn.DTN object at 0x10560d5e0>,<entities.dtn.DTN object at 0x1055da400>
6.727474999999908,70.45634194908952,98080,<entities.dtn.DTN object at 0x10560d5e0>,<entities.dtn.DTN object at 0x1055da400>
6.737549999999907,70.47053513556978,98080,<entities.dtn.DTN object at 0x10560d5e0>,<entities.dtn.DTN object at 0x1055da400>
6.747624999999907,70.48472546345754,98080,<entities.dtn.DTN object at 0x10560d5e0>,<entities.dtn.DTN object at 0x1055da400>
6.757699999999907,70.49891293447945,98080,<entities.dtn.DTN object at 0x10560d5e0>,<entities.dtn.DTN object at 0x1055da400>
6.767774999999906,70.5130975503604,98080,<entities.dtn.DTN object at 0x10560d5e0>,<entities.dtn.DTN object at 0x1055da400>
6.777849999999906,70.52727931282355,98080,<entities.dtn.DTN object at 0x10560d5e0>,<entities.dtn.DTN object at 0x1055da400>
6.787924999999905,70.54145822359033,98080,<entities.dtn.DTN object at 0x10560d5e0>,<entities.dtn.DTN object at 0x1055da400>
6.797999999999905,70.55563428438043,98080,<entities.dtn.DTN object at 0x10560d5e0>,<entities.dtn.DTN object at 0x1055da400>
6.808074999999905,70.56980749691182,98080,<entities.dtn.DTN object at 0x10560d5e0>,<entities.dtn.DTN object at 0x1055da400>
6.818149999999904,70.58397786290075,98080,<entities.dtn.DTN object at 0x10560d5e0>,<entities.dtn.DTN object at 0x1055da400>
6.828224999999904,70.59814538406175,98080,<entities.dtn.DTN object at 0x10560d5e0>,<entities.dtn.DTN object at 0x1055da400>
6.8382999999999035,70.61231006210761,98080,<entities.dtn.DTN object at 0x10560d5e0>,<entities.dtn.DTN object at 0x1055da400>
6.848374999999903,70.62647189874941,98080,<entities.dtn.DTN object at 0x10560d5e0>,<entities.dtn.DTN object at 0x1055da400>
6.858449999999903,70.64063089569653,98080,<entities.dtn.DTN object at 0x10560d5e0>,<entities.dtn.DTN object at 0x1055da400>
6.868524999999902,70.65478705465661,98080,<entities.dtn.DTN object at 0x10560d5e0>,<entities.dtn.DTN object at 0x1055da400>
6.878599999999902,70.6689403773356,98080,<entities.dtn.DTN object at 0x10560d5e0>,<entities.dtn.DTN object at 0x1055da400>
6.8886749999999015,70.68309086543773,98080,<entities.dtn.DTN object at 0x10560d5e0>,<entities.dtn.DTN object at 0x1055da400>
6.898749999999901,70.69723852066554,98080,<entities.dtn.DTN object at 0x10560d5e0>,<entities.dtn.DTN object at 0x1055da400>
6.908824999999901,70.71138334471983,98080,<entities.dtn.DTN object at 0x10560d5e0>,<entities.dtn.DTN object at 0x1055da400>
6.9188999999999,70.72552533929976,98080,<entities.dtn.DTN object at 0x10560d5e0>,<entities.dtn.DTN object at 0x1055da400>
6.9289749999999,70.73966450610273,98080,<entities.dtn.DTN object at 0x10560d5e0>,<entities.dtn.DTN object at 0x1055da400>
6.9390499999999,70.75380084682448,98080,<entities.dtn.DTN object at 0x10560d5e0>,<entities.dtn.DTN object at 0x1055da400>
6.949124999999899,70.76793436315903,98080,<entities.dtn.DTN object at 0x10560d5e0>,<entities.dtn.DTN object at 0x1055da400>
6.959199999999899,70.78206505679873,98080,<entities.dtn.DTN object at 0x10560d5e0>,<entities.dtn.DTN object at 0x1055da400>
6.969274999999898,70.79619292943423,98080,<entities.dtn.DTN object at 0x10560d5e0>,<entities.dtn.DTN object at 0x1055da400>
6.979349999999898,70.8103179827545,98080,<entities.dtn.DTN object at 0x10560d5e0>,<entities.dtn.DTN object at 0x1055da400>
6.989424999999898,70.82444021844681,98080,<entities.dtn.DTN object at 0x10560d5e0>,<entities.dtn.DTN object at 0x1055da400>
6.999499999999897,70.83855963819677,98080,<entities.dtn.DTN object at 0x10560d5e0>,<entities.dtn.DTN object at 0x1055da400>
7.009574999999897,70.8526762436883,98080,<entities.dtn.DTN object at 0x10560d5e0>,<entities.dtn.DTN object at 0x1055da400>
7.0196499999998965,70.86679003660362,98080,<entities.dtn.DTN object at 0x10560d5e0>,<entities.dtn.DTN object at 0x1055da400>
7.029724999999896,70.88090101862332,98080,<entities.dtn.DTN object at 0x10560d5e0>,<entities.dtn.DTN object at 0x1055da400>
7.039799999999896,70.89500919142628,98080,<entities.dtn.DTN object at 0x10560d5e0>,<entities.dtn.DTN object at 0x1055da400>
7.049874999999895,70.90911455668973,98080,<entities.dtn.DTN object at 0x10560d5e0>,<entities.dtn.DTN object at 0x1055da400>
7.059949999999895,70.9232171160892,98080,<entities.dtn.DTN object at 0x10560d5e0>,<entities.dtn.DTN object at 0x1055da400>
7.0700249999998945,70.9373168712986,98080,<entities.dtn.DTN object at 0x10560d5e0>,<entities.dtn.DTN object at 0x1055da400>
7.080099999999894,70.95141382399015,98080,<entities.dtn.DTN object at 0x10560d5e0>,<entities.dtn.DTN object at 0x1055da400>
7.090174999999894,70.96550797583441,98080,<entities.dtn.DTN object at 0x10560d5e0>,<entities.dtn.DTN object at 0x1055da400>
7.100249999999893,70.97959932850029,98080,<entities.dtn.DTN object at 0x10560d5e0>,<entities.dtn.DTN object at 0x1055da400>
7.110324999999893,70.99368788365501,98080,<entities.dtn.DTN object at 0x10560d5e0>,<entities.dtn.DTN object at 0x1055da400>
7.120399999999893,71.0077736429642,98080,<entities.dtn.DTN object at 0x10560d5e0>,<entities.dtn.DTN object at 0x1055da400>
7.130474999999892,71.02185660809177,98080,<entities.dtn.DTN object at 0x10560d5e0>,<entities.dtn.DTN object at 0x1055da400>
7.140549999999892,71.03593678070001,98080,<entities.dtn.DTN object at 0x10560d5e0>,<entities.dtn.DTN object at 0x1055da400>
7.150624999999891,71.05001416244959,98080,<entities.dtn.DTN object at 0x10560d5e0>,<entities.dtn.DTN object at 0x1055da400>
7.160699999999891,71.06408875499947,98080,<entities.dtn.DTN object at 0x10560d5e0>,<entities.dtn.DTN object at 0x1055da400>
7.170774999999891,71.07816056000703,98080,<entities.dtn.DTN object at 0x10560d5e0>,<entities.dtn.DTN object at 0x1055da400>
7.18084999999989,71.09222957912797,98080,<entities.dtn.DTN object at 0x10560d5e0>,<entities.dtn.DTN object at 0x1055da400>
7.19092499999989,71.10629581401638,98080,<entities.dtn.DTN object at 0x10560d5e0>,<entities.dtn.DTN object at 0x1055da400>
7.2009999999998895,71.12035926632467,98080,<entities.dtn.DTN object at 0x10560d5e0>,<entities.dtn.DTN object at 0x1055da400>
7.211074999999889,71.13441993770367,98080,<entities.dtn.DTN object at 0x10560d5e0>,<entities.dtn.DTN object at 0x1055da400>
7.221149999999889,71.14847782980254,98080,<entities.dtn.DTN object at 0x10560d5e0>,<entities.dtn.DTN object at 0x1055da400>
7.231224999999888,71.16253294426883,98080,<entities.dtn.DTN object at 0x10560d5e0>,<entities.dtn.DTN object at 0x1055da400>
7.241299999999888,71.17658528274845,98080,<entities.dtn.DTN object at 0x10560d5e0>,<entities.dtn.DTN object at 0x1055da400>
7.2513749999998875,71.19063484688569,98080,<entities.dtn.DTN object at 0x10560d5e0>,<entities.dtn.DTN object at 0x1055da400>
7.261449999999887,71.20468163832322,98080,<entities.dtn.DTN object at 0x10560d5e0>,<entities.dtn.DTN object at 0x1055da400>
7.271524999999887,71.2187256587021,98080,<entities.dtn.DTN object at 0x10560d5e0>,<entities.dtn.DTN object at 0x1055da400>
7.281599999999886,71.23276690966175,98080,<entities.dtn.DTN object at 0x10560d5e0>,<entities.dtn.DTN object at 0x1055da400>
7.291674999999886,71.24680539283997,98080,<entities.dtn.DTN object at 0x10560d5e0>,<entities.dtn.DTN object at 0x1055da400>
7.301749999999886,71.26084110987298,98080,<entities.dtn.DTN object at 0x10560d5e0>,<entities.dtn.DTN object at 0x1055da400>
7.311824999999885,71.27487406239537,98080,<entities.dtn.DTN object at 0x10560d5e0>,<entities.dtn.DTN object at 0x1055da400>
7.321899999999885,71.2889042520401,98080,<entities.dtn.DTN object at 0x10560d5e0>,<entities.dtn.DTN object at 0x1055da400>
7.3319749999998844,71.30293168043856,98080,<entities.dtn.DTN object at 0x10560d5e0>,<entities.dtn.DTN object at 0x1055da400>
7.342049999999884,71.3169563492205,98080,<entities.dtn.DTN object at 0x10560d5e0>,<entities.dtn.DTN object at 0x1055da400>
7.352124999999884,71.3309782600141,98080,<entities.dtn.DTN object at 0x10560d5e0>,<entities.dtn.DTN object at 0x1055da400>
7.362199999999883,71.34499741444593,98080,<entities.dtn.DTN object at 0x10560d5e0>,<entities.dtn.DTN object at 0x1055da400>
7.372274999999883,71.35901381414094,98080,<entities.dtn.DTN object at 0x10560d5e0>,<entities.dtn.DTN object at 0x1055da400>
7.3823499999998825,71.3730274607225,98080,<entities.dtn.DTN object at 0x10560d5e0>,<entities.dtn.DTN object at 0x1055da400>
7.392424999999882,71.3870383558124,98080,<entities.dtn.DTN object at 0x10560d5e0>,<entities.dtn.DTN object at 0x1055da400>
7.402499999999882,71.40104650103079,98080,<entities.dtn.DTN object at 0x10560d5e0>,<entities.dtn.DTN object at 0x1055da400>
7.412574999999881,71.4150518979963,98080,<entities.dtn.DTN object at 0x10560d5e0>,<entities.dtn.DTN object at 0x1055da400>
7.422649999999881,71.42905454832594,98080,<entities.dtn.DTN object at 0x10560d5e0>,<entities.dtn.DTN object at 0x1055da400>
7.432724999999881,71.4430544536351,98080,<entities.dtn.DTN object at 0x10560d5e0>,<entities.dtn.DTN object at 0x1055da400>
7.44279999999988,71.45705161553765,98080,<entities.dtn.DTN object at 0x10560d5e0>,<entities.dtn.DTN object at 0x1055da400>
7.45287499999988,71.47104603564584,98080,<entities.dtn.DTN object at 0x10560d5e0>,<entities.dtn.DTN object at 0x1055da400>
7.462949999999879,71.48503771557034,98080,<entities.dtn.DTN object at 0x10560d5e0>,<entities.dtn.DTN object at 0x1055da400>
7.473024999999879,71.49902665692026,98080,<entities.dtn.DTN object at 0x10560d5e0>,<entities.dtn.DTN object at 0x1055da400>
7.483099999999879,71.51301286130314,98080,<entities.dtn.DTN object at 0x10560d5e0>,<entities.dtn.DTN object at 0x1055da400>
7.493174999999878,71.52699633032492,98080,<entities.dtn.DTN object at 0x10560d5e0>,<entities.dtn.DTN object at 0x1055da400>
7.503249999999878,71.54097706558998,98080,<entities.dtn.DTN object at 0x10560d5e0>,<entities.dtn.DTN object at 0x1055da400>
7.5133249999998775,71.55495506870118,98080,<entities.dtn.DTN object at 0x10560d5e0>,<entities.dtn.DTN object at 0x1055da400>
7.523399999999877,71.56893034125973,98080,<entities.dtn.DTN object at 0x10560d5e0>,<entities.dtn.DTN object at 0x1055da400>
7.533474999999877,71.58290288486533,98080,<entities.dtn.DTN object at 0x10560d5e0>,<entities.dtn.DTN object at 0x1055da400>
7.543549999999876,71.59687270111613,98080,<entities.dtn.DTN object at 0x10560d5e0>,<entities.dtn.DTN object at 0x1055da400>
7.553624999999876,71.61083979160867,98080,<entities.dtn.DTN object at 0x10560d5e0>,<entities.dtn.DTN object at 0x1055da400>
7.5636999999998755,71.62480415793799,98080,<entities.dtn.DTN object at 0x10560d5e0>,<entities.dtn.DTN object at 0x1055da400>
7.573774999999875,71.63876580169753,98080,<entities.dtn.DTN object at 0x10560d5e0>,<entities.dtn.DTN object at 0x1055da400>
7.583849999999875,71.6527247244792,98080,<entities.dtn.DTN object at 0x10560d5e0>,<entities.dtn.DTN object at 0x1055da400>
7.593924999999874,71.66668092787336,98080,<entities.dtn.DTN object at 0x10560d5e0>,<entities.dtn.DTN object at 0x1055da400>
7.603999999999874,71.6806344134688,98080,<entities.dtn.DTN object at 0x10560d5e0>,<entities.dtn.DTN object at 0x1055da400>
7.614074999999874,71.69458518285278,98080,<entities.dtn.DTN object at 0x10560d5e0>,<entities.dtn.DTN object at 0x1055da400>
7.624149999999873,71.70853323761102,98080,<entities.dtn.DTN object at 0x10560d5e0>,<entities.dtn.DTN object at 0x1055da400>
7.634224999999873,71.7224785793277,98080,<entities.dtn.DTN object at 0x10560d5e0>,<entities.dtn.DTN object at 0x1055da400>
7.644299999999872,71.73642120958543,98080,<entities.dtn.DTN object at 0x10560d5e0>,<entities.dtn.DTN object at 0x1055da400>
7.654374999999872,71.75036112996533,98080,<entities.dtn.DTN object at 0x10560d5e0>,<entities.dtn.DTN object at 0x1055da400>
7.664449999999872,71.76429834204693,98080,<entities.dtn.DTN object at 0x10560d5e0>,<entities.dtn.DTN object at 0x1055da400>
7.674524999999871,71.77823284740826,98080,<entities.dtn.DTN object at 0x10560d5e0>,<entities.dtn.DTN object at 0x1055da400>
7.684599999999871,71.79216464762582,98080,<entities.dtn.DTN object at 0x10560d5e0>,<entities.dtn.DTN object at 0x1055da400>
7.6946749999998705,71.80609374427458,98080,<entities.dtn.DTN object at 0x10560d5e0>,<entities.dtn.DTN object at 0x1055da400>
7.70474999999987,71.82002013892796,98080,<entities.dtn.DTN object at 0x10560d5e0>,<entities.dtn.DTN object at 0x1055da400>
7.71482499999987,71.83394383315786,98080,<entities.dtn.DTN object at 0x10560d5e0>,<entities.dtn.DTN object at 0x1055da400>
7.724899999999869,71.84786482853468,98080,<entities.dtn.DTN object at 0x10560d5e0>,<entities.dtn.DTN object at 0x1055da400>
7.734974999999869,71.86178312662727,98080,<entities.dtn.DTN object at 0x10560d5e0>,<entities.dtn.DTN object at 0x1055da400>
7.7450499999998685,71.87569872900299,98080,<entities.dtn.DTN object at 0x10560d5e0>,<entities.dtn.DTN object at 0x1055da400>
7.755124999999868,71.88961163722765,98080,<entities.dtn.DTN object at 0x10560d5e0>,<entities.dtn.DTN object at 0x1055da400>
7.765199999999868,71.90352185286557,98080,<entities.dtn.DTN object at 0x10560d5e0>,<entities.dtn.DTN object at 0x1055da400>
7.775274999999867,71.91742937747954,98080,<entities.dtn.DTN object at 0x10560d5e0>,<entities.dtn.DTN object at 0x1055da400>
7.785349999999867,71.93133421263084,98080,<entities.dtn.DTN object at 0x10560d5e0>,<entities.dtn.DTN object at 0x1055da400>
7.795424999999867,71.94523635987927,98080,<entities.dtn.DTN object at 0x10560d5e0>,<entities.dtn.DTN object at 0x1055da400>
7.805499999999866,71.95913582078309,98080,<entities.dtn.DTN object at 0x10560d5e0>,<entities.dtn.DTN object at 0x1055da400>
7.815574999999866,71.97303259689906,98080,<entities.dtn.DTN object at 0x10560d5e0>,<entities.dtn.DTN object at 0x1055da400>
7.825649999999865,71.98692668978244,98080,<entities.dtn.DTN object at 0x10560d5e0>,<entities.dtn.DTN object at 0x1055da400>
7.835724999999865,72.00081810098699,98080,<entities.dtn.DTN object at 0x10560d5e0>,<entities.dtn.DTN object at 0x1055da400>
7.845799999999865,72.01470683206499,98080,<entities.dtn.DTN object at 0x10560d5e0>,<entities.dtn.DTN object at 0x1055da400>
7.855874999999864,72.02859288456717,98080,<entities.dtn.DTN object at 0x10560d5e0>,<entities.dtn.DTN object at 0x1055da400>
7.865949999999864,72.04247626004283,98080,<entities.dtn.DTN object at 0x10560d5e0>,<entities.dtn.DTN object at 0x1055da400>
7.8760249999998635,72.05635696003974,98080,<entities.dtn.DTN object at 0x10560d5e0>,<entities.dtn.DTN object at 0x1055da400>
7.886099999999863,72.07023498610418,98080,<entities.dtn.DTN object at 0x10560d5e0>,<entities.dtn.DTN object at 0x1055da400>
7.896174999999863,72.08411033978095,98080,<entities.dtn.DTN object at 0x10560d5e0>,<entities.dtn.DTN object at 0x1055da400>
7.906249999999862,72.09798302261336,98080,<entities.dtn.DTN object at 0x10560d5e0>,<entities.dtn.DTN object at 0x1055da400>
7.916324999999862,72.11185303614323,98080,<entities.dtn.DTN object at 0x10560d5e0>,<entities.dtn.DTN object at 0x1055da400>
7.926399999999862,72.12572038191091,98080,<entities.dtn.DTN object at 0x10560d5e0>,<entities.dtn.DTN object at 0x1055da400>
7.936474999999861,72.13958506145525,98080,<entities.dtn.DTN object at 0x10560d5e0>,<entities.dtn.DTN object at 0x1055da400>
7.946549999999861,72.15344707631364,98080,<entities.dtn.DTN object at 0x10560d5e0>,<entities.dtn.DTN object at 0x1055da400>
7.95662499999986,72.16730642802199,98080,<entities.dtn.DTN object at 0x10560d5e0>,<entities.dtn.DTN object at 0x1055da400>
7.96669999999986,72.18116311811471,98080,<entities.dtn.DTN object at 0x10560d5e0>,<entities.dtn.DTN object at 0x1055da400>
7.97677499999986,72.19501714812478,98080,<entities.dtn.DTN object at 0x10560d5e0>,<entities.dtn.DTN object at 0x1055da400>
7.986849999999859,72.20886851958367,98080,<entities.dtn.DTN object at 0x10560d5e0>,<entities.dtn.DTN object at 0x1055da400>
7.996924999999859,72.22271723402142,98080,<entities.dtn.DTN object at 0x10560d5e0>,<entities.dtn.DTN object at 0x1055da400>
8.00699999999986,72.23656329296655,98080,<entities.dtn.DTN object at 0x10560d5e0>,<entities.dtn.DTN object at 0x1055da400>
8.017074999999858,72.25040669794616,98080,<entities.dtn.DTN object at 0x10560d5e0>,<entities.dtn.DTN object at 0x1055da400>
8.027149999999859,72.26424745048588,98080,<entities.dtn.DTN object at 0x10560d5e0>,<entities.dtn.DTN object at 0x1055da400>
8.037224999999859,72.27808555210986,98080,<entities.dtn.DTN object at 0x10560d5e0>,<entities.dtn.DTN object at 0x1055da400>
8.04729999999986,72.2919210043408,98080,<entities.dtn.DTN object at 0x10560d5e0>,<entities.dtn.DTN object at 0x1055da400>
8.05737499999986,72.30575380869995,98080,<entities.dtn.DTN object at 0x10560d5e0>,<entities.dtn.DTN object at 0x1055da400>
8.06744999999986,72.31958396670709,98080,<entities.dtn.DTN object at 0x10560d5e0>,<entities.dtn.DTN object at 0x1055da400>
8.077524999999861,72.33341147988057,98080,<entities.dtn.DTN object at 0x10560d5e0>,<entities.dtn.DTN object at 0x1055da400>
8.087599999999862,72.34723634973726,98080,<entities.dtn.DTN object at 0x10560d5e0>,<entities.dtn.DTN object at 0x1055da400>
8.097674999999862,72.3610585777926,98080,<entities.dtn.DTN object at 0x10560d5e0>,<entities.dtn.DTN object at 0x1055da400>
8.107749999999863,72.37487816556059,98080,<entities.dtn.DTN object at 0x10560d5e0>,<entities.dtn.DTN object at 0x1055da400>
8.117824999999863,72.38869511455376,98080,<entities.dtn.DTN object at 0x10560d5e0>,<entities.dtn.DTN object at 0x1055da400>
8.127899999999864,72.4025094262832,98080,<entities.dtn.DTN object at 0x10560d5e0>,<entities.dtn.DTN object at 0x1055da400>
8.137974999999864,72.41632110225858,98080,<entities.dtn.DTN object at 0x10560d5e0>,<entities.dtn.DTN object at 0x1055da400>
8.148049999999865,72.43013014398811,98080,<entities.dtn.DTN object at 0x10560d5e0>,<entities.dtn.DTN object at 0x1055da400>
8.158124999999865,72.44393655297857,98080,<entities.dtn.DTN object at 0x10560d5e0>,<entities.dtn.DTN object at 0x1055da400>
8.168199999999866,72.4577403307353,98080,<entities.dtn.DTN object at 0x10560d5e0>,<entities.dtn.DTN object at 0x1055da400>
8.178274999999866,72.47154147876222,98080,<entities.dtn.DTN object at 0x10560d5e0>,<entities.dtn.DTN object at 0x1055da400>
8.188349999999867,72.48533999856178,98080,<entities.dtn.DTN object at 0x10560d5e0>,<entities.dtn.DTN object at 0x1055da400>
8.198424999999867,72.49913589163506,98080,<entities.dtn.DTN object at 0x10560d5e0>,<entities.dtn.DTN object at 0x1055da400>
8.208499999999868,72.51292915948166,98080,<entities.dtn.DTN object at 0x10560d5e0>,<entities.dtn.DTN object at 0x1055da400>
8.218574999999868,72.52671980359976,98080,<entities.dtn.DTN object at 0x10560d5e0>,<entities.dtn.DTN object at 0x1055da400>
8.228649999999869,72.54050782548615,98080,<entities.dtn.DTN object at 0x10560d5e0>,<entities.dtn.DTN object at 0x1055da400>
8.238724999999869,72.55429322663616,98080,<entities.dtn.DTN object at 0x10560d5e0>,<entities.dtn.DTN object at 0x1055da400>
8.24879999999987,72.56807600854373,98080,<entities.dtn.DTN object at 0x10560d5e0>,<entities.dtn.DTN object at 0x1055da400>
8.25887499999987,72.58185617270134,98080,<entities.dtn.DTN object at 0x10560d5e0>,<entities.dtn.DTN object at 0x1055da400>
8.26894999999987,72.59563372060009,98080,<entities.dtn.DTN object at 0x10560d5e0>,<entities.dtn.DTN object at 0x1055da400>
8.279024999999871,72.60940865372966,98080,<entities.dtn.DTN object at 0x10560d5e0>,<entities.dtn.DTN object at 0x1055da400>
8.289099999999872,72.6231809735783,98080,<entities.dtn.DTN object at 0x10560d5e0>,<entities.dtn.DTN object at 0x1055da400>
8.299174999999872,72.63695068163287,98080,<entities.dtn.DTN object at 0x10560d5e0>,<entities.dtn.DTN object at 0x1055da400>
8.309249999999873,72.6507177793788,98080,<entities.dtn.DTN object at 0x10560d5e0>,<entities.dtn.DTN object at 0x1055da400>
8.319324999999873,72.6644822683001,98080,<entities.dtn.DTN object at 0x10560d5e0>,<entities.dtn.DTN object at 0x1055da400>
8.329399999999874,72.67824414987943,98080,<entities.dtn.DTN object at 0x10560d5e0>,<entities.dtn.DTN object at 0x1055da400>
8.339474999999874,72.692003425598,98080,<entities.dtn.DTN object at 0x10560d5e0>,<entities.dtn.DTN object at 0x1055da400>
8.349549999999875,72.70576009693563,98080,<entities.dtn.DTN object at 0x10560d5e0>,<entities.dtn.DTN object at 0x1055da400>
8.359624999999875,72.71951416537074,98080,<entities.dtn.DTN object at 0x10560d5e0>,<entities.dtn.DTN object at 0x1055da400>
8.369699999999876,72.73326563238035,98080,<entities.dtn.DTN object at 0x10560d5e0>,<entities.dtn.DTN object at 0x1055da400>
8.379774999999876,72.74701449944008,98080,<entities.dtn.DTN object at 0x10560d5e0>,<entities.dtn.DTN object at 0x1055da400>
8.389849999999877,72.76076076802417,98080,<entities.dtn.DTN object at 0x10560d5e0>,<entities.dtn.DTN object at 0x1055da400>
8.399924999999877,72.77450443960545,98080,<entities.dtn.DTN object at 0x10560d5e0>,<entities.dtn.DTN object at 0x1055da400>
8.409999999999878,72.78824551565538,98080,<entities.dtn.DTN object at 0x10560d5e0>,<entities.dtn.DTN object at 0x1055da400>
8.420074999999878,72.801983997644,98080,<entities.dtn.DTN object at 0x10560d5e0>,<entities.dtn.DTN object at 0x1055da400>
8.430149999999879,72.81571988703999,98080,<entities.dtn.DTN object at 0x10560d5e0>,<entities.dtn.DTN object at 0x1055da400>
8.440224999999879,72.82945318531063,98080,<entities.dtn.DTN object at 0x10560d5e0>,<entities.dtn.DTN object at 0x1055da400>
8.45029999999988,72.84318389392182,98080,<entities.dtn.DTN object at 0x10560d5e0>,<entities.dtn.DTN object at 0x1055da400>
8.46037499999988,72.85691201433808,98080,<entities.dtn.DTN object at 0x10560d5e0>,<entities.dtn.DTN object at 0x1055da400>
8.47044999999988,72.87063754802256,98080,<entities.dtn.DTN object at 0x10560d5e0>,<entities.dtn.DTN object at 0x1055da400>
8.480524999999881,72.88436049643701,98080,<entities.dtn.DTN object at 0x10560d5e0>,<entities.dtn.DTN object at 0x1055da400>
8.490599999999882,72.89808086104183,98080,<entities.dtn.DTN object at 0x10560d5e0>,<entities.dtn.DTN object at 0x1055da400>
8.500674999999882,72.91179864329602,98080,<entities.dtn.DTN object at 0x10560d5e0>,<entities.dtn.DTN object at 0x1055da400>
8.510749999999883,72.92551384465722,98080,<entities.dtn.DTN object at 0x10560d5e0>,<entities.dtn.DTN object at 0x1055da400>
8.520824999999883,72.9392264665817,98080,<entities.dtn.DTN object at 0x10560d5e0>,<entities.dtn.DTN object at 0x1055da400>
8.530899999999884,72.95293651052435,98080,<entities.dtn.DTN object at 0x10560d5e0>,<entities.dtn.DTN object at 0x1055da400>
8.540974999999884,72.96664397793872,98080,<entities.dtn.DTN object at 0x10560d5e0>,<entities.dtn.DTN object at 0x1055da400>
8.551049999999885,72.98034887027696,98080,<entities.dtn.DTN object at 0x10560d5e0>,<entities.dtn.DTN object at 0x1055da400>
8.561124999999885,72.99405118898987,98080,<entities.dtn.DTN object at 0x10560d5e0>,<entities.dtn.DTN object at 0x1055da400>
8.571199999999886,73.0077509355269,98080,<entities.dtn.DTN object at 0x10560d5e0>,<entities.dtn.DTN object at 0x1055da400>
8.581274999999886,73.02144811133613,98080,<entities.dtn.DTN object at 0x10560d5e0>,<entities.dtn.DTN object at 0x1055da400>
8.591349999999887,73.03514271786428,98080,<entities.dtn.DTN object at 0x10560d5e0>,<entities.dtn.DTN object at 0x1055da400>
8.601424999999887,73.0488347565567,98080,<entities.dtn.DTN object at 0x10560d5e0>,<entities.dtn.DTN object at 0x1055da400>
8.611499999999888,73.06252422885743,98080,<entities.dtn.DTN object at 0x10560d5e0>,<entities.dtn.DTN object at 0x1055da400>
8.621574999999888,73.07621113620911,98080,<entities.dtn.DTN object at 0x10560d5e0>,<entities.dtn.DTN object at 0x1055da400>
8.631649999999889,73.08989548005304,98080,<entities.dtn.DTN object at 0x10560d5e0>,<entities.dtn.DTN object at 0x1055da400>
8.641724999999889,73.1035772618292,98080,<entities.dtn.DTN object at 0x10560d5e0>,<entities.dtn.DTN object at 0x1055da400>
8.65179999999989,73.11725648297619,98080,<entities.dtn.DTN object at 0x10560d5e0>,<entities.dtn.DTN object at 0x1055da400>
8.66187499999989,73.13093314493126,98080,<entities.dtn.DTN object at 0x10560d5e0>,<entities.dtn.DTN object at 0x1055da400>
8.67194999999989,73.14460724913035,98080,<entities.dtn.DTN object at 0x10560d5e0>,<entities.dtn.DTN object at 0x1055da400>
8.682024999999891,73.15827879700802,98080,<entities.dtn.DTN object at 0x10560d5e0>,<entities.dtn.DTN object at 0x1055da400>
8.692099999999892,73.17194778999752,98080,<entities.dtn.DTN object at 0x10560d5e0>,<entities.dtn.DTN object at 0x1055da400>
8.702174999999892,73.18561422953074,98080,<entities.dtn.DTN object at 0x10560d5e0>,<entities.dtn.DTN object at 0x1055da400>
8.712249999999893,73.19927811703825,98080,<entities.dtn.DTN object at 0x10560d5e0>,<entities.dtn.DTN object at 0x1055da400>
8.722324999999893,73.21293945394926,98080,<entities.dtn.DTN object at 0x10560d5e0>,<entities.dtn.DTN object at 0x1055da400>
8.732399999999894,73.22659824169168,98080,<entities.dtn.DTN object at 0x10560d5e0>,<entities.dtn.DTN object at 0x1055da400>
8.742474999999894,73.24025448169206,98080,<entities.dtn.DTN object at 0x10560d5e0>,<entities.dtn.DTN object at 0x1055da400>
8.752549999999895,73.25390817537564,98080,<entities.dtn.DTN object at 0x10560d5e0>,<entities.dtn.DTN object at 0x1055da400>
8.762624999999895,73.26755932416631,98080,<entities.dtn.DTN object at 0x10560d5e0>,<entities.dtn.DTN object at 0x1055da400>
8.772699999999896,73.28120792948665,98080,<entities.dtn.DTN object at 0x10560d5e0>,<entities.dtn.DTN object at 0x1055da400>
8.782774999999896,73.29485399275791,98080,<entities.dtn.DTN object at 0x10560d5e0>,<entities.dtn.DTN object at 0x1055da400>
8.792849999999897,73.3084975154,98080,<entities.dtn.DTN object at 0x10560d5e0>,<entities.dtn.DTN object at 0x1055da400>
8.802924999999897,73.32213849883156,98080,<entities.dtn.DTN object at 0x10560d5e0>,<entities.dtn.DTN object at 0x1055da400>
8.812999999999898,73.33577694446986,98080,<entities.dtn.DTN object at 0x10560d5e0>,<entities.dtn.DTN object at 0x1055da400>
8.823074999999898,73.34941285373085,98080,<entities.dtn.DTN object at 0x10560d5e0>,<entities.dtn.DTN object at 0x1055da400>
8.833149999999899,73.36304622802922,98080,<entities.dtn.DTN object at 0x10560d5e0>,<entities.dtn.DTN object at 0x1055da400>
8.843224999999899,73.37667706877828,98080,<entities.dtn.DTN object at 0x10560d5e0>,<entities.dtn.DTN object at 0x1055da400>
8.8532999999999,73.39030537739005,98080,<entities.dtn.DTN object at 0x10560d5e0>,<entities.dtn.DTN object at 0x1055da400>
8.8633749999999,73.40393115527526,98080,<entities.dtn.DTN object at 0x10560d5e0>,<entities.dtn.DTN object at 0x1055da400>
8.8734499999999,73.41755440384331,98080,<entities.dtn.DTN object at 0x10560d5e0>,<entities.dtn.DTN object at 0x1055da400>
8.883524999999901,73.43117512450229,98080,<entities.dtn.DTN object at 0x10560d5e0>,<entities.dtn.DTN object at 0x1055da400>
8.893599999999902,73.44479331865898,98080,<entities.dtn.DTN object at 0x10560d5e0>,<entities.dtn.DTN object at 0x1055da400>
8.903674999999902,73.45840898771888,98080,<entities.dtn.DTN object at 0x10560d5e0>,<entities.dtn.DTN object at 0x1055da400>
8.913749999999903,73.47202213308618,98080,<entities.dtn.DTN object at 0x10560d5e0>,<entities.dtn.DTN object at 0x1055da400>
8.923824999999903,73.48563275616375,98080,<entities.dtn.DTN object at 0x10560d5e0>,<entities.dtn.DTN object at 0x1055da400>
8.933899999999904,73.49924085835318,98080,<entities.dtn.DTN object at 0x10560d5e0>,<entities.dtn.DTN object at 0x1055da400>
8.943974999999904,73.51284644105473,98080,<entities.dtn.DTN object at 0x10560d5e0>,<entities.dtn.DTN object at 0x1055da400>
8.954049999999905,73.52644950566741,98080,<entities.dtn.DTN object at 0x10560d5e0>,<entities.dtn.DTN object at 0x1055da400>
8.964124999999905,73.54005005358891,98080,<entities.dtn.DTN object at 0x10560d5e0>,<entities.dtn.DTN object at 0x1055da400>
8.974199999999906,73.55364808621565,98080,<entities.dtn.DTN object at 0x10560d5e0>,<entities.dtn.DTN object at 0x1055da400>
8.984274999999906,73.5672436049427,98080,<entities.dtn.DTN object at 0x10560d5e0>,<entities.dtn.DTN object at 0x1055da400>
8.994349999999907,73.58083661116392,98080,<entities.dtn.DTN object at 0x10560d5e0>,<entities.dtn.DTN object at 0x1055da400>
9.004424999999907,73.59442710627182,98080,<entities.dtn.DTN object at 0x10560d5e0>,<entities.dtn.DTN object at 0x1055da400>
9.014499999999908,73.60801509165768,98080,<entities.dtn.DTN object at 0x10560d5e0>,<entities.dtn.DTN object at 0x1055da400>
9.024574999999908,73.62160056871143,98080,<entities.dtn.DTN object at 0x10560d5e0>,<entities.dtn.DTN object at 0x1055da400>
9.034649999999909,73.63518353882176,98080,<entities.dtn.DTN object at 0x10560d5e0>,<entities.dtn.DTN object at 0x1055da400>
9.044724999999909,73.64876400337609,98080,<entities.dtn.DTN object at 0x10560d5e0>,<entities.dtn.DTN object at 0x1055da400>
9.05479999999991,73.66234196376051,98080,<entities.dtn.DTN object at 0x10560d5e0>,<entities.dtn.DTN object at 0x1055da400>
9.06487499999991,73.67591742135988,98080,<entities.dtn.DTN object at 0x10560d5e0>,<entities.dtn.DTN object at 0x1055da400>
9.07494999999991,73.68949037755777,98080,<entities.dtn.DTN object at 0x10560d5e0>,<entities.dtn.DTN object at 0x1055da400>
9.085024999999911,73.70306083373649,98080,<entities.dtn.DTN object at 0x10560d5e0>,<entities.dtn.DTN object at 0x1055da400>
9.095099999999912,73.71662879127703,98080,<entities.dtn.DTN object at 0x10560d5e0>,<entities.dtn.DTN object at 0x1055da400>
9.105174999999912,73.73019425155915,98080,<entities.dtn.DTN object at 0x10560d5e0>,<entities.dtn.DTN object at 0x1055da400>
9.115249999999913,73.74375721596134,98080,<entities.dtn.DTN object at 0x10560d5e0>,<entities.dtn.DTN object at 0x1055da400>
9.125324999999913,73.7573176858608,98080,<entities.dtn.DTN object at 0x10560d5e0>,<entities.dtn.DTN object at 0x1055da400>
9.135399999999914,73.77087566263347,98080,<entities.dtn.DTN object at 0x10560d5e0>,<entities.dtn.DTN object at 0x1055da400>
9.145474999999914,73.78443114765405,98080,<entities.dtn.DTN object at 0x10560d5e0>,<entities.dtn.DTN object at 0x1055da400>
9.155549999999915,73.79798414229595,98080,<entities.dtn.DTN object at 0x10560d5e0>,<entities.dtn.DTN object at 0x1055da400>
9.165624999999915,73.81153464793132,98080,<entities.dtn.DTN object at 0x10560d5e0>,<entities.dtn.DTN object at 0x1055da400>
9.175699999999916,73.82508266593108,98080,<entities.dtn.DTN object at 0x10560d5e0>,<entities.dtn.DTN object at 0x1055da400>
9.185774999999916,73.83862819766486,98080,<entities.dtn.DTN object at 0x10560d5e0>,<entities.dtn.DTN object at 0x1055da400>
9.195849999999917,73.85217124450104,98080,<entities.dtn.DTN object at 0x10560d5e0>,<entities.dtn.DTN object at 0x1055da400>
9.205924999999917,73.86571180780675,98080,<entities.dtn.DTN object at 0x10560d5e0>,<entities.dtn.DTN object at 0x1055da400>
9.215999999999918,73.87924988894785,98080,<entities.dtn.DTN object at 0x10560d5e0>,<entities.dtn.DTN object at 0x1055da400>
9.226074999999918,73.892785489289,98080,<entities.dtn.DTN object at 0x10560d5e0>,<entities.dtn.DTN object at 0x1055da400>
9.236149999999919,73.90631861019354,98080,<entities.dtn.DTN object at 0x10560d5e0>,<entities.dtn.DTN object at 0x1055da400>
9.246224999999919,73.91984925302361,98080,<entities.dtn.DTN object at 0x10560d5e0>,<entities.dtn.DTN object at 0x1055da400>
9.25629999999992,73.93337741914009,98080,<entities.dtn.DTN object at 0x10560d5e0>,<entities.dtn.DTN object at 0x1055da400>
9.26637499999992,73.9469031099026,98080,<entities.dtn.DTN object at 0x10560d5e0>,<entities.dtn.DTN object at 0x1055da400>
9.27644999999992,73.96042632666956,98080,<entities.dtn.DTN object at 0x10560d5e0>,<entities.dtn.DTN object at 0x1055da400>
9.286524999999921,73.97394707079809,98080,<entities.dtn.DTN object at 0x10560d5e0>,<entities.dtn.DTN object at 0x1055da400>
9.296599999999922,73.9874653436441,98080,<entities.dtn.DTN object at 0x10560d5e0>,<entities.dtn.DTN object at 0x1055da400>
9.306674999999922,74.00098114656228,98080,<entities.dtn.DTN object at 0x10560d5e0>,<entities.dtn.DTN object at 0x1055da400>
9.316749999999923,74.01449448090605,98080,<entities.dtn.DTN object at 0x10560d5e0>,<entities.dtn.DTN object at 0x1055da400>
9.326824999999923,74.0280053480276,98080,<entities.dtn.DTN object at 0x10560d5e0>,<entities.dtn.DTN object at 0x1055da400>
9.336899999999924,74.0415137492779,98080,<entities.dtn.DTN object at 0x10560d5e0>,<entities.dtn.DTN object at 0x1055da400>
9.346974999999924,74.05501968600666,98080,<entities.dtn.DTN object at 0x10560d5e0>,<entities.dtn.DTN object at 0x1055da400>
9.357049999999925,74.0685231595624,98080,<entities.dtn.DTN object at 0x10560d5e0>,<entities.dtn.DTN object at 0x1055da400>
9.367124999999925,74.08202417129239,98080,<entities.dtn.DTN object at 0x10560d5e0>,<entities.dtn.DTN object at 0x1055da400>
9.377199999999926,74.09552272254265,98080,<entities.dtn.DTN object at 0x10560d5e0>,<entities.dtn.DTN object at 0x1055da400>
9.387274999999926,74.10901881465803,98080,<entities.dtn.DTN object at 0x10560d5e0>,<entities.dtn.DTN object at 0x1055da400>
9.397349999999927,74.12251244898209,98080,<entities.dtn.DTN object at 0x10560d5e0>,<entities.dtn.DTN object at 0x1055da400>
9.407424999999927,74.13600362685722,98080,<entities.dtn.DTN object at 0x10560d5e0>,<entities.dtn.DTN object at 0x1055da400>
9.417499999999928,74.14949234962454,98080,<entities.dtn.DTN object at 0x10560d5e0>,<entities.dtn.DTN object at 0x1055da400>
9.427574999999928,74.162978618624,98080,<entities.dtn.DTN object at 0x10560d5e0>,<entities.dtn.DTN object at 0x1055da400>
9.437649999999929,74.17646243519428,98080,<entities.dtn.DTN object at 0x10560d5e0>,<entities.dtn.DTN object at 0x1055da400>
9.447724999999929,74.1899438006729,98080,<entities.dtn.DTN object at 0x10560d5e0>,<entities.dtn.DTN object at 0x1055da400>
9.45779999999993,74.20342271639613,98080,<entities.dtn.DTN object at 0x10560d5e0>,<entities.dtn.DTN object at 0x1055da400>
9.46787499999993,74.21689918369903,98080,<entities.dtn.DTN object at 0x10560d5e0>,<entities.dtn.DTN object at 0x1055da400>
9.47794999999993,74.23037320391543,98080,<entities.dtn.DTN object at 0x10560d5e0>,<entities.dtn.DTN object at 0x1055da400>
9.488024999999931,74.24384477837799,98080,<entities.dtn.DTN object at 0x10560d5e0>,<entities.dtn.DTN object at 0x1055da400>
9.498099999999932,74.25731390841813,98080,<entities.dtn.DTN object at 0x10560d5e0>,<entities.dtn.DTN object at 0x1055da400>
9.508174999999932,74.27078059536608,98080,<entities.dtn.DTN object at 0x10560d5e0>,<entities.dtn.DTN object at 0x1055da400>
9.518249999999933,74.28424484055084,98080,<entities.dtn.DTN object at 0x10560d5e0>,<entities.dtn.DTN object at 0x1055da400>
9.528324999999933,74.29770664530024,98080,<entities.dtn.DTN object at 0x10560d5e0>,<entities.dtn.DTN object at 0x1055da400>
9.538399999999934,74.31116601094088,98080,<entities.dtn.DTN object at 0x10560d5e0>,<entities.dtn.DTN object at 0x1055da400>
9.548474999999934,74.32462293879817,98080,<entities.dtn.DTN object at 0x10560d5e0>,<entities.dtn.DTN object at 0x1055da400>
9.558549999999935,74.33807743019631,98080,<entities.dtn.DTN object at 0x10560d5e0>,<entities.dtn.DTN object at 0x1055da400>
9.568624999999935,74.3515294864583,98080,<entities.dtn.DTN object at 0x10560d5e0>,<entities.dtn.DTN object at 0x1055da400>
9.578699999999936,74.36497910890598,98080,<entities.dtn.DTN object at 0x10560d5e0>,<entities.dtn.DTN object at 0x1055da400>
9.588774999999936,74.37842629885995,98080,<entities.dtn.DTN object at 0x10560d5e0>,<entities.dtn.DTN object at 0x1055da400>
9.598849999999937,74.39187105763962,98080,<entities.dtn.DTN object at 0x10560d5e0>,<entities.dtn.DTN object at 0x1055da400>
9.608924999999937,74.40531338656324,98080,<entities.dtn.DTN object at 0x10560d5e0>,<entities.dtn.DTN object at 0x1055da400>
9.618999999999938,74.41875328694783,98080,<entities.dtn.DTN object at 0x10560d5e0>,<entities.dtn.DTN object at 0x1055da400>
9.629074999999938,74.43219076010925,98080,<entities.dtn.DTN object at 0x10560d5e0>,<entities.dtn.DTN object at 0x1055da400>
9.639149999999939,74.44562580736216,98080,<entities.dtn.DTN object at 0x10560d5e0>,<entities.dtn.DTN object at 0x1055da400>
9.649224999999939,74.45905843002004,98080,<entities.dtn.DTN object at 0x10560d5e0>,<entities.dtn.DTN object at 0x1055da400>
9.65929999999994,74.47248862939517,98080,<entities.dtn.DTN object at 0x10560d5e0>,<entities.dtn.DTN object at 0x1055da400>
9.66937499999994,74.48591640679867,98080,<entities.dtn.DTN object at 0x10560d5e0>,<entities.dtn.DTN object at 0x1055da400>
9.67944999999994,74.49934176354044,98080,<entities.dtn.DTN object at 0x10560d5e0>,<entities.dtn.DTN object at 0x1055da400>
9.689524999999941,74.51276470092925,98080,<entities.dtn.DTN object at 0x10560d5e0>,<entities.dtn.DTN object at 0x1055da400>
9.699599999999942,74.52618522027267,98080,<entities.dtn.DTN object at 0x10560d5e0>,<entities.dtn.DTN object at 0x1055da400>
9.709674999999942,74.53960332287707,98080,<entities.dtn.DTN object at 0x10560d5e0>,<entities.dtn.DTN object at 0x1055da400>
9.719749999999943,74.55301901004766,98080,<entities.dtn.DTN object at 0x10560d5e0>,<entities.dtn.DTN object at 0x1055da400>
9.729824999999943,74.56643228308849,98080,<entities.dtn.DTN object at 0x10560d5e0>,<entities.dtn.DTN object at 0x1055da400>
9.739899999999944,74.57984314330241,98080,<entities.dtn.DTN object at 0x10560d5e0>,<entities.dtn.DTN object at 0x1055da400>
9.749974999999944,74.59325159199113,98080,<entities.dtn.DTN object at 0x10560d5e0>,<entities.dtn.DTN object at 0x1055da400>
9.760049999999945,74.60665763045517,98080,<entities.dtn.DTN object at 0x10560d5e0>,<entities.dtn.DTN object at 0x1055da400>
9.770124999999945,74.62006125999389,98080,<entities.dtn.DTN object at 0x10560d5e0>,<entities.dtn.DTN object at 0x1055da400>
9.780199999999946,74.63346248190545,98080,<entities.dtn.DTN object at 0x10560d5e0>,<entities.dtn.DTN object at 0x1055da400>
9.790274999999946,74.64686129748691,98080,<entities.dtn.DTN object at 0x10560d5e0>,<entities.dtn.DTN object at 0x1055da400>
9.800349999999947,74.6602577080341,98080,<entities.dtn.DTN object at 0x10560d5e0>,<entities.dtn.DTN object at 0x1055da400>
9.810424999999947,74.67365171484171,98080,<entities.dtn.DTN object at 0x10560d5e0>,<entities.dtn.DTN object at 0x1055da400>
9.820499999999948,74.6870433192033,98080,<entities.dtn.DTN object at 0x10560d5e0>,<entities.dtn.DTN object at 0x1055da400>
9.830574999999948,74.70043252241122,98080,<entities.dtn.DTN object at 0x10560d5e0>,<entities.dtn.DTN object at 0x1055da400>
9.840649999999949,74.7138193257567,98080,<entities.dtn.DTN object at 0x10560d5e0>,<entities.dtn.DTN object at 0x1055da400>
9.850724999999949,74.7272037305298,98080,<entities.dtn.DTN object at 0x10560d5e0>,<entities.dtn.DTN object at 0x1055da400>
9.86079999999995,74.7405857380194,98080,<entities.dtn.DTN object at 0x10560d5e0>,<entities.dtn.DTN object at 0x1055da400>
9.87087499999995,74.7539653495133,98080,<entities.dtn.DTN object at 0x10560d5e0>,<entities.dtn.DTN object at 0x1055da400>
9.88094999999995,74.76734256629804,98080,<entities.dtn.DTN object at 0x10560d5e0>,<entities.dtn.DTN object at 0x1055da400>
9.891024999999951,74.7807173896591,98080,<entities.dtn.DTN object at 0x10560d5e0>,<entities.dtn.DTN object at 0x1055da400>
9.901099999999952,74.79408982088077,98080,<entities.dtn.DTN object at 0x10560d5e0>,<entities.dtn.DTN object at 0x1055da400>
9.911174999999952,74.80745986124619,98080,<entities.dtn.DTN object at 0x10560d5e0>,<entities.dtn.DTN object at 0x1055da400>
9.921249999999953,74.82082751203737,98080,<entities.dtn.DTN object at 0x10560d5e0>,<entities.dtn.DTN object at 0x1055da400>
9.931324999999953,74.83419277453515,98080,<entities.dtn.DTN object at 0x10560d5e0>,<entities.dtn.DTN object at 0x1055da400>
9.941399999999954,74.84755565001926,98080,<entities.dtn.DTN object at 0x10560d5e0>,<entities.dtn.DTN object at 0x1055da400>
9.951474999999954,74.86091613976826,98080,<entities.dtn.DTN object at 0x10560d5e0>,<entities.dtn.DTN object at 0x1055da400>
9.961549999999955,74.87427424505958,98080,<entities.dtn.DTN object at 0x10560d5e0>,<entities.dtn.DTN object at 0x1055da400>
9.971624999999955,74.88762996716952,98080,<entities.dtn.DTN object at 0x10560d5e0>,<entities.dtn.DTN object at 0x1055da400>
9.981699999999956,74.90098330737321,98080,<entities.dtn.DTN object at 0x10560d5e0>,<entities.dtn.DTN object at 0x1055da400>
9.991774999999956,74.91433426694468,98080,<entities.dtn.DTN object at 0x10560d5e0>,<entities.dtn.DTN object at 0x1055da400>
10.001849999999957,74.9276828471568,98080,<entities.dtn.DTN object at 0x10560d5e0>,<entities.dtn.DTN object at 0x1055da400>
10.011924999999957,74.94102904928133,98080,<entities.dtn.DTN object at 0x10560d5e0>,<entities.dtn.DTN object at 0x1055da400>
10.021999999999958,74.95437287458886,98080,<entities.dtn.DTN object at 0x10560d5e0>,<entities.dtn.DTN object at 0x1055da400>
10.032074999999958,74.96771432434888,98080,<entities.dtn.DTN object at 0x10560d5e0>,<entities.dtn.DTN object at 0x1055da400>
10.042149999999959,74.98105339982973,98080,<entities.dtn.DTN object at 0x10560d5e0>,<entities.dtn.DTN object at 0x1055da400>
10.052224999999959,74.99439010229865,98080,<entities.dtn.DTN object at 0x10560d5e0>,<entities.dtn.DTN object at 0x1055da400>
10.06229999999996,75.00772443302174,98080,<entities.dtn.DTN object at 0x10560d5e0>,<entities.dtn.DTN object at 0x1055da400>
10.07237499999996,75.02105639326395,98080,<entities.dtn.DTN object at 0x10560d5e0>,<entities.dtn.DTN object at 0x1055da400>
10.08244999999996,75.03438598428914,98080,<entities.dtn.DTN object at 0x10560d5e0>,<entities.dtn.DTN object at 0x1055da400>
10.092524999999961,75.04771320736003,98080,<entities.dtn.DTN object at 0x10560d5e0>,<entities.dtn.DTN object at 0x1055da400>
10.102599999999962,75.06103806373822,98080,<entities.dtn.DTN object at 0x10560d5e0>,<entities.dtn.DTN object at 0x1055da400>
10.112674999999962,75.0743605546842,98080,<entities.dtn.DTN object at 0x10560d5e0>,<entities.dtn.DTN object at 0x1055da400>
10.122749999999963,75.08768068145733,98080,<entities.dtn.DTN object at 0x10560d5e0>,<entities.dtn.DTN object at 0x1055da400>
10.132824999999963,75.10099844531585,98080,<entities.dtn.DTN object at 0x10560d5e0>,<entities.dtn.DTN object at 0x1055da400>
10.142899999999964,75.11431384751691,98080,<entities.dtn.DTN object at 0x10560d5e0>,<entities.dtn.DTN object at 0x1055da400>
10.152974999999964,75.1276268893165,98080,<entities.dtn.DTN object at 0x10560d5e0>,<entities.dtn.DTN object at 0x1055da400>
10.163049999999965,75.14093757196954,98080,<entities.dtn.DTN object at 0x10560d5e0>,<entities.dtn.DTN object at 0x1055da400>
10.173124999999965,75.15424589672983,98080,<entities.dtn.DTN object at 0x10560d5e0>,<entities.dtn.DTN object at 0x1055da400>
10.183199999999966,75.16755186485004,98080,<entities.dtn.DTN object at 0x10560d5e0>,<entities.dtn.DTN object at 0x1055da400>
10.193274999999966,75.18085547758174,98080,<entities.dtn.DTN object at 0x10560d5e0>,<entities.dtn.DTN object at 0x1055da400>
10.203349999999967,75.1941567361754,98080,<entities.dtn.DTN object at 0x10560d5e0>,<entities.dtn.DTN object at 0x1055da400>
10.213424999999967,75.20745564188039,98080,<entities.dtn.DTN object at 0x10560d5e0>,<entities.dtn.DTN object at 0x1055da400>
10.223499999999968,75.22075219594494,98080,<entities.dtn.DTN object at 0x10560d5e0>,<entities.dtn.DTN object at 0x1055da400>
10.233574999999968,75.23404639961622,98080,<entities.dtn.DTN object at 0x10560d5e0>,<entities.dtn.DTN object at 0x1055da400>
10.243649999999969,75.24733825414027,98080,<entities.dtn.DTN object at 0x10560d5e0>,<entities.dtn.DTN object at 0x1055da400>
10.25372499999997,75.26062776076206,98080,<entities.dtn.DTN object at 0x10560d5e0>,<entities.dtn.DTN object at 0x1055da400>
10.26379999999997,75.27391492072542,98080,<entities.dtn.DTN object at 0x10560d5e0>,<entities.dtn.DTN object at 0x1055da400>
10.27387499999997,75.2871997352731,98080,<entities.dtn.DTN object at 0x10560d5e0>,<entities.dtn.DTN object at 0x1055da400>
10.28394999999997,75.30048220564677,98080,<entities.dtn.DTN object at 0x10560d5e0>,<entities.dtn.DTN object at 0x1055da400>
10.294024999999971,75.31376233308698,98080,<entities.dtn.DTN object at 0x10560d5e0>,<entities.dtn.DTN object at 0x1055da400>
10.304099999999972,75.3270401188332,98080,<entities.dtn.DTN object at 0x10560d5e0>,<entities.dtn.DTN object at 0x1055da400>
10.314174999999972,75.34031556412378,98080,<entities.dtn.DTN object at 0x10560d5e0>,<entities.dtn.DTN object at 0x1055da400>
10.324249999999973,75.35358867019605,98080,<entities.dtn.DTN object at 0x10560d5e0>,<entities.dtn.DTN object at 0x1055da400>
10.334324999999973,75.36685943828616,98080,<entities.dtn.DTN object at 0x10560d5e0>,<entities.dtn.DTN object at 0x1055da400>
10.344399999999974,75.38012786962923,98080,<entities.dtn.DTN object at 0x10560d5e0>,<entities.dtn.DTN object at 0x1055da400>
10.354474999999974,75.39339396545928,98080,<entities.dtn.DTN object at 0x10560d5e0>,<entities.dtn.DTN object at 0x1055da400>
10.364549999999975,75.40665772700925,98080,<entities.dtn.DTN object at 0x10560d5e0>,<entities.dtn.DTN object at 0x1055da400>
10.374624999999975,75.41991915551097,98080,<entities.dtn.DTN object at 0x10560d5e0>,<entities.dtn.DTN object at 0x1055da400>
10.384699999999976,75.4331782521952,98080,<entities.dtn.DTN object at 0x10560d5e0>,<entities.dtn.DTN object at 0x1055da400>
10.394774999999976,75.44643501829164,98080,<entities.dtn.DTN object at 0x10560d5e0>,<entities.dtn.DTN object at 0x1055da400>
10.404849999999977,75.45968945502888,98080,<entities.dtn.DTN object at 0x10560d5e0>,<entities.dtn.DTN object at 0x1055da400>
10.414924999999977,75.47294156363444,98080,<entities.dtn.DTN object at 0x10560d5e0>,<entities.dtn.DTN object at 0x1055da400>
10.424999999999978,75.48619134533476,98080,<entities.dtn.DTN object at 0x10560d5e0>,<entities.dtn.DTN object at 0x1055da400>
10.435074999999978,75.49943880135523,98080,<entities.dtn.DTN object at 0x10560d5e0>,<entities.dtn.DTN object at 0x1055da400>
10.445149999999979,75.51268393292013,98080,<entities.dtn.DTN object at 0x10560d5e0>,<entities.dtn.DTN object at 0x1055da400>
10.45522499999998,75.52592674125268,98080,<entities.dtn.DTN object at 0x10560d5e0>,<entities.dtn.DTN object at 0x1055da400>
10.46529999999998,75.53916722757502,98080,<entities.dtn.DTN object at 0x10560d5e0>,<entities.dtn.DTN object at 0x1055da400>
10.47537499999998,75.55240539310824,98080,<entities.dtn.DTN object at 0x10560d5e0>,<entities.dtn.DTN object at 0x1055da400>
10.48544999999998,75.56564123907233,98080,<entities.dtn.DTN object at 0x10560d5e0>,<entities.dtn.DTN object at 0x1055da400>
10.495524999999981,75.57887476668624,98080,<entities.dtn.DTN object at 0x10560d5e0>,<entities.dtn.DTN object at 0x1055da400>
10.505599999999982,75.59210597716783,98080,<entities.dtn.DTN object at 0x10560d5e0>,<entities.dtn.DTN object at 0x1055da400>
10.515674999999982,75.60533487173392,98080,<entities.dtn.DTN object at 0x10560d5e0>,<entities.dtn.DTN object at 0x1055da400>
10.525749999999983,75.61856145160023,98080,<entities.dtn.DTN object at 0x10560d5e0>,<entities.dtn.DTN object at 0x1055da400>
10.535824999999983,75.63178571798144,98080,<entities.dtn.DTN object at 0x10560d5e0>,<entities.dtn.DTN object at 0x1055da400>
10.545899999999984,75.64500767209117,98080,<entities.dtn.DTN object at 0x10560d5e0>,<entities.dtn.DTN object at 0x1055da400>
10.555974999999984,75.65822731514197,98080,<entities.dtn.DTN object at 0x10560d5e0>,<entities.dtn.DTN object at 0x1055da400>
10.566049999999985,75.67144464834533,98080,<entities.dtn.DTN object at 0x10560d5e0>,<entities.dtn.DTN object at 0x1055da400>
10.576124999999985,75.68465967291169,98080,<entities.dtn.DTN object at 0x10560d5e0>,<entities.dtn.DTN object at 0x1055da400>
10.586199999999986,75.69787239005043,98080,<entities.dtn.DTN object at 0x10560d5e0>,<entities.dtn.DTN object at 0x1055da400>
10.596274999999986,75.71108280096988,98080,<entities.dtn.DTN object at 0x10560d5e0>,<entities.dtn.DTN object at 0x1055da400>
10.606349999999987,75.72429090687729,98080,<entities.dtn.DTN object at 0x10560d5e0>,<entities.dtn.DTN object at 0x1055da400>
10.616424999999987,75.73749670897888,98080,<entities.dtn.DTN object at 0x10560d5e0>,<entities.dtn.DTN object at 0x1055da400>
10.626499999999988,75.75070020847983,98080,<entities.dtn.DTN object at 0x10560d5e0>,<entities.dtn.DTN object at 0x1055da400>
10.636574999999988,75.76390140658424,98080,<entities.dtn.DTN object at 0x10560d5e0>,<entities.dtn.DTN object at 0x1055da400>
10.646649999999989,75.77710030449518,98080,<entities.dtn.DTN object at 0x10560d5e0>,<entities.dtn.DTN object at 0x1055da400>
10.65672499999999,75.79029690341466,98080,<entities.dtn.DTN object at 0x10560d5e0>,<entities.dtn.DTN object at 0x1055da400>
10.66679999999999,75.80349120454366,98080,<entities.dtn.DTN object at 0x10560d5e0>,<entities.dtn.DTN object at 0x1055da400>
10.67687499999999,75.8166832090821,98080,<entities.dtn.DTN object at 0x10560d5e0>,<entities.dtn.DTN object at 0x1055da400>
10.68694999999999,75.82987291822886,98080,<entities.dtn.DTN object at 0x10560d5e0>,<entities.dtn.DTN object at 0x1055da400>
10.697024999999991,75.84306033318178,98080,<entities.dtn.DTN object at 0x10560d5e0>,<entities.dtn.DTN object at 0x1055da400>
10.707099999999992,75.85624545513765,98080,<entities.dtn.DTN object at 0x10560d5e0>,<entities.dtn.DTN object at 0x1055da400>
10.717174999999992,75.86942828529224,98080,<entities.dtn.DTN object at 0x10560d5e0>,<entities.dtn.DTN object at 0x1055da400>
10.727249999999993,75.88260882484026,98080,<entities.dtn.DTN object at 0x10560d5e0>,<entities.dtn.DTN object at 0x1055da400>
10.737324999999993,75.89578707497539,98080,<entities.dtn.DTN object at 0x10560d5e0>,<entities.dtn.DTN object at 0x1055da400>
10.747399999999994,75.90896303689027,98080,<entities.dtn.DTN object at 0x10560d5e0>,<entities.dtn.DTN object at 0x1055da400>
10.757474999999994,75.92213671177652,98080,<entities.dtn.DTN object at 0x10560d5e0>,<entities.dtn.DTN object at 0x1055da400>
10.767549999999995,75.9353081008247,98080,<entities.dtn.DTN object at 0x10560d5e0>,<entities.dtn.DTN object at 0x1055da400>
10.777624999999995,75.94847720522436,98080,<entities.dtn.DTN object at 0x10560d5e0>,<entities.dtn.DTN object at 0x1055da400>
10.787699999999996,75.96164402616401,98080,<entities.dtn.DTN object at 0x10560d5e0>,<entities.dtn.DTN object at 0x1055da400>
10.797774999999996,75.97480856483112,98080,<entities.dtn.DTN object at 0x10560d5e0>,<entities.dtn.DTN object at 0x1055da400>
10.807849999999997,75.98797082241215,98080,<entities.dtn.DTN object at 0x10560d5e0>,<entities.dtn.DTN object at 0x1055da400>
10.817924999999997,76.00113080009253,98080,<entities.dtn.DTN object at 0x10560d5e0>,<entities.dtn.DTN object at 0x1055da400>
10.827999999999998,76.01428849905665,98080,<entities.dtn.DTN object at 0x10560d5e0>,<entities.dtn.DTN object at 0x1055da400>
10.838074999999998,76.02744392048787,98080,<entities.dtn.DTN object at 0x10560d5e0>,<entities.dtn.DTN object at 0x1055da400>
10.848149999999999,76.04059706556856,98080,<entities.dtn.DTN object at 0x10560d5e0>,<entities.dtn.DTN object at 0x1055da400>
10.858225,76.05374793548003,98080,<entities.dtn.DTN object at 0x10560d5e0>,<entities.dtn.DTN object at 0x1055da400>
10.8683,76.06689653140259,98080,<entities.dtn.DTN object at 0x10560d5e0>,<entities.dtn.DTN object at 0x1055da400>
10.878375,76.08004285451553,98080,<entities.dtn.DTN object at 0x10560d5e0>,<entities.dtn.DTN object at 0x1055da400>
10.88845,76.0931869059971,98080,<entities.dtn.DTN object at 0x10560d5e0>,<entities.dtn.DTN object at 0x1055da400>
10.898525000000001,76.10632868702456,98080,<entities.dtn.DTN object at 0x10560d5e0>,<entities.dtn.DTN object at 0x1055da400>
10.908600000000002,76.11946819877413,98080,<entities.dtn.DTN object at 0x10560d5e0>,<entities.dtn.DTN object at 0x1055da400>
10.918675000000002,76.13260544242104,98080,<entities.dtn.DTN object at 0x10560d5e0>,<entities.dtn.DTN object at 0x1055da400>
10.928750000000003,76.14574041913947,98080,<entities.dtn.DTN object at 0x10560d5e0>,<entities.dtn.DTN object at 0x1055da400>
10.938825000000003,76.15887313010262,98080,<entities.dtn.DTN object at 0x10560d5e0>,<entities.dtn.DTN object at 0x1055da400>
10.948900000000004,76.17200357648267,98080,<entities.dtn.DTN object at 0x10560d5e0>,<entities.dtn.DTN object at 0x1055da400>
10.958975000000004,76.18513175945078,98080,<entities.dtn.DTN object at 0x10560d5e0>,<entities.dtn.DTN object at 0x1055da400>
10.969050000000005,76.19825768017712,98080,<entities.dtn.DTN object at 0x10560d5e0>,<entities.dtn.DTN object at 0x1055da400>
10.979125000000005,76.21138133983082,98080,<entities.dtn.DTN object at 0x10560d5e0>,<entities.dtn.DTN object at 0x1055da400>
10.989200000000006,76.22450273958005,98080,<entities.dtn.DTN object at 0x10560d5e0>,<entities.dtn.DTN object at 0x1055da400>
10.999275000000006,76.23762188059192,98080,<entities.dtn.DTN object at 0x10560d5e0>,<entities.dtn.DTN object at 0x1055da400>
11.009350000000007,76.25073876403256,98080,<entities.dtn.DTN object at 0x10560d5e0>,<entities.dtn.DTN object at 0x1055da400>
11.019425000000007,76.26385339106712,98080,<entities.dtn.DTN object at 0x10560d5e0>,<entities.dtn.DTN object at 0x1055da400>
11.029500000000008,76.27696576285972,98080,<entities.dtn.DTN object at 0x10560d5e0>,<entities.dtn.DTN object at 0x1055da400>
11.039575000000008,76.29007588057348,98080,<entities.dtn.DTN object at 0x10560d5e0>,<entities.dtn.DTN object at 0x1055da400>
11.049650000000009,76.30318374537055,98080,<entities.dtn.DTN object at 0x10560d5e0>,<entities.dtn.DTN object at 0x1055da400>
11.05972500000001,76.31628935841204,98080,<entities.dtn.DTN object at 0x10560d5e0>,<entities.dtn.DTN object at 0x1055da400>
11.06980000000001,76.32939272085807,98080,<entities.dtn.DTN object at 0x10560d5e0>,<entities.dtn.DTN object at 0x1055da400>
11.07987500000001,76.34249383386779,98080,<entities.dtn.DTN object at 0x10560d5e0>,<entities.dtn.DTN object at 0x1055da400>
11.08995000000001,76.35559269859935,98080,<entities.dtn.DTN object at 0x10560d5e0>,<entities.dtn.DTN object at 0x1055da400>
11.100025000000011,76.3686893162099,98080,<entities.dtn.DTN object at 0x10560d5e0>,<entities.dtn.DTN object at 0x1055da400>
11.110100000000012,76.38178368785557,98080,<entities.dtn.DTN object at 0x10560d5e0>,<entities.dtn.DTN object at 0x1055da400>
11.120175000000012,76.39487581469156,98080,<entities.dtn.DTN object at 0x10560d5e0>,<entities.dtn.DTN object at 0x1055da400>
11.130250000000013,76.40796569787202,98080,<entities.dtn.DTN object at 0x10560d5e0>,<entities.dtn.DTN object at 0x1055da400>
11.140325000000013,76.42105333855014,98080,<entities.dtn.DTN object at 0x10560d5e0>,<entities.dtn.DTN object at 0x1055da400>
11.150400000000014,76.43413873787811,98080,<entities.dtn.DTN object at 0x10560d5e0>,<entities.dtn.DTN object at 0x1055da400>
11.160475000000014,76.44722189700717,98080,<entities.dtn.DTN object at 0x10560d5e0>,<entities.dtn.DTN object at 0x1055da400>
11.170550000000015,76.46030281708752,98080,<entities.dtn.DTN object at 0x10560d5e0>,<entities.dtn.DTN object at 0x1055da400>
11.180625000000015,76.47338149926843,98080,<entities.dtn.DTN object at 0x10560d5e0>,<entities.dtn.DTN object at 0x1055da400>
11.190700000000016,76.48645794469813,98080,<entities.dtn.DTN object at 0x10560d5e0>,<entities.dtn.DTN object at 0x1055da400>
11.200775000000016,76.49953215452392,98080,<entities.dtn.DTN object at 0x10560d5e0>,<entities.dtn.DTN object at 0x1055da400>
11.210850000000017,76.51260412989208,98080,<entities.dtn.DTN object at 0x10560d5e0>,<entities.dtn.DTN object at 0x1055da400>
11.220925000000017,76.52567387194794,98080,<entities.dtn.DTN object at 0x10560d5e0>,<entities.dtn.DTN object at 0x1055da400>
11.231000000000018,76.53874138183585,98080,<entities.dtn.DTN object at 0x10560d5e0>,<entities.dtn.DTN object at 0x1055da400>
11.241075000000018,76.55180666069916,98080,<entities.dtn.DTN object at 0x10560d5e0>,<entities.dtn.DTN object at 0x1055da400>
11.251150000000019,76.56486970968025,98080,<entities.dtn.DTN object at 0x10560d5e0>,<entities.dtn.DTN object at 0x1055da400>
11.26122500000002,76.57793052992055,98080,<entities.dtn.DTN object at 0x10560d5e0>,<entities.dtn.DTN object at 0x1055da400>
11.27130000000002,76.59098912256049,98080,<entities.dtn.DTN object at 0x10560d5e0>,<entities.dtn.DTN object at 0x1055da400>
11.28137500000002,76.60404548873954,98080,<entities.dtn.DTN object at 0x10560d5e0>,<entities.dtn.DTN object at 0x1055da400>
11.29145000000002,76.61709962959621,98080,<entities.dtn.DTN object at 0x10560d5e0>,<entities.dtn.DTN object at 0x1055da400>
11.301525000000021,76.63015154626801,98080,<entities.dtn.DTN object at 0x10560d5e0>,<entities.dtn.DTN object at 0x1055da400>
11.311600000000022,76.6432012398915,98080,<entities.dtn.DTN object at 0x10560d5e0>,<entities.dtn.DTN object at 0x1055da400>
11.321675000000022,76.65624871160226,98080,<entities.dtn.DTN object at 0x10560d5e0>,<entities.dtn.DTN object at 0x1055da400>
11.331750000000023,76.66929396253492,98080,<entities.dtn.DTN object at 0x10560d5e0>,<entities.dtn.DTN object at 0x1055da400>
11.341825000000023,76.68233699382316,98080,<entities.dtn.DTN object at 0x10560d5e0>,<entities.dtn.DTN object at 0x1055da400>
11.351900000000024,76.69537780659964,98080,<entities.dtn.DTN object at 0x10560d5e0>,<entities.dtn.DTN object at 0x1055da400>
11.361975000000024,76.70841640199612,98080,<entities.dtn.DTN object at 0x10560d5e0>,<entities.dtn.DTN object at 0x1055da400>
11.372050000000025,76.72145278114334,98080,<entities.dtn.DTN object at 0x10560d5e0>,<entities.dtn.DTN object at 0x1055da400>
11.382125000000025,76.73448694517113,98080,<entities.dtn.DTN object at 0x10560d5e0>,<entities.dtn.DTN object at 0x1055da400>
11.392200000000026,76.74751889520833,98080,<entities.dtn.DTN object at 0x10560d5e0>,<entities.dtn.DTN object at 0x1055da400>
11.402275000000026,76.76054863238284,98080,<entities.dtn.DTN object at 0x10560d5e0>,<entities.dtn.DTN object at 0x1055da400>
11.412350000000027,76.77357615782158,98080,<entities.dtn.DTN object at 0x10560d5e0>,<entities.dtn.DTN object at 0x1055da400>
11.422425000000027,76.78660147265053,98080,<entities.dtn.DTN object at 0x10560d5e0>,<entities.dtn.DTN object at 0x1055da400>
11.432500000000028,76.7996245779947,98080,<entities.dtn.DTN object at 0x10560d5e0>,<entities.dtn.DTN object at 0x1055da400>
11.442575000000028,76.81264547497818,98080,<entities.dtn.DTN object at 0x10560d5e0>,<entities.dtn.DTN object at 0x1055da400>
11.452650000000029,76.82566416472407,98080,<entities.dtn.DTN object at 0x10560d5e0>,<entities.dtn.DTN object at 0x1055da400>
11.46272500000003,76.83868064835454,98080,<entities.dtn.DTN object at 0x10560d5e0>,<entities.dtn.DTN object at 0x1055da400>
11.47280000000003,76.8516949269908,98080,<entities.dtn.DTN object at 0x10560d5e0>,<entities.dtn.DTN object at 0x1055da400>
11.48287500000003,76.8647070017531,98080,<entities.dtn.DTN object at 0x10560d5e0>,<entities.dtn.DTN object at 0x1055da400>
11.49295000000003,76.87771687376078,98080,<entities.dtn.DTN object at 0x10560d5e0>,<entities.dtn.DTN object at 0x1055da400>
11.503025000000031,76.89072454413218,98080,<entities.dtn.DTN object at 0x10560d5e0>,<entities.dtn.DTN object at 0x1055da400>
11.513100000000032,76.90373001398474,98080,<entities.dtn.DTN object at 0x10560d5e0>,<entities.dtn.DTN object at 0x1055da400>
11.523175000000032,76.91673328443493,98080,<entities.dtn.DTN object at 0x10560d5e0>,<entities.dtn.DTN object at 0x1055da400>
11.533250000000033,76.92973435659827,98080,<entities.dtn.DTN object at 0x10560d5e0>,<entities.dtn.DTN object at 0x1055da400>
11.543325000000033,76.94273323158937,98080,<entities.dtn.DTN object at 0x10560d5e0>,<entities.dtn.DTN object at 0x1055da400>
11.553400000000034,76.95572991052187,98080,<entities.dtn.DTN object at 0x10560d5e0>,<entities.dtn.DTN object at 0x1055da400>
11.563475000000034,76.96872439450847,98080,<entities.dtn.DTN object at 0x10560d5e0>,<entities.dtn.DTN object at 0x1055da400>
11.573550000000035,76.98171668466095,98080,<entities.dtn.DTN object at 0x10560d5e0>,<entities.dtn.DTN object at 0x1055da400>
11.583625000000035,76.99470678209015,98080,<entities.dtn.DTN object at 0x10560d5e0>,<entities.dtn.DTN object at 0x1055da400>
11.593700000000036,77.00769468790594,98080,<entities.dtn.DTN object at 0x10560d5e0>,<entities.dtn.DTN object at 0x1055da400>
11.603775000000036,77.02068040321728,98080,<entities.dtn.DTN object at 0x10560d5e0>,<entities.dtn.DTN object at 0x1055da400>
11.613850000000037,77.0336639291322,98080,<entities.dtn.DTN object at 0x10560d5e0>,<entities.dtn.DTN object at 0x1055da400>
11.623925000000037,77.04664526675779,98080,<entities.dtn.DTN object at 0x10560d5e0>,<entities.dtn.DTN object at 0x1055da400>
11.634000000000038,77.0596244172002,98080,<entities.dtn.DTN object at 0x10560d5e0>,<entities.dtn.DTN object at 0x1055da400>
11.644075000000038,77.07260138156465,98080,<entities.dtn.DTN object at 0x10560d5e0>,<entities.dtn.DTN object at 0x1055da400>
11.654150000000039,77.08557616095544,98080,<entities.dtn.DTN object at 0x10560d5e0>,<entities.dtn.DTN object at 0x1055da400>
11.66422500000004,77.09854875647594,98080,<entities.dtn.DTN object at 0x10560d5e0>,<entities.dtn.DTN object at 0x1055da400>
11.67430000000004,77.11151916922856,98080,<entities.dtn.DTN object at 0x10560d5e0>,<entities.dtn.DTN object at 0x1055da400>
11.68437500000004,77.12448740031483,98080,<entities.dtn.DTN object at 0x10560d5e0>,<entities.dtn.DTN object at 0x1055da400>
11.69445000000004,77.13745345083534,98080,<entities.dtn.DTN object at 0x10560d5e0>,<entities.dtn.DTN object at 0x1055da400>
11.704525000000041,77.15041732188972,98080,<entities.dtn.DTN object at 0x10560d5e0>,<entities.dtn.DTN object at 0x1055da400>
11.714600000000042,77.16337901457672,98080,<entities.dtn.DTN object at 0x10560d5e0>,<entities.dtn.DTN object at 0x1055da400>
11.724675000000042,77.17633852999414,98080,<entities.dtn.DTN object at 0x10560d5e0>,<entities.dtn.DTN object at 0x1055da400>
11.734750000000043,77.18929586923888,98080,<entities.dtn.DTN object at 0x10560d5e0>,<entities.dtn.DTN object at 0x1055da400>
11.744825000000043,77.2022510334069,98080,<entities.dtn.DTN object at 0x10560d5e0>,<entities.dtn.DTN object at 0x1055da400>
11.754900000000044,77.21520402359324,98080,<entities.dtn.DTN object at 0x10560d5e0>,<entities.dtn.DTN object at 0x1055da400>
11.764975000000044,77.22815484089206,98080,<entities.dtn.DTN object at 0x10560d5e0>,<entities.dtn.DTN object at 0x1055da400>
11.775050000000045,77.24110348639654,98080,<entities.dtn.DTN object at 0x10560d5e0>,<entities.dtn.DTN object at 0x1055da400>
11.785125000000045,77.25404996119899,98080,<entities.dtn.DTN object at 0x10560d5e0>,<entities.dtn.DTN object at 0x1055da400>
11.795200000000046,77.26699426639078,98080,<entities.dtn.DTN object at 0x10560d5e0>,<entities.dtn.DTN object at 0x1055da400>
11.805275000000046,77.2799364030624,98080,<entities.dtn.DTN object at 0x10560d5e0>,<entities.dtn.DTN object at 0x1055da400>
11.815350000000047,77.29287637230337,98080,<entities.dtn.DTN object at 0x10560d5e0>,<entities.dtn.DTN object at 0x1055da400>
11.825425000000047,77.30581417520234,98080,<entities.dtn.DTN object at 0x10560d5e0>,<entities.dtn.DTN object at 0x1055da400>
11.835500000000048,77.31874981284706,98080,<entities.dtn.DTN object at 0x10560d5e0>,<entities.dtn.DTN object at 0x1055da400>
11.845575000000048,77.33168328632432,98080,<entities.dtn.DTN object at 0x10560d5e0>,<entities.dtn.DTN object at 0x1055da400>
11.855650000000049,77.34461459672005,98080,<entities.dtn.DTN object at 0x10560d5e0>,<entities.dtn.DTN object at 0x1055da400>
11.86572500000005,77.35754374511924,98080,<entities.dtn.DTN object at 0x10560d5e0>,<entities.dtn.DTN object at 0x1055da400>
11.87580000000005,77.37047073260601,98080,<entities.dtn.DTN object at 0x10560d5e0>,<entities.dtn.DTN object at 0x1055da400>
11.88587500000005,77.38339556026352,98080,<entities.dtn.DTN object at 0x10560d5e0>,<entities.dtn.DTN object at 0x1055da400>
11.89595000000005,77.39631822917408,98080,<entities.dtn.DTN object at 0x10560d5e0>,<entities.dtn.DTN object at 0x1055da400>
11.906025000000051,77.40923874041907,98080,<entities.dtn.DTN object at 0x10560d5e0>,<entities.dtn.DTN object at 0x1055da400>
11.916100000000052,77.42215709507894,98080,<entities.dtn.DTN object at 0x10560d5e0>,<entities.dtn.DTN object at 0x1055da400>
11.926175000000052,77.4350732942333,98080,<entities.dtn.DTN object at 0x10560d5e0>,<entities.dtn.DTN object at 0x1055da400>
11.936250000000053,77.44798733896081,98080,<entities.dtn.DTN object at 0x10560d5e0>,<entities.dtn.DTN object at 0x1055da400>
11.946325000000053,77.46089923033927,98080,<entities.dtn.DTN object at 0x10560d5e0>,<entities.dtn.DTN object at 0x1055da400>
11.956400000000054,77.47380896944553,98080,<entities.dtn.DTN object at 0x10560d5e0>,<entities.dtn.DTN object at 0x1055da400>
11.966475000000054,77.48671655735558,98080,<entities.dtn.DTN object at 0x10560d5e0>,<entities.dtn.DTN object at 0x1055da400>
11.976550000000055,77.49962199514452,98080,<entities.dtn.DTN object at 0x10560d5e0>,<entities.dtn.DTN object at 0x1055da400>
11.986625000000055,77.51252528388653,98080,<entities.dtn.DTN object at 0x10560d5e0>,<entities.dtn.DTN object at 0x1055da400>
11.996700000000056,77.52542642465491,98080,<entities.dtn.DTN object at 0x10560d5e0>,<entities.dtn.DTN object at 0x1055da400>
12.006775000000056,77.53832541852206,98080,<entities.dtn.DTN object at 0x10560d5e0>,<entities.dtn.DTN object at 0x1055da400>
12.016850000000057,77.5512222665595,98080,<entities.dtn.DTN object at 0x10560d5e0>,<entities.dtn.DTN object at 0x1055da400>
12.026925000000057,77.56411696983785,98080,<entities.dtn.DTN object at 0x10560d5e0>,<entities.dtn.DTN object at 0x1055da400>
12.037000000000058,77.57700952942683,98080,<entities.dtn.DTN object at 0x10560d5e0>,<entities.dtn.DTN object at 0x1055da400>
12.047075000000058,77.58989994639529,98080,<entities.dtn.DTN object at 0x10560d5e0>,<entities.dtn.DTN object at 0x1055da400>
12.057150000000059,77.60278822181118,98080,<entities.dtn.DTN object at 0x10560d5e0>,<entities.dtn.DTN object at 0x1055da400>
12.06722500000006,77.61567435674156,98080,<entities.dtn.DTN object at 0x10560d5e0>,<entities.dtn.DTN object at 0x1055da400>
12.07730000000006,77.62855835225263,98080,<entities.dtn.DTN object at 0x10560d5e0>,<entities.dtn.DTN object at 0x1055da400>
12.08737500000006,77.64144020940965,98080,<entities.dtn.DTN object at 0x10560d5e0>,<entities.dtn.DTN object at 0x1055da400>
12.09745000000006,77.65431992927707,98080,<entities.dtn.DTN object at 0x10560d5e0>,<entities.dtn.DTN object at 0x1055da400>
12.107525000000061,77.66719751291839,98080,<entities.dtn.DTN object at 0x10560d5e0>,<entities.dtn.DTN object at 0x1055da400>
12.117600000000062,77.68007296139629,98080,<entities.dtn.DTN object at 0x10560d5e0>,<entities.dtn.DTN object at 0x1055da400>
12.127675000000062,77.69294627577251,98080,<entities.dtn.DTN object at 0x10560d5e0>,<entities.dtn.DTN object at 0x1055da400>
12.137750000000063,77.70581745710795,98080,<entities.dtn.DTN object at 0x10560d5e0>,<entities.dtn.DTN object at 0x1055da400>
12.147825000000063,77.71868650646262,98080,<entities.dtn.DTN object at 0x10560d5e0>,<entities.dtn.DTN object at 0x1055da400>
12.157900000000064,77.73155342489564,98080,<entities.dtn.DTN object at 0x10560d5e0>,<entities.dtn.DTN object at 0x1055da400>
12.167975000000064,77.74441821346527,98080,<entities.dtn.DTN object at 0x10560d5e0>,<entities.dtn.DTN object at 0x1055da400>
12.178050000000065,77.75728087322888,98080,<entities.dtn.DTN object at 0x10560d5e0>,<entities.dtn.DTN object at 0x1055da400>
12.188125000000065,77.77014140524298,98080,<entities.dtn.DTN object at 0x10560d5e0>,<entities.dtn.DTN object at 0x1055da400>
12.198200000000066,77.78299981056321,98080,<entities.dtn.DTN object at 0x10560d5e0>,<entities.dtn.DTN object at 0x1055da400>
12.208275000000066,77.79585609024431,98080,<entities.dtn.DTN object at 0x10560d5e0>,<entities.dtn.DTN object at 0x1055da400>
12.218350000000067,77.80871024534018,98080,<entities.dtn.DTN object at 0x10560d5e0>,<entities.dtn.DTN object at 0x1055da400>
12.228425000000067,77.82156227690383,98080,<entities.dtn.DTN object at 0x10560d5e0>,<entities.dtn.DTN object at 0x1055da400>
12.238500000000068,77.8344121859874,98080,<entities.dtn.DTN object at 0x10560d5e0>,<entities.dtn.DTN object at 0x1055da400>
12.248575000000068,77.84725997364218,98080,<entities.dtn.DTN object at 0x10560d5e0>,<entities.dtn.DTN object at 0x1055da400>
12.258650000000069,77.86010564091858,98080,<entities.dtn.DTN object at 0x10560d5e0>,<entities.dtn.DTN object at 0x1055da400>
12.26872500000007,77.87294918886612,98080,<entities.dtn.DTN object at 0x10560d5e0>,<entities.dtn.DTN object at 0x1055da400>
12.27880000000007,77.88579061853349,98080,<entities.dtn.DTN object at 0x10560d5e0>,<entities.dtn.DTN object at 0x1055da400>
12.28887500000007,77.89862993096851,98080,<entities.dtn.DTN object at 0x10560d5e0>,<entities.dtn.DTN object at 0x1055da400>
12.29895000000007,77.91146712721813,98080,<entities.dtn.DTN object at 0x10560d5e0>,<entities.dtn.DTN object at 0x1055da400>
12.309025000000071,77.92430220832843,98080,<entities.dtn.DTN object at 0x10560d5e0>,<entities.dtn.DTN object at 0x1055da400>
12.319100000000072,77.93713517534462,98080,<entities.dtn.DTN object at 0x10560d5e0>,<entities.dtn.DTN object at 0x1055da400>
12.329175000000072,77.9499660293111,98080,<entities.dtn.DTN object at 0x10560d5e0>,<entities.dtn.DTN object at 0x1055da400>
12.339250000000073,77.96279477127135,98080,<entities.dtn.DTN object at 0x10560d5e0>,<entities.dtn.DTN object at 0x1055da400>
12.349325000000073,77.97562140226802,98080,<entities.dtn.DTN object at 0x10560d5e0>,<entities.dtn.DTN object at 0x1055da400>
12.359400000000074,77.9884459233429,98080,<entities.dtn.DTN object at 0x10560d5e0>,<entities.dtn.DTN object at 0x1055da400>
12.369475000000074,78.0012683355369,98080,<entities.dtn.DTN object at 0x10560d5e0>,<entities.dtn.DTN object at 0x1055da400>
12.379550000000075,78.01408863989015,98080,<entities.dtn.DTN object at 0x10560d5e0>,<entities.dtn.DTN object at 0x1055da400>
12.389625000000075,78.02690683744183,98080,<entities.dtn.DTN object at 0x10560d5e0>,<entities.dtn.DTN object at 0x1055da400>
12.399700000000076,78.03972292923031,98080,<entities.dtn.DTN object at 0x10560d5e0>,<entities.dtn.DTN object at 0x1055da400>
12.409775000000076,78.0525369162931,98080,<entities.dtn.DTN object at 0x10560d5e0>,<entities.dtn.DTN object at 0x1055da400>
12.419850000000077,78.06534879966689,98080,<entities.dtn.DTN object at 0x10560d5e0>,<entities.dtn.DTN object at 0x1055da400>
12.429925000000077,78.07815858038748,98080,<entities.dtn.DTN object at 0x10560d5e0>,<entities.dtn.DTN object at 0x1055da400>
12.440000000000078,78.09096625948983,98080,<entities.dtn.DTN object at 0x10560d5e0>,<entities.dtn.DTN object at 0x1055da400>
12.450075000000078,78.10377183800806,98080,<entities.dtn.DTN object at 0x10560d5e0>,<entities.dtn.DTN object at 0x1055da400>
12.460150000000079,78.11657531697543,98080,<entities.dtn.DTN object at 0x10560d5e0>,<entities.dtn.DTN object at 0x1055da400>
12.47022500000008,78.12937669742436,98080,<entities.dtn.DTN object at 0x10560d5e0>,<entities.dtn.DTN object at 0x1055da400>
12.48030000000008,78.14217598038643,98080,<entities.dtn.DTN object at 0x10560d5e0>,<entities.dtn.DTN object at 0x1055da400>
12.49037500000008,78.15497316689235,98080,<entities.dtn.DTN object at 0x10560d5e0>,<entities.dtn.DTN object at 0x1055da400>
12.50045000000008,78.16776825797203,98080,<entities.dtn.DTN object at 0x10560d5e0>,<entities.dtn.DTN object at 0x1055da400>
12.510525000000081,78.18056125465449,98080,<entities.dtn.DTN object at 0x10560d5e0>,<entities.dtn.DTN object at 0x1055da400>
12.520600000000082,78.19335215796795,98080,<entities.dtn.DTN object at 0x10560d5e0>,<entities.dtn.DTN object at 0x1055da400>
12.530675000000082,78.20614096893975,98080,<entities.dtn.DTN object at 0x10560d5e0>,<entities.dtn.DTN object at 0x1055da400>
12.540750000000083,78.21892768859642,98080,<entities.dtn.DTN object at 0x10560d5e0>,<entities.dtn.DTN object at 0x1055da400>
12.550825000000083,78.23171231796364,98080,<entities.dtn.DTN object at 0x10560d5e0>,<entities.dtn.DTN object at 0x1055da400>
12.560900000000084,78.24449485806625,98080,<entities.dtn.DTN object at 0x10560d5e0>,<entities.dtn.DTN object at 0x1055da400>
12.570975000000084,78.25727530992825,98080,<entities.dtn.DTN object at 0x10560d5e0>,<entities.dtn.DTN object at 0x1055da400>
12.581050000000085,78.27005367457281,98080,<entities.dtn.DTN object at 0x10560d5e0>,<entities.dtn.DTN object at 0x1055da400>
12.591125000000085,78.28282995302226,98080,<entities.dtn.DTN object at 0x10560d5e0>,<entities.dtn.DTN object at 0x1055da400>
12.601200000000086,78.2956041462981,98080,<entities.dtn.DTN object at 0x10560d5e0>,<entities.dtn.DTN object at 0x1055da400>
12.611275000000086,78.30837625542101,98080,<entities.dtn.DTN object at 0x10560d5e0>,<entities.dtn.DTN object at 0x1055da400>
12.621350000000087,78.3211462814108,98080,<entities.dtn.DTN object at 0x10560d5e0>,<entities.dtn.DTN object at 0x1055da400>
12.631425000000087,78.33391422528649,98080,<entities.dtn.DTN object at 0x10560d5e0>,<entities.dtn.DTN object at 0x1055da400>
12.641500000000088,78.34668008806624,98080,<entities.dtn.DTN object at 0x10560d5e0>,<entities.dtn.DTN object at 0x1055da400>
12.651575000000088,78.35944387076738,98080,<entities.dtn.DTN object at 0x10560d5e0>,<entities.dtn.DTN object at 0x1055da400>
12.661650000000089,78.37220557440644,98080,<entities.dtn.DTN object at 0x10560d5e0>,<entities.dtn.DTN object at 0x1055da400>
12.67172500000009,78.38496519999909,98080,<entities.dtn.DTN object at 0x10560d5e0>,<entities.dtn.DTN object at 0x1055da400>
12.68180000000009,78.3977227485602,98080,<entities.dtn.DTN object at 0x10560d5e0>,<entities.dtn.DTN object at 0x1055da400>
12.69187500000009,78.4104782211038,98080,<entities.dtn.DTN object at 0x10560d5e0>,<entities.dtn.DTN object at 0x1055da400>
12.70195000000009,78.4232316186431,98080,<entities.dtn.DTN object at 0x10560d5e0>,<entities.dtn.DTN object at 0x1055da400>
12.712025000000091,78.43598294219048,98080,<entities.dtn.DTN object at 0x10560d5e0>,<entities.dtn.DTN object at 0x1055da400>
12.722100000000092,78.44873219275749,98080,<entities.dtn.DTN object at 0x10560d5e0>,<entities.dtn.DTN object at 0x1055da400>
12.732175000000092,78.46147937135488,98080,<entities.dtn.DTN object at 0x10560d5e0>,<entities.dtn.DTN object at 0x1055da400>
12.742250000000093,78.47422447899257,98080,<entities.dtn.DTN object at 0x10560d5e0>,<entities.dtn.DTN object at 0x1055da400>
12.752325000000093,78.48696751667964,98080,<entities.dtn.DTN object at 0x10560d5e0>,<entities.dtn.DTN object at 0x1055da400>
12.762400000000094,78.49970848542439,98080,<entities.dtn.DTN object at 0x10560d5e0>,<entities.dtn.DTN object at 0x1055da400>
12.772475000000094,78.51244738623427,98080,<entities.dtn.DTN object at 0x10560d5e0>,<entities.dtn.DTN object at 0x1055da400>
12.782550000000095,78.52518422011592,98080,<entities.dtn.DTN object at 0x10560d5e0>,<entities.dtn.DTN object at 0x1055da400>
12.792625000000095,78.53791898807516,98080,<entities.dtn.DTN object at 0x10560d5e0>,<entities.dtn.DTN object at 0x1055da400>
12.802700000000096,78.55065169111701,98080,<entities.dtn.DTN object at 0x10560d5e0>,<entities.dtn.DTN object at 0x1055da400>
12.812775000000096,78.56338233024566,98080,<entities.dtn.DTN object at 0x10560d5e0>,<entities.dtn.DTN object at 0x1055da400>
12.822850000000097,78.57611090646449,98080,<entities.dtn.DTN object at 0x10560d5e0>,<entities.dtn.DTN object at 0x1055da400>
12.832925000000097,78.58883742077607,98080,<entities.dtn.DTN object at 0x10560d5e0>,<entities.dtn.DTN object at 0x1055da400>
12.843000000000098,78.60156187418217,98080,<entities.dtn.DTN object at 0x10560d5e0>,<entities.dtn.DTN object at 0x1055da400>
12.853075000000098,78.61428426768371,98080,<entities.dtn.DTN object at 0x10560d5e0>,<entities.dtn.DTN object at 0x1055da400>
12.863150000000099,78.62700460228086,98080,<entities.dtn.DTN object at 0x10560d5e0>,<entities.dtn.DTN object at 0x1055da400>
12.8732250000001,78.63972287897293,98080,<entities.dtn.DTN object at 0x10560d5e0>,<entities.dtn.DTN object at 0x1055da400>
12.8833000000001,78.65243909875844,98080,<entities.dtn.DTN object at 0x10560d5e0>,<entities.dtn.DTN object at 0x1055da400>
12.8933750000001,78.66515326263509,98080,<entities.dtn.DTN object at 0x10560d5e0>,<entities.dtn.DTN object at 0x1055da400>
12.9034500000001,78.6778653715998,98080,<entities.dtn.DTN object at 0x10560d5e0>,<entities.dtn.DTN object at 0x1055da400>
12.913525000000101,78.69057542664865,98080,<entities.dtn.DTN object at 0x10560d5e0>,<entities.dtn.DTN object at 0x1055da400>
12.923600000000102,78.70328342877696,98080,<entities.dtn.DTN object at 0x10560d5e0>,<entities.dtn.DTN object at 0x1055da400>
12.933675000000102,78.71598937897922,98080,<entities.dtn.DTN object at 0x10560d5e0>,<entities.dtn.DTN object at 0x1055da400>
12.943750000000103,78.7286932782491,98080,<entities.dtn.DTN object at 0x10560d5e0>,<entities.dtn.DTN object at 0x1055da400>
12.953825000000103,78.74139512757951,98080,<entities.dtn.DTN object at 0x10560d5e0>,<entities.dtn.DTN object at 0x1055da400>
12.963900000000104,78.75409492796251,98080,<entities.dtn.DTN object at 0x10560d5e0>,<entities.dtn.DTN object at 0x1055da400>
12.973975000000104,78.76679268038941,98080,<entities.dtn.DTN object at 0x10560d5e0>,<entities.dtn.DTN object at 0x1055da400>
12.984050000000105,78.7794883858507,98080,<entities.dtn.DTN object at 0x10560d5e0>,<entities.dtn.DTN object at 0x1055da400>
12.994125000000105,78.79218204533605,98080,<entities.dtn.DTN object at 0x10560d5e0>,<entities.dtn.DTN object at 0x1055da400>
13.004200000000106,78.80487365983436,98080,<entities.dtn.DTN object at 0x10560d5e0>,<entities.dtn.DTN object at 0x1055da400>
13.014275000000106,78.81756323033372,98080,<entities.dtn.DTN object at 0x10560d5e0>,<entities.dtn.DTN object at 0x1055da400>
13.024350000000107,78.83025075782143,98080,<entities.dtn.DTN object at 0x10560d5e0>,<entities.dtn.DTN object at 0x1055da400>
13.034425000000107,78.84293624328402,98080,<entities.dtn.DTN object at 0x10560d5e0>,<entities.dtn.DTN object at 0x1055da400>
13.044500000000108,78.85561968770718,98080,<entities.dtn.DTN object at 0x10560d5e0>,<entities.dtn.DTN object at 0x1055da400>
13.054575000000108,78.86830109207582,98080,<entities.dtn.DTN object at 0x10560d5e0>,<entities.dtn.DTN object at 0x1055da400>
13.064650000000109,78.8809804573741,98080,<entities.dtn.DTN object at 0x10560d5e0>,<entities.dtn.DTN object at 0x1055da400>
13.07472500000011,78.89365778458532,98080,<entities.dtn.DTN object at 0x10560d5e0>,<entities.dtn.DTN object at 0x1055da400>
13.08480000000011,78.90633307469204,98080,<entities.dtn.DTN object at 0x10560d5e0>,<entities.dtn.DTN object at 0x1055da400>
13.09487500000011,78.91900632867602,98080,<entities.dtn.DTN object at 0x10560d5e0>,<entities.dtn.DTN object at 0x1055da400>
13.10495000000011,78.93167754751822,98080,<entities.dtn.DTN object at 0x10560d5e0>,<entities.dtn.DTN object at 0x1055da400>
13.115025000000111,78.94434673219884,98080,<entities.dtn.DTN object at 0x10560d5e0>,<entities.dtn.DTN object at 0x1055da400>
13.125100000000112,78.95701388369726,98080,<entities.dtn.DTN object at 0x10560d5e0>,<entities.dtn.DTN object at 0x1055da400>
13.135175000000112,78.96967900299208,98080,<entities.dtn.DTN object at 0x10560d5e0>,<entities.dtn.DTN object at 0x1055da400>
13.145250000000113,78.98234209106114,98080,<entities.dtn.DTN object at 0x10560d5e0>,<entities.dtn.DTN object at 0x1055da400>
13.155325000000113,78.99500314888147,98080,<entities.dtn.DTN object at 0x10560d5e0>,<entities.dtn.DTN object at 0x1055da400>
13.165400000000114,79.00766217742932,98080,<entities.dtn.DTN object at 0x10560d5e0>,<entities.dtn.DTN object at 0x1055da400>
13.175475000000114,79.0203191776802,98080,<entities.dtn.DTN object at 0x10560d5e0>,<entities.dtn.DTN object at 0x1055da400>
13.185550000000115,79.03297415060875,98080,<entities.dtn.DTN object at 0x10560d5e0>,<entities.dtn.DTN object at 0x1055da400>
13.195625000000115,79.04562709718893,98080,<entities.dtn.DTN object at 0x10560d5e0>,<entities.dtn.DTN object at 0x1055da400>
13.205700000000116,79.05827801839385,98080,<entities.dtn.DTN object at 0x10560d5e0>,<entities.dtn.DTN object at 0x1055da400>
13.215775000000116,79.07092691519587,98080,<entities.dtn.DTN object at 0x10560d5e0>,<entities.dtn.DTN object at 0x1055da400>
13.225850000000117,79.08357378856657,98080,<entities.dtn.DTN object at 0x10560d5e0>,<entities.dtn.DTN object at 0x1055da400>
13.235925000000117,79.09621863947675,98080,<entities.dtn.DTN object at 0x10560d5e0>,<entities.dtn.DTN object at 0x1055da400>
13.246000000000118,79.10886146889642,98080,<entities.dtn.DTN object at 0x10560d5e0>,<entities.dtn.DTN object at 0x1055da400>
13.256075000000118,79.12150227779485,98080,<entities.dtn.DTN object at 0x10560d5e0>,<entities.dtn.DTN object at 0x1055da400>
13.266150000000119,79.13414106714049,98080,<entities.dtn.DTN object at 0x10560d5e0>,<entities.dtn.DTN object at 0x1055da400>
13.27622500000012,79.14677783790106,98080,<entities.dtn.DTN object at 0x10560d5e0>,<entities.dtn.DTN object at 0x1055da400>
13.28630000000012,79.15941259104348,98080,<entities.dtn.DTN object at 0x10560d5e0>,<entities.dtn.DTN object at 0x1055da400>
13.29637500000012,79.17204532753391,98080,<entities.dtn.DTN object at 0x10560d5e0>,<entities.dtn.DTN object at 0x1055da400>
13.30645000000012,79.18467604833774,98080,<entities.dtn.DTN object at 0x10560d5e0>,<entities.dtn.DTN object at 0x1055da400>
13.316525000000121,79.19730475441958,98080,<entities.dtn.DTN object at 0x10560d5e0>,<entities.dtn.DTN object at 0x1055da400>
13.326600000000122,79.20993144674327,98080,<entities.dtn.DTN object at 0x10560d5e0>,<entities.dtn.DTN object at 0x1055da400>
13.336675000000122,79.2225561262719,98080,<entities.dtn.DTN object at 0x10560d5e0>,<entities.dtn.DTN object at 0x1055da400>
13.346750000000123,79.23517879396778,98080,<entities.dtn.DTN object at 0x10560d5e0>,<entities.dtn.DTN object at 0x1055da400>
13.356825000000123,79.24779945079244,98080,<entities.dtn.DTN object at 0x10560d5e0>,<entities.dtn.DTN object at 0x1055da400>
13.366900000000124,79.26041809770668,98080,<entities.dtn.DTN object at 0x10560d5e0>,<entities.dtn.DTN object at 0x1055da400>
13.376975000000124,79.27303473567049,98080,<entities.dtn.DTN object at 0x10560d5e0>,<entities.dtn.DTN object at 0x1055da400>
13.387050000000125,79.28564936564315,98080,<entities.dtn.DTN object at 0x10560d5e0>,<entities.dtn.DTN object at 0x1055da400>
13.397125000000125,79.29826198858314,98080,<entities.dtn.DTN object at 0x10560d5e0>,<entities.dtn.DTN object at 0x1055da400>
13.407200000000126,79.31087260544815,98080,<entities.dtn.DTN object at 0x10560d5e0>,<entities.dtn.DTN object at 0x1055da400>
13.417275000000126,79.32348121719518,98080,<entities.dtn.DTN object at 0x10560d5e0>,<entities.dtn.DTN object at 0x1055da400>
13.427350000000127,79.33608782478042,98080,<entities.dtn.DTN object at 0x10560d5e0>,<entities.dtn.DTN object at 0x1055da400>
13.437425000000127,79.34869242915931,98080,<entities.dtn.DTN object at 0x10560d5e0>,<entities.dtn.DTN object at 0x1055da400>
13.447500000000128,79.36129503128653,98080,<entities.dtn.DTN object at 0x10560d5e0>,<entities.dtn.DTN object at 0x1055da400>
13.457575000000128,79.37389563211602,98080,<entities.dtn.DTN object at 0x10560d5e0>,<entities.dtn.DTN object at 0x1055da400>
13.467650000000129,79.38649423260092,98080,<entities.dtn.DTN object at 0x10560d5e0>,<entities.dtn.DTN object at 0x1055da400>
13.47772500000013,79.39909083369368,98080,<entities.dtn.DTN object at 0x10560d5e0>,<entities.dtn.DTN object at 0x1055da400>
13.48780000000013,79.41168543634592,98080,<entities.dtn.DTN object at 0x10560d5e0>,<entities.dtn.DTN object at 0x1055da400>
13.49787500000013,79.42427804150856,98080,<entities.dtn.DTN object at 0x10560d5e0>,<entities.dtn.DTN object at 0x1055da400>
13.50795000000013,79.43686865013174,98080,<entities.dtn.DTN object at 0x10560d5e0>,<entities.dtn.DTN object at 0x1055da400>
13.518025000000131,79.44945726316487,98080,<entities.dtn.DTN object at 0x10560d5e0>,<entities.dtn.DTN object at 0x1055da400>
13.528100000000132,79.46204388155658,98080,<entities.dtn.DTN object at 0x10560d5e0>,<entities.dtn.DTN object at 0x1055da400>
13.538175000000132,79.47462850625476,98080,<entities.dtn.DTN object at 0x10560d5e0>,<entities.dtn.DTN object at 0x1055da400>
13.548250000000133,79.48721113820656,98080,<entities.dtn.DTN object at 0x10560d5e0>,<entities.dtn.DTN object at 0x1055da400>
13.558325000000133,79.49979177835836,98080,<entities.dtn.DTN object at 0x10560d5e0>,<entities.dtn.DTN object at 0x1055da400>
13.568400000000134,79.51237042765581,98080,<entities.dtn.DTN object at 0x10560d5e0>,<entities.dtn.DTN object at 0x1055da400>
13.578475000000134,79.5249470870438,98080,<entities.dtn.DTN object at 0x10560d5e0>,<entities.dtn.DTN object at 0x1055da400>
13.588550000000135,79.53752175746646,98080,<entities.dtn.DTN object at 0x10560d5e0>,<entities.dtn.DTN object at 0x1055da400>
13.598625000000135,79.55009443986722,98080,<entities.dtn.DTN object at 0x10560d5e0>,<entities.dtn.DTN object at 0x1055da400>
13.608700000000136,79.56266513518872,98080,<entities.dtn.DTN object at 0x10560d5e0>,<entities.dtn.DTN object at 0x1055da400>
13.618775000000136,79.57523384437287,98080,<entities.dtn.DTN object at 0x10560d5e0>,<entities.dtn.DTN object at 0x1055da400>
13.628850000000137,79.58780056836083,98080,<entities.dtn.DTN object at 0x10560d5e0>,<entities.dtn.DTN object at 0x1055da400>
13.638925000000137,79.60036530809303,98080,<entities.dtn.DTN object at 0x10560d5e0>,<entities.dtn.DTN object at 0x1055da400>
13.649000000000138,79.61292806450915,98080,<entities.dtn.DTN object at 0x10560d5e0>,<entities.dtn.DTN object at 0x1055da400>
13.659075000000138,79.62548883854814,98080,<entities.dtn.DTN object at 0x10560d5e0>,<entities.dtn.DTN object at 0x1055da400>
13.669150000000139,79.63804763114817,98080,<entities.dtn.DTN object at 0x10560d5e0>,<entities.dtn.DTN object at 0x1055da400>
13.67922500000014,79.65060444324672,98080,<entities.dtn.DTN object at 0x10560d5e0>,<entities.dtn.DTN object at 0x1055da400>
13.68930000000014,79.66315927578052,98080,<entities.dtn.DTN object at 0x10560d5e0>,<entities.dtn.DTN object at 0x1055da400>
13.69937500000014,79.67571212968552,98080,<entities.dtn.DTN object at 0x10560d5e0>,<entities.dtn.DTN object at 0x1055da400>
13.70945000000014,79.68826300589699,98080,<entities.dtn.DTN object at 0x10560d5e0>,<entities.dtn.DTN object at 0x1055da400>
13.719525000000141,79.70081190534941,98080,<entities.dtn.DTN object at 0x10560d5e0>,<entities.dtn.DTN object at 0x1055da400>
13.729600000000142,79.71335882897658,98080,<entities.dtn.DTN object at 0x10560d5e0>,<entities.dtn.DTN object at 0x1055da400>
13.739675000000142,79.72590377771152,98080,<entities.dtn.DTN object at 0x10560d5e0>,<entities.dtn.DTN object at 0x1055da400>
13.749750000000143,79.73844675248655,98080,<entities.dtn.DTN object at 0x10560d5e0>,<entities.dtn.DTN object at 0x1055da400>
13.759825000000143,79.75098775423322,98080,<entities.dtn.DTN object at 0x10560d5e0>,<entities.dtn.DTN object at 0x1055da400>
13.769900000000144,79.76352678388238,98080,<entities.dtn.DTN object at 0x10560d5e0>,<entities.dtn.DTN object at 0x1055da400>
13.779975000000144,79.77606384236414,98080,<entities.dtn.DTN object at 0x10560d5e0>,<entities.dtn.DTN object at 0x1055da400>
13.790050000000145,79.78859893060785,98080,<entities.dtn.DTN object at 0x10560d5e0>,<entities.dtn.DTN object at 0x1055da400>
13.800125000000145,79.80113204954216,98080,<entities.dtn.DTN object at 0x10560d5e0>,<entities.dtn.DTN object at 0x1055da400>
13.810200000000146,79.81366320009501,98080,<entities.dtn.DTN object at 0x10560d5e0>,<entities.dtn.DTN object at 0x1055da400>
13.820275000000146,79.82619238319356,98080,<entities.dtn.DTN object at 0x10560d5e0>,<entities.dtn.DTN object at 0x1055da400>
13.830350000000147,79.83871959976427,98080,<entities.dtn.DTN object at 0x10560d5e0>,<entities.dtn.DTN object at 0x1055da400>
13.840425000000147,79.8512448507329,98080,<entities.dtn.DTN object at 0x10560d5e0>,<entities.dtn.DTN object at 0x1055da400>
13.850500000000148,79.86376813702442,98080,<entities.dtn.DTN object at 0x10560d5e0>,<entities.dtn.DTN object at 0x1055da400>
13.860575000000148,79.87628945956313,98080,<entities.dtn.DTN object at 0x10560d5e0>,<entities.dtn.DTN object at 0x1055da400>
13.870650000000149,79.88880881927257,98080,<entities.dtn.DTN object at 0x10560d5e0>,<entities.dtn.DTN object at 0x1055da400>
13.88072500000015,79.90132621707559,98080,<entities.dtn.DTN object at 0x10560d5e0>,<entities.dtn.DTN object at 0x1055da400>
13.89080000000015,79.9138416538943,98080,<entities.dtn.DTN object at 0x10560d5e0>,<entities.dtn.DTN object at 0x1055da400>
13.90087500000015,79.92635513065007,98080,<entities.dtn.DTN object at 0x10560d5e0>,<entities.dtn.DTN object at 0x1055da400>
13.91095000000015,79.93886664826357,98080,<entities.dtn.DTN object at 0x10560d5e0>,<entities.dtn.DTN object at 0x1055da400>
13.921025000000151,79.95137620765475,98080,<entities.dtn.DTN object at 0x10560d5e0>,<entities.dtn.DTN object at 0x1055da400>
13.931100000000152,79.96388380974282,98080,<entities.dtn.DTN object at 0x10560d5e0>,<entities.dtn.DTN object at 0x1055da400>
13.941175000000152,79.97638945544632,98080,<entities.dtn.DTN object at 0x10560d5e0>,<entities.dtn.DTN object at 0x1055da400>
13.951250000000153,79.98889314568302,98080,<entities.dtn.DTN object at 0x10560d5e0>,<entities.dtn.DTN object at 0x1055da400>
13.961325000000153,80.00139488136999,98080,<entities.dtn.DTN object at 0x10560d5e0>,<entities.dtn.DTN object at 0x1055da400>
13.971400000000154,80.01389466342357,98080,<entities.dtn.DTN object at 0x10560d5e0>,<entities.dtn.DTN object at 0x1055da400>
13.981475000000154,80.02639249275941,98080,<entities.dtn.DTN object at 0x10560d5e0>,<entities.dtn.DTN object at 0x1055da400>
13.991550000000155,80.03888837029244,98080,<entities.dtn.DTN object at 0x10560d5e0>,<entities.dtn.DTN object at 0x1055da400>
14.001625000000155,80.05138229693686,98080,<entities.dtn.DTN object at 0x10560d5e0>,<entities.dtn.DTN object at 0x1055da400>
14.011700000000156,80.06387427360619,98080,<entities.dtn.DTN object at 0x10560d5e0>,<entities.dtn.DTN object at 0x1055da400>
14.021775000000156,80.07636430121318,98080,<entities.dtn.DTN object at 0x10560d5e0>,<entities.dtn.DTN object at 0x1055da400>
14.031850000000157,80.0888523806699,98080,<entities.dtn.DTN object at 0x10560d5e0>,<entities.dtn.DTN object at 0x1055da400>
14.041925000000157,80.10133851288775,98080,<entities.dtn.DTN object at 0x10560d5e0>,<entities.dtn.DTN object at 0x1055da400>
14.052000000000158,80.11382269877734,98080,<entities.dtn.DTN object at 0x10560d5e0>,<entities.dtn.DTN object at 0x1055da400>
14.062075000000158,80.12630493924863,98080,<entities.dtn.DTN object at 0x10560d5e0>,<entities.dtn.DTN object at 0x1055da400>
14.072150000000159,80.13878523521083,98080,<entities.dtn.DTN object at 0x10560d5e0>,<entities.dtn.DTN object at 0x1055da400>
14.08222500000016,80.15126358757249,98080,<entities.dtn.DTN object at 0x10560d5e0>,<entities.dtn.DTN object at 0x1055da400>
14.09230000000016,80.16373999724141,98080,<entities.dtn.DTN object at 0x10560d5e0>,<entities.dtn.DTN object at 0x1055da400>
14.10237500000016,80.1762144651247,98080,<entities.dtn.DTN object at 0x10560d5e0>,<entities.dtn.DTN object at 0x1055da400>
14.11245000000016,80.18868699212877,98080,<entities.dtn.DTN object at 0x10560d5e0>,<entities.dtn.DTN object at 0x1055da400>
14.122525000000161,80.2011575791593,98080,<entities.dtn.DTN object at 0x10560d5e0>,<entities.dtn.DTN object at 0x1055da400>
14.132600000000162,80.21362622712131,98080,<entities.dtn.DTN object at 0x10560d5e0>,<entities.dtn.DTN object at 0x1055da400>
14.142675000000162,80.22609293691907,98080,<entities.dtn.DTN object at 0x10560d5e0>,<entities.dtn.DTN object at 0x1055da400>
14.152750000000163,80.23855770945619,98080,<entities.dtn.DTN object at 0x10560d5e0>,<entities.dtn.DTN object at 0x1055da400>
14.162825000000163,80.25102054563554,98080,<entities.dtn.DTN object at 0x10560d5e0>,<entities.dtn.DTN object at 0x1055da400>
14.172900000000164,80.26348144635931,98080,<entities.dtn.DTN object at 0x10560d5e0>,<entities.dtn.DTN object at 0x1055da400>
14.182975000000164,80.27594041252898,98080,<entities.dtn.DTN object at 0x10560d5e0>,<entities.dtn.DTN object at 0x1055da400>
14.193050000000165,80.28839744504533,98080,<entities.dtn.DTN object at 0x10560d5e0>,<entities.dtn.DTN object at 0x1055da400>
14.203125000000165,80.30085254480846,98080,<entities.dtn.DTN object at 0x10560d5e0>,<entities.dtn.DTN object at 0x1055da400>
14.213200000000166,80.31330571271776,98080,<entities.dtn.DTN object at 0x10560d5e0>,<entities.dtn.DTN object at 0x1055da400>
14.223275000000166,80.32575694967191,98080,<entities.dtn.DTN object at 0x10560d5e0>,<entities.dtn.DTN object at 0x1055da400>
14.233350000000167,80.33820625656891,98080,<entities.dtn.DTN object at 0x10560d5e0>,<entities.dtn.DTN object at 0x1055da400>
14.243425000000167,80.35065363430606,98080,<entities.dtn.DTN object at 0x10560d5e0>,<entities.dtn.DTN object at 0x1055da400>
14.253500000000168,80.36309908377994,98080,<entities.dtn.DTN object at 0x10560d5e0>,<entities.dtn.DTN object at 0x1055da400>
14.263575000000168,80.3755426058865,98080,<entities.dtn.DTN object at 0x10560d5e0>,<entities.dtn.DTN object at 0x1055da400>
14.273650000000169,80.38798420152092,98080,<entities.dtn.DTN object at 0x10560d5e0>,<entities.dtn.DTN object at 0x1055da400>
14.28372500000017,80.40042387157774,98080,<entities.dtn.DTN object at 0x10560d5e0>,<entities.dtn.DTN object at 0x1055da400>
14.29380000000017,80.41286161695079,98080,<entities.dtn.DTN object at 0x10560d5e0>,<entities.dtn.DTN object at 0x1055da400>
14.30387500000017,80.4252974385332,98080,<entities.dtn.DTN object at 0x10560d5e0>,<entities.dtn.DTN object at 0x1055da400>
14.31395000000017,80.43773133721744,98080,<entities.dtn.DTN object at 0x10560d5e0>,<entities.dtn.DTN object at 0x1055da400>
14.324025000000171,80.45016331389525,98080,<entities.dtn.DTN object at 0x10560d5e0>,<entities.dtn.DTN object at 0x1055da400>
14.334100000000172,80.4625933694577,98080,<entities.dtn.DTN object at 0x10560d5e0>,<entities.dtn.DTN object at 0x1055da400>
14.344175000000172,80.47502150479517,98080,<entities.dtn.DTN object at 0x10560d5e0>,<entities.dtn.DTN object at 0x1055da400>
14.354250000000173,80.48744772079736,98080,<entities.dtn.DTN object at 0x10560d5e0>,<entities.dtn.DTN object at 0x1055da400>
14.364325000000173,80.49987201835329,98080,<entities.dtn.DTN object at 0x10560d5e0>,<entities.dtn.DTN object at 0x1055da400>
14.374400000000174,80.51229439835126,98080,<entities.dtn.DTN object at 0x10560d5e0>,<entities.dtn.DTN object at 0x1055da400>
14.384475000000174,80.52471486167892,98080,<entities.dtn.DTN object at 0x10560d5e0>,<entities.dtn.DTN object at 0x1055da400>
14.394550000000175,80.5371334092232,98080,<entities.dtn.DTN object at 0x10560d5e0>,<entities.dtn.DTN object at 0x1055da400>
14.404625000000175,80.54955004187039,98080,<entities.dtn.DTN object at 0x10560d5e0>,<entities.dtn.DTN object at 0x1055da400>
14.414700000000176,80.56196476050606,98080,<entities.dtn.DTN object at 0x10560d5e0>,<entities.dtn.DTN object at 0x1055da400>
14.424775000000176,80.57437756601512,98080,<entities.dtn.DTN object at 0x10560d5e0>,<entities.dtn.DTN object at 0x1055da400>
14.434850000000177,80.58678845928178,98080,<entities.dtn.DTN object at 0x10560d5e0>,<entities.dtn.DTN object at 0x1055da400>
14.444925000000177,80.59919744118959,98080,<entities.dtn.DTN object at 0x10560d5e0>,<entities.dtn.DTN object at 0x1055da400>
14.455000000000178,80.61160451262141,98080,<entities.dtn.DTN object at 0x10560d5e0>,<entities.dtn.DTN object at 0x1055da400>
14.465075000000178,80.62400967445942,98080,<entities.dtn.DTN object at 0x10560d5e0>,<entities.dtn.DTN object at 0x1055da400>
14.475150000000179,80.6364129275851,98080,<entities.dtn.DTN object at 0x10560d5e0>,<entities.dtn.DTN object at 0x1055da400>
14.48522500000018,80.64881427287929,98080,<entities.dtn.DTN object at 0x10560d5e0>,<entities.dtn.DTN object at 0x1055da400>
14.49530000000018,80.66121371122213,98080,<entities.dtn.DTN object at 0x10560d5e0>,<entities.dtn.DTN object at 0x1055da400>
14.50537500000018,80.6736112434931,98080,<entities.dtn.DTN object at 0x10560d5e0>,<entities.dtn.DTN object at 0x1055da400>
14.51545000000018,80.68600687057098,98080,<entities.dtn.DTN object at 0x10560d5e0>,<entities.dtn.DTN object at 0x1055da400>
14.525525000000181,80.69840059333389,98080,<entities.dtn.DTN object at 0x10560d5e0>,<entities.dtn.DTN object at 0x1055da400>
14.535600000000182,80.71079241265927,98080,<entities.dtn.DTN object at 0x10560d5e0>,<entities.dtn.DTN object at 0x1055da400>
14.545675000000182,80.7231823294239,98080,<entities.dtn.DTN object at 0x10560d5e0>,<entities.dtn.DTN object at 0x1055da400>
14.555750000000183,80.73557034450387,98080,<entities.dtn.DTN object at 0x10560d5e0>,<entities.dtn.DTN object at 0x1055da400>
14.565825000000183,80.74795645877461,98080,<entities.dtn.DTN object at 0x10560d5e0>,<entities.dtn.DTN object at 0x1055da400>
14.575900000000184,80.76034067311086,98080,<entities.dtn.DTN object at 0x10560d5e0>,<entities.dtn.DTN object at 0x1055da400>
14.585975000000184,80.77272298838672,98080,<entities.dtn.DTN object at 0x10560d5e0>,<entities.dtn.DTN object at 0x1055da400>
14.596050000000185,80.78510340547558,98080,<entities.dtn.DTN object at 0x10560d5e0>,<entities.dtn.DTN object at 0x1055da400>
14.606125000000185,80.79748192525021,98080,<entities.dtn.DTN object at 0x10560d5e0>,<entities.dtn.DTN object at 0x1055da400>
14.616200000000186,80.80985854858267,98080,<entities.dtn.DTN object at 0x10560d5e0>,<entities.dtn.DTN object at 0x1055da400>
14.626275000000186,80.82223327634436,98080,<entities.dtn.DTN object at 0x10560d5e0>,<entities.dtn.DTN object at 0x1055da400>
14.636350000000187,80.83460610940604,98080,<entities.dtn.DTN object at 0x10560d5e0>,<entities.dtn.DTN object at 0x1055da400>
14.646425000000187,80.84697704863777,98080,<entities.dtn.DTN object at 0x10560d5e0>,<entities.dtn.DTN object at 0x1055da400>
14.656500000000188,80.85934609490896,98080,<entities.dtn.DTN object at 0x10560d5e0>,<entities.dtn.DTN object at 0x1055da400>
14.666575000000188,80.87171324908834,98080,<entities.dtn.DTN object at 0x10560d5e0>,<entities.dtn.DTN object at 0x1055da400>
14.676650000000189,80.88407851204401,98080,<entities.dtn.DTN object at 0x10560d5e0>,<entities.dtn.DTN object at 0x1055da400>
14.68672500000019,80.89644188464337,98080,<entities.dtn.DTN object at 0x10560d5e0>,<entities.dtn.DTN object at 0x1055da400>
14.69680000000019,80.90880336775317,98080,<entities.dtn.DTN object at 0x10560d5e0>,<entities.dtn.DTN object at 0x1055da400>
14.70687500000019,80.9211629622395,98080,<entities.dtn.DTN object at 0x10560d5e0>,<entities.dtn.DTN object at 0x1055da400>
14.71695000000019,80.9335206689678,98080,<entities.dtn.DTN object at 0x10560d5e0>,<entities.dtn.DTN object at 0x1055da400>
14.727025000000191,80.94587648880282,98080,<entities.dtn.DTN object at 0x10560d5e0>,<entities.dtn.DTN object at 0x1055da400>
14.737100000000192,80.95823042260868,98080,<entities.dtn.DTN object at 0x10560d5e0>,<entities.dtn.DTN object at 0x1055da400>
14.747175000000192,80.97058247124882,98080,<entities.dtn.DTN object at 0x10560d5e0>,<entities.dtn.DTN object at 0x1055da400>
14.757250000000193,80.98293263558604,98080,<entities.dtn.DTN object at 0x10560d5e0>,<entities.dtn.DTN object at 0x1055da400>
14.767325000000193,80.99528091648246,98080,<entities.dtn.DTN object at 0x10560d5e0>,<entities.dtn.DTN object at 0x1055da400>
14.777400000000194,81.00762731479955,98080,<entities.dtn.DTN object at 0x10560d5e0>,<entities.dtn.DTN object at 0x1055da400>
14.787475000000194,81.01997183139814,98080,<entities.dtn.DTN object at 0x10560d5e0>,<entities.dtn.DTN object at 0x1055da400>
14.797550000000195,81.03231446713839,98080,<entities.dtn.DTN object at 0x10560d5e0>,<entities.dtn.DTN object at 0x1055da400>
14.807625000000195,81.0446552228798,98080,<entities.dtn.DTN object at 0x10560d5e0>,<entities.dtn.DTN object at 0x1055da400>
14.817700000000196,81.05699409948122,98080,<entities.dtn.DTN object at 0x10560d5e0>,<entities.dtn.DTN object at 0x1055da400>
14.827775000000196,81.06933109780086,98080,<entities.dtn.DTN object at 0x10560d5e0>,<entities.dtn.DTN object at 0x1055da400>
14.837850000000197,81.08166621869624,98080,<entities.dtn.DTN object at 0x10560d5e0>,<entities.dtn.DTN object at 0x1055da400>
14.847925000000197,81.09399946302429,98080,<entities.dtn.DTN object at 0x10560d5e0>,<entities.dtn.DTN object at 0x1055da400>
14.858000000000198,81.10633083164123,98080,<entities.dtn.DTN object at 0x10560d5e0>,<entities.dtn.DTN object at 0x1055da400>
14.868075000000198,81.11866032540264,98080,<entities.dtn.DTN object at 0x10560d5e0>,<entities.dtn.DTN object at 0x1055da400>
14.878150000000199,81.13098794516348,98080,<entities.dtn.DTN object at 0x10560d5e0>,<entities.dtn.DTN object at 0x1055da400>
14.8882250000002,81.14331369177803,98080,<entities.dtn.DTN object at 0x10560d5e0>,<entities.dtn.DTN object at 0x1055da400>
14.8983000000002,81.15563756609993,98080,<entities.dtn.DTN object at 0x10560d5e0>,<entities.dtn.DTN object at 0x1055da400>
14.9083750000002,81.16795956898217,98080,<entities.dtn.DTN object at 0x10560d5e0>,<entities.dtn.DTN object at 0x1055da400>
14.9184500000002,81.1802797012771,98080,<entities.dtn.DTN object at 0x10560d5e0>,<entities.dtn.DTN object at 0x1055da400>
14.928525000000201,81.19259796383643,98080,<entities.dtn.DTN object at 0x10560d5e0>,<entities.dtn.DTN object at 0x1055da400>
14.938600000000202,81.2049143575112,98080,<entities.dtn.DTN object at 0x10560d5e0>,<entities.dtn.DTN object at 0x1055da400>
14.948675000000202,81.21722888315182,98080,<entities.dtn.DTN object at 0x10560d5e0>,<entities.dtn.DTN object at 0x1055da400>
14.958750000000203,81.22954154160806,98080,<entities.dtn.DTN object at 0x10560d5e0>,<entities.dtn.DTN object at 0x1055da400>
14.968825000000203,81.24185233372903,98080,<entities.dtn.DTN object at 0x10560d5e0>,<entities.dtn.DTN object at 0x1055da400>
14.978900000000204,81.2541612603632,98080,<entities.dtn.DTN object at 0x10560d5e0>,<entities.dtn.DTN object at 0x1055da400>
14.988975000000204,81.26646832235842,98080,<entities.dtn.DTN object at 0x10560d5e0>,<entities.dtn.DTN object at 0x1055da400>
14.999050000000205,81.27877352056186,98080,<entities.dtn.DTN object at 0x10560d5e0>,<entities.dtn.DTN object at 0x1055da400>
15.009125000000205,81.29107685582007,98080,<entities.dtn.DTN object at 0x10560d5e0>,<entities.dtn.DTN object at 0x1055da400>
15.019200000000206,81.30337832897897,98080,<entities.dtn.DTN object at 0x10560d5e0>,<entities.dtn.DTN object at 0x1055da400>
15.029275000000206,81.31567794088382,98080,<entities.dtn.DTN object at 0x10560d5e0>,<entities.dtn.DTN object at 0x1055da400>
15.039350000000207,81.32797569237925,98080,<entities.dtn.DTN object at 0x10560d5e0>,<entities.dtn.DTN object at 0x1055da400>
15.049425000000207,81.34027158430926,98080,<entities.dtn.DTN object at 0x10560d5e0>,<entities.dtn.DTN object at 0x1055da400>
15.059500000000208,81.3525656175172,98080,<entities.dtn.DTN object at 0x10560d5e0>,<entities.dtn.DTN object at 0x1055da400>
15.069575000000208,81.36485779284578,98080,<entities.dtn.DTN object at 0x10560d5e0>,<entities.dtn.DTN object at 0x1055da400>
15.079650000000209,81.37714811113707,98080,<entities.dtn.DTN object at 0x10560d5e0>,<entities.dtn.DTN object at 0x1055da400>
15.08972500000021,81.38943657323253,98080,<entities.dtn.DTN object at 0x10560d5e0>,<entities.dtn.DTN object at 0x1055da400>
15.09980000000021,81.40172317997295,98080,<entities.dtn.DTN object at 0x10560d5e0>,<entities.dtn.DTN object at 0x1055da400>
15.10987500000021,81.41400793219852,98080,<entities.dtn.DTN object at 0x10560d5e0>,<entities.dtn.DTN object at 0x1055da400>
15.11995000000021,81.42629083074875,98080,<entities.dtn.DTN object at 0x10560d5e0>,<entities.dtn.DTN object at 0x1055da400>
15.130025000000211,81.43857187646259,98080,<entities.dtn.DTN object at 0x10560d5e0>,<entities.dtn.DTN object at 0x1055da400>
15.140100000000212,81.45085107017827,98080,<entities.dtn.DTN object at 0x10560d5e0>,<entities.dtn.DTN object at 0x1055da400>
15.150175000000212,81.46312841273345,98080,<entities.dtn.DTN object at 0x10560d5e0>,<entities.dtn.DTN object at 0x1055da400>
15.160250000000213,81.47540390496515,98080,<entities.dtn.DTN object at 0x10560d5e0>,<entities.dtn.DTN object at 0x1055da400>
15.170325000000213,81.48767754770972,98080,<entities.dtn.DTN object at 0x10560d5e0>,<entities.dtn.DTN object at 0x1055da400>
15.180400000000214,81.49994934180295,98080,<entities.dtn.DTN object at 0x10560d5e0>,<entities.dtn.DTN object at 0x1055da400>
15.190475000000214,81.51221928807992,98080,<entities.dtn.DTN object at 0x10560d5e0>,<entities.dtn.DTN object at 0x1055da400>
15.200550000000215,81.52448738737515,98080,<entities.dtn.DTN object at 0x10560d5e0>,<entities.dtn.DTN object at 0x1055da400>
15.210625000000215,81.53675364052248,98080,<entities.dtn.DTN object at 0x10560d5e0>,<entities.dtn.DTN object at 0x1055da400>
15.220700000000216,81.54901804835515,98080,<entities.dtn.DTN object at 0x10560d5e0>,<entities.dtn.DTN object at 0x1055da400>
15.230775000000216,81.56128061170578,98080,<entities.dtn.DTN object at 0x10560d5e0>,<entities.dtn.DTN object at 0x1055da400>
15.240850000000217,81.57354133140636,98080,<entities.dtn.DTN object at 0x10560d5e0>,<entities.dtn.DTN object at 0x1055da400>
15.250925000000217,81.58580020828823,98080,<entities.dtn.DTN object at 0x10560d5e0>,<entities.dtn.DTN object at 0x1055da400>
15.261000000000218,81.59805724318214,98080,<entities.dtn.DTN object at 0x10560d5e0>,<entities.dtn.DTN object at 0x1055da400>
15.271075000000218,81.61031243691818,98080,<entities.dtn.DTN object at 0x10560d5e0>,<entities.dtn.DTN object at 0x1055da400>
15.281150000000219,81.62256579032585,98080,<entities.dtn.DTN object at 0x10560d5e0>,<entities.dtn.DTN object at 0x1055da400>
15.29122500000022,81.63481730423402,98080,<entities.dtn.DTN object at 0x10560d5e0>,<entities.dtn.DTN object at 0x1055da400>
15.30130000000022,81.6470669794709,98080,<entities.dtn.DTN object at 0x10560d5e0>,<entities.dtn.DTN object at 0x1055da400>
15.31137500000022,81.65931481686415,98080,<entities.dtn.DTN object at 0x10560d5e0>,<entities.dtn.DTN object at 0x1055da400>
15.32145000000022,81.67156081724075,98080,<entities.dtn.DTN object at 0x10560d5e0>,<entities.dtn.DTN object at 0x1055da400>
15.331525000000221,81.68380498142707,98080,<entities.dtn.DTN object at 0x10560d5e0>,<entities.dtn.DTN object at 0x1055da400>
15.341600000000222,81.69604731024889,98080,<entities.dtn.DTN object at 0x10560d5e0>,<entities.dtn.DTN object at 0x1055da400>
15.351675000000222,81.70828780453134,98080,<entities.dtn.DTN object at 0x10560d5e0>,<entities.dtn.DTN object at 0x1055da400>
15.361750000000223,81.72052646509894,98080,<entities.dtn.DTN object at 0x10560d5e0>,<entities.dtn.DTN object at 0x1055da400>
15.371825000000223,81.73276329277562,98080,<entities.dtn.DTN object at 0x10560d5e0>,<entities.dtn.DTN object at 0x1055da400>
15.381900000000224,81.74499828838464,98080,<entities.dtn.DTN object at 0x10560d5e0>,<entities.dtn.DTN object at 0x1055da400>
15.391975000000224,81.75723145274867,98080,<entities.dtn.DTN object at 0x10560d5e0>,<entities.dtn.DTN object at 0x1055da400>
15.402050000000225,81.76946278668979,98080,<entities.dtn.DTN object at 0x10560d5e0>,<entities.dtn.DTN object at 0x1055da400>
15.412125000000225,81.78169229102943,98080,<entities.dtn.DTN object at 0x10560d5e0>,<entities.dtn.DTN object at 0x1055da400>
15.422200000000226,81.79391996658842,98080,<entities.dtn.DTN object at 0x10560d5e0>,<entities.dtn.DTN object at 0x1055da400>
15.432275000000226,81.80614581418698,98080,<entities.dtn.DTN object at 0x10560d5e0>,<entities.dtn.DTN object at 0x1055da400>
15.442350000000227,81.8183698346447,98080,<entities.dtn.DTN object at 0x10560d5e0>,<entities.dtn.DTN object at 0x1055da400>
15.452425000000227,81.83059202878057,98080,<entities.dtn.DTN object at 0x10560d5e0>,<entities.dtn.DTN object at 0x1055da400>
15.462500000000228,81.84281239741298,98080,<entities.dtn.DTN object at 0x10560d5e0>,<entities.dtn.DTN object at 0x1055da400>
15.472575000000228,81.85503094135969,98080,<entities.dtn.DTN object at 0x10560d5e0>,<entities.dtn.DTN object at 0x1055da400>
15.482650000000229,81.86724766143784,98080,<entities.dtn.DTN object at 0x10560d5e0>,<entities.dtn.DTN object at 0x1055da400>
15.49272500000023,81.87946255846401,98080,<entities.dtn.DTN object at 0x10560d5e0>,<entities.dtn.DTN object at 0x1055da400>
15.50280000000023,81.89167563325411,98080,<entities.dtn.DTN object at 0x10560d5e0>,<entities.dtn.DTN object at 0x1055da400>
15.51287500000023,81.90388688662348,98080,<entities.dtn.DTN object at 0x10560d5e0>,<entities.dtn.DTN object at 0x1055da400>
15.52295000000023,81.91609631938684,98080,<entities.dtn.DTN object at 0x10560d5e0>,<entities.dtn.DTN object at 0x1055da400>
15.533025000000231,81.9283039323583,98080,<entities.dtn.DTN object at 0x10560d5e0>,<entities.dtn.DTN object at 0x1055da400>
15.543100000000232,81.94050972635138,98080,<entities.dtn.DTN object at 0x10560d5e0>,<entities.dtn.DTN object at 0x1055da400>
15.553175000000232,81.95271370217895,98080,<entities.dtn.DTN object at 0x10560d5e0>,<entities.dtn.DTN object at 0x1055da400>
15.563250000000233,81.96491586065333,98080,<entities.dtn.DTN object at 0x10560d5e0>,<entities.dtn.DTN object at 0x1055da400>
15.573325000000233,81.97711620258622,98080,<entities.dtn.DTN object at 0x10560d5e0>,<entities.dtn.DTN object at 0x1055da400>
15.583400000000234,81.98931472878868,98080,<entities.dtn.DTN object at 0x10560d5e0>,<entities.dtn.DTN object at 0x1055da400>
15.593475000000234,82.00151144007123,98080,<entities.dtn.DTN object at 0x10560d5e0>,<entities.dtn.DTN object at 0x1055da400>
15.603550000000235,82.0137063372437,98080,<entities.dtn.DTN object at 0x10560d5e0>,<entities.dtn.DTN object at 0x1055da400>
15.613625000000235,82.02589942111541,98080,<entities.dtn.DTN object at 0x10560d5e0>,<entities.dtn.DTN object at 0x1055da400>
15.623700000000236,82.03809069249503,98080,<entities.dtn.DTN object at 0x10560d5e0>,<entities.dtn.DTN object at 0x1055da400>
15.633775000000236,82.05028015219062,98080,<entities.dtn.DTN object at 0x10560d5e0>,<entities.dtn.DTN object at 0x1055da400>
15.643850000000237,82.06246780100967,98080,<entities.dtn.DTN object at 0x10560d5e0>,<entities.dtn.DTN object at 0x1055da400>
15.653925000000237,82.07465363975906,98080,<entities.dtn.DTN object at 0x10560d5e0>,<entities.dtn.DTN object at 0x1055da400>
15.664000000000238,82.08683766924506,98080,<entities.dtn.DTN object at 0x10560d5e0>,<entities.dtn.DTN object at 0x1055da400>
15.674075000000238,82.09901989027334,98080,<entities.dtn.DTN object at 0x10560d5e0>,<entities.dtn.DTN object at 0x1055da400>
15.684150000000239,82.111200303649,98080,<entities.dtn.DTN object at 0x10560d5e0>,<entities.dtn.DTN object at 0x1055da400>
15.69422500000024,82.12337891017651,98080,<entities.dtn.DTN object at 0x10560d5e0>,<entities.dtn.DTN object at 0x1055da400>
15.70430000000024,82.13555571065977,98080,<entities.dtn.DTN object at 0x10560d5e0>,<entities.dtn.DTN object at 0x1055da400>
15.71437500000024,82.14773070590206,98080,<entities.dtn.DTN object at 0x10560d5e0>,<entities.dtn.DTN object at 0x1055da400>
15.72445000000024,82.15990389670608,98080,<entities.dtn.DTN object at 0x10560d5e0>,<entities.dtn.DTN object at 0x1055da400>
15.734525000000241,82.17207528387394,98080,<entities.dtn.DTN object at 0x10560d5e0>,<entities.dtn.DTN object at 0x1055da400>
15.744600000000242,82.18424486820712,98080,<entities.dtn.DTN object at 0x10560d5e0>,<entities.dtn.DTN object at 0x1055da400>
15.754675000000242,82.19641265050656,98080,<entities.dtn.DTN object at 0x10560d5e0>,<entities.dtn.DTN object at 0x1055da400>
15.764750000000243,82.20857863157256,98080,<entities.dtn.DTN object at 0x10560d5e0>,<entities.dtn.DTN object at 0x1055da400>
15.774825000000243,82.22074281220488,98080,<entities.dtn.DTN object at 0x10560d5e0>,<entities.dtn.DTN object at 0x1055da400>
15.784900000000244,82.23290519320263,98080,<entities.dtn.DTN object at 0x10560d5e0>,<entities.dtn.DTN object at 0x1055da400>
15.794975000000244,82.24506577536437,98080,<entities.dtn.DTN object at 0x10560d5e0>,<entities.dtn.DTN object at 0x1055da400>
15.805050000000245,82.25722455948804,98080,<entities.dtn.DTN object at 0x10560d5e0>,<entities.dtn.DTN object at 0x1055da400>
15.815125000000245,82.26938154637102,98080,<entities.dtn.DTN object at 0x10560d5e0>,<entities.dtn.DTN object at 0x1055da400>
15.825200000000246,82.28153673681008,98080,<entities.dtn.DTN object at 0x10560d5e0>,<entities.dtn.DTN object at 0x1055da400>
15.835275000000246,82.29369013160141,98080,<entities.dtn.DTN object at 0x10560d5e0>,<entities.dtn.DTN object at 0x1055da400>
15.845350000000247,82.30584173154061,98080,<entities.dtn.DTN object at 0x10560d5e0>,<entities.dtn.DTN object at 0x1055da400>
15.855425000000247,82.3179915374227,98080,<entities.dtn.DTN object at 0x10560d5e0>,<entities.dtn.DTN object at 0x1055da400>
15.865500000000248,82.33013955004209,98080,<entities.dtn.DTN object at 0x10560d5e0>,<entities.dtn.DTN object at 0x1055da400>
15.875575000000248,82.34228577019263,98080,<entities.dtn.DTN object at 0x10560d5e0>,<entities.dtn.DTN object at 0x1055da400>
15.885650000000249,82.35443019866759,98080,<entities.dtn.DTN object at 0x10560d5e0>,<entities.dtn.DTN object at 0x1055da400>
15.89572500000025,82.3665728362596,98080,<entities.dtn.DTN object at 0x10560d5e0>,<entities.dtn.DTN object at 0x1055da400>
15.90580000000025,82.3787136837608,98080,<entities.dtn.DTN object at 0x10560d5e0>,<entities.dtn.DTN object at 0x1055da400>
15.91587500000025,82.39085274196263,98080,<entities.dtn.DTN object at 0x10560d5e0>,<entities.dtn.DTN object at 0x1055da400>
15.92595000000025,82.40299001165606,98080,<entities.dtn.DTN object at 0x10560d5e0>,<entities.dtn.DTN object at 0x1055da400>
15.936025000000251,82.4151254936314,98080,<entities.dtn.DTN object at 0x10560d5e0>,<entities.dtn.DTN object at 0x1055da400>
15.946100000000252,82.42725918867839,98080,<entities.dtn.DTN object at 0x10560d5e0>,<entities.dtn.DTN object at 0x1055da400>
15.956175000000252,82.43939109758624,98080,<entities.dtn.DTN object at 0x10560d5e0>,<entities.dtn.DTN object at 0x1055da400>
15.966250000000253,82.45152122114351,98080,<entities.dtn.DTN object at 0x10560d5e0>,<entities.dtn.DTN object at 0x1055da400>
15.976325000000253,82.46364956013822,98080,<entities.dtn.DTN object at 0x10560d5e0>,<entities.dtn.DTN object at 0x1055da400>
15.986400000000254,82.47577611535782,98080,<entities.dtn.DTN object at 0x10560d5e0>,<entities.dtn.DTN object at 0x1055da400>
15.996475000000254,82.48790088758913,98080,<entities.dtn.DTN object at 0x10560d5e0>,<entities.dtn.DTN object at 0x1055da400>
16.006550000000257,82.50002387761846,98080,<entities.dtn.DTN object at 0x10560d5e0>,<entities.dtn.DTN object at 0x1055da400>
16.016625000000257,82.51214508623148,98080,<entities.dtn.DTN object at 0x10560d5e0>,<entities.dtn.DTN object at 0x1055da400>
16.026700000000258,82.52426451421333,98080,<entities.dtn.DTN object at 0x10560d5e0>,<entities.dtn.DTN object at 0x1055da400>
16.036775000000258,82.53638216234853,98080,<entities.dtn.DTN object at 0x10560d5e0>,<entities.dtn.DTN object at 0x1055da400>
16.04685000000026,82.54849803142108,98080,<entities.dtn.DTN object at 0x10560d5e0>,<entities.dtn.DTN object at 0x1055da400>
16.05692500000026,82.56061212221434,98080,<entities.dtn.DTN object at 0x10560d5e0>,<entities.dtn.DTN object at 0x1055da400>
16.06700000000026,82.57272443551113,98080,<entities.dtn.DTN object at 0x10560d5e0>,<entities.dtn.DTN object at 0x1055da400>
16.07707500000026,82.58483497209372,98080,<entities.dtn.DTN object at 0x10560d5e0>,<entities.dtn.DTN object at 0x1055da400>
16.08715000000026,82.59694373274375,98080,<entities.dtn.DTN object at 0x10560d5e0>,<entities.dtn.DTN object at 0x1055da400>
16.09722500000026,82.60905071824234,98080,<entities.dtn.DTN object at 0x10560d5e0>,<entities.dtn.DTN object at 0x1055da400>
16.10730000000026,82.62115592937,98080,<entities.dtn.DTN object at 0x10560d5e0>,<entities.dtn.DTN object at 0x1055da400>
16.117375000000262,82.63325936690669,98080,<entities.dtn.DTN object at 0x10560d5e0>,<entities.dtn.DTN object at 0x1055da400>
16.127450000000263,82.64536103163178,98080,<entities.dtn.DTN object at 0x10560d5e0>,<entities.dtn.DTN object at 0x1055da400>
16.137525000000263,82.65746092432408,98080,<entities.dtn.DTN object at 0x10560d5e0>,<entities.dtn.DTN object at 0x1055da400>
16.147600000000264,82.66955904576186,98080,<entities.dtn.DTN object at 0x10560d5e0>,<entities.dtn.DTN object at 0x1055da400>
16.157675000000264,82.68165539672275,98080,<entities.dtn.DTN object at 0x10560d5e0>,<entities.dtn.DTN object at 0x1055da400>
16.167750000000265,82.69374997798387,98080,<entities.dtn.DTN object at 0x10560d5e0>,<entities.dtn.DTN object at 0x1055da400>
16.177825000000265,82.70584279032175,98080,<entities.dtn.DTN object at 0x10560d5e0>,<entities.dtn.DTN object at 0x1055da400>
16.187900000000266,82.71793383451237,98080,<entities.dtn.DTN object at 0x10560d5e0>,<entities.dtn.DTN object at 0x1055da400>
16.197975000000266,82.7300231113311,98080,<entities.dtn.DTN object at 0x10560d5e0>,<entities.dtn.DTN object at 0x1055da400>
16.208050000000267,82.74211062155281,98080,<entities.dtn.DTN object at 0x10560d5e0>,<entities.dtn.DTN object at 0x1055da400>
16.218125000000267,82.75419636595174,98080,<entities.dtn.DTN object at 0x10560d5e0>,<entities.dtn.DTN object at 0x1055da400>
16.228200000000268,82.7662803453016,98080,<entities.dtn.DTN object at 0x10560d5e0>,<entities.dtn.DTN object at 0x1055da400>
16.238275000000268,82.77836256037551,98080,<entities.dtn.DTN object at 0x10560d5e0>,<entities.dtn.DTN object at 0x1055da400>
16.24835000000027,82.79044301194607,98080,<entities.dtn.DTN object at 0x10560d5e0>,<entities.dtn.DTN object at 0x1055da400>
16.25842500000027,82.80252170078526,98080,<entities.dtn.DTN object at 0x10560d5e0>,<entities.dtn.DTN object at 0x1055da400>
16.26850000000027,82.81459862766454,98080,<entities.dtn.DTN object at 0x10560d5e0>,<entities.dtn.DTN object at 0x1055da400>
16.27857500000027,82.82667379335479,98080,<entities.dtn.DTN object at 0x10560d5e0>,<entities.dtn.DTN object at 0x1055da400>
16.28865000000027,82.83874719862632,98080,<entities.dtn.DTN object at 0x10560d5e0>,<entities.dtn.DTN object at 0x1055da400>
16.29872500000027,82.85081884424889,98080,<entities.dtn.DTN object at 0x10560d5e0>,<entities.dtn.DTN object at 0x1055da400>
16.30880000000027,82.86288873099171,98080,<entities.dtn.DTN object at 0x10560d5e0>,<entities.dtn.DTN object at 0x1055da400>
16.318875000000272,82.87495685962341,98080,<entities.dtn.DTN object at 0x10560d5e0>,<entities.dtn.DTN object at 0x1055da400>
16.328950000000273,82.88702323091208,98080,<entities.dtn.DTN object at 0x10560d5e0>,<entities.dtn.DTN object at 0x1055da400>
16.339025000000273,82.89908784562522,98080,<entities.dtn.DTN object at 0x10560d5e0>,<entities.dtn.DTN object at 0x1055da400>
16.349100000000274,82.9111507045298,98080,<entities.dtn.DTN object at 0x10560d5e0>,<entities.dtn.DTN object at 0x1055da400>
16.359175000000274,82.92321180839222,98080,<entities.dtn.DTN object at 0x10560d5e0>,<entities.dtn.DTN object at 0x1055da400>
16.369250000000275,82.93527115797833,98080,<entities.dtn.DTN object at 0x10560d5e0>,<entities.dtn.DTN object at 0x1055da400>
16.379325000000275,82.94732875405342,98080,<entities.dtn.DTN object at 0x10560d5e0>,<entities.dtn.DTN object at 0x1055da400>
16.389400000000276,82.9593845973822,98080,<entities.dtn.DTN object at 0x10560d5e0>,<entities.dtn.DTN object at 0x1055da400>
16.399475000000276,82.97143868872887,98080,<entities.dtn.DTN object at 0x10560d5e0>,<entities.dtn.DTN object at 0x1055da400>
16.409550000000277,82.98349102885703,98080,<entities.dtn.DTN object at 0x10560d5e0>,<entities.dtn.DTN object at 0x1055da400>
16.419625000000277,82.99554161852977,98080,<entities.dtn.DTN object at 0x10560d5e0>,<entities.dtn.DTN object at 0x1055da400>
16.429700000000278,83.00759045850958,98080,<entities.dtn.DTN object at 0x10560d5e0>,<entities.dtn.DTN object at 0x1055da400>
16.439775000000278,83.01963754955844,98080,<entities.dtn.DTN object at 0x10560d5e0>,<entities.dtn.DTN object at 0x1055da400>
16.44985000000028,83.03168289243774,98080,<entities.dtn.DTN object at 0x10560d5e0>,<entities.dtn.DTN object at 0x1055da400>
16.45992500000028,83.04372648790834,98080,<entities.dtn.DTN object at 0x10560d5e0>,<entities.dtn.DTN object at 0x1055da400>
16.47000000000028,83.05576833673055,98080,<entities.dtn.DTN object at 0x10560d5e0>,<entities.dtn.DTN object at 0x1055da400>
16.48007500000028,83.0678084396641,98080,<entities.dtn.DTN object at 0x10560d5e0>,<entities.dtn.DTN object at 0x1055da400>
16.49015000000028,83.07984679746822,98080,<entities.dtn.DTN object at 0x10560d5e0>,<entities.dtn.DTN object at 0x1055da400>
16.50022500000028,83.09188341090153,98080,<entities.dtn.DTN object at 0x10560d5e0>,<entities.dtn.DTN object at 0x1055da400>
16.51030000000028,83.10391828072214,98080,<entities.dtn.DTN object at 0x10560d5e0>,<entities.dtn.DTN object at 0x1055da400>
16.520375000000282,83.11595140768762,98080,<entities.dtn.DTN object at 0x10560d5e0>,<entities.dtn.DTN object at 0x1055da400>
16.530450000000283,83.12798279255495,98080,<entities.dtn.DTN object at 0x10560d5e0>,<entities.dtn.DTN object at 0x1055da400>
16.540525000000283,83.14001243608058,98080,<entities.dtn.DTN object at 0x10560d5e0>,<entities.dtn.DTN object at 0x1055da400>
16.550600000000284,83.15204033902045,98080,<entities.dtn.DTN object at 0x10560d5e0>,<entities.dtn.DTN object at 0x1055da400>
16.560675000000284,83.16406650212988,98080,<entities.dtn.DTN object at 0x10560d5e0>,<entities.dtn.DTN object at 0x1055da400>
16.570750000000285,83.17609092616372,98080,<entities.dtn.DTN object at 0x10560d5e0>,<entities.dtn.DTN object at 0x1055da400>
16.580825000000285,83.18811361187623,98080,<entities.dtn.DTN object at 0x10560d5e0>,<entities.dtn.DTN object at 0x1055da400>
16.590900000000286,83.20013456002113,98080,<entities.dtn.DTN object at 0x10560d5e0>,<entities.dtn.DTN object at 0x1055da400>
16.600975000000286,83.2121537713516,98080,<entities.dtn.DTN object at 0x10560d5e0>,<entities.dtn.DTN object at 0x1055da400>
16.611050000000287,83.22417124662026,98080,<entities.dtn.DTN object at 0x10560d5e0>,<entities.dtn.DTN object at 0x1055da400>
16.621125000000287,83.23618698657923,98080,<entities.dtn.DTN object at 0x10560d5e0>,<entities.dtn.DTN object at 0x1055da400>
16.631200000000288,83.24820099198004,98080,<entities.dtn.DTN object at 0x10560d5e0>,<entities.dtn.DTN object at 0x1055da400>
16.641275000000288,83.26021326357372,98080,<entities.dtn.DTN object at 0x10560d5e0>,<entities.dtn.DTN object at 0x1055da400>
16.65135000000029,83.2722238021107,98080,<entities.dtn.DTN object at 0x10560d5e0>,<entities.dtn.DTN object at 0x1055da400>
16.66142500000029,83.28423260834093,98080,<entities.dtn.DTN object at 0x10560d5e0>,<entities.dtn.DTN object at 0x1055da400>
16.67150000000029,83.29623968301378,98080,<entities.dtn.DTN object at 0x10560d5e0>,<entities.dtn.DTN object at 0x1055da400>
16.68157500000029,83.30824502687811,98080,<entities.dtn.DTN object at 0x10560d5e0>,<entities.dtn.DTN object at 0x1055da400>
16.69165000000029,83.32024864068221,98080,<entities.dtn.DTN object at 0x10560d5e0>,<entities.dtn.DTN object at 0x1055da400>
16.70172500000029,83.33225052517385,98080,<entities.dtn.DTN object at 0x10560d5e0>,<entities.dtn.DTN object at 0x1055da400>
16.71180000000029,83.34425068110025,98080,<entities.dtn.DTN object at 0x10560d5e0>,<entities.dtn.DTN object at 0x1055da400>
16.721875000000292,83.35624910920811,98080,<entities.dtn.DTN object at 0x10560d5e0>,<entities.dtn.DTN object at 0x1055da400>
16.731950000000293,83.36824581024356,98080,<entities.dtn.DTN object at 0x10560d5e0>,<entities.dtn.DTN object at 0x1055da400>
16.742025000000293,83.38024078495224,98080,<entities.dtn.DTN object at 0x10560d5e0>,<entities.dtn.DTN object at 0x1055da400>
16.752100000000294,83.3922340340792,98080,<entities.dtn.DTN object at 0x10560d5e0>,<entities.dtn.DTN object at 0x1055da400>
16.762175000000294,83.40422555836899,98080,<entities.dtn.DTN object at 0x10560d5e0>,<entities.dtn.DTN object at 0x1055da400>
16.772250000000295,83.41621535856562,98080,<entities.dtn.DTN object at 0x10560d5e0>,<entities.dtn.DTN object at 0x1055da400>
16.782325000000295,83.42820343541257,98080,<entities.dtn.DTN object at 0x10560d5e0>,<entities.dtn.DTN object at 0x1055da400>
16.792400000000296,83.44018978965276,98080,<entities.dtn.DTN object at 0x10560d5e0>,<entities.dtn.DTN object at 0x1055da400>
16.802475000000296,83.4521744220286,98080,<entities.dtn.DTN object at 0x10560d5e0>,<entities.dtn.DTN object at 0x1055da400>
16.812550000000297,83.46415733328197,98080,<entities.dtn.DTN object at 0x10560d5e0>,<entities.dtn.DTN object at 0x1055da400>
16.822625000000297,83.47613852415421,98080,<entities.dtn.DTN object at 0x10560d5e0>,<entities.dtn.DTN object at 0x1055da400>
16.832700000000298,83.4881179953861,98080,<entities.dtn.DTN object at 0x10560d5e0>,<entities.dtn.DTN object at 0x1055da400>
16.842775000000298,83.50009574771795,98080,<entities.dtn.DTN object at 0x10560d5e0>,<entities.dtn.DTN object at 0x1055da400>
16.8528500000003,83.51207178188947,98080,<entities.dtn.DTN object at 0x10560d5e0>,<entities.dtn.DTN object at 0x1055da400>
16.8629250000003,83.52404609863989,98080,<entities.dtn.DTN object at 0x10560d5e0>,<entities.dtn.DTN object at 0x1055da400>
16.8730000000003,83.53601869870788,98080,<entities.dtn.DTN object at 0x10560d5e0>,<entities.dtn.DTN object at 0x1055da400>
16.8830750000003,83.5479895828316,98080,<entities.dtn.DTN object at 0x10560d5e0>,<entities.dtn.DTN object at 0x1055da400>
16.8931500000003,83.5599587517487,98080,<entities.dtn.DTN object at 0x10560d5e0>,<entities.dtn.DTN object at 0x1055da400>
16.9032250000003,83.57192620619624,98080,<entities.dtn.DTN object at 0x10560d5e0>,<entities.dtn.DTN object at 0x1055da400>
16.9133000000003,83.5838919469108,98080,<entities.dtn.DTN object at 0x10560d5e0>,<entities.dtn.DTN object at 0x1055da400>
16.923375000000302,83.59585597462842,98080,<entities.dtn.DTN object at 0x10560d5e0>,<entities.dtn.DTN object at 0x1055da400>
16.933450000000303,83.60781829008462,98080,<entities.dtn.DTN object at 0x10560d5e0>,<entities.dtn.DTN object at 0x1055da400>
16.943525000000303,83.61977889401439,98080,<entities.dtn.DTN object at 0x10560d5e0>,<entities.dtn.DTN object at 0x1055da400>
16.953600000000304,83.63173778715219,98080,<entities.dtn.DTN object at 0x10560d5e0>,<entities.dtn.DTN object at 0x1055da400>
16.963675000000304,83.64369497023196,98080,<entities.dtn.DTN object at 0x10560d5e0>,<entities.dtn.DTN object at 0x1055da400>
16.973750000000305,83.65565044398711,98080,<entities.dtn.DTN object at 0x10560d5e0>,<entities.dtn.DTN object at 0x1055da400>
16.983825000000305,83.66760420915053,98080,<entities.dtn.DTN object at 0x10560d5e0>,<entities.dtn.DTN object at 0x1055da400>
16.993900000000306,83.67955626645457,98080,<entities.dtn.DTN object at 0x10560d5e0>,<entities.dtn.DTN object at 0x1055da400>
17.003975000000306,83.69150661663109,98080,<entities.dtn.DTN object at 0x10560d5e0>,<entities.dtn.DTN object at 0x1055da400>
17.014050000000307,83.7034552604114,98080,<entities.dtn.DTN object at 0x10560d5e0>,<entities.dtn.DTN object at 0x1055da400>
17.024125000000307,83.7154021985263,98080,<entities.dtn.DTN object at 0x10560d5e0>,<entities.dtn.DTN object at 0x1055da400>
17.034200000000308,83.72734743170608,98080,<entities.dtn.DTN object at 0x10560d5e0>,<entities.dtn.DTN object at 0x1055da400>
17.044275000000308,83.73929096068048,98080,<entities.dtn.DTN object at 0x10560d5e0>,<entities.dtn.DTN object at 0x1055da400>
17.05435000000031,83.75123278617873,98080,<entities.dtn.DTN object at 0x10560d5e0>,<entities.dtn.DTN object at 0x1055da400>
17.06442500000031,83.76317290892956,98080,<entities.dtn.DTN object at 0x10560d5e0>,<entities.dtn.DTN object at 0x1055da400>
17.07450000000031,83.77511132966116,98080,<entities.dtn.DTN object at 0x10560d5e0>,<entities.dtn.DTN object at 0x1055da400>
17.08457500000031,83.78704804910119,98080,<entities.dtn.DTN object at 0x10560d5e0>,<entities.dtn.DTN object at 0x1055da400>
17.09465000000031,83.79898306797682,98080,<entities.dtn.DTN object at 0x10560d5e0>,<entities.dtn.DTN object at 0x1055da400>
17.10472500000031,83.8109163870147,98080,<entities.dtn.DTN object at 0x10560d5e0>,<entities.dtn.DTN object at 0x1055da400>
17.11480000000031,83.82284800694094,98080,<entities.dtn.DTN object at 0x10560d5e0>,<entities.dtn.DTN object at 0x1055da400>
17.124875000000312,83.83477792848116,98080,<entities.dtn.DTN object at 0x10560d5e0>,<entities.dtn.DTN object at 0x1055da400>
17.134950000000313,83.84670615236043,98080,<entities.dtn.DTN object at 0x10560d5e0>,<entities.dtn.DTN object at 0x1055da400>
17.145025000000313,83.85863267930333,98080,<entities.dtn.DTN object at 0x10560d5e0>,<entities.dtn.DTN object at 0x1055da400>
17.155100000000314,83.87055751003392,98080,<entities.dtn.DTN object at 0x10560d5e0>,<entities.dtn.DTN object at 0x1055da400>
17.165175000000314,83.88248064527575,98080,<entities.dtn.DTN object at 0x10560d5e0>,<entities.dtn.DTN object at 0x1055da400>
17.175250000000315,83.89440208575185,98080,<entities.dtn.DTN object at 0x10560d5e0>,<entities.dtn.DTN object at 0x1055da400>
17.185325000000315,83.90632183218473,98080,<entities.dtn.DTN object at 0x10560d5e0>,<entities.dtn.DTN object at 0x1055da400>
17.195400000000316,83.91823988529639,98080,<entities.dtn.DTN object at 0x10560d5e0>,<entities.dtn.DTN object at 0x1055da400>
17.205475000000316,83.93015624580832,98080,<entities.dtn.DTN object at 0x10560d5e0>,<entities.dtn.DTN object at 0x1055da400>
17.215550000000317,83.9420709144415,98080,<entities.dtn.DTN object at 0x10560d5e0>,<entities.dtn.DTN object at 0x1055da400>
17.225625000000317,83.9539838919164,98080,<entities.dtn.DTN object at 0x10560d5e0>,<entities.dtn.DTN object at 0x1055da400>
17.235700000000318,83.96589517895296,98080,<entities.dtn.DTN object at 0x10560d5e0>,<entities.dtn.DTN object at 0x1055da400>
17.245775000000318,83.97780477627064,98080,<entities.dtn.DTN object at 0x10560d5e0>,<entities.dtn.DTN object at 0x1055da400>
17.25585000000032,83.98971268458837,98080,<entities.dtn.DTN object at 0x10560d5e0>,<entities.dtn.DTN object at 0x1055da400>
17.26592500000032,84.00161890462456,98080,<entities.dtn.DTN object at 0x10560d5e0>,<entities.dtn.DTN object at 0x1055da400>
17.27600000000032,84.01352343709715,98080,<entities.dtn.DTN object at 0x10560d5e0>,<entities.dtn.DTN object at 0x1055da400>
17.28607500000032,84.02542628272353,98080,<entities.dtn.DTN object at 0x10560d5e0>,<entities.dtn.DTN object at 0x1055da400>
17.29615000000032,84.0373274422206,98080,<entities.dtn.DTN object at 0x10560d5e0>,<entities.dtn.DTN object at 0x1055da400>
17.30622500000032,84.04922691630475,98080,<entities.dtn.DTN object at 0x10560d5e0>,<entities.dtn.DTN object at 0x1055da400>
17.31630000000032,84.06112470569187,98080,<entities.dtn.DTN object at 0x10560d5e0>,<entities.dtn.DTN object at 0x1055da400>
17.326375000000322,84.07302081109732,98080,<entities.dtn.DTN object at 0x10560d5e0>,<entities.dtn.DTN object at 0x1055da400>
17.336450000000323,84.08491523323599,98080,<entities.dtn.DTN object at 0x10560d5e0>,<entities.dtn.DTN object at 0x1055da400>
17.346525000000323,84.09680797282223,98080,<entities.dtn.DTN object at 0x10560d5e0>,<entities.dtn.DTN object at 0x1055da400>
17.356600000000324,84.10869903056991,98080,<entities.dtn.DTN object at 0x10560d5e0>,<entities.dtn.DTN object at 0x1055da400>
17.366675000000324,84.12058840719237,98080,<entities.dtn.DTN object at 0x10560d5e0>,<entities.dtn.DTN object at 0x1055da400>
17.376750000000325,84.13247610340248,98080,<entities.dtn.DTN object at 0x10560d5e0>,<entities.dtn.DTN object at 0x1055da400>
17.386825000000325,84.14436211991257,98080,<entities.dtn.DTN object at 0x10560d5e0>,<entities.dtn.DTN object at 0x1055da400>
17.396900000000326,84.15624645743449,98080,<entities.dtn.DTN object at 0x10560d5e0>,<entities.dtn.DTN object at 0x1055da400>
17.406975000000326,84.1681291166796,98080,<entities.dtn.DTN object at 0x10560d5e0>,<entities.dtn.DTN object at 0x1055da400>
17.417050000000327,84.18001009835871,98080,<entities.dtn.DTN object at 0x10560d5e0>,<entities.dtn.DTN object at 0x1055da400>
17.427125000000327,84.19188940318216,98080,<entities.dtn.DTN object at 0x10560d5e0>,<entities.dtn.DTN object at 0x1055da400>
17.437200000000328,84.2037670318598,98080,<entities.dtn.DTN object at 0x10560d5e0>,<entities.dtn.DTN object at 0x1055da400>
17.447275000000328,84.21564298510096,98080,<entities.dtn.DTN object at 0x10560d5e0>,<entities.dtn.DTN object at 0x1055da400>
17.45735000000033,84.22751726361447,98080,<entities.dtn.DTN object at 0x10560d5e0>,<entities.dtn.DTN object at 0x1055da400>
17.46742500000033,84.23938986810869,98080,<entities.dtn.DTN object at 0x10560d5e0>,<entities.dtn.DTN object at 0x1055da400>
17.47750000000033,84.25126079929143,98080,<entities.dtn.DTN object at 0x10560d5e0>,<entities.dtn.DTN object at 0x1055da400>
17.48757500000033,84.26313005787003,98080,<entities.dtn.DTN object at 0x10560d5e0>,<entities.dtn.DTN object at 0x1055da400>
17.49765000000033,84.27499764455133,98080,<entities.dtn.DTN object at 0x10560d5e0>,<entities.dtn.DTN object at 0x1055da400>
17.50772500000033,84.28686356004168,98080,<entities.dtn.DTN object at 0x10560d5e0>,<entities.dtn.DTN object at 0x1055da400>
17.51780000000033,84.29872780504692,98080,<entities.dtn.DTN object at 0x10560d5e0>,<entities.dtn.DTN object at 0x1055da400>
17.527875000000332,84.3105903802724,98080,<entities.dtn.DTN object at 0x10560d5e0>,<entities.dtn.DTN object at 0x1055da400>
17.537950000000333,84.32245128642298,98080,<entities.dtn.DTN object at 0x10560d5e0>,<entities.dtn.DTN object at 0x1055da400>
17.548025000000333,84.33431052420299,98080,<entities.dtn.DTN object at 0x10560d5e0>,<entities.dtn.DTN object at 0x1055da400>
17.558100000000334,84.34616809431633,98080,<entities.dtn.DTN object at 0x10560d5e0>,<entities.dtn.DTN object at 0x1055da400>
17.568175000000334,84.35802399746633,98080,<entities.dtn.DTN object at 0x10560d5e0>,<entities.dtn.DTN object at 0x1055da400>
17.578250000000335,84.36987823435588,98080,<entities.dtn.DTN object at 0x10560d5e0>,<entities.dtn.DTN object at 0x1055da400>
17.588325000000335,84.38173080568735,98080,<entities.dtn.DTN object at 0x10560d5e0>,<entities.dtn.DTN object at 0x1055da400>
17.598400000000336,84.39358171216263,98080,<entities.dtn.DTN object at 0x10560d5e0>,<entities.dtn.DTN object at 0x1055da400>
17.608475000000336,84.4054309544831,98080,<entities.dtn.DTN object at 0x10560d5e0>,<entities.dtn.DTN object at 0x1055da400>
17.618550000000337,84.41727853334966,98080,<entities.dtn.DTN object at 0x10560d5e0>,<entities.dtn.DTN object at 0x1055da400>
17.628625000000337,84.42912444946273,98080,<entities.dtn.DTN object at 0x10560d5e0>,<entities.dtn.DTN object at 0x1055da400>
17.638700000000338,84.44096870352223,98080,<entities.dtn.DTN object at 0x10560d5e0>,<entities.dtn.DTN object at 0x1055da400>
17.648775000000338,84.45281129622757,98080,<entities.dtn.DTN object at 0x10560d5e0>,<entities.dtn.DTN object at 0x1055da400>
17.65885000000034,84.46465222827769,98080,<entities.dtn.DTN object at 0x10560d5e0>,<entities.dtn.DTN object at 0x1055da400>
17.66892500000034,84.47649150037103,98080,<entities.dtn.DTN object at 0x10560d5e0>,<entities.dtn.DTN object at 0x1055da400>
17.67900000000034,84.48832911320555,98080,<entities.dtn.DTN object at 0x10560d5e0>,<entities.dtn.DTN object at 0x1055da400>
17.68907500000034,84.50016506747872,98080,<entities.dtn.DTN object at 0x10560d5e0>,<entities.dtn.DTN object at 0x1055da400>
17.69915000000034,84.51199936388751,98080,<entities.dtn.DTN object at 0x10560d5e0>,<entities.dtn.DTN object at 0x1055da400>
17.70922500000034,84.5238320031284,98080,<entities.dtn.DTN object at 0x10560d5e0>,<entities.dtn.DTN object at 0x1055da400>
17.71930000000034,84.53566298589742,98080,<entities.dtn.DTN object at 0x10560d5e0>,<entities.dtn.DTN object at 0x1055da400>
17.729375000000342,84.54749231289006,98080,<entities.dtn.DTN object at 0x10560d5e0>,<entities.dtn.DTN object at 0x1055da400>
17.739450000000343,84.55931998480136,98080,<entities.dtn.DTN object at 0x10560d5e0>,<entities.dtn.DTN object at 0x1055da400>
17.749525000000343,84.57114600232586,98080,<entities.dtn.DTN object at 0x10560d5e0>,<entities.dtn.DTN object at 0x1055da400>
17.759600000000344,84.58297036615761,98080,<entities.dtn.DTN object at 0x10560d5e0>,<entities.dtn.DTN object at 0x1055da400>
17.769675000000344,84.5947930769902,98080,<entities.dtn.DTN object at 0x10560d5e0>,<entities.dtn.DTN object at 0x1055da400>
17.779750000000345,84.6066141355167,98080,<entities.dtn.DTN object at 0x10560d5e0>,<entities.dtn.DTN object at 0x1055da400>
17.789825000000345,84.61843354242971,98080,<entities.dtn.DTN object at 0x10560d5e0>,<entities.dtn.DTN object at 0x1055da400>
17.799900000000346,84.63025129842136,98080,<entities.dtn.DTN object at 0x10560d5e0>,<entities.dtn.DTN object at 0x1055da400>
17.809975000000346,84.64206740418328,98080,<entities.dtn.DTN object at 0x10560d5e0>,<entities.dtn.DTN object at 0x1055da400>
17.820050000000347,84.65388186040663,98080,<entities.dtn.DTN object at 0x10560d5e0>,<entities.dtn.DTN object at 0x1055da400>
17.830125000000347,84.66569466778206,98080,<entities.dtn.DTN object at 0x10560d5e0>,<entities.dtn.DTN object at 0x1055da400>
17.840200000000348,84.67750582699978,98080,<entities.dtn.DTN object at 0x10560d5e0>,<entities.dtn.DTN object at 0x1055da400>
17.850275000000348,84.68931533874948,98080,<entities.dtn.DTN object at 0x10560d5e0>,<entities.dtn.DTN object at 0x1055da400>
17.86035000000035,84.7011232037204,98080,<entities.dtn.DTN object at 0x10560d5e0>,<entities.dtn.DTN object at 0x1055da400>
17.87042500000035,84.71292942260129,98080,<entities.dtn.DTN object at 0x10560d5e0>,<entities.dtn.DTN object at 0x1055da400>
17.88050000000035,84.7247339960804,98080,<entities.dtn.DTN object at 0x10560d5e0>,<entities.dtn.DTN object at 0x1055da400>
17.89057500000035,84.73653692484552,98080,<entities.dtn.DTN object at 0x10560d5e0>,<entities.dtn.DTN object at 0x1055da400>
17.90065000000035,84.74833820958398,98080,<entities.dtn.DTN object at 0x10560d5e0>,<entities.dtn.DTN object at 0x1055da400>
17.91072500000035,84.76013785098257,98080,<entities.dtn.DTN object at 0x10560d5e0>,<entities.dtn.DTN object at 0x1055da400>
17.92080000000035,84.77193584972767,98080,<entities.dtn.DTN object at 0x10560d5e0>,<entities.dtn.DTN object at 0x1055da400>
17.930875000000352,84.78373220650514,98080,<entities.dtn.DTN object at 0x10560d5e0>,<entities.dtn.DTN object at 0x1055da400>
17.940950000000353,84.79552692200038,98080,<entities.dtn.DTN object at 0x10560d5e0>,<entities.dtn.DTN object at 0x1055da400>
17.951025000000353,84.8073199968983,98080,<entities.dtn.DTN object at 0x10560d5e0>,<entities.dtn.DTN object at 0x1055da400>
17.961100000000354,84.81911143188336,98080,<entities.dtn.DTN object at 0x10560d5e0>,<entities.dtn.DTN object at 0x1055da400>
17.971175000000354,84.8309012276395,98080,<entities.dtn.DTN object at 0x10560d5e0>,<entities.dtn.DTN object at 0x1055da400>
17.981250000000355,84.84268938485025,98080,<entities.dtn.DTN object at 0x10560d5e0>,<entities.dtn.DTN object at 0x1055da400>
17.991325000000355,84.8544759041986,98080,<entities.dtn.DTN object at 0x10560d5e0>,<entities.dtn.DTN object at 0x1055da400>
18.001400000000356,84.86626078636708,98080,<entities.dtn.DTN object at 0x10560d5e0>,<entities.dtn.DTN object at 0x1055da400>
18.011475000000356,84.87804403203779,98080,<entities.dtn.DTN object at 0x10560d5e0>,<entities.dtn.DTN object at 0x1055da400>
18.021550000000357,84.88982564189232,98080,<entities.dtn.DTN object at 0x10560d5e0>,<entities.dtn.DTN object at 0x1055da400>
18.031625000000357,84.90160561661176,98080,<entities.dtn.DTN object at 0x10560d5e0>,<entities.dtn.DTN object at 0x1055da400>
18.041700000000358,84.9133839568768,98080,<entities.dtn.DTN object at 0x10560d5e0>,<entities.dtn.DTN object at 0x1055da400>
18.051775000000358,84.92516066336759,98080,<entities.dtn.DTN object at 0x10560d5e0>,<entities.dtn.DTN object at 0x1055da400>
18.06185000000036,84.93693573676384,98080,<entities.dtn.DTN object at 0x10560d5e0>,<entities.dtn.DTN object at 0x1055da400>
18.07192500000036,84.9487091777448,98080,<entities.dtn.DTN object at 0x10560d5e0>,<entities.dtn.DTN object at 0x1055da400>
18.08200000000036,84.96048098698923,98080,<entities.dtn.DTN object at 0x10560d5e0>,<entities.dtn.DTN object at 0x1055da400>
18.09207500000036,84.9722511651754,98080,<entities.dtn.DTN object at 0x10560d5e0>,<entities.dtn.DTN object at 0x1055da400>
18.10215000000036,84.98401971298115,98080,<entities.dtn.DTN object at 0x10560d5e0>,<entities.dtn.DTN object at 0x1055da400>
18.11222500000036,84.99578663108385,98080,<entities.dtn.DTN object at 0x10560d5e0>,<entities.dtn.DTN object at 0x1055da400>
18.12230000000036,85.00755192016035,98080,<entities.dtn.DTN object at 0x10560d5e0>,<entities.dtn.DTN object at 0x1055da400>
18.132375000000362,85.0193155808871,98080,<entities.dtn.DTN object at 0x10560d5e0>,<entities.dtn.DTN object at 0x1055da400>
18.142450000000363,85.03107761394003,98080,<entities.dtn.DTN object at 0x10560d5e0>,<entities.dtn.DTN object at 0x1055da400>
18.152525000000363,85.04283801999462,98080,<entities.dtn.DTN object at 0x10560d5e0>,<entities.dtn.DTN object at 0x1055da400>
18.162600000000364,85.0545967997259,98080,<entities.dtn.DTN object at 0x10560d5e0>,<entities.dtn.DTN object at 0x1055da400>
18.172675000000364,85.0663539538084,98080,<entities.dtn.DTN object at 0x10560d5e0>,<entities.dtn.DTN object at 0x1055da400>
18.182750000000365,85.07810948291622,98080,<entities.dtn.DTN object at 0x10560d5e0>,<entities.dtn.DTN object at 0x1055da400>
18.192825000000365,85.08986338772296,98080,<entities.dtn.DTN object at 0x10560d5e0>,<entities.dtn.DTN object at 0x1055da400>
18.202900000000366,85.10161566890177,98080,<entities.dtn.DTN object at 0x10560d5e0>,<entities.dtn.DTN object at 0x1055da400>
18.212975000000366,85.11336632712535,98080,<entities.dtn.DTN object at 0x10560d5e0>,<entities.dtn.DTN object at 0x1055da400>
18.223050000000367,85.12511536306592,98080,<entities.dtn.DTN object at 0x10560d5e0>,<entities.dtn.DTN object at 0x1055da400>
18.233125000000367,85.13686277739522,98080,<entities.dtn.DTN object at 0x10560d5e0>,<entities.dtn.DTN object at 0x1055da400>
18.243200000000368,85.14860857078456,98080,<entities.dtn.DTN object at 0x10560d5e0>,<entities.dtn.DTN object at 0x1055da400>
18.253275000000368,85.16035274390477,98080,<entities.dtn.DTN object at 0x10560d5e0>,<entities.dtn.DTN object at 0x1055da400>
18.26335000000037,85.17209529742621,98080,<entities.dtn.DTN object at 0x10560d5e0>,<entities.dtn.DTN object at 0x1055da400>
18.27342500000037,85.18383623201879,98080,<entities.dtn.DTN object at 0x10560d5e0>,<entities.dtn.DTN object at 0x1055da400>
18.28350000000037,85.19557554835195,98080,<entities.dtn.DTN object at 0x10560d5e0>,<entities.dtn.DTN object at 0x1055da400>
18.29357500000037,85.20731324709469,98080,<entities.dtn.DTN object at 0x10560d5e0>,<entities.dtn.DTN object at 0x1055da400>
18.30365000000037,85.2190493289155,98080,<entities.dtn.DTN object at 0x10560d5e0>,<entities.dtn.DTN object at 0x1055da400>
18.31372500000037,85.23078379448248,98080,<entities.dtn.DTN object at 0x10560d5e0>,<entities.dtn.DTN object at 0x1055da400>
18.32380000000037,85.2425166444632,98080,<entities.dtn.DTN object at 0x10560d5e0>,<entities.dtn.DTN object at 0x1055da400>
18.333875000000372,85.25424787952481,98080,<entities.dtn.DTN object at 0x10560d5e0>,<entities.dtn.DTN object at 0x1055da400>
18.343950000000373,85.265977500334,98080,<entities.dtn.DTN object at 0x10560d5e0>,<entities.dtn.DTN object at 0x1055da400>
18.354025000000373,85.277705507557,98080,<entities.dtn.DTN object at 0x10560d5e0>,<entities.dtn.DTN object at 0x1055da400>
18.364100000000374,85.28943190185957,98080,<entities.dtn.DTN object at 0x10560d5e0>,<entities.dtn.DTN object at 0x1055da400>
18.374175000000374,85.30115668390702,98080,<entities.dtn.DTN object at 0x10560d5e0>,<entities.dtn.DTN object at 0x1055da400>
18.384250000000375,85.3128798543642,98080,<entities.dtn.DTN object at 0x10560d5e0>,<entities.dtn.DTN object at 0x1055da400>
18.394325000000375,85.32460141389551,98080,<entities.dtn.DTN object at 0x10560d5e0>,<entities.dtn.DTN object at 0x1055da400>
18.404400000000376,85.33632136316487,98080,<entities.dtn.DTN object at 0x10560d5e0>,<entities.dtn.DTN object at 0x1055da400>
18.414475000000376,85.34803970283579,98080,<entities.dtn.DTN object at 0x10560d5e0>,<entities.dtn.DTN object at 0x1055da400>
18.424550000000377,85.35975643357128,98080,<entities.dtn.DTN object at 0x10560d5e0>,<entities.dtn.DTN object at 0x1055da400>
18.434625000000377,85.37147155603391,98080,<entities.dtn.DTN object at 0x10560d5e0>,<entities.dtn.DTN object at 0x1055da400>
18.444700000000378,85.3831850708858,98080,<entities.dtn.DTN object at 0x10560d5e0>,<entities.dtn.DTN object at 0x1055da400>
18.454775000000378,85.39489697878862,98080,<entities.dtn.DTN object at 0x10560d5e0>,<entities.dtn.DTN object at 0x1055da400>
18.46485000000038,85.40660728040358,98080,<entities.dtn.DTN object at 0x10560d5e0>,<entities.dtn.DTN object at 0x1055da400>
18.47492500000038,85.41831597639143,98080,<entities.dtn.DTN object at 0x10560d5e0>,<entities.dtn.DTN object at 0x1055da400>
18.48500000000038,85.43002306741248,98080,<entities.dtn.DTN object at 0x10560d5e0>,<entities.dtn.DTN object at 0x1055da400>
18.49507500000038,85.44172855412657,98080,<entities.dtn.DTN object at 0x10560d5e0>,<entities.dtn.DTN object at 0x1055da400>
18.50515000000038,85.4534324371931,98080,<entities.dtn.DTN object at 0x10560d5e0>,<entities.dtn.DTN object at 0x1055da400>
18.51522500000038,85.46513471727103,98080,<entities.dtn.DTN object at 0x10560d5e0>,<entities.dtn.DTN object at 0x1055da400>
18.52530000000038,85.47683539501884,98080,<entities.dtn.DTN object at 0x10560d5e0>,<entities.dtn.DTN object at 0x1055da400>
18.535375000000382,85.48853447109458,98080,<entities.dtn.DTN object at 0x10560d5e0>,<entities.dtn.DTN object at 0x1055da400>
18.545450000000383,85.50023194615585,98080,<entities.dtn.DTN object at 0x10560d5e0>,<entities.dtn.DTN object at 0x1055da400>
18.555525000000383,85.5119278208598,98080,<entities.dtn.DTN object at 0x10560d5e0>,<entities.dtn.DTN object at 0x1055da400>
18.565600000000384,85.5236220958631,98080,<entities.dtn.DTN object at 0x10560d5e0>,<entities.dtn.DTN object at 0x1055da400>
18.575675000000384,85.53531477182203,98080,<entities.dtn.DTN object at 0x10560d5e0>,<entities.dtn.DTN object at 0x1055da400>
18.585750000000385,85.54700584939236,98080,<entities.dtn.DTN object at 0x10560d5e0>,<entities.dtn.DTN object at 0x1055da400>
18.595825000000385,85.55869532922945,98080,<entities.dtn.DTN object at 0x10560d5e0>,<entities.dtn.DTN object at 0x1055da400>
18.605900000000386,85.5703832119882,98080,<entities.dtn.DTN object at 0x10560d5e0>,<entities.dtn.DTN object at 0x1055da400>
18.615975000000386,85.58206949832308,98080,<entities.dtn.DTN object at 0x10560d5e0>,<entities.dtn.DTN object at 0x1055da400>
18.626050000000387,85.59375418888807,98080,<entities.dtn.DTN object at 0x10560d5e0>,<entities.dtn.DTN object at 0x1055da400>
18.636125000000387,85.60543728433676,98080,<entities.dtn.DTN object at 0x10560d5e0>,<entities.dtn.DTN object at 0x1055da400>
18.646200000000388,85.61711878532225,98080,<entities.dtn.DTN object at 0x10560d5e0>,<entities.dtn.DTN object at 0x1055da400>
18.656275000000388,85.62879869249721,98080,<entities.dtn.DTN object at 0x10560d5e0>,<entities.dtn.DTN object at 0x1055da400>
18.66635000000039,85.64047700651386,98080,<entities.dtn.DTN object at 0x10560d5e0>,<entities.dtn.DTN object at 0x1055da400>
18.67642500000039,85.65215372802399,98080,<entities.dtn.DTN object at 0x10560d5e0>,<entities.dtn.DTN object at 0x1055da400>
18.68650000000039,85.66382885767894,98080,<entities.dtn.DTN object at 0x10560d5e0>,<entities.dtn.DTN object at 0x1055da400>
18.69657500000039,85.67550239612959,98080,<entities.dtn.DTN object at 0x10560d5e0>,<entities.dtn.DTN object at 0x1055da400>
18.70665000000039,85.68717434402639,98080,<entities.dtn.DTN object at 0x10560d5e0>,<entities.dtn.DTN object at 0x1055da400>
18.71672500000039,85.69884470201934,98080,<entities.dtn.DTN object at 0x10560d5e0>,<entities.dtn.DTN object at 0x1055da400>
18.72680000000039,85.71051347075803,98080,<entities.dtn.DTN object at 0x10560d5e0>,<entities.dtn.DTN object at 0x1055da400>
18.736875000000392,85.72218065089156,98080,<entities.dtn.DTN object at 0x10560d5e0>,<entities.dtn.DTN object at 0x1055da400>
18.746950000000393,85.7338462430686,98080,<entities.dtn.DTN object at 0x10560d5e0>,<entities.dtn.DTN object at 0x1055da400>
18.757025000000393,85.7455102479374,98080,<entities.dtn.DTN object at 0x10560d5e0>,<entities.dtn.DTN object at 0x1055da400>
18.767100000000394,85.75717266614575,98080,<entities.dtn.DTN object at 0x10560d5e0>,<entities.dtn.DTN object at 0x1055da400>
18.777175000000394,85.76883349834101,98080,<entities.dtn.DTN object at 0x10560d5e0>,<entities.dtn.DTN object at 0x1055da400>
18.787250000000395,85.7804927451701,98080,<entities.dtn.DTN object at 0x10560d5e0>,<entities.dtn.DTN object at 0x1055da400>
18.797325000000395,85.79215040727948,98080,<entities.dtn.DTN object at 0x10560d5e0>,<entities.dtn.DTN object at 0x1055da400>
18.807400000000396,85.8038064853152,98080,<entities.dtn.DTN object at 0x10560d5e0>,<entities.dtn.DTN object at 0x1055da400>
18.817475000000396,85.81546097992288,98080,<entities.dtn.DTN object at 0x10560d5e0>,<entities.dtn.DTN object at 0x1055da400>
18.827550000000397,85.82711389174763,98080,<entities.dtn.DTN object at 0x10560d5e0>,<entities.dtn.DTN object at 0x1055da400>
18.837625000000397,85.8387652214342,98080,<entities.dtn.DTN object at 0x10560d5e0>,<entities.dtn.DTN object at 0x1055da400>
18.847700000000398,85.85041496962688,98080,<entities.dtn.DTN object at 0x10560d5e0>,<entities.dtn.DTN object at 0x1055da400>
18.857775000000398,85.86206313696951,98080,<entities.dtn.DTN object at 0x10560d5e0>,<entities.dtn.DTN object at 0x1055da400>
18.8678500000004,85.8737097241055,98080,<entities.dtn.DTN object at 0x10560d5e0>,<entities.dtn.DTN object at 0x1055da400>
18.8779250000004,85.88535473167781,98080,<entities.dtn.DTN object at 0x10560d5e0>,<entities.dtn.DTN object at 0x1055da400>
18.8880000000004,85.89699816032899,98080,<entities.dtn.DTN object at 0x10560d5e0>,<entities.dtn.DTN object at 0x1055da400>
18.8980750000004,85.90864001070115,98080,<entities.dtn.DTN object at 0x10560d5e0>,<entities.dtn.DTN object at 0x1055da400>
18.9081500000004,85.92028028343594,98080,<entities.dtn.DTN object at 0x10560d5e0>,<entities.dtn.DTN object at 0x1055da400>
18.9182250000004,85.93191897917461,98080,<entities.dtn.DTN object at 0x10560d5e0>,<entities.dtn.DTN object at 0x1055da400>
18.9283000000004,85.94355609855795,98080,<entities.dtn.DTN object at 0x10560d5e0>,<entities.dtn.DTN object at 0x1055da400>
18.938375000000402,85.95519164222632,98080,<entities.dtn.DTN object at 0x10560d5e0>,<entities.dtn.DTN object at 0x1055da400>
18.948450000000403,85.96682561081967,98080,<entities.dtn.DTN object at 0x10560d5e0>,<entities.dtn.DTN object at 0x1055da400>
18.958525000000403,85.97845800497747,98080,<entities.dtn.DTN object at 0x10560d5e0>,<entities.dtn.DTN object at 0x1055da400>
18.968600000000404,85.9900888253388,98080,<entities.dtn.DTN object at 0x10560d5e0>,<entities.dtn.DTN object at 0x1055da400>
18.978675000000404,86.00171807254229,98080,<entities.dtn.DTN object at 0x10560d5e0>,<entities.dtn.DTN object at 0x1055da400>
18.988750000000405,86.01334574722614,98080,<entities.dtn.DTN object at 0x10560d5e0>,<entities.dtn.DTN object at 0x1055da400>
18.998825000000405,86.02497185002812,98080,<entities.dtn.DTN object at 0x10560d5e0>,<entities.dtn.DTN object at 0x1055da400>
19.008900000000406,86.03659638158558,98080,<entities.dtn.DTN object at 0x10560d5e0>,<entities.dtn.DTN object at 0x1055da400>
19.018975000000406,86.04821934253542,98080,<entities.dtn.DTN object at 0x10560d5e0>,<entities.dtn.DTN object at 0x1055da400>
19.029050000000407,86.05984073351411,98080,<entities.dtn.DTN object at 0x10560d5e0>,<entities.dtn.DTN object at 0x1055da400>
19.039125000000407,86.07146055515771,98080,<entities.dtn.DTN object at 0x10560d5e0>,<entities.dtn.DTN object at 0x1055da400>
19.049200000000408,86.08307880810183,98080,<entities.dtn.DTN object at 0x10560d5e0>,<entities.dtn.DTN object at 0x1055da400>
19.059275000000408,86.09469549298167,98080,<entities.dtn.DTN object at 0x10560d5e0>,<entities.dtn.DTN object at 0x1055da400>
19.06935000000041,86.10631061043199,98080,<entities.dtn.DTN object at 0x10560d5e0>,<entities.dtn.DTN object at 0x1055da400>
19.07942500000041,86.11792416108712,98080,<entities.dtn.DTN object at 0x10560d5e0>,<entities.dtn.DTN object at 0x1055da400>
19.08950000000041,86.12953614558096,98080,<entities.dtn.DTN object at 0x10560d5e0>,<entities.dtn.DTN object at 0x1055da400>
19.09957500000041,86.14114656454699,98080,<entities.dtn.DTN object at 0x10560d5e0>,<entities.dtn.DTN object at 0x1055da400>
19.10965000000041,86.15275541861826,98080,<entities.dtn.DTN object at 0x10560d5e0>,<entities.dtn.DTN object at 0x1055da400>
19.11972500000041,86.16436270842739,98080,<entities.dtn.DTN object at 0x10560d5e0>,<entities.dtn.DTN object at 0x1055da400>
19.12980000000041,86.1759684346066,98080,<entities.dtn.DTN object at 0x10560d5e0>,<entities.dtn.DTN object at 0x1055da400>
19.139875000000412,86.18757259778765,98080,<entities.dtn.DTN object at 0x10560d5e0>,<entities.dtn.DTN object at 0x1055da400>
19.149950000000413,86.19917519860188,98080,<entities.dtn.DTN object at 0x10560d5e0>,<entities.dtn.DTN object at 0x1055da400>
19.160025000000413,86.21077623768022,98080,<entities.dtn.DTN object at 0x10560d5e0>,<entities.dtn.DTN object at 0x1055da400>
19.170100000000414,86.22237571565317,98080,<entities.dtn.DTN object at 0x10560d5e0>,<entities.dtn.DTN object at 0x1055da400>
19.180175000000414,86.23397363315081,98080,<entities.dtn.DTN object at 0x10560d5e0>,<entities.dtn.DTN object at 0x1055da400>
19.190250000000415,86.24556999080278,98080,<entities.dtn.DTN object at 0x10560d5e0>,<entities.dtn.DTN object at 0x1055da400>
19.200325000000415,86.2571647892383,98080,<entities.dtn.DTN object at 0x10560d5e0>,<entities.dtn.DTN object at 0x1055da400>
19.210400000000416,86.26875802908619,98080,<entities.dtn.DTN object at 0x10560d5e0>,<entities.dtn.DTN object at 0x1055da400>
19.220475000000416,86.28034971097482,98080,<entities.dtn.DTN object at 0x10560d5e0>,<entities.dtn.DTN object at 0x1055da400>
19.230550000000417,86.29193983553215,98080,<entities.dtn.DTN object at 0x10560d5e0>,<entities.dtn.DTN object at 0x1055da400>
19.240625000000417,86.30352840338571,98080,<entities.dtn.DTN object at 0x10560d5e0>,<entities.dtn.DTN object at 0x1055da400>
19.250700000000418,86.31511541516264,98080,<entities.dtn.DTN object at 0x10560d5e0>,<entities.dtn.DTN object at 0x1055da400>
19.260775000000418,86.3267008714896,98080,<entities.dtn.DTN object at 0x10560d5e0>,<entities.dtn.DTN object at 0x1055da400>
19.27085000000042,86.3382847729929,98080,<entities.dtn.DTN object at 0x10560d5e0>,<entities.dtn.DTN object at 0x1055da400>
19.28092500000042,86.34986712029838,98080,<entities.dtn.DTN object at 0x10560d5e0>,<entities.dtn.DTN object at 0x1055da400>
19.29100000000042,86.36144791403147,98080,<entities.dtn.DTN object at 0x10560d5e0>,<entities.dtn.DTN object at 0x1055da400>
19.30107500000042,86.3730271548172,98080,<entities.dtn.DTN object at 0x10560d5e0>,<entities.dtn.DTN object at 0x1055da400>
19.31115000000042,86.38460484328014,98080,<entities.dtn.DTN object at 0x10560d5e0>,<entities.dtn.DTN object at 0x1055da400>
19.32122500000042,86.39618098004449,98080,<entities.dtn.DTN object at 0x10560d5e0>,<entities.dtn.DTN object at 0x1055da400>
19.33130000000042,86.407755565734,98080,<entities.dtn.DTN object at 0x10560d5e0>,<entities.dtn.DTN object at 0x1055da400>
19.341375000000422,86.41932860097202,98080,<entities.dtn.DTN object at 0x10560d5e0>,<entities.dtn.DTN object at 0x1055da400>
19.351450000000423,86.43090008638147,98080,<entities.dtn.DTN object at 0x10560d5e0>,<entities.dtn.DTN object at 0x1055da400>
19.361525000000423,86.44247002258484,98080,<entities.dtn.DTN object at 0x10560d5e0>,<entities.dtn.DTN object at 0x1055da400>
19.371600000000424,86.45403841020425,98080,<entities.dtn.DTN object at 0x10560d5e0>,<entities.dtn.DTN object at 0x1055da400>
19.381675000000424,86.46560524986135,98080,<entities.dtn.DTN object at 0x10560d5e0>,<entities.dtn.DTN object at 0x1055da400>
19.391750000000425,86.47717054217742,98080,<entities.dtn.DTN object at 0x10560d5e0>,<entities.dtn.DTN object at 0x1055da400>
19.401825000000425,86.48873428777328,98080,<entities.dtn.DTN object at 0x10560d5e0>,<entities.dtn.DTN object at 0x1055da400>
19.411900000000426,86.50029648726938,98080,<entities.dtn.DTN object at 0x10560d5e0>,<entities.dtn.DTN object at 0x1055da400>
19.421975000000426,86.51185714128572,98080,<entities.dtn.DTN object at 0x10560d5e0>,<entities.dtn.DTN object at 0x1055da400>
19.432050000000427,86.5234162504419,98080,<entities.dtn.DTN object at 0x10560d5e0>,<entities.dtn.DTN object at 0x1055da400>
19.442125000000427,86.5349738153571,98080,<entities.dtn.DTN object at 0x10560d5e0>,<entities.dtn.DTN object at 0x1055da400>
19.452200000000428,86.54652983665011,98080,<entities.dtn.DTN object at 0x10560d5e0>,<entities.dtn.DTN object at 0x1055da400>
19.462275000000428,86.55808431493928,98080,<entities.dtn.DTN object at 0x10560d5e0>,<entities.dtn.DTN object at 0x1055da400>
19.47235000000043,86.56963725084255,98080,<entities.dtn.DTN object at 0x10560d5e0>,<entities.dtn.DTN object at 0x1055da400>
19.48242500000043,86.58118864497744,98080,<entities.dtn.DTN object at 0x10560d5e0>,<entities.dtn.DTN object at 0x1055da400>
19.49250000000043,86.59273849796111,98080,<entities.dtn.DTN object at 0x10560d5e0>,<entities.dtn.DTN object at 0x1055da400>
19.50257500000043,86.60428681041023,98080,<entities.dtn.DTN object at 0x10560d5e0>,<entities.dtn.DTN object at 0x1055da400>
19.51265000000043,86.61583358294112,98080,<entities.dtn.DTN object at 0x10560d5e0>,<entities.dtn.DTN object at 0x1055da400>
19.52272500000043,86.62737881616967,98080,<entities.dtn.DTN object at 0x10560d5e0>,<entities.dtn.DTN object at 0x1055da400>
19.53280000000043,86.63892251071134,98080,<entities.dtn.DTN object at 0x10560d5e0>,<entities.dtn.DTN object at 0x1055da400>
19.542875000000432,86.65046466718121,98080,<entities.dtn.DTN object at 0x10560d5e0>,<entities.dtn.DTN object at 0x1055da400>
19.552950000000433,86.66200528619395,98080,<entities.dtn.DTN object at 0x10560d5e0>,<entities.dtn.DTN object at 0x1055da400>
19.563025000000433,86.67354436836378,98080,<entities.dtn.DTN object at 0x10560d5e0>,<entities.dtn.DTN object at 0x1055da400>
19.573100000000434,86.68508191430456,98080,<entities.dtn.DTN object at 0x10560d5e0>,<entities.dtn.DTN object at 0x1055da400>
19.583175000000434,86.6966179246297,98080,<entities.dtn.DTN object at 0x10560d5e0>,<entities.dtn.DTN object at 0x1055da400>
19.593250000000435,86.70815239995225,98080,<entities.dtn.DTN object at 0x10560d5e0>,<entities.dtn.DTN object at 0x1055da400>
19.603325000000435,86.71968534088481,98080,<entities.dtn.DTN object at 0x10560d5e0>,<entities.dtn.DTN object at 0x1055da400>
19.613400000000436,86.73121674803959,98080,<entities.dtn.DTN object at 0x10560d5e0>,<entities.dtn.DTN object at 0x1055da400>
19.623475000000436,86.74274662202838,98080,<entities.dtn.DTN object at 0x10560d5e0>,<entities.dtn.DTN object at 0x1055da400>
19.633550000000437,86.75427496346259,98080,<entities.dtn.DTN object at 0x10560d5e0>,<entities.dtn.DTN object at 0x1055da400>
19.643625000000437,86.76580177295321,98080,<entities.dtn.DTN object at 0x10560d5e0>,<entities.dtn.DTN object at 0x1055da400>
19.653700000000438,86.7773270511108,98080,<entities.dtn.DTN object at 0x10560d5e0>,<entities.dtn.DTN object at 0x1055da400>
19.663775000000438,86.78885079854555,98080,<entities.dtn.DTN object at 0x10560d5e0>,<entities.dtn.DTN object at 0x1055da400>
19.67385000000044,86.80037301586724,98080,<entities.dtn.DTN object at 0x10560d5e0>,<entities.dtn.DTN object at 0x1055da400>
19.68392500000044,86.81189370368521,98080,<entities.dtn.DTN object at 0x10560d5e0>,<entities.dtn.DTN object at 0x1055da400>
19.69400000000044,86.82341286260845,98080,<entities.dtn.DTN object at 0x10560d5e0>,<entities.dtn.DTN object at 0x1055da400>
19.70407500000044,86.83493049324551,98080,<entities.dtn.DTN object at 0x10560d5e0>,<entities.dtn.DTN object at 0x1055da400>
19.71415000000044,86.84644659620453,98080,<entities.dtn.DTN object at 0x10560d5e0>,<entities.dtn.DTN object at 0x1055da400>
19.72422500000044,86.85796117209328,98080,<entities.dtn.DTN object at 0x10560d5e0>,<entities.dtn.DTN object at 0x1055da400>
19.73430000000044,86.8694742215191,98080,<entities.dtn.DTN object at 0x10560d5e0>,<entities.dtn.DTN object at 0x1055da400>
19.744375000000442,86.88098574508894,98080,<entities.dtn.DTN object at 0x10560d5e0>,<entities.dtn.DTN object at 0x1055da400>
19.754450000000443,86.89249574340933,98080,<entities.dtn.DTN object at 0x10560d5e0>,<entities.dtn.DTN object at 0x1055da400>
19.764525000000443,86.90400421708642,98080,<entities.dtn.DTN object at 0x10560d5e0>,<entities.dtn.DTN object at 0x1055da400>
19.774600000000444,86.91551116672596,98080,<entities.dtn.DTN object at 0x10560d5e0>,<entities.dtn.DTN object at 0x1055da400>
19.784675000000444,86.92701659293328,98080,<entities.dtn.DTN object at 0x10560d5e0>,<entities.dtn.DTN object at 0x1055da400>
19.794750000000445,86.93852049631332,98080,<entities.dtn.DTN object at 0x10560d5e0>,<entities.dtn.DTN object at 0x1055da400>
19.804825000000445,86.95002287747062,98080,<entities.dtn.DTN object at 0x10560d5e0>,<entities.dtn.DTN object at 0x1055da400>
19.814900000000446,86.96152373700932,98080,<entities.dtn.DTN object at 0x10560d5e0>,<entities.dtn.DTN object at 0x1055da400>
19.824975000000446,86.97302307553315,98080,<entities.dtn.DTN object at 0x10560d5e0>,<entities.dtn.DTN object at 0x1055da400>
19.835050000000447,86.98452089364545,98080,<entities.dtn.DTN object at 0x10560d5e0>,<entities.dtn.DTN object at 0x1055da400>
19.845125000000447,86.99601719194918,98080,<entities.dtn.DTN object at 0x10560d5e0>,<entities.dtn.DTN object at 0x1055da400>
19.855200000000448,87.00751197104687,98080,<entities.dtn.DTN object at 0x10560d5e0>,<entities.dtn.DTN object at 0x1055da400>
19.865275000000448,87.01900523154066,98080,<entities.dtn.DTN object at 0x10560d5e0>,<entities.dtn.DTN object at 0x1055da400>
19.87535000000045,87.0304969740323,98080,<entities.dtn.DTN object at 0x10560d5e0>,<entities.dtn.DTN object at 0x1055da400>
19.88542500000045,87.04198719912316,98080,<entities.dtn.DTN object at 0x10560d5e0>,<entities.dtn.DTN object at 0x1055da400>
19.89550000000045,87.05347590741415,98080,<entities.dtn.DTN object at 0x10560d5e0>,<entities.dtn.DTN object at 0x1055da400>
19.90557500000045,87.06496309950587,98080,<entities.dtn.DTN object at 0x10560d5e0>,<entities.dtn.DTN object at 0x1055da400>
19.91565000000045,87.07644877599846,98080,<entities.dtn.DTN object at 0x10560d5e0>,<entities.dtn.DTN object at 0x1055da400>
19.92572500000045,87.08793293749169,98080,<entities.dtn.DTN object at 0x10560d5e0>,<entities.dtn.DTN object at 0x1055da400>
19.93580000000045,87.09941558458492,98080,<entities.dtn.DTN object at 0x10560d5e0>,<entities.dtn.DTN object at 0x1055da400>
19.945875000000452,87.11089671787713,98080,<entities.dtn.DTN object at 0x10560d5e0>,<entities.dtn.DTN object at 0x1055da400>
19.955950000000453,87.12237633796688,98080,<entities.dtn.DTN object at 0x10560d5e0>,<entities.dtn.DTN object at 0x1055da400>
19.966025000000453,87.13385444545239,98080,<entities.dtn.DTN object at 0x10560d5e0>,<entities.dtn.DTN object at 0x1055da400>
19.976100000000454,87.14533104093142,98080,<entities.dtn.DTN object at 0x10560d5e0>,<entities.dtn.DTN object at 0x1055da400>
19.986175000000454,87.1568061250014,98080,<entities.dtn.DTN object at 0x10560d5e0>,<entities.dtn.DTN object at 0x1055da400>
19.996250000000455,87.1682796982593,98080,<entities.dtn.DTN object at 0x10560d5e0>,<entities.dtn.DTN object at 0x1055da400>
20.006325000000455,87.17975176130174,98080,<entities.dtn.DTN object at 0x10560d5e0>,<entities.dtn.DTN object at 0x1055da400>
20.016400000000456,87.19122231472495,98080,<entities.dtn.DTN object at 0x10560d5e0>,<entities.dtn.DTN object at 0x1055da400>
20.026475000000456,87.20269135912474,98080,<entities.dtn.DTN object at 0x10560d5e0>,<entities.dtn.DTN object at 0x1055da400>
20.036550000000457,87.21415889509656,98080,<entities.dtn.DTN object at 0x10560d5e0>,<entities.dtn.DTN object at 0x1055da400>
20.046625000000457,87.22562492323544,98080,<entities.dtn.DTN object at 0x10560d5e0>,<entities.dtn.DTN object at 0x1055da400>
20.056700000000458,87.23708944413605,98080,<entities.dtn.DTN object at 0x10560d5e0>,<entities.dtn.DTN object at 0x1055da400>
20.066775000000458,87.24855245839262,98080,<entities.dtn.DTN object at 0x10560d5e0>,<entities.dtn.DTN object at 0x1055da400>
20.07685000000046,87.26001396659905,98080,<entities.dtn.DTN object at 0x10560d5e0>,<entities.dtn.DTN object at 0x1055da400>
20.08692500000046,87.27147396934879,98080,<entities.dtn.DTN object at 0x10560d5e0>,<entities.dtn.DTN object at 0x1055da400>
20.09700000000046,87.28293246723496,98080,<entities.dtn.DTN object at 0x10560d5e0>,<entities.dtn.DTN object at 0x1055da400>
20.10707500000046,87.29438946085024,98080,<entities.dtn.DTN object at 0x10560d5e0>,<entities.dtn.DTN object at 0x1055da400>
20.11715000000046,87.30584495078695,98080,<entities.dtn.DTN object at 0x10560d5e0>,<entities.dtn.DTN object at 0x1055da400>
20.12722500000046,87.317298937637,98080,<entities.dtn.DTN object at 0x10560d5e0>,<entities.dtn.DTN object at 0x1055da400>
20.13730000000046,87.32875142199195,98080,<entities.dtn.DTN object at 0x10560d5e0>,<entities.dtn.DTN object at 0x1055da400>
20.147375000000462,87.34020240444295,98080,<entities.dtn.DTN object at 0x10560d5e0>,<entities.dtn.DTN object at 0x1055da400>
20.157450000000463,87.35165188558074,98080,<entities.dtn.DTN object at 0x10560d5e0>,<entities.dtn.DTN object at 0x1055da400>
20.167525000000463,87.3630998659957,98080,<entities.dtn.DTN object at 0x10560d5e0>,<entities.dtn.DTN object at 0x1055da400>
20.177600000000464,87.3745463462778,98080,<entities.dtn.DTN object at 0x10560d5e0>,<entities.dtn.DTN object at 0x1055da400>
20.187675000000464,87.38599132701665,98080,<entities.dtn.DTN object at 0x10560d5e0>,<entities.dtn.DTN object at 0x1055da400>
20.197750000000465,87.39743480880148,98080,<entities.dtn.DTN object at 0x10560d5e0>,<entities.dtn.DTN object at 0x1055da400>
20.207825000000465,87.40887679222111,98080,<entities.dtn.DTN object at 0x10560d5e0>,<entities.dtn.DTN object at 0x1055da400>
20.217900000000466,87.42031727786397,98080,<entities.dtn.DTN object at 0x10560d5e0>,<entities.dtn.DTN object at 0x1055da400>
20.227975000000466,87.43175626631813,98080,<entities.dtn.DTN object at 0x10560d5e0>,<entities.dtn.DTN object at 0x1055da400>
20.238050000000467,87.44319375817125,98080,<entities.dtn.DTN object at 0x10560d5e0>,<entities.dtn.DTN object at 0x1055da400>
20.248125000000467,87.45462975401063,98080,<entities.dtn.DTN object at 0x10560d5e0>,<entities.dtn.DTN object at 0x1055da400>
20.258200000000468,87.46606425442316,98080,<entities.dtn.DTN object at 0x10560d5e0>,<entities.dtn.DTN object at 0x1055da400>
20.268275000000468,87.47749725999537,98080,<entities.dtn.DTN object at 0x10560d5e0>,<entities.dtn.DTN object at 0x1055da400>
20.27835000000047,87.4889287713134,98080,<entities.dtn.DTN object at 0x10560d5e0>,<entities.dtn.DTN object at 0x1055da400>
20.28842500000047,87.50035878896298,98080,<entities.dtn.DTN object at 0x10560d5e0>,<entities.dtn.DTN object at 0x1055da400>
20.29850000000047,87.51178731352951,98080,<entities.dtn.DTN object at 0x10560d5e0>,<entities.dtn.DTN object at 0x1055da400>
20.30857500000047,87.52321434559796,98080,<entities.dtn.DTN object at 0x10560d5e0>,<entities.dtn.DTN object at 0x1055da400>
20.31865000000047,87.53463988575297,98080,<entities.dtn.DTN object at 0x10560d5e0>,<entities.dtn.DTN object at 0x1055da400>
20.32872500000047,87.54606393457873,98080,<entities.dtn.DTN object at 0x10560d5e0>,<entities.dtn.DTN object at 0x1055da400>
20.33880000000047,87.5574864926591,98080,<entities.dtn.DTN object at 0x10560d5e0>,<entities.dtn.DTN object at 0x1055da400>
20.348875000000472,87.56890756057753,98080,<entities.dtn.DTN object at 0x10560d5e0>,<entities.dtn.DTN object at 0x1055da400>
20.358950000000473,87.58032713891711,98080,<entities.dtn.DTN object at 0x10560d5e0>,<entities.dtn.DTN object at 0x1055da400>
20.369025000000473,87.59174522826055,98080,<entities.dtn.DTN object at 0x10560d5e0>,<entities.dtn.DTN object at 0x1055da400>
20.379100000000474,87.60316182919017,98080,<entities.dtn.DTN object at 0x10560d5e0>,<entities.dtn.DTN object at 0x1055da400>
20.389175000000474,87.61457694228791,98080,<entities.dtn.DTN object at 0x10560d5e0>,<entities.dtn.DTN object at 0x1055da400>
20.399250000000475,87.62599056813534,98080,<entities.dtn.DTN object at 0x10560d5e0>,<entities.dtn.DTN object at 0x1055da400>
20.409325000000475,87.63740270731364,98080,<entities.dtn.DTN object at 0x10560d5e0>,<entities.dtn.DTN object at 0x1055da400>
20.419400000000476,87.64881336040362,98080,<entities.dtn.DTN object at 0x10560d5e0>,<entities.dtn.DTN object at 0x1055da400>
20.429475000000476,87.66022252798571,98080,<entities.dtn.DTN object at 0x10560d5e0>,<entities.dtn.DTN object at 0x1055da400>
20.439550000000477,87.67163021063996,98080,<entities.dtn.DTN object at 0x10560d5e0>,<entities.dtn.DTN object at 0x1055da400>
20.449625000000477,87.68303640894604,98080,<entities.dtn.DTN object at 0x10560d5e0>,<entities.dtn.DTN object at 0x1055da400>
20.459700000000478,87.69444112348324,98080,<entities.dtn.DTN object at 0x10560d5e0>,<entities.dtn.DTN object at 0x1055da400>
20.469775000000478,87.7058443548305,98080,<entities.dtn.DTN object at 0x10560d5e0>,<entities.dtn.DTN object at 0x1055da400>
20.47985000000048,87.71724610356637,98080,<entities.dtn.DTN object at 0x10560d5e0>,<entities.dtn.DTN object at 0x1055da400>
20.48992500000048,87.72864637026899,98080,<entities.dtn.DTN object at 0x10560d5e0>,<entities.dtn.DTN object at 0x1055da400>
20.50000000000048,87.74004515551617,98080,<entities.dtn.DTN object at 0x10560d5e0>,<entities.dtn.DTN object at 0x1055da400>
20.51007500000048,87.75144245988531,98080,<entities.dtn.DTN object at 0x10560d5e0>,<entities.dtn.DTN object at 0x1055da400>
20.52015000000048,87.76283828395347,98080,<entities.dtn.DTN object at 0x10560d5e0>,<entities.dtn.DTN object at 0x1055da400>
20.53022500000048,87.77423262829731,98080,<entities.dtn.DTN object at 0x10560d5e0>,<entities.dtn.DTN object at 0x1055da400>
20.54030000000048,87.78562549349313,98080,<entities.dtn.DTN object at 0x10560d5e0>,<entities.dtn.DTN object at 0x1055da400>
20.550375000000482,87.79701688011683,98080,<entities.dtn.DTN object at 0x10560d5e0>,<entities.dtn.DTN object at 0x1055da400>
20.560450000000483,87.80840678874397,98080,<entities.dtn.DTN object at 0x10560d5e0>,<entities.dtn.DTN object at 0x1055da400>
20.570525000000483,87.81979521994971,98080,<entities.dtn.DTN object at 0x10560d5e0>,<entities.dtn.DTN object at 0x1055da400>
20.580600000000484,87.83118217430886,98080,<entities.dtn.DTN object at 0x10560d5e0>,<entities.dtn.DTN object at 0x1055da400>
20.590675000000484,87.84256765239586,98080,<entities.dtn.DTN object at 0x10560d5e0>,<entities.dtn.DTN object at 0x1055da400>
20.600750000000485,87.85395165478474,98080,<entities.dtn.DTN object at 0x10560d5e0>,<entities.dtn.DTN object at 0x1055da400>
20.610825000000485,87.86533418204918,98080,<entities.dtn.DTN object at 0x10560d5e0>,<entities.dtn.DTN object at 0x1055da400>
20.620900000000486,87.87671523476251,98080,<entities.dtn.DTN object at 0x10560d5e0>,<entities.dtn.DTN object at 0x1055da400>
20.630975000000486,87.88809481349766,98080,<entities.dtn.DTN object at 0x10560d5e0>,<entities.dtn.DTN object at 0x1055da400>
20.641050000000487,87.89947291882719,98080,<entities.dtn.DTN object at 0x10560d5e0>,<entities.dtn.DTN object at 0x1055da400>
20.651125000000487,87.91084955132331,98080,<entities.dtn.DTN object at 0x10560d5e0>,<entities.dtn.DTN object at 0x1055da400>
20.661200000000488,87.92222471155785,98080,<entities.dtn.DTN object at 0x10560d5e0>,<entities.dtn.DTN object at 0x1055da400>
20.671275000000488,87.93359840010224,98080,<entities.dtn.DTN object at 0x10560d5e0>,<entities.dtn.DTN object at 0x1055da400>
20.68135000000049,87.9449706175276,98080,<entities.dtn.DTN object at 0x10560d5e0>,<entities.dtn.DTN object at 0x1055da400>
20.69142500000049,87.95634136440464,98080,<entities.dtn.DTN object at 0x10560d5e0>,<entities.dtn.DTN object at 0x1055da400>
20.70150000000049,87.9677106413037,98080,<entities.dtn.DTN object at 0x10560d5e0>,<entities.dtn.DTN object at 0x1055da400>
20.71157500000049,87.97907844879477,98080,<entities.dtn.DTN object at 0x10560d5e0>,<entities.dtn.DTN object at 0x1055da400>
20.72165000000049,87.99044478744744,98080,<entities.dtn.DTN object at 0x10560d5e0>,<entities.dtn.DTN object at 0x1055da400>
20.73172500000049,88.00180965783099,98080,<entities.dtn.DTN object at 0x10560d5e0>,<entities.dtn.DTN object at 0x1055da400>
20.74180000000049,88.01317306051428,98080,<entities.dtn.DTN object at 0x10560d5e0>,<entities.dtn.DTN object at 0x1055da400>
20.772025000000493,44.0,98080,<entities.dtn.DTN object at 0x10560d5e0>,<entities.dtn.DTN object at 0x1055da400>
20.802250000000495,45.0,98080,<entities.dtn.DTN object at 0x10560d5e0>,<entities.dtn.DTN object at 0x1055da400>
20.832475000000496,46.0,98080,<entities.dtn.DTN object at 0x10560d5e0>,<entities.dtn.DTN object at 0x1055da400>
20.862700000000498,47.0,98080,<entities.dtn.DTN object at 0x10560d5e0>,<entities.dtn.DTN object at 0x1055da400>
20.8929250000005,48.0,98080,<entities.dtn.DTN object at 0x10560d5e0>,<entities.dtn.DTN object at 0x1055da400>
20.9231500000005,49.0,98080,<entities.dtn.DTN object at 0x10560d5e0>,<entities.dtn.DTN object at 0x1055da400>
20.953375000000502,50.0,98080,<entities.dtn.DTN object at 0x10560d5e0>,<entities.dtn.DTN object at 0x1055da400>
20.983600000000504,51.0,98080,<entities.dtn.DTN object at 0x10560d5e0>,<entities.dtn.DTN object at 0x1055da400>
21.013825000000505,52.0,98080,<entities.dtn.DTN object at 0x10560d5e0>,<entities.dtn.DTN object at 0x1055da400>
21.044050000000507,53.0,98080,<entities.dtn.DTN object at 0x10560d5e0>,<entities.dtn.DTN object at 0x1055da400>
21.074275000000508,54.0,98080,<entities.dtn.DTN object at 0x10560d5e0>,<entities.dtn.DTN object at 0x1055da400>
21.10450000000051,55.0,98080,<entities.dtn.DTN object at 0x10560d5e0>,<entities.dtn.DTN object at 0x1055da400>
21.13472500000051,56.0,98080,<entities.dtn.DTN object at 0x10560d5e0>,<entities.dtn.DTN object at 0x1055da400>
21.164950000000513,57.0,98080,<entities.dtn.DTN object at 0x10560d5e0>,<entities.dtn.DTN object at 0x1055da400>
21.195175000000514,58.0,98080,<entities.dtn.DTN object at 0x10560d5e0>,<entities.dtn.DTN object at 0x1055da400>
21.225400000000516,59.0,98080,<entities.dtn.DTN object at 0x10560d5e0>,<entities.dtn.DTN object at 0x1055da400>
21.255625000000517,60.0,98080,<entities.dtn.DTN object at 0x10560d5e0>,<entities.dtn.DTN object at 0x1055da400>
21.28585000000052,61.0,98080,<entities.dtn.DTN object at 0x10560d5e0>,<entities.dtn.DTN object at 0x1055da400>
21.31607500000052,62.0,98080,<entities.dtn.DTN object at 0x10560d5e0>,<entities.dtn.DTN object at 0x1055da400>
21.34630000000052,63.0,98080,<entities.dtn.DTN object at 0x10560d5e0>,<entities.dtn.DTN object at 0x1055da400>
21.376525000000523,64.0,98080,<entities.dtn.DTN object at 0x10560d5e0>,<entities.dtn.DTN object at 0x1055da400>
21.406750000000525,65.0,98080,<entities.dtn.DTN object at 0x10560d5e0>,<entities.dtn.DTN object at 0x1055da400>
21.436975000000526,66.0,98080,<entities.dtn.DTN object at 0x10560d5e0>,<entities.dtn.DTN object at 0x1055da400>
21.467200000000528,67.0,98080,<entities.dtn.DTN object at 0x10560d5e0>,<entities.dtn.DTN object at 0x1055da400>
21.49742500000053,68.0,98080,<entities.dtn.DTN object at 0x10560d5e0>,<entities.dtn.DTN object at 0x1055da400>
21.52765000000053,69.0,98080,<entities.dtn.DTN object at 0x10560d5e0>,<entities.dtn.DTN object at 0x1055da400>
21.557875000000532,70.0,98080,<entities.dtn.DTN object at 0x10560d5e0>,<entities.dtn.DTN object at 0x1055da400>
21.588100000000534,71.0,98080,<entities.dtn.DTN object at 0x10560d5e0>,<entities.dtn.DTN object at 0x1055da400>
21.618325000000535,72.0,98080,<entities.dtn.DTN object at 0x10560d5e0>,<entities.dtn.DTN object at 0x1055da400>
21.628400000000536,73.0,98080,<entities.dtn.DTN object at 0x10560d5e0>,<entities.dtn.DTN object at 0x1055da400>
21.638475000000536,73.01369863013699,98080,<entities.dtn.DTN object at 0x10560d5e0>,<entities.dtn.DTN object at 0x1055da400>
21.668700000000538,36.0,98080,<entities.dtn.DTN object at 0x10560d5e0>,<entities.dtn.DTN object at 0x1055da400>
21.69892500000054,37.0,98080,<entities.dtn.DTN object at 0x10560d5e0>,<entities.dtn.DTN object at 0x1055da400>
21.72915000000054,38.0,98080,<entities.dtn.DTN object at 0x10560d5e0>,<entities.dtn.DTN object at 0x1055da400>
21.759375000000542,39.0,98080,<entities.dtn.DTN object at 0x10560d5e0>,<entities.dtn.DTN object at 0x1055da400>
21.789600000000544,40.0,98080,<entities.dtn.DTN object at 0x10560d5e0>,<entities.dtn.DTN object at 0x1055da400>
21.819825000000545,41.0,98080,<entities.dtn.DTN object at 0x10560d5e0>,<entities.dtn.DTN object at 0x1055da400>
21.850050000000547,42.0,98080,<entities.dtn.DTN object at 0x10560d5e0>,<entities.dtn.DTN object at 0x1055da400>
21.880275000000548,43.0,98080,<entities.dtn.DTN object at 0x10560d5e0>,<entities.dtn.DTN object at 0x1055da400>
21.91050000000055,44.0,98080,<entities.dtn.DTN object at 0x10560d5e0>,<entities.dtn.DTN object at 0x1055da400>
21.92057500000055,44.02272727272727,98080,<entities.dtn.DTN object at 0x10560d5e0>,<entities.dtn.DTN object at 0x1055da400>
21.93065000000055,44.04544281222134,98080,<entities.dtn.DTN object at 0x10560d5e0>,<entities.dtn.DTN object at 0x1055da400>
21.94072500000055,44.06814663663884,98080,<entities.dtn.DTN object at 0x10560d5e0>,<entities.dtn.DTN object at 0x1055da400>
21.95080000000055,44.09083876408966,98080,<entities.dtn.DTN object at 0x10560d5e0>,<entities.dtn.DTN object at 0x1055da400>
21.960875000000552,44.113519212637044,98080,<entities.dtn.DTN object at 0x10560d5e0>,<entities.dtn.DTN object at 0x1055da400>
21.970950000000553,44.1361880002978,98080,<entities.dtn.DTN object at 0x10560d5e0>,<entities.dtn.DTN object at 0x1055da400>
21.981025000000553,44.158845145042456,98080,<entities.dtn.DTN object at 0x10560d5e0>,<entities.dtn.DTN object at 0x1055da400>
21.991100000000554,44.18149066479542,98080,<entities.dtn.DTN object at 0x10560d5e0>,<entities.dtn.DTN object at 0x1055da400>
22.001175000000554,44.204124577435145,98080,<entities.dtn.DTN object at 0x10560d5e0>,<entities.dtn.DTN object at 0x1055da400>
22.011250000000555,44.22674690079432,98080,<entities.dtn.DTN object at 0x10560d5e0>,<entities.dtn.DTN object at 0x1055da400>
22.021325000000555,44.249357652659995,98080,<entities.dtn.DTN object at 0x10560d5e0>,<entities.dtn.DTN object at 0x1055da400>
22.031400000000556,44.271956850773776,98080,<entities.dtn.DTN object at 0x10560d5e0>,<entities.dtn.DTN object at 0x1055da400>
22.041475000000556,44.29454451283196,98080,<entities.dtn.DTN object at 0x10560d5e0>,<entities.dtn.DTN object at 0x1055da400>
22.051550000000557,44.317120656485734,98080,<entities.dtn.DTN object at 0x10560d5e0>,<entities.dtn.DTN object at 0x1055da400>
22.061625000000557,44.339685299341284,98080,<entities.dtn.DTN object at 0x10560d5e0>,<entities.dtn.DTN object at 0x1055da400>
22.071700000000558,44.36223845896001,98080,<entities.dtn.DTN object at 0x10560d5e0>,<entities.dtn.DTN object at 0x1055da400>
22.081775000000558,44.38478015285864,98080,<entities.dtn.DTN object at 0x10560d5e0>,<entities.dtn.DTN object at 0x1055da400>
22.09185000000056,44.40731039850942,98080,<entities.dtn.DTN object at 0x10560d5e0>,<entities.dtn.DTN object at 0x1055da400>
22.10192500000056,44.42982921334027,98080,<entities.dtn.DTN object at 0x10560d5e0>,<entities.dtn.DTN object at 0x1055da400>
22.11200000000056,44.45233661473491,98080,<entities.dtn.DTN object at 0x10560d5e0>,<entities.dtn.DTN object at 0x1055da400>
22.12207500000056,44.474832620033055,98080,<entities.dtn.DTN object at 0x10560d5e0>,<entities.dtn.DTN object at 0x1055da400>
22.13215000000056,44.49731724653055,98080,<entities.dtn.DTN object at 0x10560d5e0>,<entities.dtn.DTN object at 0x1055da400>
22.14222500000056,44.51979051147953,98080,<entities.dtn.DTN object at 0x10560d5e0>,<entities.dtn.DTN object at 0x1055da400>
22.15230000000056,44.54225243208857,98080,<entities.dtn.DTN object at 0x10560d5e0>,<entities.dtn.DTN object at 0x1055da400>
22.182525000000563,22.0,98080,<entities.dtn.DTN object at 0x10560d5e0>,<entities.dtn.DTN object at 0x1055da400>
22.212750000000565,23.0,98080,<entities.dtn.DTN object at 0x10560d5e0>,<entities.dtn.DTN object at 0x1055da400>
22.222825000000565,24.0,98080,<entities.dtn.DTN object at 0x10560d5e0>,<entities.dtn.DTN object at 0x1055da400>
