time,goodput,connection_id,src,dst
2.5,0.0,50965,<entities.processor.Processor object at 0x1076146d0>,<entities.dtn.DTN object at 0x1180d1550>
2.5001,0.0,70157,<entities.dtn.DTN object at 0x1180d1550>,<entities.processor.Processor object at 0x1076146d0>
3.5001,0.0,70157,<entities.dtn.DTN object at 0x1180d1550>,<entities.processor.Processor object at 0x1076146d0>
4.5001,0.0,70157,<entities.dtn.DTN object at 0x1180d1550>,<entities.processor.Processor object at 0x1076146d0>
5.5001,0.0,70157,<entities.dtn.DTN object at 0x1180d1550>,<entities.processor.Processor object at 0x1076146d0>
6.5001,0.0,70157,<entities.dtn.DTN object at 0x1180d1550>,<entities.processor.Processor object at 0x1076146d0>
7.5001,0.0,70157,<entities.dtn.DTN object at 0x1180d1550>,<entities.processor.Processor object at 0x1076146d0>
8.5001,0.0,70157,<entities.dtn.DTN object at 0x1180d1550>,<entities.processor.Processor object at 0x1076146d0>
9.5001,0.0,70157,<entities.dtn.DTN object at 0x1180d1550>,<entities.processor.Processor object at 0x1076146d0>
10.5001,0.0,70157,<entities.dtn.DTN object at 0x1180d1550>,<entities.processor.Processor object at 0x1076146d0>
11.5001,0.0,70157,<entities.dtn.DTN object at 0x1180d1550>,<entities.processor.Processor object at 0x1076146d0>
12.5001,0.0,70157,<entities.dtn.DTN object at 0x1180d1550>,<entities.processor.Processor object at 0x1076146d0>
13.5001,0.0,70157,<entities.dtn.DTN object at 0x1180d1550>,<entities.processor.Processor object at 0x1076146d0>
14.5001,0.0,70157,<entities.dtn.DTN object at 0x1180d1550>,<entities.processor.Processor object at 0x1076146d0>
15.5001,0.0,70157,<entities.dtn.DTN object at 0x1180d1550>,<entities.processor.Processor object at 0x1076146d0>
16.5001,0.0,70157,<entities.dtn.DTN object at 0x1180d1550>,<entities.processor.Processor object at 0x1076146d0>
17.5001,0.0,70157,<entities.dtn.DTN object at 0x1180d1550>,<entities.processor.Processor object at 0x1076146d0>
18.5001,0.0,70157,<entities.dtn.DTN object at 0x1180d1550>,<entities.processor.Processor object at 0x1076146d0>
19.5001,0.0,70157,<entities.dtn.DTN object at 0x1180d1550>,<entities.processor.Processor object at 0x1076146d0>
20.5001,0.0,70157,<entities.dtn.DTN object at 0x1180d1550>,<entities.processor.Processor object at 0x1076146d0>
21.5001,0.0,70157,<entities.dtn.DTN object at 0x1180d1550>,<entities.processor.Processor object at 0x1076146d0>
22.5001,0.0,70157,<entities.dtn.DTN object at 0x1180d1550>,<entities.processor.Processor object at 0x1076146d0>
23.5001,0.0,70157,<entities.dtn.DTN object at 0x1180d1550>,<entities.processor.Processor object at 0x1076146d0>
24.5001,0.0,70157,<entities.dtn.DTN object at 0x1180d1550>,<entities.processor.Processor object at 0x1076146d0>
25.5001,0.0,70157,<entities.dtn.DTN object at 0x1180d1550>,<entities.processor.Processor object at 0x1076146d0>
26.5001,0.0,70157,<entities.dtn.DTN object at 0x1180d1550>,<entities.processor.Processor object at 0x1076146d0>
27.5001,0.0,70157,<entities.dtn.DTN object at 0x1180d1550>,<entities.processor.Processor object at 0x1076146d0>
28.5001,0.0,70157,<entities.dtn.DTN object at 0x1180d1550>,<entities.processor.Processor object at 0x1076146d0>
29.5001,0.0,70157,<entities.dtn.DTN object at 0x1180d1550>,<entities.processor.Processor object at 0x1076146d0>
30.5001,0.0,70157,<entities.dtn.DTN object at 0x1180d1550>,<entities.processor.Processor object at 0x1076146d0>
31.5001,0.0,70157,<entities.dtn.DTN object at 0x1180d1550>,<entities.processor.Processor object at 0x1076146d0>
32.5001,0.0,70157,<entities.dtn.DTN object at 0x1180d1550>,<entities.processor.Processor object at 0x1076146d0>
33.5001,0.0,70157,<entities.dtn.DTN object at 0x1180d1550>,<entities.processor.Processor object at 0x1076146d0>
34.5001,0.0,70157,<entities.dtn.DTN object at 0x1180d1550>,<entities.processor.Processor object at 0x1076146d0>
35.5001,0.0,70157,<entities.dtn.DTN object at 0x1180d1550>,<entities.processor.Processor object at 0x1076146d0>
36.5001,0.0,70157,<entities.dtn.DTN object at 0x1180d1550>,<entities.processor.Processor object at 0x1076146d0>
37.5001,0.0,70157,<entities.dtn.DTN object at 0x1180d1550>,<entities.processor.Processor object at 0x1076146d0>
38.5001,0.0,70157,<entities.dtn.DTN object at 0x1180d1550>,<entities.processor.Processor object at 0x1076146d0>
39.5001,0.0,70157,<entities.dtn.DTN object at 0x1180d1550>,<entities.processor.Processor object at 0x1076146d0>
40.5001,0.0,70157,<entities.dtn.DTN object at 0x1180d1550>,<entities.processor.Processor object at 0x1076146d0>
41.5001,0.0,70157,<entities.dtn.DTN object at 0x1180d1550>,<entities.processor.Processor object at 0x1076146d0>
42.5001,0.0,70157,<entities.dtn.DTN object at 0x1180d1550>,<entities.processor.Processor object at 0x1076146d0>
43.5001,0.0,70157,<entities.dtn.DTN object at 0x1180d1550>,<entities.processor.Processor object at 0x1076146d0>
44.5001,0.0,70157,<entities.dtn.DTN object at 0x1180d1550>,<entities.processor.Processor object at 0x1076146d0>
45.5001,0.0,70157,<entities.dtn.DTN object at 0x1180d1550>,<entities.processor.Processor object at 0x1076146d0>
46.5001,0.0,70157,<entities.dtn.DTN object at 0x1180d1550>,<entities.processor.Processor object at 0x1076146d0>
47.5001,0.0,70157,<entities.dtn.DTN object at 0x1180d1550>,<entities.processor.Processor object at 0x1076146d0>
48.5001,0.0,70157,<entities.dtn.DTN object at 0x1180d1550>,<entities.processor.Processor object at 0x1076146d0>
49.5001,0.0,70157,<entities.dtn.DTN object at 0x1180d1550>,<entities.processor.Processor object at 0x1076146d0>
50.5001,0.0,70157,<entities.dtn.DTN object at 0x1180d1550>,<entities.processor.Processor object at 0x1076146d0>
51.5001,0.0,70157,<entities.dtn.DTN object at 0x1180d1550>,<entities.processor.Processor object at 0x1076146d0>
52.5001,0.0,70157,<entities.dtn.DTN object at 0x1180d1550>,<entities.processor.Processor object at 0x1076146d0>
53.5001,0.0,70157,<entities.dtn.DTN object at 0x1180d1550>,<entities.processor.Processor object at 0x1076146d0>
54.5001,0.0,70157,<entities.dtn.DTN object at 0x1180d1550>,<entities.processor.Processor object at 0x1076146d0>
55.5001,0.0,70157,<entities.dtn.DTN object at 0x1180d1550>,<entities.processor.Processor object at 0x1076146d0>
56.5001,0.0,70157,<entities.dtn.DTN object at 0x1180d1550>,<entities.processor.Processor object at 0x1076146d0>
57.5001,0.0,70157,<entities.dtn.DTN object at 0x1180d1550>,<entities.processor.Processor object at 0x1076146d0>
58.5001,0.0,70157,<entities.dtn.DTN object at 0x1180d1550>,<entities.processor.Processor object at 0x1076146d0>
59.5001,0.0,70157,<entities.dtn.DTN object at 0x1180d1550>,<entities.processor.Processor object at 0x1076146d0>
60.5001,0.0,70157,<entities.dtn.DTN object at 0x1180d1550>,<entities.processor.Processor object at 0x1076146d0>
61.5001,0.0,70157,<entities.dtn.DTN object at 0x1180d1550>,<entities.processor.Processor object at 0x1076146d0>
62.5001,0.0,70157,<entities.dtn.DTN object at 0x1180d1550>,<entities.processor.Processor object at 0x1076146d0>
63.5001,0.0,70157,<entities.dtn.DTN object at 0x1180d1550>,<entities.processor.Processor object at 0x1076146d0>
64.5001,0.0,70157,<entities.dtn.DTN object at 0x1180d1550>,<entities.processor.Processor object at 0x1076146d0>
65.5001,0.0,70157,<entities.dtn.DTN object at 0x1180d1550>,<entities.processor.Processor object at 0x1076146d0>
66.5001,0.0,70157,<entities.dtn.DTN object at 0x1180d1550>,<entities.processor.Processor object at 0x1076146d0>
67.5001,0.0,70157,<entities.dtn.DTN object at 0x1180d1550>,<entities.processor.Processor object at 0x1076146d0>
68.5001,0.0,70157,<entities.dtn.DTN object at 0x1180d1550>,<entities.processor.Processor object at 0x1076146d0>
69.5001,0.0,70157,<entities.dtn.DTN object at 0x1180d1550>,<entities.processor.Processor object at 0x1076146d0>
70.5001,0.0,70157,<entities.dtn.DTN object at 0x1180d1550>,<entities.processor.Processor object at 0x1076146d0>
71.5001,0.0,70157,<entities.dtn.DTN object at 0x1180d1550>,<entities.processor.Processor object at 0x1076146d0>
72.5001,0.0,70157,<entities.dtn.DTN object at 0x1180d1550>,<entities.processor.Processor object at 0x1076146d0>
73.5001,0.0,70157,<entities.dtn.DTN object at 0x1180d1550>,<entities.processor.Processor object at 0x1076146d0>
74.5001,0.0,70157,<entities.dtn.DTN object at 0x1180d1550>,<entities.processor.Processor object at 0x1076146d0>
75.5001,0.0,70157,<entities.dtn.DTN object at 0x1180d1550>,<entities.processor.Processor object at 0x1076146d0>
76.5001,0.0,70157,<entities.dtn.DTN object at 0x1180d1550>,<entities.processor.Processor object at 0x1076146d0>
77.5001,0.0,70157,<entities.dtn.DTN object at 0x1180d1550>,<entities.processor.Processor object at 0x1076146d0>
78.5001,0.0,70157,<entities.dtn.DTN object at 0x1180d1550>,<entities.processor.Processor object at 0x1076146d0>
79.5001,0.0,70157,<entities.dtn.DTN object at 0x1180d1550>,<entities.processor.Processor object at 0x1076146d0>
80.5001,0.0,70157,<entities.dtn.DTN object at 0x1180d1550>,<entities.processor.Processor object at 0x1076146d0>
81.5001,0.0,70157,<entities.dtn.DTN object at 0x1180d1550>,<entities.processor.Processor object at 0x1076146d0>
82.5001,0.0,70157,<entities.dtn.DTN object at 0x1180d1550>,<entities.processor.Processor object at 0x1076146d0>
83.5001,0.0,70157,<entities.dtn.DTN object at 0x1180d1550>,<entities.processor.Processor object at 0x1076146d0>
84.5001,0.0,70157,<entities.dtn.DTN object at 0x1180d1550>,<entities.processor.Processor object at 0x1076146d0>
85.5001,0.0,70157,<entities.dtn.DTN object at 0x1180d1550>,<entities.processor.Processor object at 0x1076146d0>
86.5001,0.0,70157,<entities.dtn.DTN object at 0x1180d1550>,<entities.processor.Processor object at 0x1076146d0>
87.5001,0.0,70157,<entities.dtn.DTN object at 0x1180d1550>,<entities.processor.Processor object at 0x1076146d0>
88.5001,0.0,70157,<entities.dtn.DTN object at 0x1180d1550>,<entities.processor.Processor object at 0x1076146d0>
89.5001,0.0,70157,<entities.dtn.DTN object at 0x1180d1550>,<entities.processor.Processor object at 0x1076146d0>
90.5001,0.0,70157,<entities.dtn.DTN object at 0x1180d1550>,<entities.processor.Processor object at 0x1076146d0>
91.5001,0.0,70157,<entities.dtn.DTN object at 0x1180d1550>,<entities.processor.Processor object at 0x1076146d0>
92.5001,0.0,70157,<entities.dtn.DTN object at 0x1180d1550>,<entities.processor.Processor object at 0x1076146d0>
93.5001,0.0,70157,<entities.dtn.DTN object at 0x1180d1550>,<entities.processor.Processor object at 0x1076146d0>
94.5001,0.0,70157,<entities.dtn.DTN object at 0x1180d1550>,<entities.processor.Processor object at 0x1076146d0>
95.5001,0.0,70157,<entities.dtn.DTN object at 0x1180d1550>,<entities.processor.Processor object at 0x1076146d0>
96.5001,0.0,70157,<entities.dtn.DTN object at 0x1180d1550>,<entities.processor.Processor object at 0x1076146d0>
97.5001,0.0,70157,<entities.dtn.DTN object at 0x1180d1550>,<entities.processor.Processor object at 0x1076146d0>
98.5001,0.0,70157,<entities.dtn.DTN object at 0x1180d1550>,<entities.processor.Processor object at 0x1076146d0>
99.5001,0.0,70157,<entities.dtn.DTN object at 0x1180d1550>,<entities.processor.Processor object at 0x1076146d0>
100.5001,0.0,70157,<entities.dtn.DTN object at 0x1180d1550>,<entities.processor.Processor object at 0x1076146d0>
101.5001,0.0,70157,<entities.dtn.DTN object at 0x1180d1550>,<entities.processor.Processor object at 0x1076146d0>
102.5001,0.0,70157,<entities.dtn.DTN object at 0x1180d1550>,<entities.processor.Processor object at 0x1076146d0>
103.5001,0.0,70157,<entities.dtn.DTN object at 0x1180d1550>,<entities.processor.Processor object at 0x1076146d0>
104.5001,0.0,70157,<entities.dtn.DTN object at 0x1180d1550>,<entities.processor.Processor object at 0x1076146d0>
105.5001,0.0,70157,<entities.dtn.DTN object at 0x1180d1550>,<entities.processor.Processor object at 0x1076146d0>
106.5001,0.0,70157,<entities.dtn.DTN object at 0x1180d1550>,<entities.processor.Processor object at 0x1076146d0>
107.5001,0.0,70157,<entities.dtn.DTN object at 0x1180d1550>,<entities.processor.Processor object at 0x1076146d0>
108.5001,0.0,70157,<entities.dtn.DTN object at 0x1180d1550>,<entities.processor.Processor object at 0x1076146d0>
109.5001,0.0,70157,<entities.dtn.DTN object at 0x1180d1550>,<entities.processor.Processor object at 0x1076146d0>
110.5001,0.0,70157,<entities.dtn.DTN object at 0x1180d1550>,<entities.processor.Processor object at 0x1076146d0>
111.5001,0.0,70157,<entities.dtn.DTN object at 0x1180d1550>,<entities.processor.Processor object at 0x1076146d0>
112.5001,0.0,70157,<entities.dtn.DTN object at 0x1180d1550>,<entities.processor.Processor object at 0x1076146d0>
113.5001,0.0,70157,<entities.dtn.DTN object at 0x1180d1550>,<entities.processor.Processor object at 0x1076146d0>
114.5001,0.0,70157,<entities.dtn.DTN object at 0x1180d1550>,<entities.processor.Processor object at 0x1076146d0>
115.5001,0.0,70157,<entities.dtn.DTN object at 0x1180d1550>,<entities.processor.Processor object at 0x1076146d0>
116.5001,0.0,70157,<entities.dtn.DTN object at 0x1180d1550>,<entities.processor.Processor object at 0x1076146d0>
117.5001,0.0,70157,<entities.dtn.DTN object at 0x1180d1550>,<entities.processor.Processor object at 0x1076146d0>
118.5001,0.0,70157,<entities.dtn.DTN object at 0x1180d1550>,<entities.processor.Processor object at 0x1076146d0>
119.5001,0.0,70157,<entities.dtn.DTN object at 0x1180d1550>,<entities.processor.Processor object at 0x1076146d0>
120.5001,0.0,70157,<entities.dtn.DTN object at 0x1180d1550>,<entities.processor.Processor object at 0x1076146d0>
121.5001,0.0,70157,<entities.dtn.DTN object at 0x1180d1550>,<entities.processor.Processor object at 0x1076146d0>
122.5001,0.0,70157,<entities.dtn.DTN object at 0x1180d1550>,<entities.processor.Processor object at 0x1076146d0>
123.5001,0.0,70157,<entities.dtn.DTN object at 0x1180d1550>,<entities.processor.Processor object at 0x1076146d0>
124.5001,0.0,70157,<entities.dtn.DTN object at 0x1180d1550>,<entities.processor.Processor object at 0x1076146d0>
125.5001,0.0,70157,<entities.dtn.DTN object at 0x1180d1550>,<entities.processor.Processor object at 0x1076146d0>
126.5001,0.0,70157,<entities.dtn.DTN object at 0x1180d1550>,<entities.processor.Processor object at 0x1076146d0>
127.5001,0.0,70157,<entities.dtn.DTN object at 0x1180d1550>,<entities.processor.Processor object at 0x1076146d0>
128.5001,0.0,70157,<entities.dtn.DTN object at 0x1180d1550>,<entities.processor.Processor object at 0x1076146d0>
129.5001,0.0,70157,<entities.dtn.DTN object at 0x1180d1550>,<entities.processor.Processor object at 0x1076146d0>
130.5001,0.0,70157,<entities.dtn.DTN object at 0x1180d1550>,<entities.processor.Processor object at 0x1076146d0>
131.5001,0.0,70157,<entities.dtn.DTN object at 0x1180d1550>,<entities.processor.Processor object at 0x1076146d0>
132.5001,0.0,70157,<entities.dtn.DTN object at 0x1180d1550>,<entities.processor.Processor object at 0x1076146d0>
133.5001,0.0,70157,<entities.dtn.DTN object at 0x1180d1550>,<entities.processor.Processor object at 0x1076146d0>
134.5001,0.0,70157,<entities.dtn.DTN object at 0x1180d1550>,<entities.processor.Processor object at 0x1076146d0>
135.5001,0.0,70157,<entities.dtn.DTN object at 0x1180d1550>,<entities.processor.Processor object at 0x1076146d0>
136.5001,0.0,70157,<entities.dtn.DTN object at 0x1180d1550>,<entities.processor.Processor object at 0x1076146d0>
137.5001,0.0,70157,<entities.dtn.DTN object at 0x1180d1550>,<entities.processor.Processor object at 0x1076146d0>
138.5001,0.0,70157,<entities.dtn.DTN object at 0x1180d1550>,<entities.processor.Processor object at 0x1076146d0>
139.5001,0.0,70157,<entities.dtn.DTN object at 0x1180d1550>,<entities.processor.Processor object at 0x1076146d0>
140.5001,0.0,70157,<entities.dtn.DTN object at 0x1180d1550>,<entities.processor.Processor object at 0x1076146d0>
141.5001,0.0,70157,<entities.dtn.DTN object at 0x1180d1550>,<entities.processor.Processor object at 0x1076146d0>
142.5001,0.0,70157,<entities.dtn.DTN object at 0x1180d1550>,<entities.processor.Processor object at 0x1076146d0>
143.5001,0.0,70157,<entities.dtn.DTN object at 0x1180d1550>,<entities.processor.Processor object at 0x1076146d0>
144.5001,0.0,70157,<entities.dtn.DTN object at 0x1180d1550>,<entities.processor.Processor object at 0x1076146d0>
145.5001,0.0,70157,<entities.dtn.DTN object at 0x1180d1550>,<entities.processor.Processor object at 0x1076146d0>
146.5001,0.0,70157,<entities.dtn.DTN object at 0x1180d1550>,<entities.processor.Processor object at 0x1076146d0>
147.5001,0.0,70157,<entities.dtn.DTN object at 0x1180d1550>,<entities.processor.Processor object at 0x1076146d0>
148.5001,0.0,70157,<entities.dtn.DTN object at 0x1180d1550>,<entities.processor.Processor object at 0x1076146d0>
149.5001,0.0,70157,<entities.dtn.DTN object at 0x1180d1550>,<entities.processor.Processor object at 0x1076146d0>
150.5001,0.0,70157,<entities.dtn.DTN object at 0x1180d1550>,<entities.processor.Processor object at 0x1076146d0>
151.5001,0.0,70157,<entities.dtn.DTN object at 0x1180d1550>,<entities.processor.Processor object at 0x1076146d0>
152.5001,0.0,70157,<entities.dtn.DTN object at 0x1180d1550>,<entities.processor.Processor object at 0x1076146d0>
153.5001,0.0,70157,<entities.dtn.DTN object at 0x1180d1550>,<entities.processor.Processor object at 0x1076146d0>
154.5001,0.0,70157,<entities.dtn.DTN object at 0x1180d1550>,<entities.processor.Processor object at 0x1076146d0>
155.5001,0.0,70157,<entities.dtn.DTN object at 0x1180d1550>,<entities.processor.Processor object at 0x1076146d0>
156.5001,0.0,70157,<entities.dtn.DTN object at 0x1180d1550>,<entities.processor.Processor object at 0x1076146d0>
157.5001,0.0,70157,<entities.dtn.DTN object at 0x1180d1550>,<entities.processor.Processor object at 0x1076146d0>
158.5001,0.0,70157,<entities.dtn.DTN object at 0x1180d1550>,<entities.processor.Processor object at 0x1076146d0>
159.5001,0.0,70157,<entities.dtn.DTN object at 0x1180d1550>,<entities.processor.Processor object at 0x1076146d0>
160.5001,0.0,70157,<entities.dtn.DTN object at 0x1180d1550>,<entities.processor.Processor object at 0x1076146d0>
161.5001,0.0,70157,<entities.dtn.DTN object at 0x1180d1550>,<entities.processor.Processor object at 0x1076146d0>
162.5001,0.0,70157,<entities.dtn.DTN object at 0x1180d1550>,<entities.processor.Processor object at 0x1076146d0>
163.5001,0.0,70157,<entities.dtn.DTN object at 0x1180d1550>,<entities.processor.Processor object at 0x1076146d0>
164.5001,0.0,70157,<entities.dtn.DTN object at 0x1180d1550>,<entities.processor.Processor object at 0x1076146d0>
165.5001,0.0,70157,<entities.dtn.DTN object at 0x1180d1550>,<entities.processor.Processor object at 0x1076146d0>
166.5001,0.0,70157,<entities.dtn.DTN object at 0x1180d1550>,<entities.processor.Processor object at 0x1076146d0>
167.5001,0.0,70157,<entities.dtn.DTN object at 0x1180d1550>,<entities.processor.Processor object at 0x1076146d0>
168.5001,0.0,70157,<entities.dtn.DTN object at 0x1180d1550>,<entities.processor.Processor object at 0x1076146d0>
169.5001,0.0,70157,<entities.dtn.DTN object at 0x1180d1550>,<entities.processor.Processor object at 0x1076146d0>
170.5001,0.0,70157,<entities.dtn.DTN object at 0x1180d1550>,<entities.processor.Processor object at 0x1076146d0>
171.5001,0.0,70157,<entities.dtn.DTN object at 0x1180d1550>,<entities.processor.Processor object at 0x1076146d0>
172.5001,0.0,70157,<entities.dtn.DTN object at 0x1180d1550>,<entities.processor.Processor object at 0x1076146d0>
173.5001,0.0,70157,<entities.dtn.DTN object at 0x1180d1550>,<entities.processor.Processor object at 0x1076146d0>
174.5001,0.0,70157,<entities.dtn.DTN object at 0x1180d1550>,<entities.processor.Processor object at 0x1076146d0>
175.5001,0.0,70157,<entities.dtn.DTN object at 0x1180d1550>,<entities.processor.Processor object at 0x1076146d0>
176.5001,0.0,70157,<entities.dtn.DTN object at 0x1180d1550>,<entities.processor.Processor object at 0x1076146d0>
177.5001,0.0,70157,<entities.dtn.DTN object at 0x1180d1550>,<entities.processor.Processor object at 0x1076146d0>
178.5001,0.0,70157,<entities.dtn.DTN object at 0x1180d1550>,<entities.processor.Processor object at 0x1076146d0>
179.5001,0.0,70157,<entities.dtn.DTN object at 0x1180d1550>,<entities.processor.Processor object at 0x1076146d0>
180.5001,0.0,70157,<entities.dtn.DTN object at 0x1180d1550>,<entities.processor.Processor object at 0x1076146d0>
181.5001,0.0,70157,<entities.dtn.DTN object at 0x1180d1550>,<entities.processor.Processor object at 0x1076146d0>
182.5001,0.0,70157,<entities.dtn.DTN object at 0x1180d1550>,<entities.processor.Processor object at 0x1076146d0>
183.5001,0.0,70157,<entities.dtn.DTN object at 0x1180d1550>,<entities.processor.Processor object at 0x1076146d0>
184.5001,0.0,70157,<entities.dtn.DTN object at 0x1180d1550>,<entities.processor.Processor object at 0x1076146d0>
185.5001,0.0,70157,<entities.dtn.DTN object at 0x1180d1550>,<entities.processor.Processor object at 0x1076146d0>
186.5001,0.0,70157,<entities.dtn.DTN object at 0x1180d1550>,<entities.processor.Processor object at 0x1076146d0>
187.5001,0.0,70157,<entities.dtn.DTN object at 0x1180d1550>,<entities.processor.Processor object at 0x1076146d0>
188.5001,0.0,70157,<entities.dtn.DTN object at 0x1180d1550>,<entities.processor.Processor object at 0x1076146d0>
189.5001,0.0,70157,<entities.dtn.DTN object at 0x1180d1550>,<entities.processor.Processor object at 0x1076146d0>
190.5001,0.0,70157,<entities.dtn.DTN object at 0x1180d1550>,<entities.processor.Processor object at 0x1076146d0>
191.5001,0.0,70157,<entities.dtn.DTN object at 0x1180d1550>,<entities.processor.Processor object at 0x1076146d0>
192.5001,0.0,70157,<entities.dtn.DTN object at 0x1180d1550>,<entities.processor.Processor object at 0x1076146d0>
193.5001,0.0,70157,<entities.dtn.DTN object at 0x1180d1550>,<entities.processor.Processor object at 0x1076146d0>
194.5001,0.0,70157,<entities.dtn.DTN object at 0x1180d1550>,<entities.processor.Processor object at 0x1076146d0>
195.5001,0.0,70157,<entities.dtn.DTN object at 0x1180d1550>,<entities.processor.Processor object at 0x1076146d0>
196.5001,0.0,70157,<entities.dtn.DTN object at 0x1180d1550>,<entities.processor.Processor object at 0x1076146d0>
197.5001,0.0,70157,<entities.dtn.DTN object at 0x1180d1550>,<entities.processor.Processor object at 0x1076146d0>
198.5001,0.0,70157,<entities.dtn.DTN object at 0x1180d1550>,<entities.processor.Processor object at 0x1076146d0>
199.5001,0.0,70157,<entities.dtn.DTN object at 0x1180d1550>,<entities.processor.Processor object at 0x1076146d0>
5.0,0.0,66640,<entities.processor.Processor object at 0x1180dca90>,<entities.dtn.DTN object at 0x1180d1550>
5.000230000000002,0.0,56326,<entities.dtn.DTN object at 0x1180d1550>,<entities.processor.Processor object at 0x1180dca90>
6.000230000000002,0.0,56326,<entities.dtn.DTN object at 0x1180d1550>,<entities.processor.Processor object at 0x1180dca90>
7.000230000000002,0.0,56326,<entities.dtn.DTN object at 0x1180d1550>,<entities.processor.Processor object at 0x1180dca90>
8.000230000000002,0.0,56326,<entities.dtn.DTN object at 0x1180d1550>,<entities.processor.Processor object at 0x1180dca90>
9.000230000000002,0.0,56326,<entities.dtn.DTN object at 0x1180d1550>,<entities.processor.Processor object at 0x1180dca90>
10.000230000000002,0.0,56326,<entities.dtn.DTN object at 0x1180d1550>,<entities.processor.Processor object at 0x1180dca90>
11.000230000000002,0.0,56326,<entities.dtn.DTN object at 0x1180d1550>,<entities.processor.Processor object at 0x1180dca90>
12.000230000000002,0.0,56326,<entities.dtn.DTN object at 0x1180d1550>,<entities.processor.Processor object at 0x1180dca90>
13.000230000000002,0.0,56326,<entities.dtn.DTN object at 0x1180d1550>,<entities.processor.Processor object at 0x1180dca90>
14.000230000000002,0.0,56326,<entities.dtn.DTN object at 0x1180d1550>,<entities.processor.Processor object at 0x1180dca90>
15.000230000000002,0.0,56326,<entities.dtn.DTN object at 0x1180d1550>,<entities.processor.Processor object at 0x1180dca90>
16.000230000000002,0.0,56326,<entities.dtn.DTN object at 0x1180d1550>,<entities.processor.Processor object at 0x1180dca90>
17.000230000000002,0.0,56326,<entities.dtn.DTN object at 0x1180d1550>,<entities.processor.Processor object at 0x1180dca90>
18.000230000000002,0.0,56326,<entities.dtn.DTN object at 0x1180d1550>,<entities.processor.Processor object at 0x1180dca90>
19.000230000000002,0.0,56326,<entities.dtn.DTN object at 0x1180d1550>,<entities.processor.Processor object at 0x1180dca90>
20.000230000000002,0.0,56326,<entities.dtn.DTN object at 0x1180d1550>,<entities.processor.Processor object at 0x1180dca90>
21.000230000000002,0.0,56326,<entities.dtn.DTN object at 0x1180d1550>,<entities.processor.Processor object at 0x1180dca90>
22.000230000000002,0.0,56326,<entities.dtn.DTN object at 0x1180d1550>,<entities.processor.Processor object at 0x1180dca90>
23.000230000000002,0.0,56326,<entities.dtn.DTN object at 0x1180d1550>,<entities.processor.Processor object at 0x1180dca90>
24.000230000000002,0.0,56326,<entities.dtn.DTN object at 0x1180d1550>,<entities.processor.Processor object at 0x1180dca90>
25.000230000000002,0.0,56326,<entities.dtn.DTN object at 0x1180d1550>,<entities.processor.Processor object at 0x1180dca90>
26.000230000000002,0.0,56326,<entities.dtn.DTN object at 0x1180d1550>,<entities.processor.Processor object at 0x1180dca90>
27.000230000000002,0.0,56326,<entities.dtn.DTN object at 0x1180d1550>,<entities.processor.Processor object at 0x1180dca90>
28.000230000000002,0.0,56326,<entities.dtn.DTN object at 0x1180d1550>,<entities.processor.Processor object at 0x1180dca90>
29.000230000000002,0.0,56326,<entities.dtn.DTN object at 0x1180d1550>,<entities.processor.Processor object at 0x1180dca90>
30.000230000000002,0.0,56326,<entities.dtn.DTN object at 0x1180d1550>,<entities.processor.Processor object at 0x1180dca90>
31.000230000000002,0.0,56326,<entities.dtn.DTN object at 0x1180d1550>,<entities.processor.Processor object at 0x1180dca90>
32.00023,0.0,56326,<entities.dtn.DTN object at 0x1180d1550>,<entities.processor.Processor object at 0x1180dca90>
33.00023,0.0,56326,<entities.dtn.DTN object at 0x1180d1550>,<entities.processor.Processor object at 0x1180dca90>
34.00023,0.0,56326,<entities.dtn.DTN object at 0x1180d1550>,<entities.processor.Processor object at 0x1180dca90>
35.00023,0.0,56326,<entities.dtn.DTN object at 0x1180d1550>,<entities.processor.Processor object at 0x1180dca90>
36.00023,0.0,56326,<entities.dtn.DTN object at 0x1180d1550>,<entities.processor.Processor object at 0x1180dca90>
37.00023,0.0,56326,<entities.dtn.DTN object at 0x1180d1550>,<entities.processor.Processor object at 0x1180dca90>
38.00023,0.0,56326,<entities.dtn.DTN object at 0x1180d1550>,<entities.processor.Processor object at 0x1180dca90>
39.00023,0.0,56326,<entities.dtn.DTN object at 0x1180d1550>,<entities.processor.Processor object at 0x1180dca90>
40.00023,0.0,56326,<entities.dtn.DTN object at 0x1180d1550>,<entities.processor.Processor object at 0x1180dca90>
41.00023,0.0,56326,<entities.dtn.DTN object at 0x1180d1550>,<entities.processor.Processor object at 0x1180dca90>
42.00023,0.0,56326,<entities.dtn.DTN object at 0x1180d1550>,<entities.processor.Processor object at 0x1180dca90>
43.00023,0.0,56326,<entities.dtn.DTN object at 0x1180d1550>,<entities.processor.Processor object at 0x1180dca90>
44.00023,0.0,56326,<entities.dtn.DTN object at 0x1180d1550>,<entities.processor.Processor object at 0x1180dca90>
45.00023,0.0,56326,<entities.dtn.DTN object at 0x1180d1550>,<entities.processor.Processor object at 0x1180dca90>
46.00023,0.0,56326,<entities.dtn.DTN object at 0x1180d1550>,<entities.processor.Processor object at 0x1180dca90>
47.00023,0.0,56326,<entities.dtn.DTN object at 0x1180d1550>,<entities.processor.Processor object at 0x1180dca90>
48.00023,0.0,56326,<entities.dtn.DTN object at 0x1180d1550>,<entities.processor.Processor object at 0x1180dca90>
49.00023,0.0,56326,<entities.dtn.DTN object at 0x1180d1550>,<entities.processor.Processor object at 0x1180dca90>
50.00023,0.0,56326,<entities.dtn.DTN object at 0x1180d1550>,<entities.processor.Processor object at 0x1180dca90>
51.00023,0.0,56326,<entities.dtn.DTN object at 0x1180d1550>,<entities.processor.Processor object at 0x1180dca90>
52.00023,0.0,56326,<entities.dtn.DTN object at 0x1180d1550>,<entities.processor.Processor object at 0x1180dca90>
53.00023,0.0,56326,<entities.dtn.DTN object at 0x1180d1550>,<entities.processor.Processor object at 0x1180dca90>
54.00023,0.0,56326,<entities.dtn.DTN object at 0x1180d1550>,<entities.processor.Processor object at 0x1180dca90>
55.00023,0.0,56326,<entities.dtn.DTN object at 0x1180d1550>,<entities.processor.Processor object at 0x1180dca90>
56.00023,0.0,56326,<entities.dtn.DTN object at 0x1180d1550>,<entities.processor.Processor object at 0x1180dca90>
57.00023,0.0,56326,<entities.dtn.DTN object at 0x1180d1550>,<entities.processor.Processor object at 0x1180dca90>
58.00023,0.0,56326,<entities.dtn.DTN object at 0x1180d1550>,<entities.processor.Processor object at 0x1180dca90>
59.00023,0.0,56326,<entities.dtn.DTN object at 0x1180d1550>,<entities.processor.Processor object at 0x1180dca90>
60.00023,0.0,56326,<entities.dtn.DTN object at 0x1180d1550>,<entities.processor.Processor object at 0x1180dca90>
61.00023,0.0,56326,<entities.dtn.DTN object at 0x1180d1550>,<entities.processor.Processor object at 0x1180dca90>
62.00023,0.0,56326,<entities.dtn.DTN object at 0x1180d1550>,<entities.processor.Processor object at 0x1180dca90>
63.00023,0.0,56326,<entities.dtn.DTN object at 0x1180d1550>,<entities.processor.Processor object at 0x1180dca90>
64.00023,0.0,56326,<entities.dtn.DTN object at 0x1180d1550>,<entities.processor.Processor object at 0x1180dca90>
65.00023,0.0,56326,<entities.dtn.DTN object at 0x1180d1550>,<entities.processor.Processor object at 0x1180dca90>
66.00023,0.0,56326,<entities.dtn.DTN object at 0x1180d1550>,<entities.processor.Processor object at 0x1180dca90>
67.00023,0.0,56326,<entities.dtn.DTN object at 0x1180d1550>,<entities.processor.Processor object at 0x1180dca90>
68.00023,0.0,56326,<entities.dtn.DTN object at 0x1180d1550>,<entities.processor.Processor object at 0x1180dca90>
69.00023,0.0,56326,<entities.dtn.DTN object at 0x1180d1550>,<entities.processor.Processor object at 0x1180dca90>
70.00023,0.0,56326,<entities.dtn.DTN object at 0x1180d1550>,<entities.processor.Processor object at 0x1180dca90>
71.00023,0.0,56326,<entities.dtn.DTN object at 0x1180d1550>,<entities.processor.Processor object at 0x1180dca90>
72.00023,0.0,56326,<entities.dtn.DTN object at 0x1180d1550>,<entities.processor.Processor object at 0x1180dca90>
73.00023,0.0,56326,<entities.dtn.DTN object at 0x1180d1550>,<entities.processor.Processor object at 0x1180dca90>
74.00023,0.0,56326,<entities.dtn.DTN object at 0x1180d1550>,<entities.processor.Processor object at 0x1180dca90>
75.00023,0.0,56326,<entities.dtn.DTN object at 0x1180d1550>,<entities.processor.Processor object at 0x1180dca90>
76.00023,0.0,56326,<entities.dtn.DTN object at 0x1180d1550>,<entities.processor.Processor object at 0x1180dca90>
77.00023,0.0,56326,<entities.dtn.DTN object at 0x1180d1550>,<entities.processor.Processor object at 0x1180dca90>
78.00023,0.0,56326,<entities.dtn.DTN object at 0x1180d1550>,<entities.processor.Processor object at 0x1180dca90>
79.00023,0.0,56326,<entities.dtn.DTN object at 0x1180d1550>,<entities.processor.Processor object at 0x1180dca90>
80.00023,0.0,56326,<entities.dtn.DTN object at 0x1180d1550>,<entities.processor.Processor object at 0x1180dca90>
81.00023,0.0,56326,<entities.dtn.DTN object at 0x1180d1550>,<entities.processor.Processor object at 0x1180dca90>
82.00023,0.0,56326,<entities.dtn.DTN object at 0x1180d1550>,<entities.processor.Processor object at 0x1180dca90>
83.00023,0.0,56326,<entities.dtn.DTN object at 0x1180d1550>,<entities.processor.Processor object at 0x1180dca90>
84.00023,0.0,56326,<entities.dtn.DTN object at 0x1180d1550>,<entities.processor.Processor object at 0x1180dca90>
85.00023,0.0,56326,<entities.dtn.DTN object at 0x1180d1550>,<entities.processor.Processor object at 0x1180dca90>
86.00023,0.0,56326,<entities.dtn.DTN object at 0x1180d1550>,<entities.processor.Processor object at 0x1180dca90>
87.00023,0.0,56326,<entities.dtn.DTN object at 0x1180d1550>,<entities.processor.Processor object at 0x1180dca90>
88.00023,0.0,56326,<entities.dtn.DTN object at 0x1180d1550>,<entities.processor.Processor object at 0x1180dca90>
89.00023,0.0,56326,<entities.dtn.DTN object at 0x1180d1550>,<entities.processor.Processor object at 0x1180dca90>
90.00023,0.0,56326,<entities.dtn.DTN object at 0x1180d1550>,<entities.processor.Processor object at 0x1180dca90>
91.00023,0.0,56326,<entities.dtn.DTN object at 0x1180d1550>,<entities.processor.Processor object at 0x1180dca90>
92.00023,0.0,56326,<entities.dtn.DTN object at 0x1180d1550>,<entities.processor.Processor object at 0x1180dca90>
93.00023,0.0,56326,<entities.dtn.DTN object at 0x1180d1550>,<entities.processor.Processor object at 0x1180dca90>
94.00023,0.0,56326,<entities.dtn.DTN object at 0x1180d1550>,<entities.processor.Processor object at 0x1180dca90>
95.00023,0.0,56326,<entities.dtn.DTN object at 0x1180d1550>,<entities.processor.Processor object at 0x1180dca90>
96.00023,0.0,56326,<entities.dtn.DTN object at 0x1180d1550>,<entities.processor.Processor object at 0x1180dca90>
97.00023,0.0,56326,<entities.dtn.DTN object at 0x1180d1550>,<entities.processor.Processor object at 0x1180dca90>
98.00023,0.0,56326,<entities.dtn.DTN object at 0x1180d1550>,<entities.processor.Processor object at 0x1180dca90>
99.00023,0.0,56326,<entities.dtn.DTN object at 0x1180d1550>,<entities.processor.Processor object at 0x1180dca90>
100.00023,0.0,56326,<entities.dtn.DTN object at 0x1180d1550>,<entities.processor.Processor object at 0x1180dca90>
101.00023,0.0,56326,<entities.dtn.DTN object at 0x1180d1550>,<entities.processor.Processor object at 0x1180dca90>
102.00023,0.0,56326,<entities.dtn.DTN object at 0x1180d1550>,<entities.processor.Processor object at 0x1180dca90>
103.00023,0.0,56326,<entities.dtn.DTN object at 0x1180d1550>,<entities.processor.Processor object at 0x1180dca90>
104.00023,0.0,56326,<entities.dtn.DTN object at 0x1180d1550>,<entities.processor.Processor object at 0x1180dca90>
105.00023,0.0,56326,<entities.dtn.DTN object at 0x1180d1550>,<entities.processor.Processor object at 0x1180dca90>
106.00023,0.0,56326,<entities.dtn.DTN object at 0x1180d1550>,<entities.processor.Processor object at 0x1180dca90>
107.00023,0.0,56326,<entities.dtn.DTN object at 0x1180d1550>,<entities.processor.Processor object at 0x1180dca90>
108.00023,0.0,56326,<entities.dtn.DTN object at 0x1180d1550>,<entities.processor.Processor object at 0x1180dca90>
109.00023,0.0,56326,<entities.dtn.DTN object at 0x1180d1550>,<entities.processor.Processor object at 0x1180dca90>
110.00023,0.0,56326,<entities.dtn.DTN object at 0x1180d1550>,<entities.processor.Processor object at 0x1180dca90>
111.00023,0.0,56326,<entities.dtn.DTN object at 0x1180d1550>,<entities.processor.Processor object at 0x1180dca90>
112.00023,0.0,56326,<entities.dtn.DTN object at 0x1180d1550>,<entities.processor.Processor object at 0x1180dca90>
113.00023,0.0,56326,<entities.dtn.DTN object at 0x1180d1550>,<entities.processor.Processor object at 0x1180dca90>
114.00023,0.0,56326,<entities.dtn.DTN object at 0x1180d1550>,<entities.processor.Processor object at 0x1180dca90>
115.00023,0.0,56326,<entities.dtn.DTN object at 0x1180d1550>,<entities.processor.Processor object at 0x1180dca90>
116.00023,0.0,56326,<entities.dtn.DTN object at 0x1180d1550>,<entities.processor.Processor object at 0x1180dca90>
117.00023,0.0,56326,<entities.dtn.DTN object at 0x1180d1550>,<entities.processor.Processor object at 0x1180dca90>
118.00023,0.0,56326,<entities.dtn.DTN object at 0x1180d1550>,<entities.processor.Processor object at 0x1180dca90>
119.00023,0.0,56326,<entities.dtn.DTN object at 0x1180d1550>,<entities.processor.Processor object at 0x1180dca90>
120.00023,0.0,56326,<entities.dtn.DTN object at 0x1180d1550>,<entities.processor.Processor object at 0x1180dca90>
121.00023,0.0,56326,<entities.dtn.DTN object at 0x1180d1550>,<entities.processor.Processor object at 0x1180dca90>
122.00023,0.0,56326,<entities.dtn.DTN object at 0x1180d1550>,<entities.processor.Processor object at 0x1180dca90>
123.00023,0.0,56326,<entities.dtn.DTN object at 0x1180d1550>,<entities.processor.Processor object at 0x1180dca90>
124.00023,0.0,56326,<entities.dtn.DTN object at 0x1180d1550>,<entities.processor.Processor object at 0x1180dca90>
125.00023,0.0,56326,<entities.dtn.DTN object at 0x1180d1550>,<entities.processor.Processor object at 0x1180dca90>
126.00023,0.0,56326,<entities.dtn.DTN object at 0x1180d1550>,<entities.processor.Processor object at 0x1180dca90>
127.00023,0.0,56326,<entities.dtn.DTN object at 0x1180d1550>,<entities.processor.Processor object at 0x1180dca90>
128.00023,0.0,56326,<entities.dtn.DTN object at 0x1180d1550>,<entities.processor.Processor object at 0x1180dca90>
129.00023,0.0,56326,<entities.dtn.DTN object at 0x1180d1550>,<entities.processor.Processor object at 0x1180dca90>
130.00023,0.0,56326,<entities.dtn.DTN object at 0x1180d1550>,<entities.processor.Processor object at 0x1180dca90>
131.00023,0.0,56326,<entities.dtn.DTN object at 0x1180d1550>,<entities.processor.Processor object at 0x1180dca90>
132.00023,0.0,56326,<entities.dtn.DTN object at 0x1180d1550>,<entities.processor.Processor object at 0x1180dca90>
133.00023,0.0,56326,<entities.dtn.DTN object at 0x1180d1550>,<entities.processor.Processor object at 0x1180dca90>
134.00023,0.0,56326,<entities.dtn.DTN object at 0x1180d1550>,<entities.processor.Processor object at 0x1180dca90>
135.00023,0.0,56326,<entities.dtn.DTN object at 0x1180d1550>,<entities.processor.Processor object at 0x1180dca90>
136.00023,0.0,56326,<entities.dtn.DTN object at 0x1180d1550>,<entities.processor.Processor object at 0x1180dca90>
137.00023,0.0,56326,<entities.dtn.DTN object at 0x1180d1550>,<entities.processor.Processor object at 0x1180dca90>
138.00023,0.0,56326,<entities.dtn.DTN object at 0x1180d1550>,<entities.processor.Processor object at 0x1180dca90>
139.00023,0.0,56326,<entities.dtn.DTN object at 0x1180d1550>,<entities.processor.Processor object at 0x1180dca90>
140.00023,0.0,56326,<entities.dtn.DTN object at 0x1180d1550>,<entities.processor.Processor object at 0x1180dca90>
141.00023,0.0,56326,<entities.dtn.DTN object at 0x1180d1550>,<entities.processor.Processor object at 0x1180dca90>
142.00023,0.0,56326,<entities.dtn.DTN object at 0x1180d1550>,<entities.processor.Processor object at 0x1180dca90>
143.00023,0.0,56326,<entities.dtn.DTN object at 0x1180d1550>,<entities.processor.Processor object at 0x1180dca90>
144.00023,0.0,56326,<entities.dtn.DTN object at 0x1180d1550>,<entities.processor.Processor object at 0x1180dca90>
145.00023,0.0,56326,<entities.dtn.DTN object at 0x1180d1550>,<entities.processor.Processor object at 0x1180dca90>
146.00023,0.0,56326,<entities.dtn.DTN object at 0x1180d1550>,<entities.processor.Processor object at 0x1180dca90>
147.00023,0.0,56326,<entities.dtn.DTN object at 0x1180d1550>,<entities.processor.Processor object at 0x1180dca90>
148.00023,0.0,56326,<entities.dtn.DTN object at 0x1180d1550>,<entities.processor.Processor object at 0x1180dca90>
149.00023,0.0,56326,<entities.dtn.DTN object at 0x1180d1550>,<entities.processor.Processor object at 0x1180dca90>
150.00023,0.0,56326,<entities.dtn.DTN object at 0x1180d1550>,<entities.processor.Processor object at 0x1180dca90>
151.00023,0.0,56326,<entities.dtn.DTN object at 0x1180d1550>,<entities.processor.Processor object at 0x1180dca90>
152.00023,0.0,56326,<entities.dtn.DTN object at 0x1180d1550>,<entities.processor.Processor object at 0x1180dca90>
153.00023,0.0,56326,<entities.dtn.DTN object at 0x1180d1550>,<entities.processor.Processor object at 0x1180dca90>
154.00023,0.0,56326,<entities.dtn.DTN object at 0x1180d1550>,<entities.processor.Processor object at 0x1180dca90>
155.00023,0.0,56326,<entities.dtn.DTN object at 0x1180d1550>,<entities.processor.Processor object at 0x1180dca90>
156.00023,0.0,56326,<entities.dtn.DTN object at 0x1180d1550>,<entities.processor.Processor object at 0x1180dca90>
157.00023,0.0,56326,<entities.dtn.DTN object at 0x1180d1550>,<entities.processor.Processor object at 0x1180dca90>
158.00023,0.0,56326,<entities.dtn.DTN object at 0x1180d1550>,<entities.processor.Processor object at 0x1180dca90>
159.00023,0.0,56326,<entities.dtn.DTN object at 0x1180d1550>,<entities.processor.Processor object at 0x1180dca90>
160.00023,0.0,56326,<entities.dtn.DTN object at 0x1180d1550>,<entities.processor.Processor object at 0x1180dca90>
161.00023,0.0,56326,<entities.dtn.DTN object at 0x1180d1550>,<entities.processor.Processor object at 0x1180dca90>
162.00023,0.0,56326,<entities.dtn.DTN object at 0x1180d1550>,<entities.processor.Processor object at 0x1180dca90>
163.00023,0.0,56326,<entities.dtn.DTN object at 0x1180d1550>,<entities.processor.Processor object at 0x1180dca90>
164.00023,0.0,56326,<entities.dtn.DTN object at 0x1180d1550>,<entities.processor.Processor object at 0x1180dca90>
165.00023,0.0,56326,<entities.dtn.DTN object at 0x1180d1550>,<entities.processor.Processor object at 0x1180dca90>
166.00023,0.0,56326,<entities.dtn.DTN object at 0x1180d1550>,<entities.processor.Processor object at 0x1180dca90>
167.00023,0.0,56326,<entities.dtn.DTN object at 0x1180d1550>,<entities.processor.Processor object at 0x1180dca90>
168.00023,0.0,56326,<entities.dtn.DTN object at 0x1180d1550>,<entities.processor.Processor object at 0x1180dca90>
169.00023,0.0,56326,<entities.dtn.DTN object at 0x1180d1550>,<entities.processor.Processor object at 0x1180dca90>
170.00023,0.0,56326,<entities.dtn.DTN object at 0x1180d1550>,<entities.processor.Processor object at 0x1180dca90>
171.00023,0.0,56326,<entities.dtn.DTN object at 0x1180d1550>,<entities.processor.Processor object at 0x1180dca90>
172.00023,0.0,56326,<entities.dtn.DTN object at 0x1180d1550>,<entities.processor.Processor object at 0x1180dca90>
173.00023,0.0,56326,<entities.dtn.DTN object at 0x1180d1550>,<entities.processor.Processor object at 0x1180dca90>
174.00023,0.0,56326,<entities.dtn.DTN object at 0x1180d1550>,<entities.processor.Processor object at 0x1180dca90>
175.00023,0.0,56326,<entities.dtn.DTN object at 0x1180d1550>,<entities.processor.Processor object at 0x1180dca90>
176.00023,0.0,56326,<entities.dtn.DTN object at 0x1180d1550>,<entities.processor.Processor object at 0x1180dca90>
177.00023,0.0,56326,<entities.dtn.DTN object at 0x1180d1550>,<entities.processor.Processor object at 0x1180dca90>
178.00023,0.0,56326,<entities.dtn.DTN object at 0x1180d1550>,<entities.processor.Processor object at 0x1180dca90>
179.00023,0.0,56326,<entities.dtn.DTN object at 0x1180d1550>,<entities.processor.Processor object at 0x1180dca90>
180.00023,0.0,56326,<entities.dtn.DTN object at 0x1180d1550>,<entities.processor.Processor object at 0x1180dca90>
181.00023,0.0,56326,<entities.dtn.DTN object at 0x1180d1550>,<entities.processor.Processor object at 0x1180dca90>
182.00023,0.0,56326,<entities.dtn.DTN object at 0x1180d1550>,<entities.processor.Processor object at 0x1180dca90>
183.00023,0.0,56326,<entities.dtn.DTN object at 0x1180d1550>,<entities.processor.Processor object at 0x1180dca90>
184.00023,0.0,56326,<entities.dtn.DTN object at 0x1180d1550>,<entities.processor.Processor object at 0x1180dca90>
185.00023,0.0,56326,<entities.dtn.DTN object at 0x1180d1550>,<entities.processor.Processor object at 0x1180dca90>
186.00023,0.0,56326,<entities.dtn.DTN object at 0x1180d1550>,<entities.processor.Processor object at 0x1180dca90>
187.00023,0.0,56326,<entities.dtn.DTN object at 0x1180d1550>,<entities.processor.Processor object at 0x1180dca90>
188.00023,0.0,56326,<entities.dtn.DTN object at 0x1180d1550>,<entities.processor.Processor object at 0x1180dca90>
189.00023,0.0,56326,<entities.dtn.DTN object at 0x1180d1550>,<entities.processor.Processor object at 0x1180dca90>
190.00023,0.0,56326,<entities.dtn.DTN object at 0x1180d1550>,<entities.processor.Processor object at 0x1180dca90>
191.00023,0.0,56326,<entities.dtn.DTN object at 0x1180d1550>,<entities.processor.Processor object at 0x1180dca90>
192.00023,0.0,56326,<entities.dtn.DTN object at 0x1180d1550>,<entities.processor.Processor object at 0x1180dca90>
193.00023,0.0,56326,<entities.dtn.DTN object at 0x1180d1550>,<entities.processor.Processor object at 0x1180dca90>
194.00023,0.0,56326,<entities.dtn.DTN object at 0x1180d1550>,<entities.processor.Processor object at 0x1180dca90>
195.00023,0.0,56326,<entities.dtn.DTN object at 0x1180d1550>,<entities.processor.Processor object at 0x1180dca90>
196.00023,0.0,56326,<entities.dtn.DTN object at 0x1180d1550>,<entities.processor.Processor object at 0x1180dca90>
197.00023,0.0,56326,<entities.dtn.DTN object at 0x1180d1550>,<entities.processor.Processor object at 0x1180dca90>
198.00023,0.0,56326,<entities.dtn.DTN object at 0x1180d1550>,<entities.processor.Processor object at 0x1180dca90>
199.00023,0.0,56326,<entities.dtn.DTN object at 0x1180d1550>,<entities.processor.Processor object at 0x1180dca90>
6.0,0.0,5525,<entities.processor.Processor object at 0x1180dcd00>,<entities.dtn.DTN object at 0x1180d1550>
8.811299999999928,0.0,85824,<entities.dtn.DTN object at 0x1180d1550>,<entities.processor.Processor object at 0x1180dcd00>
9.811299999999928,0.0,85824,<entities.dtn.DTN object at 0x1180d1550>,<entities.processor.Processor object at 0x1180dcd00>
10.811299999999928,0.0,85824,<entities.dtn.DTN object at 0x1180d1550>,<entities.processor.Processor object at 0x1180dcd00>
11.811299999999928,0.0,85824,<entities.dtn.DTN object at 0x1180d1550>,<entities.processor.Processor object at 0x1180dcd00>
12.811299999999928,0.0,85824,<entities.dtn.DTN object at 0x1180d1550>,<entities.processor.Processor object at 0x1180dcd00>
13.811299999999928,0.0,85824,<entities.dtn.DTN object at 0x1180d1550>,<entities.processor.Processor object at 0x1180dcd00>
14.811299999999928,0.0,85824,<entities.dtn.DTN object at 0x1180d1550>,<entities.processor.Processor object at 0x1180dcd00>
15.811299999999928,0.0,85824,<entities.dtn.DTN object at 0x1180d1550>,<entities.processor.Processor object at 0x1180dcd00>
16.811299999999928,0.0,85824,<entities.dtn.DTN object at 0x1180d1550>,<entities.processor.Processor object at 0x1180dcd00>
17.811299999999928,0.0,85824,<entities.dtn.DTN object at 0x1180d1550>,<entities.processor.Processor object at 0x1180dcd00>
18.811299999999928,0.0,85824,<entities.dtn.DTN object at 0x1180d1550>,<entities.processor.Processor object at 0x1180dcd00>
19.811299999999928,0.0,85824,<entities.dtn.DTN object at 0x1180d1550>,<entities.processor.Processor object at 0x1180dcd00>
20.811299999999928,0.0,85824,<entities.dtn.DTN object at 0x1180d1550>,<entities.processor.Processor object at 0x1180dcd00>
21.811299999999928,0.0,85824,<entities.dtn.DTN object at 0x1180d1550>,<entities.processor.Processor object at 0x1180dcd00>
22.811299999999928,0.0,85824,<entities.dtn.DTN object at 0x1180d1550>,<entities.processor.Processor object at 0x1180dcd00>
23.811299999999928,0.0,85824,<entities.dtn.DTN object at 0x1180d1550>,<entities.processor.Processor object at 0x1180dcd00>
24.811299999999928,0.0,85824,<entities.dtn.DTN object at 0x1180d1550>,<entities.processor.Processor object at 0x1180dcd00>
25.811299999999928,0.0,85824,<entities.dtn.DTN object at 0x1180d1550>,<entities.processor.Processor object at 0x1180dcd00>
26.811299999999928,0.0,85824,<entities.dtn.DTN object at 0x1180d1550>,<entities.processor.Processor object at 0x1180dcd00>
27.811299999999928,0.0,85824,<entities.dtn.DTN object at 0x1180d1550>,<entities.processor.Processor object at 0x1180dcd00>
28.811299999999928,0.0,85824,<entities.dtn.DTN object at 0x1180d1550>,<entities.processor.Processor object at 0x1180dcd00>
29.811299999999928,0.0,85824,<entities.dtn.DTN object at 0x1180d1550>,<entities.processor.Processor object at 0x1180dcd00>
30.811299999999928,0.0,85824,<entities.dtn.DTN object at 0x1180d1550>,<entities.processor.Processor object at 0x1180dcd00>
31.811299999999928,0.0,85824,<entities.dtn.DTN object at 0x1180d1550>,<entities.processor.Processor object at 0x1180dcd00>
32.81129999999993,0.0,85824,<entities.dtn.DTN object at 0x1180d1550>,<entities.processor.Processor object at 0x1180dcd00>
33.81129999999993,0.0,85824,<entities.dtn.DTN object at 0x1180d1550>,<entities.processor.Processor object at 0x1180dcd00>
34.81129999999993,0.0,85824,<entities.dtn.DTN object at 0x1180d1550>,<entities.processor.Processor object at 0x1180dcd00>
35.81129999999993,0.0,85824,<entities.dtn.DTN object at 0x1180d1550>,<entities.processor.Processor object at 0x1180dcd00>
36.81129999999993,0.0,85824,<entities.dtn.DTN object at 0x1180d1550>,<entities.processor.Processor object at 0x1180dcd00>
37.81129999999993,0.0,85824,<entities.dtn.DTN object at 0x1180d1550>,<entities.processor.Processor object at 0x1180dcd00>
38.81129999999993,0.0,85824,<entities.dtn.DTN object at 0x1180d1550>,<entities.processor.Processor object at 0x1180dcd00>
39.81129999999993,0.0,85824,<entities.dtn.DTN object at 0x1180d1550>,<entities.processor.Processor object at 0x1180dcd00>
40.81129999999993,0.0,85824,<entities.dtn.DTN object at 0x1180d1550>,<entities.processor.Processor object at 0x1180dcd00>
41.81129999999993,0.0,85824,<entities.dtn.DTN object at 0x1180d1550>,<entities.processor.Processor object at 0x1180dcd00>
42.81129999999993,0.0,85824,<entities.dtn.DTN object at 0x1180d1550>,<entities.processor.Processor object at 0x1180dcd00>
43.81129999999993,0.0,85824,<entities.dtn.DTN object at 0x1180d1550>,<entities.processor.Processor object at 0x1180dcd00>
44.81129999999993,0.0,85824,<entities.dtn.DTN object at 0x1180d1550>,<entities.processor.Processor object at 0x1180dcd00>
45.81129999999993,0.0,85824,<entities.dtn.DTN object at 0x1180d1550>,<entities.processor.Processor object at 0x1180dcd00>
46.81129999999993,0.0,85824,<entities.dtn.DTN object at 0x1180d1550>,<entities.processor.Processor object at 0x1180dcd00>
47.81129999999993,0.0,85824,<entities.dtn.DTN object at 0x1180d1550>,<entities.processor.Processor object at 0x1180dcd00>
48.81129999999993,0.0,85824,<entities.dtn.DTN object at 0x1180d1550>,<entities.processor.Processor object at 0x1180dcd00>
49.81129999999993,0.0,85824,<entities.dtn.DTN object at 0x1180d1550>,<entities.processor.Processor object at 0x1180dcd00>
50.81129999999993,0.0,85824,<entities.dtn.DTN object at 0x1180d1550>,<entities.processor.Processor object at 0x1180dcd00>
51.81129999999993,0.0,85824,<entities.dtn.DTN object at 0x1180d1550>,<entities.processor.Processor object at 0x1180dcd00>
52.81129999999993,0.0,85824,<entities.dtn.DTN object at 0x1180d1550>,<entities.processor.Processor object at 0x1180dcd00>
53.81129999999993,0.0,85824,<entities.dtn.DTN object at 0x1180d1550>,<entities.processor.Processor object at 0x1180dcd00>
54.81129999999993,0.0,85824,<entities.dtn.DTN object at 0x1180d1550>,<entities.processor.Processor object at 0x1180dcd00>
55.81129999999993,0.0,85824,<entities.dtn.DTN object at 0x1180d1550>,<entities.processor.Processor object at 0x1180dcd00>
56.81129999999993,0.0,85824,<entities.dtn.DTN object at 0x1180d1550>,<entities.processor.Processor object at 0x1180dcd00>
57.81129999999993,0.0,85824,<entities.dtn.DTN object at 0x1180d1550>,<entities.processor.Processor object at 0x1180dcd00>
58.81129999999993,0.0,85824,<entities.dtn.DTN object at 0x1180d1550>,<entities.processor.Processor object at 0x1180dcd00>
59.81129999999993,0.0,85824,<entities.dtn.DTN object at 0x1180d1550>,<entities.processor.Processor object at 0x1180dcd00>
60.81129999999993,0.0,85824,<entities.dtn.DTN object at 0x1180d1550>,<entities.processor.Processor object at 0x1180dcd00>
61.81129999999993,0.0,85824,<entities.dtn.DTN object at 0x1180d1550>,<entities.processor.Processor object at 0x1180dcd00>
62.81129999999993,0.0,85824,<entities.dtn.DTN object at 0x1180d1550>,<entities.processor.Processor object at 0x1180dcd00>
63.81129999999993,0.0,85824,<entities.dtn.DTN object at 0x1180d1550>,<entities.processor.Processor object at 0x1180dcd00>
64.81129999999993,0.0,85824,<entities.dtn.DTN object at 0x1180d1550>,<entities.processor.Processor object at 0x1180dcd00>
65.81129999999993,0.0,85824,<entities.dtn.DTN object at 0x1180d1550>,<entities.processor.Processor object at 0x1180dcd00>
66.81129999999993,0.0,85824,<entities.dtn.DTN object at 0x1180d1550>,<entities.processor.Processor object at 0x1180dcd00>
67.81129999999993,0.0,85824,<entities.dtn.DTN object at 0x1180d1550>,<entities.processor.Processor object at 0x1180dcd00>
68.81129999999993,0.0,85824,<entities.dtn.DTN object at 0x1180d1550>,<entities.processor.Processor object at 0x1180dcd00>
69.81129999999993,0.0,85824,<entities.dtn.DTN object at 0x1180d1550>,<entities.processor.Processor object at 0x1180dcd00>
70.81129999999993,0.0,85824,<entities.dtn.DTN object at 0x1180d1550>,<entities.processor.Processor object at 0x1180dcd00>
71.81129999999993,0.0,85824,<entities.dtn.DTN object at 0x1180d1550>,<entities.processor.Processor object at 0x1180dcd00>
72.81129999999993,0.0,85824,<entities.dtn.DTN object at 0x1180d1550>,<entities.processor.Processor object at 0x1180dcd00>
73.81129999999993,0.0,85824,<entities.dtn.DTN object at 0x1180d1550>,<entities.processor.Processor object at 0x1180dcd00>
74.81129999999993,0.0,85824,<entities.dtn.DTN object at 0x1180d1550>,<entities.processor.Processor object at 0x1180dcd00>
75.81129999999993,0.0,85824,<entities.dtn.DTN object at 0x1180d1550>,<entities.processor.Processor object at 0x1180dcd00>
76.81129999999993,0.0,85824,<entities.dtn.DTN object at 0x1180d1550>,<entities.processor.Processor object at 0x1180dcd00>
77.81129999999993,0.0,85824,<entities.dtn.DTN object at 0x1180d1550>,<entities.processor.Processor object at 0x1180dcd00>
78.81129999999993,0.0,85824,<entities.dtn.DTN object at 0x1180d1550>,<entities.processor.Processor object at 0x1180dcd00>
79.81129999999993,0.0,85824,<entities.dtn.DTN object at 0x1180d1550>,<entities.processor.Processor object at 0x1180dcd00>
80.81129999999993,0.0,85824,<entities.dtn.DTN object at 0x1180d1550>,<entities.processor.Processor object at 0x1180dcd00>
81.81129999999993,0.0,85824,<entities.dtn.DTN object at 0x1180d1550>,<entities.processor.Processor object at 0x1180dcd00>
82.81129999999993,0.0,85824,<entities.dtn.DTN object at 0x1180d1550>,<entities.processor.Processor object at 0x1180dcd00>
83.81129999999993,0.0,85824,<entities.dtn.DTN object at 0x1180d1550>,<entities.processor.Processor object at 0x1180dcd00>
84.81129999999993,0.0,85824,<entities.dtn.DTN object at 0x1180d1550>,<entities.processor.Processor object at 0x1180dcd00>
85.81129999999993,0.0,85824,<entities.dtn.DTN object at 0x1180d1550>,<entities.processor.Processor object at 0x1180dcd00>
86.81129999999993,0.0,85824,<entities.dtn.DTN object at 0x1180d1550>,<entities.processor.Processor object at 0x1180dcd00>
87.81129999999993,0.0,85824,<entities.dtn.DTN object at 0x1180d1550>,<entities.processor.Processor object at 0x1180dcd00>
88.81129999999993,0.0,85824,<entities.dtn.DTN object at 0x1180d1550>,<entities.processor.Processor object at 0x1180dcd00>
89.81129999999993,0.0,85824,<entities.dtn.DTN object at 0x1180d1550>,<entities.processor.Processor object at 0x1180dcd00>
90.81129999999993,0.0,85824,<entities.dtn.DTN object at 0x1180d1550>,<entities.processor.Processor object at 0x1180dcd00>
91.81129999999993,0.0,85824,<entities.dtn.DTN object at 0x1180d1550>,<entities.processor.Processor object at 0x1180dcd00>
92.81129999999993,0.0,85824,<entities.dtn.DTN object at 0x1180d1550>,<entities.processor.Processor object at 0x1180dcd00>
93.81129999999993,0.0,85824,<entities.dtn.DTN object at 0x1180d1550>,<entities.processor.Processor object at 0x1180dcd00>
94.81129999999993,0.0,85824,<entities.dtn.DTN object at 0x1180d1550>,<entities.processor.Processor object at 0x1180dcd00>
95.81129999999993,0.0,85824,<entities.dtn.DTN object at 0x1180d1550>,<entities.processor.Processor object at 0x1180dcd00>
96.81129999999993,0.0,85824,<entities.dtn.DTN object at 0x1180d1550>,<entities.processor.Processor object at 0x1180dcd00>
97.81129999999993,0.0,85824,<entities.dtn.DTN object at 0x1180d1550>,<entities.processor.Processor object at 0x1180dcd00>
98.81129999999993,0.0,85824,<entities.dtn.DTN object at 0x1180d1550>,<entities.processor.Processor object at 0x1180dcd00>
99.81129999999993,0.0,85824,<entities.dtn.DTN object at 0x1180d1550>,<entities.processor.Processor object at 0x1180dcd00>
100.81129999999993,0.0,85824,<entities.dtn.DTN object at 0x1180d1550>,<entities.processor.Processor object at 0x1180dcd00>
101.81129999999993,0.0,85824,<entities.dtn.DTN object at 0x1180d1550>,<entities.processor.Processor object at 0x1180dcd00>
102.81129999999993,0.0,85824,<entities.dtn.DTN object at 0x1180d1550>,<entities.processor.Processor object at 0x1180dcd00>
103.81129999999993,0.0,85824,<entities.dtn.DTN object at 0x1180d1550>,<entities.processor.Processor object at 0x1180dcd00>
104.81129999999993,0.0,85824,<entities.dtn.DTN object at 0x1180d1550>,<entities.processor.Processor object at 0x1180dcd00>
105.81129999999993,0.0,85824,<entities.dtn.DTN object at 0x1180d1550>,<entities.processor.Processor object at 0x1180dcd00>
106.81129999999993,0.0,85824,<entities.dtn.DTN object at 0x1180d1550>,<entities.processor.Processor object at 0x1180dcd00>
107.81129999999993,0.0,85824,<entities.dtn.DTN object at 0x1180d1550>,<entities.processor.Processor object at 0x1180dcd00>
108.81129999999993,0.0,85824,<entities.dtn.DTN object at 0x1180d1550>,<entities.processor.Processor object at 0x1180dcd00>
109.81129999999993,0.0,85824,<entities.dtn.DTN object at 0x1180d1550>,<entities.processor.Processor object at 0x1180dcd00>
110.81129999999993,0.0,85824,<entities.dtn.DTN object at 0x1180d1550>,<entities.processor.Processor object at 0x1180dcd00>
111.81129999999993,0.0,85824,<entities.dtn.DTN object at 0x1180d1550>,<entities.processor.Processor object at 0x1180dcd00>
112.81129999999993,0.0,85824,<entities.dtn.DTN object at 0x1180d1550>,<entities.processor.Processor object at 0x1180dcd00>
113.81129999999993,0.0,85824,<entities.dtn.DTN object at 0x1180d1550>,<entities.processor.Processor object at 0x1180dcd00>
114.81129999999993,0.0,85824,<entities.dtn.DTN object at 0x1180d1550>,<entities.processor.Processor object at 0x1180dcd00>
115.81129999999993,0.0,85824,<entities.dtn.DTN object at 0x1180d1550>,<entities.processor.Processor object at 0x1180dcd00>
116.81129999999993,0.0,85824,<entities.dtn.DTN object at 0x1180d1550>,<entities.processor.Processor object at 0x1180dcd00>
117.81129999999993,0.0,85824,<entities.dtn.DTN object at 0x1180d1550>,<entities.processor.Processor object at 0x1180dcd00>
118.81129999999993,0.0,85824,<entities.dtn.DTN object at 0x1180d1550>,<entities.processor.Processor object at 0x1180dcd00>
119.81129999999993,0.0,85824,<entities.dtn.DTN object at 0x1180d1550>,<entities.processor.Processor object at 0x1180dcd00>
120.81129999999993,0.0,85824,<entities.dtn.DTN object at 0x1180d1550>,<entities.processor.Processor object at 0x1180dcd00>
121.81129999999993,0.0,85824,<entities.dtn.DTN object at 0x1180d1550>,<entities.processor.Processor object at 0x1180dcd00>
122.81129999999993,0.0,85824,<entities.dtn.DTN object at 0x1180d1550>,<entities.processor.Processor object at 0x1180dcd00>
123.81129999999993,0.0,85824,<entities.dtn.DTN object at 0x1180d1550>,<entities.processor.Processor object at 0x1180dcd00>
124.81129999999993,0.0,85824,<entities.dtn.DTN object at 0x1180d1550>,<entities.processor.Processor object at 0x1180dcd00>
125.81129999999993,0.0,85824,<entities.dtn.DTN object at 0x1180d1550>,<entities.processor.Processor object at 0x1180dcd00>
126.81129999999993,0.0,85824,<entities.dtn.DTN object at 0x1180d1550>,<entities.processor.Processor object at 0x1180dcd00>
127.81129999999993,0.0,85824,<entities.dtn.DTN object at 0x1180d1550>,<entities.processor.Processor object at 0x1180dcd00>
128.81129999999993,0.0,85824,<entities.dtn.DTN object at 0x1180d1550>,<entities.processor.Processor object at 0x1180dcd00>
129.81129999999993,0.0,85824,<entities.dtn.DTN object at 0x1180d1550>,<entities.processor.Processor object at 0x1180dcd00>
130.81129999999993,0.0,85824,<entities.dtn.DTN object at 0x1180d1550>,<entities.processor.Processor object at 0x1180dcd00>
131.81129999999993,0.0,85824,<entities.dtn.DTN object at 0x1180d1550>,<entities.processor.Processor object at 0x1180dcd00>
132.81129999999993,0.0,85824,<entities.dtn.DTN object at 0x1180d1550>,<entities.processor.Processor object at 0x1180dcd00>
133.81129999999993,0.0,85824,<entities.dtn.DTN object at 0x1180d1550>,<entities.processor.Processor object at 0x1180dcd00>
134.81129999999993,0.0,85824,<entities.dtn.DTN object at 0x1180d1550>,<entities.processor.Processor object at 0x1180dcd00>
135.81129999999993,0.0,85824,<entities.dtn.DTN object at 0x1180d1550>,<entities.processor.Processor object at 0x1180dcd00>
136.81129999999993,0.0,85824,<entities.dtn.DTN object at 0x1180d1550>,<entities.processor.Processor object at 0x1180dcd00>
137.81129999999993,0.0,85824,<entities.dtn.DTN object at 0x1180d1550>,<entities.processor.Processor object at 0x1180dcd00>
138.81129999999993,0.0,85824,<entities.dtn.DTN object at 0x1180d1550>,<entities.processor.Processor object at 0x1180dcd00>
139.81129999999993,0.0,85824,<entities.dtn.DTN object at 0x1180d1550>,<entities.processor.Processor object at 0x1180dcd00>
140.81129999999993,0.0,85824,<entities.dtn.DTN object at 0x1180d1550>,<entities.processor.Processor object at 0x1180dcd00>
141.81129999999993,0.0,85824,<entities.dtn.DTN object at 0x1180d1550>,<entities.processor.Processor object at 0x1180dcd00>
142.81129999999993,0.0,85824,<entities.dtn.DTN object at 0x1180d1550>,<entities.processor.Processor object at 0x1180dcd00>
143.81129999999993,0.0,85824,<entities.dtn.DTN object at 0x1180d1550>,<entities.processor.Processor object at 0x1180dcd00>
144.81129999999993,0.0,85824,<entities.dtn.DTN object at 0x1180d1550>,<entities.processor.Processor object at 0x1180dcd00>
145.81129999999993,0.0,85824,<entities.dtn.DTN object at 0x1180d1550>,<entities.processor.Processor object at 0x1180dcd00>
146.81129999999993,0.0,85824,<entities.dtn.DTN object at 0x1180d1550>,<entities.processor.Processor object at 0x1180dcd00>
147.81129999999993,0.0,85824,<entities.dtn.DTN object at 0x1180d1550>,<entities.processor.Processor object at 0x1180dcd00>
148.81129999999993,0.0,85824,<entities.dtn.DTN object at 0x1180d1550>,<entities.processor.Processor object at 0x1180dcd00>
149.81129999999993,0.0,85824,<entities.dtn.DTN object at 0x1180d1550>,<entities.processor.Processor object at 0x1180dcd00>
150.81129999999993,0.0,85824,<entities.dtn.DTN object at 0x1180d1550>,<entities.processor.Processor object at 0x1180dcd00>
151.81129999999993,0.0,85824,<entities.dtn.DTN object at 0x1180d1550>,<entities.processor.Processor object at 0x1180dcd00>
152.81129999999993,0.0,85824,<entities.dtn.DTN object at 0x1180d1550>,<entities.processor.Processor object at 0x1180dcd00>
153.81129999999993,0.0,85824,<entities.dtn.DTN object at 0x1180d1550>,<entities.processor.Processor object at 0x1180dcd00>
154.81129999999993,0.0,85824,<entities.dtn.DTN object at 0x1180d1550>,<entities.processor.Processor object at 0x1180dcd00>
155.81129999999993,0.0,85824,<entities.dtn.DTN object at 0x1180d1550>,<entities.processor.Processor object at 0x1180dcd00>
156.81129999999993,0.0,85824,<entities.dtn.DTN object at 0x1180d1550>,<entities.processor.Processor object at 0x1180dcd00>
157.81129999999993,0.0,85824,<entities.dtn.DTN object at 0x1180d1550>,<entities.processor.Processor object at 0x1180dcd00>
158.81129999999993,0.0,85824,<entities.dtn.DTN object at 0x1180d1550>,<entities.processor.Processor object at 0x1180dcd00>
159.81129999999993,0.0,85824,<entities.dtn.DTN object at 0x1180d1550>,<entities.processor.Processor object at 0x1180dcd00>
160.81129999999993,0.0,85824,<entities.dtn.DTN object at 0x1180d1550>,<entities.processor.Processor object at 0x1180dcd00>
161.81129999999993,0.0,85824,<entities.dtn.DTN object at 0x1180d1550>,<entities.processor.Processor object at 0x1180dcd00>
162.81129999999993,0.0,85824,<entities.dtn.DTN object at 0x1180d1550>,<entities.processor.Processor object at 0x1180dcd00>
163.81129999999993,0.0,85824,<entities.dtn.DTN object at 0x1180d1550>,<entities.processor.Processor object at 0x1180dcd00>
164.81129999999993,0.0,85824,<entities.dtn.DTN object at 0x1180d1550>,<entities.processor.Processor object at 0x1180dcd00>
165.81129999999993,0.0,85824,<entities.dtn.DTN object at 0x1180d1550>,<entities.processor.Processor object at 0x1180dcd00>
166.81129999999993,0.0,85824,<entities.dtn.DTN object at 0x1180d1550>,<entities.processor.Processor object at 0x1180dcd00>
167.81129999999993,0.0,85824,<entities.dtn.DTN object at 0x1180d1550>,<entities.processor.Processor object at 0x1180dcd00>
168.81129999999993,0.0,85824,<entities.dtn.DTN object at 0x1180d1550>,<entities.processor.Processor object at 0x1180dcd00>
169.81129999999993,0.0,85824,<entities.dtn.DTN object at 0x1180d1550>,<entities.processor.Processor object at 0x1180dcd00>
170.81129999999993,0.0,85824,<entities.dtn.DTN object at 0x1180d1550>,<entities.processor.Processor object at 0x1180dcd00>
171.81129999999993,0.0,85824,<entities.dtn.DTN object at 0x1180d1550>,<entities.processor.Processor object at 0x1180dcd00>
172.81129999999993,0.0,85824,<entities.dtn.DTN object at 0x1180d1550>,<entities.processor.Processor object at 0x1180dcd00>
173.81129999999993,0.0,85824,<entities.dtn.DTN object at 0x1180d1550>,<entities.processor.Processor object at 0x1180dcd00>
174.81129999999993,0.0,85824,<entities.dtn.DTN object at 0x1180d1550>,<entities.processor.Processor object at 0x1180dcd00>
175.81129999999993,0.0,85824,<entities.dtn.DTN object at 0x1180d1550>,<entities.processor.Processor object at 0x1180dcd00>
176.81129999999993,0.0,85824,<entities.dtn.DTN object at 0x1180d1550>,<entities.processor.Processor object at 0x1180dcd00>
177.81129999999993,0.0,85824,<entities.dtn.DTN object at 0x1180d1550>,<entities.processor.Processor object at 0x1180dcd00>
178.81129999999993,0.0,85824,<entities.dtn.DTN object at 0x1180d1550>,<entities.processor.Processor object at 0x1180dcd00>
179.81129999999993,0.0,85824,<entities.dtn.DTN object at 0x1180d1550>,<entities.processor.Processor object at 0x1180dcd00>
180.81129999999993,0.0,85824,<entities.dtn.DTN object at 0x1180d1550>,<entities.processor.Processor object at 0x1180dcd00>
181.81129999999993,0.0,85824,<entities.dtn.DTN object at 0x1180d1550>,<entities.processor.Processor object at 0x1180dcd00>
182.81129999999993,0.0,85824,<entities.dtn.DTN object at 0x1180d1550>,<entities.processor.Processor object at 0x1180dcd00>
183.81129999999993,0.0,85824,<entities.dtn.DTN object at 0x1180d1550>,<entities.processor.Processor object at 0x1180dcd00>
184.81129999999993,0.0,85824,<entities.dtn.DTN object at 0x1180d1550>,<entities.processor.Processor object at 0x1180dcd00>
185.81129999999993,0.0,85824,<entities.dtn.DTN object at 0x1180d1550>,<entities.processor.Processor object at 0x1180dcd00>
186.81129999999993,0.0,85824,<entities.dtn.DTN object at 0x1180d1550>,<entities.processor.Processor object at 0x1180dcd00>
187.81129999999993,0.0,85824,<entities.dtn.DTN object at 0x1180d1550>,<entities.processor.Processor object at 0x1180dcd00>
188.81129999999993,0.0,85824,<entities.dtn.DTN object at 0x1180d1550>,<entities.processor.Processor object at 0x1180dcd00>
189.81129999999993,0.0,85824,<entities.dtn.DTN object at 0x1180d1550>,<entities.processor.Processor object at 0x1180dcd00>
190.81129999999993,0.0,85824,<entities.dtn.DTN object at 0x1180d1550>,<entities.processor.Processor object at 0x1180dcd00>
191.81129999999993,0.0,85824,<entities.dtn.DTN object at 0x1180d1550>,<entities.processor.Processor object at 0x1180dcd00>
192.81129999999993,0.0,85824,<entities.dtn.DTN object at 0x1180d1550>,<entities.processor.Processor object at 0x1180dcd00>
193.81129999999993,0.0,85824,<entities.dtn.DTN object at 0x1180d1550>,<entities.processor.Processor object at 0x1180dcd00>
194.81129999999993,0.0,85824,<entities.dtn.DTN object at 0x1180d1550>,<entities.processor.Processor object at 0x1180dcd00>
195.81129999999993,0.0,85824,<entities.dtn.DTN object at 0x1180d1550>,<entities.processor.Processor object at 0x1180dcd00>
196.81129999999993,0.0,85824,<entities.dtn.DTN object at 0x1180d1550>,<entities.processor.Processor object at 0x1180dcd00>
197.81129999999993,0.0,85824,<entities.dtn.DTN object at 0x1180d1550>,<entities.processor.Processor object at 0x1180dcd00>
198.81129999999993,0.0,85824,<entities.dtn.DTN object at 0x1180d1550>,<entities.processor.Processor object at 0x1180dcd00>
199.81129999999993,0.0,85824,<entities.dtn.DTN object at 0x1180d1550>,<entities.processor.Processor object at 0x1180dcd00>
1.0,0.0,65937,<entities.processor.Processor object at 0x1181038b0>,<entities.dtn.DTN object at 0x118103460>
1.1001,0.0,28519,<entities.dtn.DTN object at 0x118103460>,<entities.processor.Processor object at 0x1181038b0>
2.1001000000000003,0.0,28519,<entities.dtn.DTN object at 0x118103460>,<entities.processor.Processor object at 0x1181038b0>
3.1001000000000003,0.0,28519,<entities.dtn.DTN object at 0x118103460>,<entities.processor.Processor object at 0x1181038b0>
4.1001,0.0,28519,<entities.dtn.DTN object at 0x118103460>,<entities.processor.Processor object at 0x1181038b0>
5.1001,0.0,28519,<entities.dtn.DTN object at 0x118103460>,<entities.processor.Processor object at 0x1181038b0>
6.1001,0.0,28519,<entities.dtn.DTN object at 0x118103460>,<entities.processor.Processor object at 0x1181038b0>
7.1001,0.0,28519,<entities.dtn.DTN object at 0x118103460>,<entities.processor.Processor object at 0x1181038b0>
8.100100000000001,0.0,28519,<entities.dtn.DTN object at 0x118103460>,<entities.processor.Processor object at 0x1181038b0>
9.100100000000001,0.0,28519,<entities.dtn.DTN object at 0x118103460>,<entities.processor.Processor object at 0x1181038b0>
10.100100000000001,0.0,28519,<entities.dtn.DTN object at 0x118103460>,<entities.processor.Processor object at 0x1181038b0>
11.100100000000001,0.0,28519,<entities.dtn.DTN object at 0x118103460>,<entities.processor.Processor object at 0x1181038b0>
12.100100000000001,0.0,28519,<entities.dtn.DTN object at 0x118103460>,<entities.processor.Processor object at 0x1181038b0>
13.100100000000001,0.0,28519,<entities.dtn.DTN object at 0x118103460>,<entities.processor.Processor object at 0x1181038b0>
14.100100000000001,0.0,28519,<entities.dtn.DTN object at 0x118103460>,<entities.processor.Processor object at 0x1181038b0>
15.100100000000001,0.0,28519,<entities.dtn.DTN object at 0x118103460>,<entities.processor.Processor object at 0x1181038b0>
16.1001,0.0,28519,<entities.dtn.DTN object at 0x118103460>,<entities.processor.Processor object at 0x1181038b0>
17.1001,0.0,28519,<entities.dtn.DTN object at 0x118103460>,<entities.processor.Processor object at 0x1181038b0>
18.1001,0.0,28519,<entities.dtn.DTN object at 0x118103460>,<entities.processor.Processor object at 0x1181038b0>
19.1001,0.0,28519,<entities.dtn.DTN object at 0x118103460>,<entities.processor.Processor object at 0x1181038b0>
20.1001,0.0,28519,<entities.dtn.DTN object at 0x118103460>,<entities.processor.Processor object at 0x1181038b0>
21.1001,0.0,28519,<entities.dtn.DTN object at 0x118103460>,<entities.processor.Processor object at 0x1181038b0>
22.1001,0.0,28519,<entities.dtn.DTN object at 0x118103460>,<entities.processor.Processor object at 0x1181038b0>
23.1001,0.0,28519,<entities.dtn.DTN object at 0x118103460>,<entities.processor.Processor object at 0x1181038b0>
24.1001,0.0,28519,<entities.dtn.DTN object at 0x118103460>,<entities.processor.Processor object at 0x1181038b0>
25.1001,0.0,28519,<entities.dtn.DTN object at 0x118103460>,<entities.processor.Processor object at 0x1181038b0>
26.1001,0.0,28519,<entities.dtn.DTN object at 0x118103460>,<entities.processor.Processor object at 0x1181038b0>
27.1001,0.0,28519,<entities.dtn.DTN object at 0x118103460>,<entities.processor.Processor object at 0x1181038b0>
28.1001,0.0,28519,<entities.dtn.DTN object at 0x118103460>,<entities.processor.Processor object at 0x1181038b0>
29.1001,0.0,28519,<entities.dtn.DTN object at 0x118103460>,<entities.processor.Processor object at 0x1181038b0>
30.1001,0.0,28519,<entities.dtn.DTN object at 0x118103460>,<entities.processor.Processor object at 0x1181038b0>
31.1001,0.0,28519,<entities.dtn.DTN object at 0x118103460>,<entities.processor.Processor object at 0x1181038b0>
32.1001,0.0,28519,<entities.dtn.DTN object at 0x118103460>,<entities.processor.Processor object at 0x1181038b0>
33.1001,0.0,28519,<entities.dtn.DTN object at 0x118103460>,<entities.processor.Processor object at 0x1181038b0>
34.1001,0.0,28519,<entities.dtn.DTN object at 0x118103460>,<entities.processor.Processor object at 0x1181038b0>
35.1001,0.0,28519,<entities.dtn.DTN object at 0x118103460>,<entities.processor.Processor object at 0x1181038b0>
36.1001,0.0,28519,<entities.dtn.DTN object at 0x118103460>,<entities.processor.Processor object at 0x1181038b0>
37.1001,0.0,28519,<entities.dtn.DTN object at 0x118103460>,<entities.processor.Processor object at 0x1181038b0>
38.1001,0.0,28519,<entities.dtn.DTN object at 0x118103460>,<entities.processor.Processor object at 0x1181038b0>
39.1001,0.0,28519,<entities.dtn.DTN object at 0x118103460>,<entities.processor.Processor object at 0x1181038b0>
40.1001,0.0,28519,<entities.dtn.DTN object at 0x118103460>,<entities.processor.Processor object at 0x1181038b0>
41.1001,0.0,28519,<entities.dtn.DTN object at 0x118103460>,<entities.processor.Processor object at 0x1181038b0>
42.1001,0.0,28519,<entities.dtn.DTN object at 0x118103460>,<entities.processor.Processor object at 0x1181038b0>
43.1001,0.0,28519,<entities.dtn.DTN object at 0x118103460>,<entities.processor.Processor object at 0x1181038b0>
44.1001,0.0,28519,<entities.dtn.DTN object at 0x118103460>,<entities.processor.Processor object at 0x1181038b0>
45.1001,0.0,28519,<entities.dtn.DTN object at 0x118103460>,<entities.processor.Processor object at 0x1181038b0>
46.1001,0.0,28519,<entities.dtn.DTN object at 0x118103460>,<entities.processor.Processor object at 0x1181038b0>
47.1001,0.0,28519,<entities.dtn.DTN object at 0x118103460>,<entities.processor.Processor object at 0x1181038b0>
48.1001,0.0,28519,<entities.dtn.DTN object at 0x118103460>,<entities.processor.Processor object at 0x1181038b0>
49.1001,0.0,28519,<entities.dtn.DTN object at 0x118103460>,<entities.processor.Processor object at 0x1181038b0>
50.1001,0.0,28519,<entities.dtn.DTN object at 0x118103460>,<entities.processor.Processor object at 0x1181038b0>
51.1001,0.0,28519,<entities.dtn.DTN object at 0x118103460>,<entities.processor.Processor object at 0x1181038b0>
52.1001,0.0,28519,<entities.dtn.DTN object at 0x118103460>,<entities.processor.Processor object at 0x1181038b0>
53.1001,0.0,28519,<entities.dtn.DTN object at 0x118103460>,<entities.processor.Processor object at 0x1181038b0>
54.1001,0.0,28519,<entities.dtn.DTN object at 0x118103460>,<entities.processor.Processor object at 0x1181038b0>
55.1001,0.0,28519,<entities.dtn.DTN object at 0x118103460>,<entities.processor.Processor object at 0x1181038b0>
56.1001,0.0,28519,<entities.dtn.DTN object at 0x118103460>,<entities.processor.Processor object at 0x1181038b0>
57.1001,0.0,28519,<entities.dtn.DTN object at 0x118103460>,<entities.processor.Processor object at 0x1181038b0>
58.1001,0.0,28519,<entities.dtn.DTN object at 0x118103460>,<entities.processor.Processor object at 0x1181038b0>
59.1001,0.0,28519,<entities.dtn.DTN object at 0x118103460>,<entities.processor.Processor object at 0x1181038b0>
60.1001,0.0,28519,<entities.dtn.DTN object at 0x118103460>,<entities.processor.Processor object at 0x1181038b0>
61.1001,0.0,28519,<entities.dtn.DTN object at 0x118103460>,<entities.processor.Processor object at 0x1181038b0>
62.1001,0.0,28519,<entities.dtn.DTN object at 0x118103460>,<entities.processor.Processor object at 0x1181038b0>
63.1001,0.0,28519,<entities.dtn.DTN object at 0x118103460>,<entities.processor.Processor object at 0x1181038b0>
64.1001,0.0,28519,<entities.dtn.DTN object at 0x118103460>,<entities.processor.Processor object at 0x1181038b0>
65.1001,0.0,28519,<entities.dtn.DTN object at 0x118103460>,<entities.processor.Processor object at 0x1181038b0>
66.1001,0.0,28519,<entities.dtn.DTN object at 0x118103460>,<entities.processor.Processor object at 0x1181038b0>
67.1001,0.0,28519,<entities.dtn.DTN object at 0x118103460>,<entities.processor.Processor object at 0x1181038b0>
68.1001,0.0,28519,<entities.dtn.DTN object at 0x118103460>,<entities.processor.Processor object at 0x1181038b0>
69.1001,0.0,28519,<entities.dtn.DTN object at 0x118103460>,<entities.processor.Processor object at 0x1181038b0>
70.1001,0.0,28519,<entities.dtn.DTN object at 0x118103460>,<entities.processor.Processor object at 0x1181038b0>
71.1001,0.0,28519,<entities.dtn.DTN object at 0x118103460>,<entities.processor.Processor object at 0x1181038b0>
72.1001,0.0,28519,<entities.dtn.DTN object at 0x118103460>,<entities.processor.Processor object at 0x1181038b0>
73.1001,0.0,28519,<entities.dtn.DTN object at 0x118103460>,<entities.processor.Processor object at 0x1181038b0>
74.1001,0.0,28519,<entities.dtn.DTN object at 0x118103460>,<entities.processor.Processor object at 0x1181038b0>
75.1001,0.0,28519,<entities.dtn.DTN object at 0x118103460>,<entities.processor.Processor object at 0x1181038b0>
76.1001,0.0,28519,<entities.dtn.DTN object at 0x118103460>,<entities.processor.Processor object at 0x1181038b0>
77.1001,0.0,28519,<entities.dtn.DTN object at 0x118103460>,<entities.processor.Processor object at 0x1181038b0>
78.1001,0.0,28519,<entities.dtn.DTN object at 0x118103460>,<entities.processor.Processor object at 0x1181038b0>
79.1001,0.0,28519,<entities.dtn.DTN object at 0x118103460>,<entities.processor.Processor object at 0x1181038b0>
80.1001,0.0,28519,<entities.dtn.DTN object at 0x118103460>,<entities.processor.Processor object at 0x1181038b0>
81.1001,0.0,28519,<entities.dtn.DTN object at 0x118103460>,<entities.processor.Processor object at 0x1181038b0>
82.1001,0.0,28519,<entities.dtn.DTN object at 0x118103460>,<entities.processor.Processor object at 0x1181038b0>
83.1001,0.0,28519,<entities.dtn.DTN object at 0x118103460>,<entities.processor.Processor object at 0x1181038b0>
84.1001,0.0,28519,<entities.dtn.DTN object at 0x118103460>,<entities.processor.Processor object at 0x1181038b0>
85.1001,0.0,28519,<entities.dtn.DTN object at 0x118103460>,<entities.processor.Processor object at 0x1181038b0>
86.1001,0.0,28519,<entities.dtn.DTN object at 0x118103460>,<entities.processor.Processor object at 0x1181038b0>
87.1001,0.0,28519,<entities.dtn.DTN object at 0x118103460>,<entities.processor.Processor object at 0x1181038b0>
88.1001,0.0,28519,<entities.dtn.DTN object at 0x118103460>,<entities.processor.Processor object at 0x1181038b0>
89.1001,0.0,28519,<entities.dtn.DTN object at 0x118103460>,<entities.processor.Processor object at 0x1181038b0>
90.1001,0.0,28519,<entities.dtn.DTN object at 0x118103460>,<entities.processor.Processor object at 0x1181038b0>
91.1001,0.0,28519,<entities.dtn.DTN object at 0x118103460>,<entities.processor.Processor object at 0x1181038b0>
92.1001,0.0,28519,<entities.dtn.DTN object at 0x118103460>,<entities.processor.Processor object at 0x1181038b0>
93.1001,0.0,28519,<entities.dtn.DTN object at 0x118103460>,<entities.processor.Processor object at 0x1181038b0>
94.1001,0.0,28519,<entities.dtn.DTN object at 0x118103460>,<entities.processor.Processor object at 0x1181038b0>
95.1001,0.0,28519,<entities.dtn.DTN object at 0x118103460>,<entities.processor.Processor object at 0x1181038b0>
96.1001,0.0,28519,<entities.dtn.DTN object at 0x118103460>,<entities.processor.Processor object at 0x1181038b0>
97.1001,0.0,28519,<entities.dtn.DTN object at 0x118103460>,<entities.processor.Processor object at 0x1181038b0>
98.1001,0.0,28519,<entities.dtn.DTN object at 0x118103460>,<entities.processor.Processor object at 0x1181038b0>
99.1001,0.0,28519,<entities.dtn.DTN object at 0x118103460>,<entities.processor.Processor object at 0x1181038b0>
100.1001,0.0,28519,<entities.dtn.DTN object at 0x118103460>,<entities.processor.Processor object at 0x1181038b0>
101.1001,0.0,28519,<entities.dtn.DTN object at 0x118103460>,<entities.processor.Processor object at 0x1181038b0>
102.1001,0.0,28519,<entities.dtn.DTN object at 0x118103460>,<entities.processor.Processor object at 0x1181038b0>
103.1001,0.0,28519,<entities.dtn.DTN object at 0x118103460>,<entities.processor.Processor object at 0x1181038b0>
104.1001,0.0,28519,<entities.dtn.DTN object at 0x118103460>,<entities.processor.Processor object at 0x1181038b0>
105.1001,0.0,28519,<entities.dtn.DTN object at 0x118103460>,<entities.processor.Processor object at 0x1181038b0>
106.1001,0.0,28519,<entities.dtn.DTN object at 0x118103460>,<entities.processor.Processor object at 0x1181038b0>
107.1001,0.0,28519,<entities.dtn.DTN object at 0x118103460>,<entities.processor.Processor object at 0x1181038b0>
108.1001,0.0,28519,<entities.dtn.DTN object at 0x118103460>,<entities.processor.Processor object at 0x1181038b0>
109.1001,0.0,28519,<entities.dtn.DTN object at 0x118103460>,<entities.processor.Processor object at 0x1181038b0>
110.1001,0.0,28519,<entities.dtn.DTN object at 0x118103460>,<entities.processor.Processor object at 0x1181038b0>
111.1001,0.0,28519,<entities.dtn.DTN object at 0x118103460>,<entities.processor.Processor object at 0x1181038b0>
112.1001,0.0,28519,<entities.dtn.DTN object at 0x118103460>,<entities.processor.Processor object at 0x1181038b0>
113.1001,0.0,28519,<entities.dtn.DTN object at 0x118103460>,<entities.processor.Processor object at 0x1181038b0>
114.1001,0.0,28519,<entities.dtn.DTN object at 0x118103460>,<entities.processor.Processor object at 0x1181038b0>
115.1001,0.0,28519,<entities.dtn.DTN object at 0x118103460>,<entities.processor.Processor object at 0x1181038b0>
116.1001,0.0,28519,<entities.dtn.DTN object at 0x118103460>,<entities.processor.Processor object at 0x1181038b0>
117.1001,0.0,28519,<entities.dtn.DTN object at 0x118103460>,<entities.processor.Processor object at 0x1181038b0>
118.1001,0.0,28519,<entities.dtn.DTN object at 0x118103460>,<entities.processor.Processor object at 0x1181038b0>
119.1001,0.0,28519,<entities.dtn.DTN object at 0x118103460>,<entities.processor.Processor object at 0x1181038b0>
120.1001,0.0,28519,<entities.dtn.DTN object at 0x118103460>,<entities.processor.Processor object at 0x1181038b0>
121.1001,0.0,28519,<entities.dtn.DTN object at 0x118103460>,<entities.processor.Processor object at 0x1181038b0>
122.1001,0.0,28519,<entities.dtn.DTN object at 0x118103460>,<entities.processor.Processor object at 0x1181038b0>
123.1001,0.0,28519,<entities.dtn.DTN object at 0x118103460>,<entities.processor.Processor object at 0x1181038b0>
124.1001,0.0,28519,<entities.dtn.DTN object at 0x118103460>,<entities.processor.Processor object at 0x1181038b0>
125.1001,0.0,28519,<entities.dtn.DTN object at 0x118103460>,<entities.processor.Processor object at 0x1181038b0>
126.1001,0.0,28519,<entities.dtn.DTN object at 0x118103460>,<entities.processor.Processor object at 0x1181038b0>
127.1001,0.0,28519,<entities.dtn.DTN object at 0x118103460>,<entities.processor.Processor object at 0x1181038b0>
128.1001,0.0,28519,<entities.dtn.DTN object at 0x118103460>,<entities.processor.Processor object at 0x1181038b0>
129.1001,0.0,28519,<entities.dtn.DTN object at 0x118103460>,<entities.processor.Processor object at 0x1181038b0>
130.1001,0.0,28519,<entities.dtn.DTN object at 0x118103460>,<entities.processor.Processor object at 0x1181038b0>
131.1001,0.0,28519,<entities.dtn.DTN object at 0x118103460>,<entities.processor.Processor object at 0x1181038b0>
132.1001,0.0,28519,<entities.dtn.DTN object at 0x118103460>,<entities.processor.Processor object at 0x1181038b0>
133.1001,0.0,28519,<entities.dtn.DTN object at 0x118103460>,<entities.processor.Processor object at 0x1181038b0>
134.1001,0.0,28519,<entities.dtn.DTN object at 0x118103460>,<entities.processor.Processor object at 0x1181038b0>
135.1001,0.0,28519,<entities.dtn.DTN object at 0x118103460>,<entities.processor.Processor object at 0x1181038b0>
136.1001,0.0,28519,<entities.dtn.DTN object at 0x118103460>,<entities.processor.Processor object at 0x1181038b0>
137.1001,0.0,28519,<entities.dtn.DTN object at 0x118103460>,<entities.processor.Processor object at 0x1181038b0>
138.1001,0.0,28519,<entities.dtn.DTN object at 0x118103460>,<entities.processor.Processor object at 0x1181038b0>
139.1001,0.0,28519,<entities.dtn.DTN object at 0x118103460>,<entities.processor.Processor object at 0x1181038b0>
140.1001,0.0,28519,<entities.dtn.DTN object at 0x118103460>,<entities.processor.Processor object at 0x1181038b0>
141.1001,0.0,28519,<entities.dtn.DTN object at 0x118103460>,<entities.processor.Processor object at 0x1181038b0>
142.1001,0.0,28519,<entities.dtn.DTN object at 0x118103460>,<entities.processor.Processor object at 0x1181038b0>
143.1001,0.0,28519,<entities.dtn.DTN object at 0x118103460>,<entities.processor.Processor object at 0x1181038b0>
144.1001,0.0,28519,<entities.dtn.DTN object at 0x118103460>,<entities.processor.Processor object at 0x1181038b0>
145.1001,0.0,28519,<entities.dtn.DTN object at 0x118103460>,<entities.processor.Processor object at 0x1181038b0>
146.1001,0.0,28519,<entities.dtn.DTN object at 0x118103460>,<entities.processor.Processor object at 0x1181038b0>
147.1001,0.0,28519,<entities.dtn.DTN object at 0x118103460>,<entities.processor.Processor object at 0x1181038b0>
148.1001,0.0,28519,<entities.dtn.DTN object at 0x118103460>,<entities.processor.Processor object at 0x1181038b0>
149.1001,0.0,28519,<entities.dtn.DTN object at 0x118103460>,<entities.processor.Processor object at 0x1181038b0>
150.1001,0.0,28519,<entities.dtn.DTN object at 0x118103460>,<entities.processor.Processor object at 0x1181038b0>
151.1001,0.0,28519,<entities.dtn.DTN object at 0x118103460>,<entities.processor.Processor object at 0x1181038b0>
152.1001,0.0,28519,<entities.dtn.DTN object at 0x118103460>,<entities.processor.Processor object at 0x1181038b0>
153.1001,0.0,28519,<entities.dtn.DTN object at 0x118103460>,<entities.processor.Processor object at 0x1181038b0>
154.1001,0.0,28519,<entities.dtn.DTN object at 0x118103460>,<entities.processor.Processor object at 0x1181038b0>
155.1001,0.0,28519,<entities.dtn.DTN object at 0x118103460>,<entities.processor.Processor object at 0x1181038b0>
156.1001,0.0,28519,<entities.dtn.DTN object at 0x118103460>,<entities.processor.Processor object at 0x1181038b0>
157.1001,0.0,28519,<entities.dtn.DTN object at 0x118103460>,<entities.processor.Processor object at 0x1181038b0>
158.1001,0.0,28519,<entities.dtn.DTN object at 0x118103460>,<entities.processor.Processor object at 0x1181038b0>
159.1001,0.0,28519,<entities.dtn.DTN object at 0x118103460>,<entities.processor.Processor object at 0x1181038b0>
160.1001,0.0,28519,<entities.dtn.DTN object at 0x118103460>,<entities.processor.Processor object at 0x1181038b0>
161.1001,0.0,28519,<entities.dtn.DTN object at 0x118103460>,<entities.processor.Processor object at 0x1181038b0>
162.1001,0.0,28519,<entities.dtn.DTN object at 0x118103460>,<entities.processor.Processor object at 0x1181038b0>
163.1001,0.0,28519,<entities.dtn.DTN object at 0x118103460>,<entities.processor.Processor object at 0x1181038b0>
164.1001,0.0,28519,<entities.dtn.DTN object at 0x118103460>,<entities.processor.Processor object at 0x1181038b0>
165.1001,0.0,28519,<entities.dtn.DTN object at 0x118103460>,<entities.processor.Processor object at 0x1181038b0>
166.1001,0.0,28519,<entities.dtn.DTN object at 0x118103460>,<entities.processor.Processor object at 0x1181038b0>
167.1001,0.0,28519,<entities.dtn.DTN object at 0x118103460>,<entities.processor.Processor object at 0x1181038b0>
168.1001,0.0,28519,<entities.dtn.DTN object at 0x118103460>,<entities.processor.Processor object at 0x1181038b0>
169.1001,0.0,28519,<entities.dtn.DTN object at 0x118103460>,<entities.processor.Processor object at 0x1181038b0>
170.1001,0.0,28519,<entities.dtn.DTN object at 0x118103460>,<entities.processor.Processor object at 0x1181038b0>
171.1001,0.0,28519,<entities.dtn.DTN object at 0x118103460>,<entities.processor.Processor object at 0x1181038b0>
172.1001,0.0,28519,<entities.dtn.DTN object at 0x118103460>,<entities.processor.Processor object at 0x1181038b0>
173.1001,0.0,28519,<entities.dtn.DTN object at 0x118103460>,<entities.processor.Processor object at 0x1181038b0>
174.1001,0.0,28519,<entities.dtn.DTN object at 0x118103460>,<entities.processor.Processor object at 0x1181038b0>
175.1001,0.0,28519,<entities.dtn.DTN object at 0x118103460>,<entities.processor.Processor object at 0x1181038b0>
176.1001,0.0,28519,<entities.dtn.DTN object at 0x118103460>,<entities.processor.Processor object at 0x1181038b0>
177.1001,0.0,28519,<entities.dtn.DTN object at 0x118103460>,<entities.processor.Processor object at 0x1181038b0>
178.1001,0.0,28519,<entities.dtn.DTN object at 0x118103460>,<entities.processor.Processor object at 0x1181038b0>
179.1001,0.0,28519,<entities.dtn.DTN object at 0x118103460>,<entities.processor.Processor object at 0x1181038b0>
180.1001,0.0,28519,<entities.dtn.DTN object at 0x118103460>,<entities.processor.Processor object at 0x1181038b0>
181.1001,0.0,28519,<entities.dtn.DTN object at 0x118103460>,<entities.processor.Processor object at 0x1181038b0>
182.1001,0.0,28519,<entities.dtn.DTN object at 0x118103460>,<entities.processor.Processor object at 0x1181038b0>
183.1001,0.0,28519,<entities.dtn.DTN object at 0x118103460>,<entities.processor.Processor object at 0x1181038b0>
184.1001,0.0,28519,<entities.dtn.DTN object at 0x118103460>,<entities.processor.Processor object at 0x1181038b0>
185.1001,0.0,28519,<entities.dtn.DTN object at 0x118103460>,<entities.processor.Processor object at 0x1181038b0>
186.1001,0.0,28519,<entities.dtn.DTN object at 0x118103460>,<entities.processor.Processor object at 0x1181038b0>
187.1001,0.0,28519,<entities.dtn.DTN object at 0x118103460>,<entities.processor.Processor object at 0x1181038b0>
188.1001,0.0,28519,<entities.dtn.DTN object at 0x118103460>,<entities.processor.Processor object at 0x1181038b0>
189.1001,0.0,28519,<entities.dtn.DTN object at 0x118103460>,<entities.processor.Processor object at 0x1181038b0>
190.1001,0.0,28519,<entities.dtn.DTN object at 0x118103460>,<entities.processor.Processor object at 0x1181038b0>
191.1001,0.0,28519,<entities.dtn.DTN object at 0x118103460>,<entities.processor.Processor object at 0x1181038b0>
192.1001,0.0,28519,<entities.dtn.DTN object at 0x118103460>,<entities.processor.Processor object at 0x1181038b0>
193.1001,0.0,28519,<entities.dtn.DTN object at 0x118103460>,<entities.processor.Processor object at 0x1181038b0>
194.1001,0.0,28519,<entities.dtn.DTN object at 0x118103460>,<entities.processor.Processor object at 0x1181038b0>
195.1001,0.0,28519,<entities.dtn.DTN object at 0x118103460>,<entities.processor.Processor object at 0x1181038b0>
196.1001,0.0,28519,<entities.dtn.DTN object at 0x118103460>,<entities.processor.Processor object at 0x1181038b0>
197.1001,0.0,28519,<entities.dtn.DTN object at 0x118103460>,<entities.processor.Processor object at 0x1181038b0>
198.1001,0.0,28519,<entities.dtn.DTN object at 0x118103460>,<entities.processor.Processor object at 0x1181038b0>
199.1001,0.0,28519,<entities.dtn.DTN object at 0x118103460>,<entities.processor.Processor object at 0x1181038b0>
7.8724552166453154,0.0,81584,<entities.processor.Processor object at 0x11810c250>,<entities.dtn.DTN object at 0x118103460>
7.900099999999991,0.0,52589,<entities.dtn.DTN object at 0x118103460>,<entities.processor.Processor object at 0x11810c250>
8.900099999999991,0.0,52589,<entities.dtn.DTN object at 0x118103460>,<entities.processor.Processor object at 0x11810c250>
9.900099999999991,0.0,52589,<entities.dtn.DTN object at 0x118103460>,<entities.processor.Processor object at 0x11810c250>
10.900099999999991,0.0,52589,<entities.dtn.DTN object at 0x118103460>,<entities.processor.Processor object at 0x11810c250>
11.900099999999991,0.0,52589,<entities.dtn.DTN object at 0x118103460>,<entities.processor.Processor object at 0x11810c250>
12.900099999999991,0.0,52589,<entities.dtn.DTN object at 0x118103460>,<entities.processor.Processor object at 0x11810c250>
13.900099999999991,0.0,52589,<entities.dtn.DTN object at 0x118103460>,<entities.processor.Processor object at 0x11810c250>
14.900099999999991,0.0,52589,<entities.dtn.DTN object at 0x118103460>,<entities.processor.Processor object at 0x11810c250>
15.900099999999991,0.0,52589,<entities.dtn.DTN object at 0x118103460>,<entities.processor.Processor object at 0x11810c250>
16.90009999999999,0.0,52589,<entities.dtn.DTN object at 0x118103460>,<entities.processor.Processor object at 0x11810c250>
17.90009999999999,0.0,52589,<entities.dtn.DTN object at 0x118103460>,<entities.processor.Processor object at 0x11810c250>
18.90009999999999,0.0,52589,<entities.dtn.DTN object at 0x118103460>,<entities.processor.Processor object at 0x11810c250>
19.90009999999999,0.0,52589,<entities.dtn.DTN object at 0x118103460>,<entities.processor.Processor object at 0x11810c250>
20.90009999999999,0.0,52589,<entities.dtn.DTN object at 0x118103460>,<entities.processor.Processor object at 0x11810c250>
21.90009999999999,0.0,52589,<entities.dtn.DTN object at 0x118103460>,<entities.processor.Processor object at 0x11810c250>
22.90009999999999,0.0,52589,<entities.dtn.DTN object at 0x118103460>,<entities.processor.Processor object at 0x11810c250>
23.90009999999999,0.0,52589,<entities.dtn.DTN object at 0x118103460>,<entities.processor.Processor object at 0x11810c250>
24.90009999999999,0.0,52589,<entities.dtn.DTN object at 0x118103460>,<entities.processor.Processor object at 0x11810c250>
25.90009999999999,0.0,52589,<entities.dtn.DTN object at 0x118103460>,<entities.processor.Processor object at 0x11810c250>
26.90009999999999,0.0,52589,<entities.dtn.DTN object at 0x118103460>,<entities.processor.Processor object at 0x11810c250>
27.90009999999999,0.0,52589,<entities.dtn.DTN object at 0x118103460>,<entities.processor.Processor object at 0x11810c250>
28.90009999999999,0.0,52589,<entities.dtn.DTN object at 0x118103460>,<entities.processor.Processor object at 0x11810c250>
29.90009999999999,0.0,52589,<entities.dtn.DTN object at 0x118103460>,<entities.processor.Processor object at 0x11810c250>
30.90009999999999,0.0,52589,<entities.dtn.DTN object at 0x118103460>,<entities.processor.Processor object at 0x11810c250>
31.90009999999999,0.0,52589,<entities.dtn.DTN object at 0x118103460>,<entities.processor.Processor object at 0x11810c250>
32.900099999999995,0.0,52589,<entities.dtn.DTN object at 0x118103460>,<entities.processor.Processor object at 0x11810c250>
33.900099999999995,0.0,52589,<entities.dtn.DTN object at 0x118103460>,<entities.processor.Processor object at 0x11810c250>
34.900099999999995,0.0,52589,<entities.dtn.DTN object at 0x118103460>,<entities.processor.Processor object at 0x11810c250>
35.900099999999995,0.0,52589,<entities.dtn.DTN object at 0x118103460>,<entities.processor.Processor object at 0x11810c250>
36.900099999999995,0.0,52589,<entities.dtn.DTN object at 0x118103460>,<entities.processor.Processor object at 0x11810c250>
37.900099999999995,0.0,52589,<entities.dtn.DTN object at 0x118103460>,<entities.processor.Processor object at 0x11810c250>
38.900099999999995,0.0,52589,<entities.dtn.DTN object at 0x118103460>,<entities.processor.Processor object at 0x11810c250>
39.900099999999995,0.0,52589,<entities.dtn.DTN object at 0x118103460>,<entities.processor.Processor object at 0x11810c250>
40.900099999999995,0.0,52589,<entities.dtn.DTN object at 0x118103460>,<entities.processor.Processor object at 0x11810c250>
41.900099999999995,0.0,52589,<entities.dtn.DTN object at 0x118103460>,<entities.processor.Processor object at 0x11810c250>
42.900099999999995,0.0,52589,<entities.dtn.DTN object at 0x118103460>,<entities.processor.Processor object at 0x11810c250>
43.900099999999995,0.0,52589,<entities.dtn.DTN object at 0x118103460>,<entities.processor.Processor object at 0x11810c250>
44.900099999999995,0.0,52589,<entities.dtn.DTN object at 0x118103460>,<entities.processor.Processor object at 0x11810c250>
45.900099999999995,0.0,52589,<entities.dtn.DTN object at 0x118103460>,<entities.processor.Processor object at 0x11810c250>
46.900099999999995,0.0,52589,<entities.dtn.DTN object at 0x118103460>,<entities.processor.Processor object at 0x11810c250>
47.900099999999995,0.0,52589,<entities.dtn.DTN object at 0x118103460>,<entities.processor.Processor object at 0x11810c250>
48.900099999999995,0.0,52589,<entities.dtn.DTN object at 0x118103460>,<entities.processor.Processor object at 0x11810c250>
49.900099999999995,0.0,52589,<entities.dtn.DTN object at 0x118103460>,<entities.processor.Processor object at 0x11810c250>
50.900099999999995,0.0,52589,<entities.dtn.DTN object at 0x118103460>,<entities.processor.Processor object at 0x11810c250>
51.900099999999995,0.0,52589,<entities.dtn.DTN object at 0x118103460>,<entities.processor.Processor object at 0x11810c250>
52.900099999999995,0.0,52589,<entities.dtn.DTN object at 0x118103460>,<entities.processor.Processor object at 0x11810c250>
53.900099999999995,0.0,52589,<entities.dtn.DTN object at 0x118103460>,<entities.processor.Processor object at 0x11810c250>
54.900099999999995,0.0,52589,<entities.dtn.DTN object at 0x118103460>,<entities.processor.Processor object at 0x11810c250>
55.900099999999995,0.0,52589,<entities.dtn.DTN object at 0x118103460>,<entities.processor.Processor object at 0x11810c250>
56.900099999999995,0.0,52589,<entities.dtn.DTN object at 0x118103460>,<entities.processor.Processor object at 0x11810c250>
57.900099999999995,0.0,52589,<entities.dtn.DTN object at 0x118103460>,<entities.processor.Processor object at 0x11810c250>
58.900099999999995,0.0,52589,<entities.dtn.DTN object at 0x118103460>,<entities.processor.Processor object at 0x11810c250>
59.900099999999995,0.0,52589,<entities.dtn.DTN object at 0x118103460>,<entities.processor.Processor object at 0x11810c250>
60.900099999999995,0.0,52589,<entities.dtn.DTN object at 0x118103460>,<entities.processor.Processor object at 0x11810c250>
61.900099999999995,0.0,52589,<entities.dtn.DTN object at 0x118103460>,<entities.processor.Processor object at 0x11810c250>
62.900099999999995,0.0,52589,<entities.dtn.DTN object at 0x118103460>,<entities.processor.Processor object at 0x11810c250>
63.900099999999995,0.0,52589,<entities.dtn.DTN object at 0x118103460>,<entities.processor.Processor object at 0x11810c250>
64.9001,0.0,52589,<entities.dtn.DTN object at 0x118103460>,<entities.processor.Processor object at 0x11810c250>
65.9001,0.0,52589,<entities.dtn.DTN object at 0x118103460>,<entities.processor.Processor object at 0x11810c250>
66.9001,0.0,52589,<entities.dtn.DTN object at 0x118103460>,<entities.processor.Processor object at 0x11810c250>
67.9001,0.0,52589,<entities.dtn.DTN object at 0x118103460>,<entities.processor.Processor object at 0x11810c250>
68.9001,0.0,52589,<entities.dtn.DTN object at 0x118103460>,<entities.processor.Processor object at 0x11810c250>
69.9001,0.0,52589,<entities.dtn.DTN object at 0x118103460>,<entities.processor.Processor object at 0x11810c250>
70.9001,0.0,52589,<entities.dtn.DTN object at 0x118103460>,<entities.processor.Processor object at 0x11810c250>
71.9001,0.0,52589,<entities.dtn.DTN object at 0x118103460>,<entities.processor.Processor object at 0x11810c250>
72.9001,0.0,52589,<entities.dtn.DTN object at 0x118103460>,<entities.processor.Processor object at 0x11810c250>
73.9001,0.0,52589,<entities.dtn.DTN object at 0x118103460>,<entities.processor.Processor object at 0x11810c250>
74.9001,0.0,52589,<entities.dtn.DTN object at 0x118103460>,<entities.processor.Processor object at 0x11810c250>
75.9001,0.0,52589,<entities.dtn.DTN object at 0x118103460>,<entities.processor.Processor object at 0x11810c250>
76.9001,0.0,52589,<entities.dtn.DTN object at 0x118103460>,<entities.processor.Processor object at 0x11810c250>
77.9001,0.0,52589,<entities.dtn.DTN object at 0x118103460>,<entities.processor.Processor object at 0x11810c250>
78.9001,0.0,52589,<entities.dtn.DTN object at 0x118103460>,<entities.processor.Processor object at 0x11810c250>
79.9001,0.0,52589,<entities.dtn.DTN object at 0x118103460>,<entities.processor.Processor object at 0x11810c250>
80.9001,0.0,52589,<entities.dtn.DTN object at 0x118103460>,<entities.processor.Processor object at 0x11810c250>
81.9001,0.0,52589,<entities.dtn.DTN object at 0x118103460>,<entities.processor.Processor object at 0x11810c250>
82.9001,0.0,52589,<entities.dtn.DTN object at 0x118103460>,<entities.processor.Processor object at 0x11810c250>
83.9001,0.0,52589,<entities.dtn.DTN object at 0x118103460>,<entities.processor.Processor object at 0x11810c250>
84.9001,0.0,52589,<entities.dtn.DTN object at 0x118103460>,<entities.processor.Processor object at 0x11810c250>
85.9001,0.0,52589,<entities.dtn.DTN object at 0x118103460>,<entities.processor.Processor object at 0x11810c250>
86.9001,0.0,52589,<entities.dtn.DTN object at 0x118103460>,<entities.processor.Processor object at 0x11810c250>
87.9001,0.0,52589,<entities.dtn.DTN object at 0x118103460>,<entities.processor.Processor object at 0x11810c250>
88.9001,0.0,52589,<entities.dtn.DTN object at 0x118103460>,<entities.processor.Processor object at 0x11810c250>
89.9001,0.0,52589,<entities.dtn.DTN object at 0x118103460>,<entities.processor.Processor object at 0x11810c250>
90.9001,0.0,52589,<entities.dtn.DTN object at 0x118103460>,<entities.processor.Processor object at 0x11810c250>
91.9001,0.0,52589,<entities.dtn.DTN object at 0x118103460>,<entities.processor.Processor object at 0x11810c250>
92.9001,0.0,52589,<entities.dtn.DTN object at 0x118103460>,<entities.processor.Processor object at 0x11810c250>
93.9001,0.0,52589,<entities.dtn.DTN object at 0x118103460>,<entities.processor.Processor object at 0x11810c250>
94.9001,0.0,52589,<entities.dtn.DTN object at 0x118103460>,<entities.processor.Processor object at 0x11810c250>
95.9001,0.0,52589,<entities.dtn.DTN object at 0x118103460>,<entities.processor.Processor object at 0x11810c250>
96.9001,0.0,52589,<entities.dtn.DTN object at 0x118103460>,<entities.processor.Processor object at 0x11810c250>
97.9001,0.0,52589,<entities.dtn.DTN object at 0x118103460>,<entities.processor.Processor object at 0x11810c250>
98.9001,0.0,52589,<entities.dtn.DTN object at 0x118103460>,<entities.processor.Processor object at 0x11810c250>
99.9001,0.0,52589,<entities.dtn.DTN object at 0x118103460>,<entities.processor.Processor object at 0x11810c250>
100.9001,0.0,52589,<entities.dtn.DTN object at 0x118103460>,<entities.processor.Processor object at 0x11810c250>
101.9001,0.0,52589,<entities.dtn.DTN object at 0x118103460>,<entities.processor.Processor object at 0x11810c250>
102.9001,0.0,52589,<entities.dtn.DTN object at 0x118103460>,<entities.processor.Processor object at 0x11810c250>
103.9001,0.0,52589,<entities.dtn.DTN object at 0x118103460>,<entities.processor.Processor object at 0x11810c250>
104.9001,0.0,52589,<entities.dtn.DTN object at 0x118103460>,<entities.processor.Processor object at 0x11810c250>
105.9001,0.0,52589,<entities.dtn.DTN object at 0x118103460>,<entities.processor.Processor object at 0x11810c250>
106.9001,0.0,52589,<entities.dtn.DTN object at 0x118103460>,<entities.processor.Processor object at 0x11810c250>
107.9001,0.0,52589,<entities.dtn.DTN object at 0x118103460>,<entities.processor.Processor object at 0x11810c250>
108.9001,0.0,52589,<entities.dtn.DTN object at 0x118103460>,<entities.processor.Processor object at 0x11810c250>
109.9001,0.0,52589,<entities.dtn.DTN object at 0x118103460>,<entities.processor.Processor object at 0x11810c250>
110.9001,0.0,52589,<entities.dtn.DTN object at 0x118103460>,<entities.processor.Processor object at 0x11810c250>
111.9001,0.0,52589,<entities.dtn.DTN object at 0x118103460>,<entities.processor.Processor object at 0x11810c250>
112.9001,0.0,52589,<entities.dtn.DTN object at 0x118103460>,<entities.processor.Processor object at 0x11810c250>
113.9001,0.0,52589,<entities.dtn.DTN object at 0x118103460>,<entities.processor.Processor object at 0x11810c250>
114.9001,0.0,52589,<entities.dtn.DTN object at 0x118103460>,<entities.processor.Processor object at 0x11810c250>
115.9001,0.0,52589,<entities.dtn.DTN object at 0x118103460>,<entities.processor.Processor object at 0x11810c250>
116.9001,0.0,52589,<entities.dtn.DTN object at 0x118103460>,<entities.processor.Processor object at 0x11810c250>
117.9001,0.0,52589,<entities.dtn.DTN object at 0x118103460>,<entities.processor.Processor object at 0x11810c250>
118.9001,0.0,52589,<entities.dtn.DTN object at 0x118103460>,<entities.processor.Processor object at 0x11810c250>
119.9001,0.0,52589,<entities.dtn.DTN object at 0x118103460>,<entities.processor.Processor object at 0x11810c250>
120.9001,0.0,52589,<entities.dtn.DTN object at 0x118103460>,<entities.processor.Processor object at 0x11810c250>
121.9001,0.0,52589,<entities.dtn.DTN object at 0x118103460>,<entities.processor.Processor object at 0x11810c250>
122.9001,0.0,52589,<entities.dtn.DTN object at 0x118103460>,<entities.processor.Processor object at 0x11810c250>
123.9001,0.0,52589,<entities.dtn.DTN object at 0x118103460>,<entities.processor.Processor object at 0x11810c250>
124.9001,0.0,52589,<entities.dtn.DTN object at 0x118103460>,<entities.processor.Processor object at 0x11810c250>
125.9001,0.0,52589,<entities.dtn.DTN object at 0x118103460>,<entities.processor.Processor object at 0x11810c250>
126.9001,0.0,52589,<entities.dtn.DTN object at 0x118103460>,<entities.processor.Processor object at 0x11810c250>
127.9001,0.0,52589,<entities.dtn.DTN object at 0x118103460>,<entities.processor.Processor object at 0x11810c250>
128.9001,0.0,52589,<entities.dtn.DTN object at 0x118103460>,<entities.processor.Processor object at 0x11810c250>
129.9001,0.0,52589,<entities.dtn.DTN object at 0x118103460>,<entities.processor.Processor object at 0x11810c250>
130.9001,0.0,52589,<entities.dtn.DTN object at 0x118103460>,<entities.processor.Processor object at 0x11810c250>
131.9001,0.0,52589,<entities.dtn.DTN object at 0x118103460>,<entities.processor.Processor object at 0x11810c250>
132.9001,0.0,52589,<entities.dtn.DTN object at 0x118103460>,<entities.processor.Processor object at 0x11810c250>
133.9001,0.0,52589,<entities.dtn.DTN object at 0x118103460>,<entities.processor.Processor object at 0x11810c250>
134.9001,0.0,52589,<entities.dtn.DTN object at 0x118103460>,<entities.processor.Processor object at 0x11810c250>
135.9001,0.0,52589,<entities.dtn.DTN object at 0x118103460>,<entities.processor.Processor object at 0x11810c250>
136.9001,0.0,52589,<entities.dtn.DTN object at 0x118103460>,<entities.processor.Processor object at 0x11810c250>
137.9001,0.0,52589,<entities.dtn.DTN object at 0x118103460>,<entities.processor.Processor object at 0x11810c250>
138.9001,0.0,52589,<entities.dtn.DTN object at 0x118103460>,<entities.processor.Processor object at 0x11810c250>
139.9001,0.0,52589,<entities.dtn.DTN object at 0x118103460>,<entities.processor.Processor object at 0x11810c250>
140.9001,0.0,52589,<entities.dtn.DTN object at 0x118103460>,<entities.processor.Processor object at 0x11810c250>
141.9001,0.0,52589,<entities.dtn.DTN object at 0x118103460>,<entities.processor.Processor object at 0x11810c250>
142.9001,0.0,52589,<entities.dtn.DTN object at 0x118103460>,<entities.processor.Processor object at 0x11810c250>
143.9001,0.0,52589,<entities.dtn.DTN object at 0x118103460>,<entities.processor.Processor object at 0x11810c250>
144.9001,0.0,52589,<entities.dtn.DTN object at 0x118103460>,<entities.processor.Processor object at 0x11810c250>
145.9001,0.0,52589,<entities.dtn.DTN object at 0x118103460>,<entities.processor.Processor object at 0x11810c250>
146.9001,0.0,52589,<entities.dtn.DTN object at 0x118103460>,<entities.processor.Processor object at 0x11810c250>
147.9001,0.0,52589,<entities.dtn.DTN object at 0x118103460>,<entities.processor.Processor object at 0x11810c250>
148.9001,0.0,52589,<entities.dtn.DTN object at 0x118103460>,<entities.processor.Processor object at 0x11810c250>
149.9001,0.0,52589,<entities.dtn.DTN object at 0x118103460>,<entities.processor.Processor object at 0x11810c250>
150.9001,0.0,52589,<entities.dtn.DTN object at 0x118103460>,<entities.processor.Processor object at 0x11810c250>
151.9001,0.0,52589,<entities.dtn.DTN object at 0x118103460>,<entities.processor.Processor object at 0x11810c250>
152.9001,0.0,52589,<entities.dtn.DTN object at 0x118103460>,<entities.processor.Processor object at 0x11810c250>
153.9001,0.0,52589,<entities.dtn.DTN object at 0x118103460>,<entities.processor.Processor object at 0x11810c250>
154.9001,0.0,52589,<entities.dtn.DTN object at 0x118103460>,<entities.processor.Processor object at 0x11810c250>
155.9001,0.0,52589,<entities.dtn.DTN object at 0x118103460>,<entities.processor.Processor object at 0x11810c250>
156.9001,0.0,52589,<entities.dtn.DTN object at 0x118103460>,<entities.processor.Processor object at 0x11810c250>
157.9001,0.0,52589,<entities.dtn.DTN object at 0x118103460>,<entities.processor.Processor object at 0x11810c250>
158.9001,0.0,52589,<entities.dtn.DTN object at 0x118103460>,<entities.processor.Processor object at 0x11810c250>
159.9001,0.0,52589,<entities.dtn.DTN object at 0x118103460>,<entities.processor.Processor object at 0x11810c250>
160.9001,0.0,52589,<entities.dtn.DTN object at 0x118103460>,<entities.processor.Processor object at 0x11810c250>
161.9001,0.0,52589,<entities.dtn.DTN object at 0x118103460>,<entities.processor.Processor object at 0x11810c250>
162.9001,0.0,52589,<entities.dtn.DTN object at 0x118103460>,<entities.processor.Processor object at 0x11810c250>
163.9001,0.0,52589,<entities.dtn.DTN object at 0x118103460>,<entities.processor.Processor object at 0x11810c250>
164.9001,0.0,52589,<entities.dtn.DTN object at 0x118103460>,<entities.processor.Processor object at 0x11810c250>
165.9001,0.0,52589,<entities.dtn.DTN object at 0x118103460>,<entities.processor.Processor object at 0x11810c250>
166.9001,0.0,52589,<entities.dtn.DTN object at 0x118103460>,<entities.processor.Processor object at 0x11810c250>
167.9001,0.0,52589,<entities.dtn.DTN object at 0x118103460>,<entities.processor.Processor object at 0x11810c250>
168.9001,0.0,52589,<entities.dtn.DTN object at 0x118103460>,<entities.processor.Processor object at 0x11810c250>
169.9001,0.0,52589,<entities.dtn.DTN object at 0x118103460>,<entities.processor.Processor object at 0x11810c250>
170.9001,0.0,52589,<entities.dtn.DTN object at 0x118103460>,<entities.processor.Processor object at 0x11810c250>
171.9001,0.0,52589,<entities.dtn.DTN object at 0x118103460>,<entities.processor.Processor object at 0x11810c250>
172.9001,0.0,52589,<entities.dtn.DTN object at 0x118103460>,<entities.processor.Processor object at 0x11810c250>
173.9001,0.0,52589,<entities.dtn.DTN object at 0x118103460>,<entities.processor.Processor object at 0x11810c250>
174.9001,0.0,52589,<entities.dtn.DTN object at 0x118103460>,<entities.processor.Processor object at 0x11810c250>
175.9001,0.0,52589,<entities.dtn.DTN object at 0x118103460>,<entities.processor.Processor object at 0x11810c250>
176.9001,0.0,52589,<entities.dtn.DTN object at 0x118103460>,<entities.processor.Processor object at 0x11810c250>
177.9001,0.0,52589,<entities.dtn.DTN object at 0x118103460>,<entities.processor.Processor object at 0x11810c250>
178.9001,0.0,52589,<entities.dtn.DTN object at 0x118103460>,<entities.processor.Processor object at 0x11810c250>
179.9001,0.0,52589,<entities.dtn.DTN object at 0x118103460>,<entities.processor.Processor object at 0x11810c250>
180.9001,0.0,52589,<entities.dtn.DTN object at 0x118103460>,<entities.processor.Processor object at 0x11810c250>
181.9001,0.0,52589,<entities.dtn.DTN object at 0x118103460>,<entities.processor.Processor object at 0x11810c250>
182.9001,0.0,52589,<entities.dtn.DTN object at 0x118103460>,<entities.processor.Processor object at 0x11810c250>
183.9001,0.0,52589,<entities.dtn.DTN object at 0x118103460>,<entities.processor.Processor object at 0x11810c250>
184.9001,0.0,52589,<entities.dtn.DTN object at 0x118103460>,<entities.processor.Processor object at 0x11810c250>
185.9001,0.0,52589,<entities.dtn.DTN object at 0x118103460>,<entities.processor.Processor object at 0x11810c250>
186.9001,0.0,52589,<entities.dtn.DTN object at 0x118103460>,<entities.processor.Processor object at 0x11810c250>
187.9001,0.0,52589,<entities.dtn.DTN object at 0x118103460>,<entities.processor.Processor object at 0x11810c250>
188.9001,0.0,52589,<entities.dtn.DTN object at 0x118103460>,<entities.processor.Processor object at 0x11810c250>
189.9001,0.0,52589,<entities.dtn.DTN object at 0x118103460>,<entities.processor.Processor object at 0x11810c250>
190.9001,0.0,52589,<entities.dtn.DTN object at 0x118103460>,<entities.processor.Processor object at 0x11810c250>
191.9001,0.0,52589,<entities.dtn.DTN object at 0x118103460>,<entities.processor.Processor object at 0x11810c250>
192.9001,0.0,52589,<entities.dtn.DTN object at 0x118103460>,<entities.processor.Processor object at 0x11810c250>
193.9001,0.0,52589,<entities.dtn.DTN object at 0x118103460>,<entities.processor.Processor object at 0x11810c250>
194.9001,0.0,52589,<entities.dtn.DTN object at 0x118103460>,<entities.processor.Processor object at 0x11810c250>
195.9001,0.0,52589,<entities.dtn.DTN object at 0x118103460>,<entities.processor.Processor object at 0x11810c250>
196.9001,0.0,52589,<entities.dtn.DTN object at 0x118103460>,<entities.processor.Processor object at 0x11810c250>
197.9001,0.0,52589,<entities.dtn.DTN object at 0x118103460>,<entities.processor.Processor object at 0x11810c250>
198.9001,0.0,52589,<entities.dtn.DTN object at 0x118103460>,<entities.processor.Processor object at 0x11810c250>
199.9001,0.0,52589,<entities.dtn.DTN object at 0x118103460>,<entities.processor.Processor object at 0x11810c250>
11.0,0.0,27933,<entities.processor.Processor object at 0x118103a90>,<entities.dtn.DTN object at 0x118103460>
11.00022999999998,0.0,8356,<entities.dtn.DTN object at 0x118103460>,<entities.processor.Processor object at 0x118103a90>
12.00022999999998,0.0,8356,<entities.dtn.DTN object at 0x118103460>,<entities.processor.Processor object at 0x118103a90>
13.00022999999998,0.0,8356,<entities.dtn.DTN object at 0x118103460>,<entities.processor.Processor object at 0x118103a90>
14.00022999999998,0.0,8356,<entities.dtn.DTN object at 0x118103460>,<entities.processor.Processor object at 0x118103a90>
15.00022999999998,0.0,8356,<entities.dtn.DTN object at 0x118103460>,<entities.processor.Processor object at 0x118103a90>
16.00022999999998,0.0,8356,<entities.dtn.DTN object at 0x118103460>,<entities.processor.Processor object at 0x118103a90>
17.00022999999998,0.0,8356,<entities.dtn.DTN object at 0x118103460>,<entities.processor.Processor object at 0x118103a90>
18.00022999999998,0.0,8356,<entities.dtn.DTN object at 0x118103460>,<entities.processor.Processor object at 0x118103a90>
19.00022999999998,0.0,8356,<entities.dtn.DTN object at 0x118103460>,<entities.processor.Processor object at 0x118103a90>
20.00022999999998,0.0,8356,<entities.dtn.DTN object at 0x118103460>,<entities.processor.Processor object at 0x118103a90>
21.00022999999998,0.0,8356,<entities.dtn.DTN object at 0x118103460>,<entities.processor.Processor object at 0x118103a90>
22.00022999999998,0.0,8356,<entities.dtn.DTN object at 0x118103460>,<entities.processor.Processor object at 0x118103a90>
23.00022999999998,0.0,8356,<entities.dtn.DTN object at 0x118103460>,<entities.processor.Processor object at 0x118103a90>
24.00022999999998,0.0,8356,<entities.dtn.DTN object at 0x118103460>,<entities.processor.Processor object at 0x118103a90>
25.00022999999998,0.0,8356,<entities.dtn.DTN object at 0x118103460>,<entities.processor.Processor object at 0x118103a90>
26.00022999999998,0.0,8356,<entities.dtn.DTN object at 0x118103460>,<entities.processor.Processor object at 0x118103a90>
27.00022999999998,0.0,8356,<entities.dtn.DTN object at 0x118103460>,<entities.processor.Processor object at 0x118103a90>
28.00022999999998,0.0,8356,<entities.dtn.DTN object at 0x118103460>,<entities.processor.Processor object at 0x118103a90>
29.00022999999998,0.0,8356,<entities.dtn.DTN object at 0x118103460>,<entities.processor.Processor object at 0x118103a90>
30.00022999999998,0.0,8356,<entities.dtn.DTN object at 0x118103460>,<entities.processor.Processor object at 0x118103a90>
31.00022999999998,0.0,8356,<entities.dtn.DTN object at 0x118103460>,<entities.processor.Processor object at 0x118103a90>
32.00022999999998,0.0,8356,<entities.dtn.DTN object at 0x118103460>,<entities.processor.Processor object at 0x118103a90>
33.00022999999998,0.0,8356,<entities.dtn.DTN object at 0x118103460>,<entities.processor.Processor object at 0x118103a90>
34.00022999999998,0.0,8356,<entities.dtn.DTN object at 0x118103460>,<entities.processor.Processor object at 0x118103a90>
35.00022999999998,0.0,8356,<entities.dtn.DTN object at 0x118103460>,<entities.processor.Processor object at 0x118103a90>
36.00022999999998,0.0,8356,<entities.dtn.DTN object at 0x118103460>,<entities.processor.Processor object at 0x118103a90>
37.00022999999998,0.0,8356,<entities.dtn.DTN object at 0x118103460>,<entities.processor.Processor object at 0x118103a90>
38.00022999999998,0.0,8356,<entities.dtn.DTN object at 0x118103460>,<entities.processor.Processor object at 0x118103a90>
39.00022999999998,0.0,8356,<entities.dtn.DTN object at 0x118103460>,<entities.processor.Processor object at 0x118103a90>
40.00022999999998,0.0,8356,<entities.dtn.DTN object at 0x118103460>,<entities.processor.Processor object at 0x118103a90>
41.00022999999998,0.0,8356,<entities.dtn.DTN object at 0x118103460>,<entities.processor.Processor object at 0x118103a90>
42.00022999999998,0.0,8356,<entities.dtn.DTN object at 0x118103460>,<entities.processor.Processor object at 0x118103a90>
43.00022999999998,0.0,8356,<entities.dtn.DTN object at 0x118103460>,<entities.processor.Processor object at 0x118103a90>
44.00022999999998,0.0,8356,<entities.dtn.DTN object at 0x118103460>,<entities.processor.Processor object at 0x118103a90>
45.00022999999998,0.0,8356,<entities.dtn.DTN object at 0x118103460>,<entities.processor.Processor object at 0x118103a90>
46.00022999999998,0.0,8356,<entities.dtn.DTN object at 0x118103460>,<entities.processor.Processor object at 0x118103a90>
47.00022999999998,0.0,8356,<entities.dtn.DTN object at 0x118103460>,<entities.processor.Processor object at 0x118103a90>
48.00022999999998,0.0,8356,<entities.dtn.DTN object at 0x118103460>,<entities.processor.Processor object at 0x118103a90>
49.00022999999998,0.0,8356,<entities.dtn.DTN object at 0x118103460>,<entities.processor.Processor object at 0x118103a90>
50.00022999999998,0.0,8356,<entities.dtn.DTN object at 0x118103460>,<entities.processor.Processor object at 0x118103a90>
51.00022999999998,0.0,8356,<entities.dtn.DTN object at 0x118103460>,<entities.processor.Processor object at 0x118103a90>
52.00022999999998,0.0,8356,<entities.dtn.DTN object at 0x118103460>,<entities.processor.Processor object at 0x118103a90>
53.00022999999998,0.0,8356,<entities.dtn.DTN object at 0x118103460>,<entities.processor.Processor object at 0x118103a90>
54.00022999999998,0.0,8356,<entities.dtn.DTN object at 0x118103460>,<entities.processor.Processor object at 0x118103a90>
55.00022999999998,0.0,8356,<entities.dtn.DTN object at 0x118103460>,<entities.processor.Processor object at 0x118103a90>
56.00022999999998,0.0,8356,<entities.dtn.DTN object at 0x118103460>,<entities.processor.Processor object at 0x118103a90>
57.00022999999998,0.0,8356,<entities.dtn.DTN object at 0x118103460>,<entities.processor.Processor object at 0x118103a90>
58.00022999999998,0.0,8356,<entities.dtn.DTN object at 0x118103460>,<entities.processor.Processor object at 0x118103a90>
59.00022999999998,0.0,8356,<entities.dtn.DTN object at 0x118103460>,<entities.processor.Processor object at 0x118103a90>
60.00022999999998,0.0,8356,<entities.dtn.DTN object at 0x118103460>,<entities.processor.Processor object at 0x118103a90>
61.00022999999998,0.0,8356,<entities.dtn.DTN object at 0x118103460>,<entities.processor.Processor object at 0x118103a90>
62.00022999999998,0.0,8356,<entities.dtn.DTN object at 0x118103460>,<entities.processor.Processor object at 0x118103a90>
63.00022999999998,0.0,8356,<entities.dtn.DTN object at 0x118103460>,<entities.processor.Processor object at 0x118103a90>
64.00022999999999,0.0,8356,<entities.dtn.DTN object at 0x118103460>,<entities.processor.Processor object at 0x118103a90>
65.00022999999999,0.0,8356,<entities.dtn.DTN object at 0x118103460>,<entities.processor.Processor object at 0x118103a90>
66.00022999999999,0.0,8356,<entities.dtn.DTN object at 0x118103460>,<entities.processor.Processor object at 0x118103a90>
67.00022999999999,0.0,8356,<entities.dtn.DTN object at 0x118103460>,<entities.processor.Processor object at 0x118103a90>
68.00022999999999,0.0,8356,<entities.dtn.DTN object at 0x118103460>,<entities.processor.Processor object at 0x118103a90>
69.00022999999999,0.0,8356,<entities.dtn.DTN object at 0x118103460>,<entities.processor.Processor object at 0x118103a90>
70.00022999999999,0.0,8356,<entities.dtn.DTN object at 0x118103460>,<entities.processor.Processor object at 0x118103a90>
71.00022999999999,0.0,8356,<entities.dtn.DTN object at 0x118103460>,<entities.processor.Processor object at 0x118103a90>
72.00022999999999,0.0,8356,<entities.dtn.DTN object at 0x118103460>,<entities.processor.Processor object at 0x118103a90>
73.00022999999999,0.0,8356,<entities.dtn.DTN object at 0x118103460>,<entities.processor.Processor object at 0x118103a90>
74.00022999999999,0.0,8356,<entities.dtn.DTN object at 0x118103460>,<entities.processor.Processor object at 0x118103a90>
75.00022999999999,0.0,8356,<entities.dtn.DTN object at 0x118103460>,<entities.processor.Processor object at 0x118103a90>
76.00022999999999,0.0,8356,<entities.dtn.DTN object at 0x118103460>,<entities.processor.Processor object at 0x118103a90>
77.00022999999999,0.0,8356,<entities.dtn.DTN object at 0x118103460>,<entities.processor.Processor object at 0x118103a90>
78.00022999999999,0.0,8356,<entities.dtn.DTN object at 0x118103460>,<entities.processor.Processor object at 0x118103a90>
79.00022999999999,0.0,8356,<entities.dtn.DTN object at 0x118103460>,<entities.processor.Processor object at 0x118103a90>
80.00022999999999,0.0,8356,<entities.dtn.DTN object at 0x118103460>,<entities.processor.Processor object at 0x118103a90>
81.00022999999999,0.0,8356,<entities.dtn.DTN object at 0x118103460>,<entities.processor.Processor object at 0x118103a90>
82.00022999999999,0.0,8356,<entities.dtn.DTN object at 0x118103460>,<entities.processor.Processor object at 0x118103a90>
83.00022999999999,0.0,8356,<entities.dtn.DTN object at 0x118103460>,<entities.processor.Processor object at 0x118103a90>
84.00022999999999,0.0,8356,<entities.dtn.DTN object at 0x118103460>,<entities.processor.Processor object at 0x118103a90>
85.00022999999999,0.0,8356,<entities.dtn.DTN object at 0x118103460>,<entities.processor.Processor object at 0x118103a90>
86.00022999999999,0.0,8356,<entities.dtn.DTN object at 0x118103460>,<entities.processor.Processor object at 0x118103a90>
87.00022999999999,0.0,8356,<entities.dtn.DTN object at 0x118103460>,<entities.processor.Processor object at 0x118103a90>
88.00022999999999,0.0,8356,<entities.dtn.DTN object at 0x118103460>,<entities.processor.Processor object at 0x118103a90>
89.00022999999999,0.0,8356,<entities.dtn.DTN object at 0x118103460>,<entities.processor.Processor object at 0x118103a90>
90.00022999999999,0.0,8356,<entities.dtn.DTN object at 0x118103460>,<entities.processor.Processor object at 0x118103a90>
91.00022999999999,0.0,8356,<entities.dtn.DTN object at 0x118103460>,<entities.processor.Processor object at 0x118103a90>
92.00022999999999,0.0,8356,<entities.dtn.DTN object at 0x118103460>,<entities.processor.Processor object at 0x118103a90>
93.00022999999999,0.0,8356,<entities.dtn.DTN object at 0x118103460>,<entities.processor.Processor object at 0x118103a90>
94.00022999999999,0.0,8356,<entities.dtn.DTN object at 0x118103460>,<entities.processor.Processor object at 0x118103a90>
95.00022999999999,0.0,8356,<entities.dtn.DTN object at 0x118103460>,<entities.processor.Processor object at 0x118103a90>
96.00022999999999,0.0,8356,<entities.dtn.DTN object at 0x118103460>,<entities.processor.Processor object at 0x118103a90>
97.00022999999999,0.0,8356,<entities.dtn.DTN object at 0x118103460>,<entities.processor.Processor object at 0x118103a90>
98.00022999999999,0.0,8356,<entities.dtn.DTN object at 0x118103460>,<entities.processor.Processor object at 0x118103a90>
99.00022999999999,0.0,8356,<entities.dtn.DTN object at 0x118103460>,<entities.processor.Processor object at 0x118103a90>
100.00022999999999,0.0,8356,<entities.dtn.DTN object at 0x118103460>,<entities.processor.Processor object at 0x118103a90>
101.00022999999999,0.0,8356,<entities.dtn.DTN object at 0x118103460>,<entities.processor.Processor object at 0x118103a90>
102.00022999999999,0.0,8356,<entities.dtn.DTN object at 0x118103460>,<entities.processor.Processor object at 0x118103a90>
103.00022999999999,0.0,8356,<entities.dtn.DTN object at 0x118103460>,<entities.processor.Processor object at 0x118103a90>
104.00022999999999,0.0,8356,<entities.dtn.DTN object at 0x118103460>,<entities.processor.Processor object at 0x118103a90>
105.00022999999999,0.0,8356,<entities.dtn.DTN object at 0x118103460>,<entities.processor.Processor object at 0x118103a90>
106.00022999999999,0.0,8356,<entities.dtn.DTN object at 0x118103460>,<entities.processor.Processor object at 0x118103a90>
107.00022999999999,0.0,8356,<entities.dtn.DTN object at 0x118103460>,<entities.processor.Processor object at 0x118103a90>
108.00022999999999,0.0,8356,<entities.dtn.DTN object at 0x118103460>,<entities.processor.Processor object at 0x118103a90>
109.00022999999999,0.0,8356,<entities.dtn.DTN object at 0x118103460>,<entities.processor.Processor object at 0x118103a90>
110.00022999999999,0.0,8356,<entities.dtn.DTN object at 0x118103460>,<entities.processor.Processor object at 0x118103a90>
111.00022999999999,0.0,8356,<entities.dtn.DTN object at 0x118103460>,<entities.processor.Processor object at 0x118103a90>
112.00022999999999,0.0,8356,<entities.dtn.DTN object at 0x118103460>,<entities.processor.Processor object at 0x118103a90>
113.00022999999999,0.0,8356,<entities.dtn.DTN object at 0x118103460>,<entities.processor.Processor object at 0x118103a90>
114.00022999999999,0.0,8356,<entities.dtn.DTN object at 0x118103460>,<entities.processor.Processor object at 0x118103a90>
115.00022999999999,0.0,8356,<entities.dtn.DTN object at 0x118103460>,<entities.processor.Processor object at 0x118103a90>
116.00022999999999,0.0,8356,<entities.dtn.DTN object at 0x118103460>,<entities.processor.Processor object at 0x118103a90>
117.00022999999999,0.0,8356,<entities.dtn.DTN object at 0x118103460>,<entities.processor.Processor object at 0x118103a90>
118.00022999999999,0.0,8356,<entities.dtn.DTN object at 0x118103460>,<entities.processor.Processor object at 0x118103a90>
119.00022999999999,0.0,8356,<entities.dtn.DTN object at 0x118103460>,<entities.processor.Processor object at 0x118103a90>
120.00022999999999,0.0,8356,<entities.dtn.DTN object at 0x118103460>,<entities.processor.Processor object at 0x118103a90>
121.00022999999999,0.0,8356,<entities.dtn.DTN object at 0x118103460>,<entities.processor.Processor object at 0x118103a90>
122.00022999999999,0.0,8356,<entities.dtn.DTN object at 0x118103460>,<entities.processor.Processor object at 0x118103a90>
123.00022999999999,0.0,8356,<entities.dtn.DTN object at 0x118103460>,<entities.processor.Processor object at 0x118103a90>
124.00022999999999,0.0,8356,<entities.dtn.DTN object at 0x118103460>,<entities.processor.Processor object at 0x118103a90>
125.00022999999999,0.0,8356,<entities.dtn.DTN object at 0x118103460>,<entities.processor.Processor object at 0x118103a90>
126.00022999999999,0.0,8356,<entities.dtn.DTN object at 0x118103460>,<entities.processor.Processor object at 0x118103a90>
127.00022999999999,0.0,8356,<entities.dtn.DTN object at 0x118103460>,<entities.processor.Processor object at 0x118103a90>
128.00023,0.0,8356,<entities.dtn.DTN object at 0x118103460>,<entities.processor.Processor object at 0x118103a90>
129.00023,0.0,8356,<entities.dtn.DTN object at 0x118103460>,<entities.processor.Processor object at 0x118103a90>
130.00023,0.0,8356,<entities.dtn.DTN object at 0x118103460>,<entities.processor.Processor object at 0x118103a90>
131.00023,0.0,8356,<entities.dtn.DTN object at 0x118103460>,<entities.processor.Processor object at 0x118103a90>
132.00023,0.0,8356,<entities.dtn.DTN object at 0x118103460>,<entities.processor.Processor object at 0x118103a90>
133.00023,0.0,8356,<entities.dtn.DTN object at 0x118103460>,<entities.processor.Processor object at 0x118103a90>
134.00023,0.0,8356,<entities.dtn.DTN object at 0x118103460>,<entities.processor.Processor object at 0x118103a90>
135.00023,0.0,8356,<entities.dtn.DTN object at 0x118103460>,<entities.processor.Processor object at 0x118103a90>
136.00023,0.0,8356,<entities.dtn.DTN object at 0x118103460>,<entities.processor.Processor object at 0x118103a90>
137.00023,0.0,8356,<entities.dtn.DTN object at 0x118103460>,<entities.processor.Processor object at 0x118103a90>
138.00023,0.0,8356,<entities.dtn.DTN object at 0x118103460>,<entities.processor.Processor object at 0x118103a90>
139.00023,0.0,8356,<entities.dtn.DTN object at 0x118103460>,<entities.processor.Processor object at 0x118103a90>
140.00023,0.0,8356,<entities.dtn.DTN object at 0x118103460>,<entities.processor.Processor object at 0x118103a90>
141.00023,0.0,8356,<entities.dtn.DTN object at 0x118103460>,<entities.processor.Processor object at 0x118103a90>
142.00023,0.0,8356,<entities.dtn.DTN object at 0x118103460>,<entities.processor.Processor object at 0x118103a90>
143.00023,0.0,8356,<entities.dtn.DTN object at 0x118103460>,<entities.processor.Processor object at 0x118103a90>
144.00023,0.0,8356,<entities.dtn.DTN object at 0x118103460>,<entities.processor.Processor object at 0x118103a90>
145.00023,0.0,8356,<entities.dtn.DTN object at 0x118103460>,<entities.processor.Processor object at 0x118103a90>
146.00023,0.0,8356,<entities.dtn.DTN object at 0x118103460>,<entities.processor.Processor object at 0x118103a90>
147.00023,0.0,8356,<entities.dtn.DTN object at 0x118103460>,<entities.processor.Processor object at 0x118103a90>
148.00023,0.0,8356,<entities.dtn.DTN object at 0x118103460>,<entities.processor.Processor object at 0x118103a90>
149.00023,0.0,8356,<entities.dtn.DTN object at 0x118103460>,<entities.processor.Processor object at 0x118103a90>
150.00023,0.0,8356,<entities.dtn.DTN object at 0x118103460>,<entities.processor.Processor object at 0x118103a90>
151.00023,0.0,8356,<entities.dtn.DTN object at 0x118103460>,<entities.processor.Processor object at 0x118103a90>
152.00023,0.0,8356,<entities.dtn.DTN object at 0x118103460>,<entities.processor.Processor object at 0x118103a90>
153.00023,0.0,8356,<entities.dtn.DTN object at 0x118103460>,<entities.processor.Processor object at 0x118103a90>
154.00023,0.0,8356,<entities.dtn.DTN object at 0x118103460>,<entities.processor.Processor object at 0x118103a90>
155.00023,0.0,8356,<entities.dtn.DTN object at 0x118103460>,<entities.processor.Processor object at 0x118103a90>
156.00023,0.0,8356,<entities.dtn.DTN object at 0x118103460>,<entities.processor.Processor object at 0x118103a90>
157.00023,0.0,8356,<entities.dtn.DTN object at 0x118103460>,<entities.processor.Processor object at 0x118103a90>
158.00023,0.0,8356,<entities.dtn.DTN object at 0x118103460>,<entities.processor.Processor object at 0x118103a90>
159.00023,0.0,8356,<entities.dtn.DTN object at 0x118103460>,<entities.processor.Processor object at 0x118103a90>
160.00023,0.0,8356,<entities.dtn.DTN object at 0x118103460>,<entities.processor.Processor object at 0x118103a90>
161.00023,0.0,8356,<entities.dtn.DTN object at 0x118103460>,<entities.processor.Processor object at 0x118103a90>
162.00023,0.0,8356,<entities.dtn.DTN object at 0x118103460>,<entities.processor.Processor object at 0x118103a90>
163.00023,0.0,8356,<entities.dtn.DTN object at 0x118103460>,<entities.processor.Processor object at 0x118103a90>
164.00023,0.0,8356,<entities.dtn.DTN object at 0x118103460>,<entities.processor.Processor object at 0x118103a90>
165.00023,0.0,8356,<entities.dtn.DTN object at 0x118103460>,<entities.processor.Processor object at 0x118103a90>
166.00023,0.0,8356,<entities.dtn.DTN object at 0x118103460>,<entities.processor.Processor object at 0x118103a90>
167.00023,0.0,8356,<entities.dtn.DTN object at 0x118103460>,<entities.processor.Processor object at 0x118103a90>
168.00023,0.0,8356,<entities.dtn.DTN object at 0x118103460>,<entities.processor.Processor object at 0x118103a90>
169.00023,0.0,8356,<entities.dtn.DTN object at 0x118103460>,<entities.processor.Processor object at 0x118103a90>
170.00023,0.0,8356,<entities.dtn.DTN object at 0x118103460>,<entities.processor.Processor object at 0x118103a90>
171.00023,0.0,8356,<entities.dtn.DTN object at 0x118103460>,<entities.processor.Processor object at 0x118103a90>
172.00023,0.0,8356,<entities.dtn.DTN object at 0x118103460>,<entities.processor.Processor object at 0x118103a90>
173.00023,0.0,8356,<entities.dtn.DTN object at 0x118103460>,<entities.processor.Processor object at 0x118103a90>
174.00023,0.0,8356,<entities.dtn.DTN object at 0x118103460>,<entities.processor.Processor object at 0x118103a90>
175.00023,0.0,8356,<entities.dtn.DTN object at 0x118103460>,<entities.processor.Processor object at 0x118103a90>
176.00023,0.0,8356,<entities.dtn.DTN object at 0x118103460>,<entities.processor.Processor object at 0x118103a90>
177.00023,0.0,8356,<entities.dtn.DTN object at 0x118103460>,<entities.processor.Processor object at 0x118103a90>
178.00023,0.0,8356,<entities.dtn.DTN object at 0x118103460>,<entities.processor.Processor object at 0x118103a90>
179.00023,0.0,8356,<entities.dtn.DTN object at 0x118103460>,<entities.processor.Processor object at 0x118103a90>
180.00023,0.0,8356,<entities.dtn.DTN object at 0x118103460>,<entities.processor.Processor object at 0x118103a90>
181.00023,0.0,8356,<entities.dtn.DTN object at 0x118103460>,<entities.processor.Processor object at 0x118103a90>
182.00023,0.0,8356,<entities.dtn.DTN object at 0x118103460>,<entities.processor.Processor object at 0x118103a90>
183.00023,0.0,8356,<entities.dtn.DTN object at 0x118103460>,<entities.processor.Processor object at 0x118103a90>
184.00023,0.0,8356,<entities.dtn.DTN object at 0x118103460>,<entities.processor.Processor object at 0x118103a90>
185.00023,0.0,8356,<entities.dtn.DTN object at 0x118103460>,<entities.processor.Processor object at 0x118103a90>
186.00023,0.0,8356,<entities.dtn.DTN object at 0x118103460>,<entities.processor.Processor object at 0x118103a90>
187.00023,0.0,8356,<entities.dtn.DTN object at 0x118103460>,<entities.processor.Processor object at 0x118103a90>
188.00023,0.0,8356,<entities.dtn.DTN object at 0x118103460>,<entities.processor.Processor object at 0x118103a90>
189.00023,0.0,8356,<entities.dtn.DTN object at 0x118103460>,<entities.processor.Processor object at 0x118103a90>
190.00023,0.0,8356,<entities.dtn.DTN object at 0x118103460>,<entities.processor.Processor object at 0x118103a90>
191.00023,0.0,8356,<entities.dtn.DTN object at 0x118103460>,<entities.processor.Processor object at 0x118103a90>
192.00023,0.0,8356,<entities.dtn.DTN object at 0x118103460>,<entities.processor.Processor object at 0x118103a90>
193.00023,0.0,8356,<entities.dtn.DTN object at 0x118103460>,<entities.processor.Processor object at 0x118103a90>
194.00023,0.0,8356,<entities.dtn.DTN object at 0x118103460>,<entities.processor.Processor object at 0x118103a90>
195.00023,0.0,8356,<entities.dtn.DTN object at 0x118103460>,<entities.processor.Processor object at 0x118103a90>
196.00023,0.0,8356,<entities.dtn.DTN object at 0x118103460>,<entities.processor.Processor object at 0x118103a90>
197.00023,0.0,8356,<entities.dtn.DTN object at 0x118103460>,<entities.processor.Processor object at 0x118103a90>
198.00023,0.0,8356,<entities.dtn.DTN object at 0x118103460>,<entities.processor.Processor object at 0x118103a90>
199.00023,0.0,8356,<entities.dtn.DTN object at 0x118103460>,<entities.processor.Processor object at 0x118103a90>
13.0,0.0,73188,<entities.processor.Processor object at 0x1181038e0>,<entities.dtn.DTN object at 0x118103460>
13.000229999999974,0.0,13006,<entities.dtn.DTN object at 0x118103460>,<entities.processor.Processor object at 0x1181038e0>
14.000229999999974,0.0,13006,<entities.dtn.DTN object at 0x118103460>,<entities.processor.Processor object at 0x1181038e0>
15.000229999999974,0.0,13006,<entities.dtn.DTN object at 0x118103460>,<entities.processor.Processor object at 0x1181038e0>
16.000229999999974,0.0,13006,<entities.dtn.DTN object at 0x118103460>,<entities.processor.Processor object at 0x1181038e0>
17.000229999999974,0.0,13006,<entities.dtn.DTN object at 0x118103460>,<entities.processor.Processor object at 0x1181038e0>
18.000229999999974,0.0,13006,<entities.dtn.DTN object at 0x118103460>,<entities.processor.Processor object at 0x1181038e0>
19.000229999999974,0.0,13006,<entities.dtn.DTN object at 0x118103460>,<entities.processor.Processor object at 0x1181038e0>
20.000229999999974,0.0,13006,<entities.dtn.DTN object at 0x118103460>,<entities.processor.Processor object at 0x1181038e0>
21.000229999999974,0.0,13006,<entities.dtn.DTN object at 0x118103460>,<entities.processor.Processor object at 0x1181038e0>
22.000229999999974,0.0,13006,<entities.dtn.DTN object at 0x118103460>,<entities.processor.Processor object at 0x1181038e0>
23.000229999999974,0.0,13006,<entities.dtn.DTN object at 0x118103460>,<entities.processor.Processor object at 0x1181038e0>
24.000229999999974,0.0,13006,<entities.dtn.DTN object at 0x118103460>,<entities.processor.Processor object at 0x1181038e0>
25.000229999999974,0.0,13006,<entities.dtn.DTN object at 0x118103460>,<entities.processor.Processor object at 0x1181038e0>
26.000229999999974,0.0,13006,<entities.dtn.DTN object at 0x118103460>,<entities.processor.Processor object at 0x1181038e0>
27.000229999999974,0.0,13006,<entities.dtn.DTN object at 0x118103460>,<entities.processor.Processor object at 0x1181038e0>
28.000229999999974,0.0,13006,<entities.dtn.DTN object at 0x118103460>,<entities.processor.Processor object at 0x1181038e0>
29.000229999999974,0.0,13006,<entities.dtn.DTN object at 0x118103460>,<entities.processor.Processor object at 0x1181038e0>
30.000229999999974,0.0,13006,<entities.dtn.DTN object at 0x118103460>,<entities.processor.Processor object at 0x1181038e0>
31.000229999999974,0.0,13006,<entities.dtn.DTN object at 0x118103460>,<entities.processor.Processor object at 0x1181038e0>
32.00022999999997,0.0,13006,<entities.dtn.DTN object at 0x118103460>,<entities.processor.Processor object at 0x1181038e0>
33.00022999999997,0.0,13006,<entities.dtn.DTN object at 0x118103460>,<entities.processor.Processor object at 0x1181038e0>
34.00022999999997,0.0,13006,<entities.dtn.DTN object at 0x118103460>,<entities.processor.Processor object at 0x1181038e0>
35.00022999999997,0.0,13006,<entities.dtn.DTN object at 0x118103460>,<entities.processor.Processor object at 0x1181038e0>
36.00022999999997,0.0,13006,<entities.dtn.DTN object at 0x118103460>,<entities.processor.Processor object at 0x1181038e0>
37.00022999999997,0.0,13006,<entities.dtn.DTN object at 0x118103460>,<entities.processor.Processor object at 0x1181038e0>
38.00022999999997,0.0,13006,<entities.dtn.DTN object at 0x118103460>,<entities.processor.Processor object at 0x1181038e0>
39.00022999999997,0.0,13006,<entities.dtn.DTN object at 0x118103460>,<entities.processor.Processor object at 0x1181038e0>
40.00022999999997,0.0,13006,<entities.dtn.DTN object at 0x118103460>,<entities.processor.Processor object at 0x1181038e0>
41.00022999999997,0.0,13006,<entities.dtn.DTN object at 0x118103460>,<entities.processor.Processor object at 0x1181038e0>
42.00022999999997,0.0,13006,<entities.dtn.DTN object at 0x118103460>,<entities.processor.Processor object at 0x1181038e0>
43.00022999999997,0.0,13006,<entities.dtn.DTN object at 0x118103460>,<entities.processor.Processor object at 0x1181038e0>
44.00022999999997,0.0,13006,<entities.dtn.DTN object at 0x118103460>,<entities.processor.Processor object at 0x1181038e0>
45.00022999999997,0.0,13006,<entities.dtn.DTN object at 0x118103460>,<entities.processor.Processor object at 0x1181038e0>
46.00022999999997,0.0,13006,<entities.dtn.DTN object at 0x118103460>,<entities.processor.Processor object at 0x1181038e0>
47.00022999999997,0.0,13006,<entities.dtn.DTN object at 0x118103460>,<entities.processor.Processor object at 0x1181038e0>
48.00022999999997,0.0,13006,<entities.dtn.DTN object at 0x118103460>,<entities.processor.Processor object at 0x1181038e0>
49.00022999999997,0.0,13006,<entities.dtn.DTN object at 0x118103460>,<entities.processor.Processor object at 0x1181038e0>
50.00022999999997,0.0,13006,<entities.dtn.DTN object at 0x118103460>,<entities.processor.Processor object at 0x1181038e0>
51.00022999999997,0.0,13006,<entities.dtn.DTN object at 0x118103460>,<entities.processor.Processor object at 0x1181038e0>
52.00022999999997,0.0,13006,<entities.dtn.DTN object at 0x118103460>,<entities.processor.Processor object at 0x1181038e0>
53.00022999999997,0.0,13006,<entities.dtn.DTN object at 0x118103460>,<entities.processor.Processor object at 0x1181038e0>
54.00022999999997,0.0,13006,<entities.dtn.DTN object at 0x118103460>,<entities.processor.Processor object at 0x1181038e0>
55.00022999999997,0.0,13006,<entities.dtn.DTN object at 0x118103460>,<entities.processor.Processor object at 0x1181038e0>
56.00022999999997,0.0,13006,<entities.dtn.DTN object at 0x118103460>,<entities.processor.Processor object at 0x1181038e0>
57.00022999999997,0.0,13006,<entities.dtn.DTN object at 0x118103460>,<entities.processor.Processor object at 0x1181038e0>
58.00022999999997,0.0,13006,<entities.dtn.DTN object at 0x118103460>,<entities.processor.Processor object at 0x1181038e0>
59.00022999999997,0.0,13006,<entities.dtn.DTN object at 0x118103460>,<entities.processor.Processor object at 0x1181038e0>
60.00022999999997,0.0,13006,<entities.dtn.DTN object at 0x118103460>,<entities.processor.Processor object at 0x1181038e0>
61.00022999999997,0.0,13006,<entities.dtn.DTN object at 0x118103460>,<entities.processor.Processor object at 0x1181038e0>
62.00022999999997,0.0,13006,<entities.dtn.DTN object at 0x118103460>,<entities.processor.Processor object at 0x1181038e0>
63.00022999999997,0.0,13006,<entities.dtn.DTN object at 0x118103460>,<entities.processor.Processor object at 0x1181038e0>
64.00022999999997,0.0,13006,<entities.dtn.DTN object at 0x118103460>,<entities.processor.Processor object at 0x1181038e0>
65.00022999999997,0.0,13006,<entities.dtn.DTN object at 0x118103460>,<entities.processor.Processor object at 0x1181038e0>
66.00022999999997,0.0,13006,<entities.dtn.DTN object at 0x118103460>,<entities.processor.Processor object at 0x1181038e0>
67.00022999999997,0.0,13006,<entities.dtn.DTN object at 0x118103460>,<entities.processor.Processor object at 0x1181038e0>
68.00022999999997,0.0,13006,<entities.dtn.DTN object at 0x118103460>,<entities.processor.Processor object at 0x1181038e0>
69.00022999999997,0.0,13006,<entities.dtn.DTN object at 0x118103460>,<entities.processor.Processor object at 0x1181038e0>
70.00022999999997,0.0,13006,<entities.dtn.DTN object at 0x118103460>,<entities.processor.Processor object at 0x1181038e0>
71.00022999999997,0.0,13006,<entities.dtn.DTN object at 0x118103460>,<entities.processor.Processor object at 0x1181038e0>
72.00022999999997,0.0,13006,<entities.dtn.DTN object at 0x118103460>,<entities.processor.Processor object at 0x1181038e0>
73.00022999999997,0.0,13006,<entities.dtn.DTN object at 0x118103460>,<entities.processor.Processor object at 0x1181038e0>
74.00022999999997,0.0,13006,<entities.dtn.DTN object at 0x118103460>,<entities.processor.Processor object at 0x1181038e0>
75.00022999999997,0.0,13006,<entities.dtn.DTN object at 0x118103460>,<entities.processor.Processor object at 0x1181038e0>
76.00022999999997,0.0,13006,<entities.dtn.DTN object at 0x118103460>,<entities.processor.Processor object at 0x1181038e0>
77.00022999999997,0.0,13006,<entities.dtn.DTN object at 0x118103460>,<entities.processor.Processor object at 0x1181038e0>
78.00022999999997,0.0,13006,<entities.dtn.DTN object at 0x118103460>,<entities.processor.Processor object at 0x1181038e0>
79.00022999999997,0.0,13006,<entities.dtn.DTN object at 0x118103460>,<entities.processor.Processor object at 0x1181038e0>
80.00022999999997,0.0,13006,<entities.dtn.DTN object at 0x118103460>,<entities.processor.Processor object at 0x1181038e0>
81.00022999999997,0.0,13006,<entities.dtn.DTN object at 0x118103460>,<entities.processor.Processor object at 0x1181038e0>
82.00022999999997,0.0,13006,<entities.dtn.DTN object at 0x118103460>,<entities.processor.Processor object at 0x1181038e0>
83.00022999999997,0.0,13006,<entities.dtn.DTN object at 0x118103460>,<entities.processor.Processor object at 0x1181038e0>
84.00022999999997,0.0,13006,<entities.dtn.DTN object at 0x118103460>,<entities.processor.Processor object at 0x1181038e0>
85.00022999999997,0.0,13006,<entities.dtn.DTN object at 0x118103460>,<entities.processor.Processor object at 0x1181038e0>
86.00022999999997,0.0,13006,<entities.dtn.DTN object at 0x118103460>,<entities.processor.Processor object at 0x1181038e0>
87.00022999999997,0.0,13006,<entities.dtn.DTN object at 0x118103460>,<entities.processor.Processor object at 0x1181038e0>
88.00022999999997,0.0,13006,<entities.dtn.DTN object at 0x118103460>,<entities.processor.Processor object at 0x1181038e0>
89.00022999999997,0.0,13006,<entities.dtn.DTN object at 0x118103460>,<entities.processor.Processor object at 0x1181038e0>
90.00022999999997,0.0,13006,<entities.dtn.DTN object at 0x118103460>,<entities.processor.Processor object at 0x1181038e0>
91.00022999999997,0.0,13006,<entities.dtn.DTN object at 0x118103460>,<entities.processor.Processor object at 0x1181038e0>
92.00022999999997,0.0,13006,<entities.dtn.DTN object at 0x118103460>,<entities.processor.Processor object at 0x1181038e0>
93.00022999999997,0.0,13006,<entities.dtn.DTN object at 0x118103460>,<entities.processor.Processor object at 0x1181038e0>
94.00022999999997,0.0,13006,<entities.dtn.DTN object at 0x118103460>,<entities.processor.Processor object at 0x1181038e0>
95.00022999999997,0.0,13006,<entities.dtn.DTN object at 0x118103460>,<entities.processor.Processor object at 0x1181038e0>
96.00022999999997,0.0,13006,<entities.dtn.DTN object at 0x118103460>,<entities.processor.Processor object at 0x1181038e0>
97.00022999999997,0.0,13006,<entities.dtn.DTN object at 0x118103460>,<entities.processor.Processor object at 0x1181038e0>
98.00022999999997,0.0,13006,<entities.dtn.DTN object at 0x118103460>,<entities.processor.Processor object at 0x1181038e0>
99.00022999999997,0.0,13006,<entities.dtn.DTN object at 0x118103460>,<entities.processor.Processor object at 0x1181038e0>
100.00022999999997,0.0,13006,<entities.dtn.DTN object at 0x118103460>,<entities.processor.Processor object at 0x1181038e0>
101.00022999999997,0.0,13006,<entities.dtn.DTN object at 0x118103460>,<entities.processor.Processor object at 0x1181038e0>
102.00022999999997,0.0,13006,<entities.dtn.DTN object at 0x118103460>,<entities.processor.Processor object at 0x1181038e0>
103.00022999999997,0.0,13006,<entities.dtn.DTN object at 0x118103460>,<entities.processor.Processor object at 0x1181038e0>
104.00022999999997,0.0,13006,<entities.dtn.DTN object at 0x118103460>,<entities.processor.Processor object at 0x1181038e0>
105.00022999999997,0.0,13006,<entities.dtn.DTN object at 0x118103460>,<entities.processor.Processor object at 0x1181038e0>
106.00022999999997,0.0,13006,<entities.dtn.DTN object at 0x118103460>,<entities.processor.Processor object at 0x1181038e0>
107.00022999999997,0.0,13006,<entities.dtn.DTN object at 0x118103460>,<entities.processor.Processor object at 0x1181038e0>
108.00022999999997,0.0,13006,<entities.dtn.DTN object at 0x118103460>,<entities.processor.Processor object at 0x1181038e0>
109.00022999999997,0.0,13006,<entities.dtn.DTN object at 0x118103460>,<entities.processor.Processor object at 0x1181038e0>
110.00022999999997,0.0,13006,<entities.dtn.DTN object at 0x118103460>,<entities.processor.Processor object at 0x1181038e0>
111.00022999999997,0.0,13006,<entities.dtn.DTN object at 0x118103460>,<entities.processor.Processor object at 0x1181038e0>
112.00022999999997,0.0,13006,<entities.dtn.DTN object at 0x118103460>,<entities.processor.Processor object at 0x1181038e0>
113.00022999999997,0.0,13006,<entities.dtn.DTN object at 0x118103460>,<entities.processor.Processor object at 0x1181038e0>
114.00022999999997,0.0,13006,<entities.dtn.DTN object at 0x118103460>,<entities.processor.Processor object at 0x1181038e0>
115.00022999999997,0.0,13006,<entities.dtn.DTN object at 0x118103460>,<entities.processor.Processor object at 0x1181038e0>
116.00022999999997,0.0,13006,<entities.dtn.DTN object at 0x118103460>,<entities.processor.Processor object at 0x1181038e0>
117.00022999999997,0.0,13006,<entities.dtn.DTN object at 0x118103460>,<entities.processor.Processor object at 0x1181038e0>
118.00022999999997,0.0,13006,<entities.dtn.DTN object at 0x118103460>,<entities.processor.Processor object at 0x1181038e0>
119.00022999999997,0.0,13006,<entities.dtn.DTN object at 0x118103460>,<entities.processor.Processor object at 0x1181038e0>
120.00022999999997,0.0,13006,<entities.dtn.DTN object at 0x118103460>,<entities.processor.Processor object at 0x1181038e0>
121.00022999999997,0.0,13006,<entities.dtn.DTN object at 0x118103460>,<entities.processor.Processor object at 0x1181038e0>
122.00022999999997,0.0,13006,<entities.dtn.DTN object at 0x118103460>,<entities.processor.Processor object at 0x1181038e0>
123.00022999999997,0.0,13006,<entities.dtn.DTN object at 0x118103460>,<entities.processor.Processor object at 0x1181038e0>
124.00022999999997,0.0,13006,<entities.dtn.DTN object at 0x118103460>,<entities.processor.Processor object at 0x1181038e0>
125.00022999999997,0.0,13006,<entities.dtn.DTN object at 0x118103460>,<entities.processor.Processor object at 0x1181038e0>
126.00022999999997,0.0,13006,<entities.dtn.DTN object at 0x118103460>,<entities.processor.Processor object at 0x1181038e0>
127.00022999999997,0.0,13006,<entities.dtn.DTN object at 0x118103460>,<entities.processor.Processor object at 0x1181038e0>
128.00023,0.0,13006,<entities.dtn.DTN object at 0x118103460>,<entities.processor.Processor object at 0x1181038e0>
129.00023,0.0,13006,<entities.dtn.DTN object at 0x118103460>,<entities.processor.Processor object at 0x1181038e0>
130.00023,0.0,13006,<entities.dtn.DTN object at 0x118103460>,<entities.processor.Processor object at 0x1181038e0>
131.00023,0.0,13006,<entities.dtn.DTN object at 0x118103460>,<entities.processor.Processor object at 0x1181038e0>
132.00023,0.0,13006,<entities.dtn.DTN object at 0x118103460>,<entities.processor.Processor object at 0x1181038e0>
133.00023,0.0,13006,<entities.dtn.DTN object at 0x118103460>,<entities.processor.Processor object at 0x1181038e0>
134.00023,0.0,13006,<entities.dtn.DTN object at 0x118103460>,<entities.processor.Processor object at 0x1181038e0>
135.00023,0.0,13006,<entities.dtn.DTN object at 0x118103460>,<entities.processor.Processor object at 0x1181038e0>
136.00023,0.0,13006,<entities.dtn.DTN object at 0x118103460>,<entities.processor.Processor object at 0x1181038e0>
137.00023,0.0,13006,<entities.dtn.DTN object at 0x118103460>,<entities.processor.Processor object at 0x1181038e0>
138.00023,0.0,13006,<entities.dtn.DTN object at 0x118103460>,<entities.processor.Processor object at 0x1181038e0>
139.00023,0.0,13006,<entities.dtn.DTN object at 0x118103460>,<entities.processor.Processor object at 0x1181038e0>
140.00023,0.0,13006,<entities.dtn.DTN object at 0x118103460>,<entities.processor.Processor object at 0x1181038e0>
141.00023,0.0,13006,<entities.dtn.DTN object at 0x118103460>,<entities.processor.Processor object at 0x1181038e0>
142.00023,0.0,13006,<entities.dtn.DTN object at 0x118103460>,<entities.processor.Processor object at 0x1181038e0>
143.00023,0.0,13006,<entities.dtn.DTN object at 0x118103460>,<entities.processor.Processor object at 0x1181038e0>
144.00023,0.0,13006,<entities.dtn.DTN object at 0x118103460>,<entities.processor.Processor object at 0x1181038e0>
145.00023,0.0,13006,<entities.dtn.DTN object at 0x118103460>,<entities.processor.Processor object at 0x1181038e0>
146.00023,0.0,13006,<entities.dtn.DTN object at 0x118103460>,<entities.processor.Processor object at 0x1181038e0>
147.00023,0.0,13006,<entities.dtn.DTN object at 0x118103460>,<entities.processor.Processor object at 0x1181038e0>
148.00023,0.0,13006,<entities.dtn.DTN object at 0x118103460>,<entities.processor.Processor object at 0x1181038e0>
149.00023,0.0,13006,<entities.dtn.DTN object at 0x118103460>,<entities.processor.Processor object at 0x1181038e0>
150.00023,0.0,13006,<entities.dtn.DTN object at 0x118103460>,<entities.processor.Processor object at 0x1181038e0>
151.00023,0.0,13006,<entities.dtn.DTN object at 0x118103460>,<entities.processor.Processor object at 0x1181038e0>
152.00023,0.0,13006,<entities.dtn.DTN object at 0x118103460>,<entities.processor.Processor object at 0x1181038e0>
153.00023,0.0,13006,<entities.dtn.DTN object at 0x118103460>,<entities.processor.Processor object at 0x1181038e0>
154.00023,0.0,13006,<entities.dtn.DTN object at 0x118103460>,<entities.processor.Processor object at 0x1181038e0>
155.00023,0.0,13006,<entities.dtn.DTN object at 0x118103460>,<entities.processor.Processor object at 0x1181038e0>
156.00023,0.0,13006,<entities.dtn.DTN object at 0x118103460>,<entities.processor.Processor object at 0x1181038e0>
157.00023,0.0,13006,<entities.dtn.DTN object at 0x118103460>,<entities.processor.Processor object at 0x1181038e0>
158.00023,0.0,13006,<entities.dtn.DTN object at 0x118103460>,<entities.processor.Processor object at 0x1181038e0>
159.00023,0.0,13006,<entities.dtn.DTN object at 0x118103460>,<entities.processor.Processor object at 0x1181038e0>
160.00023,0.0,13006,<entities.dtn.DTN object at 0x118103460>,<entities.processor.Processor object at 0x1181038e0>
161.00023,0.0,13006,<entities.dtn.DTN object at 0x118103460>,<entities.processor.Processor object at 0x1181038e0>
162.00023,0.0,13006,<entities.dtn.DTN object at 0x118103460>,<entities.processor.Processor object at 0x1181038e0>
163.00023,0.0,13006,<entities.dtn.DTN object at 0x118103460>,<entities.processor.Processor object at 0x1181038e0>
164.00023,0.0,13006,<entities.dtn.DTN object at 0x118103460>,<entities.processor.Processor object at 0x1181038e0>
165.00023,0.0,13006,<entities.dtn.DTN object at 0x118103460>,<entities.processor.Processor object at 0x1181038e0>
166.00023,0.0,13006,<entities.dtn.DTN object at 0x118103460>,<entities.processor.Processor object at 0x1181038e0>
167.00023,0.0,13006,<entities.dtn.DTN object at 0x118103460>,<entities.processor.Processor object at 0x1181038e0>
168.00023,0.0,13006,<entities.dtn.DTN object at 0x118103460>,<entities.processor.Processor object at 0x1181038e0>
169.00023,0.0,13006,<entities.dtn.DTN object at 0x118103460>,<entities.processor.Processor object at 0x1181038e0>
170.00023,0.0,13006,<entities.dtn.DTN object at 0x118103460>,<entities.processor.Processor object at 0x1181038e0>
171.00023,0.0,13006,<entities.dtn.DTN object at 0x118103460>,<entities.processor.Processor object at 0x1181038e0>
172.00023,0.0,13006,<entities.dtn.DTN object at 0x118103460>,<entities.processor.Processor object at 0x1181038e0>
173.00023,0.0,13006,<entities.dtn.DTN object at 0x118103460>,<entities.processor.Processor object at 0x1181038e0>
174.00023,0.0,13006,<entities.dtn.DTN object at 0x118103460>,<entities.processor.Processor object at 0x1181038e0>
175.00023,0.0,13006,<entities.dtn.DTN object at 0x118103460>,<entities.processor.Processor object at 0x1181038e0>
176.00023,0.0,13006,<entities.dtn.DTN object at 0x118103460>,<entities.processor.Processor object at 0x1181038e0>
177.00023,0.0,13006,<entities.dtn.DTN object at 0x118103460>,<entities.processor.Processor object at 0x1181038e0>
178.00023,0.0,13006,<entities.dtn.DTN object at 0x118103460>,<entities.processor.Processor object at 0x1181038e0>
179.00023,0.0,13006,<entities.dtn.DTN object at 0x118103460>,<entities.processor.Processor object at 0x1181038e0>
180.00023,0.0,13006,<entities.dtn.DTN object at 0x118103460>,<entities.processor.Processor object at 0x1181038e0>
181.00023,0.0,13006,<entities.dtn.DTN object at 0x118103460>,<entities.processor.Processor object at 0x1181038e0>
182.00023,0.0,13006,<entities.dtn.DTN object at 0x118103460>,<entities.processor.Processor object at 0x1181038e0>
183.00023,0.0,13006,<entities.dtn.DTN object at 0x118103460>,<entities.processor.Processor object at 0x1181038e0>
184.00023,0.0,13006,<entities.dtn.DTN object at 0x118103460>,<entities.processor.Processor object at 0x1181038e0>
185.00023,0.0,13006,<entities.dtn.DTN object at 0x118103460>,<entities.processor.Processor object at 0x1181038e0>
186.00023,0.0,13006,<entities.dtn.DTN object at 0x118103460>,<entities.processor.Processor object at 0x1181038e0>
187.00023,0.0,13006,<entities.dtn.DTN object at 0x118103460>,<entities.processor.Processor object at 0x1181038e0>
188.00023,0.0,13006,<entities.dtn.DTN object at 0x118103460>,<entities.processor.Processor object at 0x1181038e0>
189.00023,0.0,13006,<entities.dtn.DTN object at 0x118103460>,<entities.processor.Processor object at 0x1181038e0>
190.00023,0.0,13006,<entities.dtn.DTN object at 0x118103460>,<entities.processor.Processor object at 0x1181038e0>
191.00023,0.0,13006,<entities.dtn.DTN object at 0x118103460>,<entities.processor.Processor object at 0x1181038e0>
192.00023,0.0,13006,<entities.dtn.DTN object at 0x118103460>,<entities.processor.Processor object at 0x1181038e0>
193.00023,0.0,13006,<entities.dtn.DTN object at 0x118103460>,<entities.processor.Processor object at 0x1181038e0>
194.00023,0.0,13006,<entities.dtn.DTN object at 0x118103460>,<entities.processor.Processor object at 0x1181038e0>
195.00023,0.0,13006,<entities.dtn.DTN object at 0x118103460>,<entities.processor.Processor object at 0x1181038e0>
196.00023,0.0,13006,<entities.dtn.DTN object at 0x118103460>,<entities.processor.Processor object at 0x1181038e0>
197.00023,0.0,13006,<entities.dtn.DTN object at 0x118103460>,<entities.processor.Processor object at 0x1181038e0>
198.00023,0.0,13006,<entities.dtn.DTN object at 0x118103460>,<entities.processor.Processor object at 0x1181038e0>
199.00023,0.0,13006,<entities.dtn.DTN object at 0x118103460>,<entities.processor.Processor object at 0x1181038e0>
14.0,0.0,60375,<entities.processor.Processor object at 0x118103df0>,<entities.dtn.DTN object at 0x118103460>
14.0,0.0,2908,<entities.processor.Processor object at 0x11810c670>,<entities.dtn.DTN object at 0x118103460>
14.10009999999997,0.0,37857,<entities.dtn.DTN object at 0x118103460>,<entities.processor.Processor object at 0x118103df0>
15.10009999999997,0.0,37857,<entities.dtn.DTN object at 0x118103460>,<entities.processor.Processor object at 0x118103df0>
16.10009999999997,0.0,37857,<entities.dtn.DTN object at 0x118103460>,<entities.processor.Processor object at 0x118103df0>
17.10009999999997,0.0,37857,<entities.dtn.DTN object at 0x118103460>,<entities.processor.Processor object at 0x118103df0>
18.10009999999997,0.0,37857,<entities.dtn.DTN object at 0x118103460>,<entities.processor.Processor object at 0x118103df0>
19.10009999999997,0.0,37857,<entities.dtn.DTN object at 0x118103460>,<entities.processor.Processor object at 0x118103df0>
20.10009999999997,0.0,37857,<entities.dtn.DTN object at 0x118103460>,<entities.processor.Processor object at 0x118103df0>
21.10009999999997,0.0,37857,<entities.dtn.DTN object at 0x118103460>,<entities.processor.Processor object at 0x118103df0>
22.10009999999997,0.0,37857,<entities.dtn.DTN object at 0x118103460>,<entities.processor.Processor object at 0x118103df0>
23.10009999999997,0.0,37857,<entities.dtn.DTN object at 0x118103460>,<entities.processor.Processor object at 0x118103df0>
24.10009999999997,0.0,37857,<entities.dtn.DTN object at 0x118103460>,<entities.processor.Processor object at 0x118103df0>
25.10009999999997,0.0,37857,<entities.dtn.DTN object at 0x118103460>,<entities.processor.Processor object at 0x118103df0>
26.10009999999997,0.0,37857,<entities.dtn.DTN object at 0x118103460>,<entities.processor.Processor object at 0x118103df0>
27.10009999999997,0.0,37857,<entities.dtn.DTN object at 0x118103460>,<entities.processor.Processor object at 0x118103df0>
28.10009999999997,0.0,37857,<entities.dtn.DTN object at 0x118103460>,<entities.processor.Processor object at 0x118103df0>
29.10009999999997,0.0,37857,<entities.dtn.DTN object at 0x118103460>,<entities.processor.Processor object at 0x118103df0>
30.10009999999997,0.0,37857,<entities.dtn.DTN object at 0x118103460>,<entities.processor.Processor object at 0x118103df0>
31.10009999999997,0.0,37857,<entities.dtn.DTN object at 0x118103460>,<entities.processor.Processor object at 0x118103df0>
32.10009999999997,0.0,37857,<entities.dtn.DTN object at 0x118103460>,<entities.processor.Processor object at 0x118103df0>
33.10009999999997,0.0,37857,<entities.dtn.DTN object at 0x118103460>,<entities.processor.Processor object at 0x118103df0>
34.10009999999997,0.0,37857,<entities.dtn.DTN object at 0x118103460>,<entities.processor.Processor object at 0x118103df0>
35.10009999999997,0.0,37857,<entities.dtn.DTN object at 0x118103460>,<entities.processor.Processor object at 0x118103df0>
36.10009999999997,0.0,37857,<entities.dtn.DTN object at 0x118103460>,<entities.processor.Processor object at 0x118103df0>
37.10009999999997,0.0,37857,<entities.dtn.DTN object at 0x118103460>,<entities.processor.Processor object at 0x118103df0>
38.10009999999997,0.0,37857,<entities.dtn.DTN object at 0x118103460>,<entities.processor.Processor object at 0x118103df0>
39.10009999999997,0.0,37857,<entities.dtn.DTN object at 0x118103460>,<entities.processor.Processor object at 0x118103df0>
40.10009999999997,0.0,37857,<entities.dtn.DTN object at 0x118103460>,<entities.processor.Processor object at 0x118103df0>
41.10009999999997,0.0,37857,<entities.dtn.DTN object at 0x118103460>,<entities.processor.Processor object at 0x118103df0>
42.10009999999997,0.0,37857,<entities.dtn.DTN object at 0x118103460>,<entities.processor.Processor object at 0x118103df0>
43.10009999999997,0.0,37857,<entities.dtn.DTN object at 0x118103460>,<entities.processor.Processor object at 0x118103df0>
44.10009999999997,0.0,37857,<entities.dtn.DTN object at 0x118103460>,<entities.processor.Processor object at 0x118103df0>
45.10009999999997,0.0,37857,<entities.dtn.DTN object at 0x118103460>,<entities.processor.Processor object at 0x118103df0>
46.10009999999997,0.0,37857,<entities.dtn.DTN object at 0x118103460>,<entities.processor.Processor object at 0x118103df0>
47.10009999999997,0.0,37857,<entities.dtn.DTN object at 0x118103460>,<entities.processor.Processor object at 0x118103df0>
48.10009999999997,0.0,37857,<entities.dtn.DTN object at 0x118103460>,<entities.processor.Processor object at 0x118103df0>
49.10009999999997,0.0,37857,<entities.dtn.DTN object at 0x118103460>,<entities.processor.Processor object at 0x118103df0>
50.10009999999997,0.0,37857,<entities.dtn.DTN object at 0x118103460>,<entities.processor.Processor object at 0x118103df0>
51.10009999999997,0.0,37857,<entities.dtn.DTN object at 0x118103460>,<entities.processor.Processor object at 0x118103df0>
52.10009999999997,0.0,37857,<entities.dtn.DTN object at 0x118103460>,<entities.processor.Processor object at 0x118103df0>
53.10009999999997,0.0,37857,<entities.dtn.DTN object at 0x118103460>,<entities.processor.Processor object at 0x118103df0>
54.10009999999997,0.0,37857,<entities.dtn.DTN object at 0x118103460>,<entities.processor.Processor object at 0x118103df0>
55.10009999999997,0.0,37857,<entities.dtn.DTN object at 0x118103460>,<entities.processor.Processor object at 0x118103df0>
56.10009999999997,0.0,37857,<entities.dtn.DTN object at 0x118103460>,<entities.processor.Processor object at 0x118103df0>
57.10009999999997,0.0,37857,<entities.dtn.DTN object at 0x118103460>,<entities.processor.Processor object at 0x118103df0>
58.10009999999997,0.0,37857,<entities.dtn.DTN object at 0x118103460>,<entities.processor.Processor object at 0x118103df0>
59.10009999999997,0.0,37857,<entities.dtn.DTN object at 0x118103460>,<entities.processor.Processor object at 0x118103df0>
60.10009999999997,0.0,37857,<entities.dtn.DTN object at 0x118103460>,<entities.processor.Processor object at 0x118103df0>
61.10009999999997,0.0,37857,<entities.dtn.DTN object at 0x118103460>,<entities.processor.Processor object at 0x118103df0>
62.10009999999997,0.0,37857,<entities.dtn.DTN object at 0x118103460>,<entities.processor.Processor object at 0x118103df0>
63.10009999999997,0.0,37857,<entities.dtn.DTN object at 0x118103460>,<entities.processor.Processor object at 0x118103df0>
64.10009999999997,0.0,37857,<entities.dtn.DTN object at 0x118103460>,<entities.processor.Processor object at 0x118103df0>
65.10009999999997,0.0,37857,<entities.dtn.DTN object at 0x118103460>,<entities.processor.Processor object at 0x118103df0>
66.10009999999997,0.0,37857,<entities.dtn.DTN object at 0x118103460>,<entities.processor.Processor object at 0x118103df0>
67.10009999999997,0.0,37857,<entities.dtn.DTN object at 0x118103460>,<entities.processor.Processor object at 0x118103df0>
68.10009999999997,0.0,37857,<entities.dtn.DTN object at 0x118103460>,<entities.processor.Processor object at 0x118103df0>
69.10009999999997,0.0,37857,<entities.dtn.DTN object at 0x118103460>,<entities.processor.Processor object at 0x118103df0>
70.10009999999997,0.0,37857,<entities.dtn.DTN object at 0x118103460>,<entities.processor.Processor object at 0x118103df0>
71.10009999999997,0.0,37857,<entities.dtn.DTN object at 0x118103460>,<entities.processor.Processor object at 0x118103df0>
72.10009999999997,0.0,37857,<entities.dtn.DTN object at 0x118103460>,<entities.processor.Processor object at 0x118103df0>
73.10009999999997,0.0,37857,<entities.dtn.DTN object at 0x118103460>,<entities.processor.Processor object at 0x118103df0>
74.10009999999997,0.0,37857,<entities.dtn.DTN object at 0x118103460>,<entities.processor.Processor object at 0x118103df0>
75.10009999999997,0.0,37857,<entities.dtn.DTN object at 0x118103460>,<entities.processor.Processor object at 0x118103df0>
76.10009999999997,0.0,37857,<entities.dtn.DTN object at 0x118103460>,<entities.processor.Processor object at 0x118103df0>
77.10009999999997,0.0,37857,<entities.dtn.DTN object at 0x118103460>,<entities.processor.Processor object at 0x118103df0>
78.10009999999997,0.0,37857,<entities.dtn.DTN object at 0x118103460>,<entities.processor.Processor object at 0x118103df0>
79.10009999999997,0.0,37857,<entities.dtn.DTN object at 0x118103460>,<entities.processor.Processor object at 0x118103df0>
80.10009999999997,0.0,37857,<entities.dtn.DTN object at 0x118103460>,<entities.processor.Processor object at 0x118103df0>
81.10009999999997,0.0,37857,<entities.dtn.DTN object at 0x118103460>,<entities.processor.Processor object at 0x118103df0>
82.10009999999997,0.0,37857,<entities.dtn.DTN object at 0x118103460>,<entities.processor.Processor object at 0x118103df0>
83.10009999999997,0.0,37857,<entities.dtn.DTN object at 0x118103460>,<entities.processor.Processor object at 0x118103df0>
84.10009999999997,0.0,37857,<entities.dtn.DTN object at 0x118103460>,<entities.processor.Processor object at 0x118103df0>
85.10009999999997,0.0,37857,<entities.dtn.DTN object at 0x118103460>,<entities.processor.Processor object at 0x118103df0>
86.10009999999997,0.0,37857,<entities.dtn.DTN object at 0x118103460>,<entities.processor.Processor object at 0x118103df0>
87.10009999999997,0.0,37857,<entities.dtn.DTN object at 0x118103460>,<entities.processor.Processor object at 0x118103df0>
88.10009999999997,0.0,37857,<entities.dtn.DTN object at 0x118103460>,<entities.processor.Processor object at 0x118103df0>
89.10009999999997,0.0,37857,<entities.dtn.DTN object at 0x118103460>,<entities.processor.Processor object at 0x118103df0>
90.10009999999997,0.0,37857,<entities.dtn.DTN object at 0x118103460>,<entities.processor.Processor object at 0x118103df0>
91.10009999999997,0.0,37857,<entities.dtn.DTN object at 0x118103460>,<entities.processor.Processor object at 0x118103df0>
92.10009999999997,0.0,37857,<entities.dtn.DTN object at 0x118103460>,<entities.processor.Processor object at 0x118103df0>
93.10009999999997,0.0,37857,<entities.dtn.DTN object at 0x118103460>,<entities.processor.Processor object at 0x118103df0>
94.10009999999997,0.0,37857,<entities.dtn.DTN object at 0x118103460>,<entities.processor.Processor object at 0x118103df0>
95.10009999999997,0.0,37857,<entities.dtn.DTN object at 0x118103460>,<entities.processor.Processor object at 0x118103df0>
96.10009999999997,0.0,37857,<entities.dtn.DTN object at 0x118103460>,<entities.processor.Processor object at 0x118103df0>
97.10009999999997,0.0,37857,<entities.dtn.DTN object at 0x118103460>,<entities.processor.Processor object at 0x118103df0>
98.10009999999997,0.0,37857,<entities.dtn.DTN object at 0x118103460>,<entities.processor.Processor object at 0x118103df0>
99.10009999999997,0.0,37857,<entities.dtn.DTN object at 0x118103460>,<entities.processor.Processor object at 0x118103df0>
100.10009999999997,0.0,37857,<entities.dtn.DTN object at 0x118103460>,<entities.processor.Processor object at 0x118103df0>
101.10009999999997,0.0,37857,<entities.dtn.DTN object at 0x118103460>,<entities.processor.Processor object at 0x118103df0>
102.10009999999997,0.0,37857,<entities.dtn.DTN object at 0x118103460>,<entities.processor.Processor object at 0x118103df0>
103.10009999999997,0.0,37857,<entities.dtn.DTN object at 0x118103460>,<entities.processor.Processor object at 0x118103df0>
104.10009999999997,0.0,37857,<entities.dtn.DTN object at 0x118103460>,<entities.processor.Processor object at 0x118103df0>
105.10009999999997,0.0,37857,<entities.dtn.DTN object at 0x118103460>,<entities.processor.Processor object at 0x118103df0>
106.10009999999997,0.0,37857,<entities.dtn.DTN object at 0x118103460>,<entities.processor.Processor object at 0x118103df0>
107.10009999999997,0.0,37857,<entities.dtn.DTN object at 0x118103460>,<entities.processor.Processor object at 0x118103df0>
108.10009999999997,0.0,37857,<entities.dtn.DTN object at 0x118103460>,<entities.processor.Processor object at 0x118103df0>
109.10009999999997,0.0,37857,<entities.dtn.DTN object at 0x118103460>,<entities.processor.Processor object at 0x118103df0>
110.10009999999997,0.0,37857,<entities.dtn.DTN object at 0x118103460>,<entities.processor.Processor object at 0x118103df0>
111.10009999999997,0.0,37857,<entities.dtn.DTN object at 0x118103460>,<entities.processor.Processor object at 0x118103df0>
112.10009999999997,0.0,37857,<entities.dtn.DTN object at 0x118103460>,<entities.processor.Processor object at 0x118103df0>
113.10009999999997,0.0,37857,<entities.dtn.DTN object at 0x118103460>,<entities.processor.Processor object at 0x118103df0>
114.10009999999997,0.0,37857,<entities.dtn.DTN object at 0x118103460>,<entities.processor.Processor object at 0x118103df0>
115.10009999999997,0.0,37857,<entities.dtn.DTN object at 0x118103460>,<entities.processor.Processor object at 0x118103df0>
116.10009999999997,0.0,37857,<entities.dtn.DTN object at 0x118103460>,<entities.processor.Processor object at 0x118103df0>
117.10009999999997,0.0,37857,<entities.dtn.DTN object at 0x118103460>,<entities.processor.Processor object at 0x118103df0>
118.10009999999997,0.0,37857,<entities.dtn.DTN object at 0x118103460>,<entities.processor.Processor object at 0x118103df0>
119.10009999999997,0.0,37857,<entities.dtn.DTN object at 0x118103460>,<entities.processor.Processor object at 0x118103df0>
120.10009999999997,0.0,37857,<entities.dtn.DTN object at 0x118103460>,<entities.processor.Processor object at 0x118103df0>
121.10009999999997,0.0,37857,<entities.dtn.DTN object at 0x118103460>,<entities.processor.Processor object at 0x118103df0>
122.10009999999997,0.0,37857,<entities.dtn.DTN object at 0x118103460>,<entities.processor.Processor object at 0x118103df0>
123.10009999999997,0.0,37857,<entities.dtn.DTN object at 0x118103460>,<entities.processor.Processor object at 0x118103df0>
124.10009999999997,0.0,37857,<entities.dtn.DTN object at 0x118103460>,<entities.processor.Processor object at 0x118103df0>
125.10009999999997,0.0,37857,<entities.dtn.DTN object at 0x118103460>,<entities.processor.Processor object at 0x118103df0>
126.10009999999997,0.0,37857,<entities.dtn.DTN object at 0x118103460>,<entities.processor.Processor object at 0x118103df0>
127.10009999999997,0.0,37857,<entities.dtn.DTN object at 0x118103460>,<entities.processor.Processor object at 0x118103df0>
128.10009999999997,0.0,37857,<entities.dtn.DTN object at 0x118103460>,<entities.processor.Processor object at 0x118103df0>
129.10009999999997,0.0,37857,<entities.dtn.DTN object at 0x118103460>,<entities.processor.Processor object at 0x118103df0>
130.10009999999997,0.0,37857,<entities.dtn.DTN object at 0x118103460>,<entities.processor.Processor object at 0x118103df0>
131.10009999999997,0.0,37857,<entities.dtn.DTN object at 0x118103460>,<entities.processor.Processor object at 0x118103df0>
132.10009999999997,0.0,37857,<entities.dtn.DTN object at 0x118103460>,<entities.processor.Processor object at 0x118103df0>
133.10009999999997,0.0,37857,<entities.dtn.DTN object at 0x118103460>,<entities.processor.Processor object at 0x118103df0>
134.10009999999997,0.0,37857,<entities.dtn.DTN object at 0x118103460>,<entities.processor.Processor object at 0x118103df0>
135.10009999999997,0.0,37857,<entities.dtn.DTN object at 0x118103460>,<entities.processor.Processor object at 0x118103df0>
136.10009999999997,0.0,37857,<entities.dtn.DTN object at 0x118103460>,<entities.processor.Processor object at 0x118103df0>
137.10009999999997,0.0,37857,<entities.dtn.DTN object at 0x118103460>,<entities.processor.Processor object at 0x118103df0>
138.10009999999997,0.0,37857,<entities.dtn.DTN object at 0x118103460>,<entities.processor.Processor object at 0x118103df0>
139.10009999999997,0.0,37857,<entities.dtn.DTN object at 0x118103460>,<entities.processor.Processor object at 0x118103df0>
140.10009999999997,0.0,37857,<entities.dtn.DTN object at 0x118103460>,<entities.processor.Processor object at 0x118103df0>
141.10009999999997,0.0,37857,<entities.dtn.DTN object at 0x118103460>,<entities.processor.Processor object at 0x118103df0>
142.10009999999997,0.0,37857,<entities.dtn.DTN object at 0x118103460>,<entities.processor.Processor object at 0x118103df0>
143.10009999999997,0.0,37857,<entities.dtn.DTN object at 0x118103460>,<entities.processor.Processor object at 0x118103df0>
144.10009999999997,0.0,37857,<entities.dtn.DTN object at 0x118103460>,<entities.processor.Processor object at 0x118103df0>
145.10009999999997,0.0,37857,<entities.dtn.DTN object at 0x118103460>,<entities.processor.Processor object at 0x118103df0>
146.10009999999997,0.0,37857,<entities.dtn.DTN object at 0x118103460>,<entities.processor.Processor object at 0x118103df0>
147.10009999999997,0.0,37857,<entities.dtn.DTN object at 0x118103460>,<entities.processor.Processor object at 0x118103df0>
148.10009999999997,0.0,37857,<entities.dtn.DTN object at 0x118103460>,<entities.processor.Processor object at 0x118103df0>
149.10009999999997,0.0,37857,<entities.dtn.DTN object at 0x118103460>,<entities.processor.Processor object at 0x118103df0>
150.10009999999997,0.0,37857,<entities.dtn.DTN object at 0x118103460>,<entities.processor.Processor object at 0x118103df0>
151.10009999999997,0.0,37857,<entities.dtn.DTN object at 0x118103460>,<entities.processor.Processor object at 0x118103df0>
152.10009999999997,0.0,37857,<entities.dtn.DTN object at 0x118103460>,<entities.processor.Processor object at 0x118103df0>
153.10009999999997,0.0,37857,<entities.dtn.DTN object at 0x118103460>,<entities.processor.Processor object at 0x118103df0>
154.10009999999997,0.0,37857,<entities.dtn.DTN object at 0x118103460>,<entities.processor.Processor object at 0x118103df0>
155.10009999999997,0.0,37857,<entities.dtn.DTN object at 0x118103460>,<entities.processor.Processor object at 0x118103df0>
156.10009999999997,0.0,37857,<entities.dtn.DTN object at 0x118103460>,<entities.processor.Processor object at 0x118103df0>
157.10009999999997,0.0,37857,<entities.dtn.DTN object at 0x118103460>,<entities.processor.Processor object at 0x118103df0>
158.10009999999997,0.0,37857,<entities.dtn.DTN object at 0x118103460>,<entities.processor.Processor object at 0x118103df0>
159.10009999999997,0.0,37857,<entities.dtn.DTN object at 0x118103460>,<entities.processor.Processor object at 0x118103df0>
160.10009999999997,0.0,37857,<entities.dtn.DTN object at 0x118103460>,<entities.processor.Processor object at 0x118103df0>
161.10009999999997,0.0,37857,<entities.dtn.DTN object at 0x118103460>,<entities.processor.Processor object at 0x118103df0>
162.10009999999997,0.0,37857,<entities.dtn.DTN object at 0x118103460>,<entities.processor.Processor object at 0x118103df0>
163.10009999999997,0.0,37857,<entities.dtn.DTN object at 0x118103460>,<entities.processor.Processor object at 0x118103df0>
164.10009999999997,0.0,37857,<entities.dtn.DTN object at 0x118103460>,<entities.processor.Processor object at 0x118103df0>
165.10009999999997,0.0,37857,<entities.dtn.DTN object at 0x118103460>,<entities.processor.Processor object at 0x118103df0>
166.10009999999997,0.0,37857,<entities.dtn.DTN object at 0x118103460>,<entities.processor.Processor object at 0x118103df0>
167.10009999999997,0.0,37857,<entities.dtn.DTN object at 0x118103460>,<entities.processor.Processor object at 0x118103df0>
168.10009999999997,0.0,37857,<entities.dtn.DTN object at 0x118103460>,<entities.processor.Processor object at 0x118103df0>
169.10009999999997,0.0,37857,<entities.dtn.DTN object at 0x118103460>,<entities.processor.Processor object at 0x118103df0>
170.10009999999997,0.0,37857,<entities.dtn.DTN object at 0x118103460>,<entities.processor.Processor object at 0x118103df0>
171.10009999999997,0.0,37857,<entities.dtn.DTN object at 0x118103460>,<entities.processor.Processor object at 0x118103df0>
172.10009999999997,0.0,37857,<entities.dtn.DTN object at 0x118103460>,<entities.processor.Processor object at 0x118103df0>
173.10009999999997,0.0,37857,<entities.dtn.DTN object at 0x118103460>,<entities.processor.Processor object at 0x118103df0>
174.10009999999997,0.0,37857,<entities.dtn.DTN object at 0x118103460>,<entities.processor.Processor object at 0x118103df0>
175.10009999999997,0.0,37857,<entities.dtn.DTN object at 0x118103460>,<entities.processor.Processor object at 0x118103df0>
176.10009999999997,0.0,37857,<entities.dtn.DTN object at 0x118103460>,<entities.processor.Processor object at 0x118103df0>
177.10009999999997,0.0,37857,<entities.dtn.DTN object at 0x118103460>,<entities.processor.Processor object at 0x118103df0>
178.10009999999997,0.0,37857,<entities.dtn.DTN object at 0x118103460>,<entities.processor.Processor object at 0x118103df0>
179.10009999999997,0.0,37857,<entities.dtn.DTN object at 0x118103460>,<entities.processor.Processor object at 0x118103df0>
180.10009999999997,0.0,37857,<entities.dtn.DTN object at 0x118103460>,<entities.processor.Processor object at 0x118103df0>
181.10009999999997,0.0,37857,<entities.dtn.DTN object at 0x118103460>,<entities.processor.Processor object at 0x118103df0>
182.10009999999997,0.0,37857,<entities.dtn.DTN object at 0x118103460>,<entities.processor.Processor object at 0x118103df0>
183.10009999999997,0.0,37857,<entities.dtn.DTN object at 0x118103460>,<entities.processor.Processor object at 0x118103df0>
184.10009999999997,0.0,37857,<entities.dtn.DTN object at 0x118103460>,<entities.processor.Processor object at 0x118103df0>
185.10009999999997,0.0,37857,<entities.dtn.DTN object at 0x118103460>,<entities.processor.Processor object at 0x118103df0>
186.10009999999997,0.0,37857,<entities.dtn.DTN object at 0x118103460>,<entities.processor.Processor object at 0x118103df0>
187.10009999999997,0.0,37857,<entities.dtn.DTN object at 0x118103460>,<entities.processor.Processor object at 0x118103df0>
188.10009999999997,0.0,37857,<entities.dtn.DTN object at 0x118103460>,<entities.processor.Processor object at 0x118103df0>
189.10009999999997,0.0,37857,<entities.dtn.DTN object at 0x118103460>,<entities.processor.Processor object at 0x118103df0>
190.10009999999997,0.0,37857,<entities.dtn.DTN object at 0x118103460>,<entities.processor.Processor object at 0x118103df0>
191.10009999999997,0.0,37857,<entities.dtn.DTN object at 0x118103460>,<entities.processor.Processor object at 0x118103df0>
192.10009999999997,0.0,37857,<entities.dtn.DTN object at 0x118103460>,<entities.processor.Processor object at 0x118103df0>
193.10009999999997,0.0,37857,<entities.dtn.DTN object at 0x118103460>,<entities.processor.Processor object at 0x118103df0>
194.10009999999997,0.0,37857,<entities.dtn.DTN object at 0x118103460>,<entities.processor.Processor object at 0x118103df0>
195.10009999999997,0.0,37857,<entities.dtn.DTN object at 0x118103460>,<entities.processor.Processor object at 0x118103df0>
196.10009999999997,0.0,37857,<entities.dtn.DTN object at 0x118103460>,<entities.processor.Processor object at 0x118103df0>
197.10009999999997,0.0,37857,<entities.dtn.DTN object at 0x118103460>,<entities.processor.Processor object at 0x118103df0>
198.10009999999997,0.0,37857,<entities.dtn.DTN object at 0x118103460>,<entities.processor.Processor object at 0x118103df0>
199.10009999999997,0.0,37857,<entities.dtn.DTN object at 0x118103460>,<entities.processor.Processor object at 0x118103df0>
15.0,0.0,34451,<entities.processor.Processor object at 0x11810c0a0>,<entities.dtn.DTN object at 0x118103460>
15.000359999999967,0.0,23039,<entities.dtn.DTN object at 0x118103460>,<entities.processor.Processor object at 0x11810c0a0>
16.000359999999965,0.0,23039,<entities.dtn.DTN object at 0x118103460>,<entities.processor.Processor object at 0x11810c0a0>
17.000359999999965,0.0,23039,<entities.dtn.DTN object at 0x118103460>,<entities.processor.Processor object at 0x11810c0a0>
18.000359999999965,0.0,23039,<entities.dtn.DTN object at 0x118103460>,<entities.processor.Processor object at 0x11810c0a0>
19.000359999999965,0.0,23039,<entities.dtn.DTN object at 0x118103460>,<entities.processor.Processor object at 0x11810c0a0>
20.000359999999965,0.0,23039,<entities.dtn.DTN object at 0x118103460>,<entities.processor.Processor object at 0x11810c0a0>
21.000359999999965,0.0,23039,<entities.dtn.DTN object at 0x118103460>,<entities.processor.Processor object at 0x11810c0a0>
22.000359999999965,0.0,23039,<entities.dtn.DTN object at 0x118103460>,<entities.processor.Processor object at 0x11810c0a0>
23.000359999999965,0.0,23039,<entities.dtn.DTN object at 0x118103460>,<entities.processor.Processor object at 0x11810c0a0>
24.000359999999965,0.0,23039,<entities.dtn.DTN object at 0x118103460>,<entities.processor.Processor object at 0x11810c0a0>
25.000359999999965,0.0,23039,<entities.dtn.DTN object at 0x118103460>,<entities.processor.Processor object at 0x11810c0a0>
26.000359999999965,0.0,23039,<entities.dtn.DTN object at 0x118103460>,<entities.processor.Processor object at 0x11810c0a0>
27.000359999999965,0.0,23039,<entities.dtn.DTN object at 0x118103460>,<entities.processor.Processor object at 0x11810c0a0>
28.000359999999965,0.0,23039,<entities.dtn.DTN object at 0x118103460>,<entities.processor.Processor object at 0x11810c0a0>
29.000359999999965,0.0,23039,<entities.dtn.DTN object at 0x118103460>,<entities.processor.Processor object at 0x11810c0a0>
30.000359999999965,0.0,23039,<entities.dtn.DTN object at 0x118103460>,<entities.processor.Processor object at 0x11810c0a0>
31.000359999999965,0.0,23039,<entities.dtn.DTN object at 0x118103460>,<entities.processor.Processor object at 0x11810c0a0>
32.000359999999965,0.0,23039,<entities.dtn.DTN object at 0x118103460>,<entities.processor.Processor object at 0x11810c0a0>
33.000359999999965,0.0,23039,<entities.dtn.DTN object at 0x118103460>,<entities.processor.Processor object at 0x11810c0a0>
34.000359999999965,0.0,23039,<entities.dtn.DTN object at 0x118103460>,<entities.processor.Processor object at 0x11810c0a0>
35.000359999999965,0.0,23039,<entities.dtn.DTN object at 0x118103460>,<entities.processor.Processor object at 0x11810c0a0>
36.000359999999965,0.0,23039,<entities.dtn.DTN object at 0x118103460>,<entities.processor.Processor object at 0x11810c0a0>
37.000359999999965,0.0,23039,<entities.dtn.DTN object at 0x118103460>,<entities.processor.Processor object at 0x11810c0a0>
38.000359999999965,0.0,23039,<entities.dtn.DTN object at 0x118103460>,<entities.processor.Processor object at 0x11810c0a0>
39.000359999999965,0.0,23039,<entities.dtn.DTN object at 0x118103460>,<entities.processor.Processor object at 0x11810c0a0>
40.000359999999965,0.0,23039,<entities.dtn.DTN object at 0x118103460>,<entities.processor.Processor object at 0x11810c0a0>
41.000359999999965,0.0,23039,<entities.dtn.DTN object at 0x118103460>,<entities.processor.Processor object at 0x11810c0a0>
42.000359999999965,0.0,23039,<entities.dtn.DTN object at 0x118103460>,<entities.processor.Processor object at 0x11810c0a0>
43.000359999999965,0.0,23039,<entities.dtn.DTN object at 0x118103460>,<entities.processor.Processor object at 0x11810c0a0>
44.000359999999965,0.0,23039,<entities.dtn.DTN object at 0x118103460>,<entities.processor.Processor object at 0x11810c0a0>
45.000359999999965,0.0,23039,<entities.dtn.DTN object at 0x118103460>,<entities.processor.Processor object at 0x11810c0a0>
46.000359999999965,0.0,23039,<entities.dtn.DTN object at 0x118103460>,<entities.processor.Processor object at 0x11810c0a0>
47.000359999999965,0.0,23039,<entities.dtn.DTN object at 0x118103460>,<entities.processor.Processor object at 0x11810c0a0>
48.000359999999965,0.0,23039,<entities.dtn.DTN object at 0x118103460>,<entities.processor.Processor object at 0x11810c0a0>
49.000359999999965,0.0,23039,<entities.dtn.DTN object at 0x118103460>,<entities.processor.Processor object at 0x11810c0a0>
50.000359999999965,0.0,23039,<entities.dtn.DTN object at 0x118103460>,<entities.processor.Processor object at 0x11810c0a0>
51.000359999999965,0.0,23039,<entities.dtn.DTN object at 0x118103460>,<entities.processor.Processor object at 0x11810c0a0>
52.000359999999965,0.0,23039,<entities.dtn.DTN object at 0x118103460>,<entities.processor.Processor object at 0x11810c0a0>
53.000359999999965,0.0,23039,<entities.dtn.DTN object at 0x118103460>,<entities.processor.Processor object at 0x11810c0a0>
54.000359999999965,0.0,23039,<entities.dtn.DTN object at 0x118103460>,<entities.processor.Processor object at 0x11810c0a0>
55.000359999999965,0.0,23039,<entities.dtn.DTN object at 0x118103460>,<entities.processor.Processor object at 0x11810c0a0>
56.000359999999965,0.0,23039,<entities.dtn.DTN object at 0x118103460>,<entities.processor.Processor object at 0x11810c0a0>
57.000359999999965,0.0,23039,<entities.dtn.DTN object at 0x118103460>,<entities.processor.Processor object at 0x11810c0a0>
58.000359999999965,0.0,23039,<entities.dtn.DTN object at 0x118103460>,<entities.processor.Processor object at 0x11810c0a0>
59.000359999999965,0.0,23039,<entities.dtn.DTN object at 0x118103460>,<entities.processor.Processor object at 0x11810c0a0>
60.000359999999965,0.0,23039,<entities.dtn.DTN object at 0x118103460>,<entities.processor.Processor object at 0x11810c0a0>
61.000359999999965,0.0,23039,<entities.dtn.DTN object at 0x118103460>,<entities.processor.Processor object at 0x11810c0a0>
62.000359999999965,0.0,23039,<entities.dtn.DTN object at 0x118103460>,<entities.processor.Processor object at 0x11810c0a0>
63.000359999999965,0.0,23039,<entities.dtn.DTN object at 0x118103460>,<entities.processor.Processor object at 0x11810c0a0>
64.00035999999997,0.0,23039,<entities.dtn.DTN object at 0x118103460>,<entities.processor.Processor object at 0x11810c0a0>
65.00035999999997,0.0,23039,<entities.dtn.DTN object at 0x118103460>,<entities.processor.Processor object at 0x11810c0a0>
66.00035999999997,0.0,23039,<entities.dtn.DTN object at 0x118103460>,<entities.processor.Processor object at 0x11810c0a0>
67.00035999999997,0.0,23039,<entities.dtn.DTN object at 0x118103460>,<entities.processor.Processor object at 0x11810c0a0>
68.00035999999997,0.0,23039,<entities.dtn.DTN object at 0x118103460>,<entities.processor.Processor object at 0x11810c0a0>
69.00035999999997,0.0,23039,<entities.dtn.DTN object at 0x118103460>,<entities.processor.Processor object at 0x11810c0a0>
70.00035999999997,0.0,23039,<entities.dtn.DTN object at 0x118103460>,<entities.processor.Processor object at 0x11810c0a0>
71.00035999999997,0.0,23039,<entities.dtn.DTN object at 0x118103460>,<entities.processor.Processor object at 0x11810c0a0>
72.00035999999997,0.0,23039,<entities.dtn.DTN object at 0x118103460>,<entities.processor.Processor object at 0x11810c0a0>
73.00035999999997,0.0,23039,<entities.dtn.DTN object at 0x118103460>,<entities.processor.Processor object at 0x11810c0a0>
74.00035999999997,0.0,23039,<entities.dtn.DTN object at 0x118103460>,<entities.processor.Processor object at 0x11810c0a0>
75.00035999999997,0.0,23039,<entities.dtn.DTN object at 0x118103460>,<entities.processor.Processor object at 0x11810c0a0>
76.00035999999997,0.0,23039,<entities.dtn.DTN object at 0x118103460>,<entities.processor.Processor object at 0x11810c0a0>
77.00035999999997,0.0,23039,<entities.dtn.DTN object at 0x118103460>,<entities.processor.Processor object at 0x11810c0a0>
78.00035999999997,0.0,23039,<entities.dtn.DTN object at 0x118103460>,<entities.processor.Processor object at 0x11810c0a0>
79.00035999999997,0.0,23039,<entities.dtn.DTN object at 0x118103460>,<entities.processor.Processor object at 0x11810c0a0>
80.00035999999997,0.0,23039,<entities.dtn.DTN object at 0x118103460>,<entities.processor.Processor object at 0x11810c0a0>
81.00035999999997,0.0,23039,<entities.dtn.DTN object at 0x118103460>,<entities.processor.Processor object at 0x11810c0a0>
82.00035999999997,0.0,23039,<entities.dtn.DTN object at 0x118103460>,<entities.processor.Processor object at 0x11810c0a0>
83.00035999999997,0.0,23039,<entities.dtn.DTN object at 0x118103460>,<entities.processor.Processor object at 0x11810c0a0>
84.00035999999997,0.0,23039,<entities.dtn.DTN object at 0x118103460>,<entities.processor.Processor object at 0x11810c0a0>
85.00035999999997,0.0,23039,<entities.dtn.DTN object at 0x118103460>,<entities.processor.Processor object at 0x11810c0a0>
86.00035999999997,0.0,23039,<entities.dtn.DTN object at 0x118103460>,<entities.processor.Processor object at 0x11810c0a0>
87.00035999999997,0.0,23039,<entities.dtn.DTN object at 0x118103460>,<entities.processor.Processor object at 0x11810c0a0>
88.00035999999997,0.0,23039,<entities.dtn.DTN object at 0x118103460>,<entities.processor.Processor object at 0x11810c0a0>
89.00035999999997,0.0,23039,<entities.dtn.DTN object at 0x118103460>,<entities.processor.Processor object at 0x11810c0a0>
90.00035999999997,0.0,23039,<entities.dtn.DTN object at 0x118103460>,<entities.processor.Processor object at 0x11810c0a0>
91.00035999999997,0.0,23039,<entities.dtn.DTN object at 0x118103460>,<entities.processor.Processor object at 0x11810c0a0>
92.00035999999997,0.0,23039,<entities.dtn.DTN object at 0x118103460>,<entities.processor.Processor object at 0x11810c0a0>
93.00035999999997,0.0,23039,<entities.dtn.DTN object at 0x118103460>,<entities.processor.Processor object at 0x11810c0a0>
94.00035999999997,0.0,23039,<entities.dtn.DTN object at 0x118103460>,<entities.processor.Processor object at 0x11810c0a0>
95.00035999999997,0.0,23039,<entities.dtn.DTN object at 0x118103460>,<entities.processor.Processor object at 0x11810c0a0>
96.00035999999997,0.0,23039,<entities.dtn.DTN object at 0x118103460>,<entities.processor.Processor object at 0x11810c0a0>
97.00035999999997,0.0,23039,<entities.dtn.DTN object at 0x118103460>,<entities.processor.Processor object at 0x11810c0a0>
98.00035999999997,0.0,23039,<entities.dtn.DTN object at 0x118103460>,<entities.processor.Processor object at 0x11810c0a0>
99.00035999999997,0.0,23039,<entities.dtn.DTN object at 0x118103460>,<entities.processor.Processor object at 0x11810c0a0>
100.00035999999997,0.0,23039,<entities.dtn.DTN object at 0x118103460>,<entities.processor.Processor object at 0x11810c0a0>
101.00035999999997,0.0,23039,<entities.dtn.DTN object at 0x118103460>,<entities.processor.Processor object at 0x11810c0a0>
102.00035999999997,0.0,23039,<entities.dtn.DTN object at 0x118103460>,<entities.processor.Processor object at 0x11810c0a0>
103.00035999999997,0.0,23039,<entities.dtn.DTN object at 0x118103460>,<entities.processor.Processor object at 0x11810c0a0>
104.00035999999997,0.0,23039,<entities.dtn.DTN object at 0x118103460>,<entities.processor.Processor object at 0x11810c0a0>
105.00035999999997,0.0,23039,<entities.dtn.DTN object at 0x118103460>,<entities.processor.Processor object at 0x11810c0a0>
106.00035999999997,0.0,23039,<entities.dtn.DTN object at 0x118103460>,<entities.processor.Processor object at 0x11810c0a0>
107.00035999999997,0.0,23039,<entities.dtn.DTN object at 0x118103460>,<entities.processor.Processor object at 0x11810c0a0>
108.00035999999997,0.0,23039,<entities.dtn.DTN object at 0x118103460>,<entities.processor.Processor object at 0x11810c0a0>
109.00035999999997,0.0,23039,<entities.dtn.DTN object at 0x118103460>,<entities.processor.Processor object at 0x11810c0a0>
110.00035999999997,0.0,23039,<entities.dtn.DTN object at 0x118103460>,<entities.processor.Processor object at 0x11810c0a0>
111.00035999999997,0.0,23039,<entities.dtn.DTN object at 0x118103460>,<entities.processor.Processor object at 0x11810c0a0>
112.00035999999997,0.0,23039,<entities.dtn.DTN object at 0x118103460>,<entities.processor.Processor object at 0x11810c0a0>
113.00035999999997,0.0,23039,<entities.dtn.DTN object at 0x118103460>,<entities.processor.Processor object at 0x11810c0a0>
114.00035999999997,0.0,23039,<entities.dtn.DTN object at 0x118103460>,<entities.processor.Processor object at 0x11810c0a0>
115.00035999999997,0.0,23039,<entities.dtn.DTN object at 0x118103460>,<entities.processor.Processor object at 0x11810c0a0>
116.00035999999997,0.0,23039,<entities.dtn.DTN object at 0x118103460>,<entities.processor.Processor object at 0x11810c0a0>
117.00035999999997,0.0,23039,<entities.dtn.DTN object at 0x118103460>,<entities.processor.Processor object at 0x11810c0a0>
118.00035999999997,0.0,23039,<entities.dtn.DTN object at 0x118103460>,<entities.processor.Processor object at 0x11810c0a0>
119.00035999999997,0.0,23039,<entities.dtn.DTN object at 0x118103460>,<entities.processor.Processor object at 0x11810c0a0>
120.00035999999997,0.0,23039,<entities.dtn.DTN object at 0x118103460>,<entities.processor.Processor object at 0x11810c0a0>
121.00035999999997,0.0,23039,<entities.dtn.DTN object at 0x118103460>,<entities.processor.Processor object at 0x11810c0a0>
122.00035999999997,0.0,23039,<entities.dtn.DTN object at 0x118103460>,<entities.processor.Processor object at 0x11810c0a0>
123.00035999999997,0.0,23039,<entities.dtn.DTN object at 0x118103460>,<entities.processor.Processor object at 0x11810c0a0>
124.00035999999997,0.0,23039,<entities.dtn.DTN object at 0x118103460>,<entities.processor.Processor object at 0x11810c0a0>
125.00035999999997,0.0,23039,<entities.dtn.DTN object at 0x118103460>,<entities.processor.Processor object at 0x11810c0a0>
126.00035999999997,0.0,23039,<entities.dtn.DTN object at 0x118103460>,<entities.processor.Processor object at 0x11810c0a0>
127.00035999999997,0.0,23039,<entities.dtn.DTN object at 0x118103460>,<entities.processor.Processor object at 0x11810c0a0>
128.00035999999997,0.0,23039,<entities.dtn.DTN object at 0x118103460>,<entities.processor.Processor object at 0x11810c0a0>
129.00035999999997,0.0,23039,<entities.dtn.DTN object at 0x118103460>,<entities.processor.Processor object at 0x11810c0a0>
130.00035999999997,0.0,23039,<entities.dtn.DTN object at 0x118103460>,<entities.processor.Processor object at 0x11810c0a0>
131.00035999999997,0.0,23039,<entities.dtn.DTN object at 0x118103460>,<entities.processor.Processor object at 0x11810c0a0>
132.00035999999997,0.0,23039,<entities.dtn.DTN object at 0x118103460>,<entities.processor.Processor object at 0x11810c0a0>
133.00035999999997,0.0,23039,<entities.dtn.DTN object at 0x118103460>,<entities.processor.Processor object at 0x11810c0a0>
134.00035999999997,0.0,23039,<entities.dtn.DTN object at 0x118103460>,<entities.processor.Processor object at 0x11810c0a0>
135.00035999999997,0.0,23039,<entities.dtn.DTN object at 0x118103460>,<entities.processor.Processor object at 0x11810c0a0>
136.00035999999997,0.0,23039,<entities.dtn.DTN object at 0x118103460>,<entities.processor.Processor object at 0x11810c0a0>
137.00035999999997,0.0,23039,<entities.dtn.DTN object at 0x118103460>,<entities.processor.Processor object at 0x11810c0a0>
138.00035999999997,0.0,23039,<entities.dtn.DTN object at 0x118103460>,<entities.processor.Processor object at 0x11810c0a0>
139.00035999999997,0.0,23039,<entities.dtn.DTN object at 0x118103460>,<entities.processor.Processor object at 0x11810c0a0>
140.00035999999997,0.0,23039,<entities.dtn.DTN object at 0x118103460>,<entities.processor.Processor object at 0x11810c0a0>
141.00035999999997,0.0,23039,<entities.dtn.DTN object at 0x118103460>,<entities.processor.Processor object at 0x11810c0a0>
142.00035999999997,0.0,23039,<entities.dtn.DTN object at 0x118103460>,<entities.processor.Processor object at 0x11810c0a0>
143.00035999999997,0.0,23039,<entities.dtn.DTN object at 0x118103460>,<entities.processor.Processor object at 0x11810c0a0>
144.00035999999997,0.0,23039,<entities.dtn.DTN object at 0x118103460>,<entities.processor.Processor object at 0x11810c0a0>
145.00035999999997,0.0,23039,<entities.dtn.DTN object at 0x118103460>,<entities.processor.Processor object at 0x11810c0a0>
146.00035999999997,0.0,23039,<entities.dtn.DTN object at 0x118103460>,<entities.processor.Processor object at 0x11810c0a0>
147.00035999999997,0.0,23039,<entities.dtn.DTN object at 0x118103460>,<entities.processor.Processor object at 0x11810c0a0>
148.00035999999997,0.0,23039,<entities.dtn.DTN object at 0x118103460>,<entities.processor.Processor object at 0x11810c0a0>
149.00035999999997,0.0,23039,<entities.dtn.DTN object at 0x118103460>,<entities.processor.Processor object at 0x11810c0a0>
150.00035999999997,0.0,23039,<entities.dtn.DTN object at 0x118103460>,<entities.processor.Processor object at 0x11810c0a0>
151.00035999999997,0.0,23039,<entities.dtn.DTN object at 0x118103460>,<entities.processor.Processor object at 0x11810c0a0>
152.00035999999997,0.0,23039,<entities.dtn.DTN object at 0x118103460>,<entities.processor.Processor object at 0x11810c0a0>
153.00035999999997,0.0,23039,<entities.dtn.DTN object at 0x118103460>,<entities.processor.Processor object at 0x11810c0a0>
154.00035999999997,0.0,23039,<entities.dtn.DTN object at 0x118103460>,<entities.processor.Processor object at 0x11810c0a0>
155.00035999999997,0.0,23039,<entities.dtn.DTN object at 0x118103460>,<entities.processor.Processor object at 0x11810c0a0>
156.00035999999997,0.0,23039,<entities.dtn.DTN object at 0x118103460>,<entities.processor.Processor object at 0x11810c0a0>
157.00035999999997,0.0,23039,<entities.dtn.DTN object at 0x118103460>,<entities.processor.Processor object at 0x11810c0a0>
158.00035999999997,0.0,23039,<entities.dtn.DTN object at 0x118103460>,<entities.processor.Processor object at 0x11810c0a0>
159.00035999999997,0.0,23039,<entities.dtn.DTN object at 0x118103460>,<entities.processor.Processor object at 0x11810c0a0>
160.00035999999997,0.0,23039,<entities.dtn.DTN object at 0x118103460>,<entities.processor.Processor object at 0x11810c0a0>
161.00035999999997,0.0,23039,<entities.dtn.DTN object at 0x118103460>,<entities.processor.Processor object at 0x11810c0a0>
162.00035999999997,0.0,23039,<entities.dtn.DTN object at 0x118103460>,<entities.processor.Processor object at 0x11810c0a0>
163.00035999999997,0.0,23039,<entities.dtn.DTN object at 0x118103460>,<entities.processor.Processor object at 0x11810c0a0>
164.00035999999997,0.0,23039,<entities.dtn.DTN object at 0x118103460>,<entities.processor.Processor object at 0x11810c0a0>
165.00035999999997,0.0,23039,<entities.dtn.DTN object at 0x118103460>,<entities.processor.Processor object at 0x11810c0a0>
166.00035999999997,0.0,23039,<entities.dtn.DTN object at 0x118103460>,<entities.processor.Processor object at 0x11810c0a0>
167.00035999999997,0.0,23039,<entities.dtn.DTN object at 0x118103460>,<entities.processor.Processor object at 0x11810c0a0>
168.00035999999997,0.0,23039,<entities.dtn.DTN object at 0x118103460>,<entities.processor.Processor object at 0x11810c0a0>
169.00035999999997,0.0,23039,<entities.dtn.DTN object at 0x118103460>,<entities.processor.Processor object at 0x11810c0a0>
170.00035999999997,0.0,23039,<entities.dtn.DTN object at 0x118103460>,<entities.processor.Processor object at 0x11810c0a0>
171.00035999999997,0.0,23039,<entities.dtn.DTN object at 0x118103460>,<entities.processor.Processor object at 0x11810c0a0>
172.00035999999997,0.0,23039,<entities.dtn.DTN object at 0x118103460>,<entities.processor.Processor object at 0x11810c0a0>
173.00035999999997,0.0,23039,<entities.dtn.DTN object at 0x118103460>,<entities.processor.Processor object at 0x11810c0a0>
174.00035999999997,0.0,23039,<entities.dtn.DTN object at 0x118103460>,<entities.processor.Processor object at 0x11810c0a0>
175.00035999999997,0.0,23039,<entities.dtn.DTN object at 0x118103460>,<entities.processor.Processor object at 0x11810c0a0>
176.00035999999997,0.0,23039,<entities.dtn.DTN object at 0x118103460>,<entities.processor.Processor object at 0x11810c0a0>
177.00035999999997,0.0,23039,<entities.dtn.DTN object at 0x118103460>,<entities.processor.Processor object at 0x11810c0a0>
178.00035999999997,0.0,23039,<entities.dtn.DTN object at 0x118103460>,<entities.processor.Processor object at 0x11810c0a0>
179.00035999999997,0.0,23039,<entities.dtn.DTN object at 0x118103460>,<entities.processor.Processor object at 0x11810c0a0>
180.00035999999997,0.0,23039,<entities.dtn.DTN object at 0x118103460>,<entities.processor.Processor object at 0x11810c0a0>
181.00035999999997,0.0,23039,<entities.dtn.DTN object at 0x118103460>,<entities.processor.Processor object at 0x11810c0a0>
182.00035999999997,0.0,23039,<entities.dtn.DTN object at 0x118103460>,<entities.processor.Processor object at 0x11810c0a0>
183.00035999999997,0.0,23039,<entities.dtn.DTN object at 0x118103460>,<entities.processor.Processor object at 0x11810c0a0>
184.00035999999997,0.0,23039,<entities.dtn.DTN object at 0x118103460>,<entities.processor.Processor object at 0x11810c0a0>
185.00035999999997,0.0,23039,<entities.dtn.DTN object at 0x118103460>,<entities.processor.Processor object at 0x11810c0a0>
186.00035999999997,0.0,23039,<entities.dtn.DTN object at 0x118103460>,<entities.processor.Processor object at 0x11810c0a0>
187.00035999999997,0.0,23039,<entities.dtn.DTN object at 0x118103460>,<entities.processor.Processor object at 0x11810c0a0>
188.00035999999997,0.0,23039,<entities.dtn.DTN object at 0x118103460>,<entities.processor.Processor object at 0x11810c0a0>
189.00035999999997,0.0,23039,<entities.dtn.DTN object at 0x118103460>,<entities.processor.Processor object at 0x11810c0a0>
190.00035999999997,0.0,23039,<entities.dtn.DTN object at 0x118103460>,<entities.processor.Processor object at 0x11810c0a0>
191.00035999999997,0.0,23039,<entities.dtn.DTN object at 0x118103460>,<entities.processor.Processor object at 0x11810c0a0>
192.00035999999997,0.0,23039,<entities.dtn.DTN object at 0x118103460>,<entities.processor.Processor object at 0x11810c0a0>
193.00035999999997,0.0,23039,<entities.dtn.DTN object at 0x118103460>,<entities.processor.Processor object at 0x11810c0a0>
194.00035999999997,0.0,23039,<entities.dtn.DTN object at 0x118103460>,<entities.processor.Processor object at 0x11810c0a0>
195.00035999999997,0.0,23039,<entities.dtn.DTN object at 0x118103460>,<entities.processor.Processor object at 0x11810c0a0>
196.00035999999997,0.0,23039,<entities.dtn.DTN object at 0x118103460>,<entities.processor.Processor object at 0x11810c0a0>
197.00035999999997,0.0,23039,<entities.dtn.DTN object at 0x118103460>,<entities.processor.Processor object at 0x11810c0a0>
198.00035999999997,0.0,23039,<entities.dtn.DTN object at 0x118103460>,<entities.processor.Processor object at 0x11810c0a0>
199.00035999999997,0.0,23039,<entities.dtn.DTN object at 0x118103460>,<entities.processor.Processor object at 0x11810c0a0>
16.15332630009855,0.0,60598,<entities.processor.Processor object at 0x11810c820>,<entities.dtn.DTN object at 0x118103460>
16.5,0.0,25646,<entities.processor.Processor object at 0x118103c40>,<entities.dtn.DTN object at 0x118103460>
16.821474999999992,0.0,28405,<entities.dtn.DTN object at 0x118103460>,<entities.processor.Processor object at 0x11810c670>
17.821474999999992,0.0,28405,<entities.dtn.DTN object at 0x118103460>,<entities.processor.Processor object at 0x11810c670>
18.821474999999992,0.0,28405,<entities.dtn.DTN object at 0x118103460>,<entities.processor.Processor object at 0x11810c670>
19.821474999999992,0.0,28405,<entities.dtn.DTN object at 0x118103460>,<entities.processor.Processor object at 0x11810c670>
20.821474999999992,0.0,28405,<entities.dtn.DTN object at 0x118103460>,<entities.processor.Processor object at 0x11810c670>
21.821474999999992,0.0,28405,<entities.dtn.DTN object at 0x118103460>,<entities.processor.Processor object at 0x11810c670>
22.821474999999992,0.0,28405,<entities.dtn.DTN object at 0x118103460>,<entities.processor.Processor object at 0x11810c670>
23.821474999999992,0.0,28405,<entities.dtn.DTN object at 0x118103460>,<entities.processor.Processor object at 0x11810c670>
24.821474999999992,0.0,28405,<entities.dtn.DTN object at 0x118103460>,<entities.processor.Processor object at 0x11810c670>
25.821474999999992,0.0,28405,<entities.dtn.DTN object at 0x118103460>,<entities.processor.Processor object at 0x11810c670>
26.821474999999992,0.0,28405,<entities.dtn.DTN object at 0x118103460>,<entities.processor.Processor object at 0x11810c670>
27.821474999999992,0.0,28405,<entities.dtn.DTN object at 0x118103460>,<entities.processor.Processor object at 0x11810c670>
28.821474999999992,0.0,28405,<entities.dtn.DTN object at 0x118103460>,<entities.processor.Processor object at 0x11810c670>
29.821474999999992,0.0,28405,<entities.dtn.DTN object at 0x118103460>,<entities.processor.Processor object at 0x11810c670>
30.821474999999992,0.0,28405,<entities.dtn.DTN object at 0x118103460>,<entities.processor.Processor object at 0x11810c670>
31.821474999999992,0.0,28405,<entities.dtn.DTN object at 0x118103460>,<entities.processor.Processor object at 0x11810c670>
32.82147499999999,0.0,28405,<entities.dtn.DTN object at 0x118103460>,<entities.processor.Processor object at 0x11810c670>
33.82147499999999,0.0,28405,<entities.dtn.DTN object at 0x118103460>,<entities.processor.Processor object at 0x11810c670>
34.82147499999999,0.0,28405,<entities.dtn.DTN object at 0x118103460>,<entities.processor.Processor object at 0x11810c670>
35.82147499999999,0.0,28405,<entities.dtn.DTN object at 0x118103460>,<entities.processor.Processor object at 0x11810c670>
36.82147499999999,0.0,28405,<entities.dtn.DTN object at 0x118103460>,<entities.processor.Processor object at 0x11810c670>
37.82147499999999,0.0,28405,<entities.dtn.DTN object at 0x118103460>,<entities.processor.Processor object at 0x11810c670>
38.82147499999999,0.0,28405,<entities.dtn.DTN object at 0x118103460>,<entities.processor.Processor object at 0x11810c670>
39.82147499999999,0.0,28405,<entities.dtn.DTN object at 0x118103460>,<entities.processor.Processor object at 0x11810c670>
40.82147499999999,0.0,28405,<entities.dtn.DTN object at 0x118103460>,<entities.processor.Processor object at 0x11810c670>
41.82147499999999,0.0,28405,<entities.dtn.DTN object at 0x118103460>,<entities.processor.Processor object at 0x11810c670>
42.82147499999999,0.0,28405,<entities.dtn.DTN object at 0x118103460>,<entities.processor.Processor object at 0x11810c670>
43.82147499999999,0.0,28405,<entities.dtn.DTN object at 0x118103460>,<entities.processor.Processor object at 0x11810c670>
44.82147499999999,0.0,28405,<entities.dtn.DTN object at 0x118103460>,<entities.processor.Processor object at 0x11810c670>
45.82147499999999,0.0,28405,<entities.dtn.DTN object at 0x118103460>,<entities.processor.Processor object at 0x11810c670>
46.82147499999999,0.0,28405,<entities.dtn.DTN object at 0x118103460>,<entities.processor.Processor object at 0x11810c670>
47.82147499999999,0.0,28405,<entities.dtn.DTN object at 0x118103460>,<entities.processor.Processor object at 0x11810c670>
48.82147499999999,0.0,28405,<entities.dtn.DTN object at 0x118103460>,<entities.processor.Processor object at 0x11810c670>
49.82147499999999,0.0,28405,<entities.dtn.DTN object at 0x118103460>,<entities.processor.Processor object at 0x11810c670>
50.82147499999999,0.0,28405,<entities.dtn.DTN object at 0x118103460>,<entities.processor.Processor object at 0x11810c670>
51.82147499999999,0.0,28405,<entities.dtn.DTN object at 0x118103460>,<entities.processor.Processor object at 0x11810c670>
52.82147499999999,0.0,28405,<entities.dtn.DTN object at 0x118103460>,<entities.processor.Processor object at 0x11810c670>
53.82147499999999,0.0,28405,<entities.dtn.DTN object at 0x118103460>,<entities.processor.Processor object at 0x11810c670>
54.82147499999999,0.0,28405,<entities.dtn.DTN object at 0x118103460>,<entities.processor.Processor object at 0x11810c670>
55.82147499999999,0.0,28405,<entities.dtn.DTN object at 0x118103460>,<entities.processor.Processor object at 0x11810c670>
56.82147499999999,0.0,28405,<entities.dtn.DTN object at 0x118103460>,<entities.processor.Processor object at 0x11810c670>
57.82147499999999,0.0,28405,<entities.dtn.DTN object at 0x118103460>,<entities.processor.Processor object at 0x11810c670>
58.82147499999999,0.0,28405,<entities.dtn.DTN object at 0x118103460>,<entities.processor.Processor object at 0x11810c670>
59.82147499999999,0.0,28405,<entities.dtn.DTN object at 0x118103460>,<entities.processor.Processor object at 0x11810c670>
60.82147499999999,0.0,28405,<entities.dtn.DTN object at 0x118103460>,<entities.processor.Processor object at 0x11810c670>
61.82147499999999,0.0,28405,<entities.dtn.DTN object at 0x118103460>,<entities.processor.Processor object at 0x11810c670>
62.82147499999999,0.0,28405,<entities.dtn.DTN object at 0x118103460>,<entities.processor.Processor object at 0x11810c670>
63.82147499999999,0.0,28405,<entities.dtn.DTN object at 0x118103460>,<entities.processor.Processor object at 0x11810c670>
64.82147499999999,0.0,28405,<entities.dtn.DTN object at 0x118103460>,<entities.processor.Processor object at 0x11810c670>
65.82147499999999,0.0,28405,<entities.dtn.DTN object at 0x118103460>,<entities.processor.Processor object at 0x11810c670>
66.82147499999999,0.0,28405,<entities.dtn.DTN object at 0x118103460>,<entities.processor.Processor object at 0x11810c670>
67.82147499999999,0.0,28405,<entities.dtn.DTN object at 0x118103460>,<entities.processor.Processor object at 0x11810c670>
68.82147499999999,0.0,28405,<entities.dtn.DTN object at 0x118103460>,<entities.processor.Processor object at 0x11810c670>
69.82147499999999,0.0,28405,<entities.dtn.DTN object at 0x118103460>,<entities.processor.Processor object at 0x11810c670>
70.82147499999999,0.0,28405,<entities.dtn.DTN object at 0x118103460>,<entities.processor.Processor object at 0x11810c670>
71.82147499999999,0.0,28405,<entities.dtn.DTN object at 0x118103460>,<entities.processor.Processor object at 0x11810c670>
72.82147499999999,0.0,28405,<entities.dtn.DTN object at 0x118103460>,<entities.processor.Processor object at 0x11810c670>
73.82147499999999,0.0,28405,<entities.dtn.DTN object at 0x118103460>,<entities.processor.Processor object at 0x11810c670>
74.82147499999999,0.0,28405,<entities.dtn.DTN object at 0x118103460>,<entities.processor.Processor object at 0x11810c670>
75.82147499999999,0.0,28405,<entities.dtn.DTN object at 0x118103460>,<entities.processor.Processor object at 0x11810c670>
76.82147499999999,0.0,28405,<entities.dtn.DTN object at 0x118103460>,<entities.processor.Processor object at 0x11810c670>
77.82147499999999,0.0,28405,<entities.dtn.DTN object at 0x118103460>,<entities.processor.Processor object at 0x11810c670>
78.82147499999999,0.0,28405,<entities.dtn.DTN object at 0x118103460>,<entities.processor.Processor object at 0x11810c670>
79.82147499999999,0.0,28405,<entities.dtn.DTN object at 0x118103460>,<entities.processor.Processor object at 0x11810c670>
80.82147499999999,0.0,28405,<entities.dtn.DTN object at 0x118103460>,<entities.processor.Processor object at 0x11810c670>
81.82147499999999,0.0,28405,<entities.dtn.DTN object at 0x118103460>,<entities.processor.Processor object at 0x11810c670>
82.82147499999999,0.0,28405,<entities.dtn.DTN object at 0x118103460>,<entities.processor.Processor object at 0x11810c670>
83.82147499999999,0.0,28405,<entities.dtn.DTN object at 0x118103460>,<entities.processor.Processor object at 0x11810c670>
84.82147499999999,0.0,28405,<entities.dtn.DTN object at 0x118103460>,<entities.processor.Processor object at 0x11810c670>
85.82147499999999,0.0,28405,<entities.dtn.DTN object at 0x118103460>,<entities.processor.Processor object at 0x11810c670>
86.82147499999999,0.0,28405,<entities.dtn.DTN object at 0x118103460>,<entities.processor.Processor object at 0x11810c670>
87.82147499999999,0.0,28405,<entities.dtn.DTN object at 0x118103460>,<entities.processor.Processor object at 0x11810c670>
88.82147499999999,0.0,28405,<entities.dtn.DTN object at 0x118103460>,<entities.processor.Processor object at 0x11810c670>
89.82147499999999,0.0,28405,<entities.dtn.DTN object at 0x118103460>,<entities.processor.Processor object at 0x11810c670>
90.82147499999999,0.0,28405,<entities.dtn.DTN object at 0x118103460>,<entities.processor.Processor object at 0x11810c670>
91.82147499999999,0.0,28405,<entities.dtn.DTN object at 0x118103460>,<entities.processor.Processor object at 0x11810c670>
92.82147499999999,0.0,28405,<entities.dtn.DTN object at 0x118103460>,<entities.processor.Processor object at 0x11810c670>
93.82147499999999,0.0,28405,<entities.dtn.DTN object at 0x118103460>,<entities.processor.Processor object at 0x11810c670>
94.82147499999999,0.0,28405,<entities.dtn.DTN object at 0x118103460>,<entities.processor.Processor object at 0x11810c670>
95.82147499999999,0.0,28405,<entities.dtn.DTN object at 0x118103460>,<entities.processor.Processor object at 0x11810c670>
96.82147499999999,0.0,28405,<entities.dtn.DTN object at 0x118103460>,<entities.processor.Processor object at 0x11810c670>
97.82147499999999,0.0,28405,<entities.dtn.DTN object at 0x118103460>,<entities.processor.Processor object at 0x11810c670>
98.82147499999999,0.0,28405,<entities.dtn.DTN object at 0x118103460>,<entities.processor.Processor object at 0x11810c670>
99.82147499999999,0.0,28405,<entities.dtn.DTN object at 0x118103460>,<entities.processor.Processor object at 0x11810c670>
100.82147499999999,0.0,28405,<entities.dtn.DTN object at 0x118103460>,<entities.processor.Processor object at 0x11810c670>
101.82147499999999,0.0,28405,<entities.dtn.DTN object at 0x118103460>,<entities.processor.Processor object at 0x11810c670>
102.82147499999999,0.0,28405,<entities.dtn.DTN object at 0x118103460>,<entities.processor.Processor object at 0x11810c670>
103.82147499999999,0.0,28405,<entities.dtn.DTN object at 0x118103460>,<entities.processor.Processor object at 0x11810c670>
104.82147499999999,0.0,28405,<entities.dtn.DTN object at 0x118103460>,<entities.processor.Processor object at 0x11810c670>
105.82147499999999,0.0,28405,<entities.dtn.DTN object at 0x118103460>,<entities.processor.Processor object at 0x11810c670>
106.82147499999999,0.0,28405,<entities.dtn.DTN object at 0x118103460>,<entities.processor.Processor object at 0x11810c670>
107.82147499999999,0.0,28405,<entities.dtn.DTN object at 0x118103460>,<entities.processor.Processor object at 0x11810c670>
108.82147499999999,0.0,28405,<entities.dtn.DTN object at 0x118103460>,<entities.processor.Processor object at 0x11810c670>
109.82147499999999,0.0,28405,<entities.dtn.DTN object at 0x118103460>,<entities.processor.Processor object at 0x11810c670>
110.82147499999999,0.0,28405,<entities.dtn.DTN object at 0x118103460>,<entities.processor.Processor object at 0x11810c670>
111.82147499999999,0.0,28405,<entities.dtn.DTN object at 0x118103460>,<entities.processor.Processor object at 0x11810c670>
112.82147499999999,0.0,28405,<entities.dtn.DTN object at 0x118103460>,<entities.processor.Processor object at 0x11810c670>
113.82147499999999,0.0,28405,<entities.dtn.DTN object at 0x118103460>,<entities.processor.Processor object at 0x11810c670>
114.82147499999999,0.0,28405,<entities.dtn.DTN object at 0x118103460>,<entities.processor.Processor object at 0x11810c670>
115.82147499999999,0.0,28405,<entities.dtn.DTN object at 0x118103460>,<entities.processor.Processor object at 0x11810c670>
116.82147499999999,0.0,28405,<entities.dtn.DTN object at 0x118103460>,<entities.processor.Processor object at 0x11810c670>
117.82147499999999,0.0,28405,<entities.dtn.DTN object at 0x118103460>,<entities.processor.Processor object at 0x11810c670>
118.82147499999999,0.0,28405,<entities.dtn.DTN object at 0x118103460>,<entities.processor.Processor object at 0x11810c670>
119.82147499999999,0.0,28405,<entities.dtn.DTN object at 0x118103460>,<entities.processor.Processor object at 0x11810c670>
120.82147499999999,0.0,28405,<entities.dtn.DTN object at 0x118103460>,<entities.processor.Processor object at 0x11810c670>
121.82147499999999,0.0,28405,<entities.dtn.DTN object at 0x118103460>,<entities.processor.Processor object at 0x11810c670>
122.82147499999999,0.0,28405,<entities.dtn.DTN object at 0x118103460>,<entities.processor.Processor object at 0x11810c670>
123.82147499999999,0.0,28405,<entities.dtn.DTN object at 0x118103460>,<entities.processor.Processor object at 0x11810c670>
124.82147499999999,0.0,28405,<entities.dtn.DTN object at 0x118103460>,<entities.processor.Processor object at 0x11810c670>
125.82147499999999,0.0,28405,<entities.dtn.DTN object at 0x118103460>,<entities.processor.Processor object at 0x11810c670>
126.82147499999999,0.0,28405,<entities.dtn.DTN object at 0x118103460>,<entities.processor.Processor object at 0x11810c670>
127.82147499999999,0.0,28405,<entities.dtn.DTN object at 0x118103460>,<entities.processor.Processor object at 0x11810c670>
128.821475,0.0,28405,<entities.dtn.DTN object at 0x118103460>,<entities.processor.Processor object at 0x11810c670>
129.821475,0.0,28405,<entities.dtn.DTN object at 0x118103460>,<entities.processor.Processor object at 0x11810c670>
130.821475,0.0,28405,<entities.dtn.DTN object at 0x118103460>,<entities.processor.Processor object at 0x11810c670>
131.821475,0.0,28405,<entities.dtn.DTN object at 0x118103460>,<entities.processor.Processor object at 0x11810c670>
132.821475,0.0,28405,<entities.dtn.DTN object at 0x118103460>,<entities.processor.Processor object at 0x11810c670>
133.821475,0.0,28405,<entities.dtn.DTN object at 0x118103460>,<entities.processor.Processor object at 0x11810c670>
134.821475,0.0,28405,<entities.dtn.DTN object at 0x118103460>,<entities.processor.Processor object at 0x11810c670>
135.821475,0.0,28405,<entities.dtn.DTN object at 0x118103460>,<entities.processor.Processor object at 0x11810c670>
136.821475,0.0,28405,<entities.dtn.DTN object at 0x118103460>,<entities.processor.Processor object at 0x11810c670>
137.821475,0.0,28405,<entities.dtn.DTN object at 0x118103460>,<entities.processor.Processor object at 0x11810c670>
138.821475,0.0,28405,<entities.dtn.DTN object at 0x118103460>,<entities.processor.Processor object at 0x11810c670>
139.821475,0.0,28405,<entities.dtn.DTN object at 0x118103460>,<entities.processor.Processor object at 0x11810c670>
140.821475,0.0,28405,<entities.dtn.DTN object at 0x118103460>,<entities.processor.Processor object at 0x11810c670>
141.821475,0.0,28405,<entities.dtn.DTN object at 0x118103460>,<entities.processor.Processor object at 0x11810c670>
142.821475,0.0,28405,<entities.dtn.DTN object at 0x118103460>,<entities.processor.Processor object at 0x11810c670>
143.821475,0.0,28405,<entities.dtn.DTN object at 0x118103460>,<entities.processor.Processor object at 0x11810c670>
144.821475,0.0,28405,<entities.dtn.DTN object at 0x118103460>,<entities.processor.Processor object at 0x11810c670>
145.821475,0.0,28405,<entities.dtn.DTN object at 0x118103460>,<entities.processor.Processor object at 0x11810c670>
146.821475,0.0,28405,<entities.dtn.DTN object at 0x118103460>,<entities.processor.Processor object at 0x11810c670>
147.821475,0.0,28405,<entities.dtn.DTN object at 0x118103460>,<entities.processor.Processor object at 0x11810c670>
148.821475,0.0,28405,<entities.dtn.DTN object at 0x118103460>,<entities.processor.Processor object at 0x11810c670>
149.821475,0.0,28405,<entities.dtn.DTN object at 0x118103460>,<entities.processor.Processor object at 0x11810c670>
150.821475,0.0,28405,<entities.dtn.DTN object at 0x118103460>,<entities.processor.Processor object at 0x11810c670>
151.821475,0.0,28405,<entities.dtn.DTN object at 0x118103460>,<entities.processor.Processor object at 0x11810c670>
152.821475,0.0,28405,<entities.dtn.DTN object at 0x118103460>,<entities.processor.Processor object at 0x11810c670>
153.821475,0.0,28405,<entities.dtn.DTN object at 0x118103460>,<entities.processor.Processor object at 0x11810c670>
154.821475,0.0,28405,<entities.dtn.DTN object at 0x118103460>,<entities.processor.Processor object at 0x11810c670>
155.821475,0.0,28405,<entities.dtn.DTN object at 0x118103460>,<entities.processor.Processor object at 0x11810c670>
156.821475,0.0,28405,<entities.dtn.DTN object at 0x118103460>,<entities.processor.Processor object at 0x11810c670>
157.821475,0.0,28405,<entities.dtn.DTN object at 0x118103460>,<entities.processor.Processor object at 0x11810c670>
158.821475,0.0,28405,<entities.dtn.DTN object at 0x118103460>,<entities.processor.Processor object at 0x11810c670>
159.821475,0.0,28405,<entities.dtn.DTN object at 0x118103460>,<entities.processor.Processor object at 0x11810c670>
160.821475,0.0,28405,<entities.dtn.DTN object at 0x118103460>,<entities.processor.Processor object at 0x11810c670>
161.821475,0.0,28405,<entities.dtn.DTN object at 0x118103460>,<entities.processor.Processor object at 0x11810c670>
162.821475,0.0,28405,<entities.dtn.DTN object at 0x118103460>,<entities.processor.Processor object at 0x11810c670>
163.821475,0.0,28405,<entities.dtn.DTN object at 0x118103460>,<entities.processor.Processor object at 0x11810c670>
164.821475,0.0,28405,<entities.dtn.DTN object at 0x118103460>,<entities.processor.Processor object at 0x11810c670>
165.821475,0.0,28405,<entities.dtn.DTN object at 0x118103460>,<entities.processor.Processor object at 0x11810c670>
166.821475,0.0,28405,<entities.dtn.DTN object at 0x118103460>,<entities.processor.Processor object at 0x11810c670>
167.821475,0.0,28405,<entities.dtn.DTN object at 0x118103460>,<entities.processor.Processor object at 0x11810c670>
168.821475,0.0,28405,<entities.dtn.DTN object at 0x118103460>,<entities.processor.Processor object at 0x11810c670>
169.821475,0.0,28405,<entities.dtn.DTN object at 0x118103460>,<entities.processor.Processor object at 0x11810c670>
170.821475,0.0,28405,<entities.dtn.DTN object at 0x118103460>,<entities.processor.Processor object at 0x11810c670>
171.821475,0.0,28405,<entities.dtn.DTN object at 0x118103460>,<entities.processor.Processor object at 0x11810c670>
172.821475,0.0,28405,<entities.dtn.DTN object at 0x118103460>,<entities.processor.Processor object at 0x11810c670>
173.821475,0.0,28405,<entities.dtn.DTN object at 0x118103460>,<entities.processor.Processor object at 0x11810c670>
174.821475,0.0,28405,<entities.dtn.DTN object at 0x118103460>,<entities.processor.Processor object at 0x11810c670>
175.821475,0.0,28405,<entities.dtn.DTN object at 0x118103460>,<entities.processor.Processor object at 0x11810c670>
176.821475,0.0,28405,<entities.dtn.DTN object at 0x118103460>,<entities.processor.Processor object at 0x11810c670>
177.821475,0.0,28405,<entities.dtn.DTN object at 0x118103460>,<entities.processor.Processor object at 0x11810c670>
178.821475,0.0,28405,<entities.dtn.DTN object at 0x118103460>,<entities.processor.Processor object at 0x11810c670>
179.821475,0.0,28405,<entities.dtn.DTN object at 0x118103460>,<entities.processor.Processor object at 0x11810c670>
180.821475,0.0,28405,<entities.dtn.DTN object at 0x118103460>,<entities.processor.Processor object at 0x11810c670>
181.821475,0.0,28405,<entities.dtn.DTN object at 0x118103460>,<entities.processor.Processor object at 0x11810c670>
182.821475,0.0,28405,<entities.dtn.DTN object at 0x118103460>,<entities.processor.Processor object at 0x11810c670>
183.821475,0.0,28405,<entities.dtn.DTN object at 0x118103460>,<entities.processor.Processor object at 0x11810c670>
184.821475,0.0,28405,<entities.dtn.DTN object at 0x118103460>,<entities.processor.Processor object at 0x11810c670>
185.821475,0.0,28405,<entities.dtn.DTN object at 0x118103460>,<entities.processor.Processor object at 0x11810c670>
186.821475,0.0,28405,<entities.dtn.DTN object at 0x118103460>,<entities.processor.Processor object at 0x11810c670>
187.821475,0.0,28405,<entities.dtn.DTN object at 0x118103460>,<entities.processor.Processor object at 0x11810c670>
188.821475,0.0,28405,<entities.dtn.DTN object at 0x118103460>,<entities.processor.Processor object at 0x11810c670>
189.821475,0.0,28405,<entities.dtn.DTN object at 0x118103460>,<entities.processor.Processor object at 0x11810c670>
190.821475,0.0,28405,<entities.dtn.DTN object at 0x118103460>,<entities.processor.Processor object at 0x11810c670>
191.821475,0.0,28405,<entities.dtn.DTN object at 0x118103460>,<entities.processor.Processor object at 0x11810c670>
192.821475,0.0,28405,<entities.dtn.DTN object at 0x118103460>,<entities.processor.Processor object at 0x11810c670>
193.821475,0.0,28405,<entities.dtn.DTN object at 0x118103460>,<entities.processor.Processor object at 0x11810c670>
194.821475,0.0,28405,<entities.dtn.DTN object at 0x118103460>,<entities.processor.Processor object at 0x11810c670>
195.821475,0.0,28405,<entities.dtn.DTN object at 0x118103460>,<entities.processor.Processor object at 0x11810c670>
196.821475,0.0,28405,<entities.dtn.DTN object at 0x118103460>,<entities.processor.Processor object at 0x11810c670>
197.821475,0.0,28405,<entities.dtn.DTN object at 0x118103460>,<entities.processor.Processor object at 0x11810c670>
198.821475,0.0,28405,<entities.dtn.DTN object at 0x118103460>,<entities.processor.Processor object at 0x11810c670>
199.821475,0.0,28405,<entities.dtn.DTN object at 0x118103460>,<entities.processor.Processor object at 0x11810c670>
16.821604999999995,0.0,57577,<entities.dtn.DTN object at 0x118103460>,<entities.processor.Processor object at 0x11810c820>
17.821604999999995,0.0,57577,<entities.dtn.DTN object at 0x118103460>,<entities.processor.Processor object at 0x11810c820>
18.821604999999995,0.0,57577,<entities.dtn.DTN object at 0x118103460>,<entities.processor.Processor object at 0x11810c820>
19.821604999999995,0.0,57577,<entities.dtn.DTN object at 0x118103460>,<entities.processor.Processor object at 0x11810c820>
20.821604999999995,0.0,57577,<entities.dtn.DTN object at 0x118103460>,<entities.processor.Processor object at 0x11810c820>
21.821604999999995,0.0,57577,<entities.dtn.DTN object at 0x118103460>,<entities.processor.Processor object at 0x11810c820>
22.821604999999995,0.0,57577,<entities.dtn.DTN object at 0x118103460>,<entities.processor.Processor object at 0x11810c820>
23.821604999999995,0.0,57577,<entities.dtn.DTN object at 0x118103460>,<entities.processor.Processor object at 0x11810c820>
24.821604999999995,0.0,57577,<entities.dtn.DTN object at 0x118103460>,<entities.processor.Processor object at 0x11810c820>
25.821604999999995,0.0,57577,<entities.dtn.DTN object at 0x118103460>,<entities.processor.Processor object at 0x11810c820>
26.821604999999995,0.0,57577,<entities.dtn.DTN object at 0x118103460>,<entities.processor.Processor object at 0x11810c820>
27.821604999999995,0.0,57577,<entities.dtn.DTN object at 0x118103460>,<entities.processor.Processor object at 0x11810c820>
28.821604999999995,0.0,57577,<entities.dtn.DTN object at 0x118103460>,<entities.processor.Processor object at 0x11810c820>
29.821604999999995,0.0,57577,<entities.dtn.DTN object at 0x118103460>,<entities.processor.Processor object at 0x11810c820>
30.821604999999995,0.0,57577,<entities.dtn.DTN object at 0x118103460>,<entities.processor.Processor object at 0x11810c820>
31.821604999999995,0.0,57577,<entities.dtn.DTN object at 0x118103460>,<entities.processor.Processor object at 0x11810c820>
32.82160499999999,0.0,57577,<entities.dtn.DTN object at 0x118103460>,<entities.processor.Processor object at 0x11810c820>
33.82160499999999,0.0,57577,<entities.dtn.DTN object at 0x118103460>,<entities.processor.Processor object at 0x11810c820>
34.82160499999999,0.0,57577,<entities.dtn.DTN object at 0x118103460>,<entities.processor.Processor object at 0x11810c820>
35.82160499999999,0.0,57577,<entities.dtn.DTN object at 0x118103460>,<entities.processor.Processor object at 0x11810c820>
36.82160499999999,0.0,57577,<entities.dtn.DTN object at 0x118103460>,<entities.processor.Processor object at 0x11810c820>
37.82160499999999,0.0,57577,<entities.dtn.DTN object at 0x118103460>,<entities.processor.Processor object at 0x11810c820>
38.82160499999999,0.0,57577,<entities.dtn.DTN object at 0x118103460>,<entities.processor.Processor object at 0x11810c820>
39.82160499999999,0.0,57577,<entities.dtn.DTN object at 0x118103460>,<entities.processor.Processor object at 0x11810c820>
40.82160499999999,0.0,57577,<entities.dtn.DTN object at 0x118103460>,<entities.processor.Processor object at 0x11810c820>
41.82160499999999,0.0,57577,<entities.dtn.DTN object at 0x118103460>,<entities.processor.Processor object at 0x11810c820>
42.82160499999999,0.0,57577,<entities.dtn.DTN object at 0x118103460>,<entities.processor.Processor object at 0x11810c820>
43.82160499999999,0.0,57577,<entities.dtn.DTN object at 0x118103460>,<entities.processor.Processor object at 0x11810c820>
44.82160499999999,0.0,57577,<entities.dtn.DTN object at 0x118103460>,<entities.processor.Processor object at 0x11810c820>
45.82160499999999,0.0,57577,<entities.dtn.DTN object at 0x118103460>,<entities.processor.Processor object at 0x11810c820>
46.82160499999999,0.0,57577,<entities.dtn.DTN object at 0x118103460>,<entities.processor.Processor object at 0x11810c820>
47.82160499999999,0.0,57577,<entities.dtn.DTN object at 0x118103460>,<entities.processor.Processor object at 0x11810c820>
48.82160499999999,0.0,57577,<entities.dtn.DTN object at 0x118103460>,<entities.processor.Processor object at 0x11810c820>
49.82160499999999,0.0,57577,<entities.dtn.DTN object at 0x118103460>,<entities.processor.Processor object at 0x11810c820>
50.82160499999999,0.0,57577,<entities.dtn.DTN object at 0x118103460>,<entities.processor.Processor object at 0x11810c820>
51.82160499999999,0.0,57577,<entities.dtn.DTN object at 0x118103460>,<entities.processor.Processor object at 0x11810c820>
52.82160499999999,0.0,57577,<entities.dtn.DTN object at 0x118103460>,<entities.processor.Processor object at 0x11810c820>
53.82160499999999,0.0,57577,<entities.dtn.DTN object at 0x118103460>,<entities.processor.Processor object at 0x11810c820>
54.82160499999999,0.0,57577,<entities.dtn.DTN object at 0x118103460>,<entities.processor.Processor object at 0x11810c820>
55.82160499999999,0.0,57577,<entities.dtn.DTN object at 0x118103460>,<entities.processor.Processor object at 0x11810c820>
56.82160499999999,0.0,57577,<entities.dtn.DTN object at 0x118103460>,<entities.processor.Processor object at 0x11810c820>
57.82160499999999,0.0,57577,<entities.dtn.DTN object at 0x118103460>,<entities.processor.Processor object at 0x11810c820>
58.82160499999999,0.0,57577,<entities.dtn.DTN object at 0x118103460>,<entities.processor.Processor object at 0x11810c820>
59.82160499999999,0.0,57577,<entities.dtn.DTN object at 0x118103460>,<entities.processor.Processor object at 0x11810c820>
60.82160499999999,0.0,57577,<entities.dtn.DTN object at 0x118103460>,<entities.processor.Processor object at 0x11810c820>
61.82160499999999,0.0,57577,<entities.dtn.DTN object at 0x118103460>,<entities.processor.Processor object at 0x11810c820>
62.82160499999999,0.0,57577,<entities.dtn.DTN object at 0x118103460>,<entities.processor.Processor object at 0x11810c820>
63.82160499999999,0.0,57577,<entities.dtn.DTN object at 0x118103460>,<entities.processor.Processor object at 0x11810c820>
64.82160499999999,0.0,57577,<entities.dtn.DTN object at 0x118103460>,<entities.processor.Processor object at 0x11810c820>
65.82160499999999,0.0,57577,<entities.dtn.DTN object at 0x118103460>,<entities.processor.Processor object at 0x11810c820>
66.82160499999999,0.0,57577,<entities.dtn.DTN object at 0x118103460>,<entities.processor.Processor object at 0x11810c820>
67.82160499999999,0.0,57577,<entities.dtn.DTN object at 0x118103460>,<entities.processor.Processor object at 0x11810c820>
68.82160499999999,0.0,57577,<entities.dtn.DTN object at 0x118103460>,<entities.processor.Processor object at 0x11810c820>
69.82160499999999,0.0,57577,<entities.dtn.DTN object at 0x118103460>,<entities.processor.Processor object at 0x11810c820>
70.82160499999999,0.0,57577,<entities.dtn.DTN object at 0x118103460>,<entities.processor.Processor object at 0x11810c820>
71.82160499999999,0.0,57577,<entities.dtn.DTN object at 0x118103460>,<entities.processor.Processor object at 0x11810c820>
72.82160499999999,0.0,57577,<entities.dtn.DTN object at 0x118103460>,<entities.processor.Processor object at 0x11810c820>
73.82160499999999,0.0,57577,<entities.dtn.DTN object at 0x118103460>,<entities.processor.Processor object at 0x11810c820>
74.82160499999999,0.0,57577,<entities.dtn.DTN object at 0x118103460>,<entities.processor.Processor object at 0x11810c820>
75.82160499999999,0.0,57577,<entities.dtn.DTN object at 0x118103460>,<entities.processor.Processor object at 0x11810c820>
76.82160499999999,0.0,57577,<entities.dtn.DTN object at 0x118103460>,<entities.processor.Processor object at 0x11810c820>
77.82160499999999,0.0,57577,<entities.dtn.DTN object at 0x118103460>,<entities.processor.Processor object at 0x11810c820>
78.82160499999999,0.0,57577,<entities.dtn.DTN object at 0x118103460>,<entities.processor.Processor object at 0x11810c820>
79.82160499999999,0.0,57577,<entities.dtn.DTN object at 0x118103460>,<entities.processor.Processor object at 0x11810c820>
80.82160499999999,0.0,57577,<entities.dtn.DTN object at 0x118103460>,<entities.processor.Processor object at 0x11810c820>
81.82160499999999,0.0,57577,<entities.dtn.DTN object at 0x118103460>,<entities.processor.Processor object at 0x11810c820>
82.82160499999999,0.0,57577,<entities.dtn.DTN object at 0x118103460>,<entities.processor.Processor object at 0x11810c820>
83.82160499999999,0.0,57577,<entities.dtn.DTN object at 0x118103460>,<entities.processor.Processor object at 0x11810c820>
84.82160499999999,0.0,57577,<entities.dtn.DTN object at 0x118103460>,<entities.processor.Processor object at 0x11810c820>
85.82160499999999,0.0,57577,<entities.dtn.DTN object at 0x118103460>,<entities.processor.Processor object at 0x11810c820>
86.82160499999999,0.0,57577,<entities.dtn.DTN object at 0x118103460>,<entities.processor.Processor object at 0x11810c820>
87.82160499999999,0.0,57577,<entities.dtn.DTN object at 0x118103460>,<entities.processor.Processor object at 0x11810c820>
88.82160499999999,0.0,57577,<entities.dtn.DTN object at 0x118103460>,<entities.processor.Processor object at 0x11810c820>
89.82160499999999,0.0,57577,<entities.dtn.DTN object at 0x118103460>,<entities.processor.Processor object at 0x11810c820>
90.82160499999999,0.0,57577,<entities.dtn.DTN object at 0x118103460>,<entities.processor.Processor object at 0x11810c820>
91.82160499999999,0.0,57577,<entities.dtn.DTN object at 0x118103460>,<entities.processor.Processor object at 0x11810c820>
92.82160499999999,0.0,57577,<entities.dtn.DTN object at 0x118103460>,<entities.processor.Processor object at 0x11810c820>
93.82160499999999,0.0,57577,<entities.dtn.DTN object at 0x118103460>,<entities.processor.Processor object at 0x11810c820>
94.82160499999999,0.0,57577,<entities.dtn.DTN object at 0x118103460>,<entities.processor.Processor object at 0x11810c820>
95.82160499999999,0.0,57577,<entities.dtn.DTN object at 0x118103460>,<entities.processor.Processor object at 0x11810c820>
96.82160499999999,0.0,57577,<entities.dtn.DTN object at 0x118103460>,<entities.processor.Processor object at 0x11810c820>
97.82160499999999,0.0,57577,<entities.dtn.DTN object at 0x118103460>,<entities.processor.Processor object at 0x11810c820>
98.82160499999999,0.0,57577,<entities.dtn.DTN object at 0x118103460>,<entities.processor.Processor object at 0x11810c820>
99.82160499999999,0.0,57577,<entities.dtn.DTN object at 0x118103460>,<entities.processor.Processor object at 0x11810c820>
100.82160499999999,0.0,57577,<entities.dtn.DTN object at 0x118103460>,<entities.processor.Processor object at 0x11810c820>
101.82160499999999,0.0,57577,<entities.dtn.DTN object at 0x118103460>,<entities.processor.Processor object at 0x11810c820>
102.82160499999999,0.0,57577,<entities.dtn.DTN object at 0x118103460>,<entities.processor.Processor object at 0x11810c820>
103.82160499999999,0.0,57577,<entities.dtn.DTN object at 0x118103460>,<entities.processor.Processor object at 0x11810c820>
104.82160499999999,0.0,57577,<entities.dtn.DTN object at 0x118103460>,<entities.processor.Processor object at 0x11810c820>
105.82160499999999,0.0,57577,<entities.dtn.DTN object at 0x118103460>,<entities.processor.Processor object at 0x11810c820>
106.82160499999999,0.0,57577,<entities.dtn.DTN object at 0x118103460>,<entities.processor.Processor object at 0x11810c820>
107.82160499999999,0.0,57577,<entities.dtn.DTN object at 0x118103460>,<entities.processor.Processor object at 0x11810c820>
108.82160499999999,0.0,57577,<entities.dtn.DTN object at 0x118103460>,<entities.processor.Processor object at 0x11810c820>
109.82160499999999,0.0,57577,<entities.dtn.DTN object at 0x118103460>,<entities.processor.Processor object at 0x11810c820>
110.82160499999999,0.0,57577,<entities.dtn.DTN object at 0x118103460>,<entities.processor.Processor object at 0x11810c820>
111.82160499999999,0.0,57577,<entities.dtn.DTN object at 0x118103460>,<entities.processor.Processor object at 0x11810c820>
112.82160499999999,0.0,57577,<entities.dtn.DTN object at 0x118103460>,<entities.processor.Processor object at 0x11810c820>
113.82160499999999,0.0,57577,<entities.dtn.DTN object at 0x118103460>,<entities.processor.Processor object at 0x11810c820>
114.82160499999999,0.0,57577,<entities.dtn.DTN object at 0x118103460>,<entities.processor.Processor object at 0x11810c820>
115.82160499999999,0.0,57577,<entities.dtn.DTN object at 0x118103460>,<entities.processor.Processor object at 0x11810c820>
116.82160499999999,0.0,57577,<entities.dtn.DTN object at 0x118103460>,<entities.processor.Processor object at 0x11810c820>
117.82160499999999,0.0,57577,<entities.dtn.DTN object at 0x118103460>,<entities.processor.Processor object at 0x11810c820>
118.82160499999999,0.0,57577,<entities.dtn.DTN object at 0x118103460>,<entities.processor.Processor object at 0x11810c820>
119.82160499999999,0.0,57577,<entities.dtn.DTN object at 0x118103460>,<entities.processor.Processor object at 0x11810c820>
120.82160499999999,0.0,57577,<entities.dtn.DTN object at 0x118103460>,<entities.processor.Processor object at 0x11810c820>
121.82160499999999,0.0,57577,<entities.dtn.DTN object at 0x118103460>,<entities.processor.Processor object at 0x11810c820>
122.82160499999999,0.0,57577,<entities.dtn.DTN object at 0x118103460>,<entities.processor.Processor object at 0x11810c820>
123.82160499999999,0.0,57577,<entities.dtn.DTN object at 0x118103460>,<entities.processor.Processor object at 0x11810c820>
124.82160499999999,0.0,57577,<entities.dtn.DTN object at 0x118103460>,<entities.processor.Processor object at 0x11810c820>
125.82160499999999,0.0,57577,<entities.dtn.DTN object at 0x118103460>,<entities.processor.Processor object at 0x11810c820>
126.82160499999999,0.0,57577,<entities.dtn.DTN object at 0x118103460>,<entities.processor.Processor object at 0x11810c820>
127.82160499999999,0.0,57577,<entities.dtn.DTN object at 0x118103460>,<entities.processor.Processor object at 0x11810c820>
128.82160499999998,0.0,57577,<entities.dtn.DTN object at 0x118103460>,<entities.processor.Processor object at 0x11810c820>
129.82160499999998,0.0,57577,<entities.dtn.DTN object at 0x118103460>,<entities.processor.Processor object at 0x11810c820>
130.82160499999998,0.0,57577,<entities.dtn.DTN object at 0x118103460>,<entities.processor.Processor object at 0x11810c820>
131.82160499999998,0.0,57577,<entities.dtn.DTN object at 0x118103460>,<entities.processor.Processor object at 0x11810c820>
132.82160499999998,0.0,57577,<entities.dtn.DTN object at 0x118103460>,<entities.processor.Processor object at 0x11810c820>
133.82160499999998,0.0,57577,<entities.dtn.DTN object at 0x118103460>,<entities.processor.Processor object at 0x11810c820>
134.82160499999998,0.0,57577,<entities.dtn.DTN object at 0x118103460>,<entities.processor.Processor object at 0x11810c820>
135.82160499999998,0.0,57577,<entities.dtn.DTN object at 0x118103460>,<entities.processor.Processor object at 0x11810c820>
136.82160499999998,0.0,57577,<entities.dtn.DTN object at 0x118103460>,<entities.processor.Processor object at 0x11810c820>
137.82160499999998,0.0,57577,<entities.dtn.DTN object at 0x118103460>,<entities.processor.Processor object at 0x11810c820>
138.82160499999998,0.0,57577,<entities.dtn.DTN object at 0x118103460>,<entities.processor.Processor object at 0x11810c820>
139.82160499999998,0.0,57577,<entities.dtn.DTN object at 0x118103460>,<entities.processor.Processor object at 0x11810c820>
140.82160499999998,0.0,57577,<entities.dtn.DTN object at 0x118103460>,<entities.processor.Processor object at 0x11810c820>
141.82160499999998,0.0,57577,<entities.dtn.DTN object at 0x118103460>,<entities.processor.Processor object at 0x11810c820>
142.82160499999998,0.0,57577,<entities.dtn.DTN object at 0x118103460>,<entities.processor.Processor object at 0x11810c820>
143.82160499999998,0.0,57577,<entities.dtn.DTN object at 0x118103460>,<entities.processor.Processor object at 0x11810c820>
144.82160499999998,0.0,57577,<entities.dtn.DTN object at 0x118103460>,<entities.processor.Processor object at 0x11810c820>
145.82160499999998,0.0,57577,<entities.dtn.DTN object at 0x118103460>,<entities.processor.Processor object at 0x11810c820>
146.82160499999998,0.0,57577,<entities.dtn.DTN object at 0x118103460>,<entities.processor.Processor object at 0x11810c820>
147.82160499999998,0.0,57577,<entities.dtn.DTN object at 0x118103460>,<entities.processor.Processor object at 0x11810c820>
148.82160499999998,0.0,57577,<entities.dtn.DTN object at 0x118103460>,<entities.processor.Processor object at 0x11810c820>
149.82160499999998,0.0,57577,<entities.dtn.DTN object at 0x118103460>,<entities.processor.Processor object at 0x11810c820>
150.82160499999998,0.0,57577,<entities.dtn.DTN object at 0x118103460>,<entities.processor.Processor object at 0x11810c820>
151.82160499999998,0.0,57577,<entities.dtn.DTN object at 0x118103460>,<entities.processor.Processor object at 0x11810c820>
152.82160499999998,0.0,57577,<entities.dtn.DTN object at 0x118103460>,<entities.processor.Processor object at 0x11810c820>
153.82160499999998,0.0,57577,<entities.dtn.DTN object at 0x118103460>,<entities.processor.Processor object at 0x11810c820>
154.82160499999998,0.0,57577,<entities.dtn.DTN object at 0x118103460>,<entities.processor.Processor object at 0x11810c820>
155.82160499999998,0.0,57577,<entities.dtn.DTN object at 0x118103460>,<entities.processor.Processor object at 0x11810c820>
156.82160499999998,0.0,57577,<entities.dtn.DTN object at 0x118103460>,<entities.processor.Processor object at 0x11810c820>
157.82160499999998,0.0,57577,<entities.dtn.DTN object at 0x118103460>,<entities.processor.Processor object at 0x11810c820>
158.82160499999998,0.0,57577,<entities.dtn.DTN object at 0x118103460>,<entities.processor.Processor object at 0x11810c820>
159.82160499999998,0.0,57577,<entities.dtn.DTN object at 0x118103460>,<entities.processor.Processor object at 0x11810c820>
160.82160499999998,0.0,57577,<entities.dtn.DTN object at 0x118103460>,<entities.processor.Processor object at 0x11810c820>
161.82160499999998,0.0,57577,<entities.dtn.DTN object at 0x118103460>,<entities.processor.Processor object at 0x11810c820>
162.82160499999998,0.0,57577,<entities.dtn.DTN object at 0x118103460>,<entities.processor.Processor object at 0x11810c820>
163.82160499999998,0.0,57577,<entities.dtn.DTN object at 0x118103460>,<entities.processor.Processor object at 0x11810c820>
164.82160499999998,0.0,57577,<entities.dtn.DTN object at 0x118103460>,<entities.processor.Processor object at 0x11810c820>
165.82160499999998,0.0,57577,<entities.dtn.DTN object at 0x118103460>,<entities.processor.Processor object at 0x11810c820>
166.82160499999998,0.0,57577,<entities.dtn.DTN object at 0x118103460>,<entities.processor.Processor object at 0x11810c820>
167.82160499999998,0.0,57577,<entities.dtn.DTN object at 0x118103460>,<entities.processor.Processor object at 0x11810c820>
168.82160499999998,0.0,57577,<entities.dtn.DTN object at 0x118103460>,<entities.processor.Processor object at 0x11810c820>
169.82160499999998,0.0,57577,<entities.dtn.DTN object at 0x118103460>,<entities.processor.Processor object at 0x11810c820>
170.82160499999998,0.0,57577,<entities.dtn.DTN object at 0x118103460>,<entities.processor.Processor object at 0x11810c820>
171.82160499999998,0.0,57577,<entities.dtn.DTN object at 0x118103460>,<entities.processor.Processor object at 0x11810c820>
172.82160499999998,0.0,57577,<entities.dtn.DTN object at 0x118103460>,<entities.processor.Processor object at 0x11810c820>
173.82160499999998,0.0,57577,<entities.dtn.DTN object at 0x118103460>,<entities.processor.Processor object at 0x11810c820>
174.82160499999998,0.0,57577,<entities.dtn.DTN object at 0x118103460>,<entities.processor.Processor object at 0x11810c820>
175.82160499999998,0.0,57577,<entities.dtn.DTN object at 0x118103460>,<entities.processor.Processor object at 0x11810c820>
176.82160499999998,0.0,57577,<entities.dtn.DTN object at 0x118103460>,<entities.processor.Processor object at 0x11810c820>
177.82160499999998,0.0,57577,<entities.dtn.DTN object at 0x118103460>,<entities.processor.Processor object at 0x11810c820>
178.82160499999998,0.0,57577,<entities.dtn.DTN object at 0x118103460>,<entities.processor.Processor object at 0x11810c820>
179.82160499999998,0.0,57577,<entities.dtn.DTN object at 0x118103460>,<entities.processor.Processor object at 0x11810c820>
180.82160499999998,0.0,57577,<entities.dtn.DTN object at 0x118103460>,<entities.processor.Processor object at 0x11810c820>
181.82160499999998,0.0,57577,<entities.dtn.DTN object at 0x118103460>,<entities.processor.Processor object at 0x11810c820>
182.82160499999998,0.0,57577,<entities.dtn.DTN object at 0x118103460>,<entities.processor.Processor object at 0x11810c820>
183.82160499999998,0.0,57577,<entities.dtn.DTN object at 0x118103460>,<entities.processor.Processor object at 0x11810c820>
184.82160499999998,0.0,57577,<entities.dtn.DTN object at 0x118103460>,<entities.processor.Processor object at 0x11810c820>
185.82160499999998,0.0,57577,<entities.dtn.DTN object at 0x118103460>,<entities.processor.Processor object at 0x11810c820>
186.82160499999998,0.0,57577,<entities.dtn.DTN object at 0x118103460>,<entities.processor.Processor object at 0x11810c820>
187.82160499999998,0.0,57577,<entities.dtn.DTN object at 0x118103460>,<entities.processor.Processor object at 0x11810c820>
188.82160499999998,0.0,57577,<entities.dtn.DTN object at 0x118103460>,<entities.processor.Processor object at 0x11810c820>
189.82160499999998,0.0,57577,<entities.dtn.DTN object at 0x118103460>,<entities.processor.Processor object at 0x11810c820>
190.82160499999998,0.0,57577,<entities.dtn.DTN object at 0x118103460>,<entities.processor.Processor object at 0x11810c820>
191.82160499999998,0.0,57577,<entities.dtn.DTN object at 0x118103460>,<entities.processor.Processor object at 0x11810c820>
192.82160499999998,0.0,57577,<entities.dtn.DTN object at 0x118103460>,<entities.processor.Processor object at 0x11810c820>
193.82160499999998,0.0,57577,<entities.dtn.DTN object at 0x118103460>,<entities.processor.Processor object at 0x11810c820>
194.82160499999998,0.0,57577,<entities.dtn.DTN object at 0x118103460>,<entities.processor.Processor object at 0x11810c820>
195.82160499999998,0.0,57577,<entities.dtn.DTN object at 0x118103460>,<entities.processor.Processor object at 0x11810c820>
196.82160499999998,0.0,57577,<entities.dtn.DTN object at 0x118103460>,<entities.processor.Processor object at 0x11810c820>
197.82160499999998,0.0,57577,<entities.dtn.DTN object at 0x118103460>,<entities.processor.Processor object at 0x11810c820>
198.82160499999998,0.0,57577,<entities.dtn.DTN object at 0x118103460>,<entities.processor.Processor object at 0x11810c820>
199.82160499999998,0.0,57577,<entities.dtn.DTN object at 0x118103460>,<entities.processor.Processor object at 0x11810c820>
18.286350000000038,0.0,68711,<entities.dtn.DTN object at 0x118103460>,<entities.processor.Processor object at 0x118103c40>
19.286350000000038,0.0,68711,<entities.dtn.DTN object at 0x118103460>,<entities.processor.Processor object at 0x118103c40>
20.286350000000038,0.0,68711,<entities.dtn.DTN object at 0x118103460>,<entities.processor.Processor object at 0x118103c40>
21.286350000000038,0.0,68711,<entities.dtn.DTN object at 0x118103460>,<entities.processor.Processor object at 0x118103c40>
22.286350000000038,0.0,68711,<entities.dtn.DTN object at 0x118103460>,<entities.processor.Processor object at 0x118103c40>
23.286350000000038,0.0,68711,<entities.dtn.DTN object at 0x118103460>,<entities.processor.Processor object at 0x118103c40>
24.286350000000038,0.0,68711,<entities.dtn.DTN object at 0x118103460>,<entities.processor.Processor object at 0x118103c40>
25.286350000000038,0.0,68711,<entities.dtn.DTN object at 0x118103460>,<entities.processor.Processor object at 0x118103c40>
26.286350000000038,0.0,68711,<entities.dtn.DTN object at 0x118103460>,<entities.processor.Processor object at 0x118103c40>
27.286350000000038,0.0,68711,<entities.dtn.DTN object at 0x118103460>,<entities.processor.Processor object at 0x118103c40>
28.286350000000038,0.0,68711,<entities.dtn.DTN object at 0x118103460>,<entities.processor.Processor object at 0x118103c40>
29.286350000000038,0.0,68711,<entities.dtn.DTN object at 0x118103460>,<entities.processor.Processor object at 0x118103c40>
30.286350000000038,0.0,68711,<entities.dtn.DTN object at 0x118103460>,<entities.processor.Processor object at 0x118103c40>
31.286350000000038,0.0,68711,<entities.dtn.DTN object at 0x118103460>,<entities.processor.Processor object at 0x118103c40>
32.28635000000004,0.0,68711,<entities.dtn.DTN object at 0x118103460>,<entities.processor.Processor object at 0x118103c40>
33.28635000000004,0.0,68711,<entities.dtn.DTN object at 0x118103460>,<entities.processor.Processor object at 0x118103c40>
34.28635000000004,0.0,68711,<entities.dtn.DTN object at 0x118103460>,<entities.processor.Processor object at 0x118103c40>
35.28635000000004,0.0,68711,<entities.dtn.DTN object at 0x118103460>,<entities.processor.Processor object at 0x118103c40>
36.28635000000004,0.0,68711,<entities.dtn.DTN object at 0x118103460>,<entities.processor.Processor object at 0x118103c40>
37.28635000000004,0.0,68711,<entities.dtn.DTN object at 0x118103460>,<entities.processor.Processor object at 0x118103c40>
38.28635000000004,0.0,68711,<entities.dtn.DTN object at 0x118103460>,<entities.processor.Processor object at 0x118103c40>
39.28635000000004,0.0,68711,<entities.dtn.DTN object at 0x118103460>,<entities.processor.Processor object at 0x118103c40>
40.28635000000004,0.0,68711,<entities.dtn.DTN object at 0x118103460>,<entities.processor.Processor object at 0x118103c40>
41.28635000000004,0.0,68711,<entities.dtn.DTN object at 0x118103460>,<entities.processor.Processor object at 0x118103c40>
42.28635000000004,0.0,68711,<entities.dtn.DTN object at 0x118103460>,<entities.processor.Processor object at 0x118103c40>
43.28635000000004,0.0,68711,<entities.dtn.DTN object at 0x118103460>,<entities.processor.Processor object at 0x118103c40>
44.28635000000004,0.0,68711,<entities.dtn.DTN object at 0x118103460>,<entities.processor.Processor object at 0x118103c40>
45.28635000000004,0.0,68711,<entities.dtn.DTN object at 0x118103460>,<entities.processor.Processor object at 0x118103c40>
46.28635000000004,0.0,68711,<entities.dtn.DTN object at 0x118103460>,<entities.processor.Processor object at 0x118103c40>
47.28635000000004,0.0,68711,<entities.dtn.DTN object at 0x118103460>,<entities.processor.Processor object at 0x118103c40>
48.28635000000004,0.0,68711,<entities.dtn.DTN object at 0x118103460>,<entities.processor.Processor object at 0x118103c40>
49.28635000000004,0.0,68711,<entities.dtn.DTN object at 0x118103460>,<entities.processor.Processor object at 0x118103c40>
50.28635000000004,0.0,68711,<entities.dtn.DTN object at 0x118103460>,<entities.processor.Processor object at 0x118103c40>
51.28635000000004,0.0,68711,<entities.dtn.DTN object at 0x118103460>,<entities.processor.Processor object at 0x118103c40>
52.28635000000004,0.0,68711,<entities.dtn.DTN object at 0x118103460>,<entities.processor.Processor object at 0x118103c40>
53.28635000000004,0.0,68711,<entities.dtn.DTN object at 0x118103460>,<entities.processor.Processor object at 0x118103c40>
54.28635000000004,0.0,68711,<entities.dtn.DTN object at 0x118103460>,<entities.processor.Processor object at 0x118103c40>
55.28635000000004,0.0,68711,<entities.dtn.DTN object at 0x118103460>,<entities.processor.Processor object at 0x118103c40>
56.28635000000004,0.0,68711,<entities.dtn.DTN object at 0x118103460>,<entities.processor.Processor object at 0x118103c40>
57.28635000000004,0.0,68711,<entities.dtn.DTN object at 0x118103460>,<entities.processor.Processor object at 0x118103c40>
58.28635000000004,0.0,68711,<entities.dtn.DTN object at 0x118103460>,<entities.processor.Processor object at 0x118103c40>
59.28635000000004,0.0,68711,<entities.dtn.DTN object at 0x118103460>,<entities.processor.Processor object at 0x118103c40>
60.28635000000004,0.0,68711,<entities.dtn.DTN object at 0x118103460>,<entities.processor.Processor object at 0x118103c40>
61.28635000000004,0.0,68711,<entities.dtn.DTN object at 0x118103460>,<entities.processor.Processor object at 0x118103c40>
62.28635000000004,0.0,68711,<entities.dtn.DTN object at 0x118103460>,<entities.processor.Processor object at 0x118103c40>
63.28635000000004,0.0,68711,<entities.dtn.DTN object at 0x118103460>,<entities.processor.Processor object at 0x118103c40>
64.28635000000004,0.0,68711,<entities.dtn.DTN object at 0x118103460>,<entities.processor.Processor object at 0x118103c40>
65.28635000000004,0.0,68711,<entities.dtn.DTN object at 0x118103460>,<entities.processor.Processor object at 0x118103c40>
66.28635000000004,0.0,68711,<entities.dtn.DTN object at 0x118103460>,<entities.processor.Processor object at 0x118103c40>
67.28635000000004,0.0,68711,<entities.dtn.DTN object at 0x118103460>,<entities.processor.Processor object at 0x118103c40>
68.28635000000004,0.0,68711,<entities.dtn.DTN object at 0x118103460>,<entities.processor.Processor object at 0x118103c40>
69.28635000000004,0.0,68711,<entities.dtn.DTN object at 0x118103460>,<entities.processor.Processor object at 0x118103c40>
70.28635000000004,0.0,68711,<entities.dtn.DTN object at 0x118103460>,<entities.processor.Processor object at 0x118103c40>
71.28635000000004,0.0,68711,<entities.dtn.DTN object at 0x118103460>,<entities.processor.Processor object at 0x118103c40>
72.28635000000004,0.0,68711,<entities.dtn.DTN object at 0x118103460>,<entities.processor.Processor object at 0x118103c40>
73.28635000000004,0.0,68711,<entities.dtn.DTN object at 0x118103460>,<entities.processor.Processor object at 0x118103c40>
74.28635000000004,0.0,68711,<entities.dtn.DTN object at 0x118103460>,<entities.processor.Processor object at 0x118103c40>
75.28635000000004,0.0,68711,<entities.dtn.DTN object at 0x118103460>,<entities.processor.Processor object at 0x118103c40>
76.28635000000004,0.0,68711,<entities.dtn.DTN object at 0x118103460>,<entities.processor.Processor object at 0x118103c40>
77.28635000000004,0.0,68711,<entities.dtn.DTN object at 0x118103460>,<entities.processor.Processor object at 0x118103c40>
78.28635000000004,0.0,68711,<entities.dtn.DTN object at 0x118103460>,<entities.processor.Processor object at 0x118103c40>
79.28635000000004,0.0,68711,<entities.dtn.DTN object at 0x118103460>,<entities.processor.Processor object at 0x118103c40>
80.28635000000004,0.0,68711,<entities.dtn.DTN object at 0x118103460>,<entities.processor.Processor object at 0x118103c40>
81.28635000000004,0.0,68711,<entities.dtn.DTN object at 0x118103460>,<entities.processor.Processor object at 0x118103c40>
82.28635000000004,0.0,68711,<entities.dtn.DTN object at 0x118103460>,<entities.processor.Processor object at 0x118103c40>
83.28635000000004,0.0,68711,<entities.dtn.DTN object at 0x118103460>,<entities.processor.Processor object at 0x118103c40>
84.28635000000004,0.0,68711,<entities.dtn.DTN object at 0x118103460>,<entities.processor.Processor object at 0x118103c40>
85.28635000000004,0.0,68711,<entities.dtn.DTN object at 0x118103460>,<entities.processor.Processor object at 0x118103c40>
86.28635000000004,0.0,68711,<entities.dtn.DTN object at 0x118103460>,<entities.processor.Processor object at 0x118103c40>
87.28635000000004,0.0,68711,<entities.dtn.DTN object at 0x118103460>,<entities.processor.Processor object at 0x118103c40>
88.28635000000004,0.0,68711,<entities.dtn.DTN object at 0x118103460>,<entities.processor.Processor object at 0x118103c40>
89.28635000000004,0.0,68711,<entities.dtn.DTN object at 0x118103460>,<entities.processor.Processor object at 0x118103c40>
90.28635000000004,0.0,68711,<entities.dtn.DTN object at 0x118103460>,<entities.processor.Processor object at 0x118103c40>
91.28635000000004,0.0,68711,<entities.dtn.DTN object at 0x118103460>,<entities.processor.Processor object at 0x118103c40>
92.28635000000004,0.0,68711,<entities.dtn.DTN object at 0x118103460>,<entities.processor.Processor object at 0x118103c40>
93.28635000000004,0.0,68711,<entities.dtn.DTN object at 0x118103460>,<entities.processor.Processor object at 0x118103c40>
94.28635000000004,0.0,68711,<entities.dtn.DTN object at 0x118103460>,<entities.processor.Processor object at 0x118103c40>
95.28635000000004,0.0,68711,<entities.dtn.DTN object at 0x118103460>,<entities.processor.Processor object at 0x118103c40>
96.28635000000004,0.0,68711,<entities.dtn.DTN object at 0x118103460>,<entities.processor.Processor object at 0x118103c40>
97.28635000000004,0.0,68711,<entities.dtn.DTN object at 0x118103460>,<entities.processor.Processor object at 0x118103c40>
98.28635000000004,0.0,68711,<entities.dtn.DTN object at 0x118103460>,<entities.processor.Processor object at 0x118103c40>
99.28635000000004,0.0,68711,<entities.dtn.DTN object at 0x118103460>,<entities.processor.Processor object at 0x118103c40>
100.28635000000004,0.0,68711,<entities.dtn.DTN object at 0x118103460>,<entities.processor.Processor object at 0x118103c40>
101.28635000000004,0.0,68711,<entities.dtn.DTN object at 0x118103460>,<entities.processor.Processor object at 0x118103c40>
102.28635000000004,0.0,68711,<entities.dtn.DTN object at 0x118103460>,<entities.processor.Processor object at 0x118103c40>
103.28635000000004,0.0,68711,<entities.dtn.DTN object at 0x118103460>,<entities.processor.Processor object at 0x118103c40>
104.28635000000004,0.0,68711,<entities.dtn.DTN object at 0x118103460>,<entities.processor.Processor object at 0x118103c40>
105.28635000000004,0.0,68711,<entities.dtn.DTN object at 0x118103460>,<entities.processor.Processor object at 0x118103c40>
106.28635000000004,0.0,68711,<entities.dtn.DTN object at 0x118103460>,<entities.processor.Processor object at 0x118103c40>
107.28635000000004,0.0,68711,<entities.dtn.DTN object at 0x118103460>,<entities.processor.Processor object at 0x118103c40>
108.28635000000004,0.0,68711,<entities.dtn.DTN object at 0x118103460>,<entities.processor.Processor object at 0x118103c40>
109.28635000000004,0.0,68711,<entities.dtn.DTN object at 0x118103460>,<entities.processor.Processor object at 0x118103c40>
110.28635000000004,0.0,68711,<entities.dtn.DTN object at 0x118103460>,<entities.processor.Processor object at 0x118103c40>
111.28635000000004,0.0,68711,<entities.dtn.DTN object at 0x118103460>,<entities.processor.Processor object at 0x118103c40>
112.28635000000004,0.0,68711,<entities.dtn.DTN object at 0x118103460>,<entities.processor.Processor object at 0x118103c40>
113.28635000000004,0.0,68711,<entities.dtn.DTN object at 0x118103460>,<entities.processor.Processor object at 0x118103c40>
114.28635000000004,0.0,68711,<entities.dtn.DTN object at 0x118103460>,<entities.processor.Processor object at 0x118103c40>
115.28635000000004,0.0,68711,<entities.dtn.DTN object at 0x118103460>,<entities.processor.Processor object at 0x118103c40>
116.28635000000004,0.0,68711,<entities.dtn.DTN object at 0x118103460>,<entities.processor.Processor object at 0x118103c40>
117.28635000000004,0.0,68711,<entities.dtn.DTN object at 0x118103460>,<entities.processor.Processor object at 0x118103c40>
118.28635000000004,0.0,68711,<entities.dtn.DTN object at 0x118103460>,<entities.processor.Processor object at 0x118103c40>
119.28635000000004,0.0,68711,<entities.dtn.DTN object at 0x118103460>,<entities.processor.Processor object at 0x118103c40>
120.28635000000004,0.0,68711,<entities.dtn.DTN object at 0x118103460>,<entities.processor.Processor object at 0x118103c40>
121.28635000000004,0.0,68711,<entities.dtn.DTN object at 0x118103460>,<entities.processor.Processor object at 0x118103c40>
122.28635000000004,0.0,68711,<entities.dtn.DTN object at 0x118103460>,<entities.processor.Processor object at 0x118103c40>
123.28635000000004,0.0,68711,<entities.dtn.DTN object at 0x118103460>,<entities.processor.Processor object at 0x118103c40>
124.28635000000004,0.0,68711,<entities.dtn.DTN object at 0x118103460>,<entities.processor.Processor object at 0x118103c40>
125.28635000000004,0.0,68711,<entities.dtn.DTN object at 0x118103460>,<entities.processor.Processor object at 0x118103c40>
126.28635000000004,0.0,68711,<entities.dtn.DTN object at 0x118103460>,<entities.processor.Processor object at 0x118103c40>
127.28635000000004,0.0,68711,<entities.dtn.DTN object at 0x118103460>,<entities.processor.Processor object at 0x118103c40>
128.28635000000003,0.0,68711,<entities.dtn.DTN object at 0x118103460>,<entities.processor.Processor object at 0x118103c40>
129.28635000000003,0.0,68711,<entities.dtn.DTN object at 0x118103460>,<entities.processor.Processor object at 0x118103c40>
130.28635000000003,0.0,68711,<entities.dtn.DTN object at 0x118103460>,<entities.processor.Processor object at 0x118103c40>
131.28635000000003,0.0,68711,<entities.dtn.DTN object at 0x118103460>,<entities.processor.Processor object at 0x118103c40>
132.28635000000003,0.0,68711,<entities.dtn.DTN object at 0x118103460>,<entities.processor.Processor object at 0x118103c40>
133.28635000000003,0.0,68711,<entities.dtn.DTN object at 0x118103460>,<entities.processor.Processor object at 0x118103c40>
134.28635000000003,0.0,68711,<entities.dtn.DTN object at 0x118103460>,<entities.processor.Processor object at 0x118103c40>
135.28635000000003,0.0,68711,<entities.dtn.DTN object at 0x118103460>,<entities.processor.Processor object at 0x118103c40>
136.28635000000003,0.0,68711,<entities.dtn.DTN object at 0x118103460>,<entities.processor.Processor object at 0x118103c40>
137.28635000000003,0.0,68711,<entities.dtn.DTN object at 0x118103460>,<entities.processor.Processor object at 0x118103c40>
138.28635000000003,0.0,68711,<entities.dtn.DTN object at 0x118103460>,<entities.processor.Processor object at 0x118103c40>
139.28635000000003,0.0,68711,<entities.dtn.DTN object at 0x118103460>,<entities.processor.Processor object at 0x118103c40>
140.28635000000003,0.0,68711,<entities.dtn.DTN object at 0x118103460>,<entities.processor.Processor object at 0x118103c40>
141.28635000000003,0.0,68711,<entities.dtn.DTN object at 0x118103460>,<entities.processor.Processor object at 0x118103c40>
142.28635000000003,0.0,68711,<entities.dtn.DTN object at 0x118103460>,<entities.processor.Processor object at 0x118103c40>
143.28635000000003,0.0,68711,<entities.dtn.DTN object at 0x118103460>,<entities.processor.Processor object at 0x118103c40>
144.28635000000003,0.0,68711,<entities.dtn.DTN object at 0x118103460>,<entities.processor.Processor object at 0x118103c40>
145.28635000000003,0.0,68711,<entities.dtn.DTN object at 0x118103460>,<entities.processor.Processor object at 0x118103c40>
146.28635000000003,0.0,68711,<entities.dtn.DTN object at 0x118103460>,<entities.processor.Processor object at 0x118103c40>
147.28635000000003,0.0,68711,<entities.dtn.DTN object at 0x118103460>,<entities.processor.Processor object at 0x118103c40>
148.28635000000003,0.0,68711,<entities.dtn.DTN object at 0x118103460>,<entities.processor.Processor object at 0x118103c40>
149.28635000000003,0.0,68711,<entities.dtn.DTN object at 0x118103460>,<entities.processor.Processor object at 0x118103c40>
150.28635000000003,0.0,68711,<entities.dtn.DTN object at 0x118103460>,<entities.processor.Processor object at 0x118103c40>
151.28635000000003,0.0,68711,<entities.dtn.DTN object at 0x118103460>,<entities.processor.Processor object at 0x118103c40>
152.28635000000003,0.0,68711,<entities.dtn.DTN object at 0x118103460>,<entities.processor.Processor object at 0x118103c40>
153.28635000000003,0.0,68711,<entities.dtn.DTN object at 0x118103460>,<entities.processor.Processor object at 0x118103c40>
154.28635000000003,0.0,68711,<entities.dtn.DTN object at 0x118103460>,<entities.processor.Processor object at 0x118103c40>
155.28635000000003,0.0,68711,<entities.dtn.DTN object at 0x118103460>,<entities.processor.Processor object at 0x118103c40>
156.28635000000003,0.0,68711,<entities.dtn.DTN object at 0x118103460>,<entities.processor.Processor object at 0x118103c40>
157.28635000000003,0.0,68711,<entities.dtn.DTN object at 0x118103460>,<entities.processor.Processor object at 0x118103c40>
158.28635000000003,0.0,68711,<entities.dtn.DTN object at 0x118103460>,<entities.processor.Processor object at 0x118103c40>
159.28635000000003,0.0,68711,<entities.dtn.DTN object at 0x118103460>,<entities.processor.Processor object at 0x118103c40>
160.28635000000003,0.0,68711,<entities.dtn.DTN object at 0x118103460>,<entities.processor.Processor object at 0x118103c40>
161.28635000000003,0.0,68711,<entities.dtn.DTN object at 0x118103460>,<entities.processor.Processor object at 0x118103c40>
162.28635000000003,0.0,68711,<entities.dtn.DTN object at 0x118103460>,<entities.processor.Processor object at 0x118103c40>
163.28635000000003,0.0,68711,<entities.dtn.DTN object at 0x118103460>,<entities.processor.Processor object at 0x118103c40>
164.28635000000003,0.0,68711,<entities.dtn.DTN object at 0x118103460>,<entities.processor.Processor object at 0x118103c40>
165.28635000000003,0.0,68711,<entities.dtn.DTN object at 0x118103460>,<entities.processor.Processor object at 0x118103c40>
166.28635000000003,0.0,68711,<entities.dtn.DTN object at 0x118103460>,<entities.processor.Processor object at 0x118103c40>
167.28635000000003,0.0,68711,<entities.dtn.DTN object at 0x118103460>,<entities.processor.Processor object at 0x118103c40>
168.28635000000003,0.0,68711,<entities.dtn.DTN object at 0x118103460>,<entities.processor.Processor object at 0x118103c40>
169.28635000000003,0.0,68711,<entities.dtn.DTN object at 0x118103460>,<entities.processor.Processor object at 0x118103c40>
170.28635000000003,0.0,68711,<entities.dtn.DTN object at 0x118103460>,<entities.processor.Processor object at 0x118103c40>
171.28635000000003,0.0,68711,<entities.dtn.DTN object at 0x118103460>,<entities.processor.Processor object at 0x118103c40>
172.28635000000003,0.0,68711,<entities.dtn.DTN object at 0x118103460>,<entities.processor.Processor object at 0x118103c40>
173.28635000000003,0.0,68711,<entities.dtn.DTN object at 0x118103460>,<entities.processor.Processor object at 0x118103c40>
174.28635000000003,0.0,68711,<entities.dtn.DTN object at 0x118103460>,<entities.processor.Processor object at 0x118103c40>
175.28635000000003,0.0,68711,<entities.dtn.DTN object at 0x118103460>,<entities.processor.Processor object at 0x118103c40>
176.28635000000003,0.0,68711,<entities.dtn.DTN object at 0x118103460>,<entities.processor.Processor object at 0x118103c40>
177.28635000000003,0.0,68711,<entities.dtn.DTN object at 0x118103460>,<entities.processor.Processor object at 0x118103c40>
178.28635000000003,0.0,68711,<entities.dtn.DTN object at 0x118103460>,<entities.processor.Processor object at 0x118103c40>
179.28635000000003,0.0,68711,<entities.dtn.DTN object at 0x118103460>,<entities.processor.Processor object at 0x118103c40>
180.28635000000003,0.0,68711,<entities.dtn.DTN object at 0x118103460>,<entities.processor.Processor object at 0x118103c40>
181.28635000000003,0.0,68711,<entities.dtn.DTN object at 0x118103460>,<entities.processor.Processor object at 0x118103c40>
182.28635000000003,0.0,68711,<entities.dtn.DTN object at 0x118103460>,<entities.processor.Processor object at 0x118103c40>
183.28635000000003,0.0,68711,<entities.dtn.DTN object at 0x118103460>,<entities.processor.Processor object at 0x118103c40>
184.28635000000003,0.0,68711,<entities.dtn.DTN object at 0x118103460>,<entities.processor.Processor object at 0x118103c40>
185.28635000000003,0.0,68711,<entities.dtn.DTN object at 0x118103460>,<entities.processor.Processor object at 0x118103c40>
186.28635000000003,0.0,68711,<entities.dtn.DTN object at 0x118103460>,<entities.processor.Processor object at 0x118103c40>
187.28635000000003,0.0,68711,<entities.dtn.DTN object at 0x118103460>,<entities.processor.Processor object at 0x118103c40>
188.28635000000003,0.0,68711,<entities.dtn.DTN object at 0x118103460>,<entities.processor.Processor object at 0x118103c40>
189.28635000000003,0.0,68711,<entities.dtn.DTN object at 0x118103460>,<entities.processor.Processor object at 0x118103c40>
190.28635000000003,0.0,68711,<entities.dtn.DTN object at 0x118103460>,<entities.processor.Processor object at 0x118103c40>
191.28635000000003,0.0,68711,<entities.dtn.DTN object at 0x118103460>,<entities.processor.Processor object at 0x118103c40>
192.28635000000003,0.0,68711,<entities.dtn.DTN object at 0x118103460>,<entities.processor.Processor object at 0x118103c40>
193.28635000000003,0.0,68711,<entities.dtn.DTN object at 0x118103460>,<entities.processor.Processor object at 0x118103c40>
194.28635000000003,0.0,68711,<entities.dtn.DTN object at 0x118103460>,<entities.processor.Processor object at 0x118103c40>
195.28635000000003,0.0,68711,<entities.dtn.DTN object at 0x118103460>,<entities.processor.Processor object at 0x118103c40>
196.28635000000003,0.0,68711,<entities.dtn.DTN object at 0x118103460>,<entities.processor.Processor object at 0x118103c40>
197.28635000000003,0.0,68711,<entities.dtn.DTN object at 0x118103460>,<entities.processor.Processor object at 0x118103c40>
198.28635000000003,0.0,68711,<entities.dtn.DTN object at 0x118103460>,<entities.processor.Processor object at 0x118103c40>
199.28635000000003,0.0,68711,<entities.dtn.DTN object at 0x118103460>,<entities.processor.Processor object at 0x118103c40>
