time,rtt,connection_id,src,dst
1.9011400000000005,0.4010400000000003,70157,<entities.dtn.DTN object at 0x11163b550>,<entities.processor.Processor object at 0x110db46d0>
2.101990000000001,0.2009100000000006,70157,<entities.dtn.DTN object at 0x11163b550>,<entities.processor.Processor object at 0x110db46d0>
2.102840000000001,0.2017300000000004,70157,<entities.dtn.DTN object at 0x11163b550>,<entities.processor.Processor object at 0x110db46d0>
2.203690000000001,0.10176000000000007,70157,<entities.dtn.DTN object at 0x11163b550>,<entities.processor.Processor object at 0x110db46d0>
2.2045400000000006,0.10257999999999967,70157,<entities.dtn.DTN object at 0x11163b550>,<entities.processor.Processor object at 0x110db46d0>
2.2053900000000004,0.10260999999999987,70157,<entities.dtn.DTN object at 0x11163b550>,<entities.processor.Processor object at 0x110db46d0>
2.20624,0.10342999999999947,70157,<entities.dtn.DTN object at 0x11163b550>,<entities.processor.Processor object at 0x110db46d0>
2.30709,0.10345999999999966,70157,<entities.dtn.DTN object at 0x11163b550>,<entities.processor.Processor object at 0x110db46d0>
2.30794,0.10427999999999926,70157,<entities.dtn.DTN object at 0x11163b550>,<entities.processor.Processor object at 0x110db46d0>
2.3087899999999997,0.10430999999999946,70157,<entities.dtn.DTN object at 0x11163b550>,<entities.processor.Processor object at 0x110db46d0>
2.3096399999999995,0.10512999999999906,70157,<entities.dtn.DTN object at 0x11163b550>,<entities.processor.Processor object at 0x110db46d0>
2.3104899999999993,0.10515999999999925,70157,<entities.dtn.DTN object at 0x11163b550>,<entities.processor.Processor object at 0x110db46d0>
2.311339999999999,0.10597999999999885,70157,<entities.dtn.DTN object at 0x11163b550>,<entities.processor.Processor object at 0x110db46d0>
2.312189999999999,0.10600999999999905,70157,<entities.dtn.DTN object at 0x11163b550>,<entities.processor.Processor object at 0x110db46d0>
2.3130399999999987,0.10682999999999865,70157,<entities.dtn.DTN object at 0x11163b550>,<entities.processor.Processor object at 0x110db46d0>
2.4138899999999985,0.10685999999999884,70157,<entities.dtn.DTN object at 0x11163b550>,<entities.processor.Processor object at 0x110db46d0>
2.4147399999999983,0.10767999999999844,70157,<entities.dtn.DTN object at 0x11163b550>,<entities.processor.Processor object at 0x110db46d0>
2.415589999999998,0.10770999999999864,70157,<entities.dtn.DTN object at 0x11163b550>,<entities.processor.Processor object at 0x110db46d0>
2.416439999999998,0.10852999999999824,70157,<entities.dtn.DTN object at 0x11163b550>,<entities.processor.Processor object at 0x110db46d0>
2.4172899999999977,0.10855999999999844,70157,<entities.dtn.DTN object at 0x11163b550>,<entities.processor.Processor object at 0x110db46d0>
2.4181399999999975,0.10937999999999803,70157,<entities.dtn.DTN object at 0x11163b550>,<entities.processor.Processor object at 0x110db46d0>
2.4189899999999973,0.10940999999999823,70157,<entities.dtn.DTN object at 0x11163b550>,<entities.processor.Processor object at 0x110db46d0>
2.419839999999997,0.11022999999999783,70157,<entities.dtn.DTN object at 0x11163b550>,<entities.processor.Processor object at 0x110db46d0>
2.520689999999997,0.21025999999999812,70157,<entities.dtn.DTN object at 0x11163b550>,<entities.processor.Processor object at 0x110db46d0>
2.521539999999997,0.21107999999999771,70157,<entities.dtn.DTN object at 0x11163b550>,<entities.processor.Processor object at 0x110db46d0>
2.5223899999999966,0.2111099999999979,70157,<entities.dtn.DTN object at 0x11163b550>,<entities.processor.Processor object at 0x110db46d0>
2.5232399999999964,0.2119299999999975,70157,<entities.dtn.DTN object at 0x11163b550>,<entities.processor.Processor object at 0x110db46d0>
2.524089999999996,0.2119599999999977,70157,<entities.dtn.DTN object at 0x11163b550>,<entities.processor.Processor object at 0x110db46d0>
2.524939999999996,0.2127799999999973,70157,<entities.dtn.DTN object at 0x11163b550>,<entities.processor.Processor object at 0x110db46d0>
2.5257899999999958,0.2128099999999975,70157,<entities.dtn.DTN object at 0x11163b550>,<entities.processor.Processor object at 0x110db46d0>
2.5266399999999956,0.2136299999999971,70157,<entities.dtn.DTN object at 0x11163b550>,<entities.processor.Processor object at 0x110db46d0>
2.6274899999999954,0.2136599999999973,70157,<entities.dtn.DTN object at 0x11163b550>,<entities.processor.Processor object at 0x110db46d0>
2.6283399999999952,0.2144799999999969,70157,<entities.dtn.DTN object at 0x11163b550>,<entities.processor.Processor object at 0x110db46d0>
2.629189999999995,0.2145099999999971,70157,<entities.dtn.DTN object at 0x11163b550>,<entities.processor.Processor object at 0x110db46d0>
2.630039999999995,0.2153299999999967,70157,<entities.dtn.DTN object at 0x11163b550>,<entities.processor.Processor object at 0x110db46d0>
2.6308899999999946,0.2153599999999969,70157,<entities.dtn.DTN object at 0x11163b550>,<entities.processor.Processor object at 0x110db46d0>
2.6317399999999944,0.21617999999999649,70157,<entities.dtn.DTN object at 0x11163b550>,<entities.processor.Processor object at 0x110db46d0>
2.632589999999994,0.21620999999999668,70157,<entities.dtn.DTN object at 0x11163b550>,<entities.processor.Processor object at 0x110db46d0>
2.633439999999994,0.21702999999999628,70157,<entities.dtn.DTN object at 0x11163b550>,<entities.processor.Processor object at 0x110db46d0>
2.634289999999994,0.21705999999999648,70157,<entities.dtn.DTN object at 0x11163b550>,<entities.processor.Processor object at 0x110db46d0>
2.6351399999999936,0.21787999999999608,70157,<entities.dtn.DTN object at 0x11163b550>,<entities.processor.Processor object at 0x110db46d0>
2.7359899999999935,0.31790999999999636,70157,<entities.dtn.DTN object at 0x11163b550>,<entities.processor.Processor object at 0x110db46d0>
2.7368399999999933,0.31872999999999596,70157,<entities.dtn.DTN object at 0x11163b550>,<entities.processor.Processor object at 0x110db46d0>
2.737689999999993,0.31875999999999616,70157,<entities.dtn.DTN object at 0x11163b550>,<entities.processor.Processor object at 0x110db46d0>
2.738539999999993,0.31957999999999576,70157,<entities.dtn.DTN object at 0x11163b550>,<entities.processor.Processor object at 0x110db46d0>
2.7393899999999927,0.31960999999999595,70157,<entities.dtn.DTN object at 0x11163b550>,<entities.processor.Processor object at 0x110db46d0>
2.7402399999999925,0.32042999999999555,70157,<entities.dtn.DTN object at 0x11163b550>,<entities.processor.Processor object at 0x110db46d0>
2.8410899999999923,0.32045999999999575,70157,<entities.dtn.DTN object at 0x11163b550>,<entities.processor.Processor object at 0x110db46d0>
2.841939999999992,0.32127999999999535,70157,<entities.dtn.DTN object at 0x11163b550>,<entities.processor.Processor object at 0x110db46d0>
2.842789999999992,0.32130999999999554,70157,<entities.dtn.DTN object at 0x11163b550>,<entities.processor.Processor object at 0x110db46d0>
2.8436399999999917,0.32212999999999514,70157,<entities.dtn.DTN object at 0x11163b550>,<entities.processor.Processor object at 0x110db46d0>
2.8444899999999915,0.32215999999999534,70157,<entities.dtn.DTN object at 0x11163b550>,<entities.processor.Processor object at 0x110db46d0>
2.8453399999999913,0.32297999999999494,70157,<entities.dtn.DTN object at 0x11163b550>,<entities.processor.Processor object at 0x110db46d0>
2.846189999999991,0.32300999999999513,70157,<entities.dtn.DTN object at 0x11163b550>,<entities.processor.Processor object at 0x110db46d0>
2.847039999999991,0.32382999999999473,70157,<entities.dtn.DTN object at 0x11163b550>,<entities.processor.Processor object at 0x110db46d0>
2.8478899999999907,0.32385999999999493,70157,<entities.dtn.DTN object at 0x11163b550>,<entities.processor.Processor object at 0x110db46d0>
2.9487399999999906,0.4246799999999946,70157,<entities.dtn.DTN object at 0x11163b550>,<entities.processor.Processor object at 0x110db46d0>
2.9495899999999904,0.4247099999999948,70157,<entities.dtn.DTN object at 0x11163b550>,<entities.processor.Processor object at 0x110db46d0>
2.95043999999999,0.4255299999999944,70157,<entities.dtn.DTN object at 0x11163b550>,<entities.processor.Processor object at 0x110db46d0>
2.95128999999999,0.4255599999999946,70157,<entities.dtn.DTN object at 0x11163b550>,<entities.processor.Processor object at 0x110db46d0>
2.9521399999999898,0.4263799999999942,70157,<entities.dtn.DTN object at 0x11163b550>,<entities.processor.Processor object at 0x110db46d0>
2.9529899999999896,0.4264099999999944,70157,<entities.dtn.DTN object at 0x11163b550>,<entities.processor.Processor object at 0x110db46d0>
2.9538399999999894,0.427229999999994,70157,<entities.dtn.DTN object at 0x11163b550>,<entities.processor.Processor object at 0x110db46d0>
3.0546899999999892,0.4272599999999942,70157,<entities.dtn.DTN object at 0x11163b550>,<entities.processor.Processor object at 0x110db46d0>
3.055509999999989,0.4280499999999936,70157,<entities.dtn.DTN object at 0x11163b550>,<entities.processor.Processor object at 0x110db46d0>
3.0563599999999886,0.4280799999999938,70157,<entities.dtn.DTN object at 0x11163b550>,<entities.processor.Processor object at 0x110db46d0>
3.0572099999999884,0.4288999999999934,70157,<entities.dtn.DTN object at 0x11163b550>,<entities.processor.Processor object at 0x110db46d0>
3.0580599999999882,0.4289299999999936,70157,<entities.dtn.DTN object at 0x11163b550>,<entities.processor.Processor object at 0x110db46d0>
3.058909999999988,0.4297499999999932,70157,<entities.dtn.DTN object at 0x11163b550>,<entities.processor.Processor object at 0x110db46d0>
3.059759999999988,0.4297799999999934,70157,<entities.dtn.DTN object at 0x11163b550>,<entities.processor.Processor object at 0x110db46d0>
3.0606099999999876,0.430599999999993,70157,<entities.dtn.DTN object at 0x11163b550>,<entities.processor.Processor object at 0x110db46d0>
3.1614599999999875,0.5306299999999933,70157,<entities.dtn.DTN object at 0x11163b550>,<entities.processor.Processor object at 0x110db46d0>
3.1623099999999873,0.5314499999999929,70157,<entities.dtn.DTN object at 0x11163b550>,<entities.processor.Processor object at 0x110db46d0>
3.163159999999987,0.5314799999999931,70157,<entities.dtn.DTN object at 0x11163b550>,<entities.processor.Processor object at 0x110db46d0>
3.164009999999987,0.5322999999999927,70157,<entities.dtn.DTN object at 0x11163b550>,<entities.processor.Processor object at 0x110db46d0>
3.1648599999999867,0.5323299999999929,70157,<entities.dtn.DTN object at 0x11163b550>,<entities.processor.Processor object at 0x110db46d0>
3.1657099999999865,0.5331499999999925,70157,<entities.dtn.DTN object at 0x11163b550>,<entities.processor.Processor object at 0x110db46d0>
3.1665599999999863,0.5331799999999927,70157,<entities.dtn.DTN object at 0x11163b550>,<entities.processor.Processor object at 0x110db46d0>
3.167409999999986,0.5339999999999923,70157,<entities.dtn.DTN object at 0x11163b550>,<entities.processor.Processor object at 0x110db46d0>
3.168259999999986,0.5340299999999925,70157,<entities.dtn.DTN object at 0x11163b550>,<entities.processor.Processor object at 0x110db46d0>
3.1691099999999857,0.534849999999992,70157,<entities.dtn.DTN object at 0x11163b550>,<entities.processor.Processor object at 0x110db46d0>
3.1699599999999855,0.5348799999999923,70157,<entities.dtn.DTN object at 0x11163b550>,<entities.processor.Processor object at 0x110db46d0>
3.2708099999999853,0.6356999999999919,70157,<entities.dtn.DTN object at 0x11163b550>,<entities.processor.Processor object at 0x110db46d0>
3.2716899999999853,0.5357599999999922,70157,<entities.dtn.DTN object at 0x11163b550>,<entities.processor.Processor object at 0x110db46d0>
3.272509999999985,0.5365499999999916,70157,<entities.dtn.DTN object at 0x11163b550>,<entities.processor.Processor object at 0x110db46d0>
3.2733599999999847,0.5365799999999918,70157,<entities.dtn.DTN object at 0x11163b550>,<entities.processor.Processor object at 0x110db46d0>
3.2742099999999845,0.5373999999999914,70157,<entities.dtn.DTN object at 0x11163b550>,<entities.processor.Processor object at 0x110db46d0>
3.2750599999999843,0.5374299999999916,70157,<entities.dtn.DTN object at 0x11163b550>,<entities.processor.Processor object at 0x110db46d0>
3.275909999999984,0.5382499999999912,70157,<entities.dtn.DTN object at 0x11163b550>,<entities.processor.Processor object at 0x110db46d0>
3.276759999999984,0.5382799999999914,70157,<entities.dtn.DTN object at 0x11163b550>,<entities.processor.Processor object at 0x110db46d0>
3.2776099999999837,0.539099999999991,70157,<entities.dtn.DTN object at 0x11163b550>,<entities.processor.Processor object at 0x110db46d0>
3.2784599999999835,0.5391299999999912,70157,<entities.dtn.DTN object at 0x11163b550>,<entities.processor.Processor object at 0x110db46d0>
3.3793099999999834,0.6399499999999909,70157,<entities.dtn.DTN object at 0x11163b550>,<entities.processor.Processor object at 0x110db46d0>
3.380159999999983,0.6399799999999911,70157,<entities.dtn.DTN object at 0x11163b550>,<entities.processor.Processor object at 0x110db46d0>
3.381009999999983,0.6407999999999907,70157,<entities.dtn.DTN object at 0x11163b550>,<entities.processor.Processor object at 0x110db46d0>
3.3818599999999828,0.5408299999999908,70157,<entities.dtn.DTN object at 0x11163b550>,<entities.processor.Processor object at 0x110db46d0>
3.3827099999999826,0.5416499999999904,70157,<entities.dtn.DTN object at 0x11163b550>,<entities.processor.Processor object at 0x110db46d0>
3.3835599999999824,0.5416799999999906,70157,<entities.dtn.DTN object at 0x11163b550>,<entities.processor.Processor object at 0x110db46d0>
3.384409999999982,0.5424999999999902,70157,<entities.dtn.DTN object at 0x11163b550>,<entities.processor.Processor object at 0x110db46d0>
3.385259999999982,0.5425299999999904,70157,<entities.dtn.DTN object at 0x11163b550>,<entities.processor.Processor object at 0x110db46d0>
3.3861099999999817,0.54334999999999,70157,<entities.dtn.DTN object at 0x11163b550>,<entities.processor.Processor object at 0x110db46d0>
3.4869599999999816,0.6433799999999903,70157,<entities.dtn.DTN object at 0x11163b550>,<entities.processor.Processor object at 0x110db46d0>
3.4878099999999814,0.6441999999999899,70157,<entities.dtn.DTN object at 0x11163b550>,<entities.processor.Processor object at 0x110db46d0>
3.4886899999999814,0.6442599999999903,70157,<entities.dtn.DTN object at 0x11163b550>,<entities.processor.Processor object at 0x110db46d0>
3.489509999999981,0.6450499999999897,70157,<entities.dtn.DTN object at 0x11163b550>,<entities.processor.Processor object at 0x110db46d0>
3.490359999999981,0.6450799999999899,70157,<entities.dtn.DTN object at 0x11163b550>,<entities.processor.Processor object at 0x110db46d0>
3.4912099999999806,0.6458999999999895,70157,<entities.dtn.DTN object at 0x11163b550>,<entities.processor.Processor object at 0x110db46d0>
3.4920599999999804,0.6459299999999897,70157,<entities.dtn.DTN object at 0x11163b550>,<entities.processor.Processor object at 0x110db46d0>
3.49290999999998,0.6467499999999893,70157,<entities.dtn.DTN object at 0x11163b550>,<entities.processor.Processor object at 0x110db46d0>
3.49375999999998,0.6467799999999895,70157,<entities.dtn.DTN object at 0x11163b550>,<entities.processor.Processor object at 0x110db46d0>
3.49460999999998,0.6475999999999891,70157,<entities.dtn.DTN object at 0x11163b550>,<entities.processor.Processor object at 0x110db46d0>
3.4954599999999796,0.6476299999999893,70157,<entities.dtn.DTN object at 0x11163b550>,<entities.processor.Processor object at 0x110db46d0>
3.5963099999999795,0.748449999999989,70157,<entities.dtn.DTN object at 0x11163b550>,<entities.processor.Processor object at 0x110db46d0>
3.5971599999999793,0.6484799999999891,70157,<entities.dtn.DTN object at 0x11163b550>,<entities.processor.Processor object at 0x110db46d0>
3.698009999999979,0.7492999999999888,70157,<entities.dtn.DTN object at 0x11163b550>,<entities.processor.Processor object at 0x110db46d0>
3.698859999999979,0.749329999999989,70157,<entities.dtn.DTN object at 0x11163b550>,<entities.processor.Processor object at 0x110db46d0>
3.6997099999999787,0.7501499999999885,70157,<entities.dtn.DTN object at 0x11163b550>,<entities.processor.Processor object at 0x110db46d0>
3.7005599999999785,0.7501799999999887,70157,<entities.dtn.DTN object at 0x11163b550>,<entities.processor.Processor object at 0x110db46d0>
3.7014099999999783,0.7509999999999883,70157,<entities.dtn.DTN object at 0x11163b550>,<entities.processor.Processor object at 0x110db46d0>
3.702259999999978,0.7510299999999885,70157,<entities.dtn.DTN object at 0x11163b550>,<entities.processor.Processor object at 0x110db46d0>
3.703109999999978,0.7518499999999881,70157,<entities.dtn.DTN object at 0x11163b550>,<entities.processor.Processor object at 0x110db46d0>
3.7039599999999777,0.7518799999999883,70157,<entities.dtn.DTN object at 0x11163b550>,<entities.processor.Processor object at 0x110db46d0>
3.7048099999999775,0.7526999999999879,70157,<entities.dtn.DTN object at 0x11163b550>,<entities.processor.Processor object at 0x110db46d0>
3.7056899999999775,0.7527599999999883,70157,<entities.dtn.DTN object at 0x11163b550>,<entities.processor.Processor object at 0x110db46d0>
3.806509999999977,0.8535499999999878,70157,<entities.dtn.DTN object at 0x11163b550>,<entities.processor.Processor object at 0x110db46d0>
3.807359999999977,0.853579999999988,70157,<entities.dtn.DTN object at 0x11163b550>,<entities.processor.Processor object at 0x110db46d0>
3.808209999999977,0.8543999999999876,70157,<entities.dtn.DTN object at 0x11163b550>,<entities.processor.Processor object at 0x110db46d0>
3.8090599999999766,0.7544299999999877,70157,<entities.dtn.DTN object at 0x11163b550>,<entities.processor.Processor object at 0x110db46d0>
3.8099099999999764,0.7552499999999873,70157,<entities.dtn.DTN object at 0x11163b550>,<entities.processor.Processor object at 0x110db46d0>
3.810759999999976,0.7552799999999875,70157,<entities.dtn.DTN object at 0x11163b550>,<entities.processor.Processor object at 0x110db46d0>
3.811609999999976,0.7552799999999875,70157,<entities.dtn.DTN object at 0x11163b550>,<entities.processor.Processor object at 0x110db46d0>
3.912459999999976,0.8552799999999876,70157,<entities.dtn.DTN object at 0x11163b550>,<entities.processor.Processor object at 0x110db46d0>
3.9133099999999756,0.8552799999999876,70157,<entities.dtn.DTN object at 0x11163b550>,<entities.processor.Processor object at 0x110db46d0>
3.9141599999999754,0.8552799999999876,70157,<entities.dtn.DTN object at 0x11163b550>,<entities.processor.Processor object at 0x110db46d0>
3.9150099999999752,0.8552799999999876,70157,<entities.dtn.DTN object at 0x11163b550>,<entities.processor.Processor object at 0x110db46d0>
3.915859999999975,0.8552799999999876,70157,<entities.dtn.DTN object at 0x11163b550>,<entities.processor.Processor object at 0x110db46d0>
4.016709999999974,0.8552799999999867,70157,<entities.dtn.DTN object at 0x11163b550>,<entities.processor.Processor object at 0x110db46d0>
4.017559999999974,0.8552799999999867,70157,<entities.dtn.DTN object at 0x11163b550>,<entities.processor.Processor object at 0x110db46d0>
4.018409999999974,0.8552799999999867,70157,<entities.dtn.DTN object at 0x11163b550>,<entities.processor.Processor object at 0x110db46d0>
4.019259999999973,0.8552799999999867,70157,<entities.dtn.DTN object at 0x11163b550>,<entities.processor.Processor object at 0x110db46d0>
4.020109999999973,0.8552799999999867,70157,<entities.dtn.DTN object at 0x11163b550>,<entities.processor.Processor object at 0x110db46d0>
4.0210899999999725,0.8554099999999862,70157,<entities.dtn.DTN object at 0x11163b550>,<entities.processor.Processor object at 0x110db46d0>
4.021939999999972,0.8554099999999862,70157,<entities.dtn.DTN object at 0x11163b550>,<entities.processor.Processor object at 0x110db46d0>
4.1228199999999715,0.9554399999999856,70157,<entities.dtn.DTN object at 0x11163b550>,<entities.processor.Processor object at 0x110db46d0>
4.1236399999999716,0.9554099999999859,70157,<entities.dtn.DTN object at 0x11163b550>,<entities.processor.Processor object at 0x110db46d0>
4.124489999999971,0.9554099999999859,70157,<entities.dtn.DTN object at 0x11163b550>,<entities.processor.Processor object at 0x110db46d0>
4.125339999999971,0.9554099999999859,70157,<entities.dtn.DTN object at 0x11163b550>,<entities.processor.Processor object at 0x110db46d0>
4.126179999999971,0.8553999999999862,70157,<entities.dtn.DTN object at 0x11163b550>,<entities.processor.Processor object at 0x110db46d0>
4.127009999999971,0.855379999999986,70157,<entities.dtn.DTN object at 0x11163b550>,<entities.processor.Processor object at 0x110db46d0>
4.127859999999971,0.8561999999999856,70157,<entities.dtn.DTN object at 0x11163b550>,<entities.processor.Processor object at 0x110db46d0>
4.128709999999971,0.8562299999999858,70157,<entities.dtn.DTN object at 0x11163b550>,<entities.processor.Processor object at 0x110db46d0>
4.12955999999997,0.8562299999999858,70157,<entities.dtn.DTN object at 0x11163b550>,<entities.processor.Processor object at 0x110db46d0>
4.13040999999997,0.8562299999999858,70157,<entities.dtn.DTN object at 0x11163b550>,<entities.processor.Processor object at 0x110db46d0>
4.23125999999997,0.9562299999999855,70157,<entities.dtn.DTN object at 0x11163b550>,<entities.processor.Processor object at 0x110db46d0>
4.232109999999969,0.9562299999999855,70157,<entities.dtn.DTN object at 0x11163b550>,<entities.processor.Processor object at 0x110db46d0>
4.232959999999969,0.9562299999999855,70157,<entities.dtn.DTN object at 0x11163b550>,<entities.processor.Processor object at 0x110db46d0>
4.233809999999969,0.9562299999999855,70157,<entities.dtn.DTN object at 0x11163b550>,<entities.processor.Processor object at 0x110db46d0>
4.234659999999969,0.9562299999999855,70157,<entities.dtn.DTN object at 0x11163b550>,<entities.processor.Processor object at 0x110db46d0>
4.235509999999969,0.8562299999999854,70157,<entities.dtn.DTN object at 0x11163b550>,<entities.processor.Processor object at 0x110db46d0>
4.236359999999968,0.8562299999999854,70157,<entities.dtn.DTN object at 0x11163b550>,<entities.processor.Processor object at 0x110db46d0>
4.237209999999968,0.8562299999999854,70157,<entities.dtn.DTN object at 0x11163b550>,<entities.processor.Processor object at 0x110db46d0>
4.238059999999968,0.8562299999999854,70157,<entities.dtn.DTN object at 0x11163b550>,<entities.processor.Processor object at 0x110db46d0>
4.338909999999967,0.956229999999985,70157,<entities.dtn.DTN object at 0x11163b550>,<entities.processor.Processor object at 0x110db46d0>
4.339759999999967,0.956229999999985,70157,<entities.dtn.DTN object at 0x11163b550>,<entities.processor.Processor object at 0x110db46d0>
4.340609999999967,0.956229999999985,70157,<entities.dtn.DTN object at 0x11163b550>,<entities.processor.Processor object at 0x110db46d0>
4.341459999999967,0.956229999999985,70157,<entities.dtn.DTN object at 0x11163b550>,<entities.processor.Processor object at 0x110db46d0>
4.342309999999967,0.956229999999985,70157,<entities.dtn.DTN object at 0x11163b550>,<entities.processor.Processor object at 0x110db46d0>
4.343159999999966,0.856229999999985,70157,<entities.dtn.DTN object at 0x11163b550>,<entities.processor.Processor object at 0x110db46d0>
4.344009999999966,0.856229999999985,70157,<entities.dtn.DTN object at 0x11163b550>,<entities.processor.Processor object at 0x110db46d0>
4.344859999999966,0.856229999999985,70157,<entities.dtn.DTN object at 0x11163b550>,<entities.processor.Processor object at 0x110db46d0>
4.345709999999966,0.8570499999999845,70157,<entities.dtn.DTN object at 0x11163b550>,<entities.processor.Processor object at 0x110db46d0>
4.446559999999965,0.9570799999999844,70157,<entities.dtn.DTN object at 0x11163b550>,<entities.processor.Processor object at 0x110db46d0>
4.447409999999965,0.9570799999999844,70157,<entities.dtn.DTN object at 0x11163b550>,<entities.processor.Processor object at 0x110db46d0>
4.448259999999965,0.9570799999999844,70157,<entities.dtn.DTN object at 0x11163b550>,<entities.processor.Processor object at 0x110db46d0>
4.449109999999965,0.9570799999999844,70157,<entities.dtn.DTN object at 0x11163b550>,<entities.processor.Processor object at 0x110db46d0>
4.449959999999964,0.9570799999999844,70157,<entities.dtn.DTN object at 0x11163b550>,<entities.processor.Processor object at 0x110db46d0>
4.450809999999964,0.9570799999999844,70157,<entities.dtn.DTN object at 0x11163b550>,<entities.processor.Processor object at 0x110db46d0>
4.451659999999964,0.9570799999999844,70157,<entities.dtn.DTN object at 0x11163b550>,<entities.processor.Processor object at 0x110db46d0>
4.452509999999964,0.9570799999999844,70157,<entities.dtn.DTN object at 0x11163b550>,<entities.processor.Processor object at 0x110db46d0>
4.453359999999964,0.8570799999999843,70157,<entities.dtn.DTN object at 0x11163b550>,<entities.processor.Processor object at 0x110db46d0>
4.554209999999963,0.9570799999999839,70157,<entities.dtn.DTN object at 0x11163b550>,<entities.processor.Processor object at 0x110db46d0>
4.6550599999999625,0.9570799999999835,70157,<entities.dtn.DTN object at 0x11163b550>,<entities.processor.Processor object at 0x110db46d0>
4.655909999999962,0.9570799999999835,70157,<entities.dtn.DTN object at 0x11163b550>,<entities.processor.Processor object at 0x110db46d0>
4.656759999999962,0.9570799999999835,70157,<entities.dtn.DTN object at 0x11163b550>,<entities.processor.Processor object at 0x110db46d0>
4.657609999999962,0.9570799999999835,70157,<entities.dtn.DTN object at 0x11163b550>,<entities.processor.Processor object at 0x110db46d0>
4.658459999999962,0.9570799999999835,70157,<entities.dtn.DTN object at 0x11163b550>,<entities.processor.Processor object at 0x110db46d0>
4.659309999999961,0.9570799999999835,70157,<entities.dtn.DTN object at 0x11163b550>,<entities.processor.Processor object at 0x110db46d0>
4.660159999999961,0.9570799999999835,70157,<entities.dtn.DTN object at 0x11163b550>,<entities.processor.Processor object at 0x110db46d0>
4.661009999999961,0.9570799999999835,70157,<entities.dtn.DTN object at 0x11163b550>,<entities.processor.Processor object at 0x110db46d0>
4.661859999999961,0.9570799999999835,70157,<entities.dtn.DTN object at 0x11163b550>,<entities.processor.Processor object at 0x110db46d0>
4.76270999999996,1.0570799999999831,70157,<entities.dtn.DTN object at 0x11163b550>,<entities.processor.Processor object at 0x110db46d0>
4.76355999999996,1.0578999999999827,70157,<entities.dtn.DTN object at 0x11163b550>,<entities.processor.Processor object at 0x110db46d0>
4.76440999999996,0.9579299999999829,70157,<entities.dtn.DTN object at 0x11163b550>,<entities.processor.Processor object at 0x110db46d0>
4.76525999999996,0.9579299999999829,70157,<entities.dtn.DTN object at 0x11163b550>,<entities.processor.Processor object at 0x110db46d0>
4.866109999999959,1.0579299999999825,70157,<entities.dtn.DTN object at 0x11163b550>,<entities.processor.Processor object at 0x110db46d0>
4.866959999999959,1.0579299999999825,70157,<entities.dtn.DTN object at 0x11163b550>,<entities.processor.Processor object at 0x110db46d0>
4.867809999999959,1.0579299999999825,70157,<entities.dtn.DTN object at 0x11163b550>,<entities.processor.Processor object at 0x110db46d0>
4.8686599999999585,1.0579299999999825,70157,<entities.dtn.DTN object at 0x11163b550>,<entities.processor.Processor object at 0x110db46d0>
4.869509999999958,1.0579299999999825,70157,<entities.dtn.DTN object at 0x11163b550>,<entities.processor.Processor object at 0x110db46d0>
4.970359999999958,1.057929999999982,70157,<entities.dtn.DTN object at 0x11163b550>,<entities.processor.Processor object at 0x110db46d0>
4.9712099999999575,1.057929999999982,70157,<entities.dtn.DTN object at 0x11163b550>,<entities.processor.Processor object at 0x110db46d0>
4.972059999999957,1.057929999999982,70157,<entities.dtn.DTN object at 0x11163b550>,<entities.processor.Processor object at 0x110db46d0>
4.972909999999957,1.057929999999982,70157,<entities.dtn.DTN object at 0x11163b550>,<entities.processor.Processor object at 0x110db46d0>
4.973759999999957,1.057929999999982,70157,<entities.dtn.DTN object at 0x11163b550>,<entities.processor.Processor object at 0x110db46d0>
5.074609999999956,1.057929999999982,70157,<entities.dtn.DTN object at 0x11163b550>,<entities.processor.Processor object at 0x110db46d0>
5.075459999999956,1.057929999999982,70157,<entities.dtn.DTN object at 0x11163b550>,<entities.processor.Processor object at 0x110db46d0>
5.076309999999956,1.057929999999982,70157,<entities.dtn.DTN object at 0x11163b550>,<entities.processor.Processor object at 0x110db46d0>
5.077159999999956,1.057929999999982,70157,<entities.dtn.DTN object at 0x11163b550>,<entities.processor.Processor object at 0x110db46d0>
5.178009999999955,1.1579299999999817,70157,<entities.dtn.DTN object at 0x11163b550>,<entities.processor.Processor object at 0x110db46d0>
5.179709999999955,1.158649999999982,70157,<entities.dtn.DTN object at 0x11163b550>,<entities.processor.Processor object at 0x110db46d0>
5.1805599999999545,1.158649999999982,70157,<entities.dtn.DTN object at 0x11163b550>,<entities.processor.Processor object at 0x110db46d0>
5.281409999999954,1.158649999999982,70157,<entities.dtn.DTN object at 0x11163b550>,<entities.processor.Processor object at 0x110db46d0>
5.282259999999954,1.159469999999982,70157,<entities.dtn.DTN object at 0x11163b550>,<entities.processor.Processor object at 0x110db46d0>
5.283109999999954,1.1594999999999818,70157,<entities.dtn.DTN object at 0x11163b550>,<entities.processor.Processor object at 0x110db46d0>
5.283959999999953,1.1594999999999818,70157,<entities.dtn.DTN object at 0x11163b550>,<entities.processor.Processor object at 0x110db46d0>
5.284809999999953,1.1594999999999818,70157,<entities.dtn.DTN object at 0x11163b550>,<entities.processor.Processor object at 0x110db46d0>
5.2854099999999535,1.1592499999999824,70157,<entities.dtn.DTN object at 0x11163b550>,<entities.processor.Processor object at 0x110db46d0>
5.1789199999999544,1.158839999999981,66640,<entities.dtn.DTN object at 0x11163b550>,<entities.processor.Processor object at 0x111644a90>
5.487139999999952,0.3082799999999972,66640,<entities.dtn.DTN object at 0x11163b550>,<entities.processor.Processor object at 0x111644a90>
5.487989999999952,0.30909999999999727,66640,<entities.dtn.DTN object at 0x11163b550>,<entities.processor.Processor object at 0x111644a90>
5.588839999999951,0.10172999999999899,66640,<entities.dtn.DTN object at 0x11163b550>,<entities.processor.Processor object at 0x111644a90>
5.689689999999951,0.20172999999999863,66640,<entities.dtn.DTN object at 0x11163b550>,<entities.processor.Processor object at 0x111644a90>
5.690539999999951,0.10172999999999899,66640,<entities.dtn.DTN object at 0x11163b550>,<entities.processor.Processor object at 0x111644a90>
5.79138999999995,0.10172999999999899,66640,<entities.dtn.DTN object at 0x11163b550>,<entities.processor.Processor object at 0x111644a90>
5.79223999999995,0.10172999999999899,66640,<entities.dtn.DTN object at 0x11163b550>,<entities.processor.Processor object at 0x111644a90>
5.893089999999949,0.10172999999999899,66640,<entities.dtn.DTN object at 0x11163b550>,<entities.processor.Processor object at 0x111644a90>
5.893939999999949,0.10172999999999899,66640,<entities.dtn.DTN object at 0x11163b550>,<entities.processor.Processor object at 0x111644a90>
6.094789999999948,0.20172999999999863,66640,<entities.dtn.DTN object at 0x11163b550>,<entities.processor.Processor object at 0x111644a90>
6.095639999999948,0.20172999999999863,66640,<entities.dtn.DTN object at 0x11163b550>,<entities.processor.Processor object at 0x111644a90>
6.396489999999947,0.3017299999999983,66640,<entities.dtn.DTN object at 0x11163b550>,<entities.processor.Processor object at 0x111644a90>
6.3973399999999465,0.3017299999999983,66640,<entities.dtn.DTN object at 0x11163b550>,<entities.processor.Processor object at 0x111644a90>
6.8981899999999445,0.5017299999999976,66640,<entities.dtn.DTN object at 0x11163b550>,<entities.processor.Processor object at 0x111644a90>
6.899039999999944,0.5017299999999976,66640,<entities.dtn.DTN object at 0x11163b550>,<entities.processor.Processor object at 0x111644a90>
45.70472000000087,38.80656000000092,66640,<entities.dtn.DTN object at 0x11163b550>,<entities.processor.Processor object at 0x111644a90>
45.70557000000087,38.80656000000092,66640,<entities.dtn.DTN object at 0x11163b550>,<entities.processor.Processor object at 0x111644a90>
45.81240000000087,0.10771000000000441,66640,<entities.dtn.DTN object at 0x11163b550>,<entities.processor.Processor object at 0x111644a90>
45.81322000000087,0.107680000000002,66640,<entities.dtn.DTN object at 0x11163b550>,<entities.processor.Processor object at 0x111644a90>
45.91662000000087,0.10428000000000281,66640,<entities.dtn.DTN object at 0x11163b550>,<entities.processor.Processor object at 0x111644a90>
46.01747000000087,0.20510000000000161,66640,<entities.dtn.DTN object at 0x11163b550>,<entities.processor.Processor object at 0x111644a90>
46.01832000000087,0.20513000000000403,66640,<entities.dtn.DTN object at 0x11163b550>,<entities.processor.Processor object at 0x111644a90>
46.02257000000087,0.1059800000000024,66640,<entities.dtn.DTN object at 0x11163b550>,<entities.processor.Processor object at 0x111644a90>
46.12342000000087,0.1059800000000024,66640,<entities.dtn.DTN object at 0x11163b550>,<entities.processor.Processor object at 0x111644a90>
46.12427000000087,0.1059800000000024,66640,<entities.dtn.DTN object at 0x11163b550>,<entities.processor.Processor object at 0x111644a90>
46.23192000000087,0.209380000000003,66640,<entities.dtn.DTN object at 0x11163b550>,<entities.processor.Processor object at 0x111644a90>
46.23277000000087,0.10938000000000159,66640,<entities.dtn.DTN object at 0x11163b550>,<entities.processor.Processor object at 0x111644a90>
46.23362000000087,0.10938000000000159,66640,<entities.dtn.DTN object at 0x11163b550>,<entities.processor.Processor object at 0x111644a90>
46.44807000000087,0.21618000000000137,66640,<entities.dtn.DTN object at 0x11163b550>,<entities.processor.Processor object at 0x111644a90>
46.44892000000087,0.21618000000000137,66640,<entities.dtn.DTN object at 0x11163b550>,<entities.processor.Processor object at 0x111644a90>
46.44977000000087,0.21618000000000137,66640,<entities.dtn.DTN object at 0x11163b550>,<entities.processor.Processor object at 0x111644a90>
46.87782000000087,0.42978000000000094,66640,<entities.dtn.DTN object at 0x11163b550>,<entities.processor.Processor object at 0x111644a90>
46.87867000000087,0.42978000000000094,66640,<entities.dtn.DTN object at 0x11163b550>,<entities.processor.Processor object at 0x111644a90>
46.879520000000866,0.42978000000000094,66640,<entities.dtn.DTN object at 0x11163b550>,<entities.processor.Processor object at 0x111644a90>
47.834770000000866,0.9569800000000015,66640,<entities.dtn.DTN object at 0x11163b550>,<entities.processor.Processor object at 0x111644a90>
47.835620000000866,0.9569800000000015,66640,<entities.dtn.DTN object at 0x11163b550>,<entities.processor.Processor object at 0x111644a90>
47.836470000000865,0.9569800000000015,66640,<entities.dtn.DTN object at 0x11163b550>,<entities.processor.Processor object at 0x111644a90>
48.895120000000865,1.060380000000002,66640,<entities.dtn.DTN object at 0x11163b550>,<entities.processor.Processor object at 0x111644a90>
48.895970000000865,1.060380000000002,66640,<entities.dtn.DTN object at 0x11163b550>,<entities.processor.Processor object at 0x111644a90>
48.99682000000087,1.1603800000000035,66640,<entities.dtn.DTN object at 0x11163b550>,<entities.processor.Processor object at 0x111644a90>
49.416120000000866,0.5210300000000032,66640,<entities.dtn.DTN object at 0x11163b550>,<entities.processor.Processor object at 0x111644a90>
49.416970000000866,0.5210300000000032,66640,<entities.dtn.DTN object at 0x11163b550>,<entities.processor.Processor object at 0x111644a90>
49.417820000000866,0.4210300000000018,66640,<entities.dtn.DTN object at 0x11163b550>,<entities.processor.Processor object at 0x111644a90>
49.61867000000087,0.20258000000000465,66640,<entities.dtn.DTN object at 0x11163b550>,<entities.processor.Processor object at 0x111644a90>
49.61952000000087,0.20258000000000465,66640,<entities.dtn.DTN object at 0x11163b550>,<entities.processor.Processor object at 0x111644a90>
49.62037000000087,0.20258000000000465,66640,<entities.dtn.DTN object at 0x11163b550>,<entities.processor.Processor object at 0x111644a90>
49.92122000000087,0.30258000000000607,66640,<entities.dtn.DTN object at 0x11163b550>,<entities.processor.Processor object at 0x111644a90>
49.92207000000087,0.30258000000000607,66640,<entities.dtn.DTN object at 0x11163b550>,<entities.processor.Processor object at 0x111644a90>
49.92292000000087,0.30258000000000607,66640,<entities.dtn.DTN object at 0x11163b550>,<entities.processor.Processor object at 0x111644a90>
50.02377000000087,0.10258000000000322,66640,<entities.dtn.DTN object at 0x11163b550>,<entities.processor.Processor object at 0x111644a90>
50.02462000000087,0.10258000000000322,66640,<entities.dtn.DTN object at 0x11163b550>,<entities.processor.Processor object at 0x111644a90>
50.02547000000087,0.10258000000000322,66640,<entities.dtn.DTN object at 0x11163b550>,<entities.processor.Processor object at 0x111644a90>
50.126320000000874,0.10258000000000322,66640,<entities.dtn.DTN object at 0x11163b550>,<entities.processor.Processor object at 0x111644a90>
50.227170000000875,0.20258000000000465,66640,<entities.dtn.DTN object at 0x11163b550>,<entities.processor.Processor object at 0x111644a90>
50.228020000000875,0.20258000000000465,66640,<entities.dtn.DTN object at 0x11163b550>,<entities.processor.Processor object at 0x111644a90>
50.228870000000875,0.10258000000000322,66640,<entities.dtn.DTN object at 0x11163b550>,<entities.processor.Processor object at 0x111644a90>
50.329720000000876,0.10258000000000322,66640,<entities.dtn.DTN object at 0x11163b550>,<entities.processor.Processor object at 0x111644a90>
50.330570000000876,0.10258000000000322,66640,<entities.dtn.DTN object at 0x11163b550>,<entities.processor.Processor object at 0x111644a90>
50.43142000000088,0.20258000000000465,66640,<entities.dtn.DTN object at 0x11163b550>,<entities.processor.Processor object at 0x111644a90>
50.43227000000088,0.10258000000000322,66640,<entities.dtn.DTN object at 0x11163b550>,<entities.processor.Processor object at 0x111644a90>
50.433120000000876,0.10258000000000322,66640,<entities.dtn.DTN object at 0x11163b550>,<entities.processor.Processor object at 0x111644a90>
50.53397000000088,0.10258000000000322,66640,<entities.dtn.DTN object at 0x11163b550>,<entities.processor.Processor object at 0x111644a90>
50.53482000000088,0.10258000000000322,66640,<entities.dtn.DTN object at 0x11163b550>,<entities.processor.Processor object at 0x111644a90>
50.53567000000088,0.10258000000000322,66640,<entities.dtn.DTN object at 0x11163b550>,<entities.processor.Processor object at 0x111644a90>
50.73652000000088,0.20258000000000465,66640,<entities.dtn.DTN object at 0x11163b550>,<entities.processor.Processor object at 0x111644a90>
50.73737000000088,0.20258000000000465,66640,<entities.dtn.DTN object at 0x11163b550>,<entities.processor.Processor object at 0x111644a90>
50.73822000000088,0.20258000000000465,66640,<entities.dtn.DTN object at 0x11163b550>,<entities.processor.Processor object at 0x111644a90>
50.93907000000088,0.20258000000000465,66640,<entities.dtn.DTN object at 0x11163b550>,<entities.processor.Processor object at 0x111644a90>
50.93992000000088,0.20258000000000465,66640,<entities.dtn.DTN object at 0x11163b550>,<entities.processor.Processor object at 0x111644a90>
50.94077000000088,0.20258000000000465,66640,<entities.dtn.DTN object at 0x11163b550>,<entities.processor.Processor object at 0x111644a90>
51.241620000000886,0.30258000000000607,66640,<entities.dtn.DTN object at 0x11163b550>,<entities.processor.Processor object at 0x111644a90>
51.242470000000885,0.30258000000000607,66640,<entities.dtn.DTN object at 0x11163b550>,<entities.processor.Processor object at 0x111644a90>
51.243320000000885,0.30258000000000607,66640,<entities.dtn.DTN object at 0x11163b550>,<entities.processor.Processor object at 0x111644a90>
51.34417000000089,0.10258000000000322,66640,<entities.dtn.DTN object at 0x11163b550>,<entities.processor.Processor object at 0x111644a90>
51.345020000000886,0.10258000000000322,66640,<entities.dtn.DTN object at 0x11163b550>,<entities.processor.Processor object at 0x111644a90>
51.345870000000886,0.10258000000000322,66640,<entities.dtn.DTN object at 0x11163b550>,<entities.processor.Processor object at 0x111644a90>
51.54672000000089,0.20258000000000465,66640,<entities.dtn.DTN object at 0x11163b550>,<entities.processor.Processor object at 0x111644a90>
51.54757000000089,0.20258000000000465,66640,<entities.dtn.DTN object at 0x11163b550>,<entities.processor.Processor object at 0x111644a90>
51.54842000000089,0.20258000000000465,66640,<entities.dtn.DTN object at 0x11163b550>,<entities.processor.Processor object at 0x111644a90>
51.64927000000089,0.10258000000000322,66640,<entities.dtn.DTN object at 0x11163b550>,<entities.processor.Processor object at 0x111644a90>
51.65012000000089,0.10258000000000322,66640,<entities.dtn.DTN object at 0x11163b550>,<entities.processor.Processor object at 0x111644a90>
51.65097000000089,0.10258000000000322,66640,<entities.dtn.DTN object at 0x11163b550>,<entities.processor.Processor object at 0x111644a90>
51.75182000000089,0.10258000000000322,66640,<entities.dtn.DTN object at 0x11163b550>,<entities.processor.Processor object at 0x111644a90>
51.75267000000089,0.10258000000000322,66640,<entities.dtn.DTN object at 0x11163b550>,<entities.processor.Processor object at 0x111644a90>
51.75352000000089,0.10258000000000322,66640,<entities.dtn.DTN object at 0x11163b550>,<entities.processor.Processor object at 0x111644a90>
51.85437000000089,0.10258000000000322,66640,<entities.dtn.DTN object at 0x11163b550>,<entities.processor.Processor object at 0x111644a90>
51.95522000000089,0.20258000000000465,66640,<entities.dtn.DTN object at 0x11163b550>,<entities.processor.Processor object at 0x111644a90>
51.95607000000089,0.20258000000000465,66640,<entities.dtn.DTN object at 0x11163b550>,<entities.processor.Processor object at 0x111644a90>
51.95692000000089,0.10258000000000322,66640,<entities.dtn.DTN object at 0x11163b550>,<entities.processor.Processor object at 0x111644a90>
52.05777000000089,0.10258000000000322,66640,<entities.dtn.DTN object at 0x11163b550>,<entities.processor.Processor object at 0x111644a90>
52.05862000000089,0.10258000000000322,66640,<entities.dtn.DTN object at 0x11163b550>,<entities.processor.Processor object at 0x111644a90>
52.05947000000089,0.10258000000000322,66640,<entities.dtn.DTN object at 0x11163b550>,<entities.processor.Processor object at 0x111644a90>
52.160320000000894,0.10258000000000322,66640,<entities.dtn.DTN object at 0x11163b550>,<entities.processor.Processor object at 0x111644a90>
52.161170000000894,0.10258000000000322,66640,<entities.dtn.DTN object at 0x11163b550>,<entities.processor.Processor object at 0x111644a90>
52.162020000000894,0.10258000000000322,66640,<entities.dtn.DTN object at 0x11163b550>,<entities.processor.Processor object at 0x111644a90>
52.262870000000895,0.10258000000000322,66640,<entities.dtn.DTN object at 0x11163b550>,<entities.processor.Processor object at 0x111644a90>
52.263720000000895,0.10258000000000322,66640,<entities.dtn.DTN object at 0x11163b550>,<entities.processor.Processor object at 0x111644a90>
52.264570000000894,0.10258000000000322,66640,<entities.dtn.DTN object at 0x11163b550>,<entities.processor.Processor object at 0x111644a90>
52.365420000000896,0.10258000000000322,66640,<entities.dtn.DTN object at 0x11163b550>,<entities.processor.Processor object at 0x111644a90>
52.366270000000895,0.10258000000000322,66640,<entities.dtn.DTN object at 0x11163b550>,<entities.processor.Processor object at 0x111644a90>
52.367120000000895,0.10258000000000322,66640,<entities.dtn.DTN object at 0x11163b550>,<entities.processor.Processor object at 0x111644a90>
52.5679700000009,0.20258000000000465,66640,<entities.dtn.DTN object at 0x11163b550>,<entities.processor.Processor object at 0x111644a90>
52.5688200000009,0.20258000000000465,66640,<entities.dtn.DTN object at 0x11163b550>,<entities.processor.Processor object at 0x111644a90>
52.5696700000009,0.20258000000000465,66640,<entities.dtn.DTN object at 0x11163b550>,<entities.processor.Processor object at 0x111644a90>
52.7705200000009,0.20258000000000465,66640,<entities.dtn.DTN object at 0x11163b550>,<entities.processor.Processor object at 0x111644a90>
52.7713700000009,0.20258000000000465,66640,<entities.dtn.DTN object at 0x11163b550>,<entities.processor.Processor object at 0x111644a90>
52.7722200000009,0.20258000000000465,66640,<entities.dtn.DTN object at 0x11163b550>,<entities.processor.Processor object at 0x111644a90>
52.8730700000009,0.10258000000000322,66640,<entities.dtn.DTN object at 0x11163b550>,<entities.processor.Processor object at 0x111644a90>
52.8739200000009,0.10258000000000322,66640,<entities.dtn.DTN object at 0x11163b550>,<entities.processor.Processor object at 0x111644a90>
52.8747700000009,0.10258000000000322,66640,<entities.dtn.DTN object at 0x11163b550>,<entities.processor.Processor object at 0x111644a90>
52.9756200000009,0.10258000000000322,66640,<entities.dtn.DTN object at 0x11163b550>,<entities.processor.Processor object at 0x111644a90>
52.9764700000009,0.10258000000000322,66640,<entities.dtn.DTN object at 0x11163b550>,<entities.processor.Processor object at 0x111644a90>
52.9773200000009,0.10258000000000322,66640,<entities.dtn.DTN object at 0x11163b550>,<entities.processor.Processor object at 0x111644a90>
53.0781700000009,0.10258000000000322,66640,<entities.dtn.DTN object at 0x11163b550>,<entities.processor.Processor object at 0x111644a90>
53.0790200000009,0.10258000000000322,66640,<entities.dtn.DTN object at 0x11163b550>,<entities.processor.Processor object at 0x111644a90>
53.0798700000009,0.10258000000000322,66640,<entities.dtn.DTN object at 0x11163b550>,<entities.processor.Processor object at 0x111644a90>
53.1807200000009,0.10258000000000322,66640,<entities.dtn.DTN object at 0x11163b550>,<entities.processor.Processor object at 0x111644a90>
53.1815700000009,0.10258000000000322,66640,<entities.dtn.DTN object at 0x11163b550>,<entities.processor.Processor object at 0x111644a90>
53.1824200000009,0.10258000000000322,66640,<entities.dtn.DTN object at 0x11163b550>,<entities.processor.Processor object at 0x111644a90>
53.283270000000904,0.10258000000000322,66640,<entities.dtn.DTN object at 0x11163b550>,<entities.processor.Processor object at 0x111644a90>
53.284120000000904,0.10258000000000322,66640,<entities.dtn.DTN object at 0x11163b550>,<entities.processor.Processor object at 0x111644a90>
53.284970000000904,0.10258000000000322,66640,<entities.dtn.DTN object at 0x11163b550>,<entities.processor.Processor object at 0x111644a90>
53.385820000000905,0.10258000000000322,66640,<entities.dtn.DTN object at 0x11163b550>,<entities.processor.Processor object at 0x111644a90>
53.386670000000905,0.10258000000000322,66640,<entities.dtn.DTN object at 0x11163b550>,<entities.processor.Processor object at 0x111644a90>
53.387520000000904,0.10258000000000322,66640,<entities.dtn.DTN object at 0x11163b550>,<entities.processor.Processor object at 0x111644a90>
53.488370000000906,0.10258000000000322,66640,<entities.dtn.DTN object at 0x11163b550>,<entities.processor.Processor object at 0x111644a90>
53.489220000000905,0.10258000000000322,66640,<entities.dtn.DTN object at 0x11163b550>,<entities.processor.Processor object at 0x111644a90>
53.490070000000905,0.10258000000000322,66640,<entities.dtn.DTN object at 0x11163b550>,<entities.processor.Processor object at 0x111644a90>
53.69092000000091,0.20258000000000465,66640,<entities.dtn.DTN object at 0x11163b550>,<entities.processor.Processor object at 0x111644a90>
53.69177000000091,0.20258000000000465,66640,<entities.dtn.DTN object at 0x11163b550>,<entities.processor.Processor object at 0x111644a90>
53.69262000000091,0.20258000000000465,66640,<entities.dtn.DTN object at 0x11163b550>,<entities.processor.Processor object at 0x111644a90>
53.79347000000091,0.10258000000000322,66640,<entities.dtn.DTN object at 0x11163b550>,<entities.processor.Processor object at 0x111644a90>
53.79432000000091,0.10258000000000322,66640,<entities.dtn.DTN object at 0x11163b550>,<entities.processor.Processor object at 0x111644a90>
53.89517000000091,0.20258000000000465,66640,<entities.dtn.DTN object at 0x11163b550>,<entities.processor.Processor object at 0x111644a90>
53.89602000000091,0.10258000000000322,66640,<entities.dtn.DTN object at 0x11163b550>,<entities.processor.Processor object at 0x111644a90>
53.89687000000091,0.10258000000000322,66640,<entities.dtn.DTN object at 0x11163b550>,<entities.processor.Processor object at 0x111644a90>
53.99772000000091,0.10258000000000322,66640,<entities.dtn.DTN object at 0x11163b550>,<entities.processor.Processor object at 0x111644a90>
54.09857000000091,0.20258000000000465,66640,<entities.dtn.DTN object at 0x11163b550>,<entities.processor.Processor object at 0x111644a90>
54.09942000000091,0.20258000000000465,66640,<entities.dtn.DTN object at 0x11163b550>,<entities.processor.Processor object at 0x111644a90>
54.20027000000091,0.20258000000000465,66640,<entities.dtn.DTN object at 0x11163b550>,<entities.processor.Processor object at 0x111644a90>
54.301120000000914,0.20258000000000465,66640,<entities.dtn.DTN object at 0x11163b550>,<entities.processor.Processor object at 0x111644a90>
54.301970000000914,0.20258000000000465,66640,<entities.dtn.DTN object at 0x11163b550>,<entities.processor.Processor object at 0x111644a90>
54.402820000000915,0.20258000000000465,66640,<entities.dtn.DTN object at 0x11163b550>,<entities.processor.Processor object at 0x111644a90>
54.403670000000915,0.10258000000000322,66640,<entities.dtn.DTN object at 0x11163b550>,<entities.processor.Processor object at 0x111644a90>
54.504520000000916,0.20258000000000465,66640,<entities.dtn.DTN object at 0x11163b550>,<entities.processor.Processor object at 0x111644a90>
54.505370000000916,0.10258000000000322,66640,<entities.dtn.DTN object at 0x11163b550>,<entities.processor.Processor object at 0x111644a90>
54.506220000000916,0.10258000000000322,66640,<entities.dtn.DTN object at 0x11163b550>,<entities.processor.Processor object at 0x111644a90>
54.60707000000092,0.10258000000000322,66640,<entities.dtn.DTN object at 0x11163b550>,<entities.processor.Processor object at 0x111644a90>
54.60792000000092,0.10258000000000322,66640,<entities.dtn.DTN object at 0x11163b550>,<entities.processor.Processor object at 0x111644a90>
54.608770000000916,0.10258000000000322,66640,<entities.dtn.DTN object at 0x11163b550>,<entities.processor.Processor object at 0x111644a90>
54.90962000000092,0.30258000000000607,66640,<entities.dtn.DTN object at 0x11163b550>,<entities.processor.Processor object at 0x111644a90>
54.91047000000092,0.30258000000000607,66640,<entities.dtn.DTN object at 0x11163b550>,<entities.processor.Processor object at 0x111644a90>
54.91132000000092,0.30258000000000607,66640,<entities.dtn.DTN object at 0x11163b550>,<entities.processor.Processor object at 0x111644a90>
55.11217000000092,0.20258000000000465,66640,<entities.dtn.DTN object at 0x11163b550>,<entities.processor.Processor object at 0x111644a90>
55.11302000000092,0.20258000000000465,66640,<entities.dtn.DTN object at 0x11163b550>,<entities.processor.Processor object at 0x111644a90>
55.11387000000092,0.20258000000000465,66640,<entities.dtn.DTN object at 0x11163b550>,<entities.processor.Processor object at 0x111644a90>
55.21472000000092,0.10258000000000322,66640,<entities.dtn.DTN object at 0x11163b550>,<entities.processor.Processor object at 0x111644a90>
55.21557000000092,0.10258000000000322,66640,<entities.dtn.DTN object at 0x11163b550>,<entities.processor.Processor object at 0x111644a90>
55.21642000000092,0.10258000000000322,66640,<entities.dtn.DTN object at 0x11163b550>,<entities.processor.Processor object at 0x111644a90>
55.317270000000924,0.10258000000000322,66640,<entities.dtn.DTN object at 0x11163b550>,<entities.processor.Processor object at 0x111644a90>
55.418120000000926,0.20258000000000465,66640,<entities.dtn.DTN object at 0x11163b550>,<entities.processor.Processor object at 0x111644a90>
55.418970000000925,0.20258000000000465,66640,<entities.dtn.DTN object at 0x11163b550>,<entities.processor.Processor object at 0x111644a90>
55.419820000000925,0.10258000000000322,66640,<entities.dtn.DTN object at 0x11163b550>,<entities.processor.Processor object at 0x111644a90>
55.520670000000926,0.10258000000000322,66640,<entities.dtn.DTN object at 0x11163b550>,<entities.processor.Processor object at 0x111644a90>
55.521520000000926,0.10258000000000322,66640,<entities.dtn.DTN object at 0x11163b550>,<entities.processor.Processor object at 0x111644a90>
55.522370000000926,0.10258000000000322,66640,<entities.dtn.DTN object at 0x11163b550>,<entities.processor.Processor object at 0x111644a90>
55.72322000000093,0.20258000000000465,66640,<entities.dtn.DTN object at 0x11163b550>,<entities.processor.Processor object at 0x111644a90>
55.72407000000093,0.20258000000000465,66640,<entities.dtn.DTN object at 0x11163b550>,<entities.processor.Processor object at 0x111644a90>
55.72492000000093,0.20258000000000465,66640,<entities.dtn.DTN object at 0x11163b550>,<entities.processor.Processor object at 0x111644a90>
55.82577000000093,0.10258000000000322,66640,<entities.dtn.DTN object at 0x11163b550>,<entities.processor.Processor object at 0x111644a90>
55.82662000000093,0.10258000000000322,66640,<entities.dtn.DTN object at 0x11163b550>,<entities.processor.Processor object at 0x111644a90>
55.82747000000093,0.10258000000000322,66640,<entities.dtn.DTN object at 0x11163b550>,<entities.processor.Processor object at 0x111644a90>
55.92831000000093,0.10257000000000005,66640,<entities.dtn.DTN object at 0x11163b550>,<entities.processor.Processor object at 0x111644a90>
55.92914000000093,0.10255000000000081,66640,<entities.dtn.DTN object at 0x11163b550>,<entities.processor.Processor object at 0x111644a90>
55.92999000000093,0.10255000000000081,66640,<entities.dtn.DTN object at 0x11163b550>,<entities.processor.Processor object at 0x111644a90>
56.03059000000093,0.10229999999999961,66640,<entities.dtn.DTN object at 0x11163b550>,<entities.processor.Processor object at 0x111644a90>
45.81155000000087,0.10784000000001015,85579,<entities.dtn.DTN object at 0x11163b550>,<entities.processor.Processor object at 0x111644d00>
45.91495000000087,0.10346000000000544,85579,<entities.dtn.DTN object at 0x11163b550>,<entities.processor.Processor object at 0x111644d00>
45.91580000000087,0.10428000000000281,85579,<entities.dtn.DTN object at 0x11163b550>,<entities.processor.Processor object at 0x111644d00>
46.01920000000087,0.10431000000000523,85579,<entities.dtn.DTN object at 0x11163b550>,<entities.processor.Processor object at 0x111644d00>
46.02005000000087,0.10513000000000261,85579,<entities.dtn.DTN object at 0x11163b550>,<entities.processor.Processor object at 0x111644d00>
46.02090000000087,0.10516000000000503,85579,<entities.dtn.DTN object at 0x11163b550>,<entities.processor.Processor object at 0x111644d00>
46.02175000000087,0.1059800000000024,85579,<entities.dtn.DTN object at 0x11163b550>,<entities.processor.Processor object at 0x111644d00>
46.12515000000087,0.10601000000000482,85579,<entities.dtn.DTN object at 0x11163b550>,<entities.processor.Processor object at 0x111644d00>
46.12600000000087,0.1068300000000022,85579,<entities.dtn.DTN object at 0x11163b550>,<entities.processor.Processor object at 0x111644d00>
46.12685000000087,0.10686000000000462,85579,<entities.dtn.DTN object at 0x11163b550>,<entities.processor.Processor object at 0x111644d00>
46.12770000000087,0.107680000000002,85579,<entities.dtn.DTN object at 0x11163b550>,<entities.processor.Processor object at 0x111644d00>
46.12855000000087,0.10771000000000441,85579,<entities.dtn.DTN object at 0x11163b550>,<entities.processor.Processor object at 0x111644d00>
46.12940000000087,0.10853000000000179,85579,<entities.dtn.DTN object at 0x11163b550>,<entities.processor.Processor object at 0x111644d00>
46.13025000000087,0.10856000000000421,85579,<entities.dtn.DTN object at 0x11163b550>,<entities.processor.Processor object at 0x111644d00>
46.13110000000087,0.10938000000000159,85579,<entities.dtn.DTN object at 0x11163b550>,<entities.processor.Processor object at 0x111644d00>
46.23450000000087,0.109410000000004,85579,<entities.dtn.DTN object at 0x11163b550>,<entities.processor.Processor object at 0x111644d00>
46.23535000000087,0.11023000000000138,85579,<entities.dtn.DTN object at 0x11163b550>,<entities.processor.Processor object at 0x111644d00>
46.23620000000087,0.1102600000000038,85579,<entities.dtn.DTN object at 0x11163b550>,<entities.processor.Processor object at 0x111644d00>
46.33705000000087,0.2110800000000026,85579,<entities.dtn.DTN object at 0x11163b550>,<entities.processor.Processor object at 0x111644d00>
46.33790000000087,0.21111000000000502,85579,<entities.dtn.DTN object at 0x11163b550>,<entities.processor.Processor object at 0x111644d00>
46.33875000000087,0.2119300000000024,85579,<entities.dtn.DTN object at 0x11163b550>,<entities.processor.Processor object at 0x111644d00>
46.33960000000087,0.2119600000000048,85579,<entities.dtn.DTN object at 0x11163b550>,<entities.processor.Processor object at 0x111644d00>
46.34045000000087,0.2127800000000022,85579,<entities.dtn.DTN object at 0x11163b550>,<entities.processor.Processor object at 0x111644d00>
46.34130000000087,0.2128100000000046,85579,<entities.dtn.DTN object at 0x11163b550>,<entities.processor.Processor object at 0x111644d00>
46.34215000000087,0.21363000000000198,85579,<entities.dtn.DTN object at 0x11163b550>,<entities.processor.Processor object at 0x111644d00>
46.34300000000087,0.2136600000000044,85579,<entities.dtn.DTN object at 0x11163b550>,<entities.processor.Processor object at 0x111644d00>
46.34385000000087,0.21448000000000178,85579,<entities.dtn.DTN object at 0x11163b550>,<entities.processor.Processor object at 0x111644d00>
46.34470000000087,0.2145100000000042,85579,<entities.dtn.DTN object at 0x11163b550>,<entities.processor.Processor object at 0x111644d00>
46.34555000000087,0.21533000000000158,85579,<entities.dtn.DTN object at 0x11163b550>,<entities.processor.Processor object at 0x111644d00>
46.44640000000087,0.3153600000000054,85579,<entities.dtn.DTN object at 0x11163b550>,<entities.processor.Processor object at 0x111644d00>
46.44725000000087,0.3161800000000028,85579,<entities.dtn.DTN object at 0x11163b550>,<entities.processor.Processor object at 0x111644d00>
46.45065000000087,0.2162100000000038,85579,<entities.dtn.DTN object at 0x11163b550>,<entities.processor.Processor object at 0x111644d00>
46.45150000000087,0.21703000000000117,85579,<entities.dtn.DTN object at 0x11163b550>,<entities.processor.Processor object at 0x111644d00>
46.45235000000087,0.21706000000000358,85579,<entities.dtn.DTN object at 0x11163b550>,<entities.processor.Processor object at 0x111644d00>
46.55320000000087,0.3178800000000024,85579,<entities.dtn.DTN object at 0x11163b550>,<entities.processor.Processor object at 0x111644d00>
46.55405000000087,0.3179100000000048,85579,<entities.dtn.DTN object at 0x11163b550>,<entities.processor.Processor object at 0x111644d00>
46.55490000000087,0.3187300000000022,85579,<entities.dtn.DTN object at 0x11163b550>,<entities.processor.Processor object at 0x111644d00>
46.55575000000087,0.21876000000000317,85579,<entities.dtn.DTN object at 0x11163b550>,<entities.processor.Processor object at 0x111644d00>
46.55660000000087,0.21958000000000055,85579,<entities.dtn.DTN object at 0x11163b550>,<entities.processor.Processor object at 0x111644d00>
46.65745000000087,0.3196100000000044,85579,<entities.dtn.DTN object at 0x11163b550>,<entities.processor.Processor object at 0x111644d00>
46.65830000000087,0.32043000000000177,85579,<entities.dtn.DTN object at 0x11163b550>,<entities.processor.Processor object at 0x111644d00>
46.65915000000087,0.3204600000000042,85579,<entities.dtn.DTN object at 0x11163b550>,<entities.processor.Processor object at 0x111644d00>
46.66000000000087,0.32128000000000156,85579,<entities.dtn.DTN object at 0x11163b550>,<entities.processor.Processor object at 0x111644d00>
46.66085000000087,0.321310000000004,85579,<entities.dtn.DTN object at 0x11163b550>,<entities.processor.Processor object at 0x111644d00>
46.66170000000087,0.32213000000000136,85579,<entities.dtn.DTN object at 0x11163b550>,<entities.processor.Processor object at 0x111644d00>
46.66255000000087,0.3221600000000038,85579,<entities.dtn.DTN object at 0x11163b550>,<entities.processor.Processor object at 0x111644d00>
46.66340000000087,0.32298000000000116,85579,<entities.dtn.DTN object at 0x11163b550>,<entities.processor.Processor object at 0x111644d00>
46.66425000000087,0.32301000000000357,85579,<entities.dtn.DTN object at 0x11163b550>,<entities.processor.Processor object at 0x111644d00>
46.66510000000087,0.32383000000000095,85579,<entities.dtn.DTN object at 0x11163b550>,<entities.processor.Processor object at 0x111644d00>
46.66595000000087,0.32386000000000337,85579,<entities.dtn.DTN object at 0x11163b550>,<entities.processor.Processor object at 0x111644d00>
46.76680000000087,0.42468000000000217,85579,<entities.dtn.DTN object at 0x11163b550>,<entities.processor.Processor object at 0x111644d00>
46.76765000000087,0.4247100000000046,85579,<entities.dtn.DTN object at 0x11163b550>,<entities.processor.Processor object at 0x111644d00>
46.76850000000087,0.42553000000000196,85579,<entities.dtn.DTN object at 0x11163b550>,<entities.processor.Processor object at 0x111644d00>
46.76935000000087,0.4255600000000044,85579,<entities.dtn.DTN object at 0x11163b550>,<entities.processor.Processor object at 0x111644d00>
46.77020000000087,0.42638000000000176,85579,<entities.dtn.DTN object at 0x11163b550>,<entities.processor.Processor object at 0x111644d00>
46.77105000000087,0.4264100000000042,85579,<entities.dtn.DTN object at 0x11163b550>,<entities.processor.Processor object at 0x111644d00>
46.77190000000087,0.42723000000000155,85579,<entities.dtn.DTN object at 0x11163b550>,<entities.processor.Processor object at 0x111644d00>
46.77275000000087,0.42726000000000397,85579,<entities.dtn.DTN object at 0x11163b550>,<entities.processor.Processor object at 0x111644d00>
46.77360000000087,0.42808000000000135,85579,<entities.dtn.DTN object at 0x11163b550>,<entities.processor.Processor object at 0x111644d00>
46.87445000000087,0.42811000000000377,85579,<entities.dtn.DTN object at 0x11163b550>,<entities.processor.Processor object at 0x111644d00>
46.87530000000087,0.42893000000000114,85579,<entities.dtn.DTN object at 0x11163b550>,<entities.processor.Processor object at 0x111644d00>
46.87615000000087,0.42896000000000356,85579,<entities.dtn.DTN object at 0x11163b550>,<entities.processor.Processor object at 0x111644d00>
46.87700000000087,0.42978000000000094,85579,<entities.dtn.DTN object at 0x11163b550>,<entities.processor.Processor object at 0x111644d00>
46.88040000000087,0.42981000000000336,85579,<entities.dtn.DTN object at 0x11163b550>,<entities.processor.Processor object at 0x111644d00>
46.98122000000087,0.5305999999999997,85579,<entities.dtn.DTN object at 0x11163b550>,<entities.processor.Processor object at 0x111644d00>
46.98207000000087,0.5306300000000022,85579,<entities.dtn.DTN object at 0x11163b550>,<entities.processor.Processor object at 0x111644d00>
46.98292000000087,0.5314499999999995,85579,<entities.dtn.DTN object at 0x11163b550>,<entities.processor.Processor object at 0x111644d00>
46.98377000000087,0.531480000000002,85579,<entities.dtn.DTN object at 0x11163b550>,<entities.processor.Processor object at 0x111644d00>
46.98462000000087,0.5322999999999993,85579,<entities.dtn.DTN object at 0x11163b550>,<entities.processor.Processor object at 0x111644d00>
47.08547000000087,0.5323300000000017,85579,<entities.dtn.DTN object at 0x11163b550>,<entities.processor.Processor object at 0x111644d00>
47.08632000000087,0.5331499999999991,85579,<entities.dtn.DTN object at 0x11163b550>,<entities.processor.Processor object at 0x111644d00>
47.18717000000087,0.633180000000003,85579,<entities.dtn.DTN object at 0x11163b550>,<entities.processor.Processor object at 0x111644d00>
47.18802000000087,0.6340000000000003,85579,<entities.dtn.DTN object at 0x11163b550>,<entities.processor.Processor object at 0x111644d00>
47.18887000000087,0.6340300000000028,85579,<entities.dtn.DTN object at 0x11163b550>,<entities.processor.Processor object at 0x111644d00>
47.18972000000087,0.6348500000000001,85579,<entities.dtn.DTN object at 0x11163b550>,<entities.processor.Processor object at 0x111644d00>
47.19057000000087,0.6348800000000026,85579,<entities.dtn.DTN object at 0x11163b550>,<entities.processor.Processor object at 0x111644d00>
47.19142000000087,0.6356999999999999,85579,<entities.dtn.DTN object at 0x11163b550>,<entities.processor.Processor object at 0x111644d00>
47.19227000000087,0.6357300000000023,85579,<entities.dtn.DTN object at 0x11163b550>,<entities.processor.Processor object at 0x111644d00>
47.19312000000087,0.6365499999999997,85579,<entities.dtn.DTN object at 0x11163b550>,<entities.processor.Processor object at 0x111644d00>
47.29397000000087,0.6365800000000021,85579,<entities.dtn.DTN object at 0x11163b550>,<entities.processor.Processor object at 0x111644d00>
47.29482000000087,0.6373999999999995,85579,<entities.dtn.DTN object at 0x11163b550>,<entities.processor.Processor object at 0x111644d00>
47.29567000000087,0.6374300000000019,85579,<entities.dtn.DTN object at 0x11163b550>,<entities.processor.Processor object at 0x111644d00>
47.39652000000087,0.7382500000000007,85579,<entities.dtn.DTN object at 0x11163b550>,<entities.processor.Processor object at 0x111644d00>
47.39740000000087,0.7383100000000056,85579,<entities.dtn.DTN object at 0x11163b550>,<entities.processor.Processor object at 0x111644d00>
47.39822000000087,0.7391000000000005,85579,<entities.dtn.DTN object at 0x11163b550>,<entities.processor.Processor object at 0x111644d00>
47.39907000000087,0.739130000000003,85579,<entities.dtn.DTN object at 0x11163b550>,<entities.processor.Processor object at 0x111644d00>
47.39992000000087,0.7399500000000003,85579,<entities.dtn.DTN object at 0x11163b550>,<entities.processor.Processor object at 0x111644d00>
47.40077000000087,0.7399800000000027,85579,<entities.dtn.DTN object at 0x11163b550>,<entities.processor.Processor object at 0x111644d00>
47.40162000000087,0.7408000000000001,85579,<entities.dtn.DTN object at 0x11163b550>,<entities.processor.Processor object at 0x111644d00>
47.40247000000087,0.7408300000000025,85579,<entities.dtn.DTN object at 0x11163b550>,<entities.processor.Processor object at 0x111644d00>
47.40332000000087,0.7416499999999999,85579,<entities.dtn.DTN object at 0x11163b550>,<entities.processor.Processor object at 0x111644d00>
47.40417000000087,0.7416800000000023,85579,<entities.dtn.DTN object at 0x11163b550>,<entities.processor.Processor object at 0x111644d00>
47.50502000000087,0.8425000000000011,85579,<entities.dtn.DTN object at 0x11163b550>,<entities.processor.Processor object at 0x111644d00>
47.50587000000087,0.8425300000000036,85579,<entities.dtn.DTN object at 0x11163b550>,<entities.processor.Processor object at 0x111644d00>
47.50672000000087,0.8433500000000009,85579,<entities.dtn.DTN object at 0x11163b550>,<entities.processor.Processor object at 0x111644d00>
47.50757000000087,0.8433800000000033,85579,<entities.dtn.DTN object at 0x11163b550>,<entities.processor.Processor object at 0x111644d00>
47.50842000000087,0.8442000000000007,85579,<entities.dtn.DTN object at 0x11163b550>,<entities.processor.Processor object at 0x111644d00>
47.50927000000087,0.8442300000000031,85579,<entities.dtn.DTN object at 0x11163b550>,<entities.processor.Processor object at 0x111644d00>
47.51012000000087,0.8450500000000005,85579,<entities.dtn.DTN object at 0x11163b550>,<entities.processor.Processor object at 0x111644d00>
47.51097000000087,0.8450800000000029,85579,<entities.dtn.DTN object at 0x11163b550>,<entities.processor.Processor object at 0x111644d00>
47.51182000000087,0.8459000000000003,85579,<entities.dtn.DTN object at 0x11163b550>,<entities.processor.Processor object at 0x111644d00>
47.51267000000087,0.7459300000000013,85579,<entities.dtn.DTN object at 0x11163b550>,<entities.processor.Processor object at 0x111644d00>
47.51352000000087,0.7467499999999987,85579,<entities.dtn.DTN object at 0x11163b550>,<entities.processor.Processor object at 0x111644d00>
47.61440000000087,0.846810000000005,85579,<entities.dtn.DTN object at 0x11163b550>,<entities.processor.Processor object at 0x111644d00>
47.61522000000087,0.8475999999999999,85579,<entities.dtn.DTN object at 0x11163b550>,<entities.processor.Processor object at 0x111644d00>
47.61607000000087,0.8476300000000023,85579,<entities.dtn.DTN object at 0x11163b550>,<entities.processor.Processor object at 0x111644d00>
47.61692000000087,0.8484499999999997,85579,<entities.dtn.DTN object at 0x11163b550>,<entities.processor.Processor object at 0x111644d00>
47.61777000000087,0.8484800000000021,85579,<entities.dtn.DTN object at 0x11163b550>,<entities.processor.Processor object at 0x111644d00>
47.61862000000087,0.8492999999999995,85579,<entities.dtn.DTN object at 0x11163b550>,<entities.processor.Processor object at 0x111644d00>
47.61947000000087,0.8493300000000019,85579,<entities.dtn.DTN object at 0x11163b550>,<entities.processor.Processor object at 0x111644d00>
47.620320000000866,0.8501499999999993,85579,<entities.dtn.DTN object at 0x11163b550>,<entities.processor.Processor object at 0x111644d00>
47.621170000000866,0.8501800000000017,85579,<entities.dtn.DTN object at 0x11163b550>,<entities.processor.Processor object at 0x111644d00>
47.622020000000866,0.8509999999999991,85579,<entities.dtn.DTN object at 0x11163b550>,<entities.processor.Processor object at 0x111644d00>
47.622870000000866,0.8510300000000015,85579,<entities.dtn.DTN object at 0x11163b550>,<entities.processor.Processor object at 0x111644d00>
47.72372000000087,0.9518500000000003,85579,<entities.dtn.DTN object at 0x11163b550>,<entities.processor.Processor object at 0x111644d00>
47.72457000000087,0.9518800000000027,85579,<entities.dtn.DTN object at 0x11163b550>,<entities.processor.Processor object at 0x111644d00>
47.72542000000087,0.9527000000000001,85579,<entities.dtn.DTN object at 0x11163b550>,<entities.processor.Processor object at 0x111644d00>
47.726270000000866,0.9527300000000025,85579,<entities.dtn.DTN object at 0x11163b550>,<entities.processor.Processor object at 0x111644d00>
47.727120000000866,0.9535499999999999,85579,<entities.dtn.DTN object at 0x11163b550>,<entities.processor.Processor object at 0x111644d00>
47.727970000000866,0.8535800000000009,85579,<entities.dtn.DTN object at 0x11163b550>,<entities.processor.Processor object at 0x111644d00>
47.728820000000866,0.8543999999999983,85579,<entities.dtn.DTN object at 0x11163b550>,<entities.processor.Processor object at 0x111644d00>
47.729670000000866,0.8544300000000007,85579,<entities.dtn.DTN object at 0x11163b550>,<entities.processor.Processor object at 0x111644d00>
47.730520000000865,0.8552499999999981,85579,<entities.dtn.DTN object at 0x11163b550>,<entities.processor.Processor object at 0x111644d00>
47.83140000000087,0.9553100000000043,85579,<entities.dtn.DTN object at 0x11163b550>,<entities.processor.Processor object at 0x111644d00>
47.832220000000866,0.9560999999999993,85579,<entities.dtn.DTN object at 0x11163b550>,<entities.processor.Processor object at 0x111644d00>
47.833070000000866,0.9561300000000017,85579,<entities.dtn.DTN object at 0x11163b550>,<entities.processor.Processor object at 0x111644d00>
47.833920000000866,0.9569499999999991,85579,<entities.dtn.DTN object at 0x11163b550>,<entities.processor.Processor object at 0x111644d00>
47.837320000000865,0.9569800000000015,85579,<entities.dtn.DTN object at 0x11163b550>,<entities.processor.Processor object at 0x111644d00>
47.838170000000865,0.9577999999999989,85579,<entities.dtn.DTN object at 0x11163b550>,<entities.processor.Processor object at 0x111644d00>
47.939020000000866,0.9578300000000013,85579,<entities.dtn.DTN object at 0x11163b550>,<entities.processor.Processor object at 0x111644d00>
47.939870000000866,0.9578300000000013,85579,<entities.dtn.DTN object at 0x11163b550>,<entities.processor.Processor object at 0x111644d00>
47.940720000000866,0.9578300000000013,85579,<entities.dtn.DTN object at 0x11163b550>,<entities.processor.Processor object at 0x111644d00>
47.941570000000866,0.9578300000000013,85579,<entities.dtn.DTN object at 0x11163b550>,<entities.processor.Processor object at 0x111644d00>
47.942420000000865,0.9578300000000013,85579,<entities.dtn.DTN object at 0x11163b550>,<entities.processor.Processor object at 0x111644d00>
47.943270000000865,0.8578299999999999,85579,<entities.dtn.DTN object at 0x11163b550>,<entities.processor.Processor object at 0x111644d00>
48.044120000000866,0.9578300000000013,85579,<entities.dtn.DTN object at 0x11163b550>,<entities.processor.Processor object at 0x111644d00>
48.044970000000866,0.8578299999999999,85579,<entities.dtn.DTN object at 0x11163b550>,<entities.processor.Processor object at 0x111644d00>
48.045820000000866,0.8578299999999999,85579,<entities.dtn.DTN object at 0x11163b550>,<entities.processor.Processor object at 0x111644d00>
48.046670000000866,0.8578299999999999,85579,<entities.dtn.DTN object at 0x11163b550>,<entities.processor.Processor object at 0x111644d00>
48.14752000000087,0.9578300000000013,85579,<entities.dtn.DTN object at 0x11163b550>,<entities.processor.Processor object at 0x111644d00>
48.14837000000087,0.9578300000000013,85579,<entities.dtn.DTN object at 0x11163b550>,<entities.processor.Processor object at 0x111644d00>
48.14922000000087,0.9578300000000013,85579,<entities.dtn.DTN object at 0x11163b550>,<entities.processor.Processor object at 0x111644d00>
48.150070000000866,0.9578300000000013,85579,<entities.dtn.DTN object at 0x11163b550>,<entities.processor.Processor object at 0x111644d00>
48.15095000000087,0.9578600000000037,85579,<entities.dtn.DTN object at 0x11163b550>,<entities.processor.Processor object at 0x111644d00>
48.151770000000866,0.8578299999999999,85579,<entities.dtn.DTN object at 0x11163b550>,<entities.processor.Processor object at 0x111644d00>
48.25262000000087,0.9578300000000013,85579,<entities.dtn.DTN object at 0x11163b550>,<entities.processor.Processor object at 0x111644d00>
48.25347000000087,0.9578300000000013,85579,<entities.dtn.DTN object at 0x11163b550>,<entities.processor.Processor object at 0x111644d00>
48.354310000000865,0.9578199999999981,85579,<entities.dtn.DTN object at 0x11163b550>,<entities.processor.Processor object at 0x111644d00>
48.355140000000866,0.9577999999999989,85579,<entities.dtn.DTN object at 0x11163b550>,<entities.processor.Processor object at 0x111644d00>
48.355990000000865,0.9586199999999963,85579,<entities.dtn.DTN object at 0x11163b550>,<entities.processor.Processor object at 0x111644d00>
48.356840000000865,0.9586499999999987,85579,<entities.dtn.DTN object at 0x11163b550>,<entities.processor.Processor object at 0x111644d00>
48.357690000000865,0.9586499999999987,85579,<entities.dtn.DTN object at 0x11163b550>,<entities.processor.Processor object at 0x111644d00>
48.358540000000865,0.9586499999999987,85579,<entities.dtn.DTN object at 0x11163b550>,<entities.processor.Processor object at 0x111644d00>
48.359390000000865,0.9586499999999987,85579,<entities.dtn.DTN object at 0x11163b550>,<entities.processor.Processor object at 0x111644d00>
48.360240000000864,0.9586499999999987,85579,<entities.dtn.DTN object at 0x11163b550>,<entities.processor.Processor object at 0x111644d00>
48.361090000000864,0.9586499999999987,85579,<entities.dtn.DTN object at 0x11163b550>,<entities.processor.Processor object at 0x111644d00>
48.461940000000865,1.05865,85579,<entities.dtn.DTN object at 0x11163b550>,<entities.processor.Processor object at 0x111644d00>
48.462790000000865,1.05865,85579,<entities.dtn.DTN object at 0x11163b550>,<entities.processor.Processor object at 0x111644d00>
48.563640000000866,1.05865,85579,<entities.dtn.DTN object at 0x11163b550>,<entities.processor.Processor object at 0x111644d00>
48.564490000000866,1.05865,85579,<entities.dtn.DTN object at 0x11163b550>,<entities.processor.Processor object at 0x111644d00>
48.565340000000866,1.05865,85579,<entities.dtn.DTN object at 0x11163b550>,<entities.processor.Processor object at 0x111644d00>
48.566190000000866,1.05865,85579,<entities.dtn.DTN object at 0x11163b550>,<entities.processor.Processor object at 0x111644d00>
48.567040000000866,1.05865,85579,<entities.dtn.DTN object at 0x11163b550>,<entities.processor.Processor object at 0x111644d00>
48.567890000000865,1.05865,85579,<entities.dtn.DTN object at 0x11163b550>,<entities.processor.Processor object at 0x111644d00>
48.568740000000865,1.05865,85579,<entities.dtn.DTN object at 0x11163b550>,<entities.processor.Processor object at 0x111644d00>
48.569590000000865,1.05865,85579,<entities.dtn.DTN object at 0x11163b550>,<entities.processor.Processor object at 0x111644d00>
48.570440000000865,1.05865,85579,<entities.dtn.DTN object at 0x11163b550>,<entities.processor.Processor object at 0x111644d00>
48.571290000000864,1.05865,85579,<entities.dtn.DTN object at 0x11163b550>,<entities.processor.Processor object at 0x111644d00>
48.572140000000864,1.05865,85579,<entities.dtn.DTN object at 0x11163b550>,<entities.processor.Processor object at 0x111644d00>
48.672990000000866,1.05865,85579,<entities.dtn.DTN object at 0x11163b550>,<entities.processor.Processor object at 0x111644d00>
48.673840000000865,1.0594699999999975,85579,<entities.dtn.DTN object at 0x11163b550>,<entities.processor.Processor object at 0x111644d00>
48.674690000000865,1.0594999999999999,85579,<entities.dtn.DTN object at 0x11163b550>,<entities.processor.Processor object at 0x111644d00>
48.675540000000865,1.0594999999999999,85579,<entities.dtn.DTN object at 0x11163b550>,<entities.processor.Processor object at 0x111644d00>
48.676390000000865,1.0594999999999999,85579,<entities.dtn.DTN object at 0x11163b550>,<entities.processor.Processor object at 0x111644d00>
48.677240000000864,1.0594999999999999,85579,<entities.dtn.DTN object at 0x11163b550>,<entities.processor.Processor object at 0x111644d00>
48.678090000000864,1.0594999999999999,85579,<entities.dtn.DTN object at 0x11163b550>,<entities.processor.Processor object at 0x111644d00>
48.678940000000864,1.0594999999999999,85579,<entities.dtn.DTN object at 0x11163b550>,<entities.processor.Processor object at 0x111644d00>
48.679790000000864,1.0594999999999999,85579,<entities.dtn.DTN object at 0x11163b550>,<entities.processor.Processor object at 0x111644d00>
48.680640000000864,1.0594999999999999,85579,<entities.dtn.DTN object at 0x11163b550>,<entities.processor.Processor object at 0x111644d00>
48.781490000000865,1.1595000000000013,85579,<entities.dtn.DTN object at 0x11163b550>,<entities.processor.Processor object at 0x111644d00>
48.782340000000865,1.1595000000000013,85579,<entities.dtn.DTN object at 0x11163b550>,<entities.processor.Processor object at 0x111644d00>
48.783190000000864,1.0594999999999999,85579,<entities.dtn.DTN object at 0x11163b550>,<entities.processor.Processor object at 0x111644d00>
48.784040000000864,1.0594999999999999,85579,<entities.dtn.DTN object at 0x11163b550>,<entities.processor.Processor object at 0x111644d00>
48.784890000000864,1.0594999999999999,85579,<entities.dtn.DTN object at 0x11163b550>,<entities.processor.Processor object at 0x111644d00>
48.785740000000864,1.0594999999999999,85579,<entities.dtn.DTN object at 0x11163b550>,<entities.processor.Processor object at 0x111644d00>
48.786590000000864,1.0594999999999999,85579,<entities.dtn.DTN object at 0x11163b550>,<entities.processor.Processor object at 0x111644d00>
48.78744000000086,1.0594999999999999,85579,<entities.dtn.DTN object at 0x11163b550>,<entities.processor.Processor object at 0x111644d00>
48.78829000000086,1.0594999999999999,85579,<entities.dtn.DTN object at 0x11163b550>,<entities.processor.Processor object at 0x111644d00>
48.78914000000086,1.0594999999999999,85579,<entities.dtn.DTN object at 0x11163b550>,<entities.processor.Processor object at 0x111644d00>
48.78999000000086,1.0594999999999999,85579,<entities.dtn.DTN object at 0x11163b550>,<entities.processor.Processor object at 0x111644d00>
48.890840000000864,1.0594999999999999,85579,<entities.dtn.DTN object at 0x11163b550>,<entities.processor.Processor object at 0x111644d00>
48.891690000000864,1.0603199999999973,85579,<entities.dtn.DTN object at 0x11163b550>,<entities.processor.Processor object at 0x111644d00>
48.892540000000864,1.0603499999999997,85579,<entities.dtn.DTN object at 0x11163b550>,<entities.processor.Processor object at 0x111644d00>
48.89339000000086,1.0603499999999997,85579,<entities.dtn.DTN object at 0x11163b550>,<entities.processor.Processor object at 0x111644d00>
48.89424000000086,1.0603499999999997,85579,<entities.dtn.DTN object at 0x11163b550>,<entities.processor.Processor object at 0x111644d00>
48.997640000000864,1.160350000000001,85579,<entities.dtn.DTN object at 0x11163b550>,<entities.processor.Processor object at 0x111644d00>
48.998490000000864,1.160350000000001,85579,<entities.dtn.DTN object at 0x11163b550>,<entities.processor.Processor object at 0x111644d00>
48.99934000000086,1.0603499999999997,85579,<entities.dtn.DTN object at 0x11163b550>,<entities.processor.Processor object at 0x111644d00>
49.00019000000086,1.0603499999999997,85579,<entities.dtn.DTN object at 0x11163b550>,<entities.processor.Processor object at 0x111644d00>
49.00104000000086,1.0603499999999997,85579,<entities.dtn.DTN object at 0x11163b550>,<entities.processor.Processor object at 0x111644d00>
49.00189000000086,1.0603499999999997,85579,<entities.dtn.DTN object at 0x11163b550>,<entities.processor.Processor object at 0x111644d00>
49.00274000000086,1.0603499999999997,85579,<entities.dtn.DTN object at 0x11163b550>,<entities.processor.Processor object at 0x111644d00>
49.103590000000864,1.160350000000001,85579,<entities.dtn.DTN object at 0x11163b550>,<entities.processor.Processor object at 0x111644d00>
49.104440000000864,1.0603499999999997,85579,<entities.dtn.DTN object at 0x11163b550>,<entities.processor.Processor object at 0x111644d00>
49.10529000000086,1.0603499999999997,85579,<entities.dtn.DTN object at 0x11163b550>,<entities.processor.Processor object at 0x111644d00>
49.206140000000865,1.160350000000001,85579,<entities.dtn.DTN object at 0x11163b550>,<entities.processor.Processor object at 0x111644d00>
49.206990000000864,1.160350000000001,85579,<entities.dtn.DTN object at 0x11163b550>,<entities.processor.Processor object at 0x111644d00>
49.207840000000864,1.0603499999999997,85579,<entities.dtn.DTN object at 0x11163b550>,<entities.processor.Processor object at 0x111644d00>
49.208690000000864,1.0603499999999997,85579,<entities.dtn.DTN object at 0x11163b550>,<entities.processor.Processor object at 0x111644d00>
49.209540000000864,1.0603499999999997,85579,<entities.dtn.DTN object at 0x11163b550>,<entities.processor.Processor object at 0x111644d00>
49.210390000000864,1.0603499999999997,85579,<entities.dtn.DTN object at 0x11163b550>,<entities.processor.Processor object at 0x111644d00>
49.21124000000086,1.0603499999999997,85579,<entities.dtn.DTN object at 0x11163b550>,<entities.processor.Processor object at 0x111644d00>
49.21209000000086,1.061169999999997,85579,<entities.dtn.DTN object at 0x11163b550>,<entities.processor.Processor object at 0x111644d00>
49.21294000000086,1.0611999999999995,85579,<entities.dtn.DTN object at 0x11163b550>,<entities.processor.Processor object at 0x111644d00>
49.21379000000086,0.9611999999999981,85579,<entities.dtn.DTN object at 0x11163b550>,<entities.processor.Processor object at 0x111644d00>
49.21464000000086,0.9611999999999981,85579,<entities.dtn.DTN object at 0x11163b550>,<entities.processor.Processor object at 0x111644d00>
49.31524000000086,0.9609499999999969,85579,<entities.dtn.DTN object at 0x11163b550>,<entities.processor.Processor object at 0x111644d00>
0.30338999999999994,0.20328999999999992,28519,<entities.dtn.DTN object at 0x11166d460>,<entities.processor.Processor object at 0x11166d8b0>
0.4064899999999999,0.10315999999999992,28519,<entities.dtn.DTN object at 0x11166d460>,<entities.processor.Processor object at 0x11166d8b0>
0.4095899999999999,0.10622999999999994,28519,<entities.dtn.DTN object at 0x11166d460>,<entities.processor.Processor object at 0x11166d8b0>
0.5126899999999999,0.10625999999999991,28519,<entities.dtn.DTN object at 0x11166d460>,<entities.processor.Processor object at 0x11166d8b0>
0.5157899999999999,0.10932999999999993,28519,<entities.dtn.DTN object at 0x11166d460>,<entities.processor.Processor object at 0x11166d8b0>
0.5188899999999999,0.1093599999999999,28519,<entities.dtn.DTN object at 0x11166d460>,<entities.processor.Processor object at 0x11166d8b0>
0.5219899999999998,0.11242999999999992,28519,<entities.dtn.DTN object at 0x11166d460>,<entities.processor.Processor object at 0x11166d8b0>
0.6250899999999998,0.1124599999999999,28519,<entities.dtn.DTN object at 0x11166d460>,<entities.processor.Processor object at 0x11166d8b0>
0.6281899999999998,0.11552999999999991,28519,<entities.dtn.DTN object at 0x11166d460>,<entities.processor.Processor object at 0x11166d8b0>
0.6312899999999998,0.11555999999999989,28519,<entities.dtn.DTN object at 0x11166d460>,<entities.processor.Processor object at 0x11166d8b0>
0.6343899999999998,0.1186299999999999,28519,<entities.dtn.DTN object at 0x11166d460>,<entities.processor.Processor object at 0x11166d8b0>
0.6374899999999998,0.11865999999999988,28519,<entities.dtn.DTN object at 0x11166d460>,<entities.processor.Processor object at 0x11166d8b0>
0.6405899999999998,0.1217299999999999,28519,<entities.dtn.DTN object at 0x11166d460>,<entities.processor.Processor object at 0x11166d8b0>
0.7436899999999997,0.22175999999999985,28519,<entities.dtn.DTN object at 0x11166d460>,<entities.processor.Processor object at 0x11166d8b0>
0.7467899999999997,0.22482999999999986,28519,<entities.dtn.DTN object at 0x11166d460>,<entities.processor.Processor object at 0x11166d8b0>
0.7498899999999997,0.12485999999999986,28519,<entities.dtn.DTN object at 0x11166d460>,<entities.processor.Processor object at 0x11166d8b0>
0.7529899999999997,0.12792999999999988,28519,<entities.dtn.DTN object at 0x11166d460>,<entities.processor.Processor object at 0x11166d8b0>
0.7560899999999997,0.12795999999999985,28519,<entities.dtn.DTN object at 0x11166d460>,<entities.processor.Processor object at 0x11166d8b0>
0.7591899999999997,0.13102999999999987,28519,<entities.dtn.DTN object at 0x11166d460>,<entities.processor.Processor object at 0x11166d8b0>
0.7622899999999997,0.13105999999999984,28519,<entities.dtn.DTN object at 0x11166d460>,<entities.processor.Processor object at 0x11166d8b0>
0.7653899999999997,0.13412999999999986,28519,<entities.dtn.DTN object at 0x11166d460>,<entities.processor.Processor object at 0x11166d8b0>
0.7684899999999997,0.13415999999999983,28519,<entities.dtn.DTN object at 0x11166d460>,<entities.processor.Processor object at 0x11166d8b0>
0.7715899999999997,0.13722999999999985,28519,<entities.dtn.DTN object at 0x11166d460>,<entities.processor.Processor object at 0x11166d8b0>
0.7746899999999997,0.13725999999999983,28519,<entities.dtn.DTN object at 0x11166d460>,<entities.processor.Processor object at 0x11166d8b0>
0.7777899999999996,0.14032999999999984,28519,<entities.dtn.DTN object at 0x11166d460>,<entities.processor.Processor object at 0x11166d8b0>
0.7808899999999996,0.14035999999999982,28519,<entities.dtn.DTN object at 0x11166d460>,<entities.processor.Processor object at 0x11166d8b0>
0.7839899999999996,0.14342999999999984,28519,<entities.dtn.DTN object at 0x11166d460>,<entities.processor.Processor object at 0x11166d8b0>
0.8870899999999996,0.1434599999999998,28519,<entities.dtn.DTN object at 0x11166d460>,<entities.processor.Processor object at 0x11166d8b0>
0.8901899999999996,0.14652999999999983,28519,<entities.dtn.DTN object at 0x11166d460>,<entities.processor.Processor object at 0x11166d8b0>
0.8932899999999996,0.1465599999999998,28519,<entities.dtn.DTN object at 0x11166d460>,<entities.processor.Processor object at 0x11166d8b0>
0.8963899999999996,0.14962999999999982,28519,<entities.dtn.DTN object at 0x11166d460>,<entities.processor.Processor object at 0x11166d8b0>
0.8994899999999996,0.1496599999999998,28519,<entities.dtn.DTN object at 0x11166d460>,<entities.processor.Processor object at 0x11166d8b0>
0.9025899999999996,0.1527299999999998,28519,<entities.dtn.DTN object at 0x11166d460>,<entities.processor.Processor object at 0x11166d8b0>
0.9056899999999996,0.15275999999999978,28519,<entities.dtn.DTN object at 0x11166d460>,<entities.processor.Processor object at 0x11166d8b0>
0.9087899999999995,0.1558299999999998,28519,<entities.dtn.DTN object at 0x11166d460>,<entities.processor.Processor object at 0x11166d8b0>
0.9118899999999995,0.15585999999999978,28519,<entities.dtn.DTN object at 0x11166d460>,<entities.processor.Processor object at 0x11166d8b0>
0.9149899999999995,0.1589299999999998,28519,<entities.dtn.DTN object at 0x11166d460>,<entities.processor.Processor object at 0x11166d8b0>
0.9180899999999995,0.15895999999999977,28519,<entities.dtn.DTN object at 0x11166d460>,<entities.processor.Processor object at 0x11166d8b0>
0.9211899999999995,0.16202999999999979,28519,<entities.dtn.DTN object at 0x11166d460>,<entities.processor.Processor object at 0x11166d8b0>
0.9242899999999995,0.16205999999999976,28519,<entities.dtn.DTN object at 0x11166d460>,<entities.processor.Processor object at 0x11166d8b0>
0.9273899999999995,0.16512999999999978,28519,<entities.dtn.DTN object at 0x11166d460>,<entities.processor.Processor object at 0x11166d8b0>
0.9304899999999995,0.16515999999999975,28519,<entities.dtn.DTN object at 0x11166d460>,<entities.processor.Processor object at 0x11166d8b0>
1.0335899999999996,0.26822999999999986,28519,<entities.dtn.DTN object at 0x11166d460>,<entities.processor.Processor object at 0x11166d8b0>
1.0366899999999997,0.26825999999999994,28519,<entities.dtn.DTN object at 0x11166d460>,<entities.processor.Processor object at 0x11166d8b0>
1.0397899999999998,0.27133000000000007,28519,<entities.dtn.DTN object at 0x11166d460>,<entities.processor.Processor object at 0x11166d8b0>
1.0428899999999999,0.27136000000000016,28519,<entities.dtn.DTN object at 0x11166d460>,<entities.processor.Processor object at 0x11166d8b0>
1.04599,0.2744300000000003,28519,<entities.dtn.DTN object at 0x11166d460>,<entities.processor.Processor object at 0x11166d8b0>
1.04909,0.27446000000000037,28519,<entities.dtn.DTN object at 0x11166d460>,<entities.processor.Processor object at 0x11166d8b0>
1.0521600000000002,0.2775000000000005,28519,<entities.dtn.DTN object at 0x11166d460>,<entities.processor.Processor object at 0x11166d8b0>
1.0552300000000003,0.27750000000000064,28519,<entities.dtn.DTN object at 0x11166d460>,<entities.processor.Processor object at 0x11166d8b0>
1.0583300000000004,0.28057000000000076,28519,<entities.dtn.DTN object at 0x11166d460>,<entities.processor.Processor object at 0x11166d8b0>
1.0614300000000005,0.28060000000000085,28519,<entities.dtn.DTN object at 0x11166d460>,<entities.processor.Processor object at 0x11166d8b0>
1.0645300000000006,0.283670000000001,28519,<entities.dtn.DTN object at 0x11166d460>,<entities.processor.Processor object at 0x11166d8b0>
1.0676300000000007,0.28370000000000106,28519,<entities.dtn.DTN object at 0x11166d460>,<entities.processor.Processor object at 0x11166d8b0>
1.0707300000000008,0.2867700000000012,28519,<entities.dtn.DTN object at 0x11166d460>,<entities.processor.Processor object at 0x11166d8b0>
1.073830000000001,0.1868000000000013,28519,<entities.dtn.DTN object at 0x11166d460>,<entities.processor.Processor object at 0x11166d8b0>
1.1769300000000011,0.2898700000000015,28519,<entities.dtn.DTN object at 0x11166d460>,<entities.processor.Processor object at 0x11166d8b0>
1.1800300000000012,0.2899000000000016,28519,<entities.dtn.DTN object at 0x11166d460>,<entities.processor.Processor object at 0x11166d8b0>
1.1831300000000013,0.29297000000000173,28519,<entities.dtn.DTN object at 0x11166d460>,<entities.processor.Processor object at 0x11166d8b0>
1.1862300000000014,0.2930000000000018,28519,<entities.dtn.DTN object at 0x11166d460>,<entities.processor.Processor object at 0x11166d8b0>
1.1893300000000016,0.29607000000000194,28519,<entities.dtn.DTN object at 0x11166d460>,<entities.processor.Processor object at 0x11166d8b0>
1.1924300000000017,0.29610000000000203,28519,<entities.dtn.DTN object at 0x11166d460>,<entities.processor.Processor object at 0x11166d8b0>
1.1955300000000018,0.29917000000000216,28519,<entities.dtn.DTN object at 0x11166d460>,<entities.processor.Processor object at 0x11166d8b0>
1.1986300000000019,0.29920000000000224,28519,<entities.dtn.DTN object at 0x11166d460>,<entities.processor.Processor object at 0x11166d8b0>
1.201730000000002,0.30227000000000237,28519,<entities.dtn.DTN object at 0x11166d460>,<entities.processor.Processor object at 0x11166d8b0>
1.204830000000002,0.30230000000000246,28519,<entities.dtn.DTN object at 0x11166d460>,<entities.processor.Processor object at 0x11166d8b0>
1.2079300000000022,0.3053700000000026,28519,<entities.dtn.DTN object at 0x11166d460>,<entities.processor.Processor object at 0x11166d8b0>
1.2110300000000023,0.30540000000000267,28519,<entities.dtn.DTN object at 0x11166d460>,<entities.processor.Processor object at 0x11166d8b0>
1.2141300000000024,0.3084700000000028,28519,<entities.dtn.DTN object at 0x11166d460>,<entities.processor.Processor object at 0x11166d8b0>
1.2172300000000025,0.3085000000000029,28519,<entities.dtn.DTN object at 0x11166d460>,<entities.processor.Processor object at 0x11166d8b0>
1.3203300000000027,0.4115700000000031,28519,<entities.dtn.DTN object at 0x11166d460>,<entities.processor.Processor object at 0x11166d8b0>
1.3234300000000028,0.4116000000000032,28519,<entities.dtn.DTN object at 0x11166d460>,<entities.processor.Processor object at 0x11166d8b0>
1.3265300000000029,0.4146700000000033,28519,<entities.dtn.DTN object at 0x11166d460>,<entities.processor.Processor object at 0x11166d8b0>
1.329630000000003,0.4147000000000034,28519,<entities.dtn.DTN object at 0x11166d460>,<entities.processor.Processor object at 0x11166d8b0>
1.332730000000003,0.4177700000000035,28519,<entities.dtn.DTN object at 0x11166d460>,<entities.processor.Processor object at 0x11166d8b0>
1.3358300000000032,0.4178000000000036,28519,<entities.dtn.DTN object at 0x11166d460>,<entities.processor.Processor object at 0x11166d8b0>
1.3389300000000033,0.42087000000000374,28519,<entities.dtn.DTN object at 0x11166d460>,<entities.processor.Processor object at 0x11166d8b0>
1.3420300000000034,0.4209000000000038,28519,<entities.dtn.DTN object at 0x11166d460>,<entities.processor.Processor object at 0x11166d8b0>
1.3451300000000035,0.42397000000000395,28519,<entities.dtn.DTN object at 0x11166d460>,<entities.processor.Processor object at 0x11166d8b0>
1.3482300000000036,0.42400000000000404,28519,<entities.dtn.DTN object at 0x11166d460>,<entities.processor.Processor object at 0x11166d8b0>
1.3513300000000037,0.42707000000000417,28519,<entities.dtn.DTN object at 0x11166d460>,<entities.processor.Processor object at 0x11166d8b0>
1.3544300000000038,0.42710000000000425,28519,<entities.dtn.DTN object at 0x11166d460>,<entities.processor.Processor object at 0x11166d8b0>
1.357530000000004,0.4301700000000044,28519,<entities.dtn.DTN object at 0x11166d460>,<entities.processor.Processor object at 0x11166d8b0>
1.360630000000004,0.43020000000000447,28519,<entities.dtn.DTN object at 0x11166d460>,<entities.processor.Processor object at 0x11166d8b0>
1.4637300000000042,0.5332700000000047,28519,<entities.dtn.DTN object at 0x11166d460>,<entities.processor.Processor object at 0x11166d8b0>
1.4668300000000043,0.4333000000000047,28519,<entities.dtn.DTN object at 0x11166d460>,<entities.processor.Processor object at 0x11166d8b0>
1.4699300000000044,0.4363700000000048,28519,<entities.dtn.DTN object at 0x11166d460>,<entities.processor.Processor object at 0x11166d8b0>
1.4730300000000045,0.4364000000000048,28519,<entities.dtn.DTN object at 0x11166d460>,<entities.processor.Processor object at 0x11166d8b0>
1.4761300000000046,0.4394700000000049,28519,<entities.dtn.DTN object at 0x11166d460>,<entities.processor.Processor object at 0x11166d8b0>
1.4792300000000047,0.4395000000000049,28519,<entities.dtn.DTN object at 0x11166d460>,<entities.processor.Processor object at 0x11166d8b0>
1.4823300000000048,0.442570000000005,28519,<entities.dtn.DTN object at 0x11166d460>,<entities.processor.Processor object at 0x11166d8b0>
1.485430000000005,0.442600000000005,28519,<entities.dtn.DTN object at 0x11166d460>,<entities.processor.Processor object at 0x11166d8b0>
1.488530000000005,0.4456700000000051,28519,<entities.dtn.DTN object at 0x11166d460>,<entities.processor.Processor object at 0x11166d8b0>
1.4916300000000051,0.4457000000000051,28519,<entities.dtn.DTN object at 0x11166d460>,<entities.processor.Processor object at 0x11166d8b0>
1.4947300000000052,0.4487700000000052,28519,<entities.dtn.DTN object at 0x11166d460>,<entities.processor.Processor object at 0x11166d8b0>
1.4978300000000053,0.4488000000000052,28519,<entities.dtn.DTN object at 0x11166d460>,<entities.processor.Processor object at 0x11166d8b0>
1.5009300000000054,0.4518700000000053,28519,<entities.dtn.DTN object at 0x11166d460>,<entities.processor.Processor object at 0x11166d8b0>
1.5040300000000055,0.4519000000000053,28519,<entities.dtn.DTN object at 0x11166d460>,<entities.processor.Processor object at 0x11166d8b0>
7.00188999999999,0.6017899999999967,97045,<entities.dtn.DTN object at 0x11166d460>,<entities.processor.Processor object at 0x111676250>
7.203489999999989,0.20165999999999862,97045,<entities.dtn.DTN object at 0x11166d460>,<entities.processor.Processor object at 0x111676250>
7.205089999999989,0.2032299999999987,97045,<entities.dtn.DTN object at 0x11166d460>,<entities.processor.Processor object at 0x111676250>
7.306689999999988,0.1032599999999988,97045,<entities.dtn.DTN object at 0x11166d460>,<entities.processor.Processor object at 0x111676250>
7.308289999999988,0.10482999999999887,97045,<entities.dtn.DTN object at 0x11166d460>,<entities.processor.Processor object at 0x111676250>
7.409889999999987,0.20485999999999827,97045,<entities.dtn.DTN object at 0x11166d460>,<entities.processor.Processor object at 0x111676250>
7.411489999999987,0.20642999999999834,97045,<entities.dtn.DTN object at 0x11166d460>,<entities.processor.Processor object at 0x111676250>
7.413089999999987,0.10645999999999844,97045,<entities.dtn.DTN object at 0x11166d460>,<entities.processor.Processor object at 0x111676250>
7.414689999999987,0.10802999999999852,97045,<entities.dtn.DTN object at 0x11166d460>,<entities.processor.Processor object at 0x111676250>
7.416289999999987,0.10805999999999827,97045,<entities.dtn.DTN object at 0x11166d460>,<entities.processor.Processor object at 0x111676250>
7.4178899999999865,0.10962999999999834,97045,<entities.dtn.DTN object at 0x11166d460>,<entities.processor.Processor object at 0x111676250>
7.519489999999986,0.10965999999999809,97045,<entities.dtn.DTN object at 0x11166d460>,<entities.processor.Processor object at 0x111676250>
7.521089999999986,0.11122999999999816,97045,<entities.dtn.DTN object at 0x11166d460>,<entities.processor.Processor object at 0x111676250>
7.522689999999986,0.11125999999999792,97045,<entities.dtn.DTN object at 0x11166d460>,<entities.processor.Processor object at 0x111676250>
7.5242899999999855,0.11282999999999799,97045,<entities.dtn.DTN object at 0x11166d460>,<entities.processor.Processor object at 0x111676250>
7.525889999999985,0.11285999999999774,97045,<entities.dtn.DTN object at 0x11166d460>,<entities.processor.Processor object at 0x111676250>
7.627489999999985,0.21442999999999746,97045,<entities.dtn.DTN object at 0x11166d460>,<entities.processor.Processor object at 0x111676250>
7.629089999999985,0.2144599999999972,97045,<entities.dtn.DTN object at 0x11166d460>,<entities.processor.Processor object at 0x111676250>
7.630689999999984,0.21602999999999728,97045,<entities.dtn.DTN object at 0x11166d460>,<entities.processor.Processor object at 0x111676250>
7.632289999999984,0.21605999999999703,97045,<entities.dtn.DTN object at 0x11166d460>,<entities.processor.Processor object at 0x111676250>
7.633889999999984,0.2176299999999971,97045,<entities.dtn.DTN object at 0x11166d460>,<entities.processor.Processor object at 0x111676250>
7.635489999999984,0.21765999999999686,97045,<entities.dtn.DTN object at 0x11166d460>,<entities.processor.Processor object at 0x111676250>
7.637089999999984,0.21922999999999693,97045,<entities.dtn.DTN object at 0x11166d460>,<entities.processor.Processor object at 0x111676250>
7.6386899999999835,0.11925999999999704,97045,<entities.dtn.DTN object at 0x11166d460>,<entities.processor.Processor object at 0x111676250>
7.640289999999983,0.1208299999999971,97045,<entities.dtn.DTN object at 0x11166d460>,<entities.processor.Processor object at 0x111676250>
7.641889999999983,0.12085999999999686,97045,<entities.dtn.DTN object at 0x11166d460>,<entities.processor.Processor object at 0x111676250>
7.643489999999983,0.12242999999999693,97045,<entities.dtn.DTN object at 0x11166d460>,<entities.processor.Processor object at 0x111676250>
7.7450899999999825,0.22245999999999633,97045,<entities.dtn.DTN object at 0x11166d460>,<entities.processor.Processor object at 0x111676250>
7.746689999999982,0.2240299999999964,97045,<entities.dtn.DTN object at 0x11166d460>,<entities.processor.Processor object at 0x111676250>
7.748289999999982,0.22405999999999615,97045,<entities.dtn.DTN object at 0x11166d460>,<entities.processor.Processor object at 0x111676250>
7.749889999999982,0.22562999999999622,97045,<entities.dtn.DTN object at 0x11166d460>,<entities.processor.Processor object at 0x111676250>
7.751489999999982,0.22565999999999597,97045,<entities.dtn.DTN object at 0x11166d460>,<entities.processor.Processor object at 0x111676250>
7.753089999999982,0.22722999999999605,97045,<entities.dtn.DTN object at 0x11166d460>,<entities.processor.Processor object at 0x111676250>
7.754689999999981,0.12725999999999615,97045,<entities.dtn.DTN object at 0x11166d460>,<entities.processor.Processor object at 0x111676250>
7.756289999999981,0.12882999999999623,97045,<entities.dtn.DTN object at 0x11166d460>,<entities.processor.Processor object at 0x111676250>
7.757889999999981,0.12885999999999598,97045,<entities.dtn.DTN object at 0x11166d460>,<entities.processor.Processor object at 0x111676250>
7.759489999999981,0.13042999999999605,97045,<entities.dtn.DTN object at 0x11166d460>,<entities.processor.Processor object at 0x111676250>
7.86108999999998,0.23045999999999545,97045,<entities.dtn.DTN object at 0x11166d460>,<entities.processor.Processor object at 0x111676250>
7.86268999999998,0.23202999999999552,97045,<entities.dtn.DTN object at 0x11166d460>,<entities.processor.Processor object at 0x111676250>
7.86428999999998,0.23205999999999527,97045,<entities.dtn.DTN object at 0x11166d460>,<entities.processor.Processor object at 0x111676250>
7.86588999999998,0.23362999999999534,97045,<entities.dtn.DTN object at 0x11166d460>,<entities.processor.Processor object at 0x111676250>
7.86748999999998,0.2336599999999951,97045,<entities.dtn.DTN object at 0x11166d460>,<entities.processor.Processor object at 0x111676250>
7.8690899999999795,0.23522999999999517,97045,<entities.dtn.DTN object at 0x11166d460>,<entities.processor.Processor object at 0x111676250>
7.870689999999979,0.23525999999999492,97045,<entities.dtn.DTN object at 0x11166d460>,<entities.processor.Processor object at 0x111676250>
7.872289999999979,0.236829999999995,97045,<entities.dtn.DTN object at 0x11166d460>,<entities.processor.Processor object at 0x111676250>
7.873889999999979,0.23685999999999474,97045,<entities.dtn.DTN object at 0x11166d460>,<entities.processor.Processor object at 0x111676250>
7.875489999999979,0.2384299999999948,97045,<entities.dtn.DTN object at 0x11166d460>,<entities.processor.Processor object at 0x111676250>
7.877089999999979,0.23845999999999457,97045,<entities.dtn.DTN object at 0x11166d460>,<entities.processor.Processor object at 0x111676250>
7.878689999999978,0.24002999999999464,97045,<entities.dtn.DTN object at 0x11166d460>,<entities.processor.Processor object at 0x111676250>
7.980289999999978,0.34005999999999403,97045,<entities.dtn.DTN object at 0x11166d460>,<entities.processor.Processor object at 0x111676250>
7.981889999999978,0.3416299999999941,97045,<entities.dtn.DTN object at 0x11166d460>,<entities.processor.Processor object at 0x111676250>
7.9834899999999775,0.34165999999999386,97045,<entities.dtn.DTN object at 0x11166d460>,<entities.processor.Processor object at 0x111676250>
7.985089999999977,0.34322999999999393,97045,<entities.dtn.DTN object at 0x11166d460>,<entities.processor.Processor object at 0x111676250>
7.986689999999977,0.3432599999999937,97045,<entities.dtn.DTN object at 0x11166d460>,<entities.processor.Processor object at 0x111676250>
7.988289999999977,0.34482999999999375,97045,<entities.dtn.DTN object at 0x11166d460>,<entities.processor.Processor object at 0x111676250>
7.989889999999977,0.24485999999999386,97045,<entities.dtn.DTN object at 0x11166d460>,<entities.processor.Processor object at 0x111676250>
7.991489999999977,0.24642999999999393,97045,<entities.dtn.DTN object at 0x11166d460>,<entities.processor.Processor object at 0x111676250>
7.9930899999999765,0.24645999999999368,97045,<entities.dtn.DTN object at 0x11166d460>,<entities.processor.Processor object at 0x111676250>
7.994689999999976,0.24802999999999376,97045,<entities.dtn.DTN object at 0x11166d460>,<entities.processor.Processor object at 0x111676250>
8.096289999999978,0.3480599999999958,97045,<entities.dtn.DTN object at 0x11166d460>,<entities.processor.Processor object at 0x111676250>
8.097889999999978,0.3496299999999959,97045,<entities.dtn.DTN object at 0x11166d460>,<entities.processor.Processor object at 0x111676250>
8.099489999999978,0.34965999999999564,97045,<entities.dtn.DTN object at 0x11166d460>,<entities.processor.Processor object at 0x111676250>
8.101089999999978,0.3512299999999957,97045,<entities.dtn.DTN object at 0x11166d460>,<entities.processor.Processor object at 0x111676250>
8.102689999999978,0.35125999999999546,97045,<entities.dtn.DTN object at 0x11166d460>,<entities.processor.Processor object at 0x111676250>
8.104259999999977,0.3527999999999949,97045,<entities.dtn.DTN object at 0x11166d460>,<entities.processor.Processor object at 0x111676250>
8.105859999999977,0.35282999999999465,97045,<entities.dtn.DTN object at 0x11166d460>,<entities.processor.Processor object at 0x111676250>
8.107459999999977,0.3543999999999947,97045,<entities.dtn.DTN object at 0x11166d460>,<entities.processor.Processor object at 0x111676250>
8.109059999999976,0.35442999999999447,97045,<entities.dtn.DTN object at 0x11166d460>,<entities.processor.Processor object at 0x111676250>
8.110659999999976,0.35599999999999454,97045,<entities.dtn.DTN object at 0x11166d460>,<entities.processor.Processor object at 0x111676250>
8.112259999999976,0.3560299999999943,97045,<entities.dtn.DTN object at 0x11166d460>,<entities.processor.Processor object at 0x111676250>
8.113859999999976,0.35759999999999437,97045,<entities.dtn.DTN object at 0x11166d460>,<entities.processor.Processor object at 0x111676250>
8.215459999999975,0.45762999999999376,97045,<entities.dtn.DTN object at 0x11166d460>,<entities.processor.Processor object at 0x111676250>
8.217039999999974,0.4591799999999928,97045,<entities.dtn.DTN object at 0x11166d460>,<entities.processor.Processor object at 0x111676250>
8.218629999999974,0.45919999999999295,97045,<entities.dtn.DTN object at 0x11166d460>,<entities.processor.Processor object at 0x111676250>
8.220229999999974,0.460769999999993,97045,<entities.dtn.DTN object at 0x11166d460>,<entities.processor.Processor object at 0x111676250>
8.221829999999974,0.3607999999999931,97045,<entities.dtn.DTN object at 0x11166d460>,<entities.processor.Processor object at 0x111676250>
8.223429999999974,0.3623699999999932,97045,<entities.dtn.DTN object at 0x11166d460>,<entities.processor.Processor object at 0x111676250>
8.225029999999974,0.36239999999999295,97045,<entities.dtn.DTN object at 0x11166d460>,<entities.processor.Processor object at 0x111676250>
8.226629999999973,0.363969999999993,97045,<entities.dtn.DTN object at 0x11166d460>,<entities.processor.Processor object at 0x111676250>
8.228229999999973,0.3639999999999928,97045,<entities.dtn.DTN object at 0x11166d460>,<entities.processor.Processor object at 0x111676250>
8.229829999999973,0.36556999999999285,97045,<entities.dtn.DTN object at 0x11166d460>,<entities.processor.Processor object at 0x111676250>
8.231429999999973,0.3655999999999926,97045,<entities.dtn.DTN object at 0x11166d460>,<entities.processor.Processor object at 0x111676250>
8.233029999999973,0.36716999999999267,97045,<entities.dtn.DTN object at 0x11166d460>,<entities.processor.Processor object at 0x111676250>
8.334629999999972,0.46719999999999207,97045,<entities.dtn.DTN object at 0x11166d460>,<entities.processor.Processor object at 0x111676250>
8.336229999999972,0.46876999999999214,97045,<entities.dtn.DTN object at 0x11166d460>,<entities.processor.Processor object at 0x111676250>
8.337829999999972,0.4687999999999919,97045,<entities.dtn.DTN object at 0x11166d460>,<entities.processor.Processor object at 0x111676250>
8.339429999999972,0.47036999999999196,97045,<entities.dtn.DTN object at 0x11166d460>,<entities.processor.Processor object at 0x111676250>
8.341029999999972,0.4703999999999917,97045,<entities.dtn.DTN object at 0x11166d460>,<entities.processor.Processor object at 0x111676250>
8.342629999999971,0.4719699999999918,97045,<entities.dtn.DTN object at 0x11166d460>,<entities.processor.Processor object at 0x111676250>
8.344229999999971,0.47199999999999154,97045,<entities.dtn.DTN object at 0x11166d460>,<entities.processor.Processor object at 0x111676250>
8.345829999999971,0.4735699999999916,97045,<entities.dtn.DTN object at 0x11166d460>,<entities.processor.Processor object at 0x111676250>
8.34742999999997,0.47359999999999136,97045,<entities.dtn.DTN object at 0x11166d460>,<entities.processor.Processor object at 0x111676250>
8.34902999999997,0.47516999999999143,97045,<entities.dtn.DTN object at 0x11166d460>,<entities.processor.Processor object at 0x111676250>
8.35062999999997,0.4751999999999912,97045,<entities.dtn.DTN object at 0x11166d460>,<entities.processor.Processor object at 0x111676250>
8.45222999999997,0.5767699999999909,97045,<entities.dtn.DTN object at 0x11166d460>,<entities.processor.Processor object at 0x111676250>
8.45382999999997,0.5767999999999907,97045,<entities.dtn.DTN object at 0x11166d460>,<entities.processor.Processor object at 0x111676250>
8.45542999999997,0.5783699999999907,97045,<entities.dtn.DTN object at 0x11166d460>,<entities.processor.Processor object at 0x111676250>
8.45702999999997,0.5783999999999905,97045,<entities.dtn.DTN object at 0x11166d460>,<entities.processor.Processor object at 0x111676250>
8.45862999999997,0.5799699999999905,97045,<entities.dtn.DTN object at 0x11166d460>,<entities.processor.Processor object at 0x111676250>
8.460229999999969,0.47999999999999066,97045,<entities.dtn.DTN object at 0x11166d460>,<entities.processor.Processor object at 0x111676250>
8.461829999999969,0.4815699999999907,97045,<entities.dtn.DTN object at 0x11166d460>,<entities.processor.Processor object at 0x111676250>
8.463429999999969,0.4815999999999905,97045,<entities.dtn.DTN object at 0x11166d460>,<entities.processor.Processor object at 0x111676250>
8.465029999999969,0.48316999999999055,97045,<entities.dtn.DTN object at 0x11166d460>,<entities.processor.Processor object at 0x111676250>
8.466629999999968,0.4831999999999903,97045,<entities.dtn.DTN object at 0x11166d460>,<entities.processor.Processor object at 0x111676250>
8.468229999999968,0.4847699999999904,97045,<entities.dtn.DTN object at 0x11166d460>,<entities.processor.Processor object at 0x111676250>
8.469829999999968,0.4847999999999901,97045,<entities.dtn.DTN object at 0x11166d460>,<entities.processor.Processor object at 0x111676250>
8.571429999999967,0.5863699999999898,97045,<entities.dtn.DTN object at 0x11166d460>,<entities.processor.Processor object at 0x111676250>
8.573029999999967,0.5863999999999896,97045,<entities.dtn.DTN object at 0x11166d460>,<entities.processor.Processor object at 0x111676250>
8.574629999999967,0.5879699999999897,97045,<entities.dtn.DTN object at 0x11166d460>,<entities.processor.Processor object at 0x111676250>
8.576229999999967,0.5879999999999894,97045,<entities.dtn.DTN object at 0x11166d460>,<entities.processor.Processor object at 0x111676250>
8.577829999999967,0.5895699999999895,97045,<entities.dtn.DTN object at 0x11166d460>,<entities.processor.Processor object at 0x111676250>
8.579429999999967,0.5895999999999892,97045,<entities.dtn.DTN object at 0x11166d460>,<entities.processor.Processor object at 0x111676250>
8.581029999999966,0.5911699999999893,97045,<entities.dtn.DTN object at 0x11166d460>,<entities.processor.Processor object at 0x111676250>
8.582629999999966,0.5911999999999891,97045,<entities.dtn.DTN object at 0x11166d460>,<entities.processor.Processor object at 0x111676250>
8.584229999999966,0.5927699999999891,97045,<entities.dtn.DTN object at 0x11166d460>,<entities.processor.Processor object at 0x111676250>
8.585829999999966,0.5927999999999889,97045,<entities.dtn.DTN object at 0x11166d460>,<entities.processor.Processor object at 0x111676250>
8.587429999999966,0.594369999999989,97045,<entities.dtn.DTN object at 0x11166d460>,<entities.processor.Processor object at 0x111676250>
8.589029999999966,0.5943999999999887,97045,<entities.dtn.DTN object at 0x11166d460>,<entities.processor.Processor object at 0x111676250>
8.690629999999965,0.6959699999999884,97045,<entities.dtn.DTN object at 0x11166d460>,<entities.processor.Processor object at 0x111676250>
8.692229999999965,0.5959999999999877,97045,<entities.dtn.DTN object at 0x11166d460>,<entities.processor.Processor object at 0x111676250>
8.693829999999965,0.5975699999999868,97045,<entities.dtn.DTN object at 0x11166d460>,<entities.processor.Processor object at 0x111676250>
8.695429999999964,0.5975999999999875,97045,<entities.dtn.DTN object at 0x11166d460>,<entities.processor.Processor object at 0x111676250>
8.697029999999964,0.5991699999999867,97045,<entities.dtn.DTN object at 0x11166d460>,<entities.processor.Processor object at 0x111676250>
8.698629999999964,0.5991999999999873,97045,<entities.dtn.DTN object at 0x11166d460>,<entities.processor.Processor object at 0x111676250>
8.700229999999964,0.6007699999999865,97045,<entities.dtn.DTN object at 0x11166d460>,<entities.processor.Processor object at 0x111676250>
8.701829999999964,0.6007999999999871,97045,<entities.dtn.DTN object at 0x11166d460>,<entities.processor.Processor object at 0x111676250>
8.703429999999964,0.6023699999999863,97045,<entities.dtn.DTN object at 0x11166d460>,<entities.processor.Processor object at 0x111676250>
8.805029999999963,0.7023999999999866,97045,<entities.dtn.DTN object at 0x11166d460>,<entities.processor.Processor object at 0x111676250>
8.806629999999963,0.7039699999999858,97045,<entities.dtn.DTN object at 0x11166d460>,<entities.processor.Processor object at 0x111676250>
8.808229999999963,0.7039999999999864,97045,<entities.dtn.DTN object at 0x11166d460>,<entities.processor.Processor object at 0x111676250>
8.809829999999963,0.7039999999999864,97045,<entities.dtn.DTN object at 0x11166d460>,<entities.processor.Processor object at 0x111676250>
8.811429999999962,0.7039999999999864,97045,<entities.dtn.DTN object at 0x11166d460>,<entities.processor.Processor object at 0x111676250>
8.813029999999962,0.7039999999999864,97045,<entities.dtn.DTN object at 0x11166d460>,<entities.processor.Processor object at 0x111676250>
8.814629999999962,0.7039999999999864,97045,<entities.dtn.DTN object at 0x11166d460>,<entities.processor.Processor object at 0x111676250>
8.816229999999962,0.7039999999999864,97045,<entities.dtn.DTN object at 0x11166d460>,<entities.processor.Processor object at 0x111676250>
8.817829999999962,0.7039999999999864,97045,<entities.dtn.DTN object at 0x11166d460>,<entities.processor.Processor object at 0x111676250>
8.819429999999961,0.6039999999999868,97045,<entities.dtn.DTN object at 0x11166d460>,<entities.processor.Processor object at 0x111676250>
8.820029999999962,0.6029999999999873,97045,<entities.dtn.DTN object at 0x11166d460>,<entities.processor.Processor object at 0x111676250>
12.568900000000028,0.10192000000000156,43205,<entities.dtn.DTN object at 0x11166d460>,<entities.processor.Processor object at 0x11166d8e0>
12.672100000000027,0.10326000000000057,43205,<entities.dtn.DTN object at 0x11166d460>,<entities.processor.Processor object at 0x11166d8e0>
12.673700000000027,0.10482999999999976,43205,<entities.dtn.DTN object at 0x11166d460>,<entities.processor.Processor object at 0x11166d8e0>
12.778500000000026,0.10646000000000022,43205,<entities.dtn.DTN object at 0x11166d460>,<entities.processor.Processor object at 0x11166d8e0>
12.880100000000025,0.20802999999999905,43205,<entities.dtn.DTN object at 0x11166d460>,<entities.processor.Processor object at 0x11166d8e0>
12.881700000000025,0.2080599999999997,43205,<entities.dtn.DTN object at 0x11166d460>,<entities.processor.Processor object at 0x11166d8e0>
12.883300000000025,0.20962999999999887,43205,<entities.dtn.DTN object at 0x11166d460>,<entities.processor.Processor object at 0x11166d8e0>
12.991300000000024,0.21285999999999916,43205,<entities.dtn.DTN object at 0x11166d460>,<entities.processor.Processor object at 0x11166d8e0>
12.992900000000024,0.21442999999999834,43205,<entities.dtn.DTN object at 0x11166d460>,<entities.processor.Processor object at 0x11166d8e0>
12.994500000000023,0.11445999999999934,43205,<entities.dtn.DTN object at 0x11166d460>,<entities.processor.Processor object at 0x11166d8e0>
12.996100000000023,0.11602999999999852,43205,<entities.dtn.DTN object at 0x11166d460>,<entities.processor.Processor object at 0x11166d8e0>
12.997700000000023,0.11605999999999916,43205,<entities.dtn.DTN object at 0x11166d460>,<entities.processor.Processor object at 0x11166d8e0>
12.999300000000023,0.11762999999999835,43205,<entities.dtn.DTN object at 0x11166d460>,<entities.processor.Processor object at 0x11166d8e0>
13.000900000000023,0.11765999999999899,43205,<entities.dtn.DTN object at 0x11166d460>,<entities.processor.Processor object at 0x11166d8e0>
13.002500000000023,0.11922999999999817,43205,<entities.dtn.DTN object at 0x11166d460>,<entities.processor.Processor object at 0x11166d8e0>
13.11690000000002,0.1256599999999981,43205,<entities.dtn.DTN object at 0x11166d460>,<entities.processor.Processor object at 0x11166d8e0>
13.11850000000002,0.1272299999999973,43205,<entities.dtn.DTN object at 0x11166d460>,<entities.processor.Processor object at 0x11166d8e0>
13.12010000000002,0.12725999999999793,43205,<entities.dtn.DTN object at 0x11166d460>,<entities.processor.Processor object at 0x11166d8e0>
13.22170000000002,0.22882999999999676,43205,<entities.dtn.DTN object at 0x11166d460>,<entities.processor.Processor object at 0x11166d8e0>
13.22330000000002,0.2288599999999974,43205,<entities.dtn.DTN object at 0x11166d460>,<entities.processor.Processor object at 0x11166d8e0>
13.22490000000002,0.23042999999999658,43205,<entities.dtn.DTN object at 0x11166d460>,<entities.processor.Processor object at 0x11166d8e0>
13.22650000000002,0.23045999999999722,43205,<entities.dtn.DTN object at 0x11166d460>,<entities.processor.Processor object at 0x11166d8e0>
13.228100000000019,0.2320299999999964,43205,<entities.dtn.DTN object at 0x11166d460>,<entities.processor.Processor object at 0x11166d8e0>
13.229700000000019,0.23205999999999705,43205,<entities.dtn.DTN object at 0x11166d460>,<entities.processor.Processor object at 0x11166d8e0>
13.231300000000019,0.23362999999999623,43205,<entities.dtn.DTN object at 0x11166d460>,<entities.processor.Processor object at 0x11166d8e0>
13.232900000000019,0.23365999999999687,43205,<entities.dtn.DTN object at 0x11166d460>,<entities.processor.Processor object at 0x11166d8e0>
13.234500000000018,0.23522999999999605,43205,<entities.dtn.DTN object at 0x11166d460>,<entities.processor.Processor object at 0x11166d8e0>
13.236100000000018,0.2352599999999967,43205,<entities.dtn.DTN object at 0x11166d460>,<entities.processor.Processor object at 0x11166d8e0>
13.237700000000018,0.23682999999999588,43205,<entities.dtn.DTN object at 0x11166d460>,<entities.processor.Processor object at 0x11166d8e0>
13.239300000000018,0.23685999999999652,43205,<entities.dtn.DTN object at 0x11166d460>,<entities.processor.Processor object at 0x11166d8e0>
13.340900000000017,0.33842999999999535,43205,<entities.dtn.DTN object at 0x11166d460>,<entities.processor.Processor object at 0x11166d8e0>
13.468100000000014,0.3512599999999946,43205,<entities.dtn.DTN object at 0x11166d460>,<entities.processor.Processor object at 0x11166d8e0>
13.469700000000014,0.35282999999999376,43205,<entities.dtn.DTN object at 0x11166d460>,<entities.processor.Processor object at 0x11166d8e0>
13.571300000000013,0.45285999999999405,43205,<entities.dtn.DTN object at 0x11166d460>,<entities.processor.Processor object at 0x11166d8e0>
13.572900000000013,0.45442999999999323,43205,<entities.dtn.DTN object at 0x11166d460>,<entities.processor.Processor object at 0x11166d8e0>
13.574500000000013,0.45445999999999387,43205,<entities.dtn.DTN object at 0x11166d460>,<entities.processor.Processor object at 0x11166d8e0>
13.576100000000013,0.45602999999999305,43205,<entities.dtn.DTN object at 0x11166d460>,<entities.processor.Processor object at 0x11166d8e0>
13.577700000000013,0.35605999999999405,43205,<entities.dtn.DTN object at 0x11166d460>,<entities.processor.Processor object at 0x11166d8e0>
13.679300000000012,0.4576299999999929,43205,<entities.dtn.DTN object at 0x11166d460>,<entities.processor.Processor object at 0x11166d8e0>
13.680900000000012,0.4576599999999935,43205,<entities.dtn.DTN object at 0x11166d460>,<entities.processor.Processor object at 0x11166d8e0>
13.682500000000012,0.4592299999999927,43205,<entities.dtn.DTN object at 0x11166d460>,<entities.processor.Processor object at 0x11166d8e0>
13.684100000000011,0.45925999999999334,43205,<entities.dtn.DTN object at 0x11166d460>,<entities.processor.Processor object at 0x11166d8e0>
13.685700000000011,0.4608299999999925,43205,<entities.dtn.DTN object at 0x11166d460>,<entities.processor.Processor object at 0x11166d8e0>
13.687300000000011,0.46085999999999316,43205,<entities.dtn.DTN object at 0x11166d460>,<entities.processor.Processor object at 0x11166d8e0>
13.688900000000011,0.46242999999999235,43205,<entities.dtn.DTN object at 0x11166d460>,<entities.processor.Processor object at 0x11166d8e0>
13.69050000000001,0.462459999999993,43205,<entities.dtn.DTN object at 0x11166d460>,<entities.processor.Processor object at 0x11166d8e0>
13.69210000000001,0.46402999999999217,43205,<entities.dtn.DTN object at 0x11166d460>,<entities.processor.Processor object at 0x11166d8e0>
13.69370000000001,0.4640599999999928,43205,<entities.dtn.DTN object at 0x11166d460>,<entities.processor.Processor object at 0x11166d8e0>
13.69530000000001,0.465629999999992,43205,<entities.dtn.DTN object at 0x11166d460>,<entities.processor.Processor object at 0x11166d8e0>
13.796870000000009,0.5656299999999916,43205,<entities.dtn.DTN object at 0x11166d460>,<entities.processor.Processor object at 0x11166d8e0>
13.798440000000008,0.5671699999999902,43205,<entities.dtn.DTN object at 0x11166d460>,<entities.processor.Processor object at 0x11166d8e0>
13.800040000000008,0.5671999999999908,43205,<entities.dtn.DTN object at 0x11166d460>,<entities.processor.Processor object at 0x11166d8e0>
13.801640000000008,0.56876999999999,43205,<entities.dtn.DTN object at 0x11166d460>,<entities.processor.Processor object at 0x11166d8e0>
13.803240000000008,0.5687999999999906,43205,<entities.dtn.DTN object at 0x11166d460>,<entities.processor.Processor object at 0x11166d8e0>
13.804840000000008,0.5703699999999898,43205,<entities.dtn.DTN object at 0x11166d460>,<entities.processor.Processor object at 0x11166d8e0>
13.806440000000007,0.5703999999999905,43205,<entities.dtn.DTN object at 0x11166d460>,<entities.processor.Processor object at 0x11166d8e0>
13.808040000000007,0.5719699999999897,43205,<entities.dtn.DTN object at 0x11166d460>,<entities.processor.Processor object at 0x11166d8e0>
13.809640000000007,0.5719999999999903,43205,<entities.dtn.DTN object at 0x11166d460>,<entities.processor.Processor object at 0x11166d8e0>
13.811240000000007,0.5735699999999895,43205,<entities.dtn.DTN object at 0x11166d460>,<entities.processor.Processor object at 0x11166d8e0>
13.812840000000007,0.5735999999999901,43205,<entities.dtn.DTN object at 0x11166d460>,<entities.processor.Processor object at 0x11166d8e0>
13.814440000000006,0.5751699999999893,43205,<entities.dtn.DTN object at 0x11166d460>,<entities.processor.Processor object at 0x11166d8e0>
13.916040000000006,0.5751999999999899,43205,<entities.dtn.DTN object at 0x11166d460>,<entities.processor.Processor object at 0x11166d8e0>
13.917640000000006,0.5767699999999891,43205,<entities.dtn.DTN object at 0x11166d460>,<entities.processor.Processor object at 0x11166d8e0>
14.270439999999999,0.8023999999999862,43205,<entities.dtn.DTN object at 0x11166d460>,<entities.processor.Processor object at 0x11166d8e0>
14.272039999999999,0.8039699999999854,43205,<entities.dtn.DTN object at 0x11166d460>,<entities.processor.Processor object at 0x11166d8e0>
14.273639999999999,0.8039999999999861,43205,<entities.dtn.DTN object at 0x11166d460>,<entities.processor.Processor object at 0x11166d8e0>
14.275239999999998,0.8055699999999852,43205,<entities.dtn.DTN object at 0x11166d460>,<entities.processor.Processor object at 0x11166d8e0>
14.376839999999998,0.8055999999999859,43205,<entities.dtn.DTN object at 0x11166d460>,<entities.processor.Processor object at 0x11166d8e0>
14.378439999999998,0.8071699999999851,43205,<entities.dtn.DTN object at 0x11166d460>,<entities.processor.Processor object at 0x11166d8e0>
14.380039999999997,0.8071999999999857,43205,<entities.dtn.DTN object at 0x11166d460>,<entities.processor.Processor object at 0x11166d8e0>
14.381639999999997,0.8087699999999849,43205,<entities.dtn.DTN object at 0x11166d460>,<entities.processor.Processor object at 0x11166d8e0>
14.383239999999997,0.8087999999999855,43205,<entities.dtn.DTN object at 0x11166d460>,<entities.processor.Processor object at 0x11166d8e0>
14.384839999999997,0.8103699999999847,43205,<entities.dtn.DTN object at 0x11166d460>,<entities.processor.Processor object at 0x11166d8e0>
14.386439999999997,0.8103999999999854,43205,<entities.dtn.DTN object at 0x11166d460>,<entities.processor.Processor object at 0x11166d8e0>
14.388039999999997,0.8119699999999845,43205,<entities.dtn.DTN object at 0x11166d460>,<entities.processor.Processor object at 0x11166d8e0>
14.489639999999996,0.9119999999999848,43205,<entities.dtn.DTN object at 0x11166d460>,<entities.processor.Processor object at 0x11166d8e0>
14.491239999999996,0.913569999999984,43205,<entities.dtn.DTN object at 0x11166d460>,<entities.processor.Processor object at 0x11166d8e0>
14.492839999999996,0.813599999999985,43205,<entities.dtn.DTN object at 0x11166d460>,<entities.processor.Processor object at 0x11166d8e0>
14.494439999999996,0.8151699999999842,43205,<entities.dtn.DTN object at 0x11166d460>,<entities.processor.Processor object at 0x11166d8e0>
14.496039999999995,0.8151999999999848,43205,<entities.dtn.DTN object at 0x11166d460>,<entities.processor.Processor object at 0x11166d8e0>
14.497639999999995,0.816769999999984,43205,<entities.dtn.DTN object at 0x11166d460>,<entities.processor.Processor object at 0x11166d8e0>
14.499239999999995,0.8167999999999846,43205,<entities.dtn.DTN object at 0x11166d460>,<entities.processor.Processor object at 0x11166d8e0>
14.600839999999994,0.9183699999999835,43205,<entities.dtn.DTN object at 0x11166d460>,<entities.processor.Processor object at 0x11166d8e0>
14.602439999999994,0.9183999999999841,43205,<entities.dtn.DTN object at 0x11166d460>,<entities.processor.Processor object at 0x11166d8e0>
14.604039999999994,0.9199699999999833,43205,<entities.dtn.DTN object at 0x11166d460>,<entities.processor.Processor object at 0x11166d8e0>
14.605639999999994,0.9199999999999839,43205,<entities.dtn.DTN object at 0x11166d460>,<entities.processor.Processor object at 0x11166d8e0>
14.607239999999994,0.9215699999999831,43205,<entities.dtn.DTN object at 0x11166d460>,<entities.processor.Processor object at 0x11166d8e0>
14.608839999999994,0.9215999999999838,43205,<entities.dtn.DTN object at 0x11166d460>,<entities.processor.Processor object at 0x11166d8e0>
14.610439999999993,0.923169999999983,43205,<entities.dtn.DTN object at 0x11166d460>,<entities.processor.Processor object at 0x11166d8e0>
14.612039999999993,0.9231999999999836,43205,<entities.dtn.DTN object at 0x11166d460>,<entities.processor.Processor object at 0x11166d8e0>
14.613639999999993,0.9247699999999828,43205,<entities.dtn.DTN object at 0x11166d460>,<entities.processor.Processor object at 0x11166d8e0>
14.615239999999993,0.9247999999999834,43205,<entities.dtn.DTN object at 0x11166d460>,<entities.processor.Processor object at 0x11166d8e0>
14.616839999999993,0.9263699999999826,43205,<entities.dtn.DTN object at 0x11166d460>,<entities.processor.Processor object at 0x11166d8e0>
14.618439999999993,0.9263999999999832,43205,<entities.dtn.DTN object at 0x11166d460>,<entities.processor.Processor object at 0x11166d8e0>
14.720039999999992,1.027969999999982,43205,<entities.dtn.DTN object at 0x11166d460>,<entities.processor.Processor object at 0x11166d8e0>
14.721639999999992,1.0279999999999827,43205,<entities.dtn.DTN object at 0x11166d460>,<entities.processor.Processor object at 0x11166d8e0>
14.723239999999992,1.0295699999999819,43205,<entities.dtn.DTN object at 0x11166d460>,<entities.processor.Processor object at 0x11166d8e0>
14.724839999999991,1.0295999999999825,43205,<entities.dtn.DTN object at 0x11166d460>,<entities.processor.Processor object at 0x11166d8e0>
14.726439999999991,1.0311699999999817,43205,<entities.dtn.DTN object at 0x11166d460>,<entities.processor.Processor object at 0x11166d8e0>
14.82803999999999,1.0311999999999824,43205,<entities.dtn.DTN object at 0x11166d460>,<entities.processor.Processor object at 0x11166d8e0>
12.570500000000028,0.10339000000000098,15967,<entities.dtn.DTN object at 0x11166d460>,<entities.processor.Processor object at 0x1116760a0>
12.675300000000027,0.1048600000000004,15967,<entities.dtn.DTN object at 0x11166d460>,<entities.processor.Processor object at 0x1116760a0>
12.676900000000026,0.10642999999999958,15967,<entities.dtn.DTN object at 0x11166d460>,<entities.processor.Processor object at 0x1116760a0>
12.884900000000025,0.2096599999999995,15967,<entities.dtn.DTN object at 0x11166d460>,<entities.processor.Processor object at 0x1116760a0>
12.886500000000025,0.2112299999999987,15967,<entities.dtn.DTN object at 0x11166d460>,<entities.processor.Processor object at 0x1116760a0>
12.888100000000025,0.21125999999999934,15967,<entities.dtn.DTN object at 0x11166d460>,<entities.processor.Processor object at 0x1116760a0>
12.889700000000024,0.21282999999999852,15967,<entities.dtn.DTN object at 0x11166d460>,<entities.processor.Processor object at 0x1116760a0>
13.004100000000022,0.11925999999999881,15967,<entities.dtn.DTN object at 0x11166d460>,<entities.processor.Processor object at 0x1116760a0>
13.005700000000022,0.120829999999998,15967,<entities.dtn.DTN object at 0x11166d460>,<entities.processor.Processor object at 0x1116760a0>
13.007300000000022,0.12085999999999864,15967,<entities.dtn.DTN object at 0x11166d460>,<entities.processor.Processor object at 0x1116760a0>
13.008900000000022,0.12242999999999782,15967,<entities.dtn.DTN object at 0x11166d460>,<entities.processor.Processor object at 0x1116760a0>
13.110500000000021,0.2224599999999981,15967,<entities.dtn.DTN object at 0x11166d460>,<entities.processor.Processor object at 0x1116760a0>
13.112100000000021,0.2240299999999973,15967,<entities.dtn.DTN object at 0x11166d460>,<entities.processor.Processor object at 0x1116760a0>
13.113700000000021,0.22405999999999793,15967,<entities.dtn.DTN object at 0x11166d460>,<entities.processor.Processor object at 0x1116760a0>
13.11530000000002,0.2256299999999971,15967,<entities.dtn.DTN object at 0x11166d460>,<entities.processor.Processor object at 0x1116760a0>
13.342500000000017,0.338459999999996,15967,<entities.dtn.DTN object at 0x11166d460>,<entities.processor.Processor object at 0x1116760a0>
13.344100000000017,0.34002999999999517,15967,<entities.dtn.DTN object at 0x11166d460>,<entities.processor.Processor object at 0x1116760a0>
13.345700000000017,0.3400599999999958,15967,<entities.dtn.DTN object at 0x11166d460>,<entities.processor.Processor object at 0x1116760a0>
13.347300000000017,0.341629999999995,15967,<entities.dtn.DTN object at 0x11166d460>,<entities.processor.Processor object at 0x1116760a0>
13.348900000000016,0.34165999999999563,15967,<entities.dtn.DTN object at 0x11166d460>,<entities.processor.Processor object at 0x1116760a0>
13.350500000000016,0.3432299999999948,15967,<entities.dtn.DTN object at 0x11166d460>,<entities.processor.Processor object at 0x1116760a0>
13.352100000000016,0.34325999999999546,15967,<entities.dtn.DTN object at 0x11166d460>,<entities.processor.Processor object at 0x1116760a0>
13.353700000000016,0.34482999999999464,15967,<entities.dtn.DTN object at 0x11166d460>,<entities.processor.Processor object at 0x1116760a0>
13.455300000000015,0.3448599999999953,15967,<entities.dtn.DTN object at 0x11166d460>,<entities.processor.Processor object at 0x1116760a0>
13.456900000000015,0.34642999999999446,15967,<entities.dtn.DTN object at 0x11166d460>,<entities.processor.Processor object at 0x1116760a0>
13.458500000000015,0.3464599999999951,15967,<entities.dtn.DTN object at 0x11166d460>,<entities.processor.Processor object at 0x1116760a0>
13.460100000000015,0.3480299999999943,15967,<entities.dtn.DTN object at 0x11166d460>,<entities.processor.Processor object at 0x1116760a0>
13.461700000000015,0.34805999999999493,15967,<entities.dtn.DTN object at 0x11166d460>,<entities.processor.Processor object at 0x1116760a0>
13.463300000000014,0.3496299999999941,15967,<entities.dtn.DTN object at 0x11166d460>,<entities.processor.Processor object at 0x1116760a0>
13.464900000000014,0.34965999999999475,15967,<entities.dtn.DTN object at 0x11166d460>,<entities.processor.Processor object at 0x1116760a0>
13.466500000000014,0.35122999999999394,15967,<entities.dtn.DTN object at 0x11166d460>,<entities.processor.Processor object at 0x1116760a0>
13.919300000000007,0.576859999999991,15967,<entities.dtn.DTN object at 0x11166d460>,<entities.processor.Processor object at 0x1116760a0>
13.920900000000007,0.5784299999999902,15967,<entities.dtn.DTN object at 0x11166d460>,<entities.processor.Processor object at 0x1116760a0>
13.922500000000007,0.5784599999999909,15967,<entities.dtn.DTN object at 0x11166d460>,<entities.processor.Processor object at 0x1116760a0>
13.924100000000006,0.58002999999999,15967,<entities.dtn.DTN object at 0x11166d460>,<entities.processor.Processor object at 0x1116760a0>
13.925700000000006,0.5800599999999907,15967,<entities.dtn.DTN object at 0x11166d460>,<entities.processor.Processor object at 0x1116760a0>
13.927300000000006,0.5816299999999899,15967,<entities.dtn.DTN object at 0x11166d460>,<entities.processor.Processor object at 0x1116760a0>
13.928900000000006,0.5816599999999905,15967,<entities.dtn.DTN object at 0x11166d460>,<entities.processor.Processor object at 0x1116760a0>
14.030500000000005,0.6832299999999893,15967,<entities.dtn.DTN object at 0x11166d460>,<entities.processor.Processor object at 0x1116760a0>
14.032100000000005,0.68325999999999,15967,<entities.dtn.DTN object at 0x11166d460>,<entities.processor.Processor object at 0x1116760a0>
14.033700000000005,0.6848299999999892,15967,<entities.dtn.DTN object at 0x11166d460>,<entities.processor.Processor object at 0x1116760a0>
14.035300000000005,0.6848599999999898,15967,<entities.dtn.DTN object at 0x11166d460>,<entities.processor.Processor object at 0x1116760a0>
14.036900000000005,0.686429999999989,15967,<entities.dtn.DTN object at 0x11166d460>,<entities.processor.Processor object at 0x1116760a0>
14.038500000000004,0.6864599999999896,15967,<entities.dtn.DTN object at 0x11166d460>,<entities.processor.Processor object at 0x1116760a0>
14.040100000000004,0.6880299999999888,15967,<entities.dtn.DTN object at 0x11166d460>,<entities.processor.Processor object at 0x1116760a0>
14.041700000000004,0.6880599999999895,15967,<entities.dtn.DTN object at 0x11166d460>,<entities.processor.Processor object at 0x1116760a0>
14.043300000000004,0.6896299999999886,15967,<entities.dtn.DTN object at 0x11166d460>,<entities.processor.Processor object at 0x1116760a0>
14.044900000000004,0.5896599999999896,15967,<entities.dtn.DTN object at 0x11166d460>,<entities.processor.Processor object at 0x1116760a0>
14.046500000000004,0.5912299999999888,15967,<entities.dtn.DTN object at 0x11166d460>,<entities.processor.Processor object at 0x1116760a0>
14.048100000000003,0.5912599999999895,15967,<entities.dtn.DTN object at 0x11166d460>,<entities.processor.Processor object at 0x1116760a0>
14.149700000000003,0.6928299999999883,15967,<entities.dtn.DTN object at 0x11166d460>,<entities.processor.Processor object at 0x1116760a0>
14.151300000000003,0.6928599999999889,15967,<entities.dtn.DTN object at 0x11166d460>,<entities.processor.Processor object at 0x1116760a0>
14.152900000000002,0.6944299999999881,15967,<entities.dtn.DTN object at 0x11166d460>,<entities.processor.Processor object at 0x1116760a0>
14.154500000000002,0.6944599999999888,15967,<entities.dtn.DTN object at 0x11166d460>,<entities.processor.Processor object at 0x1116760a0>
14.156100000000002,0.6960299999999879,15967,<entities.dtn.DTN object at 0x11166d460>,<entities.processor.Processor object at 0x1116760a0>
14.157700000000002,0.6960599999999886,15967,<entities.dtn.DTN object at 0x11166d460>,<entities.processor.Processor object at 0x1116760a0>
14.159300000000002,0.6976299999999878,15967,<entities.dtn.DTN object at 0x11166d460>,<entities.processor.Processor object at 0x1116760a0>
14.160900000000002,0.6976599999999884,15967,<entities.dtn.DTN object at 0x11166d460>,<entities.processor.Processor object at 0x1116760a0>
14.162500000000001,0.6992299999999876,15967,<entities.dtn.DTN object at 0x11166d460>,<entities.processor.Processor object at 0x1116760a0>
14.164100000000001,0.6992599999999882,15967,<entities.dtn.DTN object at 0x11166d460>,<entities.processor.Processor object at 0x1116760a0>
14.16569,0.700819999999986,15967,<entities.dtn.DTN object at 0x11166d460>,<entities.processor.Processor object at 0x1116760a0>
14.26724,0.8007999999999864,15967,<entities.dtn.DTN object at 0x11166d460>,<entities.processor.Processor object at 0x1116760a0>
14.268839999999999,0.8023699999999856,15967,<entities.dtn.DTN object at 0x11166d460>,<entities.processor.Processor object at 0x1116760a0>
14.82963999999999,0.910399999999985,15967,<entities.dtn.DTN object at 0x11166d460>,<entities.processor.Processor object at 0x1116760a0>
14.83123999999999,0.9119699999999842,15967,<entities.dtn.DTN object at 0x11166d460>,<entities.processor.Processor object at 0x1116760a0>
14.83283999999999,0.9119999999999848,15967,<entities.dtn.DTN object at 0x11166d460>,<entities.processor.Processor object at 0x1116760a0>
14.93443999999999,1.0135699999999837,15967,<entities.dtn.DTN object at 0x11166d460>,<entities.processor.Processor object at 0x1116760a0>
14.93603999999999,1.0135999999999843,15967,<entities.dtn.DTN object at 0x11166d460>,<entities.processor.Processor object at 0x1116760a0>
14.93763999999999,1.0151699999999835,15967,<entities.dtn.DTN object at 0x11166d460>,<entities.processor.Processor object at 0x1116760a0>
14.93923999999999,1.0151999999999841,15967,<entities.dtn.DTN object at 0x11166d460>,<entities.processor.Processor object at 0x1116760a0>
14.940839999999989,1.0167699999999833,15967,<entities.dtn.DTN object at 0x11166d460>,<entities.processor.Processor object at 0x1116760a0>
14.942439999999989,1.016799999999984,15967,<entities.dtn.DTN object at 0x11166d460>,<entities.processor.Processor object at 0x1116760a0>
14.944039999999989,1.0183699999999831,15967,<entities.dtn.DTN object at 0x11166d460>,<entities.processor.Processor object at 0x1116760a0>
14.945639999999988,1.0183999999999838,15967,<entities.dtn.DTN object at 0x11166d460>,<entities.processor.Processor object at 0x1116760a0>
14.947239999999988,1.019969999999983,15967,<entities.dtn.DTN object at 0x11166d460>,<entities.processor.Processor object at 0x1116760a0>
14.948839999999988,1.0199999999999836,15967,<entities.dtn.DTN object at 0x11166d460>,<entities.processor.Processor object at 0x1116760a0>
14.950439999999988,1.0215699999999828,15967,<entities.dtn.DTN object at 0x11166d460>,<entities.processor.Processor object at 0x1116760a0>
15.052039999999987,1.0215999999999834,15967,<entities.dtn.DTN object at 0x11166d460>,<entities.processor.Processor object at 0x1116760a0>
15.053639999999987,1.0231699999999826,15967,<entities.dtn.DTN object at 0x11166d460>,<entities.processor.Processor object at 0x1116760a0>
15.055239999999987,1.0231999999999832,15967,<entities.dtn.DTN object at 0x11166d460>,<entities.processor.Processor object at 0x1116760a0>
15.056839999999987,1.0247699999999824,15967,<entities.dtn.DTN object at 0x11166d460>,<entities.processor.Processor object at 0x1116760a0>
15.058439999999987,1.024799999999983,15967,<entities.dtn.DTN object at 0x11166d460>,<entities.processor.Processor object at 0x1116760a0>
15.060039999999987,1.0263699999999822,15967,<entities.dtn.DTN object at 0x11166d460>,<entities.processor.Processor object at 0x1116760a0>
15.061639999999986,1.0263999999999829,15967,<entities.dtn.DTN object at 0x11166d460>,<entities.processor.Processor object at 0x1116760a0>
15.063239999999986,1.027969999999982,15967,<entities.dtn.DTN object at 0x11166d460>,<entities.processor.Processor object at 0x1116760a0>
15.064839999999986,1.0279999999999827,15967,<entities.dtn.DTN object at 0x11166d460>,<entities.processor.Processor object at 0x1116760a0>
15.066439999999986,1.0295699999999819,15967,<entities.dtn.DTN object at 0x11166d460>,<entities.processor.Processor object at 0x1116760a0>
15.068039999999986,1.0295999999999825,15967,<entities.dtn.DTN object at 0x11166d460>,<entities.processor.Processor object at 0x1116760a0>
15.169639999999985,1.1311699999999814,15967,<entities.dtn.DTN object at 0x11166d460>,<entities.processor.Processor object at 0x1116760a0>
15.171239999999985,1.131199999999982,15967,<entities.dtn.DTN object at 0x11166d460>,<entities.processor.Processor object at 0x1116760a0>
15.172839999999985,1.1327699999999812,15967,<entities.dtn.DTN object at 0x11166d460>,<entities.processor.Processor object at 0x1116760a0>
15.174439999999985,1.1327999999999818,15967,<entities.dtn.DTN object at 0x11166d460>,<entities.processor.Processor object at 0x1116760a0>
15.176039999999984,1.134369999999981,15967,<entities.dtn.DTN object at 0x11166d460>,<entities.processor.Processor object at 0x1116760a0>
15.177639999999984,1.1343999999999816,15967,<entities.dtn.DTN object at 0x11166d460>,<entities.processor.Processor object at 0x1116760a0>
15.179239999999984,1.1359699999999808,15967,<entities.dtn.DTN object at 0x11166d460>,<entities.processor.Processor object at 0x1116760a0>
15.180839999999984,1.1359999999999815,15967,<entities.dtn.DTN object at 0x11166d460>,<entities.processor.Processor object at 0x1116760a0>
15.182439999999984,1.1375699999999807,15967,<entities.dtn.DTN object at 0x11166d460>,<entities.processor.Processor object at 0x1116760a0>
15.184039999999984,1.1375999999999813,15967,<entities.dtn.DTN object at 0x11166d460>,<entities.processor.Processor object at 0x1116760a0>
15.185639999999983,1.1391699999999805,15967,<entities.dtn.DTN object at 0x11166d460>,<entities.processor.Processor object at 0x1116760a0>
15.187239999999983,1.1391999999999811,15967,<entities.dtn.DTN object at 0x11166d460>,<entities.processor.Processor object at 0x1116760a0>
15.288839999999983,1.24076999999998,15967,<entities.dtn.DTN object at 0x11166d460>,<entities.processor.Processor object at 0x1116760a0>
15.290439999999982,1.140799999999981,15967,<entities.dtn.DTN object at 0x11166d460>,<entities.processor.Processor object at 0x1116760a0>
15.292039999999982,1.1423699999999801,15967,<entities.dtn.DTN object at 0x11166d460>,<entities.processor.Processor object at 0x1116760a0>
15.293639999999982,1.1423999999999808,15967,<entities.dtn.DTN object at 0x11166d460>,<entities.processor.Processor object at 0x1116760a0>
15.295239999999982,1.14396999999998,15967,<entities.dtn.DTN object at 0x11166d460>,<entities.processor.Processor object at 0x1116760a0>
15.296839999999982,1.1439999999999806,15967,<entities.dtn.DTN object at 0x11166d460>,<entities.processor.Processor object at 0x1116760a0>
15.298439999999982,1.1455699999999798,15967,<entities.dtn.DTN object at 0x11166d460>,<entities.processor.Processor object at 0x1116760a0>
15.300039999999981,1.1455999999999804,15967,<entities.dtn.DTN object at 0x11166d460>,<entities.processor.Processor object at 0x1116760a0>
15.301639999999981,1.1471699999999796,15967,<entities.dtn.DTN object at 0x11166d460>,<entities.processor.Processor object at 0x1116760a0>
15.303239999999981,1.1471999999999802,15967,<entities.dtn.DTN object at 0x11166d460>,<entities.processor.Processor object at 0x1116760a0>
15.304839999999981,1.1487699999999794,15967,<entities.dtn.DTN object at 0x11166d460>,<entities.processor.Processor object at 0x1116760a0>
15.30643999999998,1.14879999999998,15967,<entities.dtn.DTN object at 0x11166d460>,<entities.processor.Processor object at 0x1116760a0>
15.40803999999998,1.2503699999999789,15967,<entities.dtn.DTN object at 0x11166d460>,<entities.processor.Processor object at 0x1116760a0>
15.40963999999998,1.2503999999999795,15967,<entities.dtn.DTN object at 0x11166d460>,<entities.processor.Processor object at 0x1116760a0>
15.41123999999998,1.2519699999999787,15967,<entities.dtn.DTN object at 0x11166d460>,<entities.processor.Processor object at 0x1116760a0>
15.41283999999998,1.2519999999999794,15967,<entities.dtn.DTN object at 0x11166d460>,<entities.processor.Processor object at 0x1116760a0>
15.41443999999998,1.2535699999999785,15967,<entities.dtn.DTN object at 0x11166d460>,<entities.processor.Processor object at 0x1116760a0>
15.41603999999998,1.2535999999999792,15967,<entities.dtn.DTN object at 0x11166d460>,<entities.processor.Processor object at 0x1116760a0>
15.41763999999998,1.2551699999999784,15967,<entities.dtn.DTN object at 0x11166d460>,<entities.processor.Processor object at 0x1116760a0>
15.419239999999979,1.255199999999979,15967,<entities.dtn.DTN object at 0x11166d460>,<entities.processor.Processor object at 0x1116760a0>
15.420839999999979,1.2567699999999782,15967,<entities.dtn.DTN object at 0x11166d460>,<entities.processor.Processor object at 0x1116760a0>
15.422439999999979,1.2567999999999788,15967,<entities.dtn.DTN object at 0x11166d460>,<entities.processor.Processor object at 0x1116760a0>
15.423539999999978,1.2578699999999774,15967,<entities.dtn.DTN object at 0x11166d460>,<entities.processor.Processor object at 0x1116760a0>
15.00744999999997,1.0034199999999984,72395,<entities.dtn.DTN object at 0x11166d460>,<entities.processor.Processor object at 0x11166da90>
15.916719999999966,0.9093299999999971,72395,<entities.dtn.DTN object at 0x11166d460>,<entities.processor.Processor object at 0x11166da90>
15.919819999999966,0.9123999999999963,72395,<entities.dtn.DTN object at 0x11166d460>,<entities.processor.Processor object at 0x11166da90>
16.232219999999966,0.31553000000000075,72395,<entities.dtn.DTN object at 0x11166d460>,<entities.processor.Processor object at 0x11166da90>
16.235319999999966,0.31553000000000075,72395,<entities.dtn.DTN object at 0x11166d460>,<entities.processor.Processor object at 0x11166da90>
16.54461999999997,0.31243000000000265,72395,<entities.dtn.DTN object at 0x11166d460>,<entities.processor.Processor object at 0x11166da90>
16.54771999999997,0.31243000000000265,72395,<entities.dtn.DTN object at 0x11166d460>,<entities.processor.Processor object at 0x11166da90>
16.757019999999972,0.21243000000000123,72395,<entities.dtn.DTN object at 0x11166d460>,<entities.processor.Processor object at 0x11166da90>
16.760119999999972,0.21243000000000123,72395,<entities.dtn.DTN object at 0x11166d460>,<entities.processor.Processor object at 0x11166da90>
16.869419999999973,0.11242999999999981,72395,<entities.dtn.DTN object at 0x11166d460>,<entities.processor.Processor object at 0x11166da90>
16.872519999999973,0.11242999999999981,72395,<entities.dtn.DTN object at 0x11166d460>,<entities.processor.Processor object at 0x11166da90>
16.981819999999974,0.11242999999999981,72395,<entities.dtn.DTN object at 0x11166d460>,<entities.processor.Processor object at 0x11166da90>
16.984919999999974,0.11242999999999981,72395,<entities.dtn.DTN object at 0x11166d460>,<entities.processor.Processor object at 0x11166da90>
17.094219999999975,0.11242999999999981,72395,<entities.dtn.DTN object at 0x11166d460>,<entities.processor.Processor object at 0x11166da90>
17.097319999999975,0.11242999999999981,72395,<entities.dtn.DTN object at 0x11166d460>,<entities.processor.Processor object at 0x11166da90>
17.206619999999976,0.11242999999999981,72395,<entities.dtn.DTN object at 0x11166d460>,<entities.processor.Processor object at 0x11166da90>
17.209719999999976,0.11242999999999981,72395,<entities.dtn.DTN object at 0x11166d460>,<entities.processor.Processor object at 0x11166da90>
17.319019999999977,0.11242999999999981,72395,<entities.dtn.DTN object at 0x11166d460>,<entities.processor.Processor object at 0x11166da90>
17.322119999999977,0.11242999999999981,72395,<entities.dtn.DTN object at 0x11166d460>,<entities.processor.Processor object at 0x11166da90>
17.431419999999978,0.11242999999999981,72395,<entities.dtn.DTN object at 0x11166d460>,<entities.processor.Processor object at 0x11166da90>
17.53451999999998,0.21243000000000123,72395,<entities.dtn.DTN object at 0x11166d460>,<entities.processor.Processor object at 0x11166da90>
17.54381999999998,0.11242999999999981,72395,<entities.dtn.DTN object at 0x11166d460>,<entities.processor.Processor object at 0x11166da90>
17.64691999999998,0.11242999999999981,72395,<entities.dtn.DTN object at 0x11166d460>,<entities.processor.Processor object at 0x11166da90>
17.65621999999998,0.11242999999999981,72395,<entities.dtn.DTN object at 0x11166d460>,<entities.processor.Processor object at 0x11166da90>
17.75931999999998,0.11242999999999981,72395,<entities.dtn.DTN object at 0x11166d460>,<entities.processor.Processor object at 0x11166da90>
17.76861999999998,0.11242999999999981,72395,<entities.dtn.DTN object at 0x11166d460>,<entities.processor.Processor object at 0x11166da90>
17.871719999999982,0.11242999999999981,72395,<entities.dtn.DTN object at 0x11166d460>,<entities.processor.Processor object at 0x11166da90>
17.981019999999983,0.21243000000000123,72395,<entities.dtn.DTN object at 0x11166d460>,<entities.processor.Processor object at 0x11166da90>
17.984119999999983,0.11242999999999981,72395,<entities.dtn.DTN object at 0x11166d460>,<entities.processor.Processor object at 0x11166da90>
18.093419999999984,0.11242999999999981,72395,<entities.dtn.DTN object at 0x11166d460>,<entities.processor.Processor object at 0x11166da90>
18.096519999999984,0.11242999999999981,72395,<entities.dtn.DTN object at 0x11166d460>,<entities.processor.Processor object at 0x11166da90>
18.205819999999985,0.11242999999999981,72395,<entities.dtn.DTN object at 0x11166d460>,<entities.processor.Processor object at 0x11166da90>
18.208919999999985,0.11242999999999981,72395,<entities.dtn.DTN object at 0x11166d460>,<entities.processor.Processor object at 0x11166da90>
18.318219999999986,0.11242999999999981,72395,<entities.dtn.DTN object at 0x11166d460>,<entities.processor.Processor object at 0x11166da90>
18.321319999999986,0.11242999999999981,72395,<entities.dtn.DTN object at 0x11166d460>,<entities.processor.Processor object at 0x11166da90>
18.430619999999987,0.11242999999999981,72395,<entities.dtn.DTN object at 0x11166d460>,<entities.processor.Processor object at 0x11166da90>
18.433719999999987,0.11242999999999981,72395,<entities.dtn.DTN object at 0x11166d460>,<entities.processor.Processor object at 0x11166da90>
18.64301999999999,0.21243000000000123,72395,<entities.dtn.DTN object at 0x11166d460>,<entities.processor.Processor object at 0x11166da90>
18.64611999999999,0.21243000000000123,72395,<entities.dtn.DTN object at 0x11166d460>,<entities.processor.Processor object at 0x11166da90>
18.85541999999999,0.21243000000000123,72395,<entities.dtn.DTN object at 0x11166d460>,<entities.processor.Processor object at 0x11166da90>
18.85851999999999,0.21243000000000123,72395,<entities.dtn.DTN object at 0x11166d460>,<entities.processor.Processor object at 0x11166da90>
18.967819999999993,0.11242999999999981,72395,<entities.dtn.DTN object at 0x11166d460>,<entities.processor.Processor object at 0x11166da90>
18.970919999999992,0.11242999999999981,72395,<entities.dtn.DTN object at 0x11166d460>,<entities.processor.Processor object at 0x11166da90>
19.180219999999995,0.21243000000000123,72395,<entities.dtn.DTN object at 0x11166d460>,<entities.processor.Processor object at 0x11166da90>
19.183309999999995,0.2124200000000016,72395,<entities.dtn.DTN object at 0x11166d460>,<entities.processor.Processor object at 0x11166da90>
19.39259,0.21240000000000236,72395,<entities.dtn.DTN object at 0x11166d460>,<entities.processor.Processor object at 0x11166da90>
19.394689999999997,0.21140000000000114,72395,<entities.dtn.DTN object at 0x11166d460>,<entities.processor.Processor object at 0x11166da90>
15.610549999999968,1.1063899999999975,69668,<entities.dtn.DTN object at 0x11166d460>,<entities.processor.Processor object at 0x11166dc40>
16.026019999999964,0.41552999999999685,69668,<entities.dtn.DTN object at 0x11166d460>,<entities.processor.Processor object at 0x11166dc40>
16.129119999999965,0.5185999999999975,69668,<entities.dtn.DTN object at 0x11166d460>,<entities.processor.Processor object at 0x11166dc40>
16.338419999999967,0.31243000000000265,69668,<entities.dtn.DTN object at 0x11166d460>,<entities.processor.Processor object at 0x11166dc40>
16.44151999999997,0.31243000000000265,69668,<entities.dtn.DTN object at 0x11166d460>,<entities.processor.Processor object at 0x11166dc40>
16.55081999999997,0.21243000000000123,69668,<entities.dtn.DTN object at 0x11166d460>,<entities.processor.Processor object at 0x11166dc40>
16.65391999999997,0.21243000000000123,69668,<entities.dtn.DTN object at 0x11166d460>,<entities.processor.Processor object at 0x11166dc40>
16.763219999999972,0.21243000000000123,69668,<entities.dtn.DTN object at 0x11166d460>,<entities.processor.Processor object at 0x11166dc40>
16.766319999999972,0.11242999999999981,69668,<entities.dtn.DTN object at 0x11166d460>,<entities.processor.Processor object at 0x11166dc40>
16.875619999999973,0.11242999999999981,69668,<entities.dtn.DTN object at 0x11166d460>,<entities.processor.Processor object at 0x11166dc40>
16.878719999999973,0.11242999999999981,69668,<entities.dtn.DTN object at 0x11166d460>,<entities.processor.Processor object at 0x11166dc40>
16.988019999999974,0.11242999999999981,69668,<entities.dtn.DTN object at 0x11166d460>,<entities.processor.Processor object at 0x11166dc40>
16.991119999999974,0.11242999999999981,69668,<entities.dtn.DTN object at 0x11166d460>,<entities.processor.Processor object at 0x11166dc40>
17.100419999999975,0.11242999999999981,69668,<entities.dtn.DTN object at 0x11166d460>,<entities.processor.Processor object at 0x11166dc40>
17.103519999999975,0.11242999999999981,69668,<entities.dtn.DTN object at 0x11166d460>,<entities.processor.Processor object at 0x11166dc40>
17.212819999999976,0.11242999999999981,69668,<entities.dtn.DTN object at 0x11166d460>,<entities.processor.Processor object at 0x11166dc40>
17.215919999999976,0.11242999999999981,69668,<entities.dtn.DTN object at 0x11166d460>,<entities.processor.Processor object at 0x11166dc40>
17.325219999999977,0.11242999999999981,69668,<entities.dtn.DTN object at 0x11166d460>,<entities.processor.Processor object at 0x11166dc40>
17.328319999999977,0.11242999999999981,69668,<entities.dtn.DTN object at 0x11166d460>,<entities.processor.Processor object at 0x11166dc40>
17.53761999999998,0.21243000000000123,69668,<entities.dtn.DTN object at 0x11166d460>,<entities.processor.Processor object at 0x11166dc40>
17.54071999999998,0.21243000000000123,69668,<entities.dtn.DTN object at 0x11166d460>,<entities.processor.Processor object at 0x11166dc40>
17.65001999999998,0.11242999999999981,69668,<entities.dtn.DTN object at 0x11166d460>,<entities.processor.Processor object at 0x11166dc40>
17.65311999999998,0.11242999999999981,69668,<entities.dtn.DTN object at 0x11166d460>,<entities.processor.Processor object at 0x11166dc40>
17.76241999999998,0.11242999999999981,69668,<entities.dtn.DTN object at 0x11166d460>,<entities.processor.Processor object at 0x11166dc40>
17.76551999999998,0.11242999999999981,69668,<entities.dtn.DTN object at 0x11166d460>,<entities.processor.Processor object at 0x11166dc40>
17.874819999999982,0.11242999999999981,69668,<entities.dtn.DTN object at 0x11166d460>,<entities.processor.Processor object at 0x11166dc40>
17.877919999999982,0.11242999999999981,69668,<entities.dtn.DTN object at 0x11166d460>,<entities.processor.Processor object at 0x11166dc40>
17.987219999999983,0.11242999999999981,69668,<entities.dtn.DTN object at 0x11166d460>,<entities.processor.Processor object at 0x11166dc40>
17.990319999999983,0.11242999999999981,69668,<entities.dtn.DTN object at 0x11166d460>,<entities.processor.Processor object at 0x11166dc40>
18.099619999999984,0.11242999999999981,69668,<entities.dtn.DTN object at 0x11166d460>,<entities.processor.Processor object at 0x11166dc40>
18.102719999999984,0.11242999999999981,69668,<entities.dtn.DTN object at 0x11166d460>,<entities.processor.Processor object at 0x11166dc40>
18.312019999999986,0.21243000000000123,69668,<entities.dtn.DTN object at 0x11166d460>,<entities.processor.Processor object at 0x11166dc40>
18.315119999999986,0.21243000000000123,69668,<entities.dtn.DTN object at 0x11166d460>,<entities.processor.Processor object at 0x11166dc40>
18.424419999999987,0.11242999999999981,69668,<entities.dtn.DTN object at 0x11166d460>,<entities.processor.Processor object at 0x11166dc40>
18.427519999999987,0.11242999999999981,69668,<entities.dtn.DTN object at 0x11166d460>,<entities.processor.Processor object at 0x11166dc40>
18.536819999999988,0.11242999999999981,69668,<entities.dtn.DTN object at 0x11166d460>,<entities.processor.Processor object at 0x11166dc40>
18.63991999999999,0.21243000000000123,69668,<entities.dtn.DTN object at 0x11166d460>,<entities.processor.Processor object at 0x11166dc40>
18.64921999999999,0.11242999999999981,69668,<entities.dtn.DTN object at 0x11166d460>,<entities.processor.Processor object at 0x11166dc40>
18.75231999999999,0.11242999999999981,69668,<entities.dtn.DTN object at 0x11166d460>,<entities.processor.Processor object at 0x11166dc40>
18.86161999999999,0.21243000000000123,69668,<entities.dtn.DTN object at 0x11166d460>,<entities.processor.Processor object at 0x11166dc40>
18.86471999999999,0.11242999999999981,69668,<entities.dtn.DTN object at 0x11166d460>,<entities.processor.Processor object at 0x11166dc40>
19.074019999999994,0.21243000000000123,69668,<entities.dtn.DTN object at 0x11166d460>,<entities.processor.Processor object at 0x11166dc40>
19.077119999999994,0.21243000000000123,69668,<entities.dtn.DTN object at 0x11166d460>,<entities.processor.Processor object at 0x11166dc40>
19.286419999999996,0.21243000000000123,69668,<entities.dtn.DTN object at 0x11166d460>,<entities.processor.Processor object at 0x11166dc40>
19.289519999999996,0.21243000000000123,69668,<entities.dtn.DTN object at 0x11166d460>,<entities.processor.Processor object at 0x11166dc40>
19.497819999999997,0.21143,69668,<entities.dtn.DTN object at 0x11166d460>,<entities.processor.Processor object at 0x11166dc40>
19.500919999999997,0.21143,69668,<entities.dtn.DTN object at 0x11166d460>,<entities.processor.Processor object at 0x11166dc40>
19.60402,0.10623000000000005,69668,<entities.dtn.DTN object at 0x11166d460>,<entities.processor.Processor object at 0x11166dc40>
19.60712,0.10623000000000005,69668,<entities.dtn.DTN object at 0x11166d460>,<entities.processor.Processor object at 0x11166dc40>
19.71022,0.10623000000000005,69668,<entities.dtn.DTN object at 0x11166d460>,<entities.processor.Processor object at 0x11166dc40>
19.81332,0.20623000000000147,69668,<entities.dtn.DTN object at 0x11166d460>,<entities.processor.Processor object at 0x11166dc40>
19.81642,0.10623000000000005,69668,<entities.dtn.DTN object at 0x11166d460>,<entities.processor.Processor object at 0x11166dc40>
19.919520000000002,0.10623000000000005,69668,<entities.dtn.DTN object at 0x11166d460>,<entities.processor.Processor object at 0x11166dc40>
19.922620000000002,0.10623000000000005,69668,<entities.dtn.DTN object at 0x11166d460>,<entities.processor.Processor object at 0x11166dc40>
20.025720000000003,0.10623000000000005,69668,<entities.dtn.DTN object at 0x11166d460>,<entities.processor.Processor object at 0x11166dc40>
20.128820000000005,0.20623000000000147,69668,<entities.dtn.DTN object at 0x11166d460>,<entities.processor.Processor object at 0x11166dc40>
20.131920000000004,0.10623000000000005,69668,<entities.dtn.DTN object at 0x11166d460>,<entities.processor.Processor object at 0x11166dc40>
20.235020000000006,0.10623000000000005,69668,<entities.dtn.DTN object at 0x11166d460>,<entities.processor.Processor object at 0x11166dc40>
20.338120000000007,0.20623000000000147,69668,<entities.dtn.DTN object at 0x11166d460>,<entities.processor.Processor object at 0x11166dc40>
20.44122000000001,0.20623000000000147,69668,<entities.dtn.DTN object at 0x11166d460>,<entities.processor.Processor object at 0x11166dc40>
20.54432000000001,0.20623000000000147,69668,<entities.dtn.DTN object at 0x11166d460>,<entities.processor.Processor object at 0x11166dc40>
20.54742000000001,0.10623000000000005,69668,<entities.dtn.DTN object at 0x11166d460>,<entities.processor.Processor object at 0x11166dc40>
20.65052000000001,0.10623000000000005,69668,<entities.dtn.DTN object at 0x11166d460>,<entities.processor.Processor object at 0x11166dc40>
20.65362000000001,0.10623000000000005,69668,<entities.dtn.DTN object at 0x11166d460>,<entities.processor.Processor object at 0x11166dc40>
20.756720000000012,0.10623000000000005,69668,<entities.dtn.DTN object at 0x11166d460>,<entities.processor.Processor object at 0x11166dc40>
20.759820000000012,0.10623000000000005,69668,<entities.dtn.DTN object at 0x11166d460>,<entities.processor.Processor object at 0x11166dc40>
20.862920000000013,0.10623000000000005,69668,<entities.dtn.DTN object at 0x11166d460>,<entities.processor.Processor object at 0x11166dc40>
20.866020000000013,0.10623000000000005,69668,<entities.dtn.DTN object at 0x11166d460>,<entities.processor.Processor object at 0x11166dc40>
20.969120000000014,0.10623000000000005,69668,<entities.dtn.DTN object at 0x11166d460>,<entities.processor.Processor object at 0x11166dc40>
20.972220000000014,0.10623000000000005,69668,<entities.dtn.DTN object at 0x11166d460>,<entities.processor.Processor object at 0x11166dc40>
21.075320000000016,0.10623000000000005,69668,<entities.dtn.DTN object at 0x11166d460>,<entities.processor.Processor object at 0x11166dc40>
21.078420000000015,0.10623000000000005,69668,<entities.dtn.DTN object at 0x11166d460>,<entities.processor.Processor object at 0x11166dc40>
21.181520000000017,0.10623000000000005,69668,<entities.dtn.DTN object at 0x11166d460>,<entities.processor.Processor object at 0x11166dc40>
21.184620000000017,0.10623000000000005,69668,<entities.dtn.DTN object at 0x11166d460>,<entities.processor.Processor object at 0x11166dc40>
21.287720000000018,0.10623000000000005,69668,<entities.dtn.DTN object at 0x11166d460>,<entities.processor.Processor object at 0x11166dc40>
21.290820000000018,0.10623000000000005,69668,<entities.dtn.DTN object at 0x11166d460>,<entities.processor.Processor object at 0x11166dc40>
21.39392000000002,0.10623000000000005,69668,<entities.dtn.DTN object at 0x11166d460>,<entities.processor.Processor object at 0x11166dc40>
21.39702000000002,0.10623000000000005,69668,<entities.dtn.DTN object at 0x11166d460>,<entities.processor.Processor object at 0x11166dc40>
21.50012000000002,0.10623000000000005,69668,<entities.dtn.DTN object at 0x11166d460>,<entities.processor.Processor object at 0x11166dc40>
21.50322000000002,0.10623000000000005,69668,<entities.dtn.DTN object at 0x11166d460>,<entities.processor.Processor object at 0x11166dc40>
21.60632000000002,0.10623000000000005,69668,<entities.dtn.DTN object at 0x11166d460>,<entities.processor.Processor object at 0x11166dc40>
21.60942000000002,0.10623000000000005,69668,<entities.dtn.DTN object at 0x11166d460>,<entities.processor.Processor object at 0x11166dc40>
21.712520000000023,0.10623000000000005,69668,<entities.dtn.DTN object at 0x11166d460>,<entities.processor.Processor object at 0x11166dc40>
21.715620000000023,0.10623000000000005,69668,<entities.dtn.DTN object at 0x11166d460>,<entities.processor.Processor object at 0x11166dc40>
21.818710000000024,0.10622000000000043,69668,<entities.dtn.DTN object at 0x11166d460>,<entities.processor.Processor object at 0x11166dc40>
21.821790000000025,0.10620000000000118,69668,<entities.dtn.DTN object at 0x11166d460>,<entities.processor.Processor object at 0x11166dc40>
21.923890000000025,0.10519999999999996,69668,<entities.dtn.DTN object at 0x11166d460>,<entities.processor.Processor object at 0x11166dc40>
36.504020000000494,18.47994000000052,18090,<entities.dtn.DTN object at 0x11166d460>,<entities.processor.Processor object at 0x11166ddf0>
39.86581000000063,3.361850000000139,18090,<entities.dtn.DTN object at 0x11166d460>,<entities.processor.Processor object at 0x11166ddf0>
39.86666000000063,3.3626700000001364,18090,<entities.dtn.DTN object at 0x11166d460>,<entities.processor.Processor object at 0x11166ddf0>
40.08281000000063,0.21703000000000117,18090,<entities.dtn.DTN object at 0x11166d460>,<entities.processor.Processor object at 0x11166ddf0>
40.08366000000063,0.21703000000000117,18090,<entities.dtn.DTN object at 0x11166d460>,<entities.processor.Processor object at 0x11166ddf0>
40.29641000000063,0.21363000000000198,18090,<entities.dtn.DTN object at 0x11166d460>,<entities.processor.Processor object at 0x11166ddf0>
40.29726000000063,0.21363000000000198,18090,<entities.dtn.DTN object at 0x11166d460>,<entities.processor.Processor object at 0x11166ddf0>
40.511710000000626,0.21533000000000158,18090,<entities.dtn.DTN object at 0x11166d460>,<entities.processor.Processor object at 0x11166ddf0>
40.512560000000626,0.21533000000000158,18090,<entities.dtn.DTN object at 0x11166d460>,<entities.processor.Processor object at 0x11166ddf0>
40.730410000000624,0.21873000000000076,18090,<entities.dtn.DTN object at 0x11166d460>,<entities.processor.Processor object at 0x11166ddf0>
40.731260000000624,0.21873000000000076,18090,<entities.dtn.DTN object at 0x11166d460>,<entities.processor.Processor object at 0x11166ddf0>
40.95591000000062,0.22552999999999912,18090,<entities.dtn.DTN object at 0x11166d460>,<entities.processor.Processor object at 0x11166ddf0>
40.95676000000062,0.22552999999999912,18090,<entities.dtn.DTN object at 0x11166d460>,<entities.processor.Processor object at 0x11166ddf0>
41.49501000000062,0.5391300000000001,18090,<entities.dtn.DTN object at 0x11166d460>,<entities.processor.Processor object at 0x11166ddf0>
41.49586000000062,0.5391300000000001,18090,<entities.dtn.DTN object at 0x11166d460>,<entities.processor.Processor object at 0x11166ddf0>
42.26131000000061,0.7663299999999964,18090,<entities.dtn.DTN object at 0x11166d460>,<entities.processor.Processor object at 0x11166ddf0>
42.26216000000061,0.7663299999999964,18090,<entities.dtn.DTN object at 0x11166d460>,<entities.processor.Processor object at 0x11166ddf0>
43.13101000000061,0.869729999999997,18090,<entities.dtn.DTN object at 0x11166d460>,<entities.processor.Processor object at 0x11166ddf0>
43.13186000000061,0.869729999999997,18090,<entities.dtn.DTN object at 0x11166d460>,<entities.processor.Processor object at 0x11166ddf0>
43.247160000000605,0.11617999999999995,18090,<entities.dtn.DTN object at 0x11166d460>,<entities.processor.Processor object at 0x11166ddf0>
43.348010000000606,0.21618000000000137,18090,<entities.dtn.DTN object at 0x11166d460>,<entities.processor.Processor object at 0x11166ddf0>
43.459060000000605,0.2119300000000024,18090,<entities.dtn.DTN object at 0x11166d460>,<entities.processor.Processor object at 0x11166ddf0>
43.459910000000605,0.11193000000000097,18090,<entities.dtn.DTN object at 0x11166d460>,<entities.processor.Processor object at 0x11166ddf0>
43.5709600000006,0.11193000000000097,18090,<entities.dtn.DTN object at 0x11166d460>,<entities.processor.Processor object at 0x11166ddf0>
43.5718100000006,0.11193000000000097,18090,<entities.dtn.DTN object at 0x11166d460>,<entities.processor.Processor object at 0x11166ddf0>
43.7828600000006,0.2119300000000024,18090,<entities.dtn.DTN object at 0x11166d460>,<entities.processor.Processor object at 0x11166ddf0>
43.7837100000006,0.2119300000000024,18090,<entities.dtn.DTN object at 0x11166d460>,<entities.processor.Processor object at 0x11166ddf0>
43.9947600000006,0.2119300000000024,18090,<entities.dtn.DTN object at 0x11166d460>,<entities.processor.Processor object at 0x11166ddf0>
43.9956100000006,0.2119300000000024,18090,<entities.dtn.DTN object at 0x11166d460>,<entities.processor.Processor object at 0x11166ddf0>
44.2066600000006,0.2119300000000024,18090,<entities.dtn.DTN object at 0x11166d460>,<entities.processor.Processor object at 0x11166ddf0>
44.2075100000006,0.2119300000000024,18090,<entities.dtn.DTN object at 0x11166d460>,<entities.processor.Processor object at 0x11166ddf0>
44.4185600000006,0.2119300000000024,18090,<entities.dtn.DTN object at 0x11166d460>,<entities.processor.Processor object at 0x11166ddf0>
44.4194100000006,0.2119300000000024,18090,<entities.dtn.DTN object at 0x11166d460>,<entities.processor.Processor object at 0x11166ddf0>
44.830460000000606,0.41193000000000524,18090,<entities.dtn.DTN object at 0x11166d460>,<entities.processor.Processor object at 0x11166ddf0>
44.831310000000606,0.41193000000000524,18090,<entities.dtn.DTN object at 0x11166d460>,<entities.processor.Processor object at 0x11166ddf0>
45.24236000000061,0.41193000000000524,18090,<entities.dtn.DTN object at 0x11166d460>,<entities.processor.Processor object at 0x11166ddf0>
45.24321000000061,0.41193000000000524,18090,<entities.dtn.DTN object at 0x11166d460>,<entities.processor.Processor object at 0x11166ddf0>
45.45426000000061,0.2119300000000024,18090,<entities.dtn.DTN object at 0x11166d460>,<entities.processor.Processor object at 0x11166ddf0>
45.45511000000061,0.2119300000000024,18090,<entities.dtn.DTN object at 0x11166d460>,<entities.processor.Processor object at 0x11166ddf0>
45.56616000000061,0.11193000000000097,18090,<entities.dtn.DTN object at 0x11166d460>,<entities.processor.Processor object at 0x11166ddf0>
45.56701000000061,0.11193000000000097,18090,<entities.dtn.DTN object at 0x11166d460>,<entities.processor.Processor object at 0x11166ddf0>
45.678060000000606,0.11193000000000097,18090,<entities.dtn.DTN object at 0x11166d460>,<entities.processor.Processor object at 0x11166ddf0>
45.678910000000606,0.11193000000000097,18090,<entities.dtn.DTN object at 0x11166d460>,<entities.processor.Processor object at 0x11166ddf0>
45.889960000000606,0.2119300000000024,18090,<entities.dtn.DTN object at 0x11166d460>,<entities.processor.Processor object at 0x11166ddf0>
45.890810000000606,0.2119300000000024,18090,<entities.dtn.DTN object at 0x11166d460>,<entities.processor.Processor object at 0x11166ddf0>
46.001860000000605,0.11193000000000097,18090,<entities.dtn.DTN object at 0x11166d460>,<entities.processor.Processor object at 0x11166ddf0>
46.002710000000604,0.11193000000000097,18090,<entities.dtn.DTN object at 0x11166d460>,<entities.processor.Processor object at 0x11166ddf0>
46.1137600000006,0.11193000000000097,18090,<entities.dtn.DTN object at 0x11166d460>,<entities.processor.Processor object at 0x11166ddf0>
46.1146100000006,0.11193000000000097,18090,<entities.dtn.DTN object at 0x11166d460>,<entities.processor.Processor object at 0x11166ddf0>
46.3256600000006,0.2119300000000024,18090,<entities.dtn.DTN object at 0x11166d460>,<entities.processor.Processor object at 0x11166ddf0>
46.3265100000006,0.2119300000000024,18090,<entities.dtn.DTN object at 0x11166d460>,<entities.processor.Processor object at 0x11166ddf0>
46.4375600000006,0.11193000000000097,18090,<entities.dtn.DTN object at 0x11166d460>,<entities.processor.Processor object at 0x11166ddf0>
46.4384100000006,0.11193000000000097,18090,<entities.dtn.DTN object at 0x11166d460>,<entities.processor.Processor object at 0x11166ddf0>
46.5494600000006,0.11193000000000097,18090,<entities.dtn.DTN object at 0x11166d460>,<entities.processor.Processor object at 0x11166ddf0>
46.5503100000006,0.11193000000000097,18090,<entities.dtn.DTN object at 0x11166d460>,<entities.processor.Processor object at 0x11166ddf0>
46.6613600000006,0.11193000000000097,18090,<entities.dtn.DTN object at 0x11166d460>,<entities.processor.Processor object at 0x11166ddf0>
46.7622100000006,0.2119300000000024,18090,<entities.dtn.DTN object at 0x11166d460>,<entities.processor.Processor object at 0x11166ddf0>
46.8732600000006,0.2119300000000024,18090,<entities.dtn.DTN object at 0x11166d460>,<entities.processor.Processor object at 0x11166ddf0>
46.8741100000006,0.11193000000000097,18090,<entities.dtn.DTN object at 0x11166d460>,<entities.processor.Processor object at 0x11166ddf0>
46.9851600000006,0.11193000000000097,18090,<entities.dtn.DTN object at 0x11166d460>,<entities.processor.Processor object at 0x11166ddf0>
46.9860100000006,0.11193000000000097,18090,<entities.dtn.DTN object at 0x11166d460>,<entities.processor.Processor object at 0x11166ddf0>
47.097060000000596,0.11193000000000097,18090,<entities.dtn.DTN object at 0x11166d460>,<entities.processor.Processor object at 0x11166ddf0>
47.097910000000596,0.11193000000000097,18090,<entities.dtn.DTN object at 0x11166d460>,<entities.processor.Processor object at 0x11166ddf0>
47.308960000000596,0.2119300000000024,18090,<entities.dtn.DTN object at 0x11166d460>,<entities.processor.Processor object at 0x11166ddf0>
47.309810000000596,0.2119300000000024,18090,<entities.dtn.DTN object at 0x11166d460>,<entities.processor.Processor object at 0x11166ddf0>
47.420860000000594,0.11193000000000097,18090,<entities.dtn.DTN object at 0x11166d460>,<entities.processor.Processor object at 0x11166ddf0>
47.421710000000594,0.11193000000000097,18090,<entities.dtn.DTN object at 0x11166d460>,<entities.processor.Processor object at 0x11166ddf0>
47.53276000000059,0.11193000000000097,18090,<entities.dtn.DTN object at 0x11166d460>,<entities.processor.Processor object at 0x11166ddf0>
47.53361000000059,0.11193000000000097,18090,<entities.dtn.DTN object at 0x11166d460>,<entities.processor.Processor object at 0x11166ddf0>
47.74466000000059,0.2119300000000024,18090,<entities.dtn.DTN object at 0x11166d460>,<entities.processor.Processor object at 0x11166ddf0>
47.74551000000059,0.2119300000000024,18090,<entities.dtn.DTN object at 0x11166d460>,<entities.processor.Processor object at 0x11166ddf0>
47.85656000000059,0.11193000000000097,18090,<entities.dtn.DTN object at 0x11166d460>,<entities.processor.Processor object at 0x11166ddf0>
47.85741000000059,0.11193000000000097,18090,<entities.dtn.DTN object at 0x11166d460>,<entities.processor.Processor object at 0x11166ddf0>
47.96846000000059,0.11193000000000097,18090,<entities.dtn.DTN object at 0x11166d460>,<entities.processor.Processor object at 0x11166ddf0>
47.96931000000059,0.11193000000000097,18090,<entities.dtn.DTN object at 0x11166d460>,<entities.processor.Processor object at 0x11166ddf0>
48.08036000000059,0.11193000000000097,18090,<entities.dtn.DTN object at 0x11166d460>,<entities.processor.Processor object at 0x11166ddf0>
48.18121000000059,0.2119300000000024,18090,<entities.dtn.DTN object at 0x11166d460>,<entities.processor.Processor object at 0x11166ddf0>
48.29226000000059,0.2119300000000024,18090,<entities.dtn.DTN object at 0x11166d460>,<entities.processor.Processor object at 0x11166ddf0>
48.29311000000059,0.11193000000000097,18090,<entities.dtn.DTN object at 0x11166d460>,<entities.processor.Processor object at 0x11166ddf0>
48.40416000000059,0.11193000000000097,18090,<entities.dtn.DTN object at 0x11166d460>,<entities.processor.Processor object at 0x11166ddf0>
48.40501000000059,0.11193000000000097,18090,<entities.dtn.DTN object at 0x11166d460>,<entities.processor.Processor object at 0x11166ddf0>
48.516060000000586,0.11193000000000097,18090,<entities.dtn.DTN object at 0x11166d460>,<entities.processor.Processor object at 0x11166ddf0>
48.516910000000586,0.11193000000000097,18090,<entities.dtn.DTN object at 0x11166d460>,<entities.processor.Processor object at 0x11166ddf0>
48.727960000000586,0.2119300000000024,18090,<entities.dtn.DTN object at 0x11166d460>,<entities.processor.Processor object at 0x11166ddf0>
48.728810000000585,0.2119300000000024,18090,<entities.dtn.DTN object at 0x11166d460>,<entities.processor.Processor object at 0x11166ddf0>
48.839860000000584,0.11193000000000097,18090,<entities.dtn.DTN object at 0x11166d460>,<entities.processor.Processor object at 0x11166ddf0>
48.840710000000584,0.11193000000000097,18090,<entities.dtn.DTN object at 0x11166d460>,<entities.processor.Processor object at 0x11166ddf0>
48.95176000000058,0.11193000000000097,18090,<entities.dtn.DTN object at 0x11166d460>,<entities.processor.Processor object at 0x11166ddf0>
48.95261000000058,0.11193000000000097,18090,<entities.dtn.DTN object at 0x11166d460>,<entities.processor.Processor object at 0x11166ddf0>
49.16366000000058,0.2119300000000024,18090,<entities.dtn.DTN object at 0x11166d460>,<entities.processor.Processor object at 0x11166ddf0>
49.16451000000058,0.2119300000000024,18090,<entities.dtn.DTN object at 0x11166d460>,<entities.processor.Processor object at 0x11166ddf0>
49.27556000000058,0.11193000000000097,18090,<entities.dtn.DTN object at 0x11166d460>,<entities.processor.Processor object at 0x11166ddf0>
49.27641000000058,0.11193000000000097,18090,<entities.dtn.DTN object at 0x11166d460>,<entities.processor.Processor object at 0x11166ddf0>
49.38746000000058,0.11193000000000097,18090,<entities.dtn.DTN object at 0x11166d460>,<entities.processor.Processor object at 0x11166ddf0>
49.38831000000058,0.11193000000000097,18090,<entities.dtn.DTN object at 0x11166d460>,<entities.processor.Processor object at 0x11166ddf0>
49.59936000000058,0.2119300000000024,18090,<entities.dtn.DTN object at 0x11166d460>,<entities.processor.Processor object at 0x11166ddf0>
49.60021000000058,0.2119300000000024,18090,<entities.dtn.DTN object at 0x11166d460>,<entities.processor.Processor object at 0x11166ddf0>
49.71126000000058,0.11193000000000097,18090,<entities.dtn.DTN object at 0x11166d460>,<entities.processor.Processor object at 0x11166ddf0>
49.71211000000058,0.11193000000000097,18090,<entities.dtn.DTN object at 0x11166d460>,<entities.processor.Processor object at 0x11166ddf0>
49.82316000000058,0.11193000000000097,18090,<entities.dtn.DTN object at 0x11166d460>,<entities.processor.Processor object at 0x11166ddf0>
49.82401000000058,0.11193000000000097,18090,<entities.dtn.DTN object at 0x11166d460>,<entities.processor.Processor object at 0x11166ddf0>
49.935060000000576,0.11193000000000097,18090,<entities.dtn.DTN object at 0x11166d460>,<entities.processor.Processor object at 0x11166ddf0>
50.03591000000058,0.2119300000000024,18090,<entities.dtn.DTN object at 0x11166d460>,<entities.processor.Processor object at 0x11166ddf0>
50.146960000000576,0.2119300000000024,18090,<entities.dtn.DTN object at 0x11166d460>,<entities.processor.Processor object at 0x11166ddf0>
50.147810000000575,0.11193000000000097,18090,<entities.dtn.DTN object at 0x11166d460>,<entities.processor.Processor object at 0x11166ddf0>
50.258860000000574,0.11193000000000097,18090,<entities.dtn.DTN object at 0x11166d460>,<entities.processor.Processor object at 0x11166ddf0>
50.259710000000574,0.11193000000000097,18090,<entities.dtn.DTN object at 0x11166d460>,<entities.processor.Processor object at 0x11166ddf0>
50.37076000000057,0.11193000000000097,18090,<entities.dtn.DTN object at 0x11166d460>,<entities.processor.Processor object at 0x11166ddf0>
50.371640000000575,0.11196000000000339,18090,<entities.dtn.DTN object at 0x11166d460>,<entities.processor.Processor object at 0x11166ddf0>
50.58266000000057,0.2119300000000024,18090,<entities.dtn.DTN object at 0x11166d460>,<entities.processor.Processor object at 0x11166ddf0>
50.58351000000057,0.2119300000000024,18090,<entities.dtn.DTN object at 0x11166d460>,<entities.processor.Processor object at 0x11166ddf0>
50.58436000000057,0.21274999999999977,18090,<entities.dtn.DTN object at 0x11166d460>,<entities.processor.Processor object at 0x11166ddf0>
50.80051000000057,0.21788000000000096,18090,<entities.dtn.DTN object at 0x11166d460>,<entities.processor.Processor object at 0x11166ddf0>
50.80136000000057,0.21788000000000096,18090,<entities.dtn.DTN object at 0x11166d460>,<entities.processor.Processor object at 0x11166ddf0>
50.80221000000057,0.21788000000000096,18090,<entities.dtn.DTN object at 0x11166d460>,<entities.processor.Processor object at 0x11166ddf0>
51.01836000000057,0.21788000000000096,18090,<entities.dtn.DTN object at 0x11166d460>,<entities.processor.Processor object at 0x11166ddf0>
51.01921000000057,0.21788000000000096,18090,<entities.dtn.DTN object at 0x11166d460>,<entities.processor.Processor object at 0x11166ddf0>
51.02006000000057,0.21788000000000096,18090,<entities.dtn.DTN object at 0x11166d460>,<entities.processor.Processor object at 0x11166ddf0>
51.13621000000057,0.11787999999999954,18090,<entities.dtn.DTN object at 0x11166d460>,<entities.processor.Processor object at 0x11166ddf0>
51.23706000000057,0.21788000000000096,18090,<entities.dtn.DTN object at 0x11166d460>,<entities.processor.Processor object at 0x11166ddf0>
51.23791000000057,0.21788000000000096,18090,<entities.dtn.DTN object at 0x11166d460>,<entities.processor.Processor object at 0x11166ddf0>
51.354060000000565,0.21788000000000096,18090,<entities.dtn.DTN object at 0x11166d460>,<entities.processor.Processor object at 0x11166ddf0>
51.45491000000057,0.21788000000000096,18090,<entities.dtn.DTN object at 0x11166d460>,<entities.processor.Processor object at 0x11166ddf0>
51.455760000000566,0.21788000000000096,18090,<entities.dtn.DTN object at 0x11166d460>,<entities.processor.Processor object at 0x11166ddf0>
51.571910000000564,0.21788000000000096,18090,<entities.dtn.DTN object at 0x11166d460>,<entities.processor.Processor object at 0x11166ddf0>
51.672760000000565,0.21788000000000096,18090,<entities.dtn.DTN object at 0x11166d460>,<entities.processor.Processor object at 0x11166ddf0>
51.673610000000565,0.21788000000000096,18090,<entities.dtn.DTN object at 0x11166d460>,<entities.processor.Processor object at 0x11166ddf0>
51.78976000000056,0.21788000000000096,18090,<entities.dtn.DTN object at 0x11166d460>,<entities.processor.Processor object at 0x11166ddf0>
51.890610000000564,0.21788000000000096,18090,<entities.dtn.DTN object at 0x11166d460>,<entities.processor.Processor object at 0x11166ddf0>
51.89146000000056,0.21788000000000096,18090,<entities.dtn.DTN object at 0x11166d460>,<entities.processor.Processor object at 0x11166ddf0>
52.10761000000056,0.3178800000000024,18090,<entities.dtn.DTN object at 0x11166d460>,<entities.processor.Processor object at 0x11166ddf0>
52.10846000000056,0.21788000000000096,18090,<entities.dtn.DTN object at 0x11166d460>,<entities.processor.Processor object at 0x11166ddf0>
52.10931000000056,0.21788000000000096,18090,<entities.dtn.DTN object at 0x11166d460>,<entities.processor.Processor object at 0x11166ddf0>
52.32546000000056,0.21788000000000096,18090,<entities.dtn.DTN object at 0x11166d460>,<entities.processor.Processor object at 0x11166ddf0>
52.32631000000056,0.21788000000000096,18090,<entities.dtn.DTN object at 0x11166d460>,<entities.processor.Processor object at 0x11166ddf0>
52.32716000000056,0.21788000000000096,18090,<entities.dtn.DTN object at 0x11166d460>,<entities.processor.Processor object at 0x11166ddf0>
52.54331000000056,0.21788000000000096,18090,<entities.dtn.DTN object at 0x11166d460>,<entities.processor.Processor object at 0x11166ddf0>
52.54416000000056,0.21788000000000096,18090,<entities.dtn.DTN object at 0x11166d460>,<entities.processor.Processor object at 0x11166ddf0>
52.54501000000056,0.21788000000000096,18090,<entities.dtn.DTN object at 0x11166d460>,<entities.processor.Processor object at 0x11166ddf0>
52.86116000000056,0.3178800000000024,18090,<entities.dtn.DTN object at 0x11166d460>,<entities.processor.Processor object at 0x11166ddf0>
52.86201000000056,0.3178800000000024,18090,<entities.dtn.DTN object at 0x11166d460>,<entities.processor.Processor object at 0x11166ddf0>
52.86286000000056,0.3178800000000024,18090,<entities.dtn.DTN object at 0x11166d460>,<entities.processor.Processor object at 0x11166ddf0>
53.17901000000056,0.3178800000000024,18090,<entities.dtn.DTN object at 0x11166d460>,<entities.processor.Processor object at 0x11166ddf0>
53.17986000000056,0.3178800000000024,18090,<entities.dtn.DTN object at 0x11166d460>,<entities.processor.Processor object at 0x11166ddf0>
53.28071000000056,0.4178800000000038,18090,<entities.dtn.DTN object at 0x11166d460>,<entities.processor.Processor object at 0x11166ddf0>
53.69686000000056,0.5178800000000052,18090,<entities.dtn.DTN object at 0x11166d460>,<entities.processor.Processor object at 0x11166ddf0>
53.69771000000056,0.5178800000000052,18090,<entities.dtn.DTN object at 0x11166d460>,<entities.processor.Processor object at 0x11166ddf0>
53.79856000000056,0.5178800000000052,18090,<entities.dtn.DTN object at 0x11166d460>,<entities.processor.Processor object at 0x11166ddf0>
54.31471000000057,0.6178800000000066,18090,<entities.dtn.DTN object at 0x11166d460>,<entities.processor.Processor object at 0x11166ddf0>
54.315560000000566,0.6178800000000066,18090,<entities.dtn.DTN object at 0x11166d460>,<entities.processor.Processor object at 0x11166ddf0>
54.316410000000566,0.5178800000000052,18090,<entities.dtn.DTN object at 0x11166d460>,<entities.processor.Processor object at 0x11166ddf0>
54.532560000000565,0.21788000000000096,18090,<entities.dtn.DTN object at 0x11166d460>,<entities.processor.Processor object at 0x11166ddf0>
54.533410000000565,0.21788000000000096,18090,<entities.dtn.DTN object at 0x11166d460>,<entities.processor.Processor object at 0x11166ddf0>
54.534260000000565,0.21788000000000096,18090,<entities.dtn.DTN object at 0x11166d460>,<entities.processor.Processor object at 0x11166ddf0>
54.750410000000564,0.21788000000000096,18090,<entities.dtn.DTN object at 0x11166d460>,<entities.processor.Processor object at 0x11166ddf0>
54.75126000000056,0.21788000000000096,18090,<entities.dtn.DTN object at 0x11166d460>,<entities.processor.Processor object at 0x11166ddf0>
54.75211000000056,0.21788000000000096,18090,<entities.dtn.DTN object at 0x11166d460>,<entities.processor.Processor object at 0x11166ddf0>
54.96826000000056,0.21788000000000096,18090,<entities.dtn.DTN object at 0x11166d460>,<entities.processor.Processor object at 0x11166ddf0>
54.96911000000056,0.21788000000000096,18090,<entities.dtn.DTN object at 0x11166d460>,<entities.processor.Processor object at 0x11166ddf0>
54.96996000000056,0.21788000000000096,18090,<entities.dtn.DTN object at 0x11166d460>,<entities.processor.Processor object at 0x11166ddf0>
55.18611000000056,0.21788000000000096,18090,<entities.dtn.DTN object at 0x11166d460>,<entities.processor.Processor object at 0x11166ddf0>
55.18696000000056,0.21788000000000096,18090,<entities.dtn.DTN object at 0x11166d460>,<entities.processor.Processor object at 0x11166ddf0>
55.18781000000056,0.21788000000000096,18090,<entities.dtn.DTN object at 0x11166d460>,<entities.processor.Processor object at 0x11166ddf0>
55.40396000000056,0.21788000000000096,18090,<entities.dtn.DTN object at 0x11166d460>,<entities.processor.Processor object at 0x11166ddf0>
55.40481000000056,0.21788000000000096,18090,<entities.dtn.DTN object at 0x11166d460>,<entities.processor.Processor object at 0x11166ddf0>
55.40566000000056,0.21788000000000096,18090,<entities.dtn.DTN object at 0x11166d460>,<entities.processor.Processor object at 0x11166ddf0>
55.62181000000056,0.21788000000000096,18090,<entities.dtn.DTN object at 0x11166d460>,<entities.processor.Processor object at 0x11166ddf0>
55.62266000000056,0.21788000000000096,18090,<entities.dtn.DTN object at 0x11166d460>,<entities.processor.Processor object at 0x11166ddf0>
55.62351000000056,0.21788000000000096,18090,<entities.dtn.DTN object at 0x11166d460>,<entities.processor.Processor object at 0x11166ddf0>
55.839660000000556,0.21788000000000096,18090,<entities.dtn.DTN object at 0x11166d460>,<entities.processor.Processor object at 0x11166ddf0>
55.840510000000556,0.21788000000000096,18090,<entities.dtn.DTN object at 0x11166d460>,<entities.processor.Processor object at 0x11166ddf0>
55.841360000000556,0.21788000000000096,18090,<entities.dtn.DTN object at 0x11166d460>,<entities.processor.Processor object at 0x11166ddf0>
56.057510000000555,0.21788000000000096,18090,<entities.dtn.DTN object at 0x11166d460>,<entities.processor.Processor object at 0x11166ddf0>
56.058360000000555,0.21788000000000096,18090,<entities.dtn.DTN object at 0x11166d460>,<entities.processor.Processor object at 0x11166ddf0>
56.059210000000554,0.21788000000000096,18090,<entities.dtn.DTN object at 0x11166d460>,<entities.processor.Processor object at 0x11166ddf0>
56.27536000000055,0.21788000000000096,18090,<entities.dtn.DTN object at 0x11166d460>,<entities.processor.Processor object at 0x11166ddf0>
56.27621000000055,0.21788000000000096,18090,<entities.dtn.DTN object at 0x11166d460>,<entities.processor.Processor object at 0x11166ddf0>
56.27706000000055,0.21788000000000096,18090,<entities.dtn.DTN object at 0x11166d460>,<entities.processor.Processor object at 0x11166ddf0>
56.49321000000055,0.21788000000000096,18090,<entities.dtn.DTN object at 0x11166d460>,<entities.processor.Processor object at 0x11166ddf0>
56.49406000000055,0.21788000000000096,18090,<entities.dtn.DTN object at 0x11166d460>,<entities.processor.Processor object at 0x11166ddf0>
56.49491000000055,0.21788000000000096,18090,<entities.dtn.DTN object at 0x11166d460>,<entities.processor.Processor object at 0x11166ddf0>
56.71106000000055,0.21788000000000096,18090,<entities.dtn.DTN object at 0x11166d460>,<entities.processor.Processor object at 0x11166ddf0>
56.71191000000055,0.21788000000000096,18090,<entities.dtn.DTN object at 0x11166d460>,<entities.processor.Processor object at 0x11166ddf0>
56.71276000000055,0.21788000000000096,18090,<entities.dtn.DTN object at 0x11166d460>,<entities.processor.Processor object at 0x11166ddf0>
56.92891000000055,0.21788000000000096,18090,<entities.dtn.DTN object at 0x11166d460>,<entities.processor.Processor object at 0x11166ddf0>
56.92976000000055,0.21788000000000096,18090,<entities.dtn.DTN object at 0x11166d460>,<entities.processor.Processor object at 0x11166ddf0>
56.93061000000055,0.21788000000000096,18090,<entities.dtn.DTN object at 0x11166d460>,<entities.processor.Processor object at 0x11166ddf0>
57.14676000000055,0.21788000000000096,18090,<entities.dtn.DTN object at 0x11166d460>,<entities.processor.Processor object at 0x11166ddf0>
57.14761000000055,0.21788000000000096,18090,<entities.dtn.DTN object at 0x11166d460>,<entities.processor.Processor object at 0x11166ddf0>
57.14846000000055,0.21788000000000096,18090,<entities.dtn.DTN object at 0x11166d460>,<entities.processor.Processor object at 0x11166ddf0>
57.364610000000546,0.21788000000000096,18090,<entities.dtn.DTN object at 0x11166d460>,<entities.processor.Processor object at 0x11166ddf0>
57.365460000000546,0.21788000000000096,18090,<entities.dtn.DTN object at 0x11166d460>,<entities.processor.Processor object at 0x11166ddf0>
57.366310000000546,0.21788000000000096,18090,<entities.dtn.DTN object at 0x11166d460>,<entities.processor.Processor object at 0x11166ddf0>
57.578380000000536,0.213799999999992,18090,<entities.dtn.DTN object at 0x11166d460>,<entities.processor.Processor object at 0x11166ddf0>
57.579230000000535,0.213799999999992,18090,<entities.dtn.DTN object at 0x11166d460>,<entities.processor.Processor object at 0x11166ddf0>
57.580080000000535,0.213799999999992,18090,<entities.dtn.DTN object at 0x11166d460>,<entities.processor.Processor object at 0x11166ddf0>
36.506570000000494,14.99739000000045,57261,<entities.dtn.DTN object at 0x11166d460>,<entities.processor.Processor object at 0x111676670>
39.86751000000063,3.361000000000139,57261,<entities.dtn.DTN object at 0x11166d460>,<entities.processor.Processor object at 0x111676670>
39.86836000000063,3.3618200000001366,57261,<entities.dtn.DTN object at 0x11166d460>,<entities.processor.Processor object at 0x111676670>
40.18451000000063,0.3170300000000026,57261,<entities.dtn.DTN object at 0x11166d460>,<entities.processor.Processor object at 0x111676670>
40.18536000000063,0.3170300000000026,57261,<entities.dtn.DTN object at 0x11166d460>,<entities.processor.Processor object at 0x111676670>
40.29811000000063,0.11363000000000056,57261,<entities.dtn.DTN object at 0x11166d460>,<entities.processor.Processor object at 0x111676670>
40.298960000000626,0.11363000000000056,57261,<entities.dtn.DTN object at 0x11166d460>,<entities.processor.Processor object at 0x111676670>
40.513410000000626,0.21533000000000158,57261,<entities.dtn.DTN object at 0x11166d460>,<entities.processor.Processor object at 0x111676670>
40.514260000000625,0.21533000000000158,57261,<entities.dtn.DTN object at 0x11166d460>,<entities.processor.Processor object at 0x111676670>
40.732110000000624,0.21873000000000076,57261,<entities.dtn.DTN object at 0x11166d460>,<entities.processor.Processor object at 0x111676670>
40.732960000000624,0.21873000000000076,57261,<entities.dtn.DTN object at 0x11166d460>,<entities.processor.Processor object at 0x111676670>
41.05761000000062,0.32553000000000054,57261,<entities.dtn.DTN object at 0x11166d460>,<entities.processor.Processor object at 0x111676670>
41.05846000000062,0.32553000000000054,57261,<entities.dtn.DTN object at 0x11166d460>,<entities.processor.Processor object at 0x111676670>
41.49671000000062,0.4391299999999987,57261,<entities.dtn.DTN object at 0x11166d460>,<entities.processor.Processor object at 0x111676670>
41.49756000000062,0.4391299999999987,57261,<entities.dtn.DTN object at 0x11166d460>,<entities.processor.Processor object at 0x111676670>
42.26301000000061,0.7663299999999964,57261,<entities.dtn.DTN object at 0x11166d460>,<entities.processor.Processor object at 0x111676670>
42.26386000000061,0.7663299999999964,57261,<entities.dtn.DTN object at 0x11166d460>,<entities.processor.Processor object at 0x111676670>
43.13271000000061,0.869729999999997,57261,<entities.dtn.DTN object at 0x11166d460>,<entities.processor.Processor object at 0x111676670>
43.13356000000061,0.869729999999997,57261,<entities.dtn.DTN object at 0x11166d460>,<entities.processor.Processor object at 0x111676670>
43.348860000000606,0.21618000000000137,57261,<entities.dtn.DTN object at 0x11166d460>,<entities.processor.Processor object at 0x111676670>
43.349710000000606,0.21618000000000137,57261,<entities.dtn.DTN object at 0x11166d460>,<entities.processor.Processor object at 0x111676670>
43.460760000000604,0.11193000000000097,57261,<entities.dtn.DTN object at 0x11166d460>,<entities.processor.Processor object at 0x111676670>
43.461610000000604,0.11193000000000097,57261,<entities.dtn.DTN object at 0x11166d460>,<entities.processor.Processor object at 0x111676670>
43.672660000000604,0.2119300000000024,57261,<entities.dtn.DTN object at 0x11166d460>,<entities.processor.Processor object at 0x111676670>
43.673510000000604,0.2119300000000024,57261,<entities.dtn.DTN object at 0x11166d460>,<entities.processor.Processor object at 0x111676670>
43.7845600000006,0.11193000000000097,57261,<entities.dtn.DTN object at 0x11166d460>,<entities.processor.Processor object at 0x111676670>
43.7854100000006,0.11193000000000097,57261,<entities.dtn.DTN object at 0x11166d460>,<entities.processor.Processor object at 0x111676670>
43.9964600000006,0.2119300000000024,57261,<entities.dtn.DTN object at 0x11166d460>,<entities.processor.Processor object at 0x111676670>
43.9973100000006,0.2119300000000024,57261,<entities.dtn.DTN object at 0x11166d460>,<entities.processor.Processor object at 0x111676670>
44.2083600000006,0.2119300000000024,57261,<entities.dtn.DTN object at 0x11166d460>,<entities.processor.Processor object at 0x111676670>
44.2092100000006,0.2119300000000024,57261,<entities.dtn.DTN object at 0x11166d460>,<entities.processor.Processor object at 0x111676670>
44.520260000000604,0.3119300000000038,57261,<entities.dtn.DTN object at 0x11166d460>,<entities.processor.Processor object at 0x111676670>
44.521110000000604,0.3119300000000038,57261,<entities.dtn.DTN object at 0x11166d460>,<entities.processor.Processor object at 0x111676670>
44.93216000000061,0.41193000000000524,57261,<entities.dtn.DTN object at 0x11166d460>,<entities.processor.Processor object at 0x111676670>
44.93301000000061,0.41193000000000524,57261,<entities.dtn.DTN object at 0x11166d460>,<entities.processor.Processor object at 0x111676670>
45.34406000000061,0.41193000000000524,57261,<entities.dtn.DTN object at 0x11166d460>,<entities.processor.Processor object at 0x111676670>
45.34491000000061,0.41193000000000524,57261,<entities.dtn.DTN object at 0x11166d460>,<entities.processor.Processor object at 0x111676670>
45.45596000000061,0.11193000000000097,57261,<entities.dtn.DTN object at 0x11166d460>,<entities.processor.Processor object at 0x111676670>
45.45681000000061,0.11193000000000097,57261,<entities.dtn.DTN object at 0x11166d460>,<entities.processor.Processor object at 0x111676670>
45.56786000000061,0.11193000000000097,57261,<entities.dtn.DTN object at 0x11166d460>,<entities.processor.Processor object at 0x111676670>
45.56871000000061,0.11193000000000097,57261,<entities.dtn.DTN object at 0x11166d460>,<entities.processor.Processor object at 0x111676670>
45.77976000000061,0.2119300000000024,57261,<entities.dtn.DTN object at 0x11166d460>,<entities.processor.Processor object at 0x111676670>
45.78061000000061,0.2119300000000024,57261,<entities.dtn.DTN object at 0x11166d460>,<entities.processor.Processor object at 0x111676670>
45.891660000000606,0.11193000000000097,57261,<entities.dtn.DTN object at 0x11166d460>,<entities.processor.Processor object at 0x111676670>
45.892510000000605,0.11193000000000097,57261,<entities.dtn.DTN object at 0x11166d460>,<entities.processor.Processor object at 0x111676670>
46.003560000000604,0.11193000000000097,57261,<entities.dtn.DTN object at 0x11166d460>,<entities.processor.Processor object at 0x111676670>
46.004410000000604,0.11193000000000097,57261,<entities.dtn.DTN object at 0x11166d460>,<entities.processor.Processor object at 0x111676670>
46.1154600000006,0.11193000000000097,57261,<entities.dtn.DTN object at 0x11166d460>,<entities.processor.Processor object at 0x111676670>
46.216310000000604,0.2119300000000024,57261,<entities.dtn.DTN object at 0x11166d460>,<entities.processor.Processor object at 0x111676670>
46.3273600000006,0.2119300000000024,57261,<entities.dtn.DTN object at 0x11166d460>,<entities.processor.Processor object at 0x111676670>
46.3282100000006,0.11193000000000097,57261,<entities.dtn.DTN object at 0x11166d460>,<entities.processor.Processor object at 0x111676670>
46.4392600000006,0.11193000000000097,57261,<entities.dtn.DTN object at 0x11166d460>,<entities.processor.Processor object at 0x111676670>
46.4401100000006,0.11193000000000097,57261,<entities.dtn.DTN object at 0x11166d460>,<entities.processor.Processor object at 0x111676670>
46.5511600000006,0.11193000000000097,57261,<entities.dtn.DTN object at 0x11166d460>,<entities.processor.Processor object at 0x111676670>
46.5520100000006,0.11193000000000097,57261,<entities.dtn.DTN object at 0x11166d460>,<entities.processor.Processor object at 0x111676670>
46.7630600000006,0.2119300000000024,57261,<entities.dtn.DTN object at 0x11166d460>,<entities.processor.Processor object at 0x111676670>
46.7639100000006,0.2119300000000024,57261,<entities.dtn.DTN object at 0x11166d460>,<entities.processor.Processor object at 0x111676670>
46.8749600000006,0.11193000000000097,57261,<entities.dtn.DTN object at 0x11166d460>,<entities.processor.Processor object at 0x111676670>
46.8758100000006,0.11193000000000097,57261,<entities.dtn.DTN object at 0x11166d460>,<entities.processor.Processor object at 0x111676670>
46.9868600000006,0.11193000000000097,57261,<entities.dtn.DTN object at 0x11166d460>,<entities.processor.Processor object at 0x111676670>
46.9877100000006,0.11193000000000097,57261,<entities.dtn.DTN object at 0x11166d460>,<entities.processor.Processor object at 0x111676670>
47.1987600000006,0.2119300000000024,57261,<entities.dtn.DTN object at 0x11166d460>,<entities.processor.Processor object at 0x111676670>
47.1996100000006,0.2119300000000024,57261,<entities.dtn.DTN object at 0x11166d460>,<entities.processor.Processor object at 0x111676670>
47.310660000000595,0.11193000000000097,57261,<entities.dtn.DTN object at 0x11166d460>,<entities.processor.Processor object at 0x111676670>
47.311510000000595,0.11193000000000097,57261,<entities.dtn.DTN object at 0x11166d460>,<entities.processor.Processor object at 0x111676670>
47.422560000000594,0.11193000000000097,57261,<entities.dtn.DTN object at 0x11166d460>,<entities.processor.Processor object at 0x111676670>
47.423410000000594,0.11193000000000097,57261,<entities.dtn.DTN object at 0x11166d460>,<entities.processor.Processor object at 0x111676670>
47.53446000000059,0.11193000000000097,57261,<entities.dtn.DTN object at 0x11166d460>,<entities.processor.Processor object at 0x111676670>
47.635310000000594,0.2119300000000024,57261,<entities.dtn.DTN object at 0x11166d460>,<entities.processor.Processor object at 0x111676670>
47.74636000000059,0.2119300000000024,57261,<entities.dtn.DTN object at 0x11166d460>,<entities.processor.Processor object at 0x111676670>
47.74721000000059,0.11193000000000097,57261,<entities.dtn.DTN object at 0x11166d460>,<entities.processor.Processor object at 0x111676670>
47.85826000000059,0.11193000000000097,57261,<entities.dtn.DTN object at 0x11166d460>,<entities.processor.Processor object at 0x111676670>
47.85911000000059,0.11193000000000097,57261,<entities.dtn.DTN object at 0x11166d460>,<entities.processor.Processor object at 0x111676670>
47.97016000000059,0.11193000000000097,57261,<entities.dtn.DTN object at 0x11166d460>,<entities.processor.Processor object at 0x111676670>
47.97101000000059,0.11193000000000097,57261,<entities.dtn.DTN object at 0x11166d460>,<entities.processor.Processor object at 0x111676670>
48.18206000000059,0.2119300000000024,57261,<entities.dtn.DTN object at 0x11166d460>,<entities.processor.Processor object at 0x111676670>
48.18291000000059,0.2119300000000024,57261,<entities.dtn.DTN object at 0x11166d460>,<entities.processor.Processor object at 0x111676670>
48.29396000000059,0.11193000000000097,57261,<entities.dtn.DTN object at 0x11166d460>,<entities.processor.Processor object at 0x111676670>
48.29481000000059,0.11193000000000097,57261,<entities.dtn.DTN object at 0x11166d460>,<entities.processor.Processor object at 0x111676670>
48.40586000000059,0.11193000000000097,57261,<entities.dtn.DTN object at 0x11166d460>,<entities.processor.Processor object at 0x111676670>
48.40671000000059,0.11193000000000097,57261,<entities.dtn.DTN object at 0x11166d460>,<entities.processor.Processor object at 0x111676670>
48.61776000000059,0.2119300000000024,57261,<entities.dtn.DTN object at 0x11166d460>,<entities.processor.Processor object at 0x111676670>
48.61861000000059,0.2119300000000024,57261,<entities.dtn.DTN object at 0x11166d460>,<entities.processor.Processor object at 0x111676670>
48.729660000000585,0.11193000000000097,57261,<entities.dtn.DTN object at 0x11166d460>,<entities.processor.Processor object at 0x111676670>
48.730510000000585,0.11193000000000097,57261,<entities.dtn.DTN object at 0x11166d460>,<entities.processor.Processor object at 0x111676670>
48.841560000000584,0.11193000000000097,57261,<entities.dtn.DTN object at 0x11166d460>,<entities.processor.Processor object at 0x111676670>
48.842410000000584,0.11193000000000097,57261,<entities.dtn.DTN object at 0x11166d460>,<entities.processor.Processor object at 0x111676670>
48.95346000000058,0.11193000000000097,57261,<entities.dtn.DTN object at 0x11166d460>,<entities.processor.Processor object at 0x111676670>
49.054310000000584,0.2119300000000024,57261,<entities.dtn.DTN object at 0x11166d460>,<entities.processor.Processor object at 0x111676670>
49.16536000000058,0.2119300000000024,57261,<entities.dtn.DTN object at 0x11166d460>,<entities.processor.Processor object at 0x111676670>
49.16621000000058,0.11193000000000097,57261,<entities.dtn.DTN object at 0x11166d460>,<entities.processor.Processor object at 0x111676670>
49.27726000000058,0.11193000000000097,57261,<entities.dtn.DTN object at 0x11166d460>,<entities.processor.Processor object at 0x111676670>
49.27811000000058,0.11193000000000097,57261,<entities.dtn.DTN object at 0x11166d460>,<entities.processor.Processor object at 0x111676670>
49.38916000000058,0.11193000000000097,57261,<entities.dtn.DTN object at 0x11166d460>,<entities.processor.Processor object at 0x111676670>
49.39001000000058,0.11193000000000097,57261,<entities.dtn.DTN object at 0x11166d460>,<entities.processor.Processor object at 0x111676670>
49.60106000000058,0.2119300000000024,57261,<entities.dtn.DTN object at 0x11166d460>,<entities.processor.Processor object at 0x111676670>
49.60191000000058,0.2119300000000024,57261,<entities.dtn.DTN object at 0x11166d460>,<entities.processor.Processor object at 0x111676670>
49.71296000000058,0.11193000000000097,57261,<entities.dtn.DTN object at 0x11166d460>,<entities.processor.Processor object at 0x111676670>
49.71381000000058,0.11193000000000097,57261,<entities.dtn.DTN object at 0x11166d460>,<entities.processor.Processor object at 0x111676670>
49.82486000000058,0.11193000000000097,57261,<entities.dtn.DTN object at 0x11166d460>,<entities.processor.Processor object at 0x111676670>
49.825710000000576,0.11193000000000097,57261,<entities.dtn.DTN object at 0x11166d460>,<entities.processor.Processor object at 0x111676670>
50.03676000000058,0.2119300000000024,57261,<entities.dtn.DTN object at 0x11166d460>,<entities.processor.Processor object at 0x111676670>
50.037610000000576,0.2119300000000024,57261,<entities.dtn.DTN object at 0x11166d460>,<entities.processor.Processor object at 0x111676670>
50.148660000000575,0.11193000000000097,57261,<entities.dtn.DTN object at 0x11166d460>,<entities.processor.Processor object at 0x111676670>
50.149510000000575,0.11193000000000097,57261,<entities.dtn.DTN object at 0x11166d460>,<entities.processor.Processor object at 0x111676670>
50.260560000000574,0.11193000000000097,57261,<entities.dtn.DTN object at 0x11166d460>,<entities.processor.Processor object at 0x111676670>
50.26141000000057,0.11193000000000097,57261,<entities.dtn.DTN object at 0x11166d460>,<entities.processor.Processor object at 0x111676670>
50.472460000000574,0.2119300000000024,57261,<entities.dtn.DTN object at 0x11166d460>,<entities.processor.Processor object at 0x111676670>
50.473340000000576,0.2119600000000048,57261,<entities.dtn.DTN object at 0x11166d460>,<entities.processor.Processor object at 0x111676670>
50.58521000000057,0.11278000000000077,57261,<entities.dtn.DTN object at 0x11166d460>,<entities.processor.Processor object at 0x111676670>
50.58606000000057,0.11278000000000077,57261,<entities.dtn.DTN object at 0x11166d460>,<entities.processor.Processor object at 0x111676670>
50.58691000000057,0.11359999999999815,57261,<entities.dtn.DTN object at 0x11166d460>,<entities.processor.Processor object at 0x111676670>
50.80306000000057,0.21788000000000096,57261,<entities.dtn.DTN object at 0x11166d460>,<entities.processor.Processor object at 0x111676670>
50.80391000000057,0.21788000000000096,57261,<entities.dtn.DTN object at 0x11166d460>,<entities.processor.Processor object at 0x111676670>
50.80476000000057,0.21788000000000096,57261,<entities.dtn.DTN object at 0x11166d460>,<entities.processor.Processor object at 0x111676670>
51.02091000000057,0.21788000000000096,57261,<entities.dtn.DTN object at 0x11166d460>,<entities.processor.Processor object at 0x111676670>
51.02176000000057,0.21788000000000096,57261,<entities.dtn.DTN object at 0x11166d460>,<entities.processor.Processor object at 0x111676670>
51.02261000000057,0.21788000000000096,57261,<entities.dtn.DTN object at 0x11166d460>,<entities.processor.Processor object at 0x111676670>
51.23876000000057,0.21788000000000096,57261,<entities.dtn.DTN object at 0x11166d460>,<entities.processor.Processor object at 0x111676670>
51.23961000000057,0.21788000000000096,57261,<entities.dtn.DTN object at 0x11166d460>,<entities.processor.Processor object at 0x111676670>
51.24046000000057,0.21788000000000096,57261,<entities.dtn.DTN object at 0x11166d460>,<entities.processor.Processor object at 0x111676670>
51.456610000000566,0.21788000000000096,57261,<entities.dtn.DTN object at 0x11166d460>,<entities.processor.Processor object at 0x111676670>
51.457460000000566,0.21788000000000096,57261,<entities.dtn.DTN object at 0x11166d460>,<entities.processor.Processor object at 0x111676670>
51.458310000000566,0.21788000000000096,57261,<entities.dtn.DTN object at 0x11166d460>,<entities.processor.Processor object at 0x111676670>
51.674460000000565,0.21788000000000096,57261,<entities.dtn.DTN object at 0x11166d460>,<entities.processor.Processor object at 0x111676670>
51.675310000000565,0.21788000000000096,57261,<entities.dtn.DTN object at 0x11166d460>,<entities.processor.Processor object at 0x111676670>
51.676160000000564,0.21788000000000096,57261,<entities.dtn.DTN object at 0x11166d460>,<entities.processor.Processor object at 0x111676670>
51.89231000000056,0.21788000000000096,57261,<entities.dtn.DTN object at 0x11166d460>,<entities.processor.Processor object at 0x111676670>
51.89316000000056,0.21788000000000096,57261,<entities.dtn.DTN object at 0x11166d460>,<entities.processor.Processor object at 0x111676670>
51.89401000000056,0.21788000000000096,57261,<entities.dtn.DTN object at 0x11166d460>,<entities.processor.Processor object at 0x111676670>
52.11016000000056,0.21788000000000096,57261,<entities.dtn.DTN object at 0x11166d460>,<entities.processor.Processor object at 0x111676670>
52.11101000000056,0.21788000000000096,57261,<entities.dtn.DTN object at 0x11166d460>,<entities.processor.Processor object at 0x111676670>
52.11186000000056,0.21788000000000096,57261,<entities.dtn.DTN object at 0x11166d460>,<entities.processor.Processor object at 0x111676670>
52.32801000000056,0.21788000000000096,57261,<entities.dtn.DTN object at 0x11166d460>,<entities.processor.Processor object at 0x111676670>
52.32886000000056,0.21788000000000096,57261,<entities.dtn.DTN object at 0x11166d460>,<entities.processor.Processor object at 0x111676670>
52.32971000000056,0.21788000000000096,57261,<entities.dtn.DTN object at 0x11166d460>,<entities.processor.Processor object at 0x111676670>
52.54586000000056,0.21788000000000096,57261,<entities.dtn.DTN object at 0x11166d460>,<entities.processor.Processor object at 0x111676670>
52.54671000000056,0.21788000000000096,57261,<entities.dtn.DTN object at 0x11166d460>,<entities.processor.Processor object at 0x111676670>
52.64756000000056,0.3178800000000024,57261,<entities.dtn.DTN object at 0x11166d460>,<entities.processor.Processor object at 0x111676670>
52.86371000000056,0.3178800000000024,57261,<entities.dtn.DTN object at 0x11166d460>,<entities.processor.Processor object at 0x111676670>
52.86456000000056,0.3178800000000024,57261,<entities.dtn.DTN object at 0x11166d460>,<entities.processor.Processor object at 0x111676670>
52.86541000000056,0.21788000000000096,57261,<entities.dtn.DTN object at 0x11166d460>,<entities.processor.Processor object at 0x111676670>
53.28156000000056,0.4178800000000038,57261,<entities.dtn.DTN object at 0x11166d460>,<entities.processor.Processor object at 0x111676670>
53.28241000000056,0.4178800000000038,57261,<entities.dtn.DTN object at 0x11166d460>,<entities.processor.Processor object at 0x111676670>
53.28326000000056,0.4178800000000038,57261,<entities.dtn.DTN object at 0x11166d460>,<entities.processor.Processor object at 0x111676670>
53.79941000000056,0.5178800000000052,57261,<entities.dtn.DTN object at 0x11166d460>,<entities.processor.Processor object at 0x111676670>
53.80026000000056,0.5178800000000052,57261,<entities.dtn.DTN object at 0x11166d460>,<entities.processor.Processor object at 0x111676670>
53.80111000000056,0.5178800000000052,57261,<entities.dtn.DTN object at 0x11166d460>,<entities.processor.Processor object at 0x111676670>
54.41726000000057,0.6178800000000066,57261,<entities.dtn.DTN object at 0x11166d460>,<entities.processor.Processor object at 0x111676670>
54.41811000000057,0.6178800000000066,57261,<entities.dtn.DTN object at 0x11166d460>,<entities.processor.Processor object at 0x111676670>
54.41896000000057,0.6178800000000066,57261,<entities.dtn.DTN object at 0x11166d460>,<entities.processor.Processor object at 0x111676670>
54.635110000000566,0.21788000000000096,57261,<entities.dtn.DTN object at 0x11166d460>,<entities.processor.Processor object at 0x111676670>
54.635960000000566,0.21788000000000096,57261,<entities.dtn.DTN object at 0x11166d460>,<entities.processor.Processor object at 0x111676670>
54.636810000000565,0.21788000000000096,57261,<entities.dtn.DTN object at 0x11166d460>,<entities.processor.Processor object at 0x111676670>
54.852960000000564,0.21788000000000096,57261,<entities.dtn.DTN object at 0x11166d460>,<entities.processor.Processor object at 0x111676670>
54.853810000000564,0.21788000000000096,57261,<entities.dtn.DTN object at 0x11166d460>,<entities.processor.Processor object at 0x111676670>
54.854660000000564,0.21788000000000096,57261,<entities.dtn.DTN object at 0x11166d460>,<entities.processor.Processor object at 0x111676670>
54.97081000000056,0.11787999999999954,57261,<entities.dtn.DTN object at 0x11166d460>,<entities.processor.Processor object at 0x111676670>
55.07166000000056,0.21788000000000096,57261,<entities.dtn.DTN object at 0x11166d460>,<entities.processor.Processor object at 0x111676670>
55.07251000000056,0.21788000000000096,57261,<entities.dtn.DTN object at 0x11166d460>,<entities.processor.Processor object at 0x111676670>
55.18866000000056,0.21788000000000096,57261,<entities.dtn.DTN object at 0x11166d460>,<entities.processor.Processor object at 0x111676670>
55.28951000000056,0.21788000000000096,57261,<entities.dtn.DTN object at 0x11166d460>,<entities.processor.Processor object at 0x111676670>
55.29036000000056,0.21788000000000096,57261,<entities.dtn.DTN object at 0x11166d460>,<entities.processor.Processor object at 0x111676670>
55.40651000000056,0.21788000000000096,57261,<entities.dtn.DTN object at 0x11166d460>,<entities.processor.Processor object at 0x111676670>
55.40736000000056,0.11787999999999954,57261,<entities.dtn.DTN object at 0x11166d460>,<entities.processor.Processor object at 0x111676670>
55.50821000000056,0.21788000000000096,57261,<entities.dtn.DTN object at 0x11166d460>,<entities.processor.Processor object at 0x111676670>
55.62436000000056,0.21788000000000096,57261,<entities.dtn.DTN object at 0x11166d460>,<entities.processor.Processor object at 0x111676670>
55.62521000000056,0.21788000000000096,57261,<entities.dtn.DTN object at 0x11166d460>,<entities.processor.Processor object at 0x111676670>
55.72606000000056,0.21788000000000096,57261,<entities.dtn.DTN object at 0x11166d460>,<entities.processor.Processor object at 0x111676670>
55.842210000000556,0.21788000000000096,57261,<entities.dtn.DTN object at 0x11166d460>,<entities.processor.Processor object at 0x111676670>
55.843060000000555,0.21788000000000096,57261,<entities.dtn.DTN object at 0x11166d460>,<entities.processor.Processor object at 0x111676670>
55.843910000000555,0.11787999999999954,57261,<entities.dtn.DTN object at 0x11166d460>,<entities.processor.Processor object at 0x111676670>
56.060060000000554,0.21788000000000096,57261,<entities.dtn.DTN object at 0x11166d460>,<entities.processor.Processor object at 0x111676670>
56.060910000000554,0.21788000000000096,57261,<entities.dtn.DTN object at 0x11166d460>,<entities.processor.Processor object at 0x111676670>
56.061760000000554,0.21788000000000096,57261,<entities.dtn.DTN object at 0x11166d460>,<entities.processor.Processor object at 0x111676670>
56.27791000000055,0.21788000000000096,57261,<entities.dtn.DTN object at 0x11166d460>,<entities.processor.Processor object at 0x111676670>
56.27876000000055,0.21788000000000096,57261,<entities.dtn.DTN object at 0x11166d460>,<entities.processor.Processor object at 0x111676670>
56.27961000000055,0.21788000000000096,57261,<entities.dtn.DTN object at 0x11166d460>,<entities.processor.Processor object at 0x111676670>
56.49576000000055,0.21788000000000096,57261,<entities.dtn.DTN object at 0x11166d460>,<entities.processor.Processor object at 0x111676670>
56.49661000000055,0.21788000000000096,57261,<entities.dtn.DTN object at 0x11166d460>,<entities.processor.Processor object at 0x111676670>
56.49746000000055,0.21788000000000096,57261,<entities.dtn.DTN object at 0x11166d460>,<entities.processor.Processor object at 0x111676670>
56.71361000000055,0.21788000000000096,57261,<entities.dtn.DTN object at 0x11166d460>,<entities.processor.Processor object at 0x111676670>
56.71446000000055,0.21788000000000096,57261,<entities.dtn.DTN object at 0x11166d460>,<entities.processor.Processor object at 0x111676670>
56.71531000000055,0.21788000000000096,57261,<entities.dtn.DTN object at 0x11166d460>,<entities.processor.Processor object at 0x111676670>
56.93146000000055,0.21788000000000096,57261,<entities.dtn.DTN object at 0x11166d460>,<entities.processor.Processor object at 0x111676670>
56.93231000000055,0.21788000000000096,57261,<entities.dtn.DTN object at 0x11166d460>,<entities.processor.Processor object at 0x111676670>
56.93316000000055,0.21788000000000096,57261,<entities.dtn.DTN object at 0x11166d460>,<entities.processor.Processor object at 0x111676670>
57.14931000000055,0.21788000000000096,57261,<entities.dtn.DTN object at 0x11166d460>,<entities.processor.Processor object at 0x111676670>
57.15014000000055,0.21786000000000172,57261,<entities.dtn.DTN object at 0x11166d460>,<entities.processor.Processor object at 0x111676670>
57.150980000000544,0.21784999999999854,57261,<entities.dtn.DTN object at 0x11166d460>,<entities.processor.Processor object at 0x111676670>
57.36713000000054,0.21784999999999854,57261,<entities.dtn.DTN object at 0x11166d460>,<entities.processor.Processor object at 0x111676670>
57.36748000000054,0.21734999999999616,57261,<entities.dtn.DTN object at 0x11166d460>,<entities.processor.Processor object at 0x111676670>
39.853090000000634,13.332615000000445,20310,<entities.dtn.DTN object at 0x11166d460>,<entities.processor.Processor object at 0x111676670>
39.97431000000063,0.12127999999999872,20310,<entities.dtn.DTN object at 0x11166d460>,<entities.processor.Processor object at 0x111676670>
40.07516000000063,0.22209999999999752,20310,<entities.dtn.DTN object at 0x11166d460>,<entities.processor.Processor object at 0x111676670>
40.18791000000063,0.21363000000000198,20310,<entities.dtn.DTN object at 0x11166d460>,<entities.processor.Processor object at 0x111676670>
40.18876000000063,0.11363000000000056,20310,<entities.dtn.DTN object at 0x11166d460>,<entities.processor.Processor object at 0x111676670>
40.40321000000063,0.21533000000000158,20310,<entities.dtn.DTN object at 0x11166d460>,<entities.processor.Processor object at 0x111676670>
40.40406000000063,0.21533000000000158,20310,<entities.dtn.DTN object at 0x11166d460>,<entities.processor.Processor object at 0x111676670>
40.621910000000625,0.21873000000000076,20310,<entities.dtn.DTN object at 0x11166d460>,<entities.processor.Processor object at 0x111676670>
40.622760000000625,0.21873000000000076,20310,<entities.dtn.DTN object at 0x11166d460>,<entities.processor.Processor object at 0x111676670>
40.84741000000062,0.22552999999999912,20310,<entities.dtn.DTN object at 0x11166d460>,<entities.processor.Processor object at 0x111676670>
40.94826000000062,0.32553000000000054,20310,<entities.dtn.DTN object at 0x11166d460>,<entities.processor.Processor object at 0x111676670>
41.38651000000062,0.5391300000000001,20310,<entities.dtn.DTN object at 0x11166d460>,<entities.processor.Processor object at 0x111676670>
41.38736000000062,0.4391299999999987,20310,<entities.dtn.DTN object at 0x11166d460>,<entities.processor.Processor object at 0x111676670>
42.15281000000061,0.7663299999999964,20310,<entities.dtn.DTN object at 0x11166d460>,<entities.processor.Processor object at 0x111676670>
42.15366000000061,0.7663299999999964,20310,<entities.dtn.DTN object at 0x11166d460>,<entities.processor.Processor object at 0x111676670>
43.02251000000061,0.869729999999997,20310,<entities.dtn.DTN object at 0x11166d460>,<entities.processor.Processor object at 0x111676670>
43.02336000000061,0.869729999999997,20310,<entities.dtn.DTN object at 0x11166d460>,<entities.processor.Processor object at 0x111676670>
43.23866000000061,0.21618000000000137,20310,<entities.dtn.DTN object at 0x11166d460>,<entities.processor.Processor object at 0x111676670>
43.23951000000061,0.21618000000000137,20310,<entities.dtn.DTN object at 0x11166d460>,<entities.processor.Processor object at 0x111676670>
43.350560000000605,0.11193000000000097,20310,<entities.dtn.DTN object at 0x11166d460>,<entities.processor.Processor object at 0x111676670>
43.351410000000605,0.11193000000000097,20310,<entities.dtn.DTN object at 0x11166d460>,<entities.processor.Processor object at 0x111676670>
43.462460000000604,0.11193000000000097,20310,<entities.dtn.DTN object at 0x11166d460>,<entities.processor.Processor object at 0x111676670>
43.463310000000604,0.11193000000000097,20310,<entities.dtn.DTN object at 0x11166d460>,<entities.processor.Processor object at 0x111676670>
43.674360000000604,0.2119300000000024,20310,<entities.dtn.DTN object at 0x11166d460>,<entities.processor.Processor object at 0x111676670>
43.675210000000604,0.2119300000000024,20310,<entities.dtn.DTN object at 0x11166d460>,<entities.processor.Processor object at 0x111676670>
43.7862600000006,0.11193000000000097,20310,<entities.dtn.DTN object at 0x11166d460>,<entities.processor.Processor object at 0x111676670>
43.887110000000604,0.2119300000000024,20310,<entities.dtn.DTN object at 0x11166d460>,<entities.processor.Processor object at 0x111676670>
43.9981600000006,0.2119300000000024,20310,<entities.dtn.DTN object at 0x11166d460>,<entities.processor.Processor object at 0x111676670>
44.099010000000604,0.2119300000000024,20310,<entities.dtn.DTN object at 0x11166d460>,<entities.processor.Processor object at 0x111676670>
44.2100600000006,0.2119300000000024,20310,<entities.dtn.DTN object at 0x11166d460>,<entities.processor.Processor object at 0x111676670>
44.310910000000604,0.2119300000000024,20310,<entities.dtn.DTN object at 0x11166d460>,<entities.processor.Processor object at 0x111676670>
44.521960000000604,0.3119300000000038,20310,<entities.dtn.DTN object at 0x11166d460>,<entities.processor.Processor object at 0x111676670>
44.622810000000605,0.3119300000000038,20310,<entities.dtn.DTN object at 0x11166d460>,<entities.processor.Processor object at 0x111676670>
44.93386000000061,0.41193000000000524,20310,<entities.dtn.DTN object at 0x11166d460>,<entities.processor.Processor object at 0x111676670>
45.13471000000061,0.5119300000000067,20310,<entities.dtn.DTN object at 0x11166d460>,<entities.processor.Processor object at 0x111676670>
45.34576000000061,0.41193000000000524,20310,<entities.dtn.DTN object at 0x11166d460>,<entities.processor.Processor object at 0x111676670>
45.34661000000061,0.2119300000000024,20310,<entities.dtn.DTN object at 0x11166d460>,<entities.processor.Processor object at 0x111676670>
45.45766000000061,0.11193000000000097,20310,<entities.dtn.DTN object at 0x11166d460>,<entities.processor.Processor object at 0x111676670>
45.45851000000061,0.11193000000000097,20310,<entities.dtn.DTN object at 0x11166d460>,<entities.processor.Processor object at 0x111676670>
45.56956000000061,0.11193000000000097,20310,<entities.dtn.DTN object at 0x11166d460>,<entities.processor.Processor object at 0x111676670>
45.67041000000061,0.2119300000000024,20310,<entities.dtn.DTN object at 0x11166d460>,<entities.processor.Processor object at 0x111676670>
45.78146000000061,0.2119300000000024,20310,<entities.dtn.DTN object at 0x11166d460>,<entities.processor.Processor object at 0x111676670>
45.78231000000061,0.11193000000000097,20310,<entities.dtn.DTN object at 0x11166d460>,<entities.processor.Processor object at 0x111676670>
45.893360000000605,0.11193000000000097,20310,<entities.dtn.DTN object at 0x11166d460>,<entities.processor.Processor object at 0x111676670>
45.894210000000605,0.11193000000000097,20310,<entities.dtn.DTN object at 0x11166d460>,<entities.processor.Processor object at 0x111676670>
46.005260000000604,0.11193000000000097,20310,<entities.dtn.DTN object at 0x11166d460>,<entities.processor.Processor object at 0x111676670>
46.006110000000604,0.11193000000000097,20310,<entities.dtn.DTN object at 0x11166d460>,<entities.processor.Processor object at 0x111676670>
46.217160000000604,0.2119300000000024,20310,<entities.dtn.DTN object at 0x11166d460>,<entities.processor.Processor object at 0x111676670>
46.218010000000604,0.2119300000000024,20310,<entities.dtn.DTN object at 0x11166d460>,<entities.processor.Processor object at 0x111676670>
46.3290600000006,0.11193000000000097,20310,<entities.dtn.DTN object at 0x11166d460>,<entities.processor.Processor object at 0x111676670>
46.3299100000006,0.11193000000000097,20310,<entities.dtn.DTN object at 0x11166d460>,<entities.processor.Processor object at 0x111676670>
46.4409600000006,0.11193000000000097,20310,<entities.dtn.DTN object at 0x11166d460>,<entities.processor.Processor object at 0x111676670>
46.4418100000006,0.11193000000000097,20310,<entities.dtn.DTN object at 0x11166d460>,<entities.processor.Processor object at 0x111676670>
46.6528600000006,0.2119300000000024,20310,<entities.dtn.DTN object at 0x11166d460>,<entities.processor.Processor object at 0x111676670>
46.6537100000006,0.2119300000000024,20310,<entities.dtn.DTN object at 0x11166d460>,<entities.processor.Processor object at 0x111676670>
46.7647600000006,0.11193000000000097,20310,<entities.dtn.DTN object at 0x11166d460>,<entities.processor.Processor object at 0x111676670>
46.7656100000006,0.11193000000000097,20310,<entities.dtn.DTN object at 0x11166d460>,<entities.processor.Processor object at 0x111676670>
46.8766600000006,0.11193000000000097,20310,<entities.dtn.DTN object at 0x11166d460>,<entities.processor.Processor object at 0x111676670>
46.8775100000006,0.11193000000000097,20310,<entities.dtn.DTN object at 0x11166d460>,<entities.processor.Processor object at 0x111676670>
46.9885600000006,0.11193000000000097,20310,<entities.dtn.DTN object at 0x11166d460>,<entities.processor.Processor object at 0x111676670>
47.0894100000006,0.2119300000000024,20310,<entities.dtn.DTN object at 0x11166d460>,<entities.processor.Processor object at 0x111676670>
47.2004600000006,0.2119300000000024,20310,<entities.dtn.DTN object at 0x11166d460>,<entities.processor.Processor object at 0x111676670>
47.201310000000596,0.11193000000000097,20310,<entities.dtn.DTN object at 0x11166d460>,<entities.processor.Processor object at 0x111676670>
47.312360000000595,0.11193000000000097,20310,<entities.dtn.DTN object at 0x11166d460>,<entities.processor.Processor object at 0x111676670>
47.313210000000595,0.11193000000000097,20310,<entities.dtn.DTN object at 0x11166d460>,<entities.processor.Processor object at 0x111676670>
47.424260000000594,0.11193000000000097,20310,<entities.dtn.DTN object at 0x11166d460>,<entities.processor.Processor object at 0x111676670>
47.42511000000059,0.11193000000000097,20310,<entities.dtn.DTN object at 0x11166d460>,<entities.processor.Processor object at 0x111676670>
47.636160000000594,0.2119300000000024,20310,<entities.dtn.DTN object at 0x11166d460>,<entities.processor.Processor object at 0x111676670>
47.63701000000059,0.2119300000000024,20310,<entities.dtn.DTN object at 0x11166d460>,<entities.processor.Processor object at 0x111676670>
47.74806000000059,0.11193000000000097,20310,<entities.dtn.DTN object at 0x11166d460>,<entities.processor.Processor object at 0x111676670>
47.74891000000059,0.11193000000000097,20310,<entities.dtn.DTN object at 0x11166d460>,<entities.processor.Processor object at 0x111676670>
47.85996000000059,0.11193000000000097,20310,<entities.dtn.DTN object at 0x11166d460>,<entities.processor.Processor object at 0x111676670>
47.86081000000059,0.11193000000000097,20310,<entities.dtn.DTN object at 0x11166d460>,<entities.processor.Processor object at 0x111676670>
48.07186000000059,0.2119300000000024,20310,<entities.dtn.DTN object at 0x11166d460>,<entities.processor.Processor object at 0x111676670>
48.07271000000059,0.2119300000000024,20310,<entities.dtn.DTN object at 0x11166d460>,<entities.processor.Processor object at 0x111676670>
48.18376000000059,0.11193000000000097,20310,<entities.dtn.DTN object at 0x11166d460>,<entities.processor.Processor object at 0x111676670>
48.18461000000059,0.11193000000000097,20310,<entities.dtn.DTN object at 0x11166d460>,<entities.processor.Processor object at 0x111676670>
48.29566000000059,0.11193000000000097,20310,<entities.dtn.DTN object at 0x11166d460>,<entities.processor.Processor object at 0x111676670>
48.29651000000059,0.11193000000000097,20310,<entities.dtn.DTN object at 0x11166d460>,<entities.processor.Processor object at 0x111676670>
48.407560000000586,0.11193000000000097,20310,<entities.dtn.DTN object at 0x11166d460>,<entities.processor.Processor object at 0x111676670>
48.50841000000059,0.2119300000000024,20310,<entities.dtn.DTN object at 0x11166d460>,<entities.processor.Processor object at 0x111676670>
48.619460000000586,0.2119300000000024,20310,<entities.dtn.DTN object at 0x11166d460>,<entities.processor.Processor object at 0x111676670>
48.620310000000586,0.11193000000000097,20310,<entities.dtn.DTN object at 0x11166d460>,<entities.processor.Processor object at 0x111676670>
48.731360000000585,0.11193000000000097,20310,<entities.dtn.DTN object at 0x11166d460>,<entities.processor.Processor object at 0x111676670>
48.732210000000585,0.11193000000000097,20310,<entities.dtn.DTN object at 0x11166d460>,<entities.processor.Processor object at 0x111676670>
48.84326000000058,0.11193000000000097,20310,<entities.dtn.DTN object at 0x11166d460>,<entities.processor.Processor object at 0x111676670>
48.84411000000058,0.11193000000000097,20310,<entities.dtn.DTN object at 0x11166d460>,<entities.processor.Processor object at 0x111676670>
49.05516000000058,0.2119300000000024,20310,<entities.dtn.DTN object at 0x11166d460>,<entities.processor.Processor object at 0x111676670>
49.05601000000058,0.2119300000000024,20310,<entities.dtn.DTN object at 0x11166d460>,<entities.processor.Processor object at 0x111676670>
49.16706000000058,0.11193000000000097,20310,<entities.dtn.DTN object at 0x11166d460>,<entities.processor.Processor object at 0x111676670>
49.16791000000058,0.11193000000000097,20310,<entities.dtn.DTN object at 0x11166d460>,<entities.processor.Processor object at 0x111676670>
49.27896000000058,0.11193000000000097,20310,<entities.dtn.DTN object at 0x11166d460>,<entities.processor.Processor object at 0x111676670>
49.27981000000058,0.11193000000000097,20310,<entities.dtn.DTN object at 0x11166d460>,<entities.processor.Processor object at 0x111676670>
49.49086000000058,0.2119300000000024,20310,<entities.dtn.DTN object at 0x11166d460>,<entities.processor.Processor object at 0x111676670>
49.49171000000058,0.2119300000000024,20310,<entities.dtn.DTN object at 0x11166d460>,<entities.processor.Processor object at 0x111676670>
49.60276000000058,0.11193000000000097,20310,<entities.dtn.DTN object at 0x11166d460>,<entities.processor.Processor object at 0x111676670>
49.60361000000058,0.11193000000000097,20310,<entities.dtn.DTN object at 0x11166d460>,<entities.processor.Processor object at 0x111676670>
49.71466000000058,0.11193000000000097,20310,<entities.dtn.DTN object at 0x11166d460>,<entities.processor.Processor object at 0x111676670>
49.71551000000058,0.11193000000000097,20310,<entities.dtn.DTN object at 0x11166d460>,<entities.processor.Processor object at 0x111676670>
49.826560000000576,0.11193000000000097,20310,<entities.dtn.DTN object at 0x11166d460>,<entities.processor.Processor object at 0x111676670>
49.92741000000058,0.2119300000000024,20310,<entities.dtn.DTN object at 0x11166d460>,<entities.processor.Processor object at 0x111676670>
50.038460000000576,0.2119300000000024,20310,<entities.dtn.DTN object at 0x11166d460>,<entities.processor.Processor object at 0x111676670>
50.039310000000576,0.11193000000000097,20310,<entities.dtn.DTN object at 0x11166d460>,<entities.processor.Processor object at 0x111676670>
50.150360000000575,0.11193000000000097,20310,<entities.dtn.DTN object at 0x11166d460>,<entities.processor.Processor object at 0x111676670>
50.151210000000574,0.11193000000000097,20310,<entities.dtn.DTN object at 0x11166d460>,<entities.processor.Processor object at 0x111676670>
50.26226000000057,0.11193000000000097,20310,<entities.dtn.DTN object at 0x11166d460>,<entities.processor.Processor object at 0x111676670>
50.26311000000057,0.11193000000000097,20310,<entities.dtn.DTN object at 0x11166d460>,<entities.processor.Processor object at 0x111676670>
50.47416000000057,0.2119300000000024,20310,<entities.dtn.DTN object at 0x11166d460>,<entities.processor.Processor object at 0x111676670>
50.475040000000575,0.2119600000000048,20310,<entities.dtn.DTN object at 0x11166d460>,<entities.processor.Processor object at 0x111676670>
50.58776000000057,0.11363000000000056,20310,<entities.dtn.DTN object at 0x11166d460>,<entities.processor.Processor object at 0x111676670>
50.58861000000057,0.11363000000000056,20310,<entities.dtn.DTN object at 0x11166d460>,<entities.processor.Processor object at 0x111676670>
50.58946000000057,0.11444999999999794,20310,<entities.dtn.DTN object at 0x11166d460>,<entities.processor.Processor object at 0x111676670>
50.80561000000057,0.21788000000000096,20310,<entities.dtn.DTN object at 0x11166d460>,<entities.processor.Processor object at 0x111676670>
50.80646000000057,0.21788000000000096,20310,<entities.dtn.DTN object at 0x11166d460>,<entities.processor.Processor object at 0x111676670>
50.80731000000057,0.21788000000000096,20310,<entities.dtn.DTN object at 0x11166d460>,<entities.processor.Processor object at 0x111676670>
51.02346000000057,0.21788000000000096,20310,<entities.dtn.DTN object at 0x11166d460>,<entities.processor.Processor object at 0x111676670>
51.02431000000057,0.21788000000000096,20310,<entities.dtn.DTN object at 0x11166d460>,<entities.processor.Processor object at 0x111676670>
51.02516000000057,0.21788000000000096,20310,<entities.dtn.DTN object at 0x11166d460>,<entities.processor.Processor object at 0x111676670>
51.24131000000057,0.21788000000000096,20310,<entities.dtn.DTN object at 0x11166d460>,<entities.processor.Processor object at 0x111676670>
51.24216000000057,0.21788000000000096,20310,<entities.dtn.DTN object at 0x11166d460>,<entities.processor.Processor object at 0x111676670>
51.24301000000057,0.21788000000000096,20310,<entities.dtn.DTN object at 0x11166d460>,<entities.processor.Processor object at 0x111676670>
51.459160000000566,0.21788000000000096,20310,<entities.dtn.DTN object at 0x11166d460>,<entities.processor.Processor object at 0x111676670>
51.460010000000565,0.21788000000000096,20310,<entities.dtn.DTN object at 0x11166d460>,<entities.processor.Processor object at 0x111676670>
51.460860000000565,0.21788000000000096,20310,<entities.dtn.DTN object at 0x11166d460>,<entities.processor.Processor object at 0x111676670>
51.677010000000564,0.21788000000000096,20310,<entities.dtn.DTN object at 0x11166d460>,<entities.processor.Processor object at 0x111676670>
51.677860000000564,0.21788000000000096,20310,<entities.dtn.DTN object at 0x11166d460>,<entities.processor.Processor object at 0x111676670>
51.678710000000564,0.21788000000000096,20310,<entities.dtn.DTN object at 0x11166d460>,<entities.processor.Processor object at 0x111676670>
51.89486000000056,0.21788000000000096,20310,<entities.dtn.DTN object at 0x11166d460>,<entities.processor.Processor object at 0x111676670>
51.89571000000056,0.21788000000000096,20310,<entities.dtn.DTN object at 0x11166d460>,<entities.processor.Processor object at 0x111676670>
51.89656000000056,0.21788000000000096,20310,<entities.dtn.DTN object at 0x11166d460>,<entities.processor.Processor object at 0x111676670>
52.11271000000056,0.21788000000000096,20310,<entities.dtn.DTN object at 0x11166d460>,<entities.processor.Processor object at 0x111676670>
52.11356000000056,0.21788000000000096,20310,<entities.dtn.DTN object at 0x11166d460>,<entities.processor.Processor object at 0x111676670>
52.11441000000056,0.21788000000000096,20310,<entities.dtn.DTN object at 0x11166d460>,<entities.processor.Processor object at 0x111676670>
52.33056000000056,0.21788000000000096,20310,<entities.dtn.DTN object at 0x11166d460>,<entities.processor.Processor object at 0x111676670>
52.33141000000056,0.21788000000000096,20310,<entities.dtn.DTN object at 0x11166d460>,<entities.processor.Processor object at 0x111676670>
52.33226000000056,0.21788000000000096,20310,<entities.dtn.DTN object at 0x11166d460>,<entities.processor.Processor object at 0x111676670>
52.64841000000056,0.3178800000000024,20310,<entities.dtn.DTN object at 0x11166d460>,<entities.processor.Processor object at 0x111676670>
52.64926000000056,0.3178800000000024,20310,<entities.dtn.DTN object at 0x11166d460>,<entities.processor.Processor object at 0x111676670>
52.65011000000056,0.3178800000000024,20310,<entities.dtn.DTN object at 0x11166d460>,<entities.processor.Processor object at 0x111676670>
52.86626000000056,0.21788000000000096,20310,<entities.dtn.DTN object at 0x11166d460>,<entities.processor.Processor object at 0x111676670>
52.86711000000056,0.21788000000000096,20310,<entities.dtn.DTN object at 0x11166d460>,<entities.processor.Processor object at 0x111676670>
52.96796000000056,0.3178800000000024,20310,<entities.dtn.DTN object at 0x11166d460>,<entities.processor.Processor object at 0x111676670>
53.28411000000056,0.4178800000000038,20310,<entities.dtn.DTN object at 0x11166d460>,<entities.processor.Processor object at 0x111676670>
53.28496000000056,0.4178800000000038,20310,<entities.dtn.DTN object at 0x11166d460>,<entities.processor.Processor object at 0x111676670>
53.28581000000056,0.3178800000000024,20310,<entities.dtn.DTN object at 0x11166d460>,<entities.processor.Processor object at 0x111676670>
53.80196000000056,0.5178800000000052,20310,<entities.dtn.DTN object at 0x11166d460>,<entities.processor.Processor object at 0x111676670>
53.80281000000056,0.5178800000000052,20310,<entities.dtn.DTN object at 0x11166d460>,<entities.processor.Processor object at 0x111676670>
53.80366000000056,0.5178800000000052,20310,<entities.dtn.DTN object at 0x11166d460>,<entities.processor.Processor object at 0x111676670>
54.41981000000057,0.6178800000000066,20310,<entities.dtn.DTN object at 0x11166d460>,<entities.processor.Processor object at 0x111676670>
54.42066000000057,0.6178800000000066,20310,<entities.dtn.DTN object at 0x11166d460>,<entities.processor.Processor object at 0x111676670>
54.421510000000566,0.6178800000000066,20310,<entities.dtn.DTN object at 0x11166d460>,<entities.processor.Processor object at 0x111676670>
54.637660000000565,0.21788000000000096,20310,<entities.dtn.DTN object at 0x11166d460>,<entities.processor.Processor object at 0x111676670>
54.638510000000565,0.21788000000000096,20310,<entities.dtn.DTN object at 0x11166d460>,<entities.processor.Processor object at 0x111676670>
54.639360000000565,0.21788000000000096,20310,<entities.dtn.DTN object at 0x11166d460>,<entities.processor.Processor object at 0x111676670>
54.855510000000564,0.21788000000000096,20310,<entities.dtn.DTN object at 0x11166d460>,<entities.processor.Processor object at 0x111676670>
54.856360000000564,0.21788000000000096,20310,<entities.dtn.DTN object at 0x11166d460>,<entities.processor.Processor object at 0x111676670>
54.85721000000056,0.21788000000000096,20310,<entities.dtn.DTN object at 0x11166d460>,<entities.processor.Processor object at 0x111676670>
55.07336000000056,0.21788000000000096,20310,<entities.dtn.DTN object at 0x11166d460>,<entities.processor.Processor object at 0x111676670>
55.07421000000056,0.21788000000000096,20310,<entities.dtn.DTN object at 0x11166d460>,<entities.processor.Processor object at 0x111676670>
55.07506000000056,0.21788000000000096,20310,<entities.dtn.DTN object at 0x11166d460>,<entities.processor.Processor object at 0x111676670>
55.29121000000056,0.21788000000000096,20310,<entities.dtn.DTN object at 0x11166d460>,<entities.processor.Processor object at 0x111676670>
55.29206000000056,0.21788000000000096,20310,<entities.dtn.DTN object at 0x11166d460>,<entities.processor.Processor object at 0x111676670>
55.29291000000056,0.21788000000000096,20310,<entities.dtn.DTN object at 0x11166d460>,<entities.processor.Processor object at 0x111676670>
55.50906000000056,0.21788000000000096,20310,<entities.dtn.DTN object at 0x11166d460>,<entities.processor.Processor object at 0x111676670>
55.50991000000056,0.21788000000000096,20310,<entities.dtn.DTN object at 0x11166d460>,<entities.processor.Processor object at 0x111676670>
55.51076000000056,0.21788000000000096,20310,<entities.dtn.DTN object at 0x11166d460>,<entities.processor.Processor object at 0x111676670>
55.72691000000056,0.21788000000000096,20310,<entities.dtn.DTN object at 0x11166d460>,<entities.processor.Processor object at 0x111676670>
55.72776000000056,0.21788000000000096,20310,<entities.dtn.DTN object at 0x11166d460>,<entities.processor.Processor object at 0x111676670>
55.72861000000056,0.21788000000000096,20310,<entities.dtn.DTN object at 0x11166d460>,<entities.processor.Processor object at 0x111676670>
55.94476000000056,0.21788000000000096,20310,<entities.dtn.DTN object at 0x11166d460>,<entities.processor.Processor object at 0x111676670>
55.945610000000556,0.21788000000000096,20310,<entities.dtn.DTN object at 0x11166d460>,<entities.processor.Processor object at 0x111676670>
55.946460000000556,0.21788000000000096,20310,<entities.dtn.DTN object at 0x11166d460>,<entities.processor.Processor object at 0x111676670>
56.162610000000555,0.21788000000000096,20310,<entities.dtn.DTN object at 0x11166d460>,<entities.processor.Processor object at 0x111676670>
56.163460000000555,0.21788000000000096,20310,<entities.dtn.DTN object at 0x11166d460>,<entities.processor.Processor object at 0x111676670>
56.164310000000555,0.21788000000000096,20310,<entities.dtn.DTN object at 0x11166d460>,<entities.processor.Processor object at 0x111676670>
56.28046000000055,0.11787999999999954,20310,<entities.dtn.DTN object at 0x11166d460>,<entities.processor.Processor object at 0x111676670>
56.38131000000055,0.21788000000000096,20310,<entities.dtn.DTN object at 0x11166d460>,<entities.processor.Processor object at 0x111676670>
56.38216000000055,0.21788000000000096,20310,<entities.dtn.DTN object at 0x11166d460>,<entities.processor.Processor object at 0x111676670>
56.49831000000055,0.21788000000000096,20310,<entities.dtn.DTN object at 0x11166d460>,<entities.processor.Processor object at 0x111676670>
56.59916000000055,0.21788000000000096,20310,<entities.dtn.DTN object at 0x11166d460>,<entities.processor.Processor object at 0x111676670>
56.60001000000055,0.21788000000000096,20310,<entities.dtn.DTN object at 0x11166d460>,<entities.processor.Processor object at 0x111676670>
56.71616000000055,0.21788000000000096,20310,<entities.dtn.DTN object at 0x11166d460>,<entities.processor.Processor object at 0x111676670>
56.71701000000055,0.11787999999999954,20310,<entities.dtn.DTN object at 0x11166d460>,<entities.processor.Processor object at 0x111676670>
56.81786000000055,0.21788000000000096,20310,<entities.dtn.DTN object at 0x11166d460>,<entities.processor.Processor object at 0x111676670>
56.93401000000055,0.21788000000000096,20310,<entities.dtn.DTN object at 0x11166d460>,<entities.processor.Processor object at 0x111676670>
56.93486000000055,0.21788000000000096,20310,<entities.dtn.DTN object at 0x11166d460>,<entities.processor.Processor object at 0x111676670>
57.03571000000055,0.21788000000000096,20310,<entities.dtn.DTN object at 0x11166d460>,<entities.processor.Processor object at 0x111676670>
57.151860000000546,0.21788000000000096,20310,<entities.dtn.DTN object at 0x11166d460>,<entities.processor.Processor object at 0x111676670>
57.15269000000055,0.21786000000000172,20310,<entities.dtn.DTN object at 0x11166d460>,<entities.processor.Processor object at 0x111676670>
57.253530000000545,0.21784999999999854,20310,<entities.dtn.DTN object at 0x11166d460>,<entities.processor.Processor object at 0x111676670>
57.36833000000054,0.21649999999999636,20310,<entities.dtn.DTN object at 0x11166d460>,<entities.processor.Processor object at 0x111676670>
57.36868000000054,0.21599999999999397,20310,<entities.dtn.DTN object at 0x11166d460>,<entities.processor.Processor object at 0x111676670>
39.853940000000634,13.333335000000446,45682,<entities.dtn.DTN object at 0x11166d460>,<entities.processor.Processor object at 0x111676820>
40.07601000000063,0.22212999999999994,45682,<entities.dtn.DTN object at 0x11166d460>,<entities.processor.Processor object at 0x111676820>
40.07686000000063,0.22294999999999732,45682,<entities.dtn.DTN object at 0x11166d460>,<entities.processor.Processor object at 0x111676820>
40.18961000000063,0.11363000000000056,45682,<entities.dtn.DTN object at 0x11166d460>,<entities.processor.Processor object at 0x111676820>
40.19046000000063,0.11363000000000056,45682,<entities.dtn.DTN object at 0x11166d460>,<entities.processor.Processor object at 0x111676820>
40.404910000000626,0.21533000000000158,45682,<entities.dtn.DTN object at 0x11166d460>,<entities.processor.Processor object at 0x111676820>
40.405760000000626,0.21533000000000158,45682,<entities.dtn.DTN object at 0x11166d460>,<entities.processor.Processor object at 0x111676820>
40.623610000000625,0.21873000000000076,45682,<entities.dtn.DTN object at 0x11166d460>,<entities.processor.Processor object at 0x111676820>
40.624460000000624,0.21873000000000076,45682,<entities.dtn.DTN object at 0x11166d460>,<entities.processor.Processor object at 0x111676820>
40.94911000000062,0.32553000000000054,45682,<entities.dtn.DTN object at 0x11166d460>,<entities.processor.Processor object at 0x111676820>
40.94996000000062,0.32553000000000054,45682,<entities.dtn.DTN object at 0x11166d460>,<entities.processor.Processor object at 0x111676820>
41.38821000000062,0.4391299999999987,45682,<entities.dtn.DTN object at 0x11166d460>,<entities.processor.Processor object at 0x111676820>
41.38906000000062,0.4391299999999987,45682,<entities.dtn.DTN object at 0x11166d460>,<entities.processor.Processor object at 0x111676820>
42.15451000000061,0.7663299999999964,45682,<entities.dtn.DTN object at 0x11166d460>,<entities.processor.Processor object at 0x111676820>
42.15536000000061,0.7663299999999964,45682,<entities.dtn.DTN object at 0x11166d460>,<entities.processor.Processor object at 0x111676820>
43.02421000000061,0.869729999999997,45682,<entities.dtn.DTN object at 0x11166d460>,<entities.processor.Processor object at 0x111676820>
43.02506000000061,0.869729999999997,45682,<entities.dtn.DTN object at 0x11166d460>,<entities.processor.Processor object at 0x111676820>
43.24036000000061,0.21618000000000137,45682,<entities.dtn.DTN object at 0x11166d460>,<entities.processor.Processor object at 0x111676820>
43.241210000000606,0.21618000000000137,45682,<entities.dtn.DTN object at 0x11166d460>,<entities.processor.Processor object at 0x111676820>
43.352260000000605,0.11193000000000097,45682,<entities.dtn.DTN object at 0x11166d460>,<entities.processor.Processor object at 0x111676820>
43.353110000000605,0.11193000000000097,45682,<entities.dtn.DTN object at 0x11166d460>,<entities.processor.Processor object at 0x111676820>
43.464160000000604,0.11193000000000097,45682,<entities.dtn.DTN object at 0x11166d460>,<entities.processor.Processor object at 0x111676820>
43.565010000000605,0.2119300000000024,45682,<entities.dtn.DTN object at 0x11166d460>,<entities.processor.Processor object at 0x111676820>
43.676060000000604,0.2119300000000024,45682,<entities.dtn.DTN object at 0x11166d460>,<entities.processor.Processor object at 0x111676820>
43.6769100000006,0.11193000000000097,45682,<entities.dtn.DTN object at 0x11166d460>,<entities.processor.Processor object at 0x111676820>
43.887960000000604,0.2119300000000024,45682,<entities.dtn.DTN object at 0x11166d460>,<entities.processor.Processor object at 0x111676820>
43.8888100000006,0.2119300000000024,45682,<entities.dtn.DTN object at 0x11166d460>,<entities.processor.Processor object at 0x111676820>
44.099860000000604,0.2119300000000024,45682,<entities.dtn.DTN object at 0x11166d460>,<entities.processor.Processor object at 0x111676820>
44.1007100000006,0.2119300000000024,45682,<entities.dtn.DTN object at 0x11166d460>,<entities.processor.Processor object at 0x111676820>
44.311760000000604,0.2119300000000024,45682,<entities.dtn.DTN object at 0x11166d460>,<entities.processor.Processor object at 0x111676820>
44.3126100000006,0.2119300000000024,45682,<entities.dtn.DTN object at 0x11166d460>,<entities.processor.Processor object at 0x111676820>
44.623660000000605,0.3119300000000038,45682,<entities.dtn.DTN object at 0x11166d460>,<entities.processor.Processor object at 0x111676820>
44.624510000000605,0.3119300000000038,45682,<entities.dtn.DTN object at 0x11166d460>,<entities.processor.Processor object at 0x111676820>
45.13556000000061,0.5119300000000067,45682,<entities.dtn.DTN object at 0x11166d460>,<entities.processor.Processor object at 0x111676820>
45.13641000000061,0.5119300000000067,45682,<entities.dtn.DTN object at 0x11166d460>,<entities.processor.Processor object at 0x111676820>
45.34746000000061,0.2119300000000024,45682,<entities.dtn.DTN object at 0x11166d460>,<entities.processor.Processor object at 0x111676820>
45.34831000000061,0.2119300000000024,45682,<entities.dtn.DTN object at 0x11166d460>,<entities.processor.Processor object at 0x111676820>
45.45936000000061,0.11193000000000097,45682,<entities.dtn.DTN object at 0x11166d460>,<entities.processor.Processor object at 0x111676820>
45.46021000000061,0.11193000000000097,45682,<entities.dtn.DTN object at 0x11166d460>,<entities.processor.Processor object at 0x111676820>
45.67126000000061,0.2119300000000024,45682,<entities.dtn.DTN object at 0x11166d460>,<entities.processor.Processor object at 0x111676820>
45.67211000000061,0.2119300000000024,45682,<entities.dtn.DTN object at 0x11166d460>,<entities.processor.Processor object at 0x111676820>
45.783160000000606,0.11193000000000097,45682,<entities.dtn.DTN object at 0x11166d460>,<entities.processor.Processor object at 0x111676820>
45.784010000000606,0.11193000000000097,45682,<entities.dtn.DTN object at 0x11166d460>,<entities.processor.Processor object at 0x111676820>
45.895060000000605,0.11193000000000097,45682,<entities.dtn.DTN object at 0x11166d460>,<entities.processor.Processor object at 0x111676820>
45.895910000000605,0.11193000000000097,45682,<entities.dtn.DTN object at 0x11166d460>,<entities.processor.Processor object at 0x111676820>
46.106960000000605,0.2119300000000024,45682,<entities.dtn.DTN object at 0x11166d460>,<entities.processor.Processor object at 0x111676820>
46.107810000000605,0.2119300000000024,45682,<entities.dtn.DTN object at 0x11166d460>,<entities.processor.Processor object at 0x111676820>
46.2188600000006,0.11193000000000097,45682,<entities.dtn.DTN object at 0x11166d460>,<entities.processor.Processor object at 0x111676820>
46.2197100000006,0.11193000000000097,45682,<entities.dtn.DTN object at 0x11166d460>,<entities.processor.Processor object at 0x111676820>
46.3307600000006,0.11193000000000097,45682,<entities.dtn.DTN object at 0x11166d460>,<entities.processor.Processor object at 0x111676820>
46.3316100000006,0.11193000000000097,45682,<entities.dtn.DTN object at 0x11166d460>,<entities.processor.Processor object at 0x111676820>
46.4426600000006,0.11193000000000097,45682,<entities.dtn.DTN object at 0x11166d460>,<entities.processor.Processor object at 0x111676820>
46.5435100000006,0.2119300000000024,45682,<entities.dtn.DTN object at 0x11166d460>,<entities.processor.Processor object at 0x111676820>
46.6545600000006,0.2119300000000024,45682,<entities.dtn.DTN object at 0x11166d460>,<entities.processor.Processor object at 0x111676820>
46.6554100000006,0.11193000000000097,45682,<entities.dtn.DTN object at 0x11166d460>,<entities.processor.Processor object at 0x111676820>
46.7664600000006,0.11193000000000097,45682,<entities.dtn.DTN object at 0x11166d460>,<entities.processor.Processor object at 0x111676820>
46.7673100000006,0.11193000000000097,45682,<entities.dtn.DTN object at 0x11166d460>,<entities.processor.Processor object at 0x111676820>
46.8783600000006,0.11193000000000097,45682,<entities.dtn.DTN object at 0x11166d460>,<entities.processor.Processor object at 0x111676820>
46.8792100000006,0.11193000000000097,45682,<entities.dtn.DTN object at 0x11166d460>,<entities.processor.Processor object at 0x111676820>
47.0902600000006,0.2119300000000024,45682,<entities.dtn.DTN object at 0x11166d460>,<entities.processor.Processor object at 0x111676820>
47.0911100000006,0.2119300000000024,45682,<entities.dtn.DTN object at 0x11166d460>,<entities.processor.Processor object at 0x111676820>
47.202160000000596,0.11193000000000097,45682,<entities.dtn.DTN object at 0x11166d460>,<entities.processor.Processor object at 0x111676820>
47.203010000000596,0.11193000000000097,45682,<entities.dtn.DTN object at 0x11166d460>,<entities.processor.Processor object at 0x111676820>
47.314060000000595,0.11193000000000097,45682,<entities.dtn.DTN object at 0x11166d460>,<entities.processor.Processor object at 0x111676820>
47.314910000000594,0.11193000000000097,45682,<entities.dtn.DTN object at 0x11166d460>,<entities.processor.Processor object at 0x111676820>
47.525960000000595,0.2119300000000024,45682,<entities.dtn.DTN object at 0x11166d460>,<entities.processor.Processor object at 0x111676820>
47.526810000000594,0.2119300000000024,45682,<entities.dtn.DTN object at 0x11166d460>,<entities.processor.Processor object at 0x111676820>
47.63786000000059,0.11193000000000097,45682,<entities.dtn.DTN object at 0x11166d460>,<entities.processor.Processor object at 0x111676820>
47.63871000000059,0.11193000000000097,45682,<entities.dtn.DTN object at 0x11166d460>,<entities.processor.Processor object at 0x111676820>
47.74976000000059,0.11193000000000097,45682,<entities.dtn.DTN object at 0x11166d460>,<entities.processor.Processor object at 0x111676820>
47.75061000000059,0.11193000000000097,45682,<entities.dtn.DTN object at 0x11166d460>,<entities.processor.Processor object at 0x111676820>
47.86166000000059,0.11193000000000097,45682,<entities.dtn.DTN object at 0x11166d460>,<entities.processor.Processor object at 0x111676820>
47.96251000000059,0.2119300000000024,45682,<entities.dtn.DTN object at 0x11166d460>,<entities.processor.Processor object at 0x111676820>
48.07356000000059,0.2119300000000024,45682,<entities.dtn.DTN object at 0x11166d460>,<entities.processor.Processor object at 0x111676820>
48.07441000000059,0.11193000000000097,45682,<entities.dtn.DTN object at 0x11166d460>,<entities.processor.Processor object at 0x111676820>
48.18546000000059,0.11193000000000097,45682,<entities.dtn.DTN object at 0x11166d460>,<entities.processor.Processor object at 0x111676820>
48.18631000000059,0.11193000000000097,45682,<entities.dtn.DTN object at 0x11166d460>,<entities.processor.Processor object at 0x111676820>
48.29736000000059,0.11193000000000097,45682,<entities.dtn.DTN object at 0x11166d460>,<entities.processor.Processor object at 0x111676820>
48.29821000000059,0.11193000000000097,45682,<entities.dtn.DTN object at 0x11166d460>,<entities.processor.Processor object at 0x111676820>
48.50926000000059,0.2119300000000024,45682,<entities.dtn.DTN object at 0x11166d460>,<entities.processor.Processor object at 0x111676820>
48.51011000000059,0.2119300000000024,45682,<entities.dtn.DTN object at 0x11166d460>,<entities.processor.Processor object at 0x111676820>
48.621160000000586,0.11193000000000097,45682,<entities.dtn.DTN object at 0x11166d460>,<entities.processor.Processor object at 0x111676820>
48.622010000000586,0.11193000000000097,45682,<entities.dtn.DTN object at 0x11166d460>,<entities.processor.Processor object at 0x111676820>
48.733060000000584,0.11193000000000097,45682,<entities.dtn.DTN object at 0x11166d460>,<entities.processor.Processor object at 0x111676820>
48.733910000000584,0.11193000000000097,45682,<entities.dtn.DTN object at 0x11166d460>,<entities.processor.Processor object at 0x111676820>
48.944960000000584,0.2119300000000024,45682,<entities.dtn.DTN object at 0x11166d460>,<entities.processor.Processor object at 0x111676820>
48.945810000000584,0.2119300000000024,45682,<entities.dtn.DTN object at 0x11166d460>,<entities.processor.Processor object at 0x111676820>
49.05686000000058,0.11193000000000097,45682,<entities.dtn.DTN object at 0x11166d460>,<entities.processor.Processor object at 0x111676820>
49.05771000000058,0.11193000000000097,45682,<entities.dtn.DTN object at 0x11166d460>,<entities.processor.Processor object at 0x111676820>
49.16876000000058,0.11193000000000097,45682,<entities.dtn.DTN object at 0x11166d460>,<entities.processor.Processor object at 0x111676820>
49.16961000000058,0.11193000000000097,45682,<entities.dtn.DTN object at 0x11166d460>,<entities.processor.Processor object at 0x111676820>
49.28066000000058,0.11193000000000097,45682,<entities.dtn.DTN object at 0x11166d460>,<entities.processor.Processor object at 0x111676820>
49.38151000000058,0.2119300000000024,45682,<entities.dtn.DTN object at 0x11166d460>,<entities.processor.Processor object at 0x111676820>
49.49256000000058,0.2119300000000024,45682,<entities.dtn.DTN object at 0x11166d460>,<entities.processor.Processor object at 0x111676820>
49.49341000000058,0.11193000000000097,45682,<entities.dtn.DTN object at 0x11166d460>,<entities.processor.Processor object at 0x111676820>
49.60446000000058,0.11193000000000097,45682,<entities.dtn.DTN object at 0x11166d460>,<entities.processor.Processor object at 0x111676820>
49.60531000000058,0.11193000000000097,45682,<entities.dtn.DTN object at 0x11166d460>,<entities.processor.Processor object at 0x111676820>
49.71636000000058,0.11193000000000097,45682,<entities.dtn.DTN object at 0x11166d460>,<entities.processor.Processor object at 0x111676820>
49.71721000000058,0.11193000000000097,45682,<entities.dtn.DTN object at 0x11166d460>,<entities.processor.Processor object at 0x111676820>
49.92826000000058,0.2119300000000024,45682,<entities.dtn.DTN object at 0x11166d460>,<entities.processor.Processor object at 0x111676820>
49.92911000000058,0.2119300000000024,45682,<entities.dtn.DTN object at 0x11166d460>,<entities.processor.Processor object at 0x111676820>
50.040160000000576,0.11193000000000097,45682,<entities.dtn.DTN object at 0x11166d460>,<entities.processor.Processor object at 0x111676820>
50.041010000000576,0.11193000000000097,45682,<entities.dtn.DTN object at 0x11166d460>,<entities.processor.Processor object at 0x111676820>
50.152060000000574,0.11193000000000097,45682,<entities.dtn.DTN object at 0x11166d460>,<entities.processor.Processor object at 0x111676820>
50.152910000000574,0.11193000000000097,45682,<entities.dtn.DTN object at 0x11166d460>,<entities.processor.Processor object at 0x111676820>
50.363960000000574,0.2119300000000024,45682,<entities.dtn.DTN object at 0x11166d460>,<entities.processor.Processor object at 0x111676820>
50.364810000000574,0.2119300000000024,45682,<entities.dtn.DTN object at 0x11166d460>,<entities.processor.Processor object at 0x111676820>
50.47586000000057,0.11193000000000097,45682,<entities.dtn.DTN object at 0x11166d460>,<entities.processor.Processor object at 0x111676820>
50.476740000000575,0.11196000000000339,45682,<entities.dtn.DTN object at 0x11166d460>,<entities.processor.Processor object at 0x111676820>
50.59031000000057,0.11448000000000036,45682,<entities.dtn.DTN object at 0x11166d460>,<entities.processor.Processor object at 0x111676820>
50.69116000000057,0.21448000000000178,45682,<entities.dtn.DTN object at 0x11166d460>,<entities.processor.Processor object at 0x111676820>
50.69201000000057,0.21529999999999916,45682,<entities.dtn.DTN object at 0x11166d460>,<entities.processor.Processor object at 0x111676820>
50.80816000000057,0.21788000000000096,45682,<entities.dtn.DTN object at 0x11166d460>,<entities.processor.Processor object at 0x111676820>
50.90901000000057,0.21788000000000096,45682,<entities.dtn.DTN object at 0x11166d460>,<entities.processor.Processor object at 0x111676820>
50.90986000000057,0.21788000000000096,45682,<entities.dtn.DTN object at 0x11166d460>,<entities.processor.Processor object at 0x111676820>
51.02601000000057,0.21788000000000096,45682,<entities.dtn.DTN object at 0x11166d460>,<entities.processor.Processor object at 0x111676820>
51.02686000000057,0.11787999999999954,45682,<entities.dtn.DTN object at 0x11166d460>,<entities.processor.Processor object at 0x111676820>
51.12771000000057,0.21788000000000096,45682,<entities.dtn.DTN object at 0x11166d460>,<entities.processor.Processor object at 0x111676820>
51.243860000000566,0.21788000000000096,45682,<entities.dtn.DTN object at 0x11166d460>,<entities.processor.Processor object at 0x111676820>
51.244710000000566,0.21788000000000096,45682,<entities.dtn.DTN object at 0x11166d460>,<entities.processor.Processor object at 0x111676820>
51.34556000000057,0.21788000000000096,45682,<entities.dtn.DTN object at 0x11166d460>,<entities.processor.Processor object at 0x111676820>
51.461710000000565,0.21788000000000096,45682,<entities.dtn.DTN object at 0x11166d460>,<entities.processor.Processor object at 0x111676820>
51.462560000000565,0.21788000000000096,45682,<entities.dtn.DTN object at 0x11166d460>,<entities.processor.Processor object at 0x111676820>
51.463410000000565,0.11787999999999954,45682,<entities.dtn.DTN object at 0x11166d460>,<entities.processor.Processor object at 0x111676820>
51.67956000000056,0.21788000000000096,45682,<entities.dtn.DTN object at 0x11166d460>,<entities.processor.Processor object at 0x111676820>
51.68041000000056,0.21788000000000096,45682,<entities.dtn.DTN object at 0x11166d460>,<entities.processor.Processor object at 0x111676820>
51.781260000000565,0.3178800000000024,45682,<entities.dtn.DTN object at 0x11166d460>,<entities.processor.Processor object at 0x111676820>
51.89741000000056,0.21788000000000096,45682,<entities.dtn.DTN object at 0x11166d460>,<entities.processor.Processor object at 0x111676820>
51.99826000000056,0.3178800000000024,45682,<entities.dtn.DTN object at 0x11166d460>,<entities.processor.Processor object at 0x111676820>
51.99911000000056,0.21788000000000096,45682,<entities.dtn.DTN object at 0x11166d460>,<entities.processor.Processor object at 0x111676820>
52.11526000000056,0.21788000000000096,45682,<entities.dtn.DTN object at 0x11166d460>,<entities.processor.Processor object at 0x111676820>
52.21611000000056,0.21788000000000096,45682,<entities.dtn.DTN object at 0x11166d460>,<entities.processor.Processor object at 0x111676820>
52.21696000000056,0.21788000000000096,45682,<entities.dtn.DTN object at 0x11166d460>,<entities.processor.Processor object at 0x111676820>
52.43311000000056,0.3178800000000024,45682,<entities.dtn.DTN object at 0x11166d460>,<entities.processor.Processor object at 0x111676820>
52.43396000000056,0.21788000000000096,45682,<entities.dtn.DTN object at 0x11166d460>,<entities.processor.Processor object at 0x111676820>
52.43481000000056,0.21788000000000096,45682,<entities.dtn.DTN object at 0x11166d460>,<entities.processor.Processor object at 0x111676820>
52.65096000000056,0.21788000000000096,45682,<entities.dtn.DTN object at 0x11166d460>,<entities.processor.Processor object at 0x111676820>
52.65181000000056,0.21788000000000096,45682,<entities.dtn.DTN object at 0x11166d460>,<entities.processor.Processor object at 0x111676820>
52.65266000000056,0.21788000000000096,45682,<entities.dtn.DTN object at 0x11166d460>,<entities.processor.Processor object at 0x111676820>
52.96881000000056,0.3178800000000024,45682,<entities.dtn.DTN object at 0x11166d460>,<entities.processor.Processor object at 0x111676820>
52.96966000000056,0.3178800000000024,45682,<entities.dtn.DTN object at 0x11166d460>,<entities.processor.Processor object at 0x111676820>
52.97051000000056,0.3178800000000024,45682,<entities.dtn.DTN object at 0x11166d460>,<entities.processor.Processor object at 0x111676820>
53.28666000000056,0.3178800000000024,45682,<entities.dtn.DTN object at 0x11166d460>,<entities.processor.Processor object at 0x111676820>
53.28751000000056,0.3178800000000024,45682,<entities.dtn.DTN object at 0x11166d460>,<entities.processor.Processor object at 0x111676820>
53.28836000000056,0.3178800000000024,45682,<entities.dtn.DTN object at 0x11166d460>,<entities.processor.Processor object at 0x111676820>
53.80451000000056,0.5178800000000052,45682,<entities.dtn.DTN object at 0x11166d460>,<entities.processor.Processor object at 0x111676820>
53.80536000000056,0.5178800000000052,45682,<entities.dtn.DTN object at 0x11166d460>,<entities.processor.Processor object at 0x111676820>
53.90621000000056,0.6178800000000066,45682,<entities.dtn.DTN object at 0x11166d460>,<entities.processor.Processor object at 0x111676820>
54.422360000000566,0.6178800000000066,45682,<entities.dtn.DTN object at 0x11166d460>,<entities.processor.Processor object at 0x111676820>
54.423210000000566,0.6178800000000066,45682,<entities.dtn.DTN object at 0x11166d460>,<entities.processor.Processor object at 0x111676820>
54.424060000000566,0.5178800000000052,45682,<entities.dtn.DTN object at 0x11166d460>,<entities.processor.Processor object at 0x111676820>
54.640210000000565,0.21788000000000096,45682,<entities.dtn.DTN object at 0x11166d460>,<entities.processor.Processor object at 0x111676820>
54.641060000000564,0.21788000000000096,45682,<entities.dtn.DTN object at 0x11166d460>,<entities.processor.Processor object at 0x111676820>
54.641910000000564,0.21788000000000096,45682,<entities.dtn.DTN object at 0x11166d460>,<entities.processor.Processor object at 0x111676820>
54.85806000000056,0.21788000000000096,45682,<entities.dtn.DTN object at 0x11166d460>,<entities.processor.Processor object at 0x111676820>
54.85891000000056,0.21788000000000096,45682,<entities.dtn.DTN object at 0x11166d460>,<entities.processor.Processor object at 0x111676820>
54.85976000000056,0.21788000000000096,45682,<entities.dtn.DTN object at 0x11166d460>,<entities.processor.Processor object at 0x111676820>
55.07591000000056,0.21788000000000096,45682,<entities.dtn.DTN object at 0x11166d460>,<entities.processor.Processor object at 0x111676820>
55.07676000000056,0.21788000000000096,45682,<entities.dtn.DTN object at 0x11166d460>,<entities.processor.Processor object at 0x111676820>
55.07761000000056,0.21788000000000096,45682,<entities.dtn.DTN object at 0x11166d460>,<entities.processor.Processor object at 0x111676820>
55.29376000000056,0.21788000000000096,45682,<entities.dtn.DTN object at 0x11166d460>,<entities.processor.Processor object at 0x111676820>
55.29461000000056,0.21788000000000096,45682,<entities.dtn.DTN object at 0x11166d460>,<entities.processor.Processor object at 0x111676820>
55.29546000000056,0.21788000000000096,45682,<entities.dtn.DTN object at 0x11166d460>,<entities.processor.Processor object at 0x111676820>
55.51161000000056,0.21788000000000096,45682,<entities.dtn.DTN object at 0x11166d460>,<entities.processor.Processor object at 0x111676820>
55.51246000000056,0.21788000000000096,45682,<entities.dtn.DTN object at 0x11166d460>,<entities.processor.Processor object at 0x111676820>
55.51331000000056,0.21788000000000096,45682,<entities.dtn.DTN object at 0x11166d460>,<entities.processor.Processor object at 0x111676820>
55.72946000000056,0.21788000000000096,45682,<entities.dtn.DTN object at 0x11166d460>,<entities.processor.Processor object at 0x111676820>
55.73031000000056,0.21788000000000096,45682,<entities.dtn.DTN object at 0x11166d460>,<entities.processor.Processor object at 0x111676820>
55.73116000000056,0.21788000000000096,45682,<entities.dtn.DTN object at 0x11166d460>,<entities.processor.Processor object at 0x111676820>
55.947310000000556,0.21788000000000096,45682,<entities.dtn.DTN object at 0x11166d460>,<entities.processor.Processor object at 0x111676820>
55.948160000000556,0.21788000000000096,45682,<entities.dtn.DTN object at 0x11166d460>,<entities.processor.Processor object at 0x111676820>
55.949010000000555,0.21788000000000096,45682,<entities.dtn.DTN object at 0x11166d460>,<entities.processor.Processor object at 0x111676820>
56.165160000000554,0.21788000000000096,45682,<entities.dtn.DTN object at 0x11166d460>,<entities.processor.Processor object at 0x111676820>
56.166010000000554,0.21788000000000096,45682,<entities.dtn.DTN object at 0x11166d460>,<entities.processor.Processor object at 0x111676820>
56.166860000000554,0.21788000000000096,45682,<entities.dtn.DTN object at 0x11166d460>,<entities.processor.Processor object at 0x111676820>
56.38301000000055,0.21788000000000096,45682,<entities.dtn.DTN object at 0x11166d460>,<entities.processor.Processor object at 0x111676820>
56.38386000000055,0.21788000000000096,45682,<entities.dtn.DTN object at 0x11166d460>,<entities.processor.Processor object at 0x111676820>
56.38471000000055,0.21788000000000096,45682,<entities.dtn.DTN object at 0x11166d460>,<entities.processor.Processor object at 0x111676820>
56.60086000000055,0.21788000000000096,45682,<entities.dtn.DTN object at 0x11166d460>,<entities.processor.Processor object at 0x111676820>
56.60171000000055,0.21788000000000096,45682,<entities.dtn.DTN object at 0x11166d460>,<entities.processor.Processor object at 0x111676820>
56.60256000000055,0.21788000000000096,45682,<entities.dtn.DTN object at 0x11166d460>,<entities.processor.Processor object at 0x111676820>
56.81871000000055,0.21788000000000096,45682,<entities.dtn.DTN object at 0x11166d460>,<entities.processor.Processor object at 0x111676820>
56.81956000000055,0.21788000000000096,45682,<entities.dtn.DTN object at 0x11166d460>,<entities.processor.Processor object at 0x111676820>
56.82041000000055,0.21788000000000096,45682,<entities.dtn.DTN object at 0x11166d460>,<entities.processor.Processor object at 0x111676820>
57.03656000000055,0.21788000000000096,45682,<entities.dtn.DTN object at 0x11166d460>,<entities.processor.Processor object at 0x111676820>
57.03741000000055,0.21788000000000096,45682,<entities.dtn.DTN object at 0x11166d460>,<entities.processor.Processor object at 0x111676820>
57.03826000000055,0.21788000000000096,45682,<entities.dtn.DTN object at 0x11166d460>,<entities.processor.Processor object at 0x111676820>
57.25441000000055,0.21788000000000096,45682,<entities.dtn.DTN object at 0x11166d460>,<entities.processor.Processor object at 0x111676820>
57.25526000000055,0.21788000000000096,45682,<entities.dtn.DTN object at 0x11166d460>,<entities.processor.Processor object at 0x111676820>
57.25611000000055,0.21788000000000096,45682,<entities.dtn.DTN object at 0x11166d460>,<entities.processor.Processor object at 0x111676820>
57.46956000000054,0.2151799999999966,45682,<entities.dtn.DTN object at 0x11166d460>,<entities.processor.Processor object at 0x111676820>
57.47041000000054,0.2151799999999966,45682,<entities.dtn.DTN object at 0x11166d460>,<entities.processor.Processor object at 0x111676820>
57.47126000000054,0.2151799999999966,45682,<entities.dtn.DTN object at 0x11166d460>,<entities.processor.Processor object at 0x111676820>
57.58096000000054,0.11142999999999859,45682,<entities.dtn.DTN object at 0x11166d460>,<entities.processor.Processor object at 0x111676820>
57.58181000000054,0.11142999999999859,45682,<entities.dtn.DTN object at 0x11166d460>,<entities.processor.Processor object at 0x111676820>
57.58266000000054,0.11142999999999859,45682,<entities.dtn.DTN object at 0x11166d460>,<entities.processor.Processor object at 0x111676820>
57.68861000000054,0.107680000000002,45682,<entities.dtn.DTN object at 0x11166d460>,<entities.processor.Processor object at 0x111676820>
57.689430000000534,0.10764999999999958,45682,<entities.dtn.DTN object at 0x11166d460>,<entities.processor.Processor object at 0x111676820>
57.690280000000534,0.10764999999999958,45682,<entities.dtn.DTN object at 0x11166d460>,<entities.processor.Processor object at 0x111676820>
57.796230000000534,0.10764999999999958,45682,<entities.dtn.DTN object at 0x11166d460>,<entities.processor.Processor object at 0x111676820>
39.85904000000063,9.152090000000314,14124,<entities.dtn.DTN object at 0x11166d460>,<entities.processor.Processor object at 0x111676670>
40.07771000000063,0.21873000000000076,14124,<entities.dtn.DTN object at 0x11166d460>,<entities.processor.Processor object at 0x111676670>
40.07856000000063,0.21954999999999814,14124,<entities.dtn.DTN object at 0x11166d460>,<entities.processor.Processor object at 0x111676670>
40.19131000000063,0.11363000000000056,14124,<entities.dtn.DTN object at 0x11166d460>,<entities.processor.Processor object at 0x111676670>
40.19216000000063,0.11363000000000056,14124,<entities.dtn.DTN object at 0x11166d460>,<entities.processor.Processor object at 0x111676670>
40.406610000000626,0.21533000000000158,14124,<entities.dtn.DTN object at 0x11166d460>,<entities.processor.Processor object at 0x111676670>
40.407460000000626,0.21533000000000158,14124,<entities.dtn.DTN object at 0x11166d460>,<entities.processor.Processor object at 0x111676670>
40.625310000000624,0.21873000000000076,14124,<entities.dtn.DTN object at 0x11166d460>,<entities.processor.Processor object at 0x111676670>
40.626160000000624,0.21873000000000076,14124,<entities.dtn.DTN object at 0x11166d460>,<entities.processor.Processor object at 0x111676670>
40.95081000000062,0.32553000000000054,14124,<entities.dtn.DTN object at 0x11166d460>,<entities.processor.Processor object at 0x111676670>
40.95166000000062,0.32553000000000054,14124,<entities.dtn.DTN object at 0x11166d460>,<entities.processor.Processor object at 0x111676670>
41.38991000000062,0.4391299999999987,14124,<entities.dtn.DTN object at 0x11166d460>,<entities.processor.Processor object at 0x111676670>
41.39076000000062,0.4391299999999987,14124,<entities.dtn.DTN object at 0x11166d460>,<entities.processor.Processor object at 0x111676670>
42.15621000000061,0.7663299999999964,14124,<entities.dtn.DTN object at 0x11166d460>,<entities.processor.Processor object at 0x111676670>
42.15706000000061,0.7663299999999964,14124,<entities.dtn.DTN object at 0x11166d460>,<entities.processor.Processor object at 0x111676670>
43.02591000000061,0.869729999999997,14124,<entities.dtn.DTN object at 0x11166d460>,<entities.processor.Processor object at 0x111676670>
43.02676000000061,0.869729999999997,14124,<entities.dtn.DTN object at 0x11166d460>,<entities.processor.Processor object at 0x111676670>
43.242060000000606,0.21618000000000137,14124,<entities.dtn.DTN object at 0x11166d460>,<entities.processor.Processor object at 0x111676670>
43.242910000000606,0.21618000000000137,14124,<entities.dtn.DTN object at 0x11166d460>,<entities.processor.Processor object at 0x111676670>
43.353960000000605,0.11193000000000097,14124,<entities.dtn.DTN object at 0x11166d460>,<entities.processor.Processor object at 0x111676670>
43.354810000000604,0.11193000000000097,14124,<entities.dtn.DTN object at 0x11166d460>,<entities.processor.Processor object at 0x111676670>
43.565860000000605,0.2119300000000024,14124,<entities.dtn.DTN object at 0x11166d460>,<entities.processor.Processor object at 0x111676670>
43.566710000000604,0.2119300000000024,14124,<entities.dtn.DTN object at 0x11166d460>,<entities.processor.Processor object at 0x111676670>
43.6777600000006,0.11193000000000097,14124,<entities.dtn.DTN object at 0x11166d460>,<entities.processor.Processor object at 0x111676670>
43.6786100000006,0.11193000000000097,14124,<entities.dtn.DTN object at 0x11166d460>,<entities.processor.Processor object at 0x111676670>
43.8896600000006,0.2119300000000024,14124,<entities.dtn.DTN object at 0x11166d460>,<entities.processor.Processor object at 0x111676670>
43.8905100000006,0.2119300000000024,14124,<entities.dtn.DTN object at 0x11166d460>,<entities.processor.Processor object at 0x111676670>
44.1015600000006,0.2119300000000024,14124,<entities.dtn.DTN object at 0x11166d460>,<entities.processor.Processor object at 0x111676670>
44.1024100000006,0.2119300000000024,14124,<entities.dtn.DTN object at 0x11166d460>,<entities.processor.Processor object at 0x111676670>
44.3134600000006,0.2119300000000024,14124,<entities.dtn.DTN object at 0x11166d460>,<entities.processor.Processor object at 0x111676670>
44.414310000000604,0.3119300000000038,14124,<entities.dtn.DTN object at 0x11166d460>,<entities.processor.Processor object at 0x111676670>
44.625360000000605,0.3119300000000038,14124,<entities.dtn.DTN object at 0x11166d460>,<entities.processor.Processor object at 0x111676670>
44.726210000000606,0.3119300000000038,14124,<entities.dtn.DTN object at 0x11166d460>,<entities.processor.Processor object at 0x111676670>
45.13726000000061,0.5119300000000067,14124,<entities.dtn.DTN object at 0x11166d460>,<entities.processor.Processor object at 0x111676670>
45.23811000000061,0.5119300000000067,14124,<entities.dtn.DTN object at 0x11166d460>,<entities.processor.Processor object at 0x111676670>
45.34916000000061,0.2119300000000024,14124,<entities.dtn.DTN object at 0x11166d460>,<entities.processor.Processor object at 0x111676670>
45.35001000000061,0.11193000000000097,14124,<entities.dtn.DTN object at 0x11166d460>,<entities.processor.Processor object at 0x111676670>
45.46106000000061,0.11193000000000097,14124,<entities.dtn.DTN object at 0x11166d460>,<entities.processor.Processor object at 0x111676670>
45.56191000000061,0.2119300000000024,14124,<entities.dtn.DTN object at 0x11166d460>,<entities.processor.Processor object at 0x111676670>
45.67296000000061,0.2119300000000024,14124,<entities.dtn.DTN object at 0x11166d460>,<entities.processor.Processor object at 0x111676670>
45.67381000000061,0.11193000000000097,14124,<entities.dtn.DTN object at 0x11166d460>,<entities.processor.Processor object at 0x111676670>
45.784860000000606,0.11193000000000097,14124,<entities.dtn.DTN object at 0x11166d460>,<entities.processor.Processor object at 0x111676670>
45.785710000000606,0.11193000000000097,14124,<entities.dtn.DTN object at 0x11166d460>,<entities.processor.Processor object at 0x111676670>
45.896760000000604,0.11193000000000097,14124,<entities.dtn.DTN object at 0x11166d460>,<entities.processor.Processor object at 0x111676670>
45.897610000000604,0.11193000000000097,14124,<entities.dtn.DTN object at 0x11166d460>,<entities.processor.Processor object at 0x111676670>
46.108660000000604,0.2119300000000024,14124,<entities.dtn.DTN object at 0x11166d460>,<entities.processor.Processor object at 0x111676670>
46.109510000000604,0.2119300000000024,14124,<entities.dtn.DTN object at 0x11166d460>,<entities.processor.Processor object at 0x111676670>
46.2205600000006,0.11193000000000097,14124,<entities.dtn.DTN object at 0x11166d460>,<entities.processor.Processor object at 0x111676670>
46.2214100000006,0.11193000000000097,14124,<entities.dtn.DTN object at 0x11166d460>,<entities.processor.Processor object at 0x111676670>
46.3324600000006,0.11193000000000097,14124,<entities.dtn.DTN object at 0x11166d460>,<entities.processor.Processor object at 0x111676670>
46.3333100000006,0.11193000000000097,14124,<entities.dtn.DTN object at 0x11166d460>,<entities.processor.Processor object at 0x111676670>
46.5443600000006,0.2119300000000024,14124,<entities.dtn.DTN object at 0x11166d460>,<entities.processor.Processor object at 0x111676670>
46.5452100000006,0.2119300000000024,14124,<entities.dtn.DTN object at 0x11166d460>,<entities.processor.Processor object at 0x111676670>
46.6562600000006,0.11193000000000097,14124,<entities.dtn.DTN object at 0x11166d460>,<entities.processor.Processor object at 0x111676670>
46.6571100000006,0.11193000000000097,14124,<entities.dtn.DTN object at 0x11166d460>,<entities.processor.Processor object at 0x111676670>
46.7681600000006,0.11193000000000097,14124,<entities.dtn.DTN object at 0x11166d460>,<entities.processor.Processor object at 0x111676670>
46.7690100000006,0.11193000000000097,14124,<entities.dtn.DTN object at 0x11166d460>,<entities.processor.Processor object at 0x111676670>
46.9800600000006,0.2119300000000024,14124,<entities.dtn.DTN object at 0x11166d460>,<entities.processor.Processor object at 0x111676670>
46.9809100000006,0.2119300000000024,14124,<entities.dtn.DTN object at 0x11166d460>,<entities.processor.Processor object at 0x111676670>
47.0919600000006,0.11193000000000097,14124,<entities.dtn.DTN object at 0x11166d460>,<entities.processor.Processor object at 0x111676670>
47.0928100000006,0.11193000000000097,14124,<entities.dtn.DTN object at 0x11166d460>,<entities.processor.Processor object at 0x111676670>
47.203860000000596,0.11193000000000097,14124,<entities.dtn.DTN object at 0x11166d460>,<entities.processor.Processor object at 0x111676670>
47.204710000000595,0.11193000000000097,14124,<entities.dtn.DTN object at 0x11166d460>,<entities.processor.Processor object at 0x111676670>
47.315760000000594,0.11193000000000097,14124,<entities.dtn.DTN object at 0x11166d460>,<entities.processor.Processor object at 0x111676670>
47.416610000000595,0.2119300000000024,14124,<entities.dtn.DTN object at 0x11166d460>,<entities.processor.Processor object at 0x111676670>
47.527660000000594,0.2119300000000024,14124,<entities.dtn.DTN object at 0x11166d460>,<entities.processor.Processor object at 0x111676670>
47.528510000000594,0.11193000000000097,14124,<entities.dtn.DTN object at 0x11166d460>,<entities.processor.Processor object at 0x111676670>
47.63956000000059,0.11193000000000097,14124,<entities.dtn.DTN object at 0x11166d460>,<entities.processor.Processor object at 0x111676670>
47.64041000000059,0.11193000000000097,14124,<entities.dtn.DTN object at 0x11166d460>,<entities.processor.Processor object at 0x111676670>
47.75146000000059,0.11193000000000097,14124,<entities.dtn.DTN object at 0x11166d460>,<entities.processor.Processor object at 0x111676670>
47.75231000000059,0.11193000000000097,14124,<entities.dtn.DTN object at 0x11166d460>,<entities.processor.Processor object at 0x111676670>
47.96336000000059,0.2119300000000024,14124,<entities.dtn.DTN object at 0x11166d460>,<entities.processor.Processor object at 0x111676670>
47.96421000000059,0.2119300000000024,14124,<entities.dtn.DTN object at 0x11166d460>,<entities.processor.Processor object at 0x111676670>
48.07526000000059,0.11193000000000097,14124,<entities.dtn.DTN object at 0x11166d460>,<entities.processor.Processor object at 0x111676670>
48.07611000000059,0.11193000000000097,14124,<entities.dtn.DTN object at 0x11166d460>,<entities.processor.Processor object at 0x111676670>
48.18716000000059,0.11193000000000097,14124,<entities.dtn.DTN object at 0x11166d460>,<entities.processor.Processor object at 0x111676670>
48.18801000000059,0.11193000000000097,14124,<entities.dtn.DTN object at 0x11166d460>,<entities.processor.Processor object at 0x111676670>
48.39906000000059,0.2119300000000024,14124,<entities.dtn.DTN object at 0x11166d460>,<entities.processor.Processor object at 0x111676670>
48.39991000000059,0.2119300000000024,14124,<entities.dtn.DTN object at 0x11166d460>,<entities.processor.Processor object at 0x111676670>
48.51096000000059,0.11193000000000097,14124,<entities.dtn.DTN object at 0x11166d460>,<entities.processor.Processor object at 0x111676670>
48.51181000000059,0.11193000000000097,14124,<entities.dtn.DTN object at 0x11166d460>,<entities.processor.Processor object at 0x111676670>
48.622860000000586,0.11193000000000097,14124,<entities.dtn.DTN object at 0x11166d460>,<entities.processor.Processor object at 0x111676670>
48.623710000000585,0.11193000000000097,14124,<entities.dtn.DTN object at 0x11166d460>,<entities.processor.Processor object at 0x111676670>
48.734760000000584,0.11193000000000097,14124,<entities.dtn.DTN object at 0x11166d460>,<entities.processor.Processor object at 0x111676670>
48.835610000000585,0.2119300000000024,14124,<entities.dtn.DTN object at 0x11166d460>,<entities.processor.Processor object at 0x111676670>
48.946660000000584,0.2119300000000024,14124,<entities.dtn.DTN object at 0x11166d460>,<entities.processor.Processor object at 0x111676670>
48.947510000000584,0.11193000000000097,14124,<entities.dtn.DTN object at 0x11166d460>,<entities.processor.Processor object at 0x111676670>
49.05856000000058,0.11193000000000097,14124,<entities.dtn.DTN object at 0x11166d460>,<entities.processor.Processor object at 0x111676670>
49.05941000000058,0.11193000000000097,14124,<entities.dtn.DTN object at 0x11166d460>,<entities.processor.Processor object at 0x111676670>
49.17046000000058,0.11193000000000097,14124,<entities.dtn.DTN object at 0x11166d460>,<entities.processor.Processor object at 0x111676670>
49.17131000000058,0.11193000000000097,14124,<entities.dtn.DTN object at 0x11166d460>,<entities.processor.Processor object at 0x111676670>
49.38236000000058,0.2119300000000024,14124,<entities.dtn.DTN object at 0x11166d460>,<entities.processor.Processor object at 0x111676670>
49.38321000000058,0.2119300000000024,14124,<entities.dtn.DTN object at 0x11166d460>,<entities.processor.Processor object at 0x111676670>
49.49426000000058,0.11193000000000097,14124,<entities.dtn.DTN object at 0x11166d460>,<entities.processor.Processor object at 0x111676670>
49.49511000000058,0.11193000000000097,14124,<entities.dtn.DTN object at 0x11166d460>,<entities.processor.Processor object at 0x111676670>
49.60616000000058,0.11193000000000097,14124,<entities.dtn.DTN object at 0x11166d460>,<entities.processor.Processor object at 0x111676670>
49.60701000000058,0.11193000000000097,14124,<entities.dtn.DTN object at 0x11166d460>,<entities.processor.Processor object at 0x111676670>
49.81806000000058,0.2119300000000024,14124,<entities.dtn.DTN object at 0x11166d460>,<entities.processor.Processor object at 0x111676670>
49.81891000000058,0.2119300000000024,14124,<entities.dtn.DTN object at 0x11166d460>,<entities.processor.Processor object at 0x111676670>
49.92996000000058,0.11193000000000097,14124,<entities.dtn.DTN object at 0x11166d460>,<entities.processor.Processor object at 0x111676670>
49.93081000000058,0.11193000000000097,14124,<entities.dtn.DTN object at 0x11166d460>,<entities.processor.Processor object at 0x111676670>
50.041860000000575,0.11193000000000097,14124,<entities.dtn.DTN object at 0x11166d460>,<entities.processor.Processor object at 0x111676670>
50.042710000000575,0.11193000000000097,14124,<entities.dtn.DTN object at 0x11166d460>,<entities.processor.Processor object at 0x111676670>
50.153760000000574,0.11193000000000097,14124,<entities.dtn.DTN object at 0x11166d460>,<entities.processor.Processor object at 0x111676670>
50.254610000000575,0.2119300000000024,14124,<entities.dtn.DTN object at 0x11166d460>,<entities.processor.Processor object at 0x111676670>
50.365660000000574,0.2119300000000024,14124,<entities.dtn.DTN object at 0x11166d460>,<entities.processor.Processor object at 0x111676670>
50.366510000000574,0.11193000000000097,14124,<entities.dtn.DTN object at 0x11166d460>,<entities.processor.Processor object at 0x111676670>
50.47756000000057,0.11193000000000097,14124,<entities.dtn.DTN object at 0x11166d460>,<entities.processor.Processor object at 0x111676670>
50.478440000000575,0.11196000000000339,14124,<entities.dtn.DTN object at 0x11166d460>,<entities.processor.Processor object at 0x111676670>
50.69286000000057,0.21533000000000158,14124,<entities.dtn.DTN object at 0x11166d460>,<entities.processor.Processor object at 0x111676670>
50.69371000000057,0.21533000000000158,14124,<entities.dtn.DTN object at 0x11166d460>,<entities.processor.Processor object at 0x111676670>
50.69456000000057,0.21614999999999895,14124,<entities.dtn.DTN object at 0x11166d460>,<entities.processor.Processor object at 0x111676670>
50.91071000000057,0.21788000000000096,14124,<entities.dtn.DTN object at 0x11166d460>,<entities.processor.Processor object at 0x111676670>
50.91156000000057,0.21788000000000096,14124,<entities.dtn.DTN object at 0x11166d460>,<entities.processor.Processor object at 0x111676670>
50.91241000000057,0.21788000000000096,14124,<entities.dtn.DTN object at 0x11166d460>,<entities.processor.Processor object at 0x111676670>
51.12856000000057,0.21788000000000096,14124,<entities.dtn.DTN object at 0x11166d460>,<entities.processor.Processor object at 0x111676670>
51.12941000000057,0.21788000000000096,14124,<entities.dtn.DTN object at 0x11166d460>,<entities.processor.Processor object at 0x111676670>
51.13026000000057,0.21788000000000096,14124,<entities.dtn.DTN object at 0x11166d460>,<entities.processor.Processor object at 0x111676670>
51.34641000000057,0.21788000000000096,14124,<entities.dtn.DTN object at 0x11166d460>,<entities.processor.Processor object at 0x111676670>
51.34726000000057,0.21788000000000096,14124,<entities.dtn.DTN object at 0x11166d460>,<entities.processor.Processor object at 0x111676670>
51.34811000000057,0.21788000000000096,14124,<entities.dtn.DTN object at 0x11166d460>,<entities.processor.Processor object at 0x111676670>
51.564260000000566,0.21788000000000096,14124,<entities.dtn.DTN object at 0x11166d460>,<entities.processor.Processor object at 0x111676670>
51.565110000000566,0.21788000000000096,14124,<entities.dtn.DTN object at 0x11166d460>,<entities.processor.Processor object at 0x111676670>
51.565960000000565,0.21788000000000096,14124,<entities.dtn.DTN object at 0x11166d460>,<entities.processor.Processor object at 0x111676670>
51.782110000000564,0.21788000000000096,14124,<entities.dtn.DTN object at 0x11166d460>,<entities.processor.Processor object at 0x111676670>
51.782960000000564,0.21788000000000096,14124,<entities.dtn.DTN object at 0x11166d460>,<entities.processor.Processor object at 0x111676670>
51.783810000000564,0.21788000000000096,14124,<entities.dtn.DTN object at 0x11166d460>,<entities.processor.Processor object at 0x111676670>
51.99996000000056,0.21788000000000096,14124,<entities.dtn.DTN object at 0x11166d460>,<entities.processor.Processor object at 0x111676670>
52.00081000000056,0.21788000000000096,14124,<entities.dtn.DTN object at 0x11166d460>,<entities.processor.Processor object at 0x111676670>
52.00166000000056,0.21788000000000096,14124,<entities.dtn.DTN object at 0x11166d460>,<entities.processor.Processor object at 0x111676670>
52.21781000000056,0.21788000000000096,14124,<entities.dtn.DTN object at 0x11166d460>,<entities.processor.Processor object at 0x111676670>
52.21866000000056,0.21788000000000096,14124,<entities.dtn.DTN object at 0x11166d460>,<entities.processor.Processor object at 0x111676670>
52.21951000000056,0.21788000000000096,14124,<entities.dtn.DTN object at 0x11166d460>,<entities.processor.Processor object at 0x111676670>
52.43566000000056,0.21788000000000096,14124,<entities.dtn.DTN object at 0x11166d460>,<entities.processor.Processor object at 0x111676670>
52.43651000000056,0.21788000000000096,14124,<entities.dtn.DTN object at 0x11166d460>,<entities.processor.Processor object at 0x111676670>
52.43736000000056,0.21788000000000096,14124,<entities.dtn.DTN object at 0x11166d460>,<entities.processor.Processor object at 0x111676670>
52.65351000000056,0.21788000000000096,14124,<entities.dtn.DTN object at 0x11166d460>,<entities.processor.Processor object at 0x111676670>
52.65436000000056,0.21788000000000096,14124,<entities.dtn.DTN object at 0x11166d460>,<entities.processor.Processor object at 0x111676670>
52.65521000000056,0.21788000000000096,14124,<entities.dtn.DTN object at 0x11166d460>,<entities.processor.Processor object at 0x111676670>
52.97136000000056,0.3178800000000024,14124,<entities.dtn.DTN object at 0x11166d460>,<entities.processor.Processor object at 0x111676670>
52.97221000000056,0.3178800000000024,14124,<entities.dtn.DTN object at 0x11166d460>,<entities.processor.Processor object at 0x111676670>
52.97306000000056,0.3178800000000024,14124,<entities.dtn.DTN object at 0x11166d460>,<entities.processor.Processor object at 0x111676670>
53.38921000000056,0.4178800000000038,14124,<entities.dtn.DTN object at 0x11166d460>,<entities.processor.Processor object at 0x111676670>
53.39006000000056,0.4178800000000038,14124,<entities.dtn.DTN object at 0x11166d460>,<entities.processor.Processor object at 0x111676670>
53.39091000000056,0.4178800000000038,14124,<entities.dtn.DTN object at 0x11166d460>,<entities.processor.Processor object at 0x111676670>
53.90706000000056,0.5178800000000052,14124,<entities.dtn.DTN object at 0x11166d460>,<entities.processor.Processor object at 0x111676670>
53.90791000000056,0.5178800000000052,14124,<entities.dtn.DTN object at 0x11166d460>,<entities.processor.Processor object at 0x111676670>
53.90876000000056,0.5178800000000052,14124,<entities.dtn.DTN object at 0x11166d460>,<entities.processor.Processor object at 0x111676670>
54.424910000000565,0.5178800000000052,14124,<entities.dtn.DTN object at 0x11166d460>,<entities.processor.Processor object at 0x111676670>
54.425760000000565,0.5178800000000052,14124,<entities.dtn.DTN object at 0x11166d460>,<entities.processor.Processor object at 0x111676670>
54.52661000000057,0.6178800000000066,14124,<entities.dtn.DTN object at 0x11166d460>,<entities.processor.Processor object at 0x111676670>
54.642760000000564,0.21788000000000096,14124,<entities.dtn.DTN object at 0x11166d460>,<entities.processor.Processor object at 0x111676670>
54.743610000000565,0.3178800000000024,14124,<entities.dtn.DTN object at 0x11166d460>,<entities.processor.Processor object at 0x111676670>
54.744460000000565,0.21788000000000096,14124,<entities.dtn.DTN object at 0x11166d460>,<entities.processor.Processor object at 0x111676670>
54.86061000000056,0.21788000000000096,14124,<entities.dtn.DTN object at 0x11166d460>,<entities.processor.Processor object at 0x111676670>
54.86146000000056,0.11787999999999954,14124,<entities.dtn.DTN object at 0x11166d460>,<entities.processor.Processor object at 0x111676670>
54.96231000000056,0.21788000000000096,14124,<entities.dtn.DTN object at 0x11166d460>,<entities.processor.Processor object at 0x111676670>
55.07846000000056,0.21788000000000096,14124,<entities.dtn.DTN object at 0x11166d460>,<entities.processor.Processor object at 0x111676670>
55.07931000000056,0.21788000000000096,14124,<entities.dtn.DTN object at 0x11166d460>,<entities.processor.Processor object at 0x111676670>
55.18016000000056,0.21788000000000096,14124,<entities.dtn.DTN object at 0x11166d460>,<entities.processor.Processor object at 0x111676670>
55.29631000000056,0.21788000000000096,14124,<entities.dtn.DTN object at 0x11166d460>,<entities.processor.Processor object at 0x111676670>
55.29716000000056,0.21788000000000096,14124,<entities.dtn.DTN object at 0x11166d460>,<entities.processor.Processor object at 0x111676670>
55.29801000000056,0.11787999999999954,14124,<entities.dtn.DTN object at 0x11166d460>,<entities.processor.Processor object at 0x111676670>
55.51416000000056,0.21788000000000096,14124,<entities.dtn.DTN object at 0x11166d460>,<entities.processor.Processor object at 0x111676670>
55.51501000000056,0.21788000000000096,14124,<entities.dtn.DTN object at 0x11166d460>,<entities.processor.Processor object at 0x111676670>
55.51586000000056,0.21788000000000096,14124,<entities.dtn.DTN object at 0x11166d460>,<entities.processor.Processor object at 0x111676670>
55.73201000000056,0.21788000000000096,14124,<entities.dtn.DTN object at 0x11166d460>,<entities.processor.Processor object at 0x111676670>
55.73286000000056,0.21788000000000096,14124,<entities.dtn.DTN object at 0x11166d460>,<entities.processor.Processor object at 0x111676670>
55.733710000000556,0.21788000000000096,14124,<entities.dtn.DTN object at 0x11166d460>,<entities.processor.Processor object at 0x111676670>
55.949860000000555,0.21788000000000096,14124,<entities.dtn.DTN object at 0x11166d460>,<entities.processor.Processor object at 0x111676670>
55.950710000000555,0.21788000000000096,14124,<entities.dtn.DTN object at 0x11166d460>,<entities.processor.Processor object at 0x111676670>
55.951560000000555,0.21788000000000096,14124,<entities.dtn.DTN object at 0x11166d460>,<entities.processor.Processor object at 0x111676670>
56.167710000000554,0.21788000000000096,14124,<entities.dtn.DTN object at 0x11166d460>,<entities.processor.Processor object at 0x111676670>
56.168560000000554,0.21788000000000096,14124,<entities.dtn.DTN object at 0x11166d460>,<entities.processor.Processor object at 0x111676670>
56.16941000000055,0.21788000000000096,14124,<entities.dtn.DTN object at 0x11166d460>,<entities.processor.Processor object at 0x111676670>
56.38556000000055,0.21788000000000096,14124,<entities.dtn.DTN object at 0x11166d460>,<entities.processor.Processor object at 0x111676670>
56.38641000000055,0.21788000000000096,14124,<entities.dtn.DTN object at 0x11166d460>,<entities.processor.Processor object at 0x111676670>
56.38726000000055,0.21788000000000096,14124,<entities.dtn.DTN object at 0x11166d460>,<entities.processor.Processor object at 0x111676670>
56.60341000000055,0.21788000000000096,14124,<entities.dtn.DTN object at 0x11166d460>,<entities.processor.Processor object at 0x111676670>
56.60426000000055,0.21788000000000096,14124,<entities.dtn.DTN object at 0x11166d460>,<entities.processor.Processor object at 0x111676670>
56.60511000000055,0.21788000000000096,14124,<entities.dtn.DTN object at 0x11166d460>,<entities.processor.Processor object at 0x111676670>
56.82126000000055,0.21788000000000096,14124,<entities.dtn.DTN object at 0x11166d460>,<entities.processor.Processor object at 0x111676670>
56.82211000000055,0.21788000000000096,14124,<entities.dtn.DTN object at 0x11166d460>,<entities.processor.Processor object at 0x111676670>
56.82296000000055,0.21788000000000096,14124,<entities.dtn.DTN object at 0x11166d460>,<entities.processor.Processor object at 0x111676670>
57.03911000000055,0.21788000000000096,14124,<entities.dtn.DTN object at 0x11166d460>,<entities.processor.Processor object at 0x111676670>
57.03996000000055,0.21788000000000096,14124,<entities.dtn.DTN object at 0x11166d460>,<entities.processor.Processor object at 0x111676670>
57.04081000000055,0.21788000000000096,14124,<entities.dtn.DTN object at 0x11166d460>,<entities.processor.Processor object at 0x111676670>
57.25696000000055,0.21788000000000096,14124,<entities.dtn.DTN object at 0x11166d460>,<entities.processor.Processor object at 0x111676670>
57.25779000000055,0.21786000000000172,14124,<entities.dtn.DTN object at 0x11166d460>,<entities.processor.Processor object at 0x111676670>
57.258630000000544,0.21784999999999854,14124,<entities.dtn.DTN object at 0x11166d460>,<entities.processor.Processor object at 0x111676670>
57.47208000000054,0.21514999999999418,14124,<entities.dtn.DTN object at 0x11166d460>,<entities.processor.Processor object at 0x111676670>
57.472430000000536,0.2146499999999918,14124,<entities.dtn.DTN object at 0x11166d460>,<entities.processor.Processor object at 0x111676670>
39.86414000000063,3.361290000000153,76891,<entities.dtn.DTN object at 0x11166d460>,<entities.processor.Processor object at 0x111676820>
40.07941000000063,0.21533000000000158,76891,<entities.dtn.DTN object at 0x11166d460>,<entities.processor.Processor object at 0x111676820>
40.08026000000063,0.21614999999999895,76891,<entities.dtn.DTN object at 0x11166d460>,<entities.processor.Processor object at 0x111676820>
40.29301000000063,0.21363000000000198,76891,<entities.dtn.DTN object at 0x11166d460>,<entities.processor.Processor object at 0x111676820>
40.29386000000063,0.21363000000000198,76891,<entities.dtn.DTN object at 0x11166d460>,<entities.processor.Processor object at 0x111676820>
40.408310000000625,0.11533000000000015,76891,<entities.dtn.DTN object at 0x11166d460>,<entities.processor.Processor object at 0x111676820>
40.409160000000625,0.11533000000000015,76891,<entities.dtn.DTN object at 0x11166d460>,<entities.processor.Processor object at 0x111676820>
40.627010000000624,0.21873000000000076,76891,<entities.dtn.DTN object at 0x11166d460>,<entities.processor.Processor object at 0x111676820>
40.627860000000624,0.21873000000000076,76891,<entities.dtn.DTN object at 0x11166d460>,<entities.processor.Processor object at 0x111676820>
40.95251000000062,0.32553000000000054,76891,<entities.dtn.DTN object at 0x11166d460>,<entities.processor.Processor object at 0x111676820>
40.95336000000062,0.32553000000000054,76891,<entities.dtn.DTN object at 0x11166d460>,<entities.processor.Processor object at 0x111676820>
41.39161000000062,0.4391299999999987,76891,<entities.dtn.DTN object at 0x11166d460>,<entities.processor.Processor object at 0x111676820>
41.39246000000062,0.4391299999999987,76891,<entities.dtn.DTN object at 0x11166d460>,<entities.processor.Processor object at 0x111676820>
42.257910000000614,0.8663299999999978,76891,<entities.dtn.DTN object at 0x11166d460>,<entities.processor.Processor object at 0x111676820>
42.25876000000061,0.8663299999999978,76891,<entities.dtn.DTN object at 0x11166d460>,<entities.processor.Processor object at 0x111676820>
43.02761000000061,0.7697299999999956,76891,<entities.dtn.DTN object at 0x11166d460>,<entities.processor.Processor object at 0x111676820>
43.02846000000061,0.7697299999999956,76891,<entities.dtn.DTN object at 0x11166d460>,<entities.processor.Processor object at 0x111676820>
43.243760000000606,0.21618000000000137,76891,<entities.dtn.DTN object at 0x11166d460>,<entities.processor.Processor object at 0x111676820>
43.244610000000606,0.21618000000000137,76891,<entities.dtn.DTN object at 0x11166d460>,<entities.processor.Processor object at 0x111676820>
43.355660000000604,0.11193000000000097,76891,<entities.dtn.DTN object at 0x11166d460>,<entities.processor.Processor object at 0x111676820>
43.456510000000605,0.2119300000000024,76891,<entities.dtn.DTN object at 0x11166d460>,<entities.processor.Processor object at 0x111676820>
43.567560000000604,0.2119300000000024,76891,<entities.dtn.DTN object at 0x11166d460>,<entities.processor.Processor object at 0x111676820>
43.568410000000604,0.11193000000000097,76891,<entities.dtn.DTN object at 0x11166d460>,<entities.processor.Processor object at 0x111676820>
43.6794600000006,0.11193000000000097,76891,<entities.dtn.DTN object at 0x11166d460>,<entities.processor.Processor object at 0x111676820>
43.6803100000006,0.11193000000000097,76891,<entities.dtn.DTN object at 0x11166d460>,<entities.processor.Processor object at 0x111676820>
43.8913600000006,0.2119300000000024,76891,<entities.dtn.DTN object at 0x11166d460>,<entities.processor.Processor object at 0x111676820>
43.8922100000006,0.2119300000000024,76891,<entities.dtn.DTN object at 0x11166d460>,<entities.processor.Processor object at 0x111676820>
44.1032600000006,0.2119300000000024,76891,<entities.dtn.DTN object at 0x11166d460>,<entities.processor.Processor object at 0x111676820>
44.1041100000006,0.2119300000000024,76891,<entities.dtn.DTN object at 0x11166d460>,<entities.processor.Processor object at 0x111676820>
44.415160000000604,0.3119300000000038,76891,<entities.dtn.DTN object at 0x11166d460>,<entities.processor.Processor object at 0x111676820>
44.416010000000604,0.3119300000000038,76891,<entities.dtn.DTN object at 0x11166d460>,<entities.processor.Processor object at 0x111676820>
44.82706000000061,0.41193000000000524,76891,<entities.dtn.DTN object at 0x11166d460>,<entities.processor.Processor object at 0x111676820>
44.82791000000061,0.41193000000000524,76891,<entities.dtn.DTN object at 0x11166d460>,<entities.processor.Processor object at 0x111676820>
45.23896000000061,0.41193000000000524,76891,<entities.dtn.DTN object at 0x11166d460>,<entities.processor.Processor object at 0x111676820>
45.23981000000061,0.41193000000000524,76891,<entities.dtn.DTN object at 0x11166d460>,<entities.processor.Processor object at 0x111676820>
45.35086000000061,0.11193000000000097,76891,<entities.dtn.DTN object at 0x11166d460>,<entities.processor.Processor object at 0x111676820>
45.35171000000061,0.11193000000000097,76891,<entities.dtn.DTN object at 0x11166d460>,<entities.processor.Processor object at 0x111676820>
45.56276000000061,0.2119300000000024,76891,<entities.dtn.DTN object at 0x11166d460>,<entities.processor.Processor object at 0x111676820>
45.56361000000061,0.2119300000000024,76891,<entities.dtn.DTN object at 0x11166d460>,<entities.processor.Processor object at 0x111676820>
45.67466000000061,0.11193000000000097,76891,<entities.dtn.DTN object at 0x11166d460>,<entities.processor.Processor object at 0x111676820>
45.67551000000061,0.11193000000000097,76891,<entities.dtn.DTN object at 0x11166d460>,<entities.processor.Processor object at 0x111676820>
45.786560000000605,0.11193000000000097,76891,<entities.dtn.DTN object at 0x11166d460>,<entities.processor.Processor object at 0x111676820>
45.787410000000605,0.11193000000000097,76891,<entities.dtn.DTN object at 0x11166d460>,<entities.processor.Processor object at 0x111676820>
45.998460000000605,0.2119300000000024,76891,<entities.dtn.DTN object at 0x11166d460>,<entities.processor.Processor object at 0x111676820>
45.999310000000605,0.2119300000000024,76891,<entities.dtn.DTN object at 0x11166d460>,<entities.processor.Processor object at 0x111676820>
46.110360000000604,0.11193000000000097,76891,<entities.dtn.DTN object at 0x11166d460>,<entities.processor.Processor object at 0x111676820>
46.111210000000604,0.11193000000000097,76891,<entities.dtn.DTN object at 0x11166d460>,<entities.processor.Processor object at 0x111676820>
46.2222600000006,0.11193000000000097,76891,<entities.dtn.DTN object at 0x11166d460>,<entities.processor.Processor object at 0x111676820>
46.2231100000006,0.11193000000000097,76891,<entities.dtn.DTN object at 0x11166d460>,<entities.processor.Processor object at 0x111676820>
46.3341600000006,0.11193000000000097,76891,<entities.dtn.DTN object at 0x11166d460>,<entities.processor.Processor object at 0x111676820>
46.4350100000006,0.2119300000000024,76891,<entities.dtn.DTN object at 0x11166d460>,<entities.processor.Processor object at 0x111676820>
46.5460600000006,0.2119300000000024,76891,<entities.dtn.DTN object at 0x11166d460>,<entities.processor.Processor object at 0x111676820>
46.5469100000006,0.11193000000000097,76891,<entities.dtn.DTN object at 0x11166d460>,<entities.processor.Processor object at 0x111676820>
46.6579600000006,0.11193000000000097,76891,<entities.dtn.DTN object at 0x11166d460>,<entities.processor.Processor object at 0x111676820>
46.6588100000006,0.11193000000000097,76891,<entities.dtn.DTN object at 0x11166d460>,<entities.processor.Processor object at 0x111676820>
46.7698600000006,0.11193000000000097,76891,<entities.dtn.DTN object at 0x11166d460>,<entities.processor.Processor object at 0x111676820>
46.7707100000006,0.11193000000000097,76891,<entities.dtn.DTN object at 0x11166d460>,<entities.processor.Processor object at 0x111676820>
46.9817600000006,0.2119300000000024,76891,<entities.dtn.DTN object at 0x11166d460>,<entities.processor.Processor object at 0x111676820>
46.9826100000006,0.2119300000000024,76891,<entities.dtn.DTN object at 0x11166d460>,<entities.processor.Processor object at 0x111676820>
47.0936600000006,0.11193000000000097,76891,<entities.dtn.DTN object at 0x11166d460>,<entities.processor.Processor object at 0x111676820>
47.0945100000006,0.11193000000000097,76891,<entities.dtn.DTN object at 0x11166d460>,<entities.processor.Processor object at 0x111676820>
47.205560000000595,0.11193000000000097,76891,<entities.dtn.DTN object at 0x11166d460>,<entities.processor.Processor object at 0x111676820>
47.206410000000595,0.11193000000000097,76891,<entities.dtn.DTN object at 0x11166d460>,<entities.processor.Processor object at 0x111676820>
47.417460000000595,0.2119300000000024,76891,<entities.dtn.DTN object at 0x11166d460>,<entities.processor.Processor object at 0x111676820>
47.418310000000595,0.2119300000000024,76891,<entities.dtn.DTN object at 0x11166d460>,<entities.processor.Processor object at 0x111676820>
47.529360000000594,0.11193000000000097,76891,<entities.dtn.DTN object at 0x11166d460>,<entities.processor.Processor object at 0x111676820>
47.530210000000594,0.11193000000000097,76891,<entities.dtn.DTN object at 0x11166d460>,<entities.processor.Processor object at 0x111676820>
47.64126000000059,0.11193000000000097,76891,<entities.dtn.DTN object at 0x11166d460>,<entities.processor.Processor object at 0x111676820>
47.64211000000059,0.11193000000000097,76891,<entities.dtn.DTN object at 0x11166d460>,<entities.processor.Processor object at 0x111676820>
47.85316000000059,0.2119300000000024,76891,<entities.dtn.DTN object at 0x11166d460>,<entities.processor.Processor object at 0x111676820>
47.85401000000059,0.2119300000000024,76891,<entities.dtn.DTN object at 0x11166d460>,<entities.processor.Processor object at 0x111676820>
47.96506000000059,0.11193000000000097,76891,<entities.dtn.DTN object at 0x11166d460>,<entities.processor.Processor object at 0x111676820>
47.96591000000059,0.11193000000000097,76891,<entities.dtn.DTN object at 0x11166d460>,<entities.processor.Processor object at 0x111676820>
48.07696000000059,0.11193000000000097,76891,<entities.dtn.DTN object at 0x11166d460>,<entities.processor.Processor object at 0x111676820>
48.07781000000059,0.11193000000000097,76891,<entities.dtn.DTN object at 0x11166d460>,<entities.processor.Processor object at 0x111676820>
48.18886000000059,0.11193000000000097,76891,<entities.dtn.DTN object at 0x11166d460>,<entities.processor.Processor object at 0x111676820>
48.28971000000059,0.2119300000000024,76891,<entities.dtn.DTN object at 0x11166d460>,<entities.processor.Processor object at 0x111676820>
48.40076000000059,0.2119300000000024,76891,<entities.dtn.DTN object at 0x11166d460>,<entities.processor.Processor object at 0x111676820>
48.40161000000059,0.11193000000000097,76891,<entities.dtn.DTN object at 0x11166d460>,<entities.processor.Processor object at 0x111676820>
48.51266000000059,0.11193000000000097,76891,<entities.dtn.DTN object at 0x11166d460>,<entities.processor.Processor object at 0x111676820>
48.513510000000586,0.11193000000000097,76891,<entities.dtn.DTN object at 0x11166d460>,<entities.processor.Processor object at 0x111676820>
48.624560000000585,0.11193000000000097,76891,<entities.dtn.DTN object at 0x11166d460>,<entities.processor.Processor object at 0x111676820>
48.625410000000585,0.11193000000000097,76891,<entities.dtn.DTN object at 0x11166d460>,<entities.processor.Processor object at 0x111676820>
48.836460000000585,0.2119300000000024,76891,<entities.dtn.DTN object at 0x11166d460>,<entities.processor.Processor object at 0x111676820>
48.837310000000585,0.2119300000000024,76891,<entities.dtn.DTN object at 0x11166d460>,<entities.processor.Processor object at 0x111676820>
48.948360000000584,0.11193000000000097,76891,<entities.dtn.DTN object at 0x11166d460>,<entities.processor.Processor object at 0x111676820>
48.94921000000058,0.11193000000000097,76891,<entities.dtn.DTN object at 0x11166d460>,<entities.processor.Processor object at 0x111676820>
49.06026000000058,0.11193000000000097,76891,<entities.dtn.DTN object at 0x11166d460>,<entities.processor.Processor object at 0x111676820>
49.06111000000058,0.11193000000000097,76891,<entities.dtn.DTN object at 0x11166d460>,<entities.processor.Processor object at 0x111676820>
49.27216000000058,0.2119300000000024,76891,<entities.dtn.DTN object at 0x11166d460>,<entities.processor.Processor object at 0x111676820>
49.27301000000058,0.2119300000000024,76891,<entities.dtn.DTN object at 0x11166d460>,<entities.processor.Processor object at 0x111676820>
49.38406000000058,0.11193000000000097,76891,<entities.dtn.DTN object at 0x11166d460>,<entities.processor.Processor object at 0x111676820>
49.38491000000058,0.11193000000000097,76891,<entities.dtn.DTN object at 0x11166d460>,<entities.processor.Processor object at 0x111676820>
49.49596000000058,0.11193000000000097,76891,<entities.dtn.DTN object at 0x11166d460>,<entities.processor.Processor object at 0x111676820>
49.49681000000058,0.11193000000000097,76891,<entities.dtn.DTN object at 0x11166d460>,<entities.processor.Processor object at 0x111676820>
49.60786000000058,0.11193000000000097,76891,<entities.dtn.DTN object at 0x11166d460>,<entities.processor.Processor object at 0x111676820>
49.70871000000058,0.2119300000000024,76891,<entities.dtn.DTN object at 0x11166d460>,<entities.processor.Processor object at 0x111676820>
49.81976000000058,0.2119300000000024,76891,<entities.dtn.DTN object at 0x11166d460>,<entities.processor.Processor object at 0x111676820>
49.82061000000058,0.11193000000000097,76891,<entities.dtn.DTN object at 0x11166d460>,<entities.processor.Processor object at 0x111676820>
49.931660000000576,0.11193000000000097,76891,<entities.dtn.DTN object at 0x11166d460>,<entities.processor.Processor object at 0x111676820>
49.932510000000576,0.11193000000000097,76891,<entities.dtn.DTN object at 0x11166d460>,<entities.processor.Processor object at 0x111676820>
50.043560000000575,0.11193000000000097,76891,<entities.dtn.DTN object at 0x11166d460>,<entities.processor.Processor object at 0x111676820>
50.044410000000575,0.11193000000000097,76891,<entities.dtn.DTN object at 0x11166d460>,<entities.processor.Processor object at 0x111676820>
50.255460000000575,0.2119300000000024,76891,<entities.dtn.DTN object at 0x11166d460>,<entities.processor.Processor object at 0x111676820>
50.256310000000575,0.2119300000000024,76891,<entities.dtn.DTN object at 0x11166d460>,<entities.processor.Processor object at 0x111676820>
50.36736000000057,0.11193000000000097,76891,<entities.dtn.DTN object at 0x11166d460>,<entities.processor.Processor object at 0x111676820>
50.36821000000057,0.11193000000000097,76891,<entities.dtn.DTN object at 0x11166d460>,<entities.processor.Processor object at 0x111676820>
50.479290000000574,0.11196000000000339,76891,<entities.dtn.DTN object at 0x11166d460>,<entities.processor.Processor object at 0x111676820>
50.48011000000057,0.11193000000000097,76891,<entities.dtn.DTN object at 0x11166d460>,<entities.processor.Processor object at 0x111676820>
50.69541000000057,0.21618000000000137,76891,<entities.dtn.DTN object at 0x11166d460>,<entities.processor.Processor object at 0x111676820>
50.69626000000057,0.21699999999999875,76891,<entities.dtn.DTN object at 0x11166d460>,<entities.processor.Processor object at 0x111676820>
50.69711000000057,0.21703000000000117,76891,<entities.dtn.DTN object at 0x11166d460>,<entities.processor.Processor object at 0x111676820>
50.91326000000057,0.21788000000000096,76891,<entities.dtn.DTN object at 0x11166d460>,<entities.processor.Processor object at 0x111676820>
50.91411000000057,0.21788000000000096,76891,<entities.dtn.DTN object at 0x11166d460>,<entities.processor.Processor object at 0x111676820>
50.91496000000057,0.21788000000000096,76891,<entities.dtn.DTN object at 0x11166d460>,<entities.processor.Processor object at 0x111676820>
51.13111000000057,0.21788000000000096,76891,<entities.dtn.DTN object at 0x11166d460>,<entities.processor.Processor object at 0x111676820>
51.13196000000057,0.21788000000000096,76891,<entities.dtn.DTN object at 0x11166d460>,<entities.processor.Processor object at 0x111676820>
51.13281000000057,0.21788000000000096,76891,<entities.dtn.DTN object at 0x11166d460>,<entities.processor.Processor object at 0x111676820>
51.34896000000057,0.21788000000000096,76891,<entities.dtn.DTN object at 0x11166d460>,<entities.processor.Processor object at 0x111676820>
51.349810000000566,0.21788000000000096,76891,<entities.dtn.DTN object at 0x11166d460>,<entities.processor.Processor object at 0x111676820>
51.350660000000566,0.21788000000000096,76891,<entities.dtn.DTN object at 0x11166d460>,<entities.processor.Processor object at 0x111676820>
51.566810000000565,0.21788000000000096,76891,<entities.dtn.DTN object at 0x11166d460>,<entities.processor.Processor object at 0x111676820>
51.567660000000565,0.21788000000000096,76891,<entities.dtn.DTN object at 0x11166d460>,<entities.processor.Processor object at 0x111676820>
51.568510000000565,0.21788000000000096,76891,<entities.dtn.DTN object at 0x11166d460>,<entities.processor.Processor object at 0x111676820>
51.784660000000564,0.21788000000000096,76891,<entities.dtn.DTN object at 0x11166d460>,<entities.processor.Processor object at 0x111676820>
51.78551000000056,0.21788000000000096,76891,<entities.dtn.DTN object at 0x11166d460>,<entities.processor.Processor object at 0x111676820>
51.78636000000056,0.21788000000000096,76891,<entities.dtn.DTN object at 0x11166d460>,<entities.processor.Processor object at 0x111676820>
52.00251000000056,0.21788000000000096,76891,<entities.dtn.DTN object at 0x11166d460>,<entities.processor.Processor object at 0x111676820>
52.00336000000056,0.21788000000000096,76891,<entities.dtn.DTN object at 0x11166d460>,<entities.processor.Processor object at 0x111676820>
52.00421000000056,0.21788000000000096,76891,<entities.dtn.DTN object at 0x11166d460>,<entities.processor.Processor object at 0x111676820>
52.22036000000056,0.21788000000000096,76891,<entities.dtn.DTN object at 0x11166d460>,<entities.processor.Processor object at 0x111676820>
52.22121000000056,0.21788000000000096,76891,<entities.dtn.DTN object at 0x11166d460>,<entities.processor.Processor object at 0x111676820>
52.22206000000056,0.21788000000000096,76891,<entities.dtn.DTN object at 0x11166d460>,<entities.processor.Processor object at 0x111676820>
52.53821000000056,0.3178800000000024,76891,<entities.dtn.DTN object at 0x11166d460>,<entities.processor.Processor object at 0x111676820>
52.53906000000056,0.3178800000000024,76891,<entities.dtn.DTN object at 0x11166d460>,<entities.processor.Processor object at 0x111676820>
52.53991000000056,0.3178800000000024,76891,<entities.dtn.DTN object at 0x11166d460>,<entities.processor.Processor object at 0x111676820>
52.75606000000056,0.21788000000000096,76891,<entities.dtn.DTN object at 0x11166d460>,<entities.processor.Processor object at 0x111676820>
52.75691000000056,0.21788000000000096,76891,<entities.dtn.DTN object at 0x11166d460>,<entities.processor.Processor object at 0x111676820>
52.75776000000056,0.21788000000000096,76891,<entities.dtn.DTN object at 0x11166d460>,<entities.processor.Processor object at 0x111676820>
52.97391000000056,0.21788000000000096,76891,<entities.dtn.DTN object at 0x11166d460>,<entities.processor.Processor object at 0x111676820>
53.07476000000056,0.3178800000000024,76891,<entities.dtn.DTN object at 0x11166d460>,<entities.processor.Processor object at 0x111676820>
53.07561000000056,0.3178800000000024,76891,<entities.dtn.DTN object at 0x11166d460>,<entities.processor.Processor object at 0x111676820>
53.39176000000056,0.4178800000000038,76891,<entities.dtn.DTN object at 0x11166d460>,<entities.processor.Processor object at 0x111676820>
53.49261000000056,0.4178800000000038,76891,<entities.dtn.DTN object at 0x11166d460>,<entities.processor.Processor object at 0x111676820>
53.49346000000056,0.4178800000000038,76891,<entities.dtn.DTN object at 0x11166d460>,<entities.processor.Processor object at 0x111676820>
53.90961000000056,0.5178800000000052,76891,<entities.dtn.DTN object at 0x11166d460>,<entities.processor.Processor object at 0x111676820>
54.110460000000565,0.6178800000000066,76891,<entities.dtn.DTN object at 0x11166d460>,<entities.processor.Processor object at 0x111676820>
54.111310000000564,0.6178800000000066,76891,<entities.dtn.DTN object at 0x11166d460>,<entities.processor.Processor object at 0x111676820>
54.527460000000566,0.6178800000000066,76891,<entities.dtn.DTN object at 0x11166d460>,<entities.processor.Processor object at 0x111676820>
54.528310000000566,0.4178800000000038,76891,<entities.dtn.DTN object at 0x11166d460>,<entities.processor.Processor object at 0x111676820>
54.529160000000566,0.4178800000000038,76891,<entities.dtn.DTN object at 0x11166d460>,<entities.processor.Processor object at 0x111676820>
54.745310000000565,0.21788000000000096,76891,<entities.dtn.DTN object at 0x11166d460>,<entities.processor.Processor object at 0x111676820>
54.746160000000565,0.21788000000000096,76891,<entities.dtn.DTN object at 0x11166d460>,<entities.processor.Processor object at 0x111676820>
54.747010000000564,0.21788000000000096,76891,<entities.dtn.DTN object at 0x11166d460>,<entities.processor.Processor object at 0x111676820>
54.96316000000056,0.21788000000000096,76891,<entities.dtn.DTN object at 0x11166d460>,<entities.processor.Processor object at 0x111676820>
54.96401000000056,0.21788000000000096,76891,<entities.dtn.DTN object at 0x11166d460>,<entities.processor.Processor object at 0x111676820>
54.96486000000056,0.21788000000000096,76891,<entities.dtn.DTN object at 0x11166d460>,<entities.processor.Processor object at 0x111676820>
55.18101000000056,0.21788000000000096,76891,<entities.dtn.DTN object at 0x11166d460>,<entities.processor.Processor object at 0x111676820>
55.18186000000056,0.21788000000000096,76891,<entities.dtn.DTN object at 0x11166d460>,<entities.processor.Processor object at 0x111676820>
55.18271000000056,0.21788000000000096,76891,<entities.dtn.DTN object at 0x11166d460>,<entities.processor.Processor object at 0x111676820>
55.39886000000056,0.21788000000000096,76891,<entities.dtn.DTN object at 0x11166d460>,<entities.processor.Processor object at 0x111676820>
55.39971000000056,0.21788000000000096,76891,<entities.dtn.DTN object at 0x11166d460>,<entities.processor.Processor object at 0x111676820>
55.40056000000056,0.21788000000000096,76891,<entities.dtn.DTN object at 0x11166d460>,<entities.processor.Processor object at 0x111676820>
55.61671000000056,0.21788000000000096,76891,<entities.dtn.DTN object at 0x11166d460>,<entities.processor.Processor object at 0x111676820>
55.61756000000056,0.21788000000000096,76891,<entities.dtn.DTN object at 0x11166d460>,<entities.processor.Processor object at 0x111676820>
55.61841000000056,0.21788000000000096,76891,<entities.dtn.DTN object at 0x11166d460>,<entities.processor.Processor object at 0x111676820>
55.734560000000556,0.11787999999999954,76891,<entities.dtn.DTN object at 0x11166d460>,<entities.processor.Processor object at 0x111676820>
55.83541000000056,0.21788000000000096,76891,<entities.dtn.DTN object at 0x11166d460>,<entities.processor.Processor object at 0x111676820>
55.83626000000056,0.21788000000000096,76891,<entities.dtn.DTN object at 0x11166d460>,<entities.processor.Processor object at 0x111676820>
55.952410000000555,0.21788000000000096,76891,<entities.dtn.DTN object at 0x11166d460>,<entities.processor.Processor object at 0x111676820>
56.053260000000556,0.21788000000000096,76891,<entities.dtn.DTN object at 0x11166d460>,<entities.processor.Processor object at 0x111676820>
56.054110000000556,0.21788000000000096,76891,<entities.dtn.DTN object at 0x11166d460>,<entities.processor.Processor object at 0x111676820>
56.17026000000055,0.21788000000000096,76891,<entities.dtn.DTN object at 0x11166d460>,<entities.processor.Processor object at 0x111676820>
56.17111000000055,0.11787999999999954,76891,<entities.dtn.DTN object at 0x11166d460>,<entities.processor.Processor object at 0x111676820>
56.271960000000554,0.21788000000000096,76891,<entities.dtn.DTN object at 0x11166d460>,<entities.processor.Processor object at 0x111676820>
56.38811000000055,0.21788000000000096,76891,<entities.dtn.DTN object at 0x11166d460>,<entities.processor.Processor object at 0x111676820>
56.38896000000055,0.21788000000000096,76891,<entities.dtn.DTN object at 0x11166d460>,<entities.processor.Processor object at 0x111676820>
56.48981000000055,0.21788000000000096,76891,<entities.dtn.DTN object at 0x11166d460>,<entities.processor.Processor object at 0x111676820>
56.60596000000055,0.21788000000000096,76891,<entities.dtn.DTN object at 0x11166d460>,<entities.processor.Processor object at 0x111676820>
56.60681000000055,0.21788000000000096,76891,<entities.dtn.DTN object at 0x11166d460>,<entities.processor.Processor object at 0x111676820>
56.60766000000055,0.11787999999999954,76891,<entities.dtn.DTN object at 0x11166d460>,<entities.processor.Processor object at 0x111676820>
56.82381000000055,0.21788000000000096,76891,<entities.dtn.DTN object at 0x11166d460>,<entities.processor.Processor object at 0x111676820>
56.82466000000055,0.21788000000000096,76891,<entities.dtn.DTN object at 0x11166d460>,<entities.processor.Processor object at 0x111676820>
56.82551000000055,0.21788000000000096,76891,<entities.dtn.DTN object at 0x11166d460>,<entities.processor.Processor object at 0x111676820>
57.04166000000055,0.21788000000000096,76891,<entities.dtn.DTN object at 0x11166d460>,<entities.processor.Processor object at 0x111676820>
57.04251000000055,0.21788000000000096,76891,<entities.dtn.DTN object at 0x11166d460>,<entities.processor.Processor object at 0x111676820>
57.04336000000055,0.21788000000000096,76891,<entities.dtn.DTN object at 0x11166d460>,<entities.processor.Processor object at 0x111676820>
57.259510000000546,0.21788000000000096,76891,<entities.dtn.DTN object at 0x11166d460>,<entities.processor.Processor object at 0x111676820>
57.260360000000546,0.21788000000000096,76891,<entities.dtn.DTN object at 0x11166d460>,<entities.processor.Processor object at 0x111676820>
57.261210000000546,0.21788000000000096,76891,<entities.dtn.DTN object at 0x11166d460>,<entities.processor.Processor object at 0x111676820>
57.47331000000054,0.2138299999999944,76891,<entities.dtn.DTN object at 0x11166d460>,<entities.processor.Processor object at 0x111676820>
57.47416000000054,0.2138299999999944,76891,<entities.dtn.DTN object at 0x11166d460>,<entities.processor.Processor object at 0x111676820>
57.47501000000054,0.2138299999999944,76891,<entities.dtn.DTN object at 0x11166d460>,<entities.processor.Processor object at 0x111676820>
57.58351000000054,0.11023000000000138,76891,<entities.dtn.DTN object at 0x11166d460>,<entities.processor.Processor object at 0x111676820>
57.58436000000054,0.11023000000000138,76891,<entities.dtn.DTN object at 0x11166d460>,<entities.processor.Processor object at 0x111676820>
57.68521000000054,0.2102300000000028,76891,<entities.dtn.DTN object at 0x11166d460>,<entities.processor.Processor object at 0x111676820>
57.69116000000054,0.107680000000002,76891,<entities.dtn.DTN object at 0x11166d460>,<entities.processor.Processor object at 0x111676820>
57.691980000000534,0.10764999999999958,76891,<entities.dtn.DTN object at 0x11166d460>,<entities.processor.Processor object at 0x111676820>
57.792830000000535,0.10764999999999958,76891,<entities.dtn.DTN object at 0x11166d460>,<entities.processor.Processor object at 0x111676820>
57.797080000000534,0.10594999999999999,76891,<entities.dtn.DTN object at 0x11166d460>,<entities.processor.Processor object at 0x111676820>
39.86499000000063,3.362010000000147,40689,<entities.dtn.DTN object at 0x11166d460>,<entities.processor.Processor object at 0x111676820>
40.08111000000063,0.21618000000000137,40689,<entities.dtn.DTN object at 0x11166d460>,<entities.processor.Processor object at 0x111676820>
40.08196000000063,0.21699999999999875,40689,<entities.dtn.DTN object at 0x11166d460>,<entities.processor.Processor object at 0x111676820>
40.29471000000063,0.21363000000000198,40689,<entities.dtn.DTN object at 0x11166d460>,<entities.processor.Processor object at 0x111676820>
40.29556000000063,0.21363000000000198,40689,<entities.dtn.DTN object at 0x11166d460>,<entities.processor.Processor object at 0x111676820>
40.410010000000625,0.11533000000000015,40689,<entities.dtn.DTN object at 0x11166d460>,<entities.processor.Processor object at 0x111676820>
40.410860000000625,0.11533000000000015,40689,<entities.dtn.DTN object at 0x11166d460>,<entities.processor.Processor object at 0x111676820>
40.62871000000062,0.21873000000000076,40689,<entities.dtn.DTN object at 0x11166d460>,<entities.processor.Processor object at 0x111676820>
40.729560000000625,0.3187300000000022,40689,<entities.dtn.DTN object at 0x11166d460>,<entities.processor.Processor object at 0x111676820>
40.95421000000062,0.32553000000000054,40689,<entities.dtn.DTN object at 0x11166d460>,<entities.processor.Processor object at 0x111676820>
40.95506000000062,0.22552999999999912,40689,<entities.dtn.DTN object at 0x11166d460>,<entities.processor.Processor object at 0x111676820>
41.39331000000062,0.4391299999999987,40689,<entities.dtn.DTN object at 0x11166d460>,<entities.processor.Processor object at 0x111676820>
41.49416000000062,0.5391300000000001,40689,<entities.dtn.DTN object at 0x11166d460>,<entities.processor.Processor object at 0x111676820>
42.25961000000061,0.8663299999999978,40689,<entities.dtn.DTN object at 0x11166d460>,<entities.processor.Processor object at 0x111676820>
42.26046000000061,0.7663299999999964,40689,<entities.dtn.DTN object at 0x11166d460>,<entities.processor.Processor object at 0x111676820>
43.029310000000606,0.7697299999999956,40689,<entities.dtn.DTN object at 0x11166d460>,<entities.processor.Processor object at 0x111676820>
43.030160000000606,0.7697299999999956,40689,<entities.dtn.DTN object at 0x11166d460>,<entities.processor.Processor object at 0x111676820>
43.245460000000605,0.21618000000000137,40689,<entities.dtn.DTN object at 0x11166d460>,<entities.processor.Processor object at 0x111676820>
43.246310000000605,0.21618000000000137,40689,<entities.dtn.DTN object at 0x11166d460>,<entities.processor.Processor object at 0x111676820>
43.457360000000605,0.2119300000000024,40689,<entities.dtn.DTN object at 0x11166d460>,<entities.processor.Processor object at 0x111676820>
43.458210000000605,0.2119300000000024,40689,<entities.dtn.DTN object at 0x11166d460>,<entities.processor.Processor object at 0x111676820>
43.569260000000604,0.11193000000000097,40689,<entities.dtn.DTN object at 0x11166d460>,<entities.processor.Processor object at 0x111676820>
43.570110000000604,0.11193000000000097,40689,<entities.dtn.DTN object at 0x11166d460>,<entities.processor.Processor object at 0x111676820>
43.6811600000006,0.11193000000000097,40689,<entities.dtn.DTN object at 0x11166d460>,<entities.processor.Processor object at 0x111676820>
43.782010000000604,0.2119300000000024,40689,<entities.dtn.DTN object at 0x11166d460>,<entities.processor.Processor object at 0x111676820>
43.8930600000006,0.2119300000000024,40689,<entities.dtn.DTN object at 0x11166d460>,<entities.processor.Processor object at 0x111676820>
43.993910000000604,0.2119300000000024,40689,<entities.dtn.DTN object at 0x11166d460>,<entities.processor.Processor object at 0x111676820>
44.1049600000006,0.2119300000000024,40689,<entities.dtn.DTN object at 0x11166d460>,<entities.processor.Processor object at 0x111676820>
44.205810000000604,0.2119300000000024,40689,<entities.dtn.DTN object at 0x11166d460>,<entities.processor.Processor object at 0x111676820>
44.416860000000604,0.3119300000000038,40689,<entities.dtn.DTN object at 0x11166d460>,<entities.processor.Processor object at 0x111676820>
44.4177100000006,0.2119300000000024,40689,<entities.dtn.DTN object at 0x11166d460>,<entities.processor.Processor object at 0x111676820>
44.82876000000061,0.41193000000000524,40689,<entities.dtn.DTN object at 0x11166d460>,<entities.processor.Processor object at 0x111676820>
44.829610000000606,0.41193000000000524,40689,<entities.dtn.DTN object at 0x11166d460>,<entities.processor.Processor object at 0x111676820>
45.24066000000061,0.41193000000000524,40689,<entities.dtn.DTN object at 0x11166d460>,<entities.processor.Processor object at 0x111676820>
45.24151000000061,0.41193000000000524,40689,<entities.dtn.DTN object at 0x11166d460>,<entities.processor.Processor object at 0x111676820>
45.35256000000061,0.11193000000000097,40689,<entities.dtn.DTN object at 0x11166d460>,<entities.processor.Processor object at 0x111676820>
45.45341000000061,0.2119300000000024,40689,<entities.dtn.DTN object at 0x11166d460>,<entities.processor.Processor object at 0x111676820>
45.56446000000061,0.2119300000000024,40689,<entities.dtn.DTN object at 0x11166d460>,<entities.processor.Processor object at 0x111676820>
45.56531000000061,0.11193000000000097,40689,<entities.dtn.DTN object at 0x11166d460>,<entities.processor.Processor object at 0x111676820>
45.67636000000061,0.11193000000000097,40689,<entities.dtn.DTN object at 0x11166d460>,<entities.processor.Processor object at 0x111676820>
45.677210000000606,0.11193000000000097,40689,<entities.dtn.DTN object at 0x11166d460>,<entities.processor.Processor object at 0x111676820>
45.788260000000605,0.11193000000000097,40689,<entities.dtn.DTN object at 0x11166d460>,<entities.processor.Processor object at 0x111676820>
45.889110000000606,0.2119300000000024,40689,<entities.dtn.DTN object at 0x11166d460>,<entities.processor.Processor object at 0x111676820>
46.000160000000605,0.2119300000000024,40689,<entities.dtn.DTN object at 0x11166d460>,<entities.processor.Processor object at 0x111676820>
46.001010000000605,0.11193000000000097,40689,<entities.dtn.DTN object at 0x11166d460>,<entities.processor.Processor object at 0x111676820>
46.112060000000604,0.11193000000000097,40689,<entities.dtn.DTN object at 0x11166d460>,<entities.processor.Processor object at 0x111676820>
46.1129100000006,0.11193000000000097,40689,<entities.dtn.DTN object at 0x11166d460>,<entities.processor.Processor object at 0x111676820>
46.2239600000006,0.11193000000000097,40689,<entities.dtn.DTN object at 0x11166d460>,<entities.processor.Processor object at 0x111676820>
46.2248100000006,0.11193000000000097,40689,<entities.dtn.DTN object at 0x11166d460>,<entities.processor.Processor object at 0x111676820>
46.4358600000006,0.2119300000000024,40689,<entities.dtn.DTN object at 0x11166d460>,<entities.processor.Processor object at 0x111676820>
46.4367100000006,0.2119300000000024,40689,<entities.dtn.DTN object at 0x11166d460>,<entities.processor.Processor object at 0x111676820>
46.5477600000006,0.11193000000000097,40689,<entities.dtn.DTN object at 0x11166d460>,<entities.processor.Processor object at 0x111676820>
46.5486100000006,0.11193000000000097,40689,<entities.dtn.DTN object at 0x11166d460>,<entities.processor.Processor object at 0x111676820>
46.6596600000006,0.11193000000000097,40689,<entities.dtn.DTN object at 0x11166d460>,<entities.processor.Processor object at 0x111676820>
46.6605100000006,0.11193000000000097,40689,<entities.dtn.DTN object at 0x11166d460>,<entities.processor.Processor object at 0x111676820>
46.8715600000006,0.2119300000000024,40689,<entities.dtn.DTN object at 0x11166d460>,<entities.processor.Processor object at 0x111676820>
46.8724100000006,0.2119300000000024,40689,<entities.dtn.DTN object at 0x11166d460>,<entities.processor.Processor object at 0x111676820>
46.9834600000006,0.11193000000000097,40689,<entities.dtn.DTN object at 0x11166d460>,<entities.processor.Processor object at 0x111676820>
46.9843100000006,0.11193000000000097,40689,<entities.dtn.DTN object at 0x11166d460>,<entities.processor.Processor object at 0x111676820>
47.095360000000596,0.11193000000000097,40689,<entities.dtn.DTN object at 0x11166d460>,<entities.processor.Processor object at 0x111676820>
47.096210000000596,0.11193000000000097,40689,<entities.dtn.DTN object at 0x11166d460>,<entities.processor.Processor object at 0x111676820>
47.207260000000595,0.11193000000000097,40689,<entities.dtn.DTN object at 0x11166d460>,<entities.processor.Processor object at 0x111676820>
47.308110000000596,0.2119300000000024,40689,<entities.dtn.DTN object at 0x11166d460>,<entities.processor.Processor object at 0x111676820>
47.419160000000595,0.2119300000000024,40689,<entities.dtn.DTN object at 0x11166d460>,<entities.processor.Processor object at 0x111676820>
47.420010000000595,0.11193000000000097,40689,<entities.dtn.DTN object at 0x11166d460>,<entities.processor.Processor object at 0x111676820>
47.53106000000059,0.11193000000000097,40689,<entities.dtn.DTN object at 0x11166d460>,<entities.processor.Processor object at 0x111676820>
47.53191000000059,0.11193000000000097,40689,<entities.dtn.DTN object at 0x11166d460>,<entities.processor.Processor object at 0x111676820>
47.64296000000059,0.11193000000000097,40689,<entities.dtn.DTN object at 0x11166d460>,<entities.processor.Processor object at 0x111676820>
47.64381000000059,0.11193000000000097,40689,<entities.dtn.DTN object at 0x11166d460>,<entities.processor.Processor object at 0x111676820>
47.85486000000059,0.2119300000000024,40689,<entities.dtn.DTN object at 0x11166d460>,<entities.processor.Processor object at 0x111676820>
47.85571000000059,0.2119300000000024,40689,<entities.dtn.DTN object at 0x11166d460>,<entities.processor.Processor object at 0x111676820>
47.96676000000059,0.11193000000000097,40689,<entities.dtn.DTN object at 0x11166d460>,<entities.processor.Processor object at 0x111676820>
47.96761000000059,0.11193000000000097,40689,<entities.dtn.DTN object at 0x11166d460>,<entities.processor.Processor object at 0x111676820>
48.07866000000059,0.11193000000000097,40689,<entities.dtn.DTN object at 0x11166d460>,<entities.processor.Processor object at 0x111676820>
48.07951000000059,0.11193000000000097,40689,<entities.dtn.DTN object at 0x11166d460>,<entities.processor.Processor object at 0x111676820>
48.29056000000059,0.2119300000000024,40689,<entities.dtn.DTN object at 0x11166d460>,<entities.processor.Processor object at 0x111676820>
48.29141000000059,0.2119300000000024,40689,<entities.dtn.DTN object at 0x11166d460>,<entities.processor.Processor object at 0x111676820>
48.40246000000059,0.11193000000000097,40689,<entities.dtn.DTN object at 0x11166d460>,<entities.processor.Processor object at 0x111676820>
48.40331000000059,0.11193000000000097,40689,<entities.dtn.DTN object at 0x11166d460>,<entities.processor.Processor object at 0x111676820>
48.514360000000586,0.11193000000000097,40689,<entities.dtn.DTN object at 0x11166d460>,<entities.processor.Processor object at 0x111676820>
48.515210000000586,0.11193000000000097,40689,<entities.dtn.DTN object at 0x11166d460>,<entities.processor.Processor object at 0x111676820>
48.726260000000586,0.2119300000000024,40689,<entities.dtn.DTN object at 0x11166d460>,<entities.processor.Processor object at 0x111676820>
48.727110000000586,0.2119300000000024,40689,<entities.dtn.DTN object at 0x11166d460>,<entities.processor.Processor object at 0x111676820>
48.838160000000585,0.11193000000000097,40689,<entities.dtn.DTN object at 0x11166d460>,<entities.processor.Processor object at 0x111676820>
48.839010000000584,0.11193000000000097,40689,<entities.dtn.DTN object at 0x11166d460>,<entities.processor.Processor object at 0x111676820>
48.95006000000058,0.11193000000000097,40689,<entities.dtn.DTN object at 0x11166d460>,<entities.processor.Processor object at 0x111676820>
48.95091000000058,0.11193000000000097,40689,<entities.dtn.DTN object at 0x11166d460>,<entities.processor.Processor object at 0x111676820>
49.06196000000058,0.11193000000000097,40689,<entities.dtn.DTN object at 0x11166d460>,<entities.processor.Processor object at 0x111676820>
49.16281000000058,0.2119300000000024,40689,<entities.dtn.DTN object at 0x11166d460>,<entities.processor.Processor object at 0x111676820>
49.27386000000058,0.2119300000000024,40689,<entities.dtn.DTN object at 0x11166d460>,<entities.processor.Processor object at 0x111676820>
49.27471000000058,0.11193000000000097,40689,<entities.dtn.DTN object at 0x11166d460>,<entities.processor.Processor object at 0x111676820>
49.38576000000058,0.11193000000000097,40689,<entities.dtn.DTN object at 0x11166d460>,<entities.processor.Processor object at 0x111676820>
49.38661000000058,0.11193000000000097,40689,<entities.dtn.DTN object at 0x11166d460>,<entities.processor.Processor object at 0x111676820>
49.49766000000058,0.11193000000000097,40689,<entities.dtn.DTN object at 0x11166d460>,<entities.processor.Processor object at 0x111676820>
49.49851000000058,0.11193000000000097,40689,<entities.dtn.DTN object at 0x11166d460>,<entities.processor.Processor object at 0x111676820>
49.70956000000058,0.2119300000000024,40689,<entities.dtn.DTN object at 0x11166d460>,<entities.processor.Processor object at 0x111676820>
49.71041000000058,0.2119300000000024,40689,<entities.dtn.DTN object at 0x11166d460>,<entities.processor.Processor object at 0x111676820>
49.82146000000058,0.11193000000000097,40689,<entities.dtn.DTN object at 0x11166d460>,<entities.processor.Processor object at 0x111676820>
49.82231000000058,0.11193000000000097,40689,<entities.dtn.DTN object at 0x11166d460>,<entities.processor.Processor object at 0x111676820>
49.933360000000576,0.11193000000000097,40689,<entities.dtn.DTN object at 0x11166d460>,<entities.processor.Processor object at 0x111676820>
49.934210000000576,0.11193000000000097,40689,<entities.dtn.DTN object at 0x11166d460>,<entities.processor.Processor object at 0x111676820>
50.145260000000576,0.2119300000000024,40689,<entities.dtn.DTN object at 0x11166d460>,<entities.processor.Processor object at 0x111676820>
50.146110000000576,0.2119300000000024,40689,<entities.dtn.DTN object at 0x11166d460>,<entities.processor.Processor object at 0x111676820>
50.257160000000574,0.11193000000000097,40689,<entities.dtn.DTN object at 0x11166d460>,<entities.processor.Processor object at 0x111676820>
50.258010000000574,0.11193000000000097,40689,<entities.dtn.DTN object at 0x11166d460>,<entities.processor.Processor object at 0x111676820>
50.36906000000057,0.11193000000000097,40689,<entities.dtn.DTN object at 0x11166d460>,<entities.processor.Processor object at 0x111676820>
50.36991000000057,0.11193000000000097,40689,<entities.dtn.DTN object at 0x11166d460>,<entities.processor.Processor object at 0x111676820>
50.480990000000574,0.11196000000000339,40689,<entities.dtn.DTN object at 0x11166d460>,<entities.processor.Processor object at 0x111676820>
50.58181000000057,0.2119300000000024,40689,<entities.dtn.DTN object at 0x11166d460>,<entities.processor.Processor object at 0x111676820>
50.69796000000057,0.21703000000000117,40689,<entities.dtn.DTN object at 0x11166d460>,<entities.processor.Processor object at 0x111676820>
50.69881000000057,0.21784999999999854,40689,<entities.dtn.DTN object at 0x11166d460>,<entities.processor.Processor object at 0x111676820>
50.69966000000057,0.11787999999999954,40689,<entities.dtn.DTN object at 0x11166d460>,<entities.processor.Processor object at 0x111676820>
50.91581000000057,0.21788000000000096,40689,<entities.dtn.DTN object at 0x11166d460>,<entities.processor.Processor object at 0x111676820>
50.91666000000057,0.21788000000000096,40689,<entities.dtn.DTN object at 0x11166d460>,<entities.processor.Processor object at 0x111676820>
50.91751000000057,0.21788000000000096,40689,<entities.dtn.DTN object at 0x11166d460>,<entities.processor.Processor object at 0x111676820>
51.13366000000057,0.21788000000000096,40689,<entities.dtn.DTN object at 0x11166d460>,<entities.processor.Processor object at 0x111676820>
51.13451000000057,0.21788000000000096,40689,<entities.dtn.DTN object at 0x11166d460>,<entities.processor.Processor object at 0x111676820>
51.13536000000057,0.21788000000000096,40689,<entities.dtn.DTN object at 0x11166d460>,<entities.processor.Processor object at 0x111676820>
51.351510000000566,0.21788000000000096,40689,<entities.dtn.DTN object at 0x11166d460>,<entities.processor.Processor object at 0x111676820>
51.352360000000566,0.21788000000000096,40689,<entities.dtn.DTN object at 0x11166d460>,<entities.processor.Processor object at 0x111676820>
51.353210000000566,0.21788000000000096,40689,<entities.dtn.DTN object at 0x11166d460>,<entities.processor.Processor object at 0x111676820>
51.569360000000565,0.21788000000000096,40689,<entities.dtn.DTN object at 0x11166d460>,<entities.processor.Processor object at 0x111676820>
51.570210000000564,0.21788000000000096,40689,<entities.dtn.DTN object at 0x11166d460>,<entities.processor.Processor object at 0x111676820>
51.571060000000564,0.21788000000000096,40689,<entities.dtn.DTN object at 0x11166d460>,<entities.processor.Processor object at 0x111676820>
51.78721000000056,0.21788000000000096,40689,<entities.dtn.DTN object at 0x11166d460>,<entities.processor.Processor object at 0x111676820>
51.78806000000056,0.21788000000000096,40689,<entities.dtn.DTN object at 0x11166d460>,<entities.processor.Processor object at 0x111676820>
51.78891000000056,0.21788000000000096,40689,<entities.dtn.DTN object at 0x11166d460>,<entities.processor.Processor object at 0x111676820>
52.00506000000056,0.21788000000000096,40689,<entities.dtn.DTN object at 0x11166d460>,<entities.processor.Processor object at 0x111676820>
52.00591000000056,0.21788000000000096,40689,<entities.dtn.DTN object at 0x11166d460>,<entities.processor.Processor object at 0x111676820>
52.00676000000056,0.21788000000000096,40689,<entities.dtn.DTN object at 0x11166d460>,<entities.processor.Processor object at 0x111676820>
52.22291000000056,0.21788000000000096,40689,<entities.dtn.DTN object at 0x11166d460>,<entities.processor.Processor object at 0x111676820>
52.32376000000056,0.3178800000000024,40689,<entities.dtn.DTN object at 0x11166d460>,<entities.processor.Processor object at 0x111676820>
52.32461000000056,0.3178800000000024,40689,<entities.dtn.DTN object at 0x11166d460>,<entities.processor.Processor object at 0x111676820>
52.54076000000056,0.3178800000000024,40689,<entities.dtn.DTN object at 0x11166d460>,<entities.processor.Processor object at 0x111676820>
52.54161000000056,0.21788000000000096,40689,<entities.dtn.DTN object at 0x11166d460>,<entities.processor.Processor object at 0x111676820>
52.54246000000056,0.21788000000000096,40689,<entities.dtn.DTN object at 0x11166d460>,<entities.processor.Processor object at 0x111676820>
52.85861000000056,0.3178800000000024,40689,<entities.dtn.DTN object at 0x11166d460>,<entities.processor.Processor object at 0x111676820>
52.85946000000056,0.3178800000000024,40689,<entities.dtn.DTN object at 0x11166d460>,<entities.processor.Processor object at 0x111676820>
52.86031000000056,0.3178800000000024,40689,<entities.dtn.DTN object at 0x11166d460>,<entities.processor.Processor object at 0x111676820>
53.17646000000056,0.3178800000000024,40689,<entities.dtn.DTN object at 0x11166d460>,<entities.processor.Processor object at 0x111676820>
53.17731000000056,0.3178800000000024,40689,<entities.dtn.DTN object at 0x11166d460>,<entities.processor.Processor object at 0x111676820>
53.17816000000056,0.3178800000000024,40689,<entities.dtn.DTN object at 0x11166d460>,<entities.processor.Processor object at 0x111676820>
53.59431000000056,0.4178800000000038,40689,<entities.dtn.DTN object at 0x11166d460>,<entities.processor.Processor object at 0x111676820>
53.69516000000056,0.5178800000000052,40689,<entities.dtn.DTN object at 0x11166d460>,<entities.processor.Processor object at 0x111676820>
53.69601000000056,0.5178800000000052,40689,<entities.dtn.DTN object at 0x11166d460>,<entities.processor.Processor object at 0x111676820>
54.212160000000566,0.6178800000000066,40689,<entities.dtn.DTN object at 0x11166d460>,<entities.processor.Processor object at 0x111676820>
54.31301000000057,0.6178800000000066,40689,<entities.dtn.DTN object at 0x11166d460>,<entities.processor.Processor object at 0x111676820>
54.31386000000057,0.6178800000000066,40689,<entities.dtn.DTN object at 0x11166d460>,<entities.processor.Processor object at 0x111676820>
54.530010000000566,0.3178800000000024,40689,<entities.dtn.DTN object at 0x11166d460>,<entities.processor.Processor object at 0x111676820>
54.530860000000565,0.21788000000000096,40689,<entities.dtn.DTN object at 0x11166d460>,<entities.processor.Processor object at 0x111676820>
54.531710000000565,0.21788000000000096,40689,<entities.dtn.DTN object at 0x11166d460>,<entities.processor.Processor object at 0x111676820>
54.747860000000564,0.21788000000000096,40689,<entities.dtn.DTN object at 0x11166d460>,<entities.processor.Processor object at 0x111676820>
54.748710000000564,0.21788000000000096,40689,<entities.dtn.DTN object at 0x11166d460>,<entities.processor.Processor object at 0x111676820>
54.749560000000564,0.21788000000000096,40689,<entities.dtn.DTN object at 0x11166d460>,<entities.processor.Processor object at 0x111676820>
54.96571000000056,0.21788000000000096,40689,<entities.dtn.DTN object at 0x11166d460>,<entities.processor.Processor object at 0x111676820>
54.96656000000056,0.21788000000000096,40689,<entities.dtn.DTN object at 0x11166d460>,<entities.processor.Processor object at 0x111676820>
54.96741000000056,0.21788000000000096,40689,<entities.dtn.DTN object at 0x11166d460>,<entities.processor.Processor object at 0x111676820>
55.18356000000056,0.21788000000000096,40689,<entities.dtn.DTN object at 0x11166d460>,<entities.processor.Processor object at 0x111676820>
55.18441000000056,0.21788000000000096,40689,<entities.dtn.DTN object at 0x11166d460>,<entities.processor.Processor object at 0x111676820>
55.18526000000056,0.21788000000000096,40689,<entities.dtn.DTN object at 0x11166d460>,<entities.processor.Processor object at 0x111676820>
55.40141000000056,0.21788000000000096,40689,<entities.dtn.DTN object at 0x11166d460>,<entities.processor.Processor object at 0x111676820>
55.40226000000056,0.21788000000000096,40689,<entities.dtn.DTN object at 0x11166d460>,<entities.processor.Processor object at 0x111676820>
55.40311000000056,0.21788000000000096,40689,<entities.dtn.DTN object at 0x11166d460>,<entities.processor.Processor object at 0x111676820>
55.61926000000056,0.21788000000000096,40689,<entities.dtn.DTN object at 0x11166d460>,<entities.processor.Processor object at 0x111676820>
55.62011000000056,0.21788000000000096,40689,<entities.dtn.DTN object at 0x11166d460>,<entities.processor.Processor object at 0x111676820>
55.62096000000056,0.21788000000000096,40689,<entities.dtn.DTN object at 0x11166d460>,<entities.processor.Processor object at 0x111676820>
55.83711000000056,0.21788000000000096,40689,<entities.dtn.DTN object at 0x11166d460>,<entities.processor.Processor object at 0x111676820>
55.83796000000056,0.21788000000000096,40689,<entities.dtn.DTN object at 0x11166d460>,<entities.processor.Processor object at 0x111676820>
55.83881000000056,0.21788000000000096,40689,<entities.dtn.DTN object at 0x11166d460>,<entities.processor.Processor object at 0x111676820>
56.054960000000555,0.21788000000000096,40689,<entities.dtn.DTN object at 0x11166d460>,<entities.processor.Processor object at 0x111676820>
56.055810000000555,0.21788000000000096,40689,<entities.dtn.DTN object at 0x11166d460>,<entities.processor.Processor object at 0x111676820>
56.056660000000555,0.21788000000000096,40689,<entities.dtn.DTN object at 0x11166d460>,<entities.processor.Processor object at 0x111676820>
56.272810000000554,0.21788000000000096,40689,<entities.dtn.DTN object at 0x11166d460>,<entities.processor.Processor object at 0x111676820>
56.273660000000554,0.21788000000000096,40689,<entities.dtn.DTN object at 0x11166d460>,<entities.processor.Processor object at 0x111676820>
56.274510000000554,0.21788000000000096,40689,<entities.dtn.DTN object at 0x11166d460>,<entities.processor.Processor object at 0x111676820>
56.49066000000055,0.21788000000000096,40689,<entities.dtn.DTN object at 0x11166d460>,<entities.processor.Processor object at 0x111676820>
56.49151000000055,0.21788000000000096,40689,<entities.dtn.DTN object at 0x11166d460>,<entities.processor.Processor object at 0x111676820>
56.49236000000055,0.21788000000000096,40689,<entities.dtn.DTN object at 0x11166d460>,<entities.processor.Processor object at 0x111676820>
56.70851000000055,0.21788000000000096,40689,<entities.dtn.DTN object at 0x11166d460>,<entities.processor.Processor object at 0x111676820>
56.70936000000055,0.21788000000000096,40689,<entities.dtn.DTN object at 0x11166d460>,<entities.processor.Processor object at 0x111676820>
56.71021000000055,0.21788000000000096,40689,<entities.dtn.DTN object at 0x11166d460>,<entities.processor.Processor object at 0x111676820>
56.92636000000055,0.21788000000000096,40689,<entities.dtn.DTN object at 0x11166d460>,<entities.processor.Processor object at 0x111676820>
56.92721000000055,0.21788000000000096,40689,<entities.dtn.DTN object at 0x11166d460>,<entities.processor.Processor object at 0x111676820>
56.92806000000055,0.21788000000000096,40689,<entities.dtn.DTN object at 0x11166d460>,<entities.processor.Processor object at 0x111676820>
57.04421000000055,0.11787999999999954,40689,<entities.dtn.DTN object at 0x11166d460>,<entities.processor.Processor object at 0x111676820>
57.14506000000055,0.21788000000000096,40689,<entities.dtn.DTN object at 0x11166d460>,<entities.processor.Processor object at 0x111676820>
57.14591000000055,0.21788000000000096,40689,<entities.dtn.DTN object at 0x11166d460>,<entities.processor.Processor object at 0x111676820>
57.36206000000055,0.3178800000000024,40689,<entities.dtn.DTN object at 0x11166d460>,<entities.processor.Processor object at 0x111676820>
57.36291000000055,0.21788000000000096,40689,<entities.dtn.DTN object at 0x11166d460>,<entities.processor.Processor object at 0x111676820>
57.363760000000546,0.21788000000000096,40689,<entities.dtn.DTN object at 0x11166d460>,<entities.processor.Processor object at 0x111676820>
57.47586000000054,0.11382999999999299,40689,<entities.dtn.DTN object at 0x11166d460>,<entities.processor.Processor object at 0x111676820>
57.47671000000054,0.11382999999999299,40689,<entities.dtn.DTN object at 0x11166d460>,<entities.processor.Processor object at 0x111676820>
57.57756000000054,0.2138299999999944,40689,<entities.dtn.DTN object at 0x11166d460>,<entities.processor.Processor object at 0x111676820>
57.68606000000054,0.2102300000000028,40689,<entities.dtn.DTN object at 0x11166d460>,<entities.processor.Processor object at 0x111676820>
57.68691000000054,0.2102300000000028,40689,<entities.dtn.DTN object at 0x11166d460>,<entities.processor.Processor object at 0x111676820>
57.68776000000054,0.11023000000000138,40689,<entities.dtn.DTN object at 0x11166d460>,<entities.processor.Processor object at 0x111676820>
57.79371000000054,0.107680000000002,40689,<entities.dtn.DTN object at 0x11166d460>,<entities.processor.Processor object at 0x111676820>
57.794530000000535,0.10764999999999958,40689,<entities.dtn.DTN object at 0x11166d460>,<entities.processor.Processor object at 0x111676820>
57.795380000000534,0.10764999999999958,40689,<entities.dtn.DTN object at 0x11166d460>,<entities.processor.Processor object at 0x111676820>
57.897930000000535,0.1042500000000004,40689,<entities.dtn.DTN object at 0x11166d460>,<entities.processor.Processor object at 0x111676820>
39.97349000000063,0.12399000000000626,20603,<entities.dtn.DTN object at 0x11166d460>,<entities.processor.Processor object at 0x111676820>
40.18624000000063,0.2128100000000046,20603,<entities.dtn.DTN object at 0x11166d460>,<entities.processor.Processor object at 0x111676820>
40.18709000000063,0.21363000000000198,20603,<entities.dtn.DTN object at 0x11166d460>,<entities.processor.Processor object at 0x111676820>
40.29984000000063,0.11366000000000298,20603,<entities.dtn.DTN object at 0x11166d460>,<entities.processor.Processor object at 0x111676820>
40.30069000000063,0.11448000000000036,20603,<entities.dtn.DTN object at 0x11166d460>,<entities.processor.Processor object at 0x111676820>
40.30154000000063,0.11451000000000278,20603,<entities.dtn.DTN object at 0x11166d460>,<entities.processor.Processor object at 0x111676820>
40.40239000000063,0.21533000000000158,20603,<entities.dtn.DTN object at 0x11166d460>,<entities.processor.Processor object at 0x111676820>
40.51514000000063,0.215360000000004,20603,<entities.dtn.DTN object at 0x11166d460>,<entities.processor.Processor object at 0x111676820>
40.51599000000063,0.21618000000000137,20603,<entities.dtn.DTN object at 0x11166d460>,<entities.processor.Processor object at 0x111676820>
40.51684000000063,0.2162100000000038,20603,<entities.dtn.DTN object at 0x11166d460>,<entities.processor.Processor object at 0x111676820>
40.51769000000063,0.21703000000000117,20603,<entities.dtn.DTN object at 0x11166d460>,<entities.processor.Processor object at 0x111676820>
40.51854000000063,0.21706000000000358,20603,<entities.dtn.DTN object at 0x11166d460>,<entities.processor.Processor object at 0x111676820>
40.51939000000063,0.21788000000000096,20603,<entities.dtn.DTN object at 0x11166d460>,<entities.processor.Processor object at 0x111676820>
40.520240000000626,0.11791000000000196,20603,<entities.dtn.DTN object at 0x11166d460>,<entities.processor.Processor object at 0x111676820>
40.62109000000063,0.21873000000000076,20603,<entities.dtn.DTN object at 0x11166d460>,<entities.processor.Processor object at 0x111676820>
40.733840000000626,0.21876000000000317,20603,<entities.dtn.DTN object at 0x11166d460>,<entities.processor.Processor object at 0x111676820>
40.734690000000626,0.21958000000000055,20603,<entities.dtn.DTN object at 0x11166d460>,<entities.processor.Processor object at 0x111676820>
40.735540000000626,0.21961000000000297,20603,<entities.dtn.DTN object at 0x11166d460>,<entities.processor.Processor object at 0x111676820>
40.736390000000625,0.22043000000000035,20603,<entities.dtn.DTN object at 0x11166d460>,<entities.processor.Processor object at 0x111676820>
40.737240000000625,0.22046000000000276,20603,<entities.dtn.DTN object at 0x11166d460>,<entities.processor.Processor object at 0x111676820>
40.738090000000625,0.22128000000000014,20603,<entities.dtn.DTN object at 0x11166d460>,<entities.processor.Processor object at 0x111676820>
40.838940000000626,0.321310000000004,20603,<entities.dtn.DTN object at 0x11166d460>,<entities.processor.Processor object at 0x111676820>
40.839790000000626,0.32213000000000136,20603,<entities.dtn.DTN object at 0x11166d460>,<entities.processor.Processor object at 0x111676820>
40.840640000000626,0.3221600000000038,20603,<entities.dtn.DTN object at 0x11166d460>,<entities.processor.Processor object at 0x111676820>
40.841490000000626,0.32298000000000116,20603,<entities.dtn.DTN object at 0x11166d460>,<entities.processor.Processor object at 0x111676820>
40.842340000000625,0.32301000000000357,20603,<entities.dtn.DTN object at 0x11166d460>,<entities.processor.Processor object at 0x111676820>
40.843190000000625,0.32383000000000095,20603,<entities.dtn.DTN object at 0x11166d460>,<entities.processor.Processor object at 0x111676820>
40.844040000000625,0.32386000000000337,20603,<entities.dtn.DTN object at 0x11166d460>,<entities.processor.Processor object at 0x111676820>
40.844890000000625,0.32468000000000075,20603,<entities.dtn.DTN object at 0x11166d460>,<entities.processor.Processor object at 0x111676820>
40.845740000000625,0.22471000000000174,20603,<entities.dtn.DTN object at 0x11166d460>,<entities.processor.Processor object at 0x111676820>
40.846590000000624,0.22552999999999912,20603,<entities.dtn.DTN object at 0x11166d460>,<entities.processor.Processor object at 0x111676820>
41.059340000000624,0.32556000000000296,20603,<entities.dtn.DTN object at 0x11166d460>,<entities.processor.Processor object at 0x111676820>
41.060190000000624,0.32638000000000034,20603,<entities.dtn.DTN object at 0x11166d460>,<entities.processor.Processor object at 0x111676820>
41.061040000000624,0.32641000000000275,20603,<entities.dtn.DTN object at 0x11166d460>,<entities.processor.Processor object at 0x111676820>
41.06189000000062,0.32723000000000013,20603,<entities.dtn.DTN object at 0x11166d460>,<entities.processor.Processor object at 0x111676820>
41.06274000000062,0.32726000000000255,20603,<entities.dtn.DTN object at 0x11166d460>,<entities.processor.Processor object at 0x111676820>
41.06359000000062,0.3280799999999999,20603,<entities.dtn.DTN object at 0x11166d460>,<entities.processor.Processor object at 0x111676820>
41.06444000000062,0.32811000000000234,20603,<entities.dtn.DTN object at 0x11166d460>,<entities.processor.Processor object at 0x111676820>
41.06529000000062,0.3289299999999997,20603,<entities.dtn.DTN object at 0x11166d460>,<entities.processor.Processor object at 0x111676820>
41.166140000000624,0.42896000000000356,20603,<entities.dtn.DTN object at 0x11166d460>,<entities.processor.Processor object at 0x111676820>
41.166990000000624,0.42978000000000094,20603,<entities.dtn.DTN object at 0x11166d460>,<entities.processor.Processor object at 0x111676820>
41.16784000000062,0.42981000000000336,20603,<entities.dtn.DTN object at 0x11166d460>,<entities.processor.Processor object at 0x111676820>
41.16869000000062,0.43063000000000073,20603,<entities.dtn.DTN object at 0x11166d460>,<entities.processor.Processor object at 0x111676820>
41.16954000000062,0.33066000000000173,20603,<entities.dtn.DTN object at 0x11166d460>,<entities.processor.Processor object at 0x111676820>
41.17039000000062,0.3314799999999991,20603,<entities.dtn.DTN object at 0x11166d460>,<entities.processor.Processor object at 0x111676820>
41.17124000000062,0.3315100000000015,20603,<entities.dtn.DTN object at 0x11166d460>,<entities.processor.Processor object at 0x111676820>
41.17209000000062,0.3323299999999989,20603,<entities.dtn.DTN object at 0x11166d460>,<entities.processor.Processor object at 0x111676820>
41.17294000000062,0.3323600000000013,20603,<entities.dtn.DTN object at 0x11166d460>,<entities.processor.Processor object at 0x111676820>
41.17379000000062,0.3331799999999987,20603,<entities.dtn.DTN object at 0x11166d460>,<entities.processor.Processor object at 0x111676820>
41.17464000000062,0.3332100000000011,20603,<entities.dtn.DTN object at 0x11166d460>,<entities.processor.Processor object at 0x111676820>
41.27549000000062,0.4340299999999999,20603,<entities.dtn.DTN object at 0x11166d460>,<entities.processor.Processor object at 0x111676820>
41.27634000000062,0.43406000000000233,20603,<entities.dtn.DTN object at 0x11166d460>,<entities.processor.Processor object at 0x111676820>
41.27719000000062,0.4348799999999997,20603,<entities.dtn.DTN object at 0x11166d460>,<entities.processor.Processor object at 0x111676820>
41.27804000000062,0.43491000000000213,20603,<entities.dtn.DTN object at 0x11166d460>,<entities.processor.Processor object at 0x111676820>
41.27889000000062,0.4357299999999995,20603,<entities.dtn.DTN object at 0x11166d460>,<entities.processor.Processor object at 0x111676820>
41.27974000000062,0.4357600000000019,20603,<entities.dtn.DTN object at 0x11166d460>,<entities.processor.Processor object at 0x111676820>
41.28059000000062,0.4365799999999993,20603,<entities.dtn.DTN object at 0x11166d460>,<entities.processor.Processor object at 0x111676820>
41.28144000000062,0.4366100000000017,20603,<entities.dtn.DTN object at 0x11166d460>,<entities.processor.Processor object at 0x111676820>
41.28229000000062,0.4374299999999991,20603,<entities.dtn.DTN object at 0x11166d460>,<entities.processor.Processor object at 0x111676820>
41.28314000000062,0.4374600000000015,20603,<entities.dtn.DTN object at 0x11166d460>,<entities.processor.Processor object at 0x111676820>
41.28399000000062,0.4382799999999989,20603,<entities.dtn.DTN object at 0x11166d460>,<entities.processor.Processor object at 0x111676820>
41.38484000000062,0.5383100000000027,20603,<entities.dtn.DTN object at 0x11166d460>,<entities.processor.Processor object at 0x111676820>
41.38569000000062,0.5391300000000001,20603,<entities.dtn.DTN object at 0x11166d460>,<entities.processor.Processor object at 0x111676820>
41.49844000000062,0.4391600000000011,20603,<entities.dtn.DTN object at 0x11166d460>,<entities.processor.Processor object at 0x111676820>
41.49926000000062,0.43994999999999607,20603,<entities.dtn.DTN object at 0x11166d460>,<entities.processor.Processor object at 0x111676820>
41.50011000000062,0.4399799999999985,20603,<entities.dtn.DTN object at 0x11166d460>,<entities.processor.Processor object at 0x111676820>
41.50096000000062,0.44079999999999586,20603,<entities.dtn.DTN object at 0x11166d460>,<entities.processor.Processor object at 0x111676820>
41.50181000000062,0.4408299999999983,20603,<entities.dtn.DTN object at 0x11166d460>,<entities.processor.Processor object at 0x111676820>
41.60266000000062,0.5416499999999971,20603,<entities.dtn.DTN object at 0x11166d460>,<entities.processor.Processor object at 0x111676820>
41.60351000000062,0.5416799999999995,20603,<entities.dtn.DTN object at 0x11166d460>,<entities.processor.Processor object at 0x111676820>
41.60436000000062,0.5424999999999969,20603,<entities.dtn.DTN object at 0x11166d460>,<entities.processor.Processor object at 0x111676820>
41.60521000000062,0.5425299999999993,20603,<entities.dtn.DTN object at 0x11166d460>,<entities.processor.Processor object at 0x111676820>
41.60606000000062,0.5433499999999967,20603,<entities.dtn.DTN object at 0x11166d460>,<entities.processor.Processor object at 0x111676820>
41.60691000000062,0.5433799999999991,20603,<entities.dtn.DTN object at 0x11166d460>,<entities.processor.Processor object at 0x111676820>
41.60776000000062,0.5441999999999965,20603,<entities.dtn.DTN object at 0x11166d460>,<entities.processor.Processor object at 0x111676820>
41.60861000000062,0.5442299999999989,20603,<entities.dtn.DTN object at 0x11166d460>,<entities.processor.Processor object at 0x111676820>
41.60946000000062,0.5450499999999963,20603,<entities.dtn.DTN object at 0x11166d460>,<entities.processor.Processor object at 0x111676820>
41.61031000000062,0.5450799999999987,20603,<entities.dtn.DTN object at 0x11166d460>,<entities.processor.Processor object at 0x111676820>
41.611160000000616,0.545899999999996,20603,<entities.dtn.DTN object at 0x11166d460>,<entities.processor.Processor object at 0x111676820>
41.71201000000062,0.5459299999999985,20603,<entities.dtn.DTN object at 0x11166d460>,<entities.processor.Processor object at 0x111676820>
41.71286000000062,0.5467499999999959,20603,<entities.dtn.DTN object at 0x11166d460>,<entities.processor.Processor object at 0x111676820>
41.71371000000062,0.5467799999999983,20603,<entities.dtn.DTN object at 0x11166d460>,<entities.processor.Processor object at 0x111676820>
41.71456000000062,0.5475999999999956,20603,<entities.dtn.DTN object at 0x11166d460>,<entities.processor.Processor object at 0x111676820>
41.71544000000062,0.5476600000000005,20603,<entities.dtn.DTN object at 0x11166d460>,<entities.processor.Processor object at 0x111676820>
41.71626000000062,0.5484499999999954,20603,<entities.dtn.DTN object at 0x11166d460>,<entities.processor.Processor object at 0x111676820>
41.717110000000616,0.5484799999999979,20603,<entities.dtn.DTN object at 0x11166d460>,<entities.processor.Processor object at 0x111676820>
41.717960000000616,0.5492999999999952,20603,<entities.dtn.DTN object at 0x11166d460>,<entities.processor.Processor object at 0x111676820>
41.718810000000616,0.5493299999999977,20603,<entities.dtn.DTN object at 0x11166d460>,<entities.processor.Processor object at 0x111676820>
41.719660000000616,0.550149999999995,20603,<entities.dtn.DTN object at 0x11166d460>,<entities.processor.Processor object at 0x111676820>
41.720510000000615,0.5501799999999974,20603,<entities.dtn.DTN object at 0x11166d460>,<entities.processor.Processor object at 0x111676820>
41.82136000000062,0.6509999999999962,20603,<entities.dtn.DTN object at 0x11166d460>,<entities.processor.Processor object at 0x111676820>
41.82221000000062,0.6510299999999987,20603,<entities.dtn.DTN object at 0x11166d460>,<entities.processor.Processor object at 0x111676820>
41.823060000000616,0.651849999999996,20603,<entities.dtn.DTN object at 0x11166d460>,<entities.processor.Processor object at 0x111676820>
41.823910000000616,0.6518799999999985,20603,<entities.dtn.DTN object at 0x11166d460>,<entities.processor.Processor object at 0x111676820>
41.824760000000616,0.6526999999999958,20603,<entities.dtn.DTN object at 0x11166d460>,<entities.processor.Processor object at 0x111676820>
41.825610000000616,0.6527299999999983,20603,<entities.dtn.DTN object at 0x11166d460>,<entities.processor.Processor object at 0x111676820>
41.826460000000615,0.6535499999999956,20603,<entities.dtn.DTN object at 0x11166d460>,<entities.processor.Processor object at 0x111676820>
41.827310000000615,0.653579999999998,20603,<entities.dtn.DTN object at 0x11166d460>,<entities.processor.Processor object at 0x111676820>
41.828160000000615,0.6543999999999954,20603,<entities.dtn.DTN object at 0x11166d460>,<entities.processor.Processor object at 0x111676820>
41.829010000000615,0.6544299999999978,20603,<entities.dtn.DTN object at 0x11166d460>,<entities.processor.Processor object at 0x111676820>
41.829860000000615,0.6552499999999952,20603,<entities.dtn.DTN object at 0x11166d460>,<entities.processor.Processor object at 0x111676820>
41.930710000000616,0.6552799999999976,20603,<entities.dtn.DTN object at 0x11166d460>,<entities.processor.Processor object at 0x111676820>
41.931560000000616,0.656099999999995,20603,<entities.dtn.DTN object at 0x11166d460>,<entities.processor.Processor object at 0x111676820>
41.93244000000062,0.6561599999999999,20603,<entities.dtn.DTN object at 0x11166d460>,<entities.processor.Processor object at 0x111676820>
41.933260000000615,0.6569499999999948,20603,<entities.dtn.DTN object at 0x11166d460>,<entities.processor.Processor object at 0x111676820>
41.934110000000615,0.6569799999999972,20603,<entities.dtn.DTN object at 0x11166d460>,<entities.processor.Processor object at 0x111676820>
41.934960000000615,0.6577999999999946,20603,<entities.dtn.DTN object at 0x11166d460>,<entities.processor.Processor object at 0x111676820>
41.935810000000615,0.657829999999997,20603,<entities.dtn.DTN object at 0x11166d460>,<entities.processor.Processor object at 0x111676820>
41.936660000000614,0.6586499999999944,20603,<entities.dtn.DTN object at 0x11166d460>,<entities.processor.Processor object at 0x111676820>
41.937510000000614,0.6586799999999968,20603,<entities.dtn.DTN object at 0x11166d460>,<entities.processor.Processor object at 0x111676820>
41.938360000000614,0.6594999999999942,20603,<entities.dtn.DTN object at 0x11166d460>,<entities.processor.Processor object at 0x111676820>
42.039210000000615,0.759529999999998,20603,<entities.dtn.DTN object at 0x11166d460>,<entities.processor.Processor object at 0x111676820>
42.040060000000615,0.7603499999999954,20603,<entities.dtn.DTN object at 0x11166d460>,<entities.processor.Processor object at 0x111676820>
42.040910000000615,0.7603799999999978,20603,<entities.dtn.DTN object at 0x11166d460>,<entities.processor.Processor object at 0x111676820>
42.041760000000615,0.7611999999999952,20603,<entities.dtn.DTN object at 0x11166d460>,<entities.processor.Processor object at 0x111676820>
42.042610000000614,0.7612299999999976,20603,<entities.dtn.DTN object at 0x11166d460>,<entities.processor.Processor object at 0x111676820>
42.043460000000614,0.762049999999995,20603,<entities.dtn.DTN object at 0x11166d460>,<entities.processor.Processor object at 0x111676820>
42.044310000000614,0.7620799999999974,20603,<entities.dtn.DTN object at 0x11166d460>,<entities.processor.Processor object at 0x111676820>
42.045160000000614,0.7628999999999948,20603,<entities.dtn.DTN object at 0x11166d460>,<entities.processor.Processor object at 0x111676820>
42.046010000000614,0.7629299999999972,20603,<entities.dtn.DTN object at 0x11166d460>,<entities.processor.Processor object at 0x111676820>
42.04686000000061,0.7637499999999946,20603,<entities.dtn.DTN object at 0x11166d460>,<entities.processor.Processor object at 0x111676820>
42.04771000000061,0.763779999999997,20603,<entities.dtn.DTN object at 0x11166d460>,<entities.processor.Processor object at 0x111676820>
42.148560000000614,0.8645999999999958,20603,<entities.dtn.DTN object at 0x11166d460>,<entities.processor.Processor object at 0x111676820>
42.14944000000062,0.7646599999999992,20603,<entities.dtn.DTN object at 0x11166d460>,<entities.processor.Processor object at 0x111676820>
42.150260000000614,0.7654499999999942,20603,<entities.dtn.DTN object at 0x11166d460>,<entities.processor.Processor object at 0x111676820>
42.151110000000614,0.7654799999999966,20603,<entities.dtn.DTN object at 0x11166d460>,<entities.processor.Processor object at 0x111676820>
42.151960000000614,0.766299999999994,20603,<entities.dtn.DTN object at 0x11166d460>,<entities.processor.Processor object at 0x111676820>
42.26471000000061,0.7663299999999964,20603,<entities.dtn.DTN object at 0x11166d460>,<entities.processor.Processor object at 0x111676820>
42.26556000000061,0.7671499999999938,20603,<entities.dtn.DTN object at 0x11166d460>,<entities.processor.Processor object at 0x111676820>
42.26641000000061,0.7671799999999962,20603,<entities.dtn.DTN object at 0x11166d460>,<entities.processor.Processor object at 0x111676820>
42.36726000000061,0.8671799999999976,20603,<entities.dtn.DTN object at 0x11166d460>,<entities.processor.Processor object at 0x111676820>
42.36811000000061,0.8671799999999976,20603,<entities.dtn.DTN object at 0x11166d460>,<entities.processor.Processor object at 0x111676820>
42.36893000000061,0.8671499999999952,20603,<entities.dtn.DTN object at 0x11166d460>,<entities.processor.Processor object at 0x111676820>
42.36978000000061,0.7671499999999938,20603,<entities.dtn.DTN object at 0x11166d460>,<entities.processor.Processor object at 0x111676820>
42.37063000000061,0.7671499999999938,20603,<entities.dtn.DTN object at 0x11166d460>,<entities.processor.Processor object at 0x111676820>
42.37148000000061,0.7671499999999938,20603,<entities.dtn.DTN object at 0x11166d460>,<entities.processor.Processor object at 0x111676820>
42.37233000000061,0.7671499999999938,20603,<entities.dtn.DTN object at 0x11166d460>,<entities.processor.Processor object at 0x111676820>
42.37318000000061,0.7671499999999938,20603,<entities.dtn.DTN object at 0x11166d460>,<entities.processor.Processor object at 0x111676820>
42.37403000000061,0.7671499999999938,20603,<entities.dtn.DTN object at 0x11166d460>,<entities.processor.Processor object at 0x111676820>
42.37488000000061,0.7671499999999938,20603,<entities.dtn.DTN object at 0x11166d460>,<entities.processor.Processor object at 0x111676820>
42.47573000000061,0.8671499999999952,20603,<entities.dtn.DTN object at 0x11166d460>,<entities.processor.Processor object at 0x111676820>
42.47658000000061,0.8671499999999952,20603,<entities.dtn.DTN object at 0x11166d460>,<entities.processor.Processor object at 0x111676820>
42.47743000000061,0.8671499999999952,20603,<entities.dtn.DTN object at 0x11166d460>,<entities.processor.Processor object at 0x111676820>
42.47828000000061,0.8671499999999952,20603,<entities.dtn.DTN object at 0x11166d460>,<entities.processor.Processor object at 0x111676820>
42.47913000000061,0.7671499999999938,20603,<entities.dtn.DTN object at 0x11166d460>,<entities.processor.Processor object at 0x111676820>
42.47998000000061,0.7671499999999938,20603,<entities.dtn.DTN object at 0x11166d460>,<entities.processor.Processor object at 0x111676820>
42.48083000000061,0.7671499999999938,20603,<entities.dtn.DTN object at 0x11166d460>,<entities.processor.Processor object at 0x111676820>
42.48168000000061,0.7671499999999938,20603,<entities.dtn.DTN object at 0x11166d460>,<entities.processor.Processor object at 0x111676820>
42.48253000000061,0.7671499999999938,20603,<entities.dtn.DTN object at 0x11166d460>,<entities.processor.Processor object at 0x111676820>
42.48338000000061,0.7679699999999912,20603,<entities.dtn.DTN object at 0x11166d460>,<entities.processor.Processor object at 0x111676820>
42.48423000000061,0.7679999999999936,20603,<entities.dtn.DTN object at 0x11166d460>,<entities.processor.Processor object at 0x111676820>
42.58508000000061,0.867999999999995,20603,<entities.dtn.DTN object at 0x11166d460>,<entities.processor.Processor object at 0x111676820>
42.58593000000061,0.867999999999995,20603,<entities.dtn.DTN object at 0x11166d460>,<entities.processor.Processor object at 0x111676820>
42.58678000000061,0.867999999999995,20603,<entities.dtn.DTN object at 0x11166d460>,<entities.processor.Processor object at 0x111676820>
42.58763000000061,0.867999999999995,20603,<entities.dtn.DTN object at 0x11166d460>,<entities.processor.Processor object at 0x111676820>
42.58848000000061,0.867999999999995,20603,<entities.dtn.DTN object at 0x11166d460>,<entities.processor.Processor object at 0x111676820>
42.58933000000061,0.7679999999999936,20603,<entities.dtn.DTN object at 0x11166d460>,<entities.processor.Processor object at 0x111676820>
42.59018000000061,0.7679999999999936,20603,<entities.dtn.DTN object at 0x11166d460>,<entities.processor.Processor object at 0x111676820>
42.59103000000061,0.7679999999999936,20603,<entities.dtn.DTN object at 0x11166d460>,<entities.processor.Processor object at 0x111676820>
42.59188000000061,0.7679999999999936,20603,<entities.dtn.DTN object at 0x11166d460>,<entities.processor.Processor object at 0x111676820>
42.59273000000061,0.7679999999999936,20603,<entities.dtn.DTN object at 0x11166d460>,<entities.processor.Processor object at 0x111676820>
42.59358000000061,0.7679999999999936,20603,<entities.dtn.DTN object at 0x11166d460>,<entities.processor.Processor object at 0x111676820>
42.69443000000061,0.867999999999995,20603,<entities.dtn.DTN object at 0x11166d460>,<entities.processor.Processor object at 0x111676820>
42.69528000000061,0.867999999999995,20603,<entities.dtn.DTN object at 0x11166d460>,<entities.processor.Processor object at 0x111676820>
42.69613000000061,0.867999999999995,20603,<entities.dtn.DTN object at 0x11166d460>,<entities.processor.Processor object at 0x111676820>
42.69698000000061,0.867999999999995,20603,<entities.dtn.DTN object at 0x11166d460>,<entities.processor.Processor object at 0x111676820>
42.69783000000061,0.867999999999995,20603,<entities.dtn.DTN object at 0x11166d460>,<entities.processor.Processor object at 0x111676820>
42.69868000000061,0.7679999999999936,20603,<entities.dtn.DTN object at 0x11166d460>,<entities.processor.Processor object at 0x111676820>
42.69953000000061,0.7679999999999936,20603,<entities.dtn.DTN object at 0x11166d460>,<entities.processor.Processor object at 0x111676820>
42.70038000000061,0.7679999999999936,20603,<entities.dtn.DTN object at 0x11166d460>,<entities.processor.Processor object at 0x111676820>
42.701230000000606,0.768819999999991,20603,<entities.dtn.DTN object at 0x11166d460>,<entities.processor.Processor object at 0x111676820>
42.702080000000606,0.7688499999999934,20603,<entities.dtn.DTN object at 0x11166d460>,<entities.processor.Processor object at 0x111676820>
42.702930000000606,0.7688499999999934,20603,<entities.dtn.DTN object at 0x11166d460>,<entities.processor.Processor object at 0x111676820>
42.80378000000061,0.8688499999999948,20603,<entities.dtn.DTN object at 0x11166d460>,<entities.processor.Processor object at 0x111676820>
42.80463000000061,0.8688499999999948,20603,<entities.dtn.DTN object at 0x11166d460>,<entities.processor.Processor object at 0x111676820>
42.80548000000061,0.8688499999999948,20603,<entities.dtn.DTN object at 0x11166d460>,<entities.processor.Processor object at 0x111676820>
42.80633000000061,0.8688499999999948,20603,<entities.dtn.DTN object at 0x11166d460>,<entities.processor.Processor object at 0x111676820>
42.807180000000606,0.8688499999999948,20603,<entities.dtn.DTN object at 0x11166d460>,<entities.processor.Processor object at 0x111676820>
42.808030000000606,0.7688499999999934,20603,<entities.dtn.DTN object at 0x11166d460>,<entities.processor.Processor object at 0x111676820>
42.808880000000606,0.7688499999999934,20603,<entities.dtn.DTN object at 0x11166d460>,<entities.processor.Processor object at 0x111676820>
42.809730000000606,0.7688499999999934,20603,<entities.dtn.DTN object at 0x11166d460>,<entities.processor.Processor object at 0x111676820>
42.810580000000606,0.7688499999999934,20603,<entities.dtn.DTN object at 0x11166d460>,<entities.processor.Processor object at 0x111676820>
42.811430000000605,0.7688499999999934,20603,<entities.dtn.DTN object at 0x11166d460>,<entities.processor.Processor object at 0x111676820>
42.91228000000061,0.8688499999999948,20603,<entities.dtn.DTN object at 0x11166d460>,<entities.processor.Processor object at 0x111676820>
42.913130000000606,0.8688499999999948,20603,<entities.dtn.DTN object at 0x11166d460>,<entities.processor.Processor object at 0x111676820>
42.913980000000606,0.8688499999999948,20603,<entities.dtn.DTN object at 0x11166d460>,<entities.processor.Processor object at 0x111676820>
42.914830000000606,0.8688499999999948,20603,<entities.dtn.DTN object at 0x11166d460>,<entities.processor.Processor object at 0x111676820>
42.915680000000606,0.8688499999999948,20603,<entities.dtn.DTN object at 0x11166d460>,<entities.processor.Processor object at 0x111676820>
42.916530000000606,0.8688499999999948,20603,<entities.dtn.DTN object at 0x11166d460>,<entities.processor.Processor object at 0x111676820>
42.917380000000605,0.7688499999999934,20603,<entities.dtn.DTN object at 0x11166d460>,<entities.processor.Processor object at 0x111676820>
42.918230000000605,0.7688499999999934,20603,<entities.dtn.DTN object at 0x11166d460>,<entities.processor.Processor object at 0x111676820>
42.919080000000605,0.7696699999999908,20603,<entities.dtn.DTN object at 0x11166d460>,<entities.processor.Processor object at 0x111676820>
42.919930000000605,0.7696999999999932,20603,<entities.dtn.DTN object at 0x11166d460>,<entities.processor.Processor object at 0x111676820>
42.920780000000605,0.7696999999999932,20603,<entities.dtn.DTN object at 0x11166d460>,<entities.processor.Processor object at 0x111676820>
43.021630000000606,0.8696999999999946,20603,<entities.dtn.DTN object at 0x11166d460>,<entities.processor.Processor object at 0x111676820>
43.134380000000604,0.8696999999999946,20603,<entities.dtn.DTN object at 0x11166d460>,<entities.processor.Processor object at 0x111676820>
43.135230000000604,0.8696999999999946,20603,<entities.dtn.DTN object at 0x11166d460>,<entities.processor.Processor object at 0x111676820>
43.136080000000604,0.8696999999999946,20603,<entities.dtn.DTN object at 0x11166d460>,<entities.processor.Processor object at 0x111676820>
43.1369300000006,0.7696999999999932,20603,<entities.dtn.DTN object at 0x11166d460>,<entities.processor.Processor object at 0x111676820>
43.1377800000006,0.7696999999999932,20603,<entities.dtn.DTN object at 0x11166d460>,<entities.processor.Processor object at 0x111676820>
