job_times,data_arrival_times
3.1875,3.3027499999999286
3.2012500000000017,4.316500000000012
3.549999999999997,22.48390000000036
5.5262500000000045,19.979899999999603
2.613749999999996,1.814049999999071
5.377499999999998,3.1969999999978427
5.477499999999992,18.33944999999639
5.033749999999998,2.613649999998785
3.8862499999999898,18.769999999999982
2.0449999999999875,4.478450000002937
3.0749999999999886,5.139050000004858
