job_times,data_arrival_times
2.20875,0.27444000000005175
2.7637500000000017,0.236114999999252
5.778750000000002,5.569625000002141
3.7149999999999963,0.2699850000056827
2.6337500000000063,0.259905000005034
2.6612499999999955,3.8924999999973977
5.760000000000005,0.2854799999965536
4.471249999999998,0.27638000000570173
4.157499999999999,5.8515800000064075
3.1049999999999898,11.092205000043947
5.694999999999993,8.586255000023442
