job_times,data_arrival_times
4.670000000000002,0.30618499999990334
4.123333333333335,8.443865000008628
3.5900000000000034,0.27068500000935103
3.673333333333332,0.36337999999904014
4.900000000000006,0.23133999999657817
5.650000000000006,0.2243399999942426
5.010000000000005,3.24223000000201
4.873333333333335,0.31294000000119127
2.1566666666666663,0.33626000000398903
2.73333333333332,0.2406250000028649
