job_times,data_arrival_times
3.0380000000000003,0.3796299999999988
5.3919999999999995,3.2987250000000046
4.9040000000000035,1.8757800000011144
4.939999999999998,0.1884600000022374
2.1979999999999933,0.299640000001304
2.475999999999999,0.3823699999999661
2.313999999999993,5.390380000000334
5.621999999999986,0.2208699999996213
