job_times,data_arrival_times
4.623750000000001,0.4353000000000886
2.15625,0.453179999999076
3.2650000000000006,0.24754000000272214
4.284999999999997,0.2144600000061132
3.3799999999999955,0.6000000000096009
4.746250000000003,15.552140000001657
4.829999999999998,0.2652999999997405
4.84375,32.25582000004752
3.623750000000001,0.25376000007187827
2.383749999999992,0.21624000008699795
3.8149999999999977,0.2723800001020038
2.2537499999999966,23.5937050000681
