job_times,data_arrival_times
2.759999999999998,0.21713499999972186
5.68,5.138155000004332
5.959999999999994,3.4037900000011376
2.453333333333333,0.3296899999981946
2.8433333333333337,0.30385999999569435
4.25,0.21503999999364964
4.0533333333333275,2.4810299999993504
4.609999999999999,0.2807200000002581
4.296666666666653,0.29071000000331537
2.4066666666666663,0.24422500000224545
