task_times,data_arrival_times
2.3840000000000003,1.3942600000000125
