task_times,data_arrival_times
2.780000000000001,1.1494399999993732
3.4666666666666686,1.1367999999984875
2.6166666666666742,1.1751999999983695
2.4933333333333394,1.1291199999981245
2.5233333333333405,1.1052799999980323
5.693333333333328,1.073119999997317
