task_times,data_arrival_times
4.486666666666665,1.0897600000011778
2.776666666666671,1.0352000000011827
5.929999999999993,1.2328000000005659
