time_bin,retransmissions,time_bin_mid
"[121, 122)",0.0,121.5
"[133, 134)",4.071428571428571,133.5
"[134, 135)",2.3333333333333335,134.5
"[135, 136)",0.0,135.5
"[136, 137)",0.6,136.5
"[137, 138)",0.0,137.5
"[144, 145)",0.0,144.5
"[172, 173)",1.5,172.5
"[175, 176)",0.0,175.5
"[176, 177)",0.5,176.5
"[187, 188)",0.0,187.5
"[190, 191)",1.8571428571428572,190.5
"[192, 193)",0.0,192.5
