job_times,data_arrival_times
3.7360000000000007,0.26528999999995584
3.267999999999997,0.9536600000004576
2.0420000000000016,0.28572000000246334
4.256,1.9216100000018628
4.909999999999997,3.413365000001207
3.3079999999999927,0.202195000001538
5.431999999999988,0.34495500000072354
3.2379999999999995,1.0999850000009417
4.800000000000011,0.20512500000091904
3.490000000000009,0.24142500000064615
2.8880000000000052,0.2124450000002298
5.111999999999995,0.35930000000095674
