job_times,data_arrival_times
4.34,0.2912699999998454
4.83666666666667,9.775089999998862
2.56666666666667,0.26197000000130544
4.426666666666669,0.18821000000483679
4.63666666666667,2.0499200000004976
3.683333333333337,4.487384999999918
3.1666666666666714,0.5277549999979954
3.296666666666667,0.3614049999953437
3.8499999999999943,0.3322300000027951
2.886666666666656,0.2010550000039757
5.036666666666662,0.31016500000740166
