job_times,data_arrival_times
3.1012500000000003,0.25924000000009073
2.9187499999999993,0.19965999999922346
5.823750000000004,0.24502000000266122
2.3599999999999994,0.45480000000166854
2.9012500000000045,0.2476599999998399
4.2450000000000045,0.2907599999982011
2.3887500000000017,0.2664999999965829
3.9550000000000125,0.4372000000109608
5.157499999999999,3.439475000005018
4.746250000000003,4.979315000029715
2.2299999999999898,4.751570000004449
