job_times,data_arrival_times
3.883333333333333,1.99171499999993
4.883333333333333,8.853259999999139
2.5533333333333346,0.26183000000236945
5.809999999999995,0.2685300000058106
2.903333333333336,0.22159000000000617
2.6400000000000006,1.4874849999999213
5.6299999999999955,0.2727449999971867
3.0833333333333286,0.31438499999460134
2.6899999999999977,4.137835000002298
2.3300000000000125,0.277745000005325
4.086666666666673,4.730920000001333
