job_times,data_arrival_times
5.08,0.2971099999999245
3.5933333333333337,11.322259999998828
5.513333333333335,0.2539700000001446
4.193333333333335,0.31481000000390225
3.3233333333333377,0.268390000004743
2.806666666666672,0.28494999999860227
2.4933333333333394,0.5306549999980916
4.713333333333338,0.29458499999630305
2.7166666666666686,3.2481100000021854
2.5233333333333405,0.30119500000336075
4.843333333333334,0.35148500000619265
2.5933333333333337,4.463660000002676
