time,Queue_1_load,Queue_2_load,Queue_3_load,Queue_4_load,Queue_5_load,Queue_6_load
0.0,0.0,0.0,0.0,0.0,0.0,0.0
0.1,0.0,0.0,0.0,0.0,0.0,0.0
0.2,0.0,0.0,0.0,0.0,0.0,0.0
0.30000000000000004,0.0,0.0,0.0,0.0,0.0,0.0
0.4,0.0,0.0,0.0,0.0,0.0,0.0
0.5,0.0,0.0,0.0,0.0,0.0,0.0
0.6,0.0,0.0,0.0,0.0,0.0,0.0
0.7,0.0,0.0,0.0,0.0,0.0,0.0
0.7999999999999999,0.0,0.0,0.0,0.0,0.0,0.0
0.8999999999999999,0.0,0.0,0.0,0.0,0.0,0.0
0.9999999999999999,0.0,0.0,0.0,0.0,0.0,0.0
1.0999999999999999,0.0,0.0,0.0,0.0,0.0,0.0
1.2,0.0,0.0,0.0,0.0,0.0,0.0
1.3,0.0,0.0,0.0,0.0,0.0,0.0
1.4000000000000001,0.0,0.0,0.0,0.0,0.0,0.0
1.5000000000000002,0.0,0.0,0.0,0.0,0.0,0.0
1.6000000000000003,0.0,0.0,0.0,0.0,0.0,0.0
1.7000000000000004,0.0,0.0,0.0,0.0,0.0,0.0
1.8000000000000005,0.0,0.0,0.0,0.0,0.0,0.0
1.9000000000000006,0.0,0.0,0.0,0.0,0.0,0.0
2.0000000000000004,0.0,0.0,0.0,0.0,0.0,0.0
2.1000000000000005,0.0,0.0,0.0,0.0,0.0,0.0
2.2000000000000006,0.0,0.0,0.0,0.0,0.0,0.0
2.3000000000000007,0.0,0.0,0.0,0.0,0.0,0.0
2.400000000000001,0.0,0.0,0.0,0.0,0.0,0.0
2.500000000000001,0.0,0.0,0.0,0.0,0.0,0.0
2.600000000000001,0.0,0.0,0.0,0.0,0.0,0.0
2.700000000000001,0.0,0.0,0.0,0.0,0.0,0.0
2.800000000000001,0.0,0.0,0.0,0.0,0.0,0.0
2.9000000000000012,0.0,0.0,0.0,0.0,0.0,0.0
3.0000000000000013,0.0,0.0,0.0,0.0,0.0,0.0
3.1000000000000014,0.0,0.0,0.0,0.0,0.0,0.0
3.2000000000000015,0.0,0.0,0.0,0.0,0.0,0.0
3.3000000000000016,0.0,0.0,0.0,0.0,0.0,0.0
3.4000000000000017,0.0,0.0,0.0,0.0,0.0,0.0
3.5000000000000018,0.0,0.0,0.0,0.0,0.0,0.0
3.600000000000002,0.0,0.0,0.0,0.0,0.0,0.0
3.700000000000002,0.0,0.0,0.0,0.0,0.0,0.0
3.800000000000002,0.0,0.0,0.0,0.0,0.0,0.0
3.900000000000002,0.0,0.0,0.0,0.0,0.0,0.0
4.000000000000002,0.0,0.0,0.0,0.0,0.0,0.0
4.100000000000001,0.0,0.0,0.0,0.0,0.0,0.0
4.200000000000001,0.0,0.0,0.0,0.0,0.0,0.0
4.300000000000001,0.0,0.0,0.0,0.0,0.0,0.0
4.4,0.0,0.0,0.0,0.0,0.0,0.0
4.5,0.0,0.0,0.0,0.0,0.0,0.0
4.6,0.0,0.0,0.0,0.0,0.0,0.0
4.699999999999999,0.0,0.0,0.0,0.0,0.0,0.0
4.799999999999999,0.0,0.0,0.0,0.0,0.0,0.0
4.899999999999999,0.0,0.0,0.0,0.0,0.0,0.0
4.999999999999998,0.0,0.0,0.0,0.0,0.0,0.0
5.099999999999998,0.0,0.0,0.0,0.0,0.0,0.0
5.1999999999999975,0.0,0.0,0.0,0.0,0.0,0.0
5.299999999999997,0.0,0.0,0.0,0.0,0.0,0.0
5.399999999999997,0.0,0.0,0.0,0.0,0.0,0.0
5.4999999999999964,0.0,0.0,0.0,0.0,0.0,0.0
5.599999999999996,0.0,0.0,0.0,0.0,0.0,0.0
5.699999999999996,0.0,0.0,0.0,0.0,0.0,0.0
5.799999999999995,0.0,0.0,0.0,0.0,0.0,0.0
5.899999999999995,0.0,0.0,0.0,0.0,0.0,0.0
5.999999999999995,0.0,0.0,0.0,0.0,0.0,0.0
6.099999999999994,0.0,0.0,0.0,0.0,0.0,0.0
6.199999999999994,0.0,0.0,0.0,0.0,0.0,0.0
6.299999999999994,0.0,0.0,0.0,0.0,0.0,0.0
6.399999999999993,0.0,0.0,0.0,0.0,0.0,0.0
6.499999999999993,0.0,0.0,0.0,0.0,0.0,0.0
6.5999999999999925,0.0,0.0,0.0,0.0,0.0,0.0
6.699999999999992,0.0,0.0,0.0,0.0,0.0,0.0
6.799999999999992,0.0,0.0,0.0,0.0,0.0,0.0
6.8999999999999915,0.0,0.0,0.0,0.0,0.0,0.0
6.999999999999991,0.0,0.0,0.0,0.0,0.0,0.0
7.099999999999991,0.0,0.0,0.0,0.0,0.0,0.0
7.19999999999999,0.0,0.0,0.0,0.0,0.0,0.0
7.29999999999999,0.0,0.0,0.0,0.0,0.0,0.0
7.39999999999999,0.0,0.0,0.0,0.0,0.0,0.0
7.499999999999989,0.0,0.0,0.0,0.0,0.0,0.0
7.599999999999989,0.0,0.0,0.0,0.0,0.0,0.0
7.699999999999989,0.0,0.0,0.0,0.0,0.0,0.0
7.799999999999988,0.0,0.0,0.0,0.0,0.0,0.0
7.899999999999988,0.0,0.0,0.0,0.0,0.0,0.0
7.999999999999988,0.0,0.0,0.0,0.0,0.0,0.0
8.099999999999987,0.0,0.0,0.0,0.0,0.0,0.0
8.199999999999987,0.0,0.0,0.0,0.0,0.0,0.0
8.299999999999986,0.0,0.0,0.0,0.0,0.0,0.0
8.399999999999986,0.0,0.0,0.0,0.0,0.0,0.0
8.499999999999986,0.0,0.0,0.0,0.0,0.0,0.0
8.599999999999985,0.0,0.0,0.0,0.0,0.0,0.0
8.699999999999985,0.0,0.0,0.0,0.0,0.0,0.0
8.799999999999985,0.0,0.0,0.0,0.0,0.0,0.0
8.899999999999984,0.0,0.0,0.0,0.0,0.0,0.0
8.999999999999984,0.0,0.0,0.0,0.0,0.0,0.0
9.099999999999984,0.0,0.0,0.0,0.0,0.0,0.0
9.199999999999983,0.0,0.0,0.0,0.0,0.0,0.0
9.299999999999983,0.0,0.0,0.0,0.0,0.0,0.0
9.399999999999983,0.0,0.0,0.0,0.0,0.0,0.0
9.499999999999982,0.0,0.0,0.0,0.0,0.0,0.0
9.599999999999982,0.0,0.0,0.0,0.0,0.0,0.0
9.699999999999982,0.0,0.0,0.0,0.0,0.0,0.0
9.799999999999981,0.0,0.0,0.0,0.0,0.0,0.0
9.89999999999998,0.0,0.0,0.0,0.0,0.0,0.0
9.99999999999998,0.0,0.0,0.0,0.0,0.0,0.0
10.09999999999998,0.0,0.0,0.0,0.0,0.0,0.0
10.19999999999998,0.0,0.0,0.0,0.0,0.0,0.0
10.29999999999998,0.0,0.0,0.0,0.0,0.0,0.0
10.399999999999979,0.0,0.0,0.0,0.0,0.0,0.0
10.499999999999979,0.0,0.0,0.0,0.0,0.0,0.0
10.599999999999978,0.0,0.0,0.0,0.0,0.0,0.0
10.699999999999978,0.0,0.0,0.0,0.0,0.0,0.0
10.799999999999978,0.0,0.0,0.0,0.0,0.0,0.0
10.899999999999977,0.0,0.0,0.0,0.0,0.0,0.0
10.999999999999977,0.0,0.0,0.0,0.0,0.0,0.0
11.099999999999977,0.0,0.0,0.0,0.0,0.0,0.0
11.199999999999976,0.0,0.0,0.0,0.0,0.0,0.0
11.299999999999976,0.0,0.0,0.0,0.0,0.0,0.0
11.399999999999975,0.0,0.0,0.0,0.0,0.0,0.0
11.499999999999975,0.0,0.0,0.0,0.0,0.0,0.0
11.5,1.0,,,,,
11.599999999999975,1.0,0.0,0.0,0.0,0.0,0.0
11.599999999999975,0.0,0.0,0.0,0.0,0.0,0.0
11.699999999999974,,0.0,0.0,0.0,0.0,0.0
11.799999999999974,,0.0,0.0,0.0,0.0,0.0
11.899999999999974,,0.0,0.0,0.0,0.0,0.0
11.999999999999973,,0.0,0.0,0.0,0.0,0.0
12.099999999999973,,0.0,0.0,0.0,0.0,0.0
12.199999999999973,,0.0,0.0,0.0,0.0,0.0
12.264154999999992,0.0,,,,,
12.274304999999991,,1.0,,,,
12.299999999999972,,1.0,0.0,0.0,0.0,0.0
12.299999999999972,,0.0,0.0,0.0,0.0,0.0
12.303099999999972,,0.0,,,,
12.313379999999972,,1.0,,,,
12.313409999999973,,2.0,,,,
12.364154999999991,0.0,,,,,
12.399999999999972,,,0.0,0.0,0.0,0.0
12.403099999999972,,2.0,,,,
12.403099999999972,,1.0,,,,
12.406199999999972,,1.0,,,,
12.406199999999972,,0.0,,,,
12.409299999999972,,0.0,,,,
12.416479999999972,,1.0,,,,
12.416509999999972,,2.0,,,,
12.419579999999971,,3.0,,,,
12.419609999999972,,4.0,,,,
12.464154999999991,0.0,,,,,
12.499999999999972,,,0.0,0.0,0.0,0.0
12.5,1.0,,,,,
12.509299999999971,,4.0,,,,
12.509299999999971,,3.0,,,,
12.512399999999971,,3.0,,,,
12.512399999999971,,2.0,,,,
12.515499999999971,,2.0,,,,
12.515499999999971,,1.0,,,,
12.51859999999997,,1.0,,,,
12.51859999999997,,0.0,,,,
12.52169999999997,,0.0,,,,
12.522679999999971,,1.0,,,,
12.522709999999972,,2.0,,,,
12.52577999999997,,3.0,,,,
12.525809999999971,,4.0,,,,
12.52887999999997,,5.0,,,,
12.528909999999971,,6.0,,,,
12.53197999999997,,7.0,,,,
12.532009999999971,,8.0,,,,
12.56415499999999,1.0,,,,,
12.56415499999999,0.0,,,,,
12.564284999999991,0.0,,,,,
12.57443499999999,,,1.0,,,
12.599999999999971,,,1.0,0.0,0.0,0.0
12.599999999999971,,,0.0,0.0,0.0,0.0
12.603099999999971,,,0.0,,,
12.613379999999971,,,1.0,,,
12.613409999999972,,,2.0,,,
12.62169999999997,,8.0,,,,
12.62169999999997,,7.0,,,,
12.62479999999997,,7.0,,,,
12.62479999999997,,6.0,,,,
12.62789999999997,,6.0,,,,
12.62789999999997,,5.0,,,,
12.63099999999997,,5.0,,,,
12.63099999999997,,4.0,,,,
12.63409999999997,,4.0,,,,
12.63409999999997,,3.0,,,,
12.63507999999997,,4.0,,,,
12.63510999999997,,5.0,,,,
12.63719999999997,,5.0,,,,
12.63719999999997,,4.0,,,,
12.63817999999997,,5.0,,,,
12.63820999999997,,6.0,,,,
12.64029999999997,,6.0,,,,
12.64029999999997,,5.0,,,,
12.64127999999997,,6.0,,,,
12.64130999999997,,7.0,,,,
12.64339999999997,,7.0,,,,
12.64339999999997,,6.0,,,,
12.64437999999997,,7.0,,,,
12.64440999999997,,8.0,,,,
12.64649999999997,,8.0,,,,
12.64649999999997,,7.0,,,,
12.64747999999997,,8.0,,,,
12.64750999999997,,9.0,,,,
12.64959999999997,,9.0,,,,
12.64959999999997,,8.0,,,,
12.65057999999997,,9.0,,,,
12.65060999999997,,10.0,,,,
12.65269999999997,,10.0,,,,
12.65269999999997,,9.0,,,,
12.65367999999997,,10.0,,,,
12.65370999999997,,11.0,,,,
12.655799999999969,,11.0,,,,
12.655799999999969,,10.0,,,,
12.65677999999997,,11.0,,,,
12.65680999999997,,12.0,,,,
12.658899999999969,,12.0,,,,
12.658899999999969,,11.0,,,,
12.65987999999997,,12.0,,,,
12.65990999999997,,13.0,,,,
12.661999999999969,,13.0,,,,
12.661999999999969,,12.0,,,,
12.662979999999969,,13.0,,,,
12.66300999999997,,14.0,,,,
12.66428499999999,0.0,,,,,
12.665099999999969,,14.0,,,,
12.665099999999969,,13.0,,,,
12.666079999999969,,14.0,,,,
12.66610999999997,,15.0,,,,
12.668199999999969,,15.0,,,,
12.668199999999969,,14.0,,,,
12.669179999999969,,15.0,,,,
12.66920999999997,,16.0,,,,
12.671299999999968,,16.0,,,,
12.671299999999968,,15.0,,,,
12.672279999999969,,16.0,,,,
12.67230999999997,,17.0,,,,
12.674399999999968,,17.0,,,,
12.674399999999968,,16.0,,,,
12.675379999999969,,17.0,,,,
12.67540999999997,,18.0,,,,
12.677499999999968,,18.0,,,,
12.677499999999968,,17.0,,,,
12.678479999999968,,18.0,,,,
12.678509999999969,,19.0,,,,
12.680599999999968,,19.0,,,,
12.680599999999968,,18.0,,,,
12.681579999999968,,19.0,,,,
12.681609999999969,,20.0,,,,
12.683699999999968,,20.0,,,,
12.683699999999968,,19.0,,,,
12.684679999999968,,20.0,,,,
12.684709999999969,,21.0,,,,
12.686799999999968,,21.0,,,,
12.686799999999968,,20.0,,,,
12.687779999999968,,21.0,,,,
12.687809999999969,,22.0,,,,
12.689899999999968,,22.0,,,,
12.689899999999968,,21.0,,,,
12.690879999999968,,22.0,,,,
12.690909999999969,,23.0,,,,
12.692999999999968,,23.0,,,,
12.692999999999968,,22.0,,,,
12.693979999999968,,23.0,,,,
12.694009999999968,,24.0,,,,
12.696099999999968,,24.0,,,,
12.696099999999968,,23.0,,,,
12.697079999999968,,24.0,,,,
12.697109999999968,,25.0,,,,
12.699199999999967,,25.0,,,,
12.699199999999967,,24.0,,,,
12.69999999999997,,,,0.0,0.0,0.0
12.700179999999968,,25.0,,,,
12.700209999999968,,26.0,,,,
12.702299999999967,,26.0,,,,
12.702299999999967,,25.0,,,,
12.70309999999997,,,2.0,,,
12.70309999999997,,,1.0,,,
12.703279999999967,,26.0,,,,
12.703309999999968,,27.0,,,,
12.705399999999967,,27.0,,,,
12.705399999999967,,26.0,,,,
12.70619999999997,,,1.0,,,
12.70619999999997,,,0.0,,,
12.706379999999967,,27.0,,,,
12.706409999999968,,28.0,,,,
12.708499999999967,,28.0,,,,
12.708499999999967,,27.0,,,,
12.70929999999997,,,0.0,,,
12.709479999999967,,28.0,,,,
12.709509999999968,,29.0,,,,
12.711599999999967,,29.0,,,,
12.711599999999967,,28.0,,,,
12.712579999999967,,29.0,,,,
12.712609999999968,,30.0,,,,
12.714699999999967,,30.0,,,,
12.714699999999967,,29.0,,,,
12.715679999999967,,30.0,,,,
12.715709999999968,,31.0,,,,
12.71647999999997,,,1.0,,,
12.716509999999971,,,2.0,,,
12.717799999999967,,31.0,,,,
12.717799999999967,,30.0,,,,
12.718779999999967,,31.0,,,,
12.718809999999968,,32.0,,,,
12.71957999999997,,,3.0,,,
12.719609999999971,,,4.0,,,
12.720899999999967,,32.0,,,,
12.720899999999967,,31.0,,,,
12.721879999999967,,32.0,,,,
12.721909999999967,,33.0,,,,
12.723999999999966,,33.0,,,,
12.723999999999966,,32.0,,,,
12.724979999999967,,33.0,,,,
12.725009999999967,,34.0,,,,
12.727099999999966,,34.0,,,,
12.727099999999966,,33.0,,,,
12.727959999999966,,34.0,,,,
12.730199999999966,,34.0,,,,
12.730199999999966,,33.0,,,,
12.733299999999966,,33.0,,,,
12.733299999999966,,32.0,,,,
12.736399999999966,,32.0,,,,
12.736399999999966,,31.0,,,,
12.739499999999966,,31.0,,,,
12.739499999999966,,30.0,,,,
12.742599999999966,,30.0,,,,
12.742599999999966,,29.0,,,,
12.745699999999966,,29.0,,,,
12.745699999999966,,28.0,,,,
12.748799999999965,,28.0,,,,
12.748799999999965,,27.0,,,,
12.751899999999965,,27.0,,,,
12.751899999999965,,26.0,,,,
12.754999999999965,,26.0,,,,
12.754999999999965,,25.0,,,,
12.758099999999965,,25.0,,,,
12.758099999999965,,24.0,,,,
12.761199999999965,,24.0,,,,
12.761199999999965,,23.0,,,,
12.76428499999999,0.0,,,,,
12.764299999999965,,23.0,,,,
12.764299999999965,,22.0,,,,
12.767399999999965,,22.0,,,,
12.767399999999965,,21.0,,,,
12.770499999999965,,21.0,,,,
12.770499999999965,,20.0,,,,
12.773599999999965,,20.0,,,,
12.773599999999965,,19.0,,,,
12.776699999999964,,19.0,,,,
12.776699999999964,,18.0,,,,
12.779799999999964,,18.0,,,,
12.779799999999964,,17.0,,,,
12.782899999999964,,17.0,,,,
12.782899999999964,,16.0,,,,
12.785999999999964,,16.0,,,,
12.785999999999964,,15.0,,,,
12.789099999999964,,15.0,,,,
12.789099999999964,,14.0,,,,
12.792199999999964,,14.0,,,,
12.792199999999964,,13.0,,,,
12.795299999999964,,13.0,,,,
12.795299999999964,,12.0,,,,
12.798399999999964,,12.0,,,,
12.798399999999964,,11.0,,,,
12.79999999999997,,,,0.0,0.0,0.0
12.801499999999963,,11.0,,,,
12.801499999999963,,10.0,,,,
12.804599999999963,,10.0,,,,
12.804599999999963,,9.0,,,,
12.807699999999963,,9.0,,,,
12.807699999999963,,8.0,,,,
12.80929999999997,,,4.0,,,
12.80929999999997,,,3.0,,,
12.810799999999963,,8.0,,,,
12.810799999999963,,7.0,,,,
12.81239999999997,,,3.0,,,
12.81239999999997,,,2.0,,,
12.813899999999963,,7.0,,,,
12.813899999999963,,6.0,,,,
12.81549999999997,,,2.0,,,
12.81549999999997,,,1.0,,,
12.816999999999963,,6.0,,,,
12.816999999999963,,5.0,,,,
12.81859999999997,,,1.0,,,
12.81859999999997,,,0.0,,,
12.820099999999963,,5.0,,,,
12.820099999999963,,4.0,,,,
12.82169999999997,,,0.0,,,
12.82267999999997,,,1.0,,,
12.82270999999997,,,2.0,,,
12.823199999999963,,4.0,,,,
12.823199999999963,,3.0,,,,
12.82577999999997,,,3.0,,,
12.82580999999997,,,4.0,,,
12.826299999999963,,3.0,,,,
12.826299999999963,,2.0,,,,
12.82887999999997,,,5.0,,,
12.82890999999997,,,6.0,,,
12.829399999999962,,2.0,,,,
12.829399999999962,,1.0,,,,
12.83197999999997,,,7.0,,,
12.83200999999997,,,8.0,,,
12.832499999999962,,1.0,,,,
12.832499999999962,,0.0,,,,
12.833599999999961,,0.0,,,,
12.86428499999999,0.0,,,,,
12.89999999999997,,,,0.0,0.0,0.0
12.92169999999997,,,8.0,,,
12.92169999999997,,,7.0,,,
12.92479999999997,,,7.0,,,
12.92479999999997,,,6.0,,,
12.927899999999969,,,6.0,,,
12.927899999999969,,,5.0,,,
12.930999999999969,,,5.0,,,
12.930999999999969,,,4.0,,,
12.933599999999961,,0.0,,,,
12.934099999999969,,,4.0,,,
12.934099999999969,,,3.0,,,
12.935079999999969,,,4.0,,,
12.93510999999997,,,5.0,,,
12.937199999999969,,,5.0,,,
12.937199999999969,,,4.0,,,
12.938179999999969,,,5.0,,,
12.93820999999997,,,6.0,,,
12.940299999999969,,,6.0,,,
12.940299999999969,,,5.0,,,
12.941279999999969,,,6.0,,,
12.94130999999997,,,7.0,,,
12.943399999999968,,,7.0,,,
12.943399999999968,,,6.0,,,
12.944379999999969,,,7.0,,,
12.94440999999997,,,8.0,,,
12.946499999999968,,,8.0,,,
12.946499999999968,,,7.0,,,
12.947479999999969,,,8.0,,,
12.94750999999997,,,9.0,,,
12.949599999999968,,,9.0,,,
12.949599999999968,,,8.0,,,
12.950579999999968,,,9.0,,,
12.950609999999969,,,10.0,,,
12.952699999999968,,,10.0,,,
12.952699999999968,,,9.0,,,
12.953679999999968,,,10.0,,,
12.953709999999969,,,11.0,,,
12.955799999999968,,,11.0,,,
12.955799999999968,,,10.0,,,
12.956779999999968,,,11.0,,,
12.956809999999969,,,12.0,,,
12.958899999999968,,,12.0,,,
12.958899999999968,,,11.0,,,
12.959879999999968,,,12.0,,,
12.959909999999969,,,13.0,,,
12.961999999999968,,,13.0,,,
12.961999999999968,,,12.0,,,
12.962979999999968,,,13.0,,,
12.963009999999969,,,14.0,,,
12.96428499999999,0.0,,,,,
12.965099999999968,,,14.0,,,
12.965099999999968,,,13.0,,,
12.966079999999968,,,14.0,,,
12.966109999999968,,,15.0,,,
12.968199999999968,,,15.0,,,
12.968199999999968,,,14.0,,,
12.969179999999968,,,15.0,,,
12.969209999999968,,,16.0,,,
12.971299999999967,,,16.0,,,
12.971299999999967,,,15.0,,,
12.972279999999968,,,16.0,,,
12.972309999999968,,,17.0,,,
12.974399999999967,,,17.0,,,
12.974399999999967,,,16.0,,,
12.975379999999967,,,17.0,,,
12.975409999999968,,,18.0,,,
12.977499999999967,,,18.0,,,
12.977499999999967,,,17.0,,,
12.978479999999967,,,18.0,,,
12.978509999999968,,,19.0,,,
12.980599999999967,,,19.0,,,
12.980599999999967,,,18.0,,,
12.981579999999967,,,19.0,,,
12.981609999999968,,,20.0,,,
12.983699999999967,,,20.0,,,
12.983699999999967,,,19.0,,,
12.984679999999967,,,20.0,,,
12.984709999999968,,,21.0,,,
12.986799999999967,,,21.0,,,
12.986799999999967,,,20.0,,,
12.987779999999967,,,21.0,,,
12.987809999999968,,,22.0,,,
12.989899999999967,,,22.0,,,
12.989899999999967,,,21.0,,,
12.990879999999967,,,22.0,,,
12.990909999999968,,,23.0,,,
12.992999999999967,,,23.0,,,
12.992999999999967,,,22.0,,,
12.993979999999967,,,23.0,,,
12.994009999999967,,,24.0,,,
12.996099999999966,,,24.0,,,
12.996099999999966,,,23.0,,,
12.997079999999967,,,24.0,,,
12.997109999999967,,,25.0,,,
12.999199999999966,,,25.0,,,
12.999199999999966,,,24.0,,,
12.99999999999997,,,,0.0,0.0,0.0
13.000179999999967,,,25.0,,,
13.000209999999967,,,26.0,,,
13.002299999999966,,,26.0,,,
13.002299999999966,,,25.0,,,
13.003279999999966,,,26.0,,,
13.003309999999967,,,27.0,,,
13.005399999999966,,,27.0,,,
13.005399999999966,,,26.0,,,
13.006379999999966,,,27.0,,,
13.006409999999967,,,28.0,,,
13.008499999999966,,,28.0,,,
13.008499999999966,,,27.0,,,
13.009479999999966,,,28.0,,,
13.009509999999967,,,29.0,,,
13.011599999999966,,,29.0,,,
13.011599999999966,,,28.0,,,
13.012579999999966,,,29.0,,,
13.012609999999967,,,30.0,,,
13.014699999999966,,,30.0,,,
13.014699999999966,,,29.0,,,
13.015679999999966,,,30.0,,,
13.015709999999967,,,31.0,,,
13.017799999999966,,,31.0,,,
13.017799999999966,,,30.0,,,
13.018779999999966,,,31.0,,,
13.018809999999966,,,32.0,,,
13.020899999999966,,,32.0,,,
13.020899999999966,,,31.0,,,
13.021879999999966,,,32.0,,,
13.021909999999966,,,33.0,,,
13.023999999999965,,,33.0,,,
13.023999999999965,,,32.0,,,
13.024979999999966,,,33.0,,,
13.025009999999966,,,34.0,,,
13.027099999999965,,,34.0,,,
13.027099999999965,,,33.0,,,
13.028079999999965,,,34.0,,,
13.028109999999966,,,35.0,,,
13.030199999999965,,,35.0,,,
13.030199999999965,,,34.0,,,
13.031179999999965,,,35.0,,,
13.031209999999966,,,36.0,,,
13.033299999999965,,,36.0,,,
13.033299999999965,,,35.0,,,
13.03359999999996,,0.0,,,,
13.034279999999965,,,36.0,,,
13.034309999999966,,,37.0,,,
13.036399999999965,,,37.0,,,
13.036399999999965,,,36.0,,,
13.037379999999965,,,37.0,,,
13.037409999999966,,,38.0,,,
13.039499999999965,,,38.0,,,
13.039499999999965,,,37.0,,,
13.040479999999965,,,38.0,,,
13.040509999999966,,,39.0,,,
13.042599999999965,,,39.0,,,
13.042599999999965,,,38.0,,,
13.043579999999965,,,39.0,,,
13.043609999999966,,,40.0,,,
13.045699999999965,,,40.0,,,
13.045699999999965,,,39.0,,,
13.046679999999965,,,40.0,,,
13.046709999999965,,,41.0,,,
13.048799999999964,,,41.0,,,
13.048799999999964,,,40.0,,,
13.049779999999965,,,41.0,,,
13.051899999999964,,,41.0,,,
13.051899999999964,,,40.0,,,
13.052879999999965,,,41.0,,,
13.054999999999964,,,41.0,,,
13.054999999999964,,,40.0,,,
13.055949999999964,,,41.0,,,
13.058099999999964,,,41.0,,,
13.058099999999964,,,40.0,,,
13.061199999999964,,,40.0,,,
13.061199999999964,,,39.0,,,
13.06428499999999,0.0,,,,,
13.064299999999964,,,39.0,,,
13.064299999999964,,,38.0,,,
13.067399999999964,,,38.0,,,
13.067399999999964,,,37.0,,,
13.070499999999964,,,37.0,,,
13.070499999999964,,,36.0,,,
13.073599999999963,,,36.0,,,
13.073599999999963,,,35.0,,,
13.076699999999963,,,35.0,,,
13.076699999999963,,,34.0,,,
13.079799999999963,,,34.0,,,
13.079799999999963,,,33.0,,,
13.082899999999963,,,33.0,,,
13.082899999999963,,,32.0,,,
13.085999999999963,,,32.0,,,
13.085999999999963,,,31.0,,,
13.089099999999963,,,31.0,,,
13.089099999999963,,,30.0,,,
13.092199999999963,,,30.0,,,
13.092199999999963,,,29.0,,,
13.095299999999963,,,29.0,,,
13.095299999999963,,,28.0,,,
13.098399999999963,,,28.0,,,
13.098399999999963,,,27.0,,,
13.09999999999997,,,,0.0,0.0,0.0
13.101499999999962,,,27.0,,,
13.101499999999962,,,26.0,,,
13.104599999999962,,,26.0,,,
13.104599999999962,,,25.0,,,
13.107699999999962,,,25.0,,,
13.107699999999962,,,24.0,,,
13.110799999999962,,,24.0,,,
13.110799999999962,,,23.0,,,
13.113899999999962,,,23.0,,,
13.113899999999962,,,22.0,,,
13.116999999999962,,,22.0,,,
13.116999999999962,,,21.0,,,
13.120099999999962,,,21.0,,,
13.120099999999962,,,20.0,,,
13.123199999999962,,,20.0,,,
13.123199999999962,,,19.0,,,
13.126299999999961,,,19.0,,,
13.126299999999961,,,18.0,,,
13.129399999999961,,,18.0,,,
13.129399999999961,,,17.0,,,
13.132499999999961,,,17.0,,,
13.132499999999961,,,16.0,,,
13.13359999999996,,0.0,,,,
13.135599999999961,,,16.0,,,
13.135599999999961,,,15.0,,,
13.138699999999961,,,15.0,,,
13.138699999999961,,,14.0,,,
13.14179999999996,,,14.0,,,
13.14179999999996,,,13.0,,,
13.14489999999996,,,13.0,,,
13.14489999999996,,,12.0,,,
13.14799999999996,,,12.0,,,
13.14799999999996,,,11.0,,,
13.15109999999996,,,11.0,,,
13.15109999999996,,,10.0,,,
13.15419999999996,,,10.0,,,
13.15419999999996,,,9.0,,,
13.15729999999996,,,9.0,,,
13.15729999999996,,,8.0,,,
13.16039999999996,,,8.0,,,
13.16039999999996,,,7.0,,,
13.16349999999996,,,7.0,,,
13.16349999999996,,,6.0,,,
13.164284999999989,0.0,,,,,
13.16659999999996,,,6.0,,,
13.16659999999996,,,5.0,,,
13.16969999999996,,,5.0,,,
13.16969999999996,,,4.0,,,
13.17279999999996,,,4.0,,,
13.17279999999996,,,3.0,,,
13.17589999999996,,,3.0,,,
13.17589999999996,,,2.0,,,
13.17899999999996,,,2.0,,,
13.17899999999996,,,1.0,,,
13.18209999999996,,,1.0,,,
13.18209999999996,,,0.0,,,
13.18419999999996,,,0.0,,,
13.199999999999969,,,,0.0,0.0,0.0
13.23359999999996,,0.0,,,,
13.264284999999989,0.0,,,,,
13.28419999999996,,,0.0,,,
13.299999999999969,,,,0.0,0.0,0.0
13.33359999999996,,0.0,,,,
13.364284999999988,0.0,,,,,
13.384199999999959,,,0.0,,,
13.399999999999968,,,,0.0,0.0,0.0
13.43359999999996,,0.0,,,,
13.464284999999988,0.0,,,,,
13.484199999999959,,,0.0,,,
13.499999999999968,,,,0.0,0.0,0.0
13.533599999999959,,0.0,,,,
13.564284999999987,0.0,,,,,
13.584199999999958,,,0.0,,,
13.599999999999968,,,,0.0,0.0,0.0
13.633599999999959,,0.0,,,,
13.664284999999987,0.0,,,,,
13.684199999999958,,,0.0,,,
13.699999999999967,,,,0.0,0.0,0.0
13.733599999999958,,0.0,,,,
13.764284999999987,0.0,,,,,
13.784199999999958,,,0.0,,,
13.799999999999967,,,,0.0,0.0,0.0
13.833599999999958,,0.0,,,,
13.864284999999986,0.0,,,,,
13.884199999999957,,,0.0,,,
13.899999999999967,,,,0.0,0.0,0.0
13.933599999999958,,0.0,,,,
13.964284999999986,0.0,,,,,
13.984199999999957,,,0.0,,,
13.999999999999966,,,,0.0,0.0,0.0
14.033599999999957,,0.0,,,,
14.064284999999986,0.0,,,,,
14.084199999999957,,,0.0,,,
14.099999999999966,,,,0.0,0.0,0.0
14.133599999999957,,0.0,,,,
14.164284999999985,0.0,,,,,
14.184199999999956,,,0.0,,,
14.199999999999966,,,,0.0,0.0,0.0
14.233599999999957,,0.0,,,,
14.264284999999985,0.0,,,,,
14.284199999999956,,,0.0,,,
14.299999999999965,,,,0.0,0.0,0.0
14.333599999999956,,0.0,,,,
14.364284999999985,0.0,,,,,
14.384199999999955,,,0.0,,,
14.399999999999965,,,,0.0,0.0,0.0
14.433599999999956,,0.0,,,,
14.464284999999984,0.0,,,,,
14.484199999999955,,,0.0,,,
14.499999999999964,,,,0.0,0.0,0.0
14.533599999999955,,0.0,,,,
14.564284999999984,0.0,,,,,
14.584199999999955,,,0.0,,,
14.599999999999964,,,,0.0,0.0,0.0
14.633599999999955,,0.0,,,,
14.664284999999984,0.0,,,,,
14.684199999999954,,,0.0,,,
14.699999999999964,,,,0.0,0.0,0.0
14.733599999999955,,0.0,,,,
14.764284999999983,0.0,,,,,
14.784199999999954,,,0.0,,,
14.799999999999963,,,,0.0,0.0,0.0
14.833599999999954,,0.0,,,,
14.864284999999983,0.0,,,,,
14.884199999999954,,,0.0,,,
14.899999999999963,,,,0.0,0.0,0.0
14.933599999999954,,0.0,,,,
14.964284999999983,0.0,,,,,
14.984199999999953,,,0.0,,,
14.999999999999963,,,,0.0,0.0,0.0
15.033599999999954,,0.0,,,,
15.064284999999982,0.0,,,,,
15.084199999999953,,,0.0,,,
15.099999999999962,,,,0.0,0.0,0.0
15.133599999999953,,0.0,,,,
15.164284999999982,0.0,,,,,
15.184199999999953,,,0.0,,,
15.199999999999962,,,,0.0,0.0,0.0
15.233599999999953,,0.0,,,,
15.264284999999981,0.0,,,,,
15.284199999999952,,,0.0,,,
15.299999999999962,,,,0.0,0.0,0.0
15.333599999999953,,0.0,,,,
15.364284999999981,0.0,,,,,
15.384199999999952,,,0.0,,,
15.399999999999961,,,,0.0,0.0,0.0
15.433599999999952,,0.0,,,,
15.46428499999998,0.0,,,,,
15.484199999999952,,,0.0,,,
15.499999999999961,,,,0.0,0.0,0.0
15.533599999999952,,0.0,,,,
15.56428499999998,0.0,,,,,
15.584199999999951,,,0.0,,,
15.59999999999996,,,,0.0,0.0,0.0
15.633599999999952,,0.0,,,,
15.66428499999998,0.0,,,,,
15.68419999999995,,,0.0,,,
15.69999999999996,,,,0.0,0.0,0.0
15.733599999999951,,0.0,,,,
15.76428499999998,0.0,,,,,
15.78419999999995,,,0.0,,,
15.79999999999996,,,,0.0,0.0,0.0
15.83359999999995,,0.0,,,,
15.86428499999998,0.0,,,,,
15.88419999999995,,,0.0,,,
15.89999999999996,,,,0.0,0.0,0.0
15.93359999999995,,0.0,,,,
15.964284999999979,0.0,,,,,
15.98419999999995,,,0.0,,,
15.99999999999996,,,,0.0,0.0,0.0
16.03359999999995,,0.0,,,,
16.06428499999998,0.0,,,,,
16.08419999999995,,,0.0,,,
16.09999999999996,,,,0.0,0.0,0.0
16.13359999999995,,0.0,,,,
16.164284999999982,0.0,,,,,
16.18419999999995,,,0.0,,,
16.19999999999996,,,,0.0,0.0,0.0
16.233599999999953,,0.0,,,,
16.264284999999983,0.0,,,,,
16.284199999999952,,,0.0,,,
16.29999999999996,,,,0.0,0.0,0.0
16.333599999999954,,0.0,,,,
16.364284999999985,0.0,,,,,
16.384199999999954,,,0.0,,,
16.399999999999963,,,,0.0,0.0,0.0
16.433599999999956,,0.0,,,,
16.464284999999986,0.0,,,,,
16.484199999999955,,,0.0,,,
16.499999999999964,,,,0.0,0.0,0.0
16.5,1.0,,,,,
16.533599999999957,,0.0,,,,
16.564284999999987,1.0,,,,,
16.564284999999987,0.0,,,,,
16.564414999999986,0.0,,,,,
16.574564999999986,,,,1.0,,
16.584199999999957,,,0.0,,,
16.599999999999966,,,,1.0,0.0,0.0
16.599999999999966,,,,0.0,0.0,0.0
16.603099999999966,,,,0.0,,
16.613379999999964,,,,1.0,,
16.613409999999963,,,,2.0,,
16.63359999999996,,0.0,,,,
16.664414999999988,0.0,,,,,
16.684199999999958,,,0.0,,,
16.699999999999967,,,,,0.0,0.0
16.703099999999967,,,,2.0,,
16.703099999999967,,,,1.0,,
16.706199999999967,,,,1.0,,
16.706199999999967,,,,0.0,,
16.709299999999967,,,,0.0,,
16.716479999999965,,,,1.0,,
16.716509999999964,,,,2.0,,
16.719579999999965,,,,3.0,,
16.719609999999964,,,,4.0,,
16.73359999999996,,0.0,,,,
16.76441499999999,0.0,,,,,
16.78419999999996,,,0.0,,,
16.79999999999997,,,,,0.0,0.0
16.80929999999997,,,,4.0,,
16.80929999999997,,,,3.0,,
16.81239999999997,,,,3.0,,
16.81239999999997,,,,2.0,,
16.815499999999968,,,,2.0,,
16.815499999999968,,,,1.0,,
16.818599999999968,,,,1.0,,
16.818599999999968,,,,0.0,,
16.821699999999968,,,,0.0,,
16.822679999999966,,,,1.0,,
16.822709999999965,,,,2.0,,
16.825779999999966,,,,3.0,,
16.825809999999965,,,,4.0,,
16.828879999999966,,,,5.0,,
16.828909999999965,,,,6.0,,
16.831979999999966,,,,7.0,,
16.832009999999965,,,,8.0,,
16.83359999999996,,0.0,,,,
16.86441499999999,0.0,,,,,
16.88419999999996,,,0.0,,,
16.89999999999997,,,,,0.0,0.0
16.92169999999997,,,,8.0,,
16.92169999999997,,,,7.0,,
16.92479999999997,,,,7.0,,
16.92479999999997,,,,6.0,,
16.92789999999997,,,,6.0,,
16.92789999999997,,,,5.0,,
16.93099999999997,,,,5.0,,
16.93099999999997,,,,4.0,,
16.933599999999963,,0.0,,,,
16.93409999999997,,,,4.0,,
16.93409999999997,,,,3.0,,
16.935079999999967,,,,4.0,,
16.935109999999966,,,,5.0,,
16.93719999999997,,,,5.0,,
16.93719999999997,,,,4.0,,
16.938179999999967,,,,5.0,,
16.938209999999966,,,,6.0,,
16.94029999999997,,,,6.0,,
16.94029999999997,,,,5.0,,
16.941279999999967,,,,6.0,,
16.941309999999966,,,,7.0,,
16.94339999999997,,,,7.0,,
16.94339999999997,,,,6.0,,
16.944379999999967,,,,7.0,,
16.944409999999966,,,,8.0,,
16.94649999999997,,,,8.0,,
16.94649999999997,,,,7.0,,
16.947479999999967,,,,8.0,,
16.947509999999966,,,,9.0,,
16.94959999999997,,,,9.0,,
16.94959999999997,,,,8.0,,
16.950579999999967,,,,9.0,,
16.950609999999966,,,,10.0,,
16.952699999999968,,,,10.0,,
16.952699999999968,,,,9.0,,
16.953679999999967,,,,10.0,,
16.953709999999965,,,,11.0,,
16.955799999999968,,,,11.0,,
16.955799999999968,,,,10.0,,
16.956779999999966,,,,11.0,,
16.956809999999965,,,,12.0,,
16.958899999999968,,,,12.0,,
16.958899999999968,,,,11.0,,
16.959879999999966,,,,12.0,,
16.959909999999965,,,,13.0,,
16.961999999999968,,,,13.0,,
16.961999999999968,,,,12.0,,
16.962979999999966,,,,13.0,,
16.963009999999965,,,,14.0,,
16.964414999999992,0.0,,,,,
16.965099999999968,,,,14.0,,
16.965099999999968,,,,13.0,,
16.966079999999966,,,,14.0,,
16.966109999999965,,,,15.0,,
16.968199999999968,,,,15.0,,
16.968199999999968,,,,14.0,,
16.969179999999966,,,,15.0,,
16.969209999999965,,,,16.0,,
16.971299999999967,,,,16.0,,
16.971299999999967,,,,15.0,,
16.972279999999966,,,,16.0,,
16.972309999999965,,,,17.0,,
16.974399999999967,,,,17.0,,
16.974399999999967,,,,16.0,,
16.975379999999966,,,,17.0,,
16.975409999999965,,,,18.0,,
16.977499999999967,,,,18.0,,
16.977499999999967,,,,17.0,,
16.978479999999966,,,,18.0,,
16.978509999999964,,,,19.0,,
16.980599999999967,,,,19.0,,
16.980599999999967,,,,18.0,,
16.981579999999965,,,,19.0,,
16.981609999999964,,,,20.0,,
16.983699999999967,,,,20.0,,
16.983699999999967,,,,19.0,,
16.984199999999962,,,0.0,,,
16.984679999999965,,,,20.0,,
16.984709999999964,,,,21.0,,
16.986799999999967,,,,21.0,,
16.986799999999967,,,,20.0,,
16.987779999999965,,,,21.0,,
16.987809999999964,,,,22.0,,
16.989899999999967,,,,22.0,,
16.989899999999967,,,,21.0,,
16.990879999999965,,,,22.0,,
16.990909999999964,,,,23.0,,
16.992999999999967,,,,23.0,,
16.992999999999967,,,,22.0,,
16.993979999999965,,,,23.0,,
16.994009999999964,,,,24.0,,
16.996099999999966,,,,24.0,,
16.996099999999966,,,,23.0,,
16.997079999999965,,,,24.0,,
16.997109999999964,,,,25.0,,
16.999199999999966,,,,25.0,,
16.999199999999966,,,,24.0,,
16.99999999999997,,,,,0.0,0.0
17.000179999999965,,,,25.0,,
17.000209999999964,,,,26.0,,
17.002299999999966,,,,26.0,,
17.002299999999966,,,,25.0,,
17.003279999999965,,,,26.0,,
17.003309999999964,,,,27.0,,
17.005399999999966,,,,27.0,,
17.005399999999966,,,,26.0,,
17.006379999999965,,,,27.0,,
17.006409999999963,,,,28.0,,
17.008499999999966,,,,28.0,,
17.008499999999966,,,,27.0,,
17.009479999999964,,,,28.0,,
17.011599999999966,,,,28.0,,
17.011599999999966,,,,27.0,,
17.014699999999966,,,,27.0,,
17.014699999999966,,,,26.0,,
17.017799999999966,,,,26.0,,
17.017799999999966,,,,25.0,,
17.020899999999966,,,,25.0,,
17.020899999999966,,,,24.0,,
17.023999999999965,,,,24.0,,
17.023999999999965,,,,23.0,,
17.027099999999965,,,,23.0,,
17.027099999999965,,,,22.0,,
17.030199999999965,,,,22.0,,
17.030199999999965,,,,21.0,,
17.033299999999965,,,,21.0,,
17.033299999999965,,,,20.0,,
17.033599999999964,,0.0,,,,
17.036399999999965,,,,20.0,,
17.036399999999965,,,,19.0,,
17.039499999999965,,,,19.0,,
17.039499999999965,,,,18.0,,
17.042599999999965,,,,18.0,,
17.042599999999965,,,,17.0,,
17.045699999999965,,,,17.0,,
17.045699999999965,,,,16.0,,
17.048799999999964,,,,16.0,,
17.048799999999964,,,,15.0,,
17.051899999999964,,,,15.0,,
17.051899999999964,,,,14.0,,
17.054999999999964,,,,14.0,,
17.054999999999964,,,,13.0,,
17.058099999999964,,,,13.0,,
17.058099999999964,,,,12.0,,
17.061199999999964,,,,12.0,,
17.061199999999964,,,,11.0,,
17.064299999999964,,,,11.0,,
17.064299999999964,,,,10.0,,
17.064414999999993,0.0,,,,,
17.067399999999964,,,,10.0,,
17.067399999999964,,,,9.0,,
17.070499999999964,,,,9.0,,
17.070499999999964,,,,8.0,,
17.073599999999963,,,,8.0,,
17.073599999999963,,,,7.0,,
17.076699999999963,,,,7.0,,
17.076699999999963,,,,6.0,,
17.079799999999963,,,,6.0,,
17.079799999999963,,,,5.0,,
17.082899999999963,,,,5.0,,
17.082899999999963,,,,4.0,,
17.084199999999964,,,0.0,,,
17.085999999999963,,,,4.0,,
17.085999999999963,,,,3.0,,
17.089099999999963,,,,3.0,,
17.089099999999963,,,,2.0,,
17.092199999999963,,,,2.0,,
17.092199999999963,,,,1.0,,
17.095299999999963,,,,1.0,,
17.095299999999963,,,,0.0,,
17.098399999999963,,,,0.0,,
17.099999999999973,,,,,0.0,0.0
17.133599999999966,,0.0,,,,
17.164414999999995,0.0,,,,,
17.184199999999965,,,0.0,,,
17.198399999999964,,,,0.0,,
17.199999999999974,,,,,0.0,0.0
17.233599999999967,,0.0,,,,
17.264414999999996,0.0,,,,,
17.284199999999966,,,0.0,,,
17.298399999999965,,,,0.0,,
17.299999999999976,,,,,0.0,0.0
17.33359999999997,,0.0,,,,
17.364414999999997,0.0,,,,,
17.384199999999968,,,0.0,,,
17.398399999999967,,,,0.0,,
17.399999999999977,,,,,0.0,0.0
17.43359999999997,,0.0,,,,
17.464415,0.0,,,,,
17.48419999999997,,,0.0,,,
17.498399999999968,,,,0.0,,
17.49999999999998,,,,,0.0,0.0
17.53359999999997,,0.0,,,,
17.564415,0.0,,,,,
17.58419999999997,,,0.0,,,
17.59839999999997,,,,0.0,,
17.59999999999998,,,,,0.0,0.0
17.633599999999973,,0.0,,,,
17.664415,0.0,,,,,
17.684199999999972,,,0.0,,,
17.69839999999997,,,,0.0,,
17.69999999999998,,,,,0.0,0.0
17.733599999999974,,0.0,,,,
17.764415000000003,0.0,,,,,
17.784199999999974,,,0.0,,,
17.798399999999972,,,,0.0,,
17.799999999999983,,,,,0.0,0.0
17.833599999999976,,0.0,,,,
17.864415000000005,0.0,,,,,
17.884199999999975,,,0.0,,,
17.898399999999974,,,,0.0,,
17.899999999999984,,,,,0.0,0.0
17.933599999999977,,0.0,,,,
17.964415000000006,0.0,,,,,
17.984199999999976,,,0.0,,,
17.998399999999975,,,,0.0,,
17.999999999999986,,,,,0.0,0.0
18.03359999999998,,0.0,,,,
18.064415000000007,0.0,,,,,
18.084199999999978,,,0.0,,,
18.098399999999977,,,,0.0,,
18.099999999999987,,,,,0.0,0.0
18.13359999999998,,0.0,,,,
18.16441500000001,0.0,,,,,
18.18419999999998,,,0.0,,,
18.198399999999978,,,,0.0,,
18.19999999999999,,,,,0.0,0.0
18.23359999999998,,0.0,,,,
18.26441500000001,0.0,,,,,
18.28419999999998,,,0.0,,,
18.29839999999998,,,,0.0,,
18.29999999999999,,,,,0.0,0.0
18.333599999999983,,0.0,,,,
18.36441500000001,0.0,,,,,
18.384199999999982,,,0.0,,,
18.39839999999998,,,,0.0,,
18.39999999999999,,,,,0.0,0.0
18.433599999999984,,0.0,,,,
18.464415000000013,0.0,,,,,
18.484199999999984,,,0.0,,,
18.498399999999982,,,,0.0,,
18.499999999999993,,,,,0.0,0.0
18.533599999999986,,0.0,,,,
18.564415000000015,0.0,,,,,
18.584199999999985,,,0.0,,,
18.598399999999984,,,,0.0,,
18.599999999999994,,,,,0.0,0.0
18.633599999999987,,0.0,,,,
18.664415000000016,0.0,,,,,
18.684199999999986,,,0.0,,,
18.698399999999985,,,,0.0,,
18.699999999999996,,,,,0.0,0.0
18.73359999999999,,0.0,,,,
18.764415000000017,0.0,,,,,
18.784199999999988,,,0.0,,,
18.798399999999987,,,,0.0,,
18.799999999999997,,,,,0.0,0.0
18.83359999999999,,0.0,,,,
18.86441500000002,0.0,,,,,
18.88419999999999,,,0.0,,,
18.898399999999988,,,,0.0,,
18.9,,,,,0.0,0.0
18.93359999999999,,0.0,,,,
18.96441500000002,0.0,,,,,
18.98419999999999,,,0.0,,,
18.99839999999999,,,,0.0,,
19.0,,,,,0.0,0.0
19.033599999999993,,0.0,,,,
19.06441500000002,0.0,,,,,
19.084199999999992,,,0.0,,,
19.09839999999999,,,,0.0,,
19.1,,,,,0.0,0.0
19.133599999999994,,0.0,,,,
19.164415000000023,0.0,,,,,
19.184199999999993,,,0.0,,,
19.198399999999992,,,,0.0,,
19.200000000000003,,,,,0.0,0.0
19.233599999999996,,0.0,,,,
19.264415000000024,0.0,,,,,
19.284199999999995,,,0.0,,,
19.298399999999994,,,,0.0,,
19.300000000000004,,,,,0.0,0.0
19.333599999999997,,0.0,,,,
19.364415000000026,0.0,,,,,
19.384199999999996,,,0.0,,,
19.398399999999995,,,,0.0,,
19.400000000000006,,,,,0.0,0.0
19.4336,,0.0,,,,
19.464415000000027,0.0,,,,,
19.484199999999998,,,0.0,,,
19.498399999999997,,,,0.0,,
19.500000000000007,,,,,0.0,0.0
19.5336,,0.0,,,,
19.56441500000003,0.0,,,,,
19.5842,,,0.0,,,
19.598399999999998,,,,0.0,,
19.60000000000001,,,,,0.0,0.0
19.6336,,0.0,,,,
19.66441500000003,0.0,,,,,
19.6842,,,0.0,,,
19.6984,,,,0.0,,
19.70000000000001,,,,,0.0,0.0
19.733600000000003,,0.0,,,,
19.76441500000003,0.0,,,,,
19.784200000000002,,,0.0,,,
19.7984,,,,0.0,,
19.80000000000001,,,,,0.0,0.0
19.833600000000004,,0.0,,,,
19.864415000000033,0.0,,,,,
19.884200000000003,,,0.0,,,
19.898400000000002,,,,0.0,,
19.900000000000013,,,,,0.0,0.0
19.933600000000006,,0.0,,,,
19.964415000000034,0.0,,,,,
19.984200000000005,,,0.0,,,
19.998400000000004,,,,0.0,,
20.000000000000014,,,,,0.0,0.0
20.033600000000007,,0.0,,,,
20.064415000000036,0.0,,,,,
20.084200000000006,,,0.0,,,
20.098400000000005,,,,0.0,,
20.100000000000016,,,,,0.0,0.0
20.13360000000001,,0.0,,,,
20.164415000000037,0.0,,,,,
20.184200000000008,,,0.0,,,
20.198400000000007,,,,0.0,,
20.200000000000017,,,,,0.0,0.0
20.23360000000001,,0.0,,,,
20.26441500000004,0.0,,,,,
20.28420000000001,,,0.0,,,
20.298400000000008,,,,0.0,,
20.30000000000002,,,,,0.0,0.0
20.33360000000001,,0.0,,,,
20.36441500000004,0.0,,,,,
20.38420000000001,,,0.0,,,
20.39840000000001,,,,0.0,,
20.40000000000002,,,,,0.0,0.0
20.433600000000013,,0.0,,,,
20.46441500000004,0.0,,,,,
20.484200000000012,,,0.0,,,
20.49840000000001,,,,0.0,,
20.50000000000002,,,,,0.0,0.0
20.533600000000014,,0.0,,,,
20.564415000000043,0.0,,,,,
20.584200000000013,,,0.0,,,
20.598400000000012,,,,0.0,,
20.600000000000023,,,,,0.0,0.0
20.633600000000015,,0.0,,,,
20.664415000000044,0.0,,,,,
20.684200000000015,,,0.0,,,
20.698400000000014,,,,0.0,,
20.700000000000024,,,,,0.0,0.0
20.733600000000017,,0.0,,,,
20.764415000000046,0.0,,,,,
20.784200000000016,,,0.0,,,
20.798400000000015,,,,0.0,,
20.800000000000026,,,,,0.0,0.0
20.83360000000002,,0.0,,,,
20.864415000000047,0.0,,,,,
20.884200000000018,,,0.0,,,
20.898400000000017,,,,0.0,,
20.900000000000027,,,,,0.0,0.0
20.93360000000002,,0.0,,,,
20.96441500000005,0.0,,,,,
20.98420000000002,,,0.0,,,
20.998400000000018,,,,0.0,,
21.00000000000003,,,,,0.0,0.0
21.03360000000002,,0.0,,,,
21.06441500000005,0.0,,,,,
21.08420000000002,,,0.0,,,
21.09840000000002,,,,0.0,,
21.10000000000003,,,,,0.0,0.0
21.133600000000023,,0.0,,,,
21.16441500000005,0.0,,,,,
21.184200000000022,,,0.0,,,
21.19840000000002,,,,0.0,,
21.20000000000003,,,,,0.0,0.0
21.233600000000024,,0.0,,,,
21.264415000000053,0.0,,,,,
21.284200000000023,,,0.0,,,
21.298400000000022,,,,0.0,,
21.300000000000033,,,,,0.0,0.0
21.333600000000025,,0.0,,,,
21.364415000000054,0.0,,,,,
21.384200000000025,,,0.0,,,
21.398400000000024,,,,0.0,,
21.400000000000034,,,,,0.0,0.0
21.433600000000027,,0.0,,,,
21.464415000000056,0.0,,,,,
21.484200000000026,,,0.0,,,
21.498400000000025,,,,0.0,,
21.500000000000036,,,,,0.0,0.0
21.53360000000003,,0.0,,,,
21.564415000000057,0.0,,,,,
21.584200000000028,,,0.0,,,
21.598400000000026,,,,0.0,,
21.600000000000037,,,,,0.0,0.0
21.63360000000003,,0.0,,,,
21.66441500000006,0.0,,,,,
21.68420000000003,,,0.0,,,
21.698400000000028,,,,0.0,,
21.70000000000004,,,,,0.0,0.0
21.73360000000003,,0.0,,,,
21.76441500000006,0.0,,,,,
21.78420000000003,,,0.0,,,
21.79840000000003,,,,0.0,,
21.80000000000004,,,,,0.0,0.0
21.833600000000033,,0.0,,,,
21.86441500000006,0.0,,,,,
21.884200000000032,,,0.0,,,
21.89840000000003,,,,0.0,,
21.90000000000004,,,,,0.0,0.0
21.933600000000034,,0.0,,,,
21.964415000000063,0.0,,,,,
21.984200000000033,,,0.0,,,
21.998400000000032,,,,0.0,,
22.000000000000043,,,,,0.0,0.0
22.033600000000035,,0.0,,,,
22.064415000000064,0.0,,,,,
22.084200000000035,,,0.0,,,
22.098400000000034,,,,0.0,,
22.100000000000044,,,,,0.0,0.0
22.133600000000037,,0.0,,,,
22.164415000000066,0.0,,,,,
22.184200000000036,,,0.0,,,
22.198400000000035,,,,0.0,,
22.200000000000045,,,,,0.0,0.0
22.233600000000038,,0.0,,,,
22.264415000000067,0.0,,,,,
22.284200000000038,,,0.0,,,
22.298400000000036,,,,0.0,,
22.300000000000047,,,,,0.0,0.0
22.33360000000004,,0.0,,,,
22.36441500000007,0.0,,,,,
22.38420000000004,,,0.0,,,
22.398400000000038,,,,0.0,,
22.40000000000005,,,,,0.0,0.0
22.43360000000004,,0.0,,,,
22.46441500000007,0.0,,,,,
22.48420000000004,,,0.0,,,
22.49840000000004,,,,0.0,,
22.50000000000005,,,,,0.0,0.0
22.533600000000042,,0.0,,,,
22.56441500000007,0.0,,,,,
22.584200000000042,,,0.0,,,
22.59840000000004,,,,0.0,,
22.60000000000005,,,,,0.0,0.0
22.633600000000044,,0.0,,,,
22.664415000000073,0.0,,,,,
22.684200000000043,,,0.0,,,
22.698400000000042,,,,0.0,,
22.700000000000053,,,,,0.0,0.0
22.733600000000045,,0.0,,,,
22.764415000000074,0.0,,,,,
22.784200000000045,,,0.0,,,
22.798400000000044,,,,0.0,,
22.800000000000054,,,,,0.0,0.0
22.833600000000047,,0.0,,,,
22.864415000000076,0.0,,,,,
22.884200000000046,,,0.0,,,
22.898400000000045,,,,0.0,,
22.900000000000055,,,,,0.0,0.0
22.933600000000048,,0.0,,,,
22.964415000000077,0.0,,,,,
22.984200000000047,,,0.0,,,
22.998400000000046,,,,0.0,,
23.000000000000057,,,,,0.0,0.0
23.03360000000005,,0.0,,,,
23.06441500000008,0.0,,,,,
23.08420000000005,,,0.0,,,
23.098400000000048,,,,0.0,,
23.10000000000006,,,,,0.0,0.0
23.13360000000005,,0.0,,,,
23.16441500000008,0.0,,,,,
23.18420000000005,,,0.0,,,
23.19840000000005,,,,0.0,,
23.20000000000006,,,,,0.0,0.0
23.233600000000052,,0.0,,,,
23.26441500000008,0.0,,,,,
23.28420000000005,,,0.0,,,
23.29840000000005,,,,0.0,,
23.30000000000006,,,,,0.0,0.0
23.333600000000054,,0.0,,,,
23.364415000000083,0.0,,,,,
23.384200000000053,,,0.0,,,
23.398400000000052,,,,0.0,,
23.400000000000063,,,,,0.0,0.0
23.433600000000055,,0.0,,,,
23.464415000000084,0.0,,,,,
23.484200000000055,,,0.0,,,
23.498400000000053,,,,0.0,,
23.500000000000064,,,,,0.0,0.0
23.533600000000057,,0.0,,,,
23.564415000000086,0.0,,,,,
23.584200000000056,,,0.0,,,
23.598400000000055,,,,0.0,,
23.600000000000065,,,,,0.0,0.0
23.633600000000058,,0.0,,,,
23.664415000000087,0.0,,,,,
23.684200000000057,,,0.0,,,
23.698400000000056,,,,0.0,,
23.700000000000067,,,,,0.0,0.0
23.73360000000006,,0.0,,,,
23.76441500000009,0.0,,,,,
23.78420000000006,,,0.0,,,
23.798400000000058,,,,0.0,,
23.800000000000068,,,,,0.0,0.0
23.83360000000006,,0.0,,,,
23.86441500000009,0.0,,,,,
23.88420000000006,,,0.0,,,
23.89840000000006,,,,0.0,,
23.90000000000007,,,,,0.0,0.0
23.933600000000062,,0.0,,,,
23.96441500000009,0.0,,,,,
23.98420000000006,,,0.0,,,
23.99840000000006,,,,0.0,,
24.00000000000007,,,,,0.0,0.0
24.033600000000064,,0.0,,,,
24.064415000000093,0.0,,,,,
24.084200000000063,,,0.0,,,
24.098400000000062,,,,0.0,,
24.100000000000072,,,,,0.0,0.0
24.133600000000065,,0.0,,,,
24.164415000000094,0.0,,,,,
24.184200000000065,,,0.0,,,
24.198400000000063,,,,0.0,,
24.200000000000074,,,,,0.0,0.0
24.233600000000067,,0.0,,,,
24.264415000000096,0.0,,,,,
24.284200000000066,,,0.0,,,
24.298400000000065,,,,0.0,,
24.300000000000075,,,,,0.0,0.0
24.333600000000068,,0.0,,,,
24.364415000000097,0.0,,,,,
24.384200000000067,,,0.0,,,
24.398400000000066,,,,0.0,,
24.400000000000077,,,,,0.0,0.0
24.43360000000007,,0.0,,,,
24.4644150000001,0.0,,,,,
24.48420000000007,,,0.0,,,
24.498400000000068,,,,0.0,,
24.500000000000078,,,,,0.0,0.0
24.53360000000007,,0.0,,,,
24.5644150000001,0.0,,,,,
24.58420000000007,,,0.0,,,
24.59840000000007,,,,0.0,,
24.60000000000008,,,,,0.0,0.0
24.633600000000072,,0.0,,,,
24.6644150000001,0.0,,,,,
24.68420000000007,,,0.0,,,
24.69840000000007,,,,0.0,,
24.70000000000008,,,,,0.0,0.0
24.733600000000074,,0.0,,,,
24.764415000000103,0.0,,,,,
24.784200000000073,,,0.0,,,
24.798400000000072,,,,0.0,,
24.800000000000082,,,,,0.0,0.0
24.833600000000075,,0.0,,,,
24.864415000000104,0.0,,,,,
24.884200000000074,,,0.0,,,
24.898400000000073,,,,0.0,,
24.900000000000084,,,,,0.0,0.0
24.933600000000077,,0.0,,,,
24.964415000000105,0.0,,,,,
24.984200000000076,,,0.0,,,
24.998400000000075,,,,0.0,,
25.000000000000085,,,,,0.0,0.0
25.033600000000078,,0.0,,,,
25.064415000000107,0.0,,,,,
25.084200000000077,,,0.0,,,
25.098400000000076,,,,0.0,,
25.100000000000087,,,,,0.0,0.0
25.13360000000008,,0.0,,,,
25.16441500000011,0.0,,,,,
25.18420000000008,,,0.0,,,
25.198400000000078,,,,0.0,,
25.200000000000088,,,,,0.0,0.0
25.23360000000008,,0.0,,,,
25.26441500000011,0.0,,,,,
25.28420000000008,,,0.0,,,
25.29840000000008,,,,0.0,,
25.30000000000009,,,,,0.0,0.0
25.333600000000082,,0.0,,,,
25.36441500000011,0.0,,,,,
25.38420000000008,,,0.0,,,
25.39840000000008,,,,0.0,,
25.40000000000009,,,,,0.0,0.0
25.433600000000084,,0.0,,,,
25.464415000000113,0.0,,,,,
25.484200000000083,,,0.0,,,
25.498400000000082,,,,0.0,,
25.500000000000092,,,,,0.0,0.0
25.533600000000085,,0.0,,,,
25.564415000000114,0.0,,,,,
25.584200000000084,,,0.0,,,
25.598400000000083,,,,0.0,,
25.600000000000094,,,,,0.0,0.0
25.633600000000087,,0.0,,,,
25.664415000000115,0.0,,,,,
25.684200000000086,,,0.0,,,
25.698400000000085,,,,0.0,,
25.700000000000095,,,,,0.0,0.0
25.733600000000088,,0.0,,,,
25.764415000000117,0.0,,,,,
25.784200000000087,,,0.0,,,
25.798400000000086,,,,0.0,,
25.800000000000097,,,,,0.0,0.0
25.83360000000009,,0.0,,,,
25.86441500000012,0.0,,,,,
25.88420000000009,,,0.0,,,
25.898400000000088,,,,0.0,,
25.900000000000098,,,,,0.0,0.0
25.93360000000009,,0.0,,,,
25.96441500000012,0.0,,,,,
25.98420000000009,,,0.0,,,
25.99840000000009,,,,0.0,,
26.0000000000001,,,,,0.0,0.0
26.033600000000092,,0.0,,,,
26.06441500000012,0.0,,,,,
26.08420000000009,,,0.0,,,
26.09840000000009,,,,0.0,,
26.1000000000001,,,,,0.0,0.0
26.133600000000094,,0.0,,,,
26.164415000000123,0.0,,,,,
26.184200000000093,,,0.0,,,
26.198400000000092,,,,0.0,,
26.200000000000102,,,,,0.0,0.0
26.233600000000095,,0.0,,,,
26.264415000000124,0.0,,,,,
26.284200000000094,,,0.0,,,
26.298400000000093,,,,0.0,,
26.300000000000104,,,,,0.0,0.0
26.333600000000096,,0.0,,,,
26.364415000000125,0.0,,,,,
26.384200000000096,,,0.0,,,
26.398400000000095,,,,0.0,,
26.400000000000105,,,,,0.0,0.0
26.433600000000098,,0.0,,,,
26.464415000000127,0.0,,,,,
26.484200000000097,,,0.0,,,
26.498400000000096,,,,0.0,,
26.500000000000107,,,,,0.0,0.0
26.5336000000001,,0.0,,,,
26.56441500000013,0.0,,,,,
26.5842000000001,,,0.0,,,
26.598400000000098,,,,0.0,,
26.600000000000108,,,,,0.0,0.0
26.6336000000001,,0.0,,,,
26.66441500000013,0.0,,,,,
26.6842000000001,,,0.0,,,
26.6984000000001,,,,0.0,,
26.70000000000011,,,,,0.0,0.0
26.733600000000102,,0.0,,,,
26.76441500000013,0.0,,,,,
26.7842000000001,,,0.0,,,
26.7984000000001,,,,0.0,,
26.80000000000011,,,,,0.0,0.0
26.833600000000104,,0.0,,,,
26.864415000000132,0.0,,,,,
26.884200000000103,,,0.0,,,
26.898400000000102,,,,0.0,,
26.900000000000112,,,,,0.0,0.0
26.933600000000105,,0.0,,,,
26.964415000000134,0.0,,,,,
26.984200000000104,,,0.0,,,
26.998400000000103,,,,0.0,,
27.000000000000114,,,,,0.0,0.0
27.033600000000106,,0.0,,,,
27.064415000000135,0.0,,,,,
27.084200000000106,,,0.0,,,
27.098400000000105,,,,0.0,,
27.100000000000115,,,,,0.0,0.0
27.133600000000108,,0.0,,,,
27.164415000000137,0.0,,,,,
27.184200000000107,,,0.0,,,
27.198400000000106,,,,0.0,,
27.200000000000117,,,,,0.0,0.0
27.23360000000011,,0.0,,,,
27.264415000000138,0.0,,,,,
27.28420000000011,,,0.0,,,
27.298400000000107,,,,0.0,,
27.300000000000118,,,,,0.0,0.0
27.33360000000011,,0.0,,,,
27.36441500000014,0.0,,,,,
27.38420000000011,,,0.0,,,
27.39840000000011,,,,0.0,,
27.40000000000012,,,,,0.0,0.0
27.433600000000112,,0.0,,,,
27.46441500000014,0.0,,,,,
27.48420000000011,,,0.0,,,
27.49840000000011,,,,0.0,,
27.50000000000012,,,,,0.0,0.0
27.533600000000114,,0.0,,,,
27.564415000000142,0.0,,,,,
27.584200000000113,,,0.0,,,
27.59840000000011,,,,0.0,,
27.600000000000122,,,,,0.0,0.0
27.633600000000115,,0.0,,,,
27.664415000000144,0.0,,,,,
27.684200000000114,,,0.0,,,
27.698400000000113,,,,0.0,,
27.700000000000124,,,,,0.0,0.0
27.733600000000116,,0.0,,,,
27.764415000000145,0.0,,,,,
27.784200000000116,,,0.0,,,
27.798400000000115,,,,0.0,,
27.800000000000125,,,,,0.0,0.0
27.833600000000118,,0.0,,,,
27.864415000000147,0.0,,,,,
27.884200000000117,,,0.0,,,
27.898400000000116,,,,0.0,,
27.900000000000126,,,,,0.0,0.0
27.93360000000012,,0.0,,,,
27.964415000000148,0.0,,,,,
27.98420000000012,,,0.0,,,
27.998400000000117,,,,0.0,,
28.000000000000128,,,,,0.0,0.0
28.03360000000012,,0.0,,,,
28.06441500000015,0.0,,,,,
28.08420000000012,,,0.0,,,
28.09840000000012,,,,0.0,,
28.10000000000013,,,,,0.0,0.0
28.133600000000122,,0.0,,,,
28.16441500000015,0.0,,,,,
28.18420000000012,,,0.0,,,
28.19840000000012,,,,0.0,,
28.20000000000013,,,,,0.0,0.0
28.233600000000123,,0.0,,,,
28.264415000000152,0.0,,,,,
28.284200000000123,,,0.0,,,
28.29840000000012,,,,0.0,,
28.300000000000132,,,,,0.0,0.0
28.333600000000125,,0.0,,,,
28.364415000000154,0.0,,,,,
28.384200000000124,,,0.0,,,
28.398400000000123,,,,0.0,,
28.400000000000134,,,,,0.0,0.0
28.433600000000126,,0.0,,,,
28.464415000000155,0.0,,,,,
28.484200000000126,,,0.0,,,
28.498400000000125,,,,0.0,,
28.500000000000135,,,,,0.0,0.0
28.533600000000128,,0.0,,,,
28.564415000000157,0.0,,,,,
28.584200000000127,,,0.0,,,
28.598400000000126,,,,0.0,,
28.600000000000136,,,,,0.0,0.0
28.63360000000013,,0.0,,,,
28.664415000000158,0.0,,,,,
28.68420000000013,,,0.0,,,
28.698400000000127,,,,0.0,,
28.700000000000138,,,,,0.0,0.0
28.73360000000013,,0.0,,,,
28.76441500000016,0.0,,,,,
28.78420000000013,,,0.0,,,
28.79840000000013,,,,0.0,,
28.80000000000014,,,,,0.0,0.0
28.833600000000132,,0.0,,,,
28.86441500000016,0.0,,,,,
28.88420000000013,,,0.0,,,
28.89840000000013,,,,0.0,,
28.90000000000014,,,,,0.0,0.0
28.933600000000133,,0.0,,,,
28.964415000000162,0.0,,,,,
28.984200000000133,,,0.0,,,
28.99840000000013,,,,0.0,,
29.000000000000142,,,,,0.0,0.0
29.033600000000135,,0.0,,,,
29.064415000000164,0.0,,,,,
29.084200000000134,,,0.0,,,
29.098400000000133,,,,0.0,,
29.100000000000144,,,,,0.0,0.0
29.133600000000136,,0.0,,,,
29.164415000000165,0.0,,,,,
29.184200000000136,,,0.0,,,
29.198400000000134,,,,0.0,,
29.200000000000145,,,,,0.0,0.0
29.233600000000138,,0.0,,,,
29.264415000000167,0.0,,,,,
29.284200000000137,,,0.0,,,
29.298400000000136,,,,0.0,,
29.300000000000146,,,,,0.0,0.0
29.33360000000014,,0.0,,,,
29.364415000000168,0.0,,,,,
29.38420000000014,,,0.0,,,
29.398400000000137,,,,0.0,,
29.400000000000148,,,,,0.0,0.0
29.43360000000014,,0.0,,,,
29.46441500000017,0.0,,,,,
29.48420000000014,,,0.0,,,
29.49840000000014,,,,0.0,,
29.50000000000015,,,,,0.0,0.0
29.533600000000142,,0.0,,,,
29.56441500000017,0.0,,,,,
29.58420000000014,,,0.0,,,
29.59840000000014,,,,0.0,,
29.60000000000015,,,,,0.0,0.0
29.633600000000143,,0.0,,,,
29.664415000000172,0.0,,,,,
29.684200000000143,,,0.0,,,
29.69840000000014,,,,0.0,,
29.700000000000152,,,,,0.0,0.0
29.733600000000145,,0.0,,,,
29.764415000000174,0.0,,,,,
29.784200000000144,,,0.0,,,
29.798400000000143,,,,0.0,,
29.800000000000153,,,,,0.0,0.0
29.833600000000146,,0.0,,,,
29.864415000000175,0.0,,,,,
29.884200000000146,,,0.0,,,
29.898400000000144,,,,0.0,,
29.900000000000155,,,,,0.0,0.0
29.933600000000148,,0.0,,,,
29.964415000000177,0.0,,,,,
29.984200000000147,,,0.0,,,
29.998400000000146,,,,0.0,,
30.000000000000156,,,,,0.0,0.0
30.03360000000015,,0.0,,,,
30.064415000000178,0.0,,,,,
30.08420000000015,,,0.0,,,
30.098400000000147,,,,0.0,,
30.100000000000158,,,,,0.0,0.0
30.13360000000015,,0.0,,,,
30.16441500000018,0.0,,,,,
30.18420000000015,,,0.0,,,
30.19840000000015,,,,0.0,,
30.20000000000016,,,,,0.0,0.0
30.233600000000152,,0.0,,,,
30.26441500000018,0.0,,,,,
30.28420000000015,,,0.0,,,
30.29840000000015,,,,0.0,,
30.30000000000016,,,,,0.0,0.0
30.333600000000153,,0.0,,,,
30.364415000000182,0.0,,,,,
30.384200000000153,,,0.0,,,
30.39840000000015,,,,0.0,,
30.400000000000162,,,,,0.0,0.0
30.433600000000155,,0.0,,,,
30.464415000000184,0.0,,,,,
30.484200000000154,,,0.0,,,
30.498400000000153,,,,0.0,,
30.500000000000163,,,,,0.0,0.0
30.533600000000156,,0.0,,,,
30.564415000000185,0.0,,,,,
30.584200000000155,,,0.0,,,
30.598400000000154,,,,0.0,,
30.600000000000165,,,,,0.0,0.0
30.633600000000158,,0.0,,,,
30.664415000000186,0.0,,,,,
30.684200000000157,,,0.0,,,
30.698400000000156,,,,0.0,,
30.700000000000166,,,,,0.0,0.0
30.73360000000016,,0.0,,,,
30.764415000000188,0.0,,,,,
30.78420000000016,,,0.0,,,
30.798400000000157,,,,0.0,,
30.800000000000168,,,,,0.0,0.0
30.83360000000016,,0.0,,,,
30.86441500000019,0.0,,,,,
30.88420000000016,,,0.0,,,
30.89840000000016,,,,0.0,,
30.90000000000017,,,,,0.0,0.0
30.933600000000162,,0.0,,,,
30.96441500000019,0.0,,,,,
30.98420000000016,,,0.0,,,
30.99840000000016,,,,0.0,,
31.00000000000017,,,,,0.0,0.0
31.033600000000163,,0.0,,,,
31.064415000000192,0.0,,,,,
31.084200000000163,,,0.0,,,
31.09840000000016,,,,0.0,,
31.100000000000172,,,,,0.0,0.0
31.133600000000165,,0.0,,,,
31.164415000000194,0.0,,,,,
31.184200000000164,,,0.0,,,
31.198400000000163,,,,0.0,,
31.200000000000173,,,,,0.0,0.0
31.233600000000166,,0.0,,,,
31.264415000000195,0.0,,,,,
31.284200000000165,,,0.0,,,
31.298400000000164,,,,0.0,,
31.300000000000175,,,,,0.0,0.0
31.333600000000168,,0.0,,,,
31.364415000000196,0.0,,,,,
31.384200000000167,,,0.0,,,
31.398400000000166,,,,0.0,,
31.400000000000176,,,,,0.0,0.0
31.43360000000017,,0.0,,,,
31.464415000000198,0.0,,,,,
31.48420000000017,,,0.0,,,
31.498400000000167,,,,0.0,,
31.500000000000178,,,,,0.0,0.0
31.53360000000017,,0.0,,,,
31.5644150000002,0.0,,,,,
31.58420000000017,,,0.0,,,
31.59840000000017,,,,0.0,,
31.60000000000018,,,,,0.0,0.0
31.633600000000172,,0.0,,,,
31.6644150000002,0.0,,,,,
31.68420000000017,,,0.0,,,
31.69840000000017,,,,0.0,,
31.70000000000018,,,,,0.0,0.0
31.733600000000173,,0.0,,,,
31.764415000000202,0.0,,,,,
31.784200000000173,,,0.0,,,
31.79840000000017,,,,0.0,,
31.800000000000182,,,,,0.0,0.0
31.833600000000175,,0.0,,,,
31.864415000000204,0.0,,,,,
31.884200000000174,,,0.0,,,
31.898400000000173,,,,0.0,,
31.900000000000183,,,,,0.0,0.0
31.933600000000176,,0.0,,,,
31.964415000000205,0.0,,,,,
31.984200000000175,,,0.0,,,
31.998400000000174,,,,0.0,,
32.000000000000185,,,,,0.0,0.0
32.03360000000018,,0.0,,,,
32.0644150000002,0.0,,,,,
32.08420000000017,,,0.0,,,
32.098400000000176,,,,0.0,,
32.100000000000186,,,,,0.0,0.0
32.13360000000018,,0.0,,,,
32.164415000000204,0.0,,,,,
32.184200000000175,,,0.0,,,
32.19840000000018,,,,0.0,,
32.20000000000019,,,,,0.0,0.0
32.23360000000018,,0.0,,,,
32.264415000000206,0.0,,,,,
32.284200000000176,,,0.0,,,
32.29840000000018,,,,0.0,,
32.30000000000019,,,,,0.0,0.0
32.33360000000018,,0.0,,,,
32.36441500000021,0.0,,,,,
32.38420000000018,,,0.0,,,
32.39840000000018,,,,0.0,,
32.40000000000019,,,,,0.0,0.0
32.43360000000018,,0.0,,,,
32.46441500000021,0.0,,,,,
32.48420000000018,,,0.0,,,
32.49840000000018,,,,0.0,,
32.50000000000019,,,,,0.0,0.0
32.533600000000185,,0.0,,,,
32.56441500000021,0.0,,,,,
32.58420000000018,,,0.0,,,
32.59840000000018,,,,0.0,,
32.60000000000019,,,,,0.0,0.0
32.633600000000186,,0.0,,,,
32.66441500000021,0.0,,,,,
32.68420000000018,,,0.0,,,
32.698400000000184,,,,0.0,,
32.700000000000195,,,,,0.0,0.0
32.73360000000019,,0.0,,,,
32.76441500000021,0.0,,,,,
32.78420000000018,,,0.0,,,
32.798400000000186,,,,0.0,,
32.800000000000196,,,,,0.0,0.0
32.83360000000019,,0.0,,,,
32.864415000000214,0.0,,,,,
32.884200000000185,,,0.0,,,
32.89840000000019,,,,0.0,,
32.9000000000002,,,,,0.0,0.0
32.93360000000019,,0.0,,,,
32.964415000000216,0.0,,,,,
32.984200000000186,,,0.0,,,
32.99840000000019,,,,0.0,,
33.0000000000002,,,,,0.0,0.0
33.03360000000019,,0.0,,,,
33.06441500000022,0.0,,,,,
33.08420000000019,,,0.0,,,
33.09840000000019,,,,0.0,,
33.1000000000002,,,,,0.0,0.0
33.13360000000019,,0.0,,,,
33.16441500000022,0.0,,,,,
33.18420000000019,,,0.0,,,
33.19840000000019,,,,0.0,,
33.2000000000002,,,,,0.0,0.0
33.233600000000195,,0.0,,,,
33.26441500000022,0.0,,,,,
33.28420000000019,,,0.0,,,
33.29840000000019,,,,0.0,,
33.3000000000002,,,,,0.0,0.0
33.333600000000196,,0.0,,,,
33.36441500000022,0.0,,,,,
33.38420000000019,,,0.0,,,
33.398400000000194,,,,0.0,,
33.400000000000205,,,,,0.0,0.0
33.4336000000002,,0.0,,,,
33.46441500000022,0.0,,,,,
33.48420000000019,,,0.0,,,
33.498400000000196,,,,0.0,,
33.500000000000206,,,,,0.0,0.0
33.5336000000002,,0.0,,,,
33.564415000000224,0.0,,,,,
33.584200000000195,,,0.0,,,
33.5984000000002,,,,0.0,,
33.60000000000021,,,,,0.0,0.0
33.6336000000002,,0.0,,,,
33.664415000000226,0.0,,,,,
33.684200000000196,,,0.0,,,
33.6984000000002,,,,0.0,,
33.70000000000021,,,,,0.0,0.0
33.7336000000002,,0.0,,,,
33.76441500000023,0.0,,,,,
33.7842000000002,,,0.0,,,
33.7984000000002,,,,0.0,,
33.80000000000021,,,,,0.0,0.0
33.8336000000002,,0.0,,,,
33.86441500000023,0.0,,,,,
33.8842000000002,,,0.0,,,
33.8984000000002,,,,0.0,,
33.90000000000021,,,,,0.0,0.0
33.933600000000204,,0.0,,,,
33.96441500000023,0.0,,,,,
33.9842000000002,,,0.0,,,
33.9984000000002,,,,0.0,,
34.00000000000021,,,,,0.0,0.0
34.033600000000206,,0.0,,,,
34.06441500000023,0.0,,,,,
34.0842000000002,,,0.0,,,
34.098400000000204,,,,0.0,,
34.100000000000215,,,,,0.0,0.0
34.13360000000021,,0.0,,,,
34.16441500000023,0.0,,,,,
34.1842000000002,,,0.0,,,
34.198400000000206,,,,0.0,,
34.200000000000216,,,,,0.0,0.0
34.23360000000021,,0.0,,,,
34.264415000000234,0.0,,,,,
34.284200000000205,,,0.0,,,
34.29840000000021,,,,0.0,,
34.30000000000022,,,,,0.0,0.0
34.33360000000021,,0.0,,,,
34.364415000000236,0.0,,,,,
34.384200000000206,,,0.0,,,
34.39840000000021,,,,0.0,,
34.40000000000022,,,,,0.0,0.0
34.43360000000021,,0.0,,,,
34.46441500000024,0.0,,,,,
34.48420000000021,,,0.0,,,
34.49840000000021,,,,0.0,,
34.50000000000022,,,,,0.0,0.0
34.53360000000021,,0.0,,,,
34.56441500000024,0.0,,,,,
34.58420000000021,,,0.0,,,
34.59840000000021,,,,0.0,,
34.60000000000022,,,,,0.0,0.0
34.633600000000214,,0.0,,,,
34.66441500000024,0.0,,,,,
34.68420000000021,,,0.0,,,
34.69840000000021,,,,0.0,,
34.70000000000022,,,,,0.0,0.0
34.733600000000216,,0.0,,,,
34.76441500000024,0.0,,,,,
34.78420000000021,,,0.0,,,
34.798400000000214,,,,0.0,,
34.800000000000225,,,,,0.0,0.0
34.83360000000022,,0.0,,,,
34.86441500000024,0.0,,,,,
34.88420000000021,,,0.0,,,
34.898400000000215,,,,0.0,,
34.900000000000226,,,,,0.0,0.0
34.93360000000022,,0.0,,,,
34.964415000000244,0.0,,,,,
34.984200000000214,,,0.0,,,
34.99840000000022,,,,0.0,,
35.00000000000023,,,,,0.0,0.0
35.03360000000022,,0.0,,,,
35.064415000000245,0.0,,,,,
35.084200000000216,,,0.0,,,
35.09840000000022,,,,0.0,,
35.10000000000023,,,,,0.0,0.0
35.13360000000022,,0.0,,,,
35.16441500000025,0.0,,,,,
35.18420000000022,,,0.0,,,
35.19840000000022,,,,0.0,,
35.20000000000023,,,,,0.0,0.0
35.23360000000022,,0.0,,,,
35.26441500000025,0.0,,,,,
35.28420000000022,,,0.0,,,
35.29840000000022,,,,0.0,,
35.30000000000023,,,,,0.0,0.0
35.333600000000224,,0.0,,,,
35.36441500000025,0.0,,,,,
35.38420000000022,,,0.0,,,
35.39840000000022,,,,0.0,,
35.40000000000023,,,,,0.0,0.0
35.433600000000226,,0.0,,,,
35.46441500000025,0.0,,,,,
35.48420000000022,,,0.0,,,
35.498400000000224,,,,0.0,,
35.500000000000234,,,,,0.0,0.0
35.53360000000023,,0.0,,,,
35.56441500000025,0.0,,,,,
35.58420000000022,,,0.0,,,
35.598400000000225,,,,0.0,,
35.600000000000236,,,,,0.0,0.0
35.63360000000023,,0.0,,,,
35.664415000000254,0.0,,,,,
35.684200000000224,,,0.0,,,
35.69840000000023,,,,0.0,,
35.70000000000024,,,,,0.0,0.0
35.73360000000023,,0.0,,,,
35.764415000000255,0.0,,,,,
35.784200000000226,,,0.0,,,
35.79840000000023,,,,0.0,,
35.80000000000024,,,,,0.0,0.0
35.83360000000023,,0.0,,,,
35.86441500000026,0.0,,,,,
35.88420000000023,,,0.0,,,
35.89840000000023,,,,0.0,,
35.90000000000024,,,,,0.0,0.0
35.93360000000023,,0.0,,,,
35.96441500000026,0.0,,,,,
35.98420000000023,,,0.0,,,
35.99840000000023,,,,0.0,,
36.00000000000024,,,,,0.0,0.0
36.033600000000234,,0.0,,,,
36.06441500000026,0.0,,,,,
36.08420000000023,,,0.0,,,
36.09840000000023,,,,0.0,,
36.10000000000024,,,,,0.0,0.0
36.133600000000236,,0.0,,,,
36.16441500000026,0.0,,,,,
36.18420000000023,,,0.0,,,
36.198400000000234,,,,0.0,,
36.200000000000244,,,,,0.0,0.0
36.23360000000024,,0.0,,,,
36.26441500000026,0.0,,,,,
36.28420000000023,,,0.0,,,
36.298400000000235,,,,0.0,,
36.300000000000246,,,,,0.0,0.0
36.33360000000024,,0.0,,,,
36.364415000000264,0.0,,,,,
36.384200000000234,,,0.0,,,
36.39840000000024,,,,0.0,,
36.40000000000025,,,,,0.0,0.0
36.43360000000024,,0.0,,,,
36.464415000000265,0.0,,,,,
36.484200000000236,,,0.0,,,
36.49840000000024,,,,0.0,,
36.50000000000025,,,,,0.0,0.0
36.53360000000024,,0.0,,,,
36.56441500000027,0.0,,,,,
36.58420000000024,,,0.0,,,
36.59840000000024,,,,0.0,,
36.60000000000025,,,,,0.0,0.0
36.63360000000024,,0.0,,,,
36.66441500000027,0.0,,,,,
36.68420000000024,,,0.0,,,
36.69840000000024,,,,0.0,,
36.70000000000025,,,,,0.0,0.0
36.733600000000244,,0.0,,,,
36.76441500000027,0.0,,,,,
36.78420000000024,,,0.0,,,
36.79840000000024,,,,0.0,,
36.80000000000025,,,,,0.0,0.0
36.833600000000246,,0.0,,,,
36.86441500000027,0.0,,,,,
36.88420000000024,,,0.0,,,
36.898400000000244,,,,0.0,,
36.900000000000254,,,,,0.0,0.0
36.93360000000025,,0.0,,,,
36.96441500000027,0.0,,,,,
36.98420000000024,,,0.0,,,
36.998400000000245,,,,0.0,,
37.000000000000256,,,,,0.0,0.0
37.03360000000025,,0.0,,,,
37.064415000000274,0.0,,,,,
37.084200000000244,,,0.0,,,
37.09840000000025,,,,0.0,,
37.10000000000026,,,,,0.0,0.0
37.13360000000025,,0.0,,,,
37.164415000000275,0.0,,,,,
37.184200000000246,,,0.0,,,
37.19840000000025,,,,0.0,,
37.20000000000026,,,,,0.0,0.0
37.23360000000025,,0.0,,,,
37.26441500000028,0.0,,,,,
37.28420000000025,,,0.0,,,
37.29840000000025,,,,0.0,,
37.30000000000026,,,,,0.0,0.0
37.33360000000025,,0.0,,,,
37.36441500000028,0.0,,,,,
37.38420000000025,,,0.0,,,
37.39840000000025,,,,0.0,,
37.40000000000026,,,,,0.0,0.0
37.433600000000254,,0.0,,,,
37.46441500000028,0.0,,,,,
37.48420000000025,,,0.0,,,
37.49840000000025,,,,0.0,,
37.50000000000026,,,,,0.0,0.0
37.533600000000256,,0.0,,,,
37.56441500000028,0.0,,,,,
37.58420000000025,,,0.0,,,
37.598400000000254,,,,0.0,,
37.600000000000264,,,,,0.0,0.0
37.63360000000026,,0.0,,,,
37.66441500000028,0.0,,,,,
37.68420000000025,,,0.0,,,
37.698400000000255,,,,0.0,,
37.700000000000266,,,,,0.0,0.0
37.73360000000026,,0.0,,,,
37.764415000000284,0.0,,,,,
37.784200000000254,,,0.0,,,
37.79840000000026,,,,0.0,,
37.80000000000027,,,,,0.0,0.0
37.83360000000026,,0.0,,,,
37.864415000000285,0.0,,,,,
37.884200000000256,,,0.0,,,
37.89840000000026,,,,0.0,,
37.90000000000027,,,,,0.0,0.0
37.93360000000026,,0.0,,,,
37.96441500000029,0.0,,,,,
37.98420000000026,,,0.0,,,
37.99840000000026,,,,0.0,,
38.00000000000027,,,,,0.0,0.0
38.03360000000026,,0.0,,,,
38.06441500000029,0.0,,,,,
38.08420000000026,,,0.0,,,
38.09840000000026,,,,0.0,,
38.10000000000027,,,,,0.0,0.0
38.133600000000264,,0.0,,,,
38.16441500000029,0.0,,,,,
38.18420000000026,,,0.0,,,
38.19840000000026,,,,0.0,,
38.20000000000027,,,,,0.0,0.0
38.233600000000266,,0.0,,,,
38.26441500000029,0.0,,,,,
38.28420000000026,,,0.0,,,
38.298400000000264,,,,0.0,,
38.300000000000274,,,,,0.0,0.0
38.33360000000027,,0.0,,,,
38.36441500000029,0.0,,,,,
38.38420000000026,,,0.0,,,
38.398400000000265,,,,0.0,,
38.400000000000276,,,,,0.0,0.0
38.43360000000027,,0.0,,,,
38.464415000000294,0.0,,,,,
38.484200000000264,,,0.0,,,
38.49840000000027,,,,0.0,,
38.50000000000028,,,,,0.0,0.0
38.53360000000027,,0.0,,,,
38.564415000000295,0.0,,,,,
38.584200000000266,,,0.0,,,
38.59840000000027,,,,0.0,,
38.60000000000028,,,,,0.0,0.0
38.63360000000027,,0.0,,,,
38.6644150000003,0.0,,,,,
38.68420000000027,,,0.0,,,
38.69840000000027,,,,0.0,,
38.70000000000028,,,,,0.0,0.0
38.73360000000027,,0.0,,,,
38.7644150000003,0.0,,,,,
38.78420000000027,,,0.0,,,
38.79840000000027,,,,0.0,,
38.80000000000028,,,,,0.0,0.0
38.833600000000274,,0.0,,,,
38.8644150000003,0.0,,,,,
38.88420000000027,,,0.0,,,
38.89840000000027,,,,0.0,,
38.90000000000028,,,,,0.0,0.0
38.933600000000276,,0.0,,,,
38.9644150000003,0.0,,,,,
38.98420000000027,,,0.0,,,
38.998400000000274,,,,0.0,,
39.000000000000284,,,,,0.0,0.0
39.03360000000028,,0.0,,,,
39.0644150000003,0.0,,,,,
39.08420000000027,,,0.0,,,
39.098400000000275,,,,0.0,,
39.100000000000286,,,,,0.0,0.0
39.13360000000028,,0.0,,,,
39.164415000000304,0.0,,,,,
39.184200000000274,,,0.0,,,
39.19840000000028,,,,0.0,,
39.20000000000029,,,,,0.0,0.0
39.23360000000028,,0.0,,,,
39.264415000000305,0.0,,,,,
39.284200000000276,,,0.0,,,
39.29840000000028,,,,0.0,,
39.30000000000029,,,,,0.0,0.0
39.33360000000028,,0.0,,,,
39.36441500000031,0.0,,,,,
39.38420000000028,,,0.0,,,
39.39840000000028,,,,0.0,,
39.40000000000029,,,,,0.0,0.0
39.43360000000028,,0.0,,,,
39.46441500000031,0.0,,,,,
39.48420000000028,,,0.0,,,
39.49840000000028,,,,0.0,,
39.50000000000029,,,,,0.0,0.0
39.533600000000284,,0.0,,,,
39.56441500000031,0.0,,,,,
39.58420000000028,,,0.0,,,
39.59840000000028,,,,0.0,,
39.60000000000029,,,,,0.0,0.0
39.633600000000285,,0.0,,,,
39.66441500000031,0.0,,,,,
39.68420000000028,,,0.0,,,
39.698400000000284,,,,0.0,,
39.700000000000294,,,,,0.0,0.0
39.73360000000029,,0.0,,,,
39.76441500000031,0.0,,,,,
39.78420000000028,,,0.0,,,
39.798400000000285,,,,0.0,,
39.800000000000296,,,,,0.0,0.0
39.83360000000029,,0.0,,,,
39.864415000000314,0.0,,,,,
39.884200000000284,,,0.0,,,
39.89840000000029,,,,0.0,,
39.9000000000003,,,,,0.0,0.0
39.93360000000029,,0.0,,,,
39.964415000000315,0.0,,,,,
39.984200000000286,,,0.0,,,
39.99840000000029,,,,0.0,,
40.0000000000003,,,,,0.0,0.0
40.03360000000029,,0.0,,,,
40.06441500000032,0.0,,,,,
40.08420000000029,,,0.0,,,
40.09840000000029,,,,0.0,,
40.1000000000003,,,,,0.0,0.0
40.13360000000029,,0.0,,,,
40.16441500000032,0.0,,,,,
40.18420000000029,,,0.0,,,
40.19840000000029,,,,0.0,,
40.2000000000003,,,,,0.0,0.0
40.233600000000294,,0.0,,,,
40.26441500000032,0.0,,,,,
40.28420000000029,,,0.0,,,
40.29840000000029,,,,0.0,,
40.3000000000003,,,,,0.0,0.0
40.333600000000295,,0.0,,,,
40.36441500000032,0.0,,,,,
40.38420000000029,,,0.0,,,
40.398400000000294,,,,0.0,,
40.400000000000304,,,,,0.0,0.0
40.4336000000003,,0.0,,,,
40.46441500000032,0.0,,,,,
40.48420000000029,,,0.0,,,
40.498400000000295,,,,0.0,,
40.500000000000306,,,,,0.0,0.0
40.5336000000003,,0.0,,,,
40.564415000000324,0.0,,,,,
40.584200000000294,,,0.0,,,
40.5984000000003,,,,0.0,,
40.60000000000031,,,,,0.0,0.0
40.6336000000003,,0.0,,,,
40.664415000000325,0.0,,,,,
40.684200000000295,,,0.0,,,
40.6984000000003,,,,0.0,,
40.70000000000031,,,,,0.0,0.0
40.7336000000003,,0.0,,,,
40.76441500000033,0.0,,,,,
40.7842000000003,,,0.0,,,
40.7984000000003,,,,0.0,,
40.80000000000031,,,,,0.0,0.0
40.8336000000003,,0.0,,,,
40.86441500000033,0.0,,,,,
40.8842000000003,,,0.0,,,
40.8984000000003,,,,0.0,,
40.90000000000031,,,,,0.0,0.0
40.933600000000304,,0.0,,,,
40.96441500000033,0.0,,,,,
40.9842000000003,,,0.0,,,
40.9984000000003,,,,0.0,,
41.00000000000031,,,,,0.0,0.0
41.033600000000305,,0.0,,,,
41.06441500000033,0.0,,,,,
41.0842000000003,,,0.0,,,
41.098400000000304,,,,0.0,,
41.100000000000314,,,,,0.0,0.0
41.13360000000031,,0.0,,,,
41.16441500000033,0.0,,,,,
41.1842000000003,,,0.0,,,
41.198400000000305,,,,0.0,,
41.200000000000315,,,,,0.0,0.0
41.23360000000031,,0.0,,,,
41.264415000000334,0.0,,,,,
41.284200000000304,,,0.0,,,
41.298400000000306,,,,0.0,,
41.30000000000032,,,,,0.0,0.0
41.33360000000031,,0.0,,,,
41.364415000000335,0.0,,,,,
41.384200000000305,,,0.0,,,
41.39840000000031,,,,0.0,,
41.40000000000032,,,,,0.0,0.0
41.43360000000031,,0.0,,,,
41.464415000000336,0.0,,,,,
41.48420000000031,,,0.0,,,
41.49840000000031,,,,0.0,,
41.50000000000032,,,,,0.0,0.0
41.53360000000031,,0.0,,,,
41.56441500000034,0.0,,,,,
41.58420000000031,,,0.0,,,
41.59840000000031,,,,0.0,,
41.60000000000032,,,,,0.0,0.0
41.633600000000314,,0.0,,,,
41.66441500000034,0.0,,,,,
41.68420000000031,,,0.0,,,
41.69840000000031,,,,0.0,,
41.70000000000032,,,,,0.0,0.0
41.733600000000315,,0.0,,,,
41.76441500000034,0.0,,,,,
41.78420000000031,,,0.0,,,
41.79840000000031,,,,0.0,,
41.800000000000324,,,,,0.0,0.0
41.83360000000032,,0.0,,,,
41.86441500000034,0.0,,,,,
41.88420000000031,,,0.0,,,
41.898400000000315,,,,0.0,,
41.900000000000325,,,,,0.0,0.0
41.93360000000032,,0.0,,,,
41.96441500000034,0.0,,,,,
41.984200000000314,,,0.0,,,
41.998400000000316,,,,0.0,,
42.00000000000033,,,,,0.0,0.0
42.03360000000032,,0.0,,,,
42.064415000000345,0.0,,,,,
42.084200000000315,,,0.0,,,
42.09840000000032,,,,0.0,,
42.10000000000033,,,,,0.0,0.0
42.13360000000032,,0.0,,,,
42.164415000000346,0.0,,,,,
42.18420000000032,,,0.0,,,
42.19840000000032,,,,0.0,,
42.20000000000033,,,,,0.0,0.0
42.23360000000032,,0.0,,,,
42.26441500000035,0.0,,,,,
42.28420000000032,,,0.0,,,
42.29840000000032,,,,0.0,,
42.30000000000033,,,,,0.0,0.0
42.333600000000324,,0.0,,,,
42.36441500000035,0.0,,,,,
42.38420000000032,,,0.0,,,
42.39840000000032,,,,0.0,,
42.40000000000033,,,,,0.0,0.0
42.433600000000325,,0.0,,,,
42.46441500000035,0.0,,,,,
42.48420000000032,,,0.0,,,
42.49840000000032,,,,0.0,,
42.500000000000334,,,,,0.0,0.0
42.53360000000033,,0.0,,,,
42.56441500000035,0.0,,,,,
42.58420000000032,,,0.0,,,
42.598400000000325,,,,0.0,,
42.600000000000335,,,,,0.0,0.0
42.63360000000033,,0.0,,,,
42.66441500000035,0.0,,,,,
42.684200000000324,,,0.0,,,
42.698400000000326,,,,0.0,,
42.70000000000034,,,,,0.0,0.0
42.73360000000033,,0.0,,,,
42.764415000000355,0.0,,,,,
42.784200000000325,,,0.0,,,
42.79840000000033,,,,0.0,,
42.80000000000034,,,,,0.0,0.0
42.83360000000033,,0.0,,,,
42.864415000000356,0.0,,,,,
42.88420000000033,,,0.0,,,
42.89840000000033,,,,0.0,,
42.90000000000034,,,,,0.0,0.0
42.93360000000033,,0.0,,,,
42.96441500000036,0.0,,,,,
42.98420000000033,,,0.0,,,
42.99840000000033,,,,0.0,,
43.00000000000034,,,,,0.0,0.0
43.033600000000334,,0.0,,,,
43.06441500000036,0.0,,,,,
43.08420000000033,,,0.0,,,
43.09840000000033,,,,0.0,,
43.10000000000034,,,,,0.0,0.0
43.133600000000335,,0.0,,,,
43.16441500000036,0.0,,,,,
43.18420000000033,,,0.0,,,
43.19840000000033,,,,0.0,,
43.200000000000344,,,,,0.0,0.0
43.23360000000034,,0.0,,,,
43.26441500000036,0.0,,,,,
43.28420000000033,,,0.0,,,
43.298400000000335,,,,0.0,,
43.300000000000345,,,,,0.0,0.0
43.33360000000034,,0.0,,,,
43.36441500000036,0.0,,,,,
43.384200000000334,,,0.0,,,
43.398400000000336,,,,0.0,,
43.40000000000035,,,,,0.0,0.0
43.43360000000034,,0.0,,,,
43.464415000000365,0.0,,,,,
43.484200000000335,,,0.0,,,
43.49840000000034,,,,0.0,,
43.50000000000035,,,,,0.0,0.0
43.53360000000034,,0.0,,,,
43.564415000000366,0.0,,,,,
43.58420000000034,,,0.0,,,
43.59840000000034,,,,0.0,,
43.60000000000035,,,,,0.0,0.0
43.63360000000034,,0.0,,,,
43.66441500000037,0.0,,,,,
43.68420000000034,,,0.0,,,
43.69840000000034,,,,0.0,,
43.70000000000035,,,,,0.0,0.0
43.733600000000344,,0.0,,,,
43.76441500000037,0.0,,,,,
43.78420000000034,,,0.0,,,
43.79840000000034,,,,0.0,,
43.80000000000035,,,,,0.0,0.0
43.833600000000345,,0.0,,,,
43.86441500000037,0.0,,,,,
43.88420000000034,,,0.0,,,
43.89840000000034,,,,0.0,,
43.900000000000354,,,,,0.0,0.0
43.93360000000035,,0.0,,,,
43.96441500000037,0.0,,,,,
43.98420000000034,,,0.0,,,
43.998400000000345,,,,0.0,,
44.000000000000355,,,,,0.0,0.0
44.03360000000035,,0.0,,,,
44.06441500000037,0.0,,,,,
44.084200000000344,,,0.0,,,
44.098400000000346,,,,0.0,,
44.10000000000036,,,,,0.0,0.0
44.13360000000035,,0.0,,,,
44.164415000000375,0.0,,,,,
44.184200000000345,,,0.0,,,
44.19840000000035,,,,0.0,,
44.20000000000036,,,,,0.0,0.0
44.23360000000035,,0.0,,,,
44.264415000000376,0.0,,,,,
44.28420000000035,,,0.0,,,
44.29840000000035,,,,0.0,,
44.30000000000036,,,,,0.0,0.0
44.33360000000035,,0.0,,,,
44.36441500000038,0.0,,,,,
44.38420000000035,,,0.0,,,
44.39840000000035,,,,0.0,,
44.40000000000036,,,,,0.0,0.0
44.433600000000354,,0.0,,,,
44.46441500000038,0.0,,,,,
44.48420000000035,,,0.0,,,
44.49840000000035,,,,0.0,,
44.50000000000036,,,,,0.0,0.0
44.533600000000355,,0.0,,,,
44.56441500000038,0.0,,,,,
44.58420000000035,,,0.0,,,
44.59840000000035,,,,0.0,,
44.600000000000364,,,,,0.0,0.0
44.63360000000036,,0.0,,,,
44.66441500000038,0.0,,,,,
44.68420000000035,,,0.0,,,
44.698400000000355,,,,0.0,,
44.700000000000365,,,,,0.0,0.0
44.73360000000036,,0.0,,,,
44.76441500000038,0.0,,,,,
44.784200000000354,,,0.0,,,
44.798400000000356,,,,0.0,,
44.80000000000037,,,,,0.0,0.0
44.83360000000036,,0.0,,,,
44.864415000000385,0.0,,,,,
44.884200000000355,,,0.0,,,
44.89840000000036,,,,0.0,,
44.90000000000037,,,,,0.0,0.0
44.93360000000036,,0.0,,,,
44.964415000000386,0.0,,,,,
44.98420000000036,,,0.0,,,
44.99840000000036,,,,0.0,,
45.00000000000037,,,,,0.0,0.0
45.03360000000036,,0.0,,,,
45.06441500000039,0.0,,,,,
45.08420000000036,,,0.0,,,
45.09840000000036,,,,0.0,,
45.10000000000037,,,,,0.0,0.0
45.133600000000364,,0.0,,,,
45.16441500000039,0.0,,,,,
45.18420000000036,,,0.0,,,
45.19840000000036,,,,0.0,,
45.20000000000037,,,,,0.0,0.0
45.233600000000365,,0.0,,,,
45.26441500000039,0.0,,,,,
45.28420000000036,,,0.0,,,
45.29840000000036,,,,0.0,,
45.300000000000374,,,,,0.0,0.0
45.33360000000037,,0.0,,,,
45.36441500000039,0.0,,,,,
45.38420000000036,,,0.0,,,
45.398400000000365,,,,0.0,,
45.400000000000375,,,,,0.0,0.0
45.43360000000037,,0.0,,,,
45.46441500000039,0.0,,,,,
45.484200000000364,,,0.0,,,
45.498400000000366,,,,0.0,,
45.50000000000038,,,,,0.0,0.0
45.53360000000037,,0.0,,,,
45.564415000000395,0.0,,,,,
45.584200000000365,,,0.0,,,
45.59840000000037,,,,0.0,,
45.60000000000038,,,,,0.0,0.0
45.63360000000037,,0.0,,,,
45.664415000000396,0.0,,,,,
45.68420000000037,,,0.0,,,
45.69840000000037,,,,0.0,,
45.70000000000038,,,,,0.0,0.0
45.73360000000037,,0.0,,,,
45.7644150000004,0.0,,,,,
45.78420000000037,,,0.0,,,
45.79840000000037,,,,0.0,,
45.80000000000038,,,,,0.0,0.0
45.833600000000374,,0.0,,,,
45.8644150000004,0.0,,,,,
45.88420000000037,,,0.0,,,
45.89840000000037,,,,0.0,,
45.90000000000038,,,,,0.0,0.0
45.933600000000375,,0.0,,,,
45.9644150000004,0.0,,,,,
45.98420000000037,,,0.0,,,
45.99840000000037,,,,0.0,,
46.000000000000384,,,,,0.0,0.0
46.033600000000376,,0.0,,,,
46.0644150000004,0.0,,,,,
46.08420000000037,,,0.0,,,
46.098400000000375,,,,0.0,,
46.100000000000385,,,,,0.0,0.0
46.13360000000038,,0.0,,,,
46.1644150000004,0.0,,,,,
46.184200000000374,,,0.0,,,
46.198400000000376,,,,0.0,,
46.20000000000039,,,,,0.0,0.0
46.23360000000038,,0.0,,,,
46.264415000000405,0.0,,,,,
46.284200000000375,,,0.0,,,
46.29840000000038,,,,0.0,,
46.30000000000039,,,,,0.0,0.0
46.33360000000038,,0.0,,,,
46.364415000000406,0.0,,,,,
46.38420000000038,,,0.0,,,
46.39840000000038,,,,0.0,,
46.40000000000039,,,,,0.0,0.0
46.43360000000038,,0.0,,,,
46.46441500000041,0.0,,,,,
46.48420000000038,,,0.0,,,
46.49840000000038,,,,0.0,,
46.50000000000039,,,,,0.0,0.0
46.53360000000038,,0.0,,,,
46.56441500000041,0.0,,,,,
46.58420000000038,,,0.0,,,
46.59840000000038,,,,0.0,,
46.60000000000039,,,,,0.0,0.0
46.633600000000385,,0.0,,,,
46.66441500000041,0.0,,,,,
46.68420000000038,,,0.0,,,
46.69840000000038,,,,0.0,,
46.700000000000394,,,,,0.0,0.0
46.733600000000386,,0.0,,,,
46.76441500000041,0.0,,,,,
46.78420000000038,,,0.0,,,
46.798400000000385,,,,0.0,,
46.800000000000395,,,,,0.0,0.0
46.83360000000039,,0.0,,,,
46.86441500000041,0.0,,,,,
46.884200000000384,,,0.0,,,
46.898400000000386,,,,0.0,,
46.9000000000004,,,,,0.0,0.0
46.93360000000039,,0.0,,,,
46.964415000000415,0.0,,,,,
46.984200000000385,,,0.0,,,
46.99840000000039,,,,0.0,,
47.0000000000004,,,,,0.0,0.0
47.03360000000039,,0.0,,,,
47.064415000000416,0.0,,,,,
47.084200000000386,,,0.0,,,
47.09840000000039,,,,0.0,,
47.1000000000004,,,,,0.0,0.0
47.13360000000039,,0.0,,,,
47.16441500000042,0.0,,,,,
47.18420000000039,,,0.0,,,
47.19840000000039,,,,0.0,,
47.2000000000004,,,,,0.0,0.0
47.23360000000039,,0.0,,,,
47.26441500000042,0.0,,,,,
47.28420000000039,,,0.0,,,
47.29840000000039,,,,0.0,,
47.3000000000004,,,,,0.0,0.0
47.333600000000395,,0.0,,,,
47.36441500000042,0.0,,,,,
47.38420000000039,,,0.0,,,
47.39840000000039,,,,0.0,,
47.400000000000404,,,,,0.0,0.0
47.433600000000396,,0.0,,,,
47.46441500000042,0.0,,,,,
47.48420000000039,,,0.0,,,
47.498400000000395,,,,0.0,,
47.500000000000405,,,,,0.0,0.0
47.5336000000004,,0.0,,,,
47.56441500000042,0.0,,,,,
47.58420000000039,,,0.0,,,
47.598400000000396,,,,0.0,,
47.600000000000406,,,,,0.0,0.0
47.6336000000004,,0.0,,,,
47.664415000000425,0.0,,,,,
47.684200000000395,,,0.0,,,
47.6984000000004,,,,0.0,,
47.70000000000041,,,,,0.0,0.0
47.7336000000004,,0.0,,,,
47.764415000000426,0.0,,,,,
47.784200000000396,,,0.0,,,
47.7984000000004,,,,0.0,,
47.80000000000041,,,,,0.0,0.0
47.8336000000004,,0.0,,,,
47.86441500000043,0.0,,,,,
47.8842000000004,,,0.0,,,
47.8984000000004,,,,0.0,,
47.90000000000041,,,,,0.0,0.0
47.9336000000004,,0.0,,,,
47.96441500000043,0.0,,,,,
47.9842000000004,,,0.0,,,
47.9984000000004,,,,0.0,,
48.00000000000041,,,,,0.0,0.0
48.033600000000405,,0.0,,,,
48.06441500000043,0.0,,,,,
48.0842000000004,,,0.0,,,
48.0984000000004,,,,0.0,,
48.10000000000041,,,,,0.0,0.0
48.133600000000406,,0.0,,,,
48.16441500000043,0.0,,,,,
48.1842000000004,,,0.0,,,
48.198400000000404,,,,0.0,,
48.200000000000415,,,,,0.0,0.0
48.23360000000041,,0.0,,,,
48.26441500000043,0.0,,,,,
48.2842000000004,,,0.0,,,
48.298400000000406,,,,0.0,,
48.300000000000416,,,,,0.0,0.0
48.33360000000041,,0.0,,,,
48.364415000000434,0.0,,,,,
48.384200000000405,,,0.0,,,
48.39840000000041,,,,0.0,,
48.40000000000042,,,,,0.0,0.0
48.43360000000041,,0.0,,,,
48.464415000000436,0.0,,,,,
48.484200000000406,,,0.0,,,
48.49840000000041,,,,0.0,,
48.50000000000042,,,,,0.0,0.0
48.53360000000041,,0.0,,,,
48.56441500000044,0.0,,,,,
48.58420000000041,,,0.0,,,
48.59840000000041,,,,0.0,,
48.60000000000042,,,,,0.0,0.0
48.63360000000041,,0.0,,,,
48.66441500000044,0.0,,,,,
48.68420000000041,,,0.0,,,
48.69840000000041,,,,0.0,,
48.70000000000042,,,,,0.0,0.0
48.733600000000415,,0.0,,,,
48.76441500000044,0.0,,,,,
48.78420000000041,,,0.0,,,
48.79840000000041,,,,0.0,,
48.80000000000042,,,,,0.0,0.0
48.833600000000416,,0.0,,,,
48.86441500000044,0.0,,,,,
48.88420000000041,,,0.0,,,
48.898400000000414,,,,0.0,,
48.900000000000425,,,,,0.0,0.0
48.93360000000042,,0.0,,,,
48.96441500000044,0.0,,,,,
48.98420000000041,,,0.0,,,
48.998400000000416,,,,0.0,,
49.000000000000426,,,,,0.0,0.0
49.03360000000042,,0.0,,,,
49.064415000000444,0.0,,,,,
49.084200000000415,,,0.0,,,
49.09840000000042,,,,0.0,,
49.10000000000043,,,,,0.0,0.0
49.13360000000042,,0.0,,,,
49.164415000000446,0.0,,,,,
49.184200000000416,,,0.0,,,
49.19840000000042,,,,0.0,,
49.20000000000043,,,,,0.0,0.0
49.23360000000042,,0.0,,,,
49.26441500000045,0.0,,,,,
49.28420000000042,,,0.0,,,
49.29840000000042,,,,0.0,,
49.30000000000043,,,,,0.0,0.0
49.33360000000042,,0.0,,,,
49.36441500000045,0.0,,,,,
49.38420000000042,,,0.0,,,
49.39840000000042,,,,0.0,,
49.40000000000043,,,,,0.0,0.0
49.433600000000425,,0.0,,,,
49.46441500000045,0.0,,,,,
49.48420000000042,,,0.0,,,
49.49840000000042,,,,0.0,,
49.50000000000043,,,,,0.0,0.0
49.533600000000426,,0.0,,,,
49.56441500000045,0.0,,,,,
49.58420000000042,,,0.0,,,
49.598400000000424,,,,0.0,,
49.600000000000435,,,,,0.0,0.0
49.63360000000043,,0.0,,,,
49.66441500000045,0.0,,,,,
49.68420000000042,,,0.0,,,
49.698400000000426,,,,0.0,,
49.700000000000436,,,,,0.0,0.0
49.73360000000043,,0.0,,,,
49.764415000000454,0.0,,,,,
49.784200000000425,,,0.0,,,
49.79840000000043,,,,0.0,,
49.80000000000044,,,,,0.0,0.0
49.83360000000043,,0.0,,,,
49.864415000000456,0.0,,,,,
49.884200000000426,,,0.0,,,
49.89840000000043,,,,0.0,,
49.90000000000044,,,,,0.0,0.0
49.93360000000043,,0.0,,,,
49.96441500000046,0.0,,,,,
49.98420000000043,,,0.0,,,
49.99840000000043,,,,0.0,,
50.00000000000044,,,,,0.0,0.0
50.03360000000043,,0.0,,,,
50.06441500000046,0.0,,,,,
50.08420000000043,,,0.0,,,
50.09840000000043,,,,0.0,,
50.10000000000044,,,,,0.0,0.0
50.133600000000435,,0.0,,,,
50.16441500000046,0.0,,,,,
50.18420000000043,,,0.0,,,
50.19840000000043,,,,0.0,,
50.20000000000044,,,,,0.0,0.0
50.233600000000436,,0.0,,,,
50.26441500000046,0.0,,,,,
50.28420000000043,,,0.0,,,
50.298400000000434,,,,0.0,,
50.300000000000445,,,,,0.0,0.0
50.33360000000044,,0.0,,,,
50.36441500000046,0.0,,,,,
50.38420000000043,,,0.0,,,
50.398400000000436,,,,0.0,,
50.400000000000446,,,,,0.0,0.0
50.43360000000044,,0.0,,,,
50.464415000000464,0.0,,,,,
50.484200000000435,,,0.0,,,
50.49840000000044,,,,0.0,,
50.50000000000045,,,,,0.0,0.0
50.53360000000044,,0.0,,,,
50.564415000000466,0.0,,,,,
50.584200000000436,,,0.0,,,
50.59840000000044,,,,0.0,,
50.60000000000045,,,,,0.0,0.0
50.63360000000044,,0.0,,,,
50.66441500000047,0.0,,,,,
50.68420000000044,,,0.0,,,
50.69840000000044,,,,0.0,,
50.70000000000045,,,,,0.0,0.0
50.73360000000044,,0.0,,,,
50.76441500000047,0.0,,,,,
50.78420000000044,,,0.0,,,
50.79840000000044,,,,0.0,,
50.80000000000045,,,,,0.0,0.0
50.833600000000445,,0.0,,,,
50.86441500000047,0.0,,,,,
50.88420000000044,,,0.0,,,
50.89840000000044,,,,0.0,,
50.90000000000045,,,,,0.0,0.0
50.933600000000446,,0.0,,,,
50.96441500000047,0.0,,,,,
50.98420000000044,,,0.0,,,
50.998400000000444,,,,0.0,,
51.000000000000455,,,,,0.0,0.0
51.03360000000045,,0.0,,,,
51.06441500000047,0.0,,,,,
51.08420000000044,,,0.0,,,
51.098400000000446,,,,0.0,,
51.100000000000456,,,,,0.0,0.0
51.13360000000045,,0.0,,,,
51.164415000000474,0.0,,,,,
51.184200000000445,,,0.0,,,
51.19840000000045,,,,0.0,,
51.20000000000046,,,,,0.0,0.0
51.23360000000045,,0.0,,,,
51.264415000000476,0.0,,,,,
51.284200000000446,,,0.0,,,
51.29840000000045,,,,0.0,,
51.30000000000046,,,,,0.0,0.0
51.33360000000045,,0.0,,,,
51.36441500000048,0.0,,,,,
51.38420000000045,,,0.0,,,
51.39840000000045,,,,0.0,,
51.40000000000046,,,,,0.0,0.0
51.43360000000045,,0.0,,,,
51.46441500000048,0.0,,,,,
51.48420000000045,,,0.0,,,
51.49840000000045,,,,0.0,,
51.50000000000046,,,,,0.0,0.0
51.533600000000455,,0.0,,,,
51.56441500000048,0.0,,,,,
51.58420000000045,,,0.0,,,
51.59840000000045,,,,0.0,,
51.60000000000046,,,,,0.0,0.0
51.633600000000456,,0.0,,,,
51.66441500000048,0.0,,,,,
51.68420000000045,,,0.0,,,
51.698400000000454,,,,0.0,,
51.700000000000465,,,,,0.0,0.0
51.73360000000046,,0.0,,,,
51.76441500000048,0.0,,,,,
51.78420000000045,,,0.0,,,
51.798400000000456,,,,0.0,,
51.800000000000466,,,,,0.0,0.0
51.83360000000046,,0.0,,,,
51.864415000000484,0.0,,,,,
51.884200000000455,,,0.0,,,
51.89840000000046,,,,0.0,,
51.90000000000047,,,,,0.0,0.0
51.93360000000046,,0.0,,,,
51.964415000000486,0.0,,,,,
51.984200000000456,,,0.0,,,
51.99840000000046,,,,0.0,,
52.00000000000047,,,,,0.0,0.0
52.03360000000046,,0.0,,,,
52.06441500000049,0.0,,,,,
52.08420000000046,,,0.0,,,
52.09840000000046,,,,0.0,,
52.10000000000047,,,,,0.0,0.0
52.13360000000046,,0.0,,,,
52.16441500000049,0.0,,,,,
52.18420000000046,,,0.0,,,
52.19840000000046,,,,0.0,,
52.20000000000047,,,,,0.0,0.0
52.233600000000465,,0.0,,,,
52.26441500000049,0.0,,,,,
52.28420000000046,,,0.0,,,
52.29840000000046,,,,0.0,,
52.30000000000047,,,,,0.0,0.0
52.333600000000466,,0.0,,,,
52.36441500000049,0.0,,,,,
52.38420000000046,,,0.0,,,
52.398400000000464,,,,0.0,,
52.400000000000475,,,,,0.0,0.0
52.43360000000047,,0.0,,,,
52.46441500000049,0.0,,,,,
52.48420000000046,,,0.0,,,
52.498400000000466,,,,0.0,,
52.500000000000476,,,,,0.0,0.0
52.53360000000047,,0.0,,,,
52.564415000000494,0.0,,,,,
52.584200000000465,,,0.0,,,
52.59840000000047,,,,0.0,,
52.60000000000048,,,,,0.0,0.0
52.63360000000047,,0.0,,,,
52.664415000000496,0.0,,,,,
52.684200000000466,,,0.0,,,
52.69840000000047,,,,0.0,,
52.70000000000048,,,,,0.0,0.0
52.73360000000047,,0.0,,,,
52.7644150000005,0.0,,,,,
52.78420000000047,,,0.0,,,
52.79840000000047,,,,0.0,,
52.80000000000048,,,,,0.0,0.0
52.83360000000047,,0.0,,,,
52.8644150000005,0.0,,,,,
52.88420000000047,,,0.0,,,
52.89840000000047,,,,0.0,,
52.90000000000048,,,,,0.0,0.0
52.933600000000474,,0.0,,,,
52.9644150000005,0.0,,,,,
52.98420000000047,,,0.0,,,
52.99840000000047,,,,0.0,,
53.00000000000048,,,,,0.0,0.0
53.033600000000476,,0.0,,,,
53.0644150000005,0.0,,,,,
53.08420000000047,,,0.0,,,
53.098400000000474,,,,0.0,,
53.100000000000485,,,,,0.0,0.0
53.13360000000048,,0.0,,,,
53.1644150000005,0.0,,,,,
53.18420000000047,,,0.0,,,
53.198400000000476,,,,0.0,,
53.200000000000486,,,,,0.0,0.0
53.23360000000048,,0.0,,,,
53.264415000000504,0.0,,,,,
53.284200000000475,,,0.0,,,
53.29840000000048,,,,0.0,,
53.30000000000049,,,,,0.0,0.0
53.33360000000048,,0.0,,,,
53.364415000000506,0.0,,,,,
53.384200000000476,,,0.0,,,
53.39840000000048,,,,0.0,,
53.40000000000049,,,,,0.0,0.0
53.43360000000048,,0.0,,,,
53.46441500000051,0.0,,,,,
53.48420000000048,,,0.0,,,
53.49840000000048,,,,0.0,,
53.50000000000049,,,,,0.0,0.0
53.53360000000048,,0.0,,,,
53.56441500000051,0.0,,,,,
53.58420000000048,,,0.0,,,
53.59840000000048,,,,0.0,,
53.60000000000049,,,,,0.0,0.0
53.633600000000484,,0.0,,,,
53.66441500000051,0.0,,,,,
53.68420000000048,,,0.0,,,
53.69840000000048,,,,0.0,,
53.70000000000049,,,,,0.0,0.0
53.733600000000486,,0.0,,,,
53.76441500000051,0.0,,,,,
53.78420000000048,,,0.0,,,
53.798400000000484,,,,0.0,,
53.800000000000495,,,,,0.0,0.0
53.83360000000049,,0.0,,,,
53.86441500000051,0.0,,,,,
53.88420000000048,,,0.0,,,
53.898400000000485,,,,0.0,,
53.900000000000496,,,,,0.0,0.0
53.93360000000049,,0.0,,,,
53.964415000000514,0.0,,,,,
53.984200000000484,,,0.0,,,
53.99840000000049,,,,0.0,,
54.0000000000005,,,,,0.0,0.0
54.03360000000049,,0.0,,,,
54.064415000000515,0.0,,,,,
54.084200000000486,,,0.0,,,
54.09840000000049,,,,0.0,,
54.1000000000005,,,,,0.0,0.0
54.13360000000049,,0.0,,,,
54.16441500000052,0.0,,,,,
54.18420000000049,,,0.0,,,
54.19840000000049,,,,0.0,,
54.2000000000005,,,,,0.0,0.0
54.23360000000049,,0.0,,,,
54.26441500000052,0.0,,,,,
54.28420000000049,,,0.0,,,
54.29840000000049,,,,0.0,,
54.3000000000005,,,,,0.0,0.0
54.333600000000494,,0.0,,,,
54.36441500000052,0.0,,,,,
54.38420000000049,,,0.0,,,
54.39840000000049,,,,0.0,,
54.4000000000005,,,,,0.0,0.0
54.433600000000496,,0.0,,,,
54.46441500000052,0.0,,,,,
54.48420000000049,,,0.0,,,
54.498400000000494,,,,0.0,,
54.500000000000504,,,,,0.0,0.0
54.5336000000005,,0.0,,,,
54.56441500000052,0.0,,,,,
54.58420000000049,,,0.0,,,
54.598400000000495,,,,0.0,,
54.600000000000506,,,,,0.0,0.0
54.6336000000005,,0.0,,,,
54.664415000000524,0.0,,,,,
54.684200000000494,,,0.0,,,
54.6984000000005,,,,0.0,,
54.70000000000051,,,,,0.0,0.0
54.7336000000005,,0.0,,,,
54.764415000000525,0.0,,,,,
54.784200000000496,,,0.0,,,
54.7984000000005,,,,0.0,,
54.80000000000051,,,,,0.0,0.0
54.8336000000005,,0.0,,,,
54.86441500000053,0.0,,,,,
54.8842000000005,,,0.0,,,
54.8984000000005,,,,0.0,,
54.90000000000051,,,,,0.0,0.0
54.9336000000005,,0.0,,,,
54.96441500000053,0.0,,,,,
54.9842000000005,,,0.0,,,
54.9984000000005,,,,0.0,,
55.00000000000051,,,,,0.0,0.0
55.033600000000504,,0.0,,,,
55.06441500000053,0.0,,,,,
55.0842000000005,,,0.0,,,
55.0984000000005,,,,0.0,,
55.10000000000051,,,,,0.0,0.0
55.133600000000506,,0.0,,,,
55.16441500000053,0.0,,,,,
55.1842000000005,,,0.0,,,
55.198400000000504,,,,0.0,,
55.200000000000514,,,,,0.0,0.0
55.23360000000051,,0.0,,,,
55.26441500000053,0.0,,,,,
55.2842000000005,,,0.0,,,
55.298400000000505,,,,0.0,,
55.300000000000516,,,,,0.0,0.0
55.33360000000051,,0.0,,,,
55.364415000000534,0.0,,,,,
55.384200000000504,,,0.0,,,
55.39840000000051,,,,0.0,,
55.40000000000052,,,,,0.0,0.0
55.43360000000051,,0.0,,,,
55.464415000000535,0.0,,,,,
55.484200000000506,,,0.0,,,
55.49840000000051,,,,0.0,,
55.50000000000052,,,,,0.0,0.0
55.53360000000051,,0.0,,,,
55.56441500000054,0.0,,,,,
55.58420000000051,,,0.0,,,
55.59840000000051,,,,0.0,,
55.60000000000052,,,,,0.0,0.0
55.63360000000051,,0.0,,,,
55.66441500000054,0.0,,,,,
55.68420000000051,,,0.0,,,
55.69840000000051,,,,0.0,,
55.70000000000052,,,,,0.0,0.0
55.733600000000514,,0.0,,,,
55.76441500000054,0.0,,,,,
55.78420000000051,,,0.0,,,
55.79840000000051,,,,0.0,,
55.80000000000052,,,,,0.0,0.0
55.833600000000516,,0.0,,,,
55.86441500000054,0.0,,,,,
55.88420000000051,,,0.0,,,
55.898400000000514,,,,0.0,,
55.900000000000524,,,,,0.0,0.0
55.93360000000052,,0.0,,,,
55.96441500000054,0.0,,,,,
55.98420000000051,,,0.0,,,
55.998400000000515,,,,0.0,,
56.000000000000526,,,,,0.0,0.0
56.03360000000052,,0.0,,,,
56.064415000000544,0.0,,,,,
56.084200000000514,,,0.0,,,
56.09840000000052,,,,0.0,,
56.10000000000053,,,,,0.0,0.0
56.13360000000052,,0.0,,,,
56.164415000000545,0.0,,,,,
56.184200000000516,,,0.0,,,
56.19840000000052,,,,0.0,,
56.20000000000053,,,,,0.0,0.0
56.23360000000052,,0.0,,,,
56.26441500000055,0.0,,,,,
56.28420000000052,,,0.0,,,
56.29840000000052,,,,0.0,,
56.30000000000053,,,,,0.0,0.0
56.33360000000052,,0.0,,,,
56.36441500000055,0.0,,,,,
56.38420000000052,,,0.0,,,
56.39840000000052,,,,0.0,,
56.40000000000053,,,,,0.0,0.0
56.433600000000524,,0.0,,,,
56.46441500000055,0.0,,,,,
56.48420000000052,,,0.0,,,
56.49840000000052,,,,0.0,,
56.50000000000053,,,,,0.0,0.0
56.533600000000526,,0.0,,,,
56.56441500000055,0.0,,,,,
56.58420000000052,,,0.0,,,
56.598400000000524,,,,0.0,,
56.600000000000534,,,,,0.0,0.0
56.63360000000053,,0.0,,,,
56.66441500000055,0.0,,,,,
56.68420000000052,,,0.0,,,
56.698400000000525,,,,0.0,,
56.700000000000536,,,,,0.0,0.0
56.73360000000053,,0.0,,,,
56.764415000000554,0.0,,,,,
56.784200000000524,,,0.0,,,
56.79840000000053,,,,0.0,,
56.80000000000054,,,,,0.0,0.0
56.83360000000053,,0.0,,,,
56.864415000000555,0.0,,,,,
56.884200000000526,,,0.0,,,
56.89840000000053,,,,0.0,,
56.90000000000054,,,,,0.0,0.0
56.93360000000053,,0.0,,,,
56.96441500000056,0.0,,,,,
56.98420000000053,,,0.0,,,
56.99840000000053,,,,0.0,,
57.00000000000054,,,,,0.0,0.0
57.03360000000053,,0.0,,,,
57.06441500000056,0.0,,,,,
57.08420000000053,,,0.0,,,
57.09840000000053,,,,0.0,,
57.10000000000054,,,,,0.0,0.0
57.133600000000534,,0.0,,,,
57.16441500000056,0.0,,,,,
57.18420000000053,,,0.0,,,
57.19840000000053,,,,0.0,,
57.20000000000054,,,,,0.0,0.0
57.233600000000536,,0.0,,,,
57.26441500000056,0.0,,,,,
57.28420000000053,,,0.0,,,
57.298400000000534,,,,0.0,,
57.300000000000544,,,,,0.0,0.0
57.33360000000054,,0.0,,,,
57.36441500000056,0.0,,,,,
57.38420000000053,,,0.0,,,
57.398400000000535,,,,0.0,,
57.400000000000546,,,,,0.0,0.0
57.43360000000054,,0.0,,,,
57.464415000000564,0.0,,,,,
57.484200000000534,,,0.0,,,
57.49840000000054,,,,0.0,,
57.50000000000055,,,,,0.0,0.0
57.53360000000054,,0.0,,,,
57.564415000000565,0.0,,,,,
57.584200000000536,,,0.0,,,
57.59840000000054,,,,0.0,,
57.60000000000055,,,,,0.0,0.0
57.63360000000054,,0.0,,,,
57.66441500000057,0.0,,,,,
57.68420000000054,,,0.0,,,
57.69840000000054,,,,0.0,,
57.70000000000055,,,,,0.0,0.0
57.73360000000054,,0.0,,,,
57.76441500000057,0.0,,,,,
57.78420000000054,,,0.0,,,
57.79840000000054,,,,0.0,,
57.80000000000055,,,,,0.0,0.0
57.833600000000544,,0.0,,,,
57.86441500000057,0.0,,,,,
57.88420000000054,,,0.0,,,
57.89840000000054,,,,0.0,,
57.90000000000055,,,,,0.0,0.0
57.933600000000546,,0.0,,,,
57.96441500000057,0.0,,,,,
57.98420000000054,,,0.0,,,
57.998400000000544,,,,0.0,,
58.000000000000554,,,,,0.0,0.0
58.03360000000055,,0.0,,,,
58.06441500000057,0.0,,,,,
58.08420000000054,,,0.0,,,
58.098400000000545,,,,0.0,,
58.100000000000556,,,,,0.0,0.0
58.13360000000055,,0.0,,,,
58.164415000000574,0.0,,,,,
58.184200000000544,,,0.0,,,
58.19840000000055,,,,0.0,,
58.20000000000056,,,,,0.0,0.0
58.23360000000055,,0.0,,,,
58.264415000000575,0.0,,,,,
58.284200000000546,,,0.0,,,
58.29840000000055,,,,0.0,,
58.30000000000056,,,,,0.0,0.0
58.33360000000055,,0.0,,,,
58.36441500000058,0.0,,,,,
58.38420000000055,,,0.0,,,
58.39840000000055,,,,0.0,,
58.40000000000056,,,,,0.0,0.0
58.43360000000055,,0.0,,,,
58.46441500000058,0.0,,,,,
58.48420000000055,,,0.0,,,
58.49840000000055,,,,0.0,,
58.50000000000056,,,,,0.0,0.0
58.533600000000554,,0.0,,,,
58.56441500000058,0.0,,,,,
58.58420000000055,,,0.0,,,
58.59840000000055,,,,0.0,,
58.60000000000056,,,,,0.0,0.0
58.633600000000555,,0.0,,,,
58.66441500000058,0.0,,,,,
58.68420000000055,,,0.0,,,
58.698400000000554,,,,0.0,,
58.700000000000564,,,,,0.0,0.0
58.73360000000056,,0.0,,,,
58.76441500000058,0.0,,,,,
58.78420000000055,,,0.0,,,
58.798400000000555,,,,0.0,,
58.800000000000566,,,,,0.0,0.0
58.83360000000056,,0.0,,,,
58.864415000000584,0.0,,,,,
58.884200000000554,,,0.0,,,
58.89840000000056,,,,0.0,,
58.90000000000057,,,,,0.0,0.0
58.93360000000056,,0.0,,,,
58.964415000000585,0.0,,,,,
58.984200000000556,,,0.0,,,
58.99840000000056,,,,0.0,,
59.00000000000057,,,,,0.0,0.0
59.03360000000056,,0.0,,,,
59.06441500000059,0.0,,,,,
59.08420000000056,,,0.0,,,
59.09840000000056,,,,0.0,,
59.10000000000057,,,,,0.0,0.0
59.13360000000056,,0.0,,,,
59.16441500000059,0.0,,,,,
59.18420000000056,,,0.0,,,
59.19840000000056,,,,0.0,,
59.20000000000057,,,,,0.0,0.0
59.233600000000564,,0.0,,,,
59.26441500000059,0.0,,,,,
59.28420000000056,,,0.0,,,
59.29840000000056,,,,0.0,,
59.30000000000057,,,,,0.0,0.0
59.333600000000565,,0.0,,,,
59.36441500000059,0.0,,,,,
59.38420000000056,,,0.0,,,
59.398400000000564,,,,0.0,,
59.400000000000574,,,,,0.0,0.0
59.43360000000057,,0.0,,,,
59.46441500000059,0.0,,,,,
59.48420000000056,,,0.0,,,
59.498400000000565,,,,0.0,,
59.500000000000576,,,,,0.0,0.0
59.53360000000057,,0.0,,,,
59.564415000000594,0.0,,,,,
59.584200000000564,,,0.0,,,
59.59840000000057,,,,0.0,,
59.60000000000058,,,,,0.0,0.0
59.63360000000057,,0.0,,,,
59.664415000000595,0.0,,,,,
59.684200000000565,,,0.0,,,
59.69840000000057,,,,0.0,,
59.70000000000058,,,,,0.0,0.0
59.73360000000057,,0.0,,,,
59.7644150000006,0.0,,,,,
59.78420000000057,,,0.0,,,
59.79840000000057,,,,0.0,,
59.80000000000058,,,,,0.0,0.0
59.83360000000057,,0.0,,,,
59.8644150000006,0.0,,,,,
59.88420000000057,,,0.0,,,
59.89840000000057,,,,0.0,,
59.90000000000058,,,,,0.0,0.0
59.933600000000574,,0.0,,,,
59.9644150000006,0.0,,,,,
59.98420000000057,,,0.0,,,
59.99840000000057,,,,0.0,,
60.00000000000058,,,,,0.0,0.0
60.033600000000575,,0.0,,,,
60.0644150000006,0.0,,,,,
60.08420000000057,,,0.0,,,
60.098400000000574,,,,0.0,,
60.100000000000584,,,,,0.0,0.0
60.13360000000058,,0.0,,,,
60.1644150000006,0.0,,,,,
60.18420000000057,,,0.0,,,
60.198400000000575,,,,0.0,,
60.200000000000585,,,,,0.0,0.0
60.23360000000058,,0.0,,,,
60.264415000000604,0.0,,,,,
60.284200000000574,,,0.0,,,
60.298400000000576,,,,0.0,,
60.30000000000059,,,,,0.0,0.0
60.33360000000058,,0.0,,,,
60.364415000000605,0.0,,,,,
60.384200000000575,,,0.0,,,
60.39840000000058,,,,0.0,,
60.40000000000059,,,,,0.0,0.0
60.43360000000058,,0.0,,,,
60.464415000000606,0.0,,,,,
60.48420000000058,,,0.0,,,
60.49840000000058,,,,0.0,,
60.50000000000059,,,,,0.0,0.0
60.53360000000058,,0.0,,,,
60.56441500000061,0.0,,,,,
60.58420000000058,,,0.0,,,
60.59840000000058,,,,0.0,,
60.60000000000059,,,,,0.0,0.0
60.633600000000584,,0.0,,,,
60.66441500000061,0.0,,,,,
60.68420000000058,,,0.0,,,
60.69840000000058,,,,0.0,,
60.70000000000059,,,,,0.0,0.0
60.733600000000585,,0.0,,,,
60.76441500000061,0.0,,,,,
60.78420000000058,,,0.0,,,
60.79840000000058,,,,0.0,,
60.800000000000594,,,,,0.0,0.0
60.83360000000059,,0.0,,,,
60.86441500000061,0.0,,,,,
60.88420000000058,,,0.0,,,
60.898400000000585,,,,0.0,,
60.900000000000595,,,,,0.0,0.0
60.93360000000059,,0.0,,,,
60.96441500000061,0.0,,,,,
60.984200000000584,,,0.0,,,
60.998400000000586,,,,0.0,,
61.0000000000006,,,,,0.0,0.0
61.03360000000059,,0.0,,,,
61.064415000000615,0.0,,,,,
61.084200000000585,,,0.0,,,
61.09840000000059,,,,0.0,,
61.1000000000006,,,,,0.0,0.0
61.13360000000059,,0.0,,,,
61.164415000000616,0.0,,,,,
61.18420000000059,,,0.0,,,
61.19840000000059,,,,0.0,,
61.2000000000006,,,,,0.0,0.0
61.23360000000059,,0.0,,,,
61.26441500000062,0.0,,,,,
61.28420000000059,,,0.0,,,
61.29840000000059,,,,0.0,,
61.3000000000006,,,,,0.0,0.0
61.333600000000594,,0.0,,,,
61.36441500000062,0.0,,,,,
61.38420000000059,,,0.0,,,
61.39840000000059,,,,0.0,,
61.4000000000006,,,,,0.0,0.0
61.433600000000595,,0.0,,,,
61.46441500000062,0.0,,,,,
61.48420000000059,,,0.0,,,
61.49840000000059,,,,0.0,,
61.500000000000604,,,,,0.0,0.0
61.5336000000006,,0.0,,,,
61.56441500000062,0.0,,,,,
61.58420000000059,,,0.0,,,
61.598400000000595,,,,0.0,,
61.600000000000605,,,,,0.0,0.0
61.6336000000006,,0.0,,,,
61.66441500000062,0.0,,,,,
61.684200000000594,,,0.0,,,
61.698400000000596,,,,0.0,,
61.70000000000061,,,,,0.0,0.0
61.7336000000006,,0.0,,,,
61.764415000000625,0.0,,,,,
61.784200000000595,,,0.0,,,
61.7984000000006,,,,0.0,,
61.80000000000061,,,,,0.0,0.0
61.8336000000006,,0.0,,,,
61.864415000000626,0.0,,,,,
61.8842000000006,,,0.0,,,
61.8984000000006,,,,0.0,,
61.90000000000061,,,,,0.0,0.0
61.9336000000006,,0.0,,,,
61.96441500000063,0.0,,,,,
61.9842000000006,,,0.0,,,
61.9984000000006,,,,0.0,,
62.00000000000061,,,,,0.0,0.0
62.033600000000604,,0.0,,,,
62.06441500000063,0.0,,,,,
62.0842000000006,,,0.0,,,
62.0984000000006,,,,0.0,,
62.10000000000061,,,,,0.0,0.0
62.133600000000605,,0.0,,,,
62.16441500000063,0.0,,,,,
62.1842000000006,,,0.0,,,
62.1984000000006,,,,0.0,,
62.200000000000614,,,,,0.0,0.0
62.23360000000061,,0.0,,,,
62.26441500000063,0.0,,,,,
62.2842000000006,,,0.0,,,
62.298400000000605,,,,0.0,,
62.300000000000615,,,,,0.0,0.0
62.33360000000061,,0.0,,,,
62.36441500000063,0.0,,,,,
62.384200000000604,,,0.0,,,
62.398400000000606,,,,0.0,,
62.40000000000062,,,,,0.0,0.0
62.43360000000061,,0.0,,,,
62.464415000000635,0.0,,,,,
62.484200000000605,,,0.0,,,
62.49840000000061,,,,0.0,,
62.50000000000062,,,,,0.0,0.0
62.53360000000061,,0.0,,,,
62.564415000000636,0.0,,,,,
62.58420000000061,,,0.0,,,
62.59840000000061,,,,0.0,,
62.60000000000062,,,,,0.0,0.0
62.63360000000061,,0.0,,,,
62.66441500000064,0.0,,,,,
62.68420000000061,,,0.0,,,
62.69840000000061,,,,0.0,,
62.70000000000062,,,,,0.0,0.0
62.733600000000614,,0.0,,,,
62.76441500000064,0.0,,,,,
62.78420000000061,,,0.0,,,
62.79840000000061,,,,0.0,,
62.80000000000062,,,,,0.0,0.0
62.833600000000615,,0.0,,,,
62.86441500000064,0.0,,,,,
62.88420000000061,,,0.0,,,
62.89840000000061,,,,0.0,,
62.900000000000624,,,,,0.0,0.0
62.93360000000062,,0.0,,,,
62.96441500000064,0.0,,,,,
62.98420000000061,,,0.0,,,
62.998400000000615,,,,0.0,,
63.000000000000625,,,,,0.0,0.0
63.03360000000062,,0.0,,,,
63.06441500000064,0.0,,,,,
63.084200000000614,,,0.0,,,
63.098400000000616,,,,0.0,,
63.10000000000063,,,,,0.0,0.0
63.13360000000062,,0.0,,,,
63.164415000000645,0.0,,,,,
63.184200000000615,,,0.0,,,
63.19840000000062,,,,0.0,,
63.20000000000063,,,,,0.0,0.0
63.23360000000062,,0.0,,,,
63.264415000000646,0.0,,,,,
63.28420000000062,,,0.0,,,
63.29840000000062,,,,0.0,,
63.30000000000063,,,,,0.0,0.0
63.33360000000062,,0.0,,,,
63.36441500000065,0.0,,,,,
63.38420000000062,,,0.0,,,
63.39840000000062,,,,0.0,,
63.40000000000063,,,,,0.0,0.0
63.433600000000624,,0.0,,,,
63.46441500000065,0.0,,,,,
63.48420000000062,,,0.0,,,
63.49840000000062,,,,0.0,,
63.50000000000063,,,,,0.0,0.0
63.533600000000625,,0.0,,,,
63.56441500000065,0.0,,,,,
63.58420000000062,,,0.0,,,
63.59840000000062,,,,0.0,,
63.600000000000634,,,,,0.0,0.0
63.63360000000063,,0.0,,,,
63.66441500000065,0.0,,,,,
63.68420000000062,,,0.0,,,
63.698400000000625,,,,0.0,,
63.700000000000635,,,,,0.0,0.0
63.73360000000063,,0.0,,,,
63.76441500000065,0.0,,,,,
63.784200000000624,,,0.0,,,
63.798400000000626,,,,0.0,,
63.80000000000064,,,,,0.0,0.0
63.83360000000063,,0.0,,,,
63.864415000000655,0.0,,,,,
63.884200000000625,,,0.0,,,
63.89840000000063,,,,0.0,,
63.90000000000064,,,,,0.0,0.0
63.93360000000063,,0.0,,,,
63.964415000000656,0.0,,,,,
63.98420000000063,,,0.0,,,
63.99840000000063,,,,0.0,,
64.00000000000064,,,,,0.0,0.0
64.03360000000063,,0.0,,,,
64.06441500000065,0.0,,,,,
64.08420000000062,,,0.0,,,
64.09840000000062,,,,0.0,,
64.10000000000063,,,,,0.0,0.0
64.13360000000063,,0.0,,,,
64.16441500000064,0.0,,,,,
64.18420000000062,,,0.0,,,
64.19840000000062,,,,0.0,,
64.20000000000063,,,,,0.0,0.0
64.23360000000062,,0.0,,,,
64.26441500000064,0.0,,,,,
64.28420000000061,,,0.0,,,
64.29840000000061,,,,0.0,,
64.30000000000062,,,,,0.0,0.0
64.33360000000062,,0.0,,,,
64.36441500000063,0.0,,,,,
64.3842000000006,,,0.0,,,
64.3984000000006,,,,0.0,,
64.40000000000062,,,,,0.0,0.0
64.43360000000061,,0.0,,,,
64.46441500000063,0.0,,,,,
64.4842000000006,,,0.0,,,
64.4984000000006,,,,0.0,,
64.50000000000061,,,,,0.0,0.0
64.5336000000006,,0.0,,,,
64.56441500000062,0.0,,,,,
64.58420000000059,,,0.0,,,
64.5984000000006,,,,0.0,,
64.6000000000006,,,,,0.0,0.0
64.6336000000006,,0.0,,,,
64.66441500000062,0.0,,,,,
64.68420000000059,,,0.0,,,
64.69840000000059,,,,0.0,,
64.7000000000006,,,,,0.0,0.0
64.73360000000059,,0.0,,,,
64.76441500000061,0.0,,,,,
64.78420000000058,,,0.0,,,
64.79840000000058,,,,0.0,,
64.8000000000006,,,,,0.0,0.0
64.83360000000059,,0.0,,,,
64.8644150000006,0.0,,,,,
64.88420000000058,,,0.0,,,
64.89840000000058,,,,0.0,,
64.90000000000059,,,,,0.0,0.0
64.93360000000058,,0.0,,,,
64.9644150000006,0.0,,,,,
64.98420000000057,,,0.0,,,
64.99840000000057,,,,0.0,,
65.00000000000058,,,,,0.0,0.0
65.03360000000058,,0.0,,,,
65.0644150000006,0.0,,,,,
65.08420000000056,,,0.0,,,
65.09840000000057,,,,0.0,,
65.10000000000058,,,,,0.0,0.0
65.13360000000057,,0.0,,,,
65.16441500000059,0.0,,,,,
65.18420000000056,,,0.0,,,
65.19840000000056,,,,0.0,,
65.20000000000057,,,,,0.0,0.0
65.23360000000056,,0.0,,,,
65.26441500000058,0.0,,,,,
65.28420000000055,,,0.0,,,
65.29840000000056,,,,0.0,,
65.30000000000057,,,,,0.0,0.0
65.33360000000056,,0.0,,,,
65.36441500000058,0.0,,,,,
65.38420000000055,,,0.0,,,
65.39840000000055,,,,0.0,,
65.40000000000056,,,,,0.0,0.0
65.43360000000055,,0.0,,,,
65.46441500000057,0.0,,,,,
65.48420000000054,,,0.0,,,
65.49840000000054,,,,0.0,,
65.50000000000055,,,,,0.0,0.0
65.53360000000055,,0.0,,,,
65.56441500000057,0.0,,,,,
65.58420000000054,,,0.0,,,
65.59840000000054,,,,0.0,,
65.60000000000055,,,,,0.0,0.0
65.63360000000054,,0.0,,,,
65.66441500000056,0.0,,,,,
65.68420000000053,,,0.0,,,
65.69840000000053,,,,0.0,,
65.70000000000054,,,,,0.0,0.0
65.73360000000054,,0.0,,,,
65.76441500000055,0.0,,,,,
65.78420000000052,,,0.0,,,
65.79840000000053,,,,0.0,,
65.80000000000054,,,,,0.0,0.0
65.83360000000053,,0.0,,,,
65.86441500000055,0.0,,,,,
65.88420000000052,,,0.0,,,
65.89840000000052,,,,0.0,,
65.90000000000053,,,,,0.0,0.0
65.93360000000052,,0.0,,,,
65.96441500000054,0.0,,,,,
65.98420000000051,,,0.0,,,
65.99840000000052,,,,0.0,,
66.00000000000053,,,,,0.0,0.0
66.03360000000052,,0.0,,,,
66.06441500000054,0.0,,,,,
66.08420000000051,,,0.0,,,
66.09840000000051,,,,0.0,,
66.10000000000052,,,,,0.0,0.0
66.13360000000051,,0.0,,,,
66.16441500000053,0.0,,,,,
66.1842000000005,,,0.0,,,
66.1984000000005,,,,0.0,,
66.20000000000051,,,,,0.0,0.0
66.23360000000051,,0.0,,,,
66.26441500000053,0.0,,,,,
66.2842000000005,,,0.0,,,
66.2984000000005,,,,0.0,,
66.30000000000051,,,,,0.0,0.0
66.3336000000005,,0.0,,,,
66.36441500000052,0.0,,,,,
66.38420000000049,,,0.0,,,
66.39840000000049,,,,0.0,,
66.4000000000005,,,,,0.0,0.0
66.4336000000005,,0.0,,,,
66.46441500000051,0.0,,,,,
66.48420000000048,,,0.0,,,
66.49840000000049,,,,0.0,,
66.5000000000005,,,,,0.0,0.0
66.53360000000049,,0.0,,,,
66.56441500000051,0.0,,,,,
66.58420000000048,,,0.0,,,
66.59840000000048,,,,0.0,,
66.60000000000049,,,,,0.0,0.0
66.63360000000048,,0.0,,,,
66.6644150000005,0.0,,,,,
66.68420000000047,,,0.0,,,
66.69840000000048,,,,0.0,,
66.70000000000049,,,,,0.0,0.0
66.73360000000048,,0.0,,,,
66.7644150000005,0.0,,,,,
66.78420000000047,,,0.0,,,
66.79840000000047,,,,0.0,,
66.80000000000048,,,,,0.0,0.0
66.83360000000047,,0.0,,,,
66.86441500000049,0.0,,,,,
66.88420000000046,,,0.0,,,
66.89840000000046,,,,0.0,,
66.90000000000047,,,,,0.0,0.0
66.93360000000047,,0.0,,,,
66.96441500000049,0.0,,,,,
66.98420000000046,,,0.0,,,
66.99840000000046,,,,0.0,,
67.00000000000047,,,,,0.0,0.0
67.03360000000046,,0.0,,,,
67.06441500000048,0.0,,,,,
67.08420000000045,,,0.0,,,
67.09840000000045,,,,0.0,,
67.10000000000046,,,,,0.0,0.0
67.13360000000046,,0.0,,,,
67.16441500000047,0.0,,,,,
67.18420000000044,,,0.0,,,
67.19840000000045,,,,0.0,,
67.20000000000046,,,,,0.0,0.0
67.23360000000045,,0.0,,,,
67.26441500000047,0.0,,,,,
67.28420000000044,,,0.0,,,
67.29840000000044,,,,0.0,,
67.30000000000045,,,,,0.0,0.0
67.33360000000044,,0.0,,,,
67.36441500000046,0.0,,,,,
67.38420000000043,,,0.0,,,
67.39840000000044,,,,0.0,,
67.40000000000045,,,,,0.0,0.0
67.43360000000044,,0.0,,,,
67.46441500000046,0.0,,,,,
67.48420000000043,,,0.0,,,
67.49840000000043,,,,0.0,,
67.50000000000044,,,,,0.0,0.0
67.53360000000043,,0.0,,,,
67.56441500000045,0.0,,,,,
67.58420000000042,,,0.0,,,
67.59840000000042,,,,0.0,,
67.60000000000043,,,,,0.0,0.0
67.63360000000043,,0.0,,,,
67.66441500000045,0.0,,,,,
67.68420000000042,,,0.0,,,
67.69840000000042,,,,0.0,,
67.70000000000043,,,,,0.0,0.0
67.73360000000042,,0.0,,,,
67.76441500000044,0.0,,,,,
67.78420000000041,,,0.0,,,
67.79840000000041,,,,0.0,,
67.80000000000042,,,,,0.0,0.0
67.83360000000042,,0.0,,,,
67.86441500000043,0.0,,,,,
67.8842000000004,,,0.0,,,
67.89840000000041,,,,0.0,,
67.90000000000042,,,,,0.0,0.0
67.93360000000041,,0.0,,,,
67.96441500000043,0.0,,,,,
67.9842000000004,,,0.0,,,
67.9984000000004,,,,0.0,,
68.00000000000041,,,,,0.0,0.0
68.0336000000004,,0.0,,,,
68.06441500000042,0.0,,,,,
68.0842000000004,,,0.0,,,
68.0984000000004,,,,0.0,,
68.1000000000004,,,,,0.0,0.0
68.1336000000004,,0.0,,,,
68.16441500000042,0.0,,,,,
68.18420000000039,,,0.0,,,
68.19840000000039,,,,0.0,,
68.2000000000004,,,,,0.0,0.0
68.2336000000004,,0.0,,,,
68.26441500000041,0.0,,,,,
68.28420000000038,,,0.0,,,
68.29840000000038,,,,0.0,,
68.3000000000004,,,,,0.0,0.0
68.33360000000039,,0.0,,,,
68.3644150000004,0.0,,,,,
68.38420000000038,,,0.0,,,
68.39840000000038,,,,0.0,,
68.40000000000039,,,,,0.0,0.0
68.43360000000038,,0.0,,,,
68.4644150000004,0.0,,,,,
68.48420000000037,,,0.0,,,
68.49840000000037,,,,0.0,,
68.50000000000038,,,,,0.0,0.0
68.53360000000038,,0.0,,,,
68.5644150000004,0.0,,,,,
68.58420000000037,,,0.0,,,
68.59840000000037,,,,0.0,,
68.60000000000038,,,,,0.0,0.0
68.63360000000037,,0.0,,,,
68.66441500000039,0.0,,,,,
68.68420000000036,,,0.0,,,
68.69840000000036,,,,0.0,,
68.70000000000037,,,,,0.0,0.0
68.73360000000037,,0.0,,,,
68.76441500000038,0.0,,,,,
68.78420000000035,,,0.0,,,
68.79840000000036,,,,0.0,,
68.80000000000037,,,,,0.0,0.0
68.83360000000036,,0.0,,,,
68.86441500000038,0.0,,,,,
68.88420000000035,,,0.0,,,
68.89840000000035,,,,0.0,,
68.90000000000036,,,,,0.0,0.0
68.93360000000035,,0.0,,,,
68.96441500000037,0.0,,,,,
68.98420000000034,,,0.0,,,
68.99840000000034,,,,0.0,,
69.00000000000036,,,,,0.0,0.0
69.03360000000035,,0.0,,,,
69.06441500000037,0.0,,,,,
69.08420000000034,,,0.0,,,
69.09840000000034,,,,0.0,,
69.10000000000035,,,,,0.0,0.0
69.13360000000034,,0.0,,,,
69.16441500000036,0.0,,,,,
69.18420000000033,,,0.0,,,
69.19840000000033,,,,0.0,,
69.20000000000034,,,,,0.0,0.0
69.23360000000034,,0.0,,,,
69.26441500000035,0.0,,,,,
69.28420000000033,,,0.0,,,
69.29840000000033,,,,0.0,,
69.30000000000034,,,,,0.0,0.0
69.33360000000033,,0.0,,,,
69.36441500000035,0.0,,,,,
69.38420000000032,,,0.0,,,
69.39840000000032,,,,0.0,,
69.40000000000033,,,,,0.0,0.0
69.43360000000033,,0.0,,,,
69.46441500000034,0.0,,,,,
69.48420000000031,,,0.0,,,
69.49840000000032,,,,0.0,,
69.50000000000033,,,,,0.0,0.0
69.53360000000032,,0.0,,,,
69.56441500000034,0.0,,,,,
69.58420000000031,,,0.0,,,
69.59840000000031,,,,0.0,,
69.60000000000032,,,,,0.0,0.0
69.63360000000031,,0.0,,,,
69.66441500000033,0.0,,,,,
69.6842000000003,,,0.0,,,
69.6984000000003,,,,0.0,,
69.70000000000032,,,,,0.0,0.0
69.73360000000031,,0.0,,,,
69.76441500000033,0.0,,,,,
69.7842000000003,,,0.0,,,
69.7984000000003,,,,0.0,,
69.80000000000031,,,,,0.0,0.0
69.8336000000003,,0.0,,,,
69.86441500000032,0.0,,,,,
69.88420000000029,,,0.0,,,
69.8984000000003,,,,0.0,,
69.9000000000003,,,,,0.0,0.0
69.9336000000003,,0.0,,,,
69.96441500000032,0.0,,,,,
69.98420000000029,,,0.0,,,
69.99840000000029,,,,0.0,,
70.0000000000003,,,,,0.0,0.0
70.03360000000029,,0.0,,,,
70.06441500000031,0.0,,,,,
70.08420000000028,,,0.0,,,
70.09840000000028,,,,0.0,,
70.10000000000029,,,,,0.0,0.0
70.13360000000029,,0.0,,,,
70.1644150000003,0.0,,,,,
70.18420000000027,,,0.0,,,
70.19840000000028,,,,0.0,,
70.20000000000029,,,,,0.0,0.0
70.23360000000028,,0.0,,,,
70.2644150000003,0.0,,,,,
70.28420000000027,,,0.0,,,
70.29840000000027,,,,0.0,,
70.30000000000028,,,,,0.0,0.0
70.33360000000027,,0.0,,,,
70.36441500000029,0.0,,,,,
70.38420000000026,,,0.0,,,
70.39840000000027,,,,0.0,,
70.40000000000028,,,,,0.0,0.0
70.43360000000027,,0.0,,,,
70.46441500000029,0.0,,,,,
70.48420000000026,,,0.0,,,
70.49840000000026,,,,0.0,,
70.50000000000027,,,,,0.0,0.0
70.53360000000026,,0.0,,,,
70.56441500000028,0.0,,,,,
70.58420000000025,,,0.0,,,
70.59840000000025,,,,0.0,,
70.60000000000026,,,,,0.0,0.0
70.63360000000026,,0.0,,,,
70.66441500000028,0.0,,,,,
70.68420000000025,,,0.0,,,
70.69840000000025,,,,0.0,,
70.70000000000026,,,,,0.0,0.0
70.73360000000025,,0.0,,,,
70.76441500000027,0.0,,,,,
70.78420000000024,,,0.0,,,
70.79840000000024,,,,0.0,,
70.80000000000025,,,,,0.0,0.0
70.83360000000025,,0.0,,,,
70.86441500000026,0.0,,,,,
70.88420000000023,,,0.0,,,
70.89840000000024,,,,0.0,,
70.90000000000025,,,,,0.0,0.0
70.93360000000024,,0.0,,,,
70.96441500000026,0.0,,,,,
70.98420000000023,,,0.0,,,
70.99840000000023,,,,0.0,,
71.00000000000024,,,,,0.0,0.0
71.03360000000023,,0.0,,,,
71.06441500000025,0.0,,,,,
71.08420000000022,,,0.0,,,
71.09840000000023,,,,0.0,,
71.10000000000024,,,,,0.0,0.0
71.13360000000023,,0.0,,,,
71.16441500000025,0.0,,,,,
71.18420000000022,,,0.0,,,
71.19840000000022,,,,0.0,,
71.20000000000023,,,,,0.0,0.0
71.23360000000022,,0.0,,,,
71.26441500000024,0.0,,,,,
71.28420000000021,,,0.0,,,
71.29840000000021,,,,0.0,,
71.30000000000022,,,,,0.0,0.0
71.33360000000022,,0.0,,,,
71.36441500000024,0.0,,,,,
71.3842000000002,,,0.0,,,
71.39840000000021,,,,0.0,,
71.40000000000022,,,,,0.0,0.0
71.43360000000021,,0.0,,,,
71.46441500000023,0.0,,,,,
71.4842000000002,,,0.0,,,
71.4984000000002,,,,0.0,,
71.50000000000021,,,,,0.0,0.0
71.5336000000002,,0.0,,,,
71.56441500000022,0.0,,,,,
71.5842000000002,,,0.0,,,
71.5984000000002,,,,0.0,,
71.60000000000021,,,,,0.0,0.0
71.6336000000002,,0.0,,,,
71.66441500000022,0.0,,,,,
71.68420000000019,,,0.0,,,
71.69840000000019,,,,0.0,,
71.7000000000002,,,,,0.0,0.0
71.7336000000002,,0.0,,,,
71.76441500000021,0.0,,,,,
71.78420000000018,,,0.0,,,
71.79840000000019,,,,0.0,,
71.8000000000002,,,,,0.0,0.0
71.83360000000019,,0.0,,,,
71.8644150000002,0.0,,,,,
71.88420000000018,,,0.0,,,
71.89840000000018,,,,0.0,,
71.90000000000019,,,,,0.0,0.0
71.93360000000018,,0.0,,,,
71.9644150000002,0.0,,,,,
71.98420000000017,,,0.0,,,
71.99840000000017,,,,0.0,,
72.00000000000018,,,,,0.0,0.0
72.03360000000018,,0.0,,,,
72.0644150000002,0.0,,,,,
72.08420000000017,,,0.0,,,
72.09840000000017,,,,0.0,,
72.10000000000018,,,,,0.0,0.0
72.13360000000017,,0.0,,,,
72.16441500000019,0.0,,,,,
72.18420000000016,,,0.0,,,
72.19840000000016,,,,0.0,,
72.20000000000017,,,,,0.0,0.0
72.23360000000017,,0.0,,,,
72.26441500000018,0.0,,,,,
72.28420000000015,,,0.0,,,
72.29840000000016,,,,0.0,,
72.30000000000017,,,,,0.0,0.0
72.33360000000016,,0.0,,,,
72.36441500000018,0.0,,,,,
72.38420000000015,,,0.0,,,
72.39840000000015,,,,0.0,,
72.40000000000016,,,,,0.0,0.0
72.43360000000015,,0.0,,,,
72.46441500000017,0.0,,,,,
72.48420000000014,,,0.0,,,
72.49840000000015,,,,0.0,,
72.50000000000016,,,,,0.0,0.0
72.53360000000015,,0.0,,,,
72.56441500000017,0.0,,,,,
72.58420000000014,,,0.0,,,
72.59840000000014,,,,0.0,,
72.60000000000015,,,,,0.0,0.0
72.63360000000014,,0.0,,,,
72.66441500000016,0.0,,,,,
72.68420000000013,,,0.0,,,
72.69840000000013,,,,0.0,,
72.70000000000014,,,,,0.0,0.0
72.73360000000014,,0.0,,,,
72.76441500000016,0.0,,,,,
72.78420000000013,,,0.0,,,
72.79840000000013,,,,0.0,,
72.80000000000014,,,,,0.0,0.0
72.83360000000013,,0.0,,,,
72.86441500000015,0.0,,,,,
72.88420000000012,,,0.0,,,
72.89840000000012,,,,0.0,,
72.90000000000013,,,,,0.0,0.0
72.93360000000013,,0.0,,,,
72.96441500000014,0.0,,,,,
72.98420000000011,,,0.0,,,
72.99840000000012,,,,0.0,,
73.00000000000013,,,,,0.0,0.0
73.03360000000012,,0.0,,,,
73.06441500000014,0.0,,,,,
73.08420000000011,,,0.0,,,
73.09840000000011,,,,0.0,,
73.10000000000012,,,,,0.0,0.0
73.13360000000011,,0.0,,,,
73.16441500000013,0.0,,,,,
73.1842000000001,,,0.0,,,
73.1984000000001,,,,0.0,,
73.20000000000012,,,,,0.0,0.0
73.23360000000011,,0.0,,,,
73.26441500000013,0.0,,,,,
73.2842000000001,,,0.0,,,
73.2984000000001,,,,0.0,,
73.30000000000011,,,,,0.0,0.0
73.3336000000001,,0.0,,,,
73.36441500000012,0.0,,,,,
73.38420000000009,,,0.0,,,
73.3984000000001,,,,0.0,,
73.4000000000001,,,,,0.0,0.0
73.4336000000001,,0.0,,,,
73.46441500000012,0.0,,,,,
73.48420000000009,,,0.0,,,
73.49840000000009,,,,0.0,,
73.5000000000001,,,,,0.0,0.0
73.53360000000009,,0.0,,,,
73.56441500000011,0.0,,,,,
73.58420000000008,,,0.0,,,
73.59840000000008,,,,0.0,,
73.6000000000001,,,,,0.0,0.0
73.63360000000009,,0.0,,,,
73.6644150000001,0.0,,,,,
73.68420000000008,,,0.0,,,
73.69840000000008,,,,0.0,,
73.70000000000009,,,,,0.0,0.0
73.73360000000008,,0.0,,,,
73.7644150000001,0.0,,,,,
73.78420000000007,,,0.0,,,
73.79840000000007,,,,0.0,,
73.80000000000008,,,,,0.0,0.0
73.83360000000008,,0.0,,,,
73.8644150000001,0.0,,,,,
73.88420000000006,,,0.0,,,
73.89840000000007,,,,0.0,,
73.90000000000008,,,,,0.0,0.0
73.93360000000007,,0.0,,,,
73.96441500000009,0.0,,,,,
73.98420000000006,,,0.0,,,
73.99840000000006,,,,0.0,,
74.00000000000007,,,,,0.0,0.0
74.03360000000006,,0.0,,,,
74.06441500000008,0.0,,,,,
74.08420000000005,,,0.0,,,
74.09840000000005,,,,0.0,,
74.10000000000007,,,,,0.0,0.0
74.13360000000006,,0.0,,,,
74.16441500000008,0.0,,,,,
74.18420000000005,,,0.0,,,
74.19840000000005,,,,0.0,,
74.20000000000006,,,,,0.0,0.0
74.23360000000005,,0.0,,,,
74.26441500000007,0.0,,,,,
74.28420000000004,,,0.0,,,
74.29840000000004,,,,0.0,,
74.30000000000005,,,,,0.0,0.0
74.33360000000005,,0.0,,,,
74.36441500000006,0.0,,,,,
74.38420000000004,,,0.0,,,
74.39840000000004,,,,0.0,,
74.40000000000005,,,,,0.0,0.0
74.43360000000004,,0.0,,,,
74.46441500000006,0.0,,,,,
74.48420000000003,,,0.0,,,
74.49840000000003,,,,0.0,,
74.50000000000004,,,,,0.0,0.0
74.53360000000004,,0.0,,,,
74.56441500000005,0.0,,,,,
74.58420000000002,,,0.0,,,
74.59840000000003,,,,0.0,,
74.60000000000004,,,,,0.0,0.0
74.63360000000003,,0.0,,,,
74.66441500000005,0.0,,,,,
74.68420000000002,,,0.0,,,
74.69840000000002,,,,0.0,,
74.70000000000003,,,,,0.0,0.0
74.73360000000002,,0.0,,,,
74.76441500000004,0.0,,,,,
74.78420000000001,,,0.0,,,
74.79840000000002,,,,0.0,,
74.80000000000003,,,,,0.0,0.0
74.83360000000002,,0.0,,,,
74.86441500000004,0.0,,,,,
74.8842,,,0.0,,,
74.89840000000001,,,,0.0,,
74.90000000000002,,,,,0.0,0.0
74.93360000000001,,0.0,,,,
74.96441500000003,0.0,,,,,
74.9842,,,0.0,,,
74.9984,,,,0.0,,
75.00000000000001,,,,,0.0,0.0
75.0336,,0.0,,,,
75.06441500000003,0.0,,,,,
75.0842,,,0.0,,,
75.0984,,,,0.0,,
75.10000000000001,,,,,0.0,0.0
75.1336,,0.0,,,,
75.16441500000002,0.0,,,,,
75.18419999999999,,,0.0,,,
75.19839999999999,,,,0.0,,
75.2,,,,,0.0,0.0
75.2336,,0.0,,,,
75.26441500000001,0.0,,,,,
75.28419999999998,,,0.0,,,
75.29839999999999,,,,0.0,,
75.3,,,,,0.0,0.0
75.33359999999999,,0.0,,,,
75.36441500000001,0.0,,,,,
75.38419999999998,,,0.0,,,
75.39839999999998,,,,0.0,,
75.39999999999999,,,,,0.0,0.0
75.43359999999998,,0.0,,,,
75.464415,0.0,,,,,
75.48419999999997,,,0.0,,,
75.49839999999998,,,,0.0,,
75.49999999999999,,,,,0.0,0.0
75.53359999999998,,0.0,,,,
75.564415,0.0,,,,,
75.58419999999997,,,0.0,,,
75.59839999999997,,,,0.0,,
75.59999999999998,,,,,0.0,0.0
75.63359999999997,,0.0,,,,
75.66441499999999,0.0,,,,,
75.68419999999996,,,0.0,,,
75.69839999999996,,,,0.0,,
75.69999999999997,,,,,0.0,0.0
75.73359999999997,,0.0,,,,
75.76441499999999,0.0,,,,,
75.78419999999996,,,0.0,,,
75.79839999999996,,,,0.0,,
75.79999999999997,,,,,0.0,0.0
75.83359999999996,,0.0,,,,
75.86441499999998,0.0,,,,,
75.88419999999995,,,0.0,,,
75.89839999999995,,,,0.0,,
75.89999999999996,,,,,0.0,0.0
75.93359999999996,,0.0,,,,
75.96441499999997,0.0,,,,,
75.98419999999994,,,0.0,,,
75.99839999999995,,,,0.0,,
75.99999999999996,,,,,0.0,0.0
76.03359999999995,,0.0,,,,
76.06441499999997,0.0,,,,,
76.08419999999994,,,0.0,,,
76.09839999999994,,,,0.0,,
76.09999999999995,,,,,0.0,0.0
76.13359999999994,,0.0,,,,
76.16441499999996,0.0,,,,,
76.18419999999993,,,0.0,,,
76.19839999999994,,,,0.0,,
76.19999999999995,,,,,0.0,0.0
76.23359999999994,,0.0,,,,
76.26441499999996,0.0,,,,,
76.28419999999993,,,0.0,,,
76.29839999999993,,,,0.0,,
76.29999999999994,,,,,0.0,0.0
76.33359999999993,,0.0,,,,
76.36441499999995,0.0,,,,,
76.38419999999992,,,0.0,,,
76.39839999999992,,,,0.0,,
76.39999999999993,,,,,0.0,0.0
76.43359999999993,,0.0,,,,
76.46441499999995,0.0,,,,,
76.48419999999992,,,0.0,,,
76.49839999999992,,,,0.0,,
76.49999999999993,,,,,0.0,0.0
76.53359999999992,,0.0,,,,
76.56441499999994,0.0,,,,,
76.58419999999991,,,0.0,,,
76.59839999999991,,,,0.0,,
76.59999999999992,,,,,0.0,0.0
76.63359999999992,,0.0,,,,
76.66441499999993,0.0,,,,,
76.6841999999999,,,0.0,,,
76.6983999999999,,,,0.0,,
76.69999999999992,,,,,0.0,0.0
76.73359999999991,,0.0,,,,
76.76441499999993,0.0,,,,,
76.7841999999999,,,0.0,,,
76.7983999999999,,,,0.0,,
76.79999999999991,,,,,0.0,0.0
76.8335999999999,,0.0,,,,
76.86441499999992,0.0,,,,,
76.8841999999999,,,0.0,,,
76.8983999999999,,,,0.0,,
76.8999999999999,,,,,0.0,0.0
76.9335999999999,,0.0,,,,
76.96441499999992,0.0,,,,,
76.98419999999989,,,0.0,,,
76.99839999999989,,,,0.0,,
76.9999999999999,,,,,0.0,0.0
77.0335999999999,,0.0,,,,
77.06441499999991,0.0,,,,,
77.08419999999988,,,0.0,,,
77.09839999999988,,,,0.0,,
77.0999999999999,,,,,0.0,0.0
77.13359999999989,,0.0,,,,
77.1644149999999,0.0,,,,,
77.18419999999988,,,0.0,,,
77.19839999999988,,,,0.0,,
77.19999999999989,,,,,0.0,0.0
77.23359999999988,,0.0,,,,
77.2644149999999,0.0,,,,,
77.28419999999987,,,0.0,,,
77.29839999999987,,,,0.0,,
77.29999999999988,,,,,0.0,0.0
77.33359999999988,,0.0,,,,
77.3644149999999,0.0,,,,,
77.38419999999986,,,0.0,,,
77.39839999999987,,,,0.0,,
77.39999999999988,,,,,0.0,0.0
77.43359999999987,,0.0,,,,
77.46441499999989,0.0,,,,,
77.48419999999986,,,0.0,,,
77.49839999999986,,,,0.0,,
77.49999999999987,,,,,0.0,0.0
77.53359999999986,,0.0,,,,
77.56441499999988,0.0,,,,,
77.58419999999985,,,0.0,,,
77.59839999999986,,,,0.0,,
77.59999999999987,,,,,0.0,0.0
77.63359999999986,,0.0,,,,
77.66441499999988,0.0,,,,,
77.68419999999985,,,0.0,,,
77.69839999999985,,,,0.0,,
77.69999999999986,,,,,0.0,0.0
77.73359999999985,,0.0,,,,
77.76441499999987,0.0,,,,,
77.78419999999984,,,0.0,,,
77.79839999999984,,,,0.0,,
77.79999999999986,,,,,0.0,0.0
77.83359999999985,,0.0,,,,
77.86441499999987,0.0,,,,,
77.88419999999984,,,0.0,,,
77.89839999999984,,,,0.0,,
77.89999999999985,,,,,0.0,0.0
77.93359999999984,,0.0,,,,
77.96441499999986,0.0,,,,,
77.98419999999983,,,0.0,,,
77.99839999999983,,,,0.0,,
77.99999999999984,,,,,0.0,0.0
78.03359999999984,,0.0,,,,
78.06441499999985,0.0,,,,,
78.08419999999983,,,0.0,,,
78.09839999999983,,,,0.0,,
78.09999999999984,,,,,0.0,0.0
78.13359999999983,,0.0,,,,
78.16441499999985,0.0,,,,,
78.18419999999982,,,0.0,,,
78.19839999999982,,,,0.0,,
78.19999999999983,,,,,0.0,0.0
78.23359999999983,,0.0,,,,
78.26441499999984,0.0,,,,,
78.28419999999981,,,0.0,,,
78.29839999999982,,,,0.0,,
78.29999999999983,,,,,0.0,0.0
78.33359999999982,,0.0,,,,
78.36441499999984,0.0,,,,,
78.38419999999981,,,0.0,,,
78.39839999999981,,,,0.0,,
78.39999999999982,,,,,0.0,0.0
78.43359999999981,,0.0,,,,
78.46441499999983,0.0,,,,,
78.4841999999998,,,0.0,,,
78.4983999999998,,,,0.0,,
78.49999999999982,,,,,0.0,0.0
78.53359999999981,,0.0,,,,
78.56441499999983,0.0,,,,,
78.5841999999998,,,0.0,,,
78.5983999999998,,,,0.0,,
78.59999999999981,,,,,0.0,0.0
78.6335999999998,,0.0,,,,
78.66441499999982,0.0,,,,,
78.68419999999979,,,0.0,,,
78.6983999999998,,,,0.0,,
78.6999999999998,,,,,0.0,0.0
78.7335999999998,,0.0,,,,
78.76441499999981,0.0,,,,,
78.78419999999979,,,0.0,,,
78.79839999999979,,,,0.0,,
78.7999999999998,,,,,0.0,0.0
78.83359999999979,,0.0,,,,
78.86441499999981,0.0,,,,,
78.88419999999978,,,0.0,,,
78.89839999999978,,,,0.0,,
78.89999999999979,,,,,0.0,0.0
78.93359999999979,,0.0,,,,
78.9644149999998,0.0,,,,,
78.98419999999977,,,0.0,,,
78.99839999999978,,,,0.0,,
78.99999999999979,,,,,0.0,0.0
79.03359999999978,,0.0,,,,
79.0644149999998,0.0,,,,,
79.08419999999977,,,0.0,,,
79.09839999999977,,,,0.0,,
79.09999999999978,,,,,0.0,0.0
79.13359999999977,,0.0,,,,
79.16441499999979,0.0,,,,,
79.18419999999976,,,0.0,,,
79.19839999999976,,,,0.0,,
79.19999999999978,,,,,0.0,0.0
79.23359999999977,,0.0,,,,
79.26441499999979,0.0,,,,,
79.28419999999976,,,0.0,,,
79.29839999999976,,,,0.0,,
79.29999999999977,,,,,0.0,0.0
79.33359999999976,,0.0,,,,
79.36441499999978,0.0,,,,,
79.38419999999975,,,0.0,,,
79.39839999999975,,,,0.0,,
79.39999999999976,,,,,0.0,0.0
79.43359999999976,,0.0,,,,
79.46441499999978,0.0,,,,,
79.48419999999975,,,0.0,,,
79.49839999999975,,,,0.0,,
79.49999999999976,,,,,0.0,0.0
79.53359999999975,,0.0,,,,
79.56441499999977,0.0,,,,,
79.58419999999974,,,0.0,,,
79.59839999999974,,,,0.0,,
79.59999999999975,,,,,0.0,0.0
79.63359999999975,,0.0,,,,
79.66441499999976,0.0,,,,,
79.68419999999973,,,0.0,,,
79.69839999999974,,,,0.0,,
79.69999999999975,,,,,0.0,0.0
79.73359999999974,,0.0,,,,
79.76441499999976,0.0,,,,,
79.78419999999973,,,0.0,,,
79.79839999999973,,,,0.0,,
79.79999999999974,,,,,0.0,0.0
79.83359999999973,,0.0,,,,
79.86441499999975,0.0,,,,,
79.88419999999972,,,0.0,,,
79.89839999999973,,,,0.0,,
79.89999999999974,,,,,0.0,0.0
79.93359999999973,,0.0,,,,
79.96441499999975,0.0,,,,,
79.98419999999972,,,0.0,,,
79.99839999999972,,,,0.0,,
79.99999999999973,,,,,0.0,0.0
80.03359999999972,,0.0,,,,
80.06441499999974,0.0,,,,,
80.08419999999971,,,0.0,,,
80.09839999999971,,,,0.0,,
80.09999999999972,,,,,0.0,0.0
80.13359999999972,,0.0,,,,
80.16441499999974,0.0,,,,,
80.1841999999997,,,0.0,,,
80.19839999999971,,,,0.0,,
80.19999999999972,,,,,0.0,0.0
80.23359999999971,,0.0,,,,
80.26441499999973,0.0,,,,,
80.2841999999997,,,0.0,,,
80.2983999999997,,,,0.0,,
80.29999999999971,,,,,0.0,0.0
80.3335999999997,,0.0,,,,
80.36441499999972,0.0,,,,,
80.3841999999997,,,0.0,,,
80.3983999999997,,,,0.0,,
80.39999999999971,,,,,0.0,0.0
80.4335999999997,,0.0,,,,
80.46441499999972,0.0,,,,,
80.48419999999969,,,0.0,,,
80.49839999999969,,,,0.0,,
80.4999999999997,,,,,0.0,0.0
80.5335999999997,,0.0,,,,
80.56441499999971,0.0,,,,,
80.58419999999968,,,0.0,,,
80.59839999999969,,,,0.0,,
80.5999999999997,,,,,0.0,0.0
80.63359999999969,,0.0,,,,
80.6644149999997,0.0,,,,,
80.68419999999968,,,0.0,,,
80.69839999999968,,,,0.0,,
80.69999999999969,,,,,0.0,0.0
80.73359999999968,,0.0,,,,
80.7644149999997,0.0,,,,,
80.78419999999967,,,0.0,,,
80.79839999999967,,,,0.0,,
80.79999999999968,,,,,0.0,0.0
80.83359999999968,,0.0,,,,
80.8644149999997,0.0,,,,,
80.88419999999967,,,0.0,,,
80.89839999999967,,,,0.0,,
80.89999999999968,,,,,0.0,0.0
80.93359999999967,,0.0,,,,
80.96441499999969,0.0,,,,,
80.98419999999966,,,0.0,,,
80.99839999999966,,,,0.0,,
80.99999999999967,,,,,0.0,0.0
81.03359999999967,,0.0,,,,
81.06441499999968,0.0,,,,,
81.08419999999965,,,0.0,,,
81.09839999999966,,,,0.0,,
81.09999999999967,,,,,0.0,0.0
81.13359999999966,,0.0,,,,
81.16441499999968,0.0,,,,,
81.18419999999965,,,0.0,,,
81.19839999999965,,,,0.0,,
81.19999999999966,,,,,0.0,0.0
81.23359999999965,,0.0,,,,
81.26441499999967,0.0,,,,,
81.28419999999964,,,0.0,,,
81.29839999999965,,,,0.0,,
81.29999999999966,,,,,0.0,0.0
81.33359999999965,,0.0,,,,
81.36441499999967,0.0,,,,,
81.38419999999964,,,0.0,,,
81.39839999999964,,,,0.0,,
81.39999999999965,,,,,0.0,0.0
81.43359999999964,,0.0,,,,
81.46441499999966,0.0,,,,,
81.48419999999963,,,0.0,,,
81.49839999999963,,,,0.0,,
81.49999999999964,,,,,0.0,0.0
81.53359999999964,,0.0,,,,
81.56441499999966,0.0,,,,,
81.58419999999963,,,0.0,,,
81.59839999999963,,,,0.0,,
81.59999999999964,,,,,0.0,0.0
81.63359999999963,,0.0,,,,
81.66441499999965,0.0,,,,,
81.68419999999962,,,0.0,,,
81.69839999999962,,,,0.0,,
81.69999999999963,,,,,0.0,0.0
81.73359999999963,,0.0,,,,
81.76441499999964,0.0,,,,,
81.78419999999961,,,0.0,,,
81.79839999999962,,,,0.0,,
81.79999999999963,,,,,0.0,0.0
81.83359999999962,,0.0,,,,
81.86441499999964,0.0,,,,,
81.88419999999961,,,0.0,,,
81.89839999999961,,,,0.0,,
81.89999999999962,,,,,0.0,0.0
81.93359999999961,,0.0,,,,
81.96441499999963,0.0,,,,,
81.9841999999996,,,0.0,,,
81.9983999999996,,,,0.0,,
81.99999999999962,,,,,0.0,0.0
82.03359999999961,,0.0,,,,
82.06441499999963,0.0,,,,,
82.0841999999996,,,0.0,,,
82.0983999999996,,,,0.0,,
82.09999999999961,,,,,0.0,0.0
82.1335999999996,,0.0,,,,
82.16441499999962,0.0,,,,,
82.18419999999959,,,0.0,,,
82.1983999999996,,,,0.0,,
82.1999999999996,,,,,0.0,0.0
82.2335999999996,,0.0,,,,
82.26441499999962,0.0,,,,,
82.28419999999959,,,0.0,,,
82.29839999999959,,,,0.0,,
82.2999999999996,,,,,0.0,0.0
82.33359999999959,,0.0,,,,
82.36441499999961,0.0,,,,,
82.38419999999958,,,0.0,,,
82.39839999999958,,,,0.0,,
82.3999999999996,,,,,0.0,0.0
82.43359999999959,,0.0,,,,
82.4644149999996,0.0,,,,,
82.48419999999957,,,0.0,,,
82.49839999999958,,,,0.0,,
82.49999999999959,,,,,0.0,0.0
82.53359999999958,,0.0,,,,
82.5644149999996,0.0,,,,,
82.58419999999957,,,0.0,,,
82.59839999999957,,,,0.0,,
82.59999999999958,,,,,0.0,0.0
82.63359999999957,,0.0,,,,
82.6644149999996,0.0,,,,,
82.68419999999956,,,0.0,,,
82.69839999999957,,,,0.0,,
82.69999999999958,,,,,0.0,0.0
82.73359999999957,,0.0,,,,
82.76441499999959,0.0,,,,,
82.78419999999956,,,0.0,,,
82.79839999999956,,,,0.0,,
82.79999999999957,,,,,0.0,0.0
82.83359999999956,,0.0,,,,
82.86441499999958,0.0,,,,,
82.88419999999955,,,0.0,,,
82.89839999999955,,,,0.0,,
82.89999999999957,,,,,0.0,0.0
82.93359999999956,,0.0,,,,
82.96441499999958,0.0,,,,,
82.98419999999955,,,0.0,,,
82.99839999999955,,,,0.0,,
82.99999999999956,,,,,0.0,0.0
83.03359999999955,,0.0,,,,
83.06441499999957,0.0,,,,,
83.08419999999954,,,0.0,,,
83.09839999999954,,,,0.0,,
83.09999999999955,,,,,0.0,0.0
83.13359999999955,,0.0,,,,
83.16441499999956,0.0,,,,,
83.18419999999954,,,0.0,,,
83.19839999999954,,,,0.0,,
83.19999999999955,,,,,0.0,0.0
83.23359999999954,,0.0,,,,
83.26441499999956,0.0,,,,,
83.28419999999953,,,0.0,,,
83.29839999999953,,,,0.0,,
83.29999999999954,,,,,0.0,0.0
83.33359999999954,,0.0,,,,
83.36441499999955,0.0,,,,,
83.38419999999952,,,0.0,,,
83.39839999999953,,,,0.0,,
83.39999999999954,,,,,0.0,0.0
83.43359999999953,,0.0,,,,
83.46441499999955,0.0,,,,,
83.48419999999952,,,0.0,,,
83.49839999999952,,,,0.0,,
83.49999999999953,,,,,0.0,0.0
83.53359999999952,,0.0,,,,
83.56441499999954,0.0,,,,,
83.58419999999951,,,0.0,,,
83.59839999999951,,,,0.0,,
83.59999999999953,,,,,0.0,0.0
83.63359999999952,,0.0,,,,
83.66441499999954,0.0,,,,,
83.6841999999995,,,0.0,,,
83.69839999999951,,,,0.0,,
83.69999999999952,,,,,0.0,0.0
83.73359999999951,,0.0,,,,
83.76441499999953,0.0,,,,,
83.7841999999995,,,0.0,,,
83.7983999999995,,,,0.0,,
83.79999999999951,,,,,0.0,0.0
83.8335999999995,,0.0,,,,
83.86441499999952,0.0,,,,,
83.8841999999995,,,0.0,,,
83.8983999999995,,,,0.0,,
83.89999999999951,,,,,0.0,0.0
83.9335999999995,,0.0,,,,
83.96441499999952,0.0,,,,,
83.98419999999949,,,0.0,,,
83.99839999999949,,,,0.0,,
83.9999999999995,,,,,0.0,0.0
84.0335999999995,,0.0,,,,
84.06441499999951,0.0,,,,,
84.08419999999948,,,0.0,,,
84.09839999999949,,,,0.0,,
84.0999999999995,,,,,0.0,0.0
84.13359999999949,,0.0,,,,
84.16441499999951,0.0,,,,,
84.18419999999948,,,0.0,,,
84.19839999999948,,,,0.0,,
84.19999999999949,,,,,0.0,0.0
84.23359999999948,,0.0,,,,
84.2644149999995,0.0,,,,,
84.28419999999947,,,0.0,,,
84.29839999999948,,,,0.0,,
84.29999999999949,,,,,0.0,0.0
84.33359999999948,,0.0,,,,
84.3644149999995,0.0,,,,,
84.38419999999947,,,0.0,,,
84.39839999999947,,,,0.0,,
84.39999999999948,,,,,0.0,0.0
84.43359999999947,,0.0,,,,
84.46441499999949,0.0,,,,,
84.48419999999946,,,0.0,,,
84.49839999999946,,,,0.0,,
84.49999999999947,,,,,0.0,0.0
84.53359999999947,,0.0,,,,
84.56441499999949,0.0,,,,,
84.58419999999946,,,0.0,,,
84.59839999999946,,,,0.0,,
84.59999999999947,,,,,0.0,0.0
84.63359999999946,,0.0,,,,
84.66441499999948,0.0,,,,,
84.68419999999945,,,0.0,,,
84.69839999999945,,,,0.0,,
84.69999999999946,,,,,0.0,0.0
84.73359999999946,,0.0,,,,
84.76441499999947,0.0,,,,,
84.78419999999944,,,0.0,,,
84.79839999999945,,,,0.0,,
84.79999999999946,,,,,0.0,0.0
84.83359999999945,,0.0,,,,
84.86441499999947,0.0,,,,,
84.88419999999944,,,0.0,,,
84.89839999999944,,,,0.0,,
84.89999999999945,,,,,0.0,0.0
84.93359999999944,,0.0,,,,
84.96441499999946,0.0,,,,,
84.98419999999943,,,0.0,,,
84.99839999999944,,,,0.0,,
84.99999999999945,,,,,0.0,0.0
85.03359999999944,,0.0,,,,
85.06441499999946,0.0,,,,,
85.08419999999943,,,0.0,,,
85.09839999999943,,,,0.0,,
85.09999999999944,,,,,0.0,0.0
85.13359999999943,,0.0,,,,
85.16441499999945,0.0,,,,,
85.18419999999942,,,0.0,,,
85.19839999999942,,,,0.0,,
85.19999999999943,,,,,0.0,0.0
85.23359999999943,,0.0,,,,
85.26441499999945,0.0,,,,,
85.28419999999942,,,0.0,,,
85.29839999999942,,,,0.0,,
85.29999999999943,,,,,0.0,0.0
85.33359999999942,,0.0,,,,
85.36441499999944,0.0,,,,,
85.38419999999941,,,0.0,,,
85.39839999999941,,,,0.0,,
85.39999999999942,,,,,0.0,0.0
85.43359999999942,,0.0,,,,
85.46441499999943,0.0,,,,,
85.4841999999994,,,0.0,,,
85.4983999999994,,,,0.0,,
85.49999999999942,,,,,0.0,0.0
85.53359999999941,,0.0,,,,
85.56441499999943,0.0,,,,,
85.5841999999994,,,0.0,,,
85.5983999999994,,,,0.0,,
85.59999999999941,,,,,0.0,0.0
85.6335999999994,,0.0,,,,
85.66441499999942,0.0,,,,,
85.6841999999994,,,0.0,,,
85.6983999999994,,,,0.0,,
85.6999999999994,,,,,0.0,0.0
85.7335999999994,,0.0,,,,
85.76441499999942,0.0,,,,,
85.78419999999939,,,0.0,,,
85.79839999999939,,,,0.0,,
85.7999999999994,,,,,0.0,0.0
85.8335999999994,,0.0,,,,
85.86441499999941,0.0,,,,,
85.88419999999938,,,0.0,,,
85.89839999999938,,,,0.0,,
85.8999999999994,,,,,0.0,0.0
85.93359999999939,,0.0,,,,
85.9644149999994,0.0,,,,,
85.98419999999938,,,0.0,,,
85.99839999999938,,,,0.0,,
85.99999999999939,,,,,0.0,0.0
86.03359999999938,,0.0,,,,
86.0644149999994,0.0,,,,,
86.08419999999937,,,0.0,,,
86.09839999999937,,,,0.0,,
86.09999999999938,,,,,0.0,0.0
86.13359999999938,,0.0,,,,
86.1644149999994,0.0,,,,,
86.18419999999936,,,0.0,,,
86.19839999999937,,,,0.0,,
86.19999999999938,,,,,0.0,0.0
86.23359999999937,,0.0,,,,
86.26441499999939,0.0,,,,,
86.28419999999936,,,0.0,,,
86.29839999999936,,,,0.0,,
86.29999999999937,,,,,0.0,0.0
86.33359999999936,,0.0,,,,
86.36441499999938,0.0,,,,,
86.38419999999935,,,0.0,,,
86.39839999999936,,,,0.0,,
86.39999999999937,,,,,0.0,0.0
86.43359999999936,,0.0,,,,
86.46441499999938,0.0,,,,,
86.48419999999935,,,0.0,,,
86.49839999999935,,,,0.0,,
86.49999999999936,,,,,0.0,0.0
86.53359999999935,,0.0,,,,
86.56441499999937,0.0,,,,,
86.58419999999934,,,0.0,,,
86.59839999999934,,,,0.0,,
86.59999999999935,,,,,0.0,0.0
86.63359999999935,,0.0,,,,
86.66441499999937,0.0,,,,,
86.68419999999934,,,0.0,,,
86.69839999999934,,,,0.0,,
86.69999999999935,,,,,0.0,0.0
86.73359999999934,,0.0,,,,
86.76441499999936,0.0,,,,,
86.78419999999933,,,0.0,,,
86.79839999999933,,,,0.0,,
86.79999999999934,,,,,0.0,0.0
86.83359999999934,,0.0,,,,
86.86441499999935,0.0,,,,,
86.88419999999932,,,0.0,,,
86.89839999999933,,,,0.0,,
86.89999999999934,,,,,0.0,0.0
86.93359999999933,,0.0,,,,
86.96441499999935,0.0,,,,,
86.98419999999932,,,0.0,,,
86.99839999999932,,,,0.0,,
86.99999999999933,,,,,0.0,0.0
87.03359999999932,,0.0,,,,
87.06441499999934,0.0,,,,,
87.08419999999931,,,0.0,,,
87.09839999999932,,,,0.0,,
87.09999999999933,,,,,0.0,0.0
87.13359999999932,,0.0,,,,
87.16441499999934,0.0,,,,,
87.18419999999931,,,0.0,,,
87.19839999999931,,,,0.0,,
87.19999999999932,,,,,0.0,0.0
87.23359999999931,,0.0,,,,
87.26441499999933,0.0,,,,,
87.2841999999993,,,0.0,,,
87.2983999999993,,,,0.0,,
87.29999999999932,,,,,0.0,0.0
87.33359999999931,,0.0,,,,
87.36441499999933,0.0,,,,,
87.3841999999993,,,0.0,,,
87.3983999999993,,,,0.0,,
87.39999999999931,,,,,0.0,0.0
87.4335999999993,,0.0,,,,
87.46441499999932,0.0,,,,,
87.48419999999929,,,0.0,,,
87.4983999999993,,,,0.0,,
87.4999999999993,,,,,0.0,0.0
87.5335999999993,,0.0,,,,
87.56441499999931,0.0,,,,,
87.58419999999929,,,0.0,,,
87.59839999999929,,,,0.0,,
87.5999999999993,,,,,0.0,0.0
87.63359999999929,,0.0,,,,
87.66441499999931,0.0,,,,,
87.68419999999928,,,0.0,,,
87.69839999999928,,,,0.0,,
87.69999999999929,,,,,0.0,0.0
87.73359999999929,,0.0,,,,
87.7644149999993,0.0,,,,,
87.78419999999927,,,0.0,,,
87.79839999999928,,,,0.0,,
87.79999999999929,,,,,0.0,0.0
87.83359999999928,,0.0,,,,
87.8644149999993,0.0,,,,,
87.88419999999927,,,0.0,,,
87.89839999999927,,,,0.0,,
87.89999999999928,,,,,0.0,0.0
87.93359999999927,,0.0,,,,
87.96441499999929,0.0,,,,,
87.98419999999926,,,0.0,,,
87.99839999999926,,,,0.0,,
87.99999999999928,,,,,0.0,0.0
88.03359999999927,,0.0,,,,
88.06441499999929,0.0,,,,,
88.08419999999926,,,0.0,,,
88.09839999999926,,,,0.0,,
88.09999999999927,,,,,0.0,0.0
88.13359999999926,,0.0,,,,
88.16441499999928,0.0,,,,,
88.18419999999925,,,0.0,,,
88.19839999999925,,,,0.0,,
88.19999999999926,,,,,0.0,0.0
88.23359999999926,,0.0,,,,
88.26441499999927,0.0,,,,,
88.28419999999925,,,0.0,,,
88.29839999999925,,,,0.0,,
88.29999999999926,,,,,0.0,0.0
88.33359999999925,,0.0,,,,
88.36441499999927,0.0,,,,,
88.38419999999924,,,0.0,,,
88.39839999999924,,,,0.0,,
88.39999999999925,,,,,0.0,0.0
88.43359999999925,,0.0,,,,
88.46441499999926,0.0,,,,,
88.48419999999923,,,0.0,,,
88.49839999999924,,,,0.0,,
88.49999999999925,,,,,0.0,0.0
88.53359999999924,,0.0,,,,
88.56441499999926,0.0,,,,,
88.58419999999923,,,0.0,,,
88.59839999999923,,,,0.0,,
88.59999999999924,,,,,0.0,0.0
88.63359999999923,,0.0,,,,
88.66441499999925,0.0,,,,,
88.68419999999922,,,0.0,,,
88.69839999999922,,,,0.0,,
88.69999999999924,,,,,0.0,0.0
88.73359999999923,,0.0,,,,
88.76441499999925,0.0,,,,,
88.78419999999922,,,0.0,,,
88.79839999999922,,,,0.0,,
88.79999999999923,,,,,0.0,0.0
88.83359999999922,,0.0,,,,
88.86441499999924,0.0,,,,,
88.88419999999921,,,0.0,,,
88.89839999999921,,,,0.0,,
88.89999999999922,,,,,0.0,0.0
88.93359999999922,,0.0,,,,
88.96441499999924,0.0,,,,,
88.9841999999992,,,0.0,,,
88.99839999999921,,,,0.0,,
88.99999999999922,,,,,0.0,0.0
89.03359999999921,,0.0,,,,
89.06441499999923,0.0,,,,,
89.0841999999992,,,0.0,,,
89.0983999999992,,,,0.0,,
89.09999999999921,,,,,0.0,0.0
89.1335999999992,,0.0,,,,
89.16441499999922,0.0,,,,,
89.1841999999992,,,0.0,,,
89.1983999999992,,,,0.0,,
89.1999999999992,,,,,0.0,0.0
89.2335999999992,,0.0,,,,
89.26441499999922,0.0,,,,,
89.28419999999919,,,0.0,,,
89.29839999999919,,,,0.0,,
89.2999999999992,,,,,0.0,0.0
89.3335999999992,,0.0,,,,
89.36441499999921,0.0,,,,,
89.38419999999918,,,0.0,,,
89.39839999999919,,,,0.0,,
89.3999999999992,,,,,0.0,0.0
89.43359999999919,,0.0,,,,
89.4644149999992,0.0,,,,,
89.48419999999918,,,0.0,,,
89.49839999999918,,,,0.0,,
89.49999999999919,,,,,0.0,0.0
89.53359999999918,,0.0,,,,
89.5644149999992,0.0,,,,,
89.58419999999917,,,0.0,,,
89.59839999999917,,,,0.0,,
89.59999999999918,,,,,0.0,0.0
89.63359999999918,,0.0,,,,
89.6644149999992,0.0,,,,,
89.68419999999917,,,0.0,,,
89.69839999999917,,,,0.0,,
89.69999999999918,,,,,0.0,0.0
89.73359999999917,,0.0,,,,
89.76441499999919,0.0,,,,,
89.78419999999916,,,0.0,,,
89.79839999999916,,,,0.0,,
89.79999999999917,,,,,0.0,0.0
89.83359999999917,,0.0,,,,
89.86441499999918,0.0,,,,,
89.88419999999915,,,0.0,,,
89.89839999999916,,,,0.0,,
89.89999999999917,,,,,0.0,0.0
89.93359999999916,,0.0,,,,
89.96441499999918,0.0,,,,,
89.98419999999915,,,0.0,,,
89.99839999999915,,,,0.0,,
89.99999999999916,,,,,0.0,0.0
90.03359999999915,,0.0,,,,
90.06441499999917,0.0,,,,,
90.08419999999914,,,0.0,,,
90.09839999999915,,,,0.0,,
90.09999999999916,,,,,0.0,0.0
90.13359999999915,,0.0,,,,
90.16441499999917,0.0,,,,,
90.18419999999914,,,0.0,,,
90.19839999999914,,,,0.0,,
90.19999999999915,,,,,0.0,0.0
90.23359999999914,,0.0,,,,
90.26441499999916,0.0,,,,,
90.28419999999913,,,0.0,,,
90.29839999999913,,,,0.0,,
90.29999999999914,,,,,0.0,0.0
90.33359999999914,,0.0,,,,
90.36441499999916,0.0,,,,,
90.38419999999913,,,0.0,,,
90.39839999999913,,,,0.0,,
90.39999999999914,,,,,0.0,0.0
90.43359999999913,,0.0,,,,
90.46441499999915,0.0,,,,,
90.48419999999912,,,0.0,,,
90.49839999999912,,,,0.0,,
90.49999999999913,,,,,0.0,0.0
90.53359999999913,,0.0,,,,
90.56441499999914,0.0,,,,,
90.58419999999911,,,0.0,,,
90.59839999999912,,,,0.0,,
90.59999999999913,,,,,0.0,0.0
90.63359999999912,,0.0,,,,
90.66441499999914,0.0,,,,,
90.68419999999911,,,0.0,,,
90.69839999999911,,,,0.0,,
90.69999999999912,,,,,0.0,0.0
90.73359999999911,,0.0,,,,
90.76441499999913,0.0,,,,,
90.7841999999991,,,0.0,,,
90.7983999999991,,,,0.0,,
90.79999999999912,,,,,0.0,0.0
90.83359999999911,,0.0,,,,
90.86441499999913,0.0,,,,,
90.8841999999991,,,0.0,,,
90.8983999999991,,,,0.0,,
90.89999999999911,,,,,0.0,0.0
90.9335999999991,,0.0,,,,
90.96441499999912,0.0,,,,,
90.98419999999909,,,0.0,,,
90.9983999999991,,,,0.0,,
90.9999999999991,,,,,0.0,0.0
91.0335999999991,,0.0,,,,
91.06441499999912,0.0,,,,,
91.08419999999909,,,0.0,,,
91.09839999999909,,,,0.0,,
91.0999999999991,,,,,0.0,0.0
91.13359999999909,,0.0,,,,
91.16441499999911,0.0,,,,,
91.18419999999908,,,0.0,,,
91.19839999999908,,,,0.0,,
91.1999999999991,,,,,0.0,0.0
91.23359999999909,,0.0,,,,
91.2644149999991,0.0,,,,,
91.28419999999907,,,0.0,,,
91.29839999999908,,,,0.0,,
91.29999999999909,,,,,0.0,0.0
91.33359999999908,,0.0,,,,
91.3644149999991,0.0,,,,,
91.38419999999907,,,0.0,,,
91.39839999999907,,,,0.0,,
91.39999999999908,,,,,0.0,0.0
91.43359999999907,,0.0,,,,
91.4644149999991,0.0,,,,,
91.48419999999906,,,0.0,,,
91.49839999999907,,,,0.0,,
91.49999999999908,,,,,0.0,0.0
91.53359999999907,,0.0,,,,
91.56441499999909,0.0,,,,,
91.58419999999906,,,0.0,,,
91.59839999999906,,,,0.0,,
91.59999999999907,,,,,0.0,0.0
91.63359999999906,,0.0,,,,
91.66441499999908,0.0,,,,,
91.68419999999905,,,0.0,,,
91.69839999999905,,,,0.0,,
91.69999999999906,,,,,0.0,0.0
91.73359999999906,,0.0,,,,
91.76441499999908,0.0,,,,,
91.78419999999905,,,0.0,,,
91.79839999999905,,,,0.0,,
91.79999999999906,,,,,0.0,0.0
91.83359999999905,,0.0,,,,
91.86441499999907,0.0,,,,,
91.88419999999904,,,0.0,,,
91.89839999999904,,,,0.0,,
91.89999999999905,,,,,0.0,0.0
91.93359999999905,,0.0,,,,
91.96441499999906,0.0,,,,,
91.98419999999903,,,0.0,,,
91.99839999999904,,,,0.0,,
91.99999999999905,,,,,0.0,0.0
92.03359999999904,,0.0,,,,
92.06441499999906,0.0,,,,,
92.08419999999903,,,0.0,,,
92.09839999999903,,,,0.0,,
92.09999999999904,,,,,0.0,0.0
92.13359999999903,,0.0,,,,
92.16441499999905,0.0,,,,,
92.18419999999902,,,0.0,,,
92.19839999999903,,,,0.0,,
92.19999999999904,,,,,0.0,0.0
92.23359999999903,,0.0,,,,
92.26441499999905,0.0,,,,,
92.28419999999902,,,0.0,,,
92.29839999999902,,,,0.0,,
92.29999999999903,,,,,0.0,0.0
92.33359999999902,,0.0,,,,
92.36441499999904,0.0,,,,,
92.38419999999901,,,0.0,,,
92.39839999999901,,,,0.0,,
92.39999999999903,,,,,0.0,0.0
92.43359999999902,,0.0,,,,
92.46441499999904,0.0,,,,,
92.484199999999,,,0.0,,,
92.49839999999901,,,,0.0,,
92.49999999999902,,,,,0.0,0.0
92.53359999999901,,0.0,,,,
92.56441499999903,0.0,,,,,
92.584199999999,,,0.0,,,
92.598399999999,,,,0.0,,
92.59999999999901,,,,,0.0,0.0
92.633599999999,,0.0,,,,
92.66441499999902,0.0,,,,,
92.684199999999,,,0.0,,,
92.698399999999,,,,0.0,,
92.69999999999901,,,,,0.0,0.0
92.733599999999,,0.0,,,,
92.76441499999902,0.0,,,,,
92.78419999999899,,,0.0,,,
92.79839999999899,,,,0.0,,
92.799999999999,,,,,0.0,0.0
92.833599999999,,0.0,,,,
92.86441499999901,0.0,,,,,
92.88419999999898,,,0.0,,,
92.89839999999899,,,,0.0,,
92.899999999999,,,,,0.0,0.0
92.93359999999899,,0.0,,,,
92.96441499999901,0.0,,,,,
92.98419999999898,,,0.0,,,
92.99839999999898,,,,0.0,,
92.99999999999899,,,,,0.0,0.0
93.03359999999898,,0.0,,,,
93.064414999999,0.0,,,,,
93.08419999999897,,,0.0,,,
93.09839999999897,,,,0.0,,
93.09999999999899,,,,,0.0,0.0
93.13359999999898,,0.0,,,,
93.164414999999,0.0,,,,,
93.18419999999897,,,0.0,,,
93.19839999999897,,,,0.0,,
93.19999999999898,,,,,0.0,0.0
93.23359999999897,,0.0,,,,
93.26441499999899,0.0,,,,,
93.28419999999896,,,0.0,,,
93.29839999999896,,,,0.0,,
93.29999999999897,,,,,0.0,0.0
93.33359999999897,,0.0,,,,
93.36441499999898,0.0,,,,,
93.38419999999896,,,0.0,,,
93.39839999999896,,,,0.0,,
93.39999999999897,,,,,0.0,0.0
93.43359999999896,,0.0,,,,
93.46441499999898,0.0,,,,,
93.48419999999895,,,0.0,,,
93.49839999999895,,,,0.0,,
93.49999999999896,,,,,0.0,0.0
93.53359999999896,,0.0,,,,
93.56441499999897,0.0,,,,,
93.58419999999894,,,0.0,,,
93.59839999999895,,,,0.0,,
93.59999999999896,,,,,0.0,0.0
93.63359999999895,,0.0,,,,
93.66441499999897,0.0,,,,,
93.68419999999894,,,0.0,,,
93.69839999999894,,,,0.0,,
93.69999999999895,,,,,0.0,0.0
93.73359999999894,,0.0,,,,
93.76441499999896,0.0,,,,,
93.78419999999893,,,0.0,,,
93.79839999999894,,,,0.0,,
93.79999999999895,,,,,0.0,0.0
93.83359999999894,,0.0,,,,
93.86441499999896,0.0,,,,,
93.88419999999893,,,0.0,,,
93.89839999999893,,,,0.0,,
93.89999999999894,,,,,0.0,0.0
93.93359999999893,,0.0,,,,
93.96441499999895,0.0,,,,,
93.98419999999892,,,0.0,,,
93.99839999999892,,,,0.0,,
93.99999999999893,,,,,0.0,0.0
94.03359999999893,,0.0,,,,
94.06441499999895,0.0,,,,,
94.08419999999892,,,0.0,,,
94.09839999999892,,,,0.0,,
94.09999999999893,,,,,0.0,0.0
94.13359999999892,,0.0,,,,
94.16441499999894,0.0,,,,,
94.18419999999891,,,0.0,,,
94.19839999999891,,,,0.0,,
94.19999999999892,,,,,0.0,0.0
94.23359999999892,,0.0,,,,
94.26441499999893,0.0,,,,,
94.2841999999989,,,0.0,,,
94.2983999999989,,,,0.0,,
94.29999999999892,,,,,0.0,0.0
94.33359999999891,,0.0,,,,
94.36441499999893,0.0,,,,,
94.3841999999989,,,0.0,,,
94.3983999999989,,,,0.0,,
94.39999999999891,,,,,0.0,0.0
94.4335999999989,,0.0,,,,
94.46441499999892,0.0,,,,,
94.48419999999889,,,0.0,,,
94.4983999999989,,,,0.0,,
94.4999999999989,,,,,0.0,0.0
94.5335999999989,,0.0,,,,
94.56441499999892,0.0,,,,,
94.58419999999889,,,0.0,,,
94.59839999999889,,,,0.0,,
94.5999999999989,,,,,0.0,0.0
94.63359999999889,,0.0,,,,
94.66441499999891,0.0,,,,,
94.68419999999888,,,0.0,,,
94.69839999999888,,,,0.0,,
94.6999999999989,,,,,0.0,0.0
94.73359999999889,,0.0,,,,
94.7644149999989,0.0,,,,,
94.78419999999888,,,0.0,,,
94.79839999999888,,,,0.0,,
94.79999999999889,,,,,0.0,0.0
94.83359999999888,,0.0,,,,
94.8644149999989,0.0,,,,,
94.88419999999887,,,0.0,,,
94.89839999999887,,,,0.0,,
94.89999999999888,,,,,0.0,0.0
94.93359999999888,,0.0,,,,
94.9644149999989,0.0,,,,,
94.98419999999886,,,0.0,,,
94.99839999999887,,,,0.0,,
94.99999999999888,,,,,0.0,0.0
95.03359999999887,,0.0,,,,
95.06441499999889,0.0,,,,,
95.08419999999886,,,0.0,,,
95.09839999999886,,,,0.0,,
95.09999999999887,,,,,0.0,0.0
95.13359999999886,,0.0,,,,
95.16441499999888,0.0,,,,,
95.18419999999885,,,0.0,,,
95.19839999999886,,,,0.0,,
95.19999999999887,,,,,0.0,0.0
95.23359999999886,,0.0,,,,
95.26441499999888,0.0,,,,,
95.28419999999885,,,0.0,,,
95.29839999999885,,,,0.0,,
95.29999999999886,,,,,0.0,0.0
95.33359999999885,,0.0,,,,
95.36441499999887,0.0,,,,,
95.38419999999884,,,0.0,,,
95.39839999999884,,,,0.0,,
95.39999999999885,,,,,0.0,0.0
95.43359999999885,,0.0,,,,
95.46441499999887,0.0,,,,,
95.48419999999884,,,0.0,,,
95.49839999999884,,,,0.0,,
95.49999999999885,,,,,0.0,0.0
95.53359999999884,,0.0,,,,
95.56441499999886,0.0,,,,,
95.58419999999883,,,0.0,,,
95.59839999999883,,,,0.0,,
95.59999999999884,,,,,0.0,0.0
95.63359999999884,,0.0,,,,
95.66441499999885,0.0,,,,,
95.68419999999882,,,0.0,,,
95.69839999999883,,,,0.0,,
95.69999999999884,,,,,0.0,0.0
95.73359999999883,,0.0,,,,
95.76441499999885,0.0,,,,,
95.78419999999882,,,0.0,,,
95.79839999999882,,,,0.0,,
95.79999999999883,,,,,0.0,0.0
95.83359999999882,,0.0,,,,
95.86441499999884,0.0,,,,,
95.88419999999881,,,0.0,,,
95.89839999999882,,,,0.0,,
95.89999999999883,,,,,0.0,0.0
95.93359999999882,,0.0,,,,
95.96441499999884,0.0,,,,,
95.98419999999881,,,0.0,,,
95.99839999999881,,,,0.0,,
95.99999999999882,,,,,0.0,0.0
96.03359999999881,,0.0,,,,
96.06441499999883,0.0,,,,,
96.0841999999988,,,0.0,,,
96.0983999999988,,,,0.0,,
96.09999999999881,,,,,0.0,0.0
96.13359999999881,,0.0,,,,
96.16441499999883,0.0,,,,,
96.1841999999988,,,0.0,,,
96.1983999999988,,,,0.0,,
96.19999999999881,,,,,0.0,0.0
96.2335999999988,,0.0,,,,
96.26441499999882,0.0,,,,,
96.28419999999879,,,0.0,,,
96.2983999999988,,,,0.0,,
96.2999999999988,,,,,0.0,0.0
96.3335999999988,,0.0,,,,
96.36441499999881,0.0,,,,,
96.38419999999878,,,0.0,,,
96.39839999999879,,,,0.0,,
96.3999999999988,,,,,0.0,0.0
96.43359999999879,,0.0,,,,
96.46441499999881,0.0,,,,,
96.48419999999878,,,0.0,,,
96.49839999999878,,,,0.0,,
96.49999999999879,,,,,0.0,0.0
96.53359999999878,,0.0,,,,
96.5644149999988,0.0,,,,,
96.58419999999877,,,0.0,,,
96.59839999999878,,,,0.0,,
96.59999999999879,,,,,0.0,0.0
96.63359999999878,,0.0,,,,
96.6644149999988,0.0,,,,,
96.68419999999877,,,0.0,,,
96.69839999999877,,,,0.0,,
96.69999999999878,,,,,0.0,0.0
96.73359999999877,,0.0,,,,
96.76441499999879,0.0,,,,,
96.78419999999876,,,0.0,,,
96.79839999999876,,,,0.0,,
96.79999999999878,,,,,0.0,0.0
96.83359999999877,,0.0,,,,
96.86441499999879,0.0,,,,,
96.88419999999876,,,0.0,,,
96.89839999999876,,,,0.0,,
96.89999999999877,,,,,0.0,0.0
96.93359999999876,,0.0,,,,
96.96441499999878,0.0,,,,,
96.98419999999875,,,0.0,,,
96.99839999999875,,,,0.0,,
96.99999999999876,,,,,0.0,0.0
97.03359999999876,,0.0,,,,
97.06441499999877,0.0,,,,,
97.08419999999875,,,0.0,,,
97.09839999999875,,,,0.0,,
97.09999999999876,,,,,0.0,0.0
97.13359999999875,,0.0,,,,
97.16441499999877,0.0,,,,,
97.18419999999874,,,0.0,,,
97.19839999999874,,,,0.0,,
97.19999999999875,,,,,0.0,0.0
97.23359999999875,,0.0,,,,
97.26441499999876,0.0,,,,,
97.28419999999873,,,0.0,,,
97.29839999999874,,,,0.0,,
97.29999999999875,,,,,0.0,0.0
97.33359999999874,,0.0,,,,
97.36441499999876,0.0,,,,,
97.38419999999873,,,0.0,,,
97.39839999999873,,,,0.0,,
97.39999999999874,,,,,0.0,0.0
97.43359999999873,,0.0,,,,
97.46441499999875,0.0,,,,,
97.48419999999872,,,0.0,,,
97.49839999999872,,,,0.0,,
97.49999999999874,,,,,0.0,0.0
97.53359999999873,,0.0,,,,
97.56441499999875,0.0,,,,,
97.58419999999872,,,0.0,,,
97.59839999999872,,,,0.0,,
97.59999999999873,,,,,0.0,0.0
97.63359999999872,,0.0,,,,
97.66441499999874,0.0,,,,,
97.68419999999871,,,0.0,,,
97.69839999999871,,,,0.0,,
97.69999999999872,,,,,0.0,0.0
97.73359999999872,,0.0,,,,
97.76441499999873,0.0,,,,,
97.7841999999987,,,0.0,,,
97.79839999999871,,,,0.0,,
97.79999999999872,,,,,0.0,0.0
97.83359999999871,,0.0,,,,
97.86441499999873,0.0,,,,,
97.8841999999987,,,0.0,,,
97.8983999999987,,,,0.0,,
97.89999999999871,,,,,0.0,0.0
97.9335999999987,,0.0,,,,
97.96441499999872,0.0,,,,,
97.9841999999987,,,0.0,,,
97.9983999999987,,,,0.0,,
97.9999999999987,,,,,0.0,0.0
98.0335999999987,,0.0,,,,
98.06441499999872,0.0,,,,,
98.08419999999869,,,0.0,,,
98.09839999999869,,,,0.0,,
98.0999999999987,,,,,0.0,0.0
98.1335999999987,,0.0,,,,
98.16441499999871,0.0,,,,,
98.18419999999868,,,0.0,,,
98.19839999999868,,,,0.0,,
98.1999999999987,,,,,0.0,0.0
98.23359999999869,,0.0,,,,
98.2644149999987,0.0,,,,,
98.28419999999868,,,0.0,,,
98.29839999999868,,,,0.0,,
98.29999999999869,,,,,0.0,0.0
98.33359999999868,,0.0,,,,
98.3644149999987,0.0,,,,,
98.38419999999867,,,0.0,,,
98.39839999999867,,,,0.0,,
98.39999999999868,,,,,0.0,0.0
98.43359999999868,,0.0,,,,
98.4644149999987,0.0,,,,,
98.48419999999867,,,0.0,,,
98.49839999999867,,,,0.0,,
98.49999999999868,,,,,0.0,0.0
98.53359999999867,,0.0,,,,
98.56441499999869,0.0,,,,,
98.58419999999866,,,0.0,,,
98.59839999999866,,,,0.0,,
98.59999999999867,,,,,0.0,0.0
98.63359999999867,,0.0,,,,
98.66441499999868,0.0,,,,,
98.68419999999865,,,0.0,,,
98.69839999999866,,,,0.0,,
98.69999999999867,,,,,0.0,0.0
98.73359999999866,,0.0,,,,
98.76441499999868,0.0,,,,,
98.78419999999865,,,0.0,,,
98.79839999999865,,,,0.0,,
98.79999999999866,,,,,0.0,0.0
98.83359999999865,,0.0,,,,
98.86441499999867,0.0,,,,,
98.88419999999864,,,0.0,,,
98.89839999999865,,,,0.0,,
98.89999999999866,,,,,0.0,0.0
98.93359999999865,,0.0,,,,
98.96441499999867,0.0,,,,,
98.98419999999864,,,0.0,,,
98.99839999999864,,,,0.0,,
98.99999999999865,,,,,0.0,0.0
99.03359999999864,,0.0,,,,
99.06441499999866,0.0,,,,,
99.08419999999863,,,0.0,,,
99.09839999999863,,,,0.0,,
99.09999999999864,,,,,0.0,0.0
99.13359999999864,,0.0,,,,
99.16441499999866,0.0,,,,,
99.18419999999863,,,0.0,,,
99.19839999999863,,,,0.0,,
99.19999999999864,,,,,0.0,0.0
99.23359999999863,,0.0,,,,
99.26441499999865,0.0,,,,,
99.28419999999862,,,0.0,,,
99.29839999999862,,,,0.0,,
99.29999999999863,,,,,0.0,0.0
99.33359999999863,,0.0,,,,
99.36441499999864,0.0,,,,,
99.38419999999861,,,0.0,,,
99.39839999999862,,,,0.0,,
99.39999999999863,,,,,0.0,0.0
99.43359999999862,,0.0,,,,
99.46441499999864,0.0,,,,,
99.48419999999861,,,0.0,,,
99.49839999999861,,,,0.0,,
99.49999999999862,,,,,0.0,0.0
99.53359999999861,,0.0,,,,
99.56441499999863,0.0,,,,,
99.5841999999986,,,0.0,,,
99.5983999999986,,,,0.0,,
99.59999999999862,,,,,0.0,0.0
99.63359999999861,,0.0,,,,
99.66441499999863,0.0,,,,,
99.6841999999986,,,0.0,,,
99.6983999999986,,,,0.0,,
99.69999999999861,,,,,0.0,0.0
99.7335999999986,,0.0,,,,
99.76441499999862,0.0,,,,,
99.78419999999859,,,0.0,,,
99.7983999999986,,,,0.0,,
99.7999999999986,,,,,0.0,0.0
99.8335999999986,,0.0,,,,
99.86441499999862,0.0,,,,,
99.88419999999859,,,0.0,,,
99.89839999999859,,,,0.0,,
99.8999999999986,,,,,0.0,0.0
99.93359999999859,,0.0,,,,
99.96441499999861,0.0,,,,,
99.98419999999858,,,0.0,,,
99.99839999999858,,,,0.0,,
99.9999999999986,,,,,0.0,0.0
