job_times,data_arrival_times
5.2875,3.5908499999999464
4.947499999999998,13.559350000000077
3.623750000000001,2.268400000000163
4.991249999999994,8.189000000000426
4.852500000000006,1.787249999999716
4.927499999999995,1.983549999998985
3.7462500000000034,1.8713999999977489
5.569999999999993,2.754349999997146
2.9737499999999955,3.62229999999974
4.074999999999989,24.252550000003595
2.936250000000001,2.302500000007143
5.641250000000014,2.441800000010346
2.4575000000000102,6.168700000013217
