job_times,data_arrival_times
3.1712500000000006,2.0205999999999524
4.18375,8.885749999999959
4.399999999999999,3.226750000000024
4.923749999999998,1.9380000000001445
2.5037500000000037,1.9770500000002968
4.296250000000001,14.763999999998859
4.599999999999994,23.316399999997103
2.1100000000000136,3.032599999997103
3.0149999999999864,21.82429999999877
5.381249999999994,3.4493500000020276
2.164999999999992,3.4952000000052124
4.6200000000000045,2.997450000007916
