job_times,data_arrival_times
4.33,2.2784000000000115
3.2540000000000013,0.7015999999999956
4.094000000000001,1.3376000000007053
5.640000000000001,2.8685000000011627
3.024000000000001,1.3180000000007368
2.926000000000002,6.777599999999296
5.354000000000013,3.197899999996878
4.647999999999996,1.1419999999951358
5.207999999999998,1.956099999992773
