job_times,data_arrival_times
3.4139999999999997,0.8654999999999959
3.7040000000000006,1.1188999999999858
5.506,1.6534000000005022
2.778000000000006,2.0642000000004543
4.634,1.7131999999999152
2.4639999999999986,1.8848999999986802
3.0960000000000036,0.6966999999964685
5.201999999999998,0.9448999999944476
3.8060000000000116,1.2457999999919593
