job_times,data_arrival_times
2.013333333333332,13.462099999999937
3.8900000000000006,8.77240000000046
4.299999999999997,1.6633000000011648
2.1400000000000006,3.3168000000019404
3.7333333333333343,22.303100000000086
2.806666666666672,2.612899999999115
5.0,5.029899999997241
5.866666666666674,5.410599999995412
5.126666666666665,1.827299999993869
5.030000000000001,2.6842999999922483
4.703333333333347,1.7532999999911283
3.1766666666666765,1.280199999989776
