job_times,data_arrival_times
3.501999999999999,2.3481999999999754
4.016000000000002,1.6786000000000243
3.094000000000001,1.1764000000007186
3.432000000000002,1.8926000000007548
4.251999999999995,1.3317000000001542
3.480000000000004,3.1455999999989785
4.7760000000000105,2.19089999999602
2.4180000000000064,3.6917999999933784
4.593999999999994,0.9841999999916311
