job_times,data_arrival_times
2.0133333333333336,2.0021350000000675
5.759999999999998,0.2314650000011511
4.609999999999999,0.23432500000444634
5.823333333333338,0.292045000005956
2.4933333333333394,7.486304999993052
5.316666666666663,0.20898499998992293
4.36666666666666,3.841995000000068
5.780000000000001,0.25851500000005956
2.2933333333333223,0.28234500000320395
4.8700000000000045,2.371120000006158
5.326666666666654,9.770880000003586
