job_times,data_arrival_times
3.1712500000000006,0.21331999999999574
4.8375,0.1897799999998906
5.293750000000003,0.24905999999984374
5.128750000000004,0.2664200000019221
5.756249999999994,21.21398999999859
3.3599999999999994,0.2925299999976261
5.224999999999994,0.29420999999597086
4.1612499999999955,0.2745899999943475
4.569999999999993,35.97659000006243
