job_times,data_arrival_times
4.33,0.41693999999999554
5.940000000000001,0.26817999999983044
5.389999999999997,0.4181599999999044
3.094000000000001,0.3840200000009162
5.587999999999994,14.047340000002222
2.6839999999999975,0.30470000000156006
3.062000000000012,0.27262000000041553
2.951999999999998,1.0732200000002194
3.7439999999999998,0.2026799999995319
5.298000000000002,0.35121999999904574
