job_times,data_arrival_times
2.206666666666667,1.7870250000000367
4.713333333333331,3.2301950000032065
4.763333333333335,0.25840500000565214
2.1666666666666714,17.752684999991345
2.38333333333334,0.2619649999891749
3.5033333333333303,5.077284999999478
3.8966666666666754,0.3608950000006388
2.3000000000000114,0.32295500000185484
5.693333333333328,4.871020000006155
5.909999999999997,0.20696000000728532
2.096666666666664,0.32372000000586354
