job_times,data_arrival_times
3.7025000000000006,0.30931999999987614
4.210000000000001,0.25683999999994533
2.886249999999997,0.24134000000055522
5.683750000000003,0.9529900000028277
4.105000000000004,18.06659999999951
2.0275000000000034,0.3019299999971423
2.761250000000004,0.292309999995652
3.2275000000000063,0.2472099999939843
2.541249999999991,35.47669000006243
4.97999999999999,0.22380000010028311
