time_bin,retransmissions,time_bin_mid
"[64, 65)",5.25,64.5
"[65, 66)",11.038461538461538,65.5
"[154, 155)",0.42857142857142855,154.5
