waiting_times,completion_times,turnaround_times
0.2576639921350612,8.123333333333335,8.380997325468396
0.47491077911937296,8.986666666666665,9.461577445786038
0.47002127198746635,7.666666666666664,8.13668793865413
0.11724412142802265,7.469999999999999,7.5872441214280215
0.05978189924334032,10.016666666666666,10.076448565910006
0.16912018736009315,6.313333333333333,6.482453520693426
0.4407736742305346,4.156666666666659,4.597440340897194
0.14150927547712655,9.549999999999997,9.691509275477124
0.0037554560868784392,7.280000000000015,7.283755456086894
0.46616483020447674,8.02333333333334,8.489498163537817
0.06630560797307794,6.6200000000000045,6.6863056079730825
0.13584658602989919,9.993333333333325,10.129179919363224
0.4484228434308193,5.8700000000000045,6.318422843430824
0.3864902331471569,6.393333333333331,6.779823566480488
0.083982400214623,4.5033333333333445,4.5873157335479675
0.36360647865591034,11.676666666666662,12.040273145322573
0.058522505482514475,9.969999999999999,10.028522505482513
0.3922217482408854,6.539999999999992,6.9322217482408774
0.3948897710193222,8.090000000000032,8.484889771019354
0.029523090430672028,10.403333333333336,10.432856423764008
0.3689681217205134,6.48333333333332,6.8523014550538335
0.014589237037398561,4.2733333333333405,4.287922570370739
0.3879139835605372,8.799999999999983,9.18791398356052
0.42751645817170925,6.596666666666692,7.024183124838402
0.3046951930118098,8.026666666666642,8.331361859678452
0.45057161045548355,10.396666666666675,10.847238277122159
0.11529150271744015,,
0.09906751969731431,,
