job_times,data_arrival_times
4.960000000000001,0.29640000000002686
4.591249999999999,0.25521999999971356
2.1625000000000014,0.28218000000062204
5.736249999999998,0.2145400000037867
5.771250000000002,0.5604500000094674
2.666250000000005,0.22580000000887424
5.844999999999999,0.2727600000005168
2.5275000000000034,36.05499000004244
4.372500000000002,0.1772200000671944
3.2624999999999886,0.20638000008136714
4.591250000000002,0.1899600000970736
5.189999999999998,24.287125000073218
