task_times,data_arrival_times
2.780000000000001,2.167799999996504
3.4666666666666686,2.302299999990055
4.093333333333334,1.767418856104257
2.6866666666666674,2.14319999998753
3.0500000000000114,1.838299999986333
