job_times,data_arrival_times
4.526666666666667,0.2476849999999633
2.0733333333333306,0.5183950000037783
4.426666666666662,5.8359400000002495
2.4766666666666737,3.6266299999989116
5.640000000000001,0.24724999999808972
2.0433333333333366,7.505974999997875
2.526666666666671,3.061219999998997
3.0799999999999983,3.220419999999848
2.0233333333333405,0.3148799999997891
5.23333333333332,0.2807950000019446
4.343333333333334,2.383205000003187
4.713333333333338,0.19514500000326507
