job_times,data_arrival_times
3.7025000000000006,0.30931999999987614
4.210000000000001,0.25683999999994533
2.886249999999997,0.24134000000055522
5.515000000000001,3.6679200000056014
4.105000000000004,3.226910000002235
2.8037499999999937,0.27733000000162633
5.224999999999994,3.200054999998798
2.5799999999999983,0.29887499999711054
3.7212499999999977,3.9902700000051254
2.8375000000000057,5.2869200000058925
3.2324999999999875,0.2538400000210004
