job_times,data_arrival_times
5.778749999999999,9.014849999999814
4.735000000000003,6.367549999999941
5.303750000000001,6.131550000000068
3.0174999999999983,3.01560000000012
2.757499999999993,10.90789999999987
2.887500000000003,1.8061499999991355
3.4775000000000063,1.8105999999981748
2.5625,1.6788499999974391
2.6787499999999937,1.790999999997183
2.916250000000005,1.8963499999966587
2.905000000000001,1.890599999998841
