time_bin_mid,avg_data_arrival_time
80.5,2.306999999999917
93.5,2.2378499999992982
98.5,2.198599999999203
99.5,2.099599999999157
