task_times,data_arrival_times
4.486666666666665,2.05850000000094
2.776666666666671,1.8237000000000876
5.929999999999993,2.4155999999954503
2.6166666666666742,2.1581772405066033
