task_times,data_arrival_times
5.9025,1.8546000000000271
4.015000000000001,2.332800000000425
3.9962500000000034,2.183749999999108
5.441249999999997,2.673699999960064
3.623750000000001,2.6937999999514375
5.344999999999999,2.2483499999452192
2.4350000000000023,2.2683505861784
