task_times,data_arrival_times
2.5900000000000034,2.0137000000005827
5.943333333333335,2.0077000000013925
4.43333333333333,2.225900000002234
2.923333333333332,2.085399999996824
5.849999999999994,2.15069999999497
4.4266666666666765,1.8721999999921195
5.759999999999991,2.3685999999895557
