task_times,data_arrival_times
2.3840000000000003,2.101000000000071
2.543999999999997,1.876999999998361
5.221999999999994,1.6013723734038763
3.6200000000000045,2.168999999992934
