task_times,data_arrival_times
2.780000000000001,2.167799999996504
3.4666666666666686,2.2022999999900605
4.093333333333334,1.8674188561042513
2.6866666666666674,2.043199999987536
3.0500000000000114,1.7382999999863387
