task_times,data_arrival_times
4.027999999999999,2.2340000000000417
5.045999999999999,2.246000000000496
3.2620000000000005,2.231999999999985
4.210000000000001,2.3509999999992885
4.124000000000002,2.1999999999986812
5.293999999999997,1.780999999998528
3.0999999999999943,1.7209999999982415
