task_times,data_arrival_times
4.643749999999997,2.306999999999917
2.1912499999999966,2.2378499999992982
4.058750000000003,2.198599999999203
2.6912499999999966,2.099599999999157
