time_bin,retransmissions,time_bin_mid
"[133, 134)",17.61111111111111,133.5
"[134, 135)",27.1,134.5
"[135, 136)",0.3333333333333333,135.5
"[136, 137)",0.1,136.5
"[137, 138)",0.0,137.5
"[180, 181)",0.0,180.5
"[187, 188)",0.0,187.5
"[188, 189)",0.5,188.5
"[196, 197)",0.0,196.5
