Category,Total Tasks,Completed Tasks,Average Completion Time,Average Waiting Time
0,33,21,5.643544836824977,0.20821286434910613
1,27,16,5.3997916666666725,0.4237585222504593
2,37,25,5.295462689065038,0.578038222976555
