time_bin_mid,avg_data_arrival_time
8.5,4.448599999999926
23.5,4.487049999999943
42.5,5.018900000000144
60.5,4.723100000000358
74.5,4.030099999999791
