job_times,data_arrival_times
3.4139999999999997,0.8654999999999959
3.7040000000000006,1.1188999999999858
4.052,2.365300000000609
3.7659999999999982,5.080900000001307
2.1880000000000024,0.749400000001728
3.034000000000006,1.7203000000005915
4.305999999999997,0.8755000000000308
3.5400000000000063,0.9029999999991816
4.7760000000000105,1.3482999999969536
3.5720000000000027,0.9964999999948816
3.7319999999999993,4.796399999993184
