job_times,data_arrival_times
3.7025000000000006,4.448599999999926
3.1137499999999996,4.487049999999943
3.280000000000001,5.018900000000144
5.756249999999994,4.723100000000358
2.311250000000001,4.030099999999791
