job_times,data_arrival_times
2.6566666666666663,4.462600000000066
2.8599999999999994,6.665800000001056
5.796666666666667,2.2916000000016368
3.673333333333332,2.9633000000002028
5.506666666666661,4.09069999999889
2.9766666666666737,6.9628999999972905
3.539999999999992,3.569999999995588
4.710000000000008,3.928299999994067
4.586666666666673,2.951999999992694
3.539999999999992,4.280499999990667
