job_times,data_arrival_times
2.710000000000001,1.4711000000000034
5.759999999999998,1.4761000000006135
4.079999999999998,3.8227000000014044
2.396666666666661,5.603000000000193
5.700000000000003,1.808799999998925
3.819999999999993,1.6092999999974182
4.573333333333338,1.5091999999955448
3.826666666666654,1.681399999993772
4.116666666666674,1.9644999999925403
2.526666666666671,1.612699999990781
