job_times,data_arrival_times
2.8200000000000003,1.912949999999924
3.2962500000000006,8.784050000000121
5.878749999999997,25.52540000000026
3.605000000000004,2.130149999999645
4.599999999999994,3.46069999999834
3.5487499999999983,3.27044999999751
2.7137500000000045,3.400599999997027
2.427500000000009,18.89824999999871
4.1737500000000125,3.176950000001341
2.4562500000000114,2.2092000000040457
4.773750000000007,4.464150000007493
3.6750000000000114,1.7652000000103953
