job_times,data_arrival_times
2.123333333333335,5.613700000000076
4.933333333333337,2.7296000000009144
4.083333333333336,2.7909000000018764
2.6400000000000006,4.321700000000362
5.859999999999999,1.1816999999990685
5.276666666666671,1.486699999997768
5.173333333333346,2.6956999999959237
5.546666666666681,1.1782999999945787
3.583333333333343,2.77719999999303
2.819999999999993,1.1784999999913452
