job_times,data_arrival_times
3.1875,3.3027499999999286
2.69125,6.753350000000033
4.109999999999999,1.859850000000165
2.1075000000000017,13.222150000000319
3.4287499999999937,2.262000000000043
2.09375,4.423649999998716
3.1274999999999977,4.998199999997709
5.516249999999999,3.0919499999973254
3.1687499999999886,3.374049999996714
3.4937500000000057,5.563350000000781
4.958750000000009,5.131200000007311
3.125,2.9416000000098848
3.819999999999993,7.402900000011641
