job_times,data_arrival_times
4.805,3.186349999999928
2.0737500000000004,3.8429500000000623
4.631249999999994,35.746049999999755
5.823750000000004,5.058699999998979
5.117499999999993,6.884149999997987
4.597499999999997,3.1106999999974647
2.541249999999991,4.392899999996828
4.197499999999991,9.18610000000092
3.5424999999999898,5.524500000009027
2.3162499999999966,4.641450000011531
3.0749999999999886,2.599500000013478
3.788749999999993,2.6969000000163703
