processor_ids,avg_processing_times,avg_data_arrival_times
9,4.0962,0.9595380000015676
10,4.4744,4.0458556666694285
11,4.275411764705882,3.246628823532268
12,3.9761904761904754,7.077589091399008
13,5.2700000000000005,20.75928166666051
14,3.4266666666666623,15.260181249993913
15,4.608124999999999,2.105580833339985
16,3.907916666666667,2.347005833339193
17,4.638437499999998,4.662757500006011
