job_times,data_arrival_times
5.778749999999999,4.932340000000119
3.296249999999997,3.804060000000092
5.921250000000001,9.722645000010253
3.5574999999999974,0.191985000013581
