job_times,data_arrival_times
2.1899999999999995,0.30749000000000315
3.8900000000000006,0.25977287993285003
5.74666666666667,0.23750287993579633
3.1599999999999966,0.27664287993726333
4.336666666666673,0.3023150000058976
5.573333333333338,47.8571899999923
2.936666666666653,0.30220999998894627
