job_times,data_arrival_times
5.431249999999999,7.081750000000255
4.05875,0.23397999999967212
5.128749999999997,0.31182000000252685
4.863749999999996,4.540725000009246
4.786250000000003,0.21126500001253135
3.3800000000000026,0.2539450000156762
