job_times,data_arrival_times
4.33,0.41693999999999753
5.5859999999999985,1.0380349999999794
4.5120000000000005,2.191460000000145
3.033999999999999,0.3710300000019373
2.1839999999999975,4.093680000001299
5.873999999999995,0.33580500000221036
3.4200000000000017,0.39193500000203585
5.650000000000006,0.2674950000020999
2.804000000000002,0.12991000000292274
3.567999999999998,0.35909000000305014
