job_times,data_arrival_times
2.1899999999999995,0.28089000000002606
2.049999999999997,0.2602050000024576
3.6666666666666714,0.365480000004446
2.2733333333333405,3.651279999997257
2.5333333333333314,5.743884999998869
4.650000000000006,0.28526499999790644
5.74666666666667,8.446184999994458
5.183333333333337,4.668845000003245
4.163333333333327,0.26346500000528295
3.586666666666673,0.26519000000197934
4.150000000000006,2.0821650000010266
