waiting_times,completion_times,turnaround_time,mid_points
0.5,4.83,5.33,0.5
0.2937367805425959,3.9139999999999997,4.207736780542596,3.5
0.22204427061836718,6.001999999999999,6.224044270618366,6.5
0.11703435382354144,3.834000000000003,3.9510343538235446,18.5
0.18575592127792717,6.27,6.455755921277927,19.5
0.12029509051876275,5.518000000000001,5.638295090518763,20.5
0.26685895515091573,4.709000000000003,4.975858955150919,26.5
0.0352052562500198,6.159999999999997,6.195205256250016,27.5
0.1808246173233954,4.266000000000002,4.446824617323397,44.5
0.38424139579023375,6.788000000000004,7.172241395790238,48.5
0.2209209220489612,2.4760000000000133,2.6969209220489745,64.5
0.0026803389119720578,6.028000000000006,6.030680338911978,65.5
0.4835993227757598,6.63000000000001,7.1135993227757695,67.5
0.16404689732564748,4.634,4.798046897325648,83.5
0.3139409483405444,4.200000000000003,4.513940948340547,90.5
0.049907434276761364,3.4140000000000157,3.463907434276777,93.5
0.3714645822141023,3.8000000000000114,4.171464582214114,99.5
0.2021219553577822,6.053000000000004,6.255121955357787,102.5
0.26701757528141457,2.975999999999999,3.2430175752814137,122.5
0.11209725844770446,7.096000000000004,7.208097258447708,123.5
0.26154063660344207,6.5120000000000005,6.7735406366034425,125.5
0.2539202640784026,4.056000000000012,4.309920264078414,134.5
0.13331694465767896,7.081999999999994,7.215316944657673,136.5
0.3125481033431754,6.7479999999999905,7.060548103343166,137.5
0.25288658420859633,11.112000000000023,11.36488658420862,152.5
0.14907902234449466,15.121999999999986,15.27107902234448,153.5
0.47935536000954926,18.569999999999993,19.049355360009542,155.5
0.009606819332788064,4.532000000000011,4.541606819332799,169.5
0.3900916450449756,3.4899999999999807,3.8800916450449563,171.5
0.3364634035348786,6.031999999999982,6.368463403534861,172.5
0.25286777486761025,3.7639999999999816,4.016867774867592,181.5
0.15493974630498997,6.415999999999997,6.570939746304987,182.5
0.2421064623805762,5.739999999999981,5.982106462380557,184.5
