Site,Category,Total Jobs,Completed Jobs,Average Completion Time,Average Waiting Time
1,0,48,28,9.536142857142854,9.032204129233923
1,1,27,18,23.414427635924575,9.335087380757967
1,2,36,16,12.682890624999999,21.18201095580011
