time,goodput,connection_id,src,dst
1.5,0.0,78397,<entities.processor.Processor object at 0x100c644c0>,<entities.dtn.DTN object at 0x10573ddc0>
1.6000999999999999,163.5,4905,<entities.dtn.DTN object at 0x10573ddc0>,<entities.processor.Processor object at 0x100c644c0>
3.5,0.0,78236,<entities.processor.Processor object at 0x10573d1f0>,<entities.dtn.DTN object at 0x10573ddc0>
3.5,0.0,37463,<entities.processor.Processor object at 0x105728940>,<entities.dtn.DTN object at 0x10573ddc0>
3.5,0.0,1851,<entities.processor.Processor object at 0x105757880>,<entities.dtn.DTN object at 0x10573ddc0>
3.500100000000001,79.0,21926,<entities.dtn.DTN object at 0x10573ddc0>,<entities.processor.Processor object at 0x10573d1f0>
3.5002300000000015,177.0,45597,<entities.dtn.DTN object at 0x10573ddc0>,<entities.processor.Processor object at 0x105757880>
5.0,0.0,46082,<entities.processor.Processor object at 0x1057284c0>,<entities.dtn.DTN object at 0x10573ddc0>
6.0,0.0,46082,<entities.processor.Processor object at 0x1057284c0>,<entities.dtn.DTN object at 0x10573ddc0>
7.0,0.0,46082,<entities.processor.Processor object at 0x1057284c0>,<entities.dtn.DTN object at 0x10573ddc0>
8.0,0.0,46082,<entities.processor.Processor object at 0x1057284c0>,<entities.dtn.DTN object at 0x10573ddc0>
9.0,0.0,46082,<entities.processor.Processor object at 0x1057284c0>,<entities.dtn.DTN object at 0x10573ddc0>
10.0,0.0,46082,<entities.processor.Processor object at 0x1057284c0>,<entities.dtn.DTN object at 0x10573ddc0>
11.0,0.0,46082,<entities.processor.Processor object at 0x1057284c0>,<entities.dtn.DTN object at 0x10573ddc0>
12.0,0.0,46082,<entities.processor.Processor object at 0x1057284c0>,<entities.dtn.DTN object at 0x10573ddc0>
13.0,0.0,46082,<entities.processor.Processor object at 0x1057284c0>,<entities.dtn.DTN object at 0x10573ddc0>
14.0,0.0,46082,<entities.processor.Processor object at 0x1057284c0>,<entities.dtn.DTN object at 0x10573ddc0>
15.0,0.0,46082,<entities.processor.Processor object at 0x1057284c0>,<entities.dtn.DTN object at 0x10573ddc0>
16.0,0.0,46082,<entities.processor.Processor object at 0x1057284c0>,<entities.dtn.DTN object at 0x10573ddc0>
17.0,0.0,46082,<entities.processor.Processor object at 0x1057284c0>,<entities.dtn.DTN object at 0x10573ddc0>
18.0,0.0,46082,<entities.processor.Processor object at 0x1057284c0>,<entities.dtn.DTN object at 0x10573ddc0>
19.0,0.0,46082,<entities.processor.Processor object at 0x1057284c0>,<entities.dtn.DTN object at 0x10573ddc0>
20.0,0.0,46082,<entities.processor.Processor object at 0x1057284c0>,<entities.dtn.DTN object at 0x10573ddc0>
21.0,0.0,46082,<entities.processor.Processor object at 0x1057284c0>,<entities.dtn.DTN object at 0x10573ddc0>
22.0,0.0,46082,<entities.processor.Processor object at 0x1057284c0>,<entities.dtn.DTN object at 0x10573ddc0>
23.0,0.0,46082,<entities.processor.Processor object at 0x1057284c0>,<entities.dtn.DTN object at 0x10573ddc0>
24.0,0.0,46082,<entities.processor.Processor object at 0x1057284c0>,<entities.dtn.DTN object at 0x10573ddc0>
25.0,0.0,46082,<entities.processor.Processor object at 0x1057284c0>,<entities.dtn.DTN object at 0x10573ddc0>
26.0,0.0,46082,<entities.processor.Processor object at 0x1057284c0>,<entities.dtn.DTN object at 0x10573ddc0>
27.0,0.0,46082,<entities.processor.Processor object at 0x1057284c0>,<entities.dtn.DTN object at 0x10573ddc0>
28.0,0.0,46082,<entities.processor.Processor object at 0x1057284c0>,<entities.dtn.DTN object at 0x10573ddc0>
29.0,0.0,46082,<entities.processor.Processor object at 0x1057284c0>,<entities.dtn.DTN object at 0x10573ddc0>
30.0,0.0,46082,<entities.processor.Processor object at 0x1057284c0>,<entities.dtn.DTN object at 0x10573ddc0>
31.0,0.0,46082,<entities.processor.Processor object at 0x1057284c0>,<entities.dtn.DTN object at 0x10573ddc0>
32.0,0.0,46082,<entities.processor.Processor object at 0x1057284c0>,<entities.dtn.DTN object at 0x10573ddc0>
33.0,0.0,46082,<entities.processor.Processor object at 0x1057284c0>,<entities.dtn.DTN object at 0x10573ddc0>
34.0,0.0,46082,<entities.processor.Processor object at 0x1057284c0>,<entities.dtn.DTN object at 0x10573ddc0>
35.0,0.0,46082,<entities.processor.Processor object at 0x1057284c0>,<entities.dtn.DTN object at 0x10573ddc0>
36.0,0.0,46082,<entities.processor.Processor object at 0x1057284c0>,<entities.dtn.DTN object at 0x10573ddc0>
37.0,0.0,46082,<entities.processor.Processor object at 0x1057284c0>,<entities.dtn.DTN object at 0x10573ddc0>
38.0,0.0,46082,<entities.processor.Processor object at 0x1057284c0>,<entities.dtn.DTN object at 0x10573ddc0>
39.0,0.0,46082,<entities.processor.Processor object at 0x1057284c0>,<entities.dtn.DTN object at 0x10573ddc0>
40.0,0.0,46082,<entities.processor.Processor object at 0x1057284c0>,<entities.dtn.DTN object at 0x10573ddc0>
41.0,0.0,46082,<entities.processor.Processor object at 0x1057284c0>,<entities.dtn.DTN object at 0x10573ddc0>
42.0,0.0,46082,<entities.processor.Processor object at 0x1057284c0>,<entities.dtn.DTN object at 0x10573ddc0>
43.0,0.0,46082,<entities.processor.Processor object at 0x1057284c0>,<entities.dtn.DTN object at 0x10573ddc0>
44.0,0.0,46082,<entities.processor.Processor object at 0x1057284c0>,<entities.dtn.DTN object at 0x10573ddc0>
45.0,0.0,46082,<entities.processor.Processor object at 0x1057284c0>,<entities.dtn.DTN object at 0x10573ddc0>
46.0,0.0,46082,<entities.processor.Processor object at 0x1057284c0>,<entities.dtn.DTN object at 0x10573ddc0>
47.0,0.0,46082,<entities.processor.Processor object at 0x1057284c0>,<entities.dtn.DTN object at 0x10573ddc0>
48.0,0.0,46082,<entities.processor.Processor object at 0x1057284c0>,<entities.dtn.DTN object at 0x10573ddc0>
49.0,0.0,46082,<entities.processor.Processor object at 0x1057284c0>,<entities.dtn.DTN object at 0x10573ddc0>
50.0,0.0,46082,<entities.processor.Processor object at 0x1057284c0>,<entities.dtn.DTN object at 0x10573ddc0>
51.0,0.0,46082,<entities.processor.Processor object at 0x1057284c0>,<entities.dtn.DTN object at 0x10573ddc0>
52.0,0.0,46082,<entities.processor.Processor object at 0x1057284c0>,<entities.dtn.DTN object at 0x10573ddc0>
53.0,0.0,46082,<entities.processor.Processor object at 0x1057284c0>,<entities.dtn.DTN object at 0x10573ddc0>
54.0,0.0,46082,<entities.processor.Processor object at 0x1057284c0>,<entities.dtn.DTN object at 0x10573ddc0>
55.0,0.0,46082,<entities.processor.Processor object at 0x1057284c0>,<entities.dtn.DTN object at 0x10573ddc0>
56.0,0.0,46082,<entities.processor.Processor object at 0x1057284c0>,<entities.dtn.DTN object at 0x10573ddc0>
57.0,0.0,46082,<entities.processor.Processor object at 0x1057284c0>,<entities.dtn.DTN object at 0x10573ddc0>
58.0,0.0,46082,<entities.processor.Processor object at 0x1057284c0>,<entities.dtn.DTN object at 0x10573ddc0>
59.0,0.0,46082,<entities.processor.Processor object at 0x1057284c0>,<entities.dtn.DTN object at 0x10573ddc0>
60.0,0.0,46082,<entities.processor.Processor object at 0x1057284c0>,<entities.dtn.DTN object at 0x10573ddc0>
61.0,0.0,46082,<entities.processor.Processor object at 0x1057284c0>,<entities.dtn.DTN object at 0x10573ddc0>
62.0,0.0,46082,<entities.processor.Processor object at 0x1057284c0>,<entities.dtn.DTN object at 0x10573ddc0>
63.0,0.0,46082,<entities.processor.Processor object at 0x1057284c0>,<entities.dtn.DTN object at 0x10573ddc0>
64.0,0.0,46082,<entities.processor.Processor object at 0x1057284c0>,<entities.dtn.DTN object at 0x10573ddc0>
65.0,0.0,46082,<entities.processor.Processor object at 0x1057284c0>,<entities.dtn.DTN object at 0x10573ddc0>
66.0,0.0,46082,<entities.processor.Processor object at 0x1057284c0>,<entities.dtn.DTN object at 0x10573ddc0>
67.0,0.0,46082,<entities.processor.Processor object at 0x1057284c0>,<entities.dtn.DTN object at 0x10573ddc0>
68.0,0.0,46082,<entities.processor.Processor object at 0x1057284c0>,<entities.dtn.DTN object at 0x10573ddc0>
69.0,0.0,46082,<entities.processor.Processor object at 0x1057284c0>,<entities.dtn.DTN object at 0x10573ddc0>
70.0,0.0,46082,<entities.processor.Processor object at 0x1057284c0>,<entities.dtn.DTN object at 0x10573ddc0>
71.0,0.0,46082,<entities.processor.Processor object at 0x1057284c0>,<entities.dtn.DTN object at 0x10573ddc0>
72.0,0.0,46082,<entities.processor.Processor object at 0x1057284c0>,<entities.dtn.DTN object at 0x10573ddc0>
73.0,0.0,46082,<entities.processor.Processor object at 0x1057284c0>,<entities.dtn.DTN object at 0x10573ddc0>
74.0,0.0,46082,<entities.processor.Processor object at 0x1057284c0>,<entities.dtn.DTN object at 0x10573ddc0>
75.0,0.0,46082,<entities.processor.Processor object at 0x1057284c0>,<entities.dtn.DTN object at 0x10573ddc0>
76.0,0.0,46082,<entities.processor.Processor object at 0x1057284c0>,<entities.dtn.DTN object at 0x10573ddc0>
77.0,0.0,46082,<entities.processor.Processor object at 0x1057284c0>,<entities.dtn.DTN object at 0x10573ddc0>
78.0,0.0,46082,<entities.processor.Processor object at 0x1057284c0>,<entities.dtn.DTN object at 0x10573ddc0>
79.0,0.0,46082,<entities.processor.Processor object at 0x1057284c0>,<entities.dtn.DTN object at 0x10573ddc0>
80.0,0.0,46082,<entities.processor.Processor object at 0x1057284c0>,<entities.dtn.DTN object at 0x10573ddc0>
81.0,0.0,46082,<entities.processor.Processor object at 0x1057284c0>,<entities.dtn.DTN object at 0x10573ddc0>
82.0,0.0,46082,<entities.processor.Processor object at 0x1057284c0>,<entities.dtn.DTN object at 0x10573ddc0>
83.0,0.0,46082,<entities.processor.Processor object at 0x1057284c0>,<entities.dtn.DTN object at 0x10573ddc0>
84.0,0.0,46082,<entities.processor.Processor object at 0x1057284c0>,<entities.dtn.DTN object at 0x10573ddc0>
85.0,0.0,46082,<entities.processor.Processor object at 0x1057284c0>,<entities.dtn.DTN object at 0x10573ddc0>
86.0,0.0,46082,<entities.processor.Processor object at 0x1057284c0>,<entities.dtn.DTN object at 0x10573ddc0>
87.0,0.0,46082,<entities.processor.Processor object at 0x1057284c0>,<entities.dtn.DTN object at 0x10573ddc0>
88.0,0.0,46082,<entities.processor.Processor object at 0x1057284c0>,<entities.dtn.DTN object at 0x10573ddc0>
89.0,0.0,46082,<entities.processor.Processor object at 0x1057284c0>,<entities.dtn.DTN object at 0x10573ddc0>
90.0,0.0,46082,<entities.processor.Processor object at 0x1057284c0>,<entities.dtn.DTN object at 0x10573ddc0>
91.0,0.0,46082,<entities.processor.Processor object at 0x1057284c0>,<entities.dtn.DTN object at 0x10573ddc0>
92.0,0.0,46082,<entities.processor.Processor object at 0x1057284c0>,<entities.dtn.DTN object at 0x10573ddc0>
93.0,0.0,46082,<entities.processor.Processor object at 0x1057284c0>,<entities.dtn.DTN object at 0x10573ddc0>
94.0,0.0,46082,<entities.processor.Processor object at 0x1057284c0>,<entities.dtn.DTN object at 0x10573ddc0>
95.0,0.0,46082,<entities.processor.Processor object at 0x1057284c0>,<entities.dtn.DTN object at 0x10573ddc0>
96.0,0.0,46082,<entities.processor.Processor object at 0x1057284c0>,<entities.dtn.DTN object at 0x10573ddc0>
97.0,0.0,46082,<entities.processor.Processor object at 0x1057284c0>,<entities.dtn.DTN object at 0x10573ddc0>
98.0,0.0,46082,<entities.processor.Processor object at 0x1057284c0>,<entities.dtn.DTN object at 0x10573ddc0>
99.0,0.0,46082,<entities.processor.Processor object at 0x1057284c0>,<entities.dtn.DTN object at 0x10573ddc0>
5.5,0.0,39427,<entities.processor.Processor object at 0x105757b20>,<entities.dtn.DTN object at 0x10573ddc0>
5.500360000000001,163.5,48400,<entities.dtn.DTN object at 0x10573ddc0>,<entities.processor.Processor object at 0x105757b20>
7.5,0.0,22319,<entities.processor.Processor object at 0x105728d30>,<entities.dtn.DTN object at 0x10573ddc0>
7.600099999999992,145.5,28460,<entities.dtn.DTN object at 0x10573ddc0>,<entities.processor.Processor object at 0x105728d30>
11.0,0.0,35718,<entities.processor.Processor object at 0x1057570a0>,<entities.dtn.DTN object at 0x10573ddc0>
12.317500000000017,145.5,7175,<entities.dtn.DTN object at 0x10573ddc0>,<entities.processor.Processor object at 0x1057570a0>
15.0,0.0,35522,<entities.processor.Processor object at 0x105757340>,<entities.dtn.DTN object at 0x10573ddc0>
15.017630000000008,145.5,67542,<entities.dtn.DTN object at 0x10573ddc0>,<entities.processor.Processor object at 0x105757340>
18.5,0.0,22643,<entities.processor.Processor object at 0x10573d1f0>,<entities.dtn.DTN object at 0x10573ddc0>
19.5,0.0,22643,<entities.processor.Processor object at 0x10573d1f0>,<entities.dtn.DTN object at 0x10573ddc0>
20.5,0.0,22643,<entities.processor.Processor object at 0x10573d1f0>,<entities.dtn.DTN object at 0x10573ddc0>
21.5,0.0,22643,<entities.processor.Processor object at 0x10573d1f0>,<entities.dtn.DTN object at 0x10573ddc0>
22.5,0.0,22643,<entities.processor.Processor object at 0x10573d1f0>,<entities.dtn.DTN object at 0x10573ddc0>
23.5,0.0,22643,<entities.processor.Processor object at 0x10573d1f0>,<entities.dtn.DTN object at 0x10573ddc0>
24.5,0.0,22643,<entities.processor.Processor object at 0x10573d1f0>,<entities.dtn.DTN object at 0x10573ddc0>
25.5,0.0,22643,<entities.processor.Processor object at 0x10573d1f0>,<entities.dtn.DTN object at 0x10573ddc0>
26.5,0.0,22643,<entities.processor.Processor object at 0x10573d1f0>,<entities.dtn.DTN object at 0x10573ddc0>
27.5,0.0,22643,<entities.processor.Processor object at 0x10573d1f0>,<entities.dtn.DTN object at 0x10573ddc0>
28.5,0.0,22643,<entities.processor.Processor object at 0x10573d1f0>,<entities.dtn.DTN object at 0x10573ddc0>
29.5,0.0,22643,<entities.processor.Processor object at 0x10573d1f0>,<entities.dtn.DTN object at 0x10573ddc0>
30.5,0.0,22643,<entities.processor.Processor object at 0x10573d1f0>,<entities.dtn.DTN object at 0x10573ddc0>
31.5,0.0,22643,<entities.processor.Processor object at 0x10573d1f0>,<entities.dtn.DTN object at 0x10573ddc0>
32.5,0.0,22643,<entities.processor.Processor object at 0x10573d1f0>,<entities.dtn.DTN object at 0x10573ddc0>
33.5,0.0,22643,<entities.processor.Processor object at 0x10573d1f0>,<entities.dtn.DTN object at 0x10573ddc0>
34.5,0.0,22643,<entities.processor.Processor object at 0x10573d1f0>,<entities.dtn.DTN object at 0x10573ddc0>
35.5,0.0,22643,<entities.processor.Processor object at 0x10573d1f0>,<entities.dtn.DTN object at 0x10573ddc0>
36.5,0.0,22643,<entities.processor.Processor object at 0x10573d1f0>,<entities.dtn.DTN object at 0x10573ddc0>
37.5,0.0,22643,<entities.processor.Processor object at 0x10573d1f0>,<entities.dtn.DTN object at 0x10573ddc0>
38.5,0.0,22643,<entities.processor.Processor object at 0x10573d1f0>,<entities.dtn.DTN object at 0x10573ddc0>
39.5,0.0,22643,<entities.processor.Processor object at 0x10573d1f0>,<entities.dtn.DTN object at 0x10573ddc0>
40.5,0.0,22643,<entities.processor.Processor object at 0x10573d1f0>,<entities.dtn.DTN object at 0x10573ddc0>
41.5,0.0,22643,<entities.processor.Processor object at 0x10573d1f0>,<entities.dtn.DTN object at 0x10573ddc0>
42.5,0.0,22643,<entities.processor.Processor object at 0x10573d1f0>,<entities.dtn.DTN object at 0x10573ddc0>
43.5,0.0,22643,<entities.processor.Processor object at 0x10573d1f0>,<entities.dtn.DTN object at 0x10573ddc0>
44.5,0.0,22643,<entities.processor.Processor object at 0x10573d1f0>,<entities.dtn.DTN object at 0x10573ddc0>
45.5,0.0,22643,<entities.processor.Processor object at 0x10573d1f0>,<entities.dtn.DTN object at 0x10573ddc0>
46.5,0.0,22643,<entities.processor.Processor object at 0x10573d1f0>,<entities.dtn.DTN object at 0x10573ddc0>
47.5,0.0,22643,<entities.processor.Processor object at 0x10573d1f0>,<entities.dtn.DTN object at 0x10573ddc0>
48.5,0.0,22643,<entities.processor.Processor object at 0x10573d1f0>,<entities.dtn.DTN object at 0x10573ddc0>
49.5,0.0,22643,<entities.processor.Processor object at 0x10573d1f0>,<entities.dtn.DTN object at 0x10573ddc0>
50.5,0.0,22643,<entities.processor.Processor object at 0x10573d1f0>,<entities.dtn.DTN object at 0x10573ddc0>
51.5,0.0,22643,<entities.processor.Processor object at 0x10573d1f0>,<entities.dtn.DTN object at 0x10573ddc0>
52.5,0.0,22643,<entities.processor.Processor object at 0x10573d1f0>,<entities.dtn.DTN object at 0x10573ddc0>
53.5,0.0,22643,<entities.processor.Processor object at 0x10573d1f0>,<entities.dtn.DTN object at 0x10573ddc0>
54.5,0.0,22643,<entities.processor.Processor object at 0x10573d1f0>,<entities.dtn.DTN object at 0x10573ddc0>
55.5,0.0,22643,<entities.processor.Processor object at 0x10573d1f0>,<entities.dtn.DTN object at 0x10573ddc0>
56.5,0.0,22643,<entities.processor.Processor object at 0x10573d1f0>,<entities.dtn.DTN object at 0x10573ddc0>
57.5,0.0,22643,<entities.processor.Processor object at 0x10573d1f0>,<entities.dtn.DTN object at 0x10573ddc0>
58.5,0.0,22643,<entities.processor.Processor object at 0x10573d1f0>,<entities.dtn.DTN object at 0x10573ddc0>
59.5,0.0,22643,<entities.processor.Processor object at 0x10573d1f0>,<entities.dtn.DTN object at 0x10573ddc0>
60.5,0.0,22643,<entities.processor.Processor object at 0x10573d1f0>,<entities.dtn.DTN object at 0x10573ddc0>
61.5,0.0,22643,<entities.processor.Processor object at 0x10573d1f0>,<entities.dtn.DTN object at 0x10573ddc0>
62.5,0.0,22643,<entities.processor.Processor object at 0x10573d1f0>,<entities.dtn.DTN object at 0x10573ddc0>
63.5,0.0,22643,<entities.processor.Processor object at 0x10573d1f0>,<entities.dtn.DTN object at 0x10573ddc0>
64.5,0.0,22643,<entities.processor.Processor object at 0x10573d1f0>,<entities.dtn.DTN object at 0x10573ddc0>
65.5,0.0,22643,<entities.processor.Processor object at 0x10573d1f0>,<entities.dtn.DTN object at 0x10573ddc0>
66.5,0.0,22643,<entities.processor.Processor object at 0x10573d1f0>,<entities.dtn.DTN object at 0x10573ddc0>
67.5,0.0,22643,<entities.processor.Processor object at 0x10573d1f0>,<entities.dtn.DTN object at 0x10573ddc0>
68.5,0.0,22643,<entities.processor.Processor object at 0x10573d1f0>,<entities.dtn.DTN object at 0x10573ddc0>
69.5,0.0,22643,<entities.processor.Processor object at 0x10573d1f0>,<entities.dtn.DTN object at 0x10573ddc0>
70.5,0.0,22643,<entities.processor.Processor object at 0x10573d1f0>,<entities.dtn.DTN object at 0x10573ddc0>
71.5,0.0,22643,<entities.processor.Processor object at 0x10573d1f0>,<entities.dtn.DTN object at 0x10573ddc0>
72.5,0.0,22643,<entities.processor.Processor object at 0x10573d1f0>,<entities.dtn.DTN object at 0x10573ddc0>
73.5,0.0,22643,<entities.processor.Processor object at 0x10573d1f0>,<entities.dtn.DTN object at 0x10573ddc0>
74.5,0.0,22643,<entities.processor.Processor object at 0x10573d1f0>,<entities.dtn.DTN object at 0x10573ddc0>
75.5,0.0,22643,<entities.processor.Processor object at 0x10573d1f0>,<entities.dtn.DTN object at 0x10573ddc0>
76.5,0.0,22643,<entities.processor.Processor object at 0x10573d1f0>,<entities.dtn.DTN object at 0x10573ddc0>
77.5,0.0,22643,<entities.processor.Processor object at 0x10573d1f0>,<entities.dtn.DTN object at 0x10573ddc0>
78.5,0.0,22643,<entities.processor.Processor object at 0x10573d1f0>,<entities.dtn.DTN object at 0x10573ddc0>
79.5,0.0,22643,<entities.processor.Processor object at 0x10573d1f0>,<entities.dtn.DTN object at 0x10573ddc0>
80.5,0.0,22643,<entities.processor.Processor object at 0x10573d1f0>,<entities.dtn.DTN object at 0x10573ddc0>
81.5,0.0,22643,<entities.processor.Processor object at 0x10573d1f0>,<entities.dtn.DTN object at 0x10573ddc0>
82.5,0.0,22643,<entities.processor.Processor object at 0x10573d1f0>,<entities.dtn.DTN object at 0x10573ddc0>
83.5,0.0,22643,<entities.processor.Processor object at 0x10573d1f0>,<entities.dtn.DTN object at 0x10573ddc0>
84.5,0.0,22643,<entities.processor.Processor object at 0x10573d1f0>,<entities.dtn.DTN object at 0x10573ddc0>
85.5,0.0,22643,<entities.processor.Processor object at 0x10573d1f0>,<entities.dtn.DTN object at 0x10573ddc0>
86.5,0.0,22643,<entities.processor.Processor object at 0x10573d1f0>,<entities.dtn.DTN object at 0x10573ddc0>
87.5,0.0,22643,<entities.processor.Processor object at 0x10573d1f0>,<entities.dtn.DTN object at 0x10573ddc0>
88.5,0.0,22643,<entities.processor.Processor object at 0x10573d1f0>,<entities.dtn.DTN object at 0x10573ddc0>
89.5,0.0,22643,<entities.processor.Processor object at 0x10573d1f0>,<entities.dtn.DTN object at 0x10573ddc0>
90.5,0.0,22643,<entities.processor.Processor object at 0x10573d1f0>,<entities.dtn.DTN object at 0x10573ddc0>
91.5,0.0,22643,<entities.processor.Processor object at 0x10573d1f0>,<entities.dtn.DTN object at 0x10573ddc0>
92.5,0.0,22643,<entities.processor.Processor object at 0x10573d1f0>,<entities.dtn.DTN object at 0x10573ddc0>
93.5,0.0,22643,<entities.processor.Processor object at 0x10573d1f0>,<entities.dtn.DTN object at 0x10573ddc0>
94.5,0.0,22643,<entities.processor.Processor object at 0x10573d1f0>,<entities.dtn.DTN object at 0x10573ddc0>
95.5,0.0,22643,<entities.processor.Processor object at 0x10573d1f0>,<entities.dtn.DTN object at 0x10573ddc0>
96.5,0.0,22643,<entities.processor.Processor object at 0x10573d1f0>,<entities.dtn.DTN object at 0x10573ddc0>
97.5,0.0,22643,<entities.processor.Processor object at 0x10573d1f0>,<entities.dtn.DTN object at 0x10573ddc0>
98.5,0.0,22643,<entities.processor.Processor object at 0x10573d1f0>,<entities.dtn.DTN object at 0x10573ddc0>
99.5,0.0,22643,<entities.processor.Processor object at 0x10573d1f0>,<entities.dtn.DTN object at 0x10573ddc0>
22.0,0.0,3757,<entities.processor.Processor object at 0x1057284c0>,<entities.dtn.DTN object at 0x10573ddc0>
23.0,0.0,3757,<entities.processor.Processor object at 0x1057284c0>,<entities.dtn.DTN object at 0x10573ddc0>
24.0,0.0,3757,<entities.processor.Processor object at 0x1057284c0>,<entities.dtn.DTN object at 0x10573ddc0>
25.0,0.0,3757,<entities.processor.Processor object at 0x1057284c0>,<entities.dtn.DTN object at 0x10573ddc0>
26.0,0.0,3757,<entities.processor.Processor object at 0x1057284c0>,<entities.dtn.DTN object at 0x10573ddc0>
27.0,0.0,3757,<entities.processor.Processor object at 0x1057284c0>,<entities.dtn.DTN object at 0x10573ddc0>
28.0,0.0,3757,<entities.processor.Processor object at 0x1057284c0>,<entities.dtn.DTN object at 0x10573ddc0>
29.0,0.0,3757,<entities.processor.Processor object at 0x1057284c0>,<entities.dtn.DTN object at 0x10573ddc0>
30.0,0.0,3757,<entities.processor.Processor object at 0x1057284c0>,<entities.dtn.DTN object at 0x10573ddc0>
31.0,0.0,3757,<entities.processor.Processor object at 0x1057284c0>,<entities.dtn.DTN object at 0x10573ddc0>
32.0,0.0,3757,<entities.processor.Processor object at 0x1057284c0>,<entities.dtn.DTN object at 0x10573ddc0>
33.0,0.0,3757,<entities.processor.Processor object at 0x1057284c0>,<entities.dtn.DTN object at 0x10573ddc0>
34.0,0.0,3757,<entities.processor.Processor object at 0x1057284c0>,<entities.dtn.DTN object at 0x10573ddc0>
35.0,0.0,3757,<entities.processor.Processor object at 0x1057284c0>,<entities.dtn.DTN object at 0x10573ddc0>
36.0,0.0,3757,<entities.processor.Processor object at 0x1057284c0>,<entities.dtn.DTN object at 0x10573ddc0>
37.0,0.0,3757,<entities.processor.Processor object at 0x1057284c0>,<entities.dtn.DTN object at 0x10573ddc0>
38.0,0.0,3757,<entities.processor.Processor object at 0x1057284c0>,<entities.dtn.DTN object at 0x10573ddc0>
39.0,0.0,3757,<entities.processor.Processor object at 0x1057284c0>,<entities.dtn.DTN object at 0x10573ddc0>
40.0,0.0,3757,<entities.processor.Processor object at 0x1057284c0>,<entities.dtn.DTN object at 0x10573ddc0>
41.0,0.0,3757,<entities.processor.Processor object at 0x1057284c0>,<entities.dtn.DTN object at 0x10573ddc0>
42.0,0.0,3757,<entities.processor.Processor object at 0x1057284c0>,<entities.dtn.DTN object at 0x10573ddc0>
43.0,0.0,3757,<entities.processor.Processor object at 0x1057284c0>,<entities.dtn.DTN object at 0x10573ddc0>
44.0,0.0,3757,<entities.processor.Processor object at 0x1057284c0>,<entities.dtn.DTN object at 0x10573ddc0>
45.0,0.0,3757,<entities.processor.Processor object at 0x1057284c0>,<entities.dtn.DTN object at 0x10573ddc0>
46.0,0.0,3757,<entities.processor.Processor object at 0x1057284c0>,<entities.dtn.DTN object at 0x10573ddc0>
47.0,0.0,3757,<entities.processor.Processor object at 0x1057284c0>,<entities.dtn.DTN object at 0x10573ddc0>
48.0,0.0,3757,<entities.processor.Processor object at 0x1057284c0>,<entities.dtn.DTN object at 0x10573ddc0>
49.0,0.0,3757,<entities.processor.Processor object at 0x1057284c0>,<entities.dtn.DTN object at 0x10573ddc0>
50.0,0.0,3757,<entities.processor.Processor object at 0x1057284c0>,<entities.dtn.DTN object at 0x10573ddc0>
51.0,0.0,3757,<entities.processor.Processor object at 0x1057284c0>,<entities.dtn.DTN object at 0x10573ddc0>
52.0,0.0,3757,<entities.processor.Processor object at 0x1057284c0>,<entities.dtn.DTN object at 0x10573ddc0>
53.0,0.0,3757,<entities.processor.Processor object at 0x1057284c0>,<entities.dtn.DTN object at 0x10573ddc0>
54.0,0.0,3757,<entities.processor.Processor object at 0x1057284c0>,<entities.dtn.DTN object at 0x10573ddc0>
55.0,0.0,3757,<entities.processor.Processor object at 0x1057284c0>,<entities.dtn.DTN object at 0x10573ddc0>
56.0,0.0,3757,<entities.processor.Processor object at 0x1057284c0>,<entities.dtn.DTN object at 0x10573ddc0>
57.0,0.0,3757,<entities.processor.Processor object at 0x1057284c0>,<entities.dtn.DTN object at 0x10573ddc0>
58.0,0.0,3757,<entities.processor.Processor object at 0x1057284c0>,<entities.dtn.DTN object at 0x10573ddc0>
59.0,0.0,3757,<entities.processor.Processor object at 0x1057284c0>,<entities.dtn.DTN object at 0x10573ddc0>
60.0,0.0,3757,<entities.processor.Processor object at 0x1057284c0>,<entities.dtn.DTN object at 0x10573ddc0>
61.0,0.0,3757,<entities.processor.Processor object at 0x1057284c0>,<entities.dtn.DTN object at 0x10573ddc0>
62.0,0.0,3757,<entities.processor.Processor object at 0x1057284c0>,<entities.dtn.DTN object at 0x10573ddc0>
63.0,0.0,3757,<entities.processor.Processor object at 0x1057284c0>,<entities.dtn.DTN object at 0x10573ddc0>
64.0,0.0,3757,<entities.processor.Processor object at 0x1057284c0>,<entities.dtn.DTN object at 0x10573ddc0>
65.0,0.0,3757,<entities.processor.Processor object at 0x1057284c0>,<entities.dtn.DTN object at 0x10573ddc0>
66.0,0.0,3757,<entities.processor.Processor object at 0x1057284c0>,<entities.dtn.DTN object at 0x10573ddc0>
67.0,0.0,3757,<entities.processor.Processor object at 0x1057284c0>,<entities.dtn.DTN object at 0x10573ddc0>
68.0,0.0,3757,<entities.processor.Processor object at 0x1057284c0>,<entities.dtn.DTN object at 0x10573ddc0>
69.0,0.0,3757,<entities.processor.Processor object at 0x1057284c0>,<entities.dtn.DTN object at 0x10573ddc0>
70.0,0.0,3757,<entities.processor.Processor object at 0x1057284c0>,<entities.dtn.DTN object at 0x10573ddc0>
71.0,0.0,3757,<entities.processor.Processor object at 0x1057284c0>,<entities.dtn.DTN object at 0x10573ddc0>
72.0,0.0,3757,<entities.processor.Processor object at 0x1057284c0>,<entities.dtn.DTN object at 0x10573ddc0>
73.0,0.0,3757,<entities.processor.Processor object at 0x1057284c0>,<entities.dtn.DTN object at 0x10573ddc0>
74.0,0.0,3757,<entities.processor.Processor object at 0x1057284c0>,<entities.dtn.DTN object at 0x10573ddc0>
75.0,0.0,3757,<entities.processor.Processor object at 0x1057284c0>,<entities.dtn.DTN object at 0x10573ddc0>
76.0,0.0,3757,<entities.processor.Processor object at 0x1057284c0>,<entities.dtn.DTN object at 0x10573ddc0>
77.0,0.0,3757,<entities.processor.Processor object at 0x1057284c0>,<entities.dtn.DTN object at 0x10573ddc0>
78.0,0.0,3757,<entities.processor.Processor object at 0x1057284c0>,<entities.dtn.DTN object at 0x10573ddc0>
79.0,0.0,3757,<entities.processor.Processor object at 0x1057284c0>,<entities.dtn.DTN object at 0x10573ddc0>
80.0,0.0,3757,<entities.processor.Processor object at 0x1057284c0>,<entities.dtn.DTN object at 0x10573ddc0>
81.0,0.0,3757,<entities.processor.Processor object at 0x1057284c0>,<entities.dtn.DTN object at 0x10573ddc0>
82.0,0.0,3757,<entities.processor.Processor object at 0x1057284c0>,<entities.dtn.DTN object at 0x10573ddc0>
83.0,0.0,3757,<entities.processor.Processor object at 0x1057284c0>,<entities.dtn.DTN object at 0x10573ddc0>
84.0,0.0,3757,<entities.processor.Processor object at 0x1057284c0>,<entities.dtn.DTN object at 0x10573ddc0>
85.0,0.0,3757,<entities.processor.Processor object at 0x1057284c0>,<entities.dtn.DTN object at 0x10573ddc0>
86.0,0.0,3757,<entities.processor.Processor object at 0x1057284c0>,<entities.dtn.DTN object at 0x10573ddc0>
87.0,0.0,3757,<entities.processor.Processor object at 0x1057284c0>,<entities.dtn.DTN object at 0x10573ddc0>
88.0,0.0,3757,<entities.processor.Processor object at 0x1057284c0>,<entities.dtn.DTN object at 0x10573ddc0>
89.0,0.0,3757,<entities.processor.Processor object at 0x1057284c0>,<entities.dtn.DTN object at 0x10573ddc0>
90.0,0.0,3757,<entities.processor.Processor object at 0x1057284c0>,<entities.dtn.DTN object at 0x10573ddc0>
91.0,0.0,3757,<entities.processor.Processor object at 0x1057284c0>,<entities.dtn.DTN object at 0x10573ddc0>
92.0,0.0,3757,<entities.processor.Processor object at 0x1057284c0>,<entities.dtn.DTN object at 0x10573ddc0>
93.0,0.0,3757,<entities.processor.Processor object at 0x1057284c0>,<entities.dtn.DTN object at 0x10573ddc0>
94.0,0.0,3757,<entities.processor.Processor object at 0x1057284c0>,<entities.dtn.DTN object at 0x10573ddc0>
95.0,0.0,3757,<entities.processor.Processor object at 0x1057284c0>,<entities.dtn.DTN object at 0x10573ddc0>
96.0,0.0,3757,<entities.processor.Processor object at 0x1057284c0>,<entities.dtn.DTN object at 0x10573ddc0>
97.0,0.0,3757,<entities.processor.Processor object at 0x1057284c0>,<entities.dtn.DTN object at 0x10573ddc0>
98.0,0.0,3757,<entities.processor.Processor object at 0x1057284c0>,<entities.dtn.DTN object at 0x10573ddc0>
99.0,0.0,3757,<entities.processor.Processor object at 0x1057284c0>,<entities.dtn.DTN object at 0x10573ddc0>
23.751368705957887,0.0,32195,<entities.processor.Processor object at 0x105728940>,<entities.dtn.DTN object at 0x10573ddc0>
24.751368705957887,0.0,32195,<entities.processor.Processor object at 0x105728940>,<entities.dtn.DTN object at 0x10573ddc0>
25.751368705957887,0.0,32195,<entities.processor.Processor object at 0x105728940>,<entities.dtn.DTN object at 0x10573ddc0>
26.751368705957887,0.0,32195,<entities.processor.Processor object at 0x105728940>,<entities.dtn.DTN object at 0x10573ddc0>
27.751368705957887,0.0,32195,<entities.processor.Processor object at 0x105728940>,<entities.dtn.DTN object at 0x10573ddc0>
28.751368705957887,0.0,32195,<entities.processor.Processor object at 0x105728940>,<entities.dtn.DTN object at 0x10573ddc0>
29.751368705957887,0.0,32195,<entities.processor.Processor object at 0x105728940>,<entities.dtn.DTN object at 0x10573ddc0>
30.751368705957887,0.0,32195,<entities.processor.Processor object at 0x105728940>,<entities.dtn.DTN object at 0x10573ddc0>
31.751368705957887,0.0,32195,<entities.processor.Processor object at 0x105728940>,<entities.dtn.DTN object at 0x10573ddc0>
32.75136870595789,0.0,32195,<entities.processor.Processor object at 0x105728940>,<entities.dtn.DTN object at 0x10573ddc0>
33.75136870595789,0.0,32195,<entities.processor.Processor object at 0x105728940>,<entities.dtn.DTN object at 0x10573ddc0>
34.75136870595789,0.0,32195,<entities.processor.Processor object at 0x105728940>,<entities.dtn.DTN object at 0x10573ddc0>
35.75136870595789,0.0,32195,<entities.processor.Processor object at 0x105728940>,<entities.dtn.DTN object at 0x10573ddc0>
36.75136870595789,0.0,32195,<entities.processor.Processor object at 0x105728940>,<entities.dtn.DTN object at 0x10573ddc0>
37.75136870595789,0.0,32195,<entities.processor.Processor object at 0x105728940>,<entities.dtn.DTN object at 0x10573ddc0>
38.75136870595789,0.0,32195,<entities.processor.Processor object at 0x105728940>,<entities.dtn.DTN object at 0x10573ddc0>
39.75136870595789,0.0,32195,<entities.processor.Processor object at 0x105728940>,<entities.dtn.DTN object at 0x10573ddc0>
40.75136870595789,0.0,32195,<entities.processor.Processor object at 0x105728940>,<entities.dtn.DTN object at 0x10573ddc0>
41.75136870595789,0.0,32195,<entities.processor.Processor object at 0x105728940>,<entities.dtn.DTN object at 0x10573ddc0>
42.75136870595789,0.0,32195,<entities.processor.Processor object at 0x105728940>,<entities.dtn.DTN object at 0x10573ddc0>
43.75136870595789,0.0,32195,<entities.processor.Processor object at 0x105728940>,<entities.dtn.DTN object at 0x10573ddc0>
44.75136870595789,0.0,32195,<entities.processor.Processor object at 0x105728940>,<entities.dtn.DTN object at 0x10573ddc0>
45.75136870595789,0.0,32195,<entities.processor.Processor object at 0x105728940>,<entities.dtn.DTN object at 0x10573ddc0>
46.75136870595789,0.0,32195,<entities.processor.Processor object at 0x105728940>,<entities.dtn.DTN object at 0x10573ddc0>
47.75136870595789,0.0,32195,<entities.processor.Processor object at 0x105728940>,<entities.dtn.DTN object at 0x10573ddc0>
48.75136870595789,0.0,32195,<entities.processor.Processor object at 0x105728940>,<entities.dtn.DTN object at 0x10573ddc0>
49.75136870595789,0.0,32195,<entities.processor.Processor object at 0x105728940>,<entities.dtn.DTN object at 0x10573ddc0>
50.75136870595789,0.0,32195,<entities.processor.Processor object at 0x105728940>,<entities.dtn.DTN object at 0x10573ddc0>
51.75136870595789,0.0,32195,<entities.processor.Processor object at 0x105728940>,<entities.dtn.DTN object at 0x10573ddc0>
52.75136870595789,0.0,32195,<entities.processor.Processor object at 0x105728940>,<entities.dtn.DTN object at 0x10573ddc0>
53.75136870595789,0.0,32195,<entities.processor.Processor object at 0x105728940>,<entities.dtn.DTN object at 0x10573ddc0>
54.75136870595789,0.0,32195,<entities.processor.Processor object at 0x105728940>,<entities.dtn.DTN object at 0x10573ddc0>
55.75136870595789,0.0,32195,<entities.processor.Processor object at 0x105728940>,<entities.dtn.DTN object at 0x10573ddc0>
56.75136870595789,0.0,32195,<entities.processor.Processor object at 0x105728940>,<entities.dtn.DTN object at 0x10573ddc0>
57.75136870595789,0.0,32195,<entities.processor.Processor object at 0x105728940>,<entities.dtn.DTN object at 0x10573ddc0>
58.75136870595789,0.0,32195,<entities.processor.Processor object at 0x105728940>,<entities.dtn.DTN object at 0x10573ddc0>
59.75136870595789,0.0,32195,<entities.processor.Processor object at 0x105728940>,<entities.dtn.DTN object at 0x10573ddc0>
60.75136870595789,0.0,32195,<entities.processor.Processor object at 0x105728940>,<entities.dtn.DTN object at 0x10573ddc0>
61.75136870595789,0.0,32195,<entities.processor.Processor object at 0x105728940>,<entities.dtn.DTN object at 0x10573ddc0>
62.75136870595789,0.0,32195,<entities.processor.Processor object at 0x105728940>,<entities.dtn.DTN object at 0x10573ddc0>
63.75136870595789,0.0,32195,<entities.processor.Processor object at 0x105728940>,<entities.dtn.DTN object at 0x10573ddc0>
64.75136870595789,0.0,32195,<entities.processor.Processor object at 0x105728940>,<entities.dtn.DTN object at 0x10573ddc0>
65.75136870595789,0.0,32195,<entities.processor.Processor object at 0x105728940>,<entities.dtn.DTN object at 0x10573ddc0>
66.75136870595789,0.0,32195,<entities.processor.Processor object at 0x105728940>,<entities.dtn.DTN object at 0x10573ddc0>
67.75136870595789,0.0,32195,<entities.processor.Processor object at 0x105728940>,<entities.dtn.DTN object at 0x10573ddc0>
68.75136870595789,0.0,32195,<entities.processor.Processor object at 0x105728940>,<entities.dtn.DTN object at 0x10573ddc0>
69.75136870595789,0.0,32195,<entities.processor.Processor object at 0x105728940>,<entities.dtn.DTN object at 0x10573ddc0>
70.75136870595789,0.0,32195,<entities.processor.Processor object at 0x105728940>,<entities.dtn.DTN object at 0x10573ddc0>
71.75136870595789,0.0,32195,<entities.processor.Processor object at 0x105728940>,<entities.dtn.DTN object at 0x10573ddc0>
72.75136870595789,0.0,32195,<entities.processor.Processor object at 0x105728940>,<entities.dtn.DTN object at 0x10573ddc0>
73.75136870595789,0.0,32195,<entities.processor.Processor object at 0x105728940>,<entities.dtn.DTN object at 0x10573ddc0>
74.75136870595789,0.0,32195,<entities.processor.Processor object at 0x105728940>,<entities.dtn.DTN object at 0x10573ddc0>
75.75136870595789,0.0,32195,<entities.processor.Processor object at 0x105728940>,<entities.dtn.DTN object at 0x10573ddc0>
76.75136870595789,0.0,32195,<entities.processor.Processor object at 0x105728940>,<entities.dtn.DTN object at 0x10573ddc0>
77.75136870595789,0.0,32195,<entities.processor.Processor object at 0x105728940>,<entities.dtn.DTN object at 0x10573ddc0>
78.75136870595789,0.0,32195,<entities.processor.Processor object at 0x105728940>,<entities.dtn.DTN object at 0x10573ddc0>
79.75136870595789,0.0,32195,<entities.processor.Processor object at 0x105728940>,<entities.dtn.DTN object at 0x10573ddc0>
80.75136870595789,0.0,32195,<entities.processor.Processor object at 0x105728940>,<entities.dtn.DTN object at 0x10573ddc0>
81.75136870595789,0.0,32195,<entities.processor.Processor object at 0x105728940>,<entities.dtn.DTN object at 0x10573ddc0>
82.75136870595789,0.0,32195,<entities.processor.Processor object at 0x105728940>,<entities.dtn.DTN object at 0x10573ddc0>
83.75136870595789,0.0,32195,<entities.processor.Processor object at 0x105728940>,<entities.dtn.DTN object at 0x10573ddc0>
84.75136870595789,0.0,32195,<entities.processor.Processor object at 0x105728940>,<entities.dtn.DTN object at 0x10573ddc0>
85.75136870595789,0.0,32195,<entities.processor.Processor object at 0x105728940>,<entities.dtn.DTN object at 0x10573ddc0>
86.75136870595789,0.0,32195,<entities.processor.Processor object at 0x105728940>,<entities.dtn.DTN object at 0x10573ddc0>
87.75136870595789,0.0,32195,<entities.processor.Processor object at 0x105728940>,<entities.dtn.DTN object at 0x10573ddc0>
88.75136870595789,0.0,32195,<entities.processor.Processor object at 0x105728940>,<entities.dtn.DTN object at 0x10573ddc0>
89.75136870595789,0.0,32195,<entities.processor.Processor object at 0x105728940>,<entities.dtn.DTN object at 0x10573ddc0>
90.75136870595789,0.0,32195,<entities.processor.Processor object at 0x105728940>,<entities.dtn.DTN object at 0x10573ddc0>
91.75136870595789,0.0,32195,<entities.processor.Processor object at 0x105728940>,<entities.dtn.DTN object at 0x10573ddc0>
92.75136870595789,0.0,32195,<entities.processor.Processor object at 0x105728940>,<entities.dtn.DTN object at 0x10573ddc0>
93.75136870595789,0.0,32195,<entities.processor.Processor object at 0x105728940>,<entities.dtn.DTN object at 0x10573ddc0>
94.75136870595789,0.0,32195,<entities.processor.Processor object at 0x105728940>,<entities.dtn.DTN object at 0x10573ddc0>
95.75136870595789,0.0,32195,<entities.processor.Processor object at 0x105728940>,<entities.dtn.DTN object at 0x10573ddc0>
96.75136870595789,0.0,32195,<entities.processor.Processor object at 0x105728940>,<entities.dtn.DTN object at 0x10573ddc0>
97.75136870595789,0.0,32195,<entities.processor.Processor object at 0x105728940>,<entities.dtn.DTN object at 0x10573ddc0>
98.75136870595789,0.0,32195,<entities.processor.Processor object at 0x105728940>,<entities.dtn.DTN object at 0x10573ddc0>
99.75136870595789,0.0,32195,<entities.processor.Processor object at 0x105728940>,<entities.dtn.DTN object at 0x10573ddc0>
27.0,0.0,71292,<entities.processor.Processor object at 0x105728940>,<entities.dtn.DTN object at 0x10573ddc0>
28.0,0.0,71292,<entities.processor.Processor object at 0x105728940>,<entities.dtn.DTN object at 0x10573ddc0>
29.0,0.0,71292,<entities.processor.Processor object at 0x105728940>,<entities.dtn.DTN object at 0x10573ddc0>
30.0,0.0,71292,<entities.processor.Processor object at 0x105728940>,<entities.dtn.DTN object at 0x10573ddc0>
31.0,0.0,71292,<entities.processor.Processor object at 0x105728940>,<entities.dtn.DTN object at 0x10573ddc0>
32.0,0.0,71292,<entities.processor.Processor object at 0x105728940>,<entities.dtn.DTN object at 0x10573ddc0>
33.0,0.0,71292,<entities.processor.Processor object at 0x105728940>,<entities.dtn.DTN object at 0x10573ddc0>
34.0,0.0,71292,<entities.processor.Processor object at 0x105728940>,<entities.dtn.DTN object at 0x10573ddc0>
35.0,0.0,71292,<entities.processor.Processor object at 0x105728940>,<entities.dtn.DTN object at 0x10573ddc0>
36.0,0.0,71292,<entities.processor.Processor object at 0x105728940>,<entities.dtn.DTN object at 0x10573ddc0>
37.0,0.0,71292,<entities.processor.Processor object at 0x105728940>,<entities.dtn.DTN object at 0x10573ddc0>
38.0,0.0,71292,<entities.processor.Processor object at 0x105728940>,<entities.dtn.DTN object at 0x10573ddc0>
39.0,0.0,71292,<entities.processor.Processor object at 0x105728940>,<entities.dtn.DTN object at 0x10573ddc0>
40.0,0.0,71292,<entities.processor.Processor object at 0x105728940>,<entities.dtn.DTN object at 0x10573ddc0>
41.0,0.0,71292,<entities.processor.Processor object at 0x105728940>,<entities.dtn.DTN object at 0x10573ddc0>
42.0,0.0,71292,<entities.processor.Processor object at 0x105728940>,<entities.dtn.DTN object at 0x10573ddc0>
43.0,0.0,71292,<entities.processor.Processor object at 0x105728940>,<entities.dtn.DTN object at 0x10573ddc0>
44.0,0.0,71292,<entities.processor.Processor object at 0x105728940>,<entities.dtn.DTN object at 0x10573ddc0>
45.0,0.0,71292,<entities.processor.Processor object at 0x105728940>,<entities.dtn.DTN object at 0x10573ddc0>
46.0,0.0,71292,<entities.processor.Processor object at 0x105728940>,<entities.dtn.DTN object at 0x10573ddc0>
47.0,0.0,71292,<entities.processor.Processor object at 0x105728940>,<entities.dtn.DTN object at 0x10573ddc0>
48.0,0.0,71292,<entities.processor.Processor object at 0x105728940>,<entities.dtn.DTN object at 0x10573ddc0>
49.0,0.0,71292,<entities.processor.Processor object at 0x105728940>,<entities.dtn.DTN object at 0x10573ddc0>
50.0,0.0,71292,<entities.processor.Processor object at 0x105728940>,<entities.dtn.DTN object at 0x10573ddc0>
51.0,0.0,71292,<entities.processor.Processor object at 0x105728940>,<entities.dtn.DTN object at 0x10573ddc0>
52.0,0.0,71292,<entities.processor.Processor object at 0x105728940>,<entities.dtn.DTN object at 0x10573ddc0>
53.0,0.0,71292,<entities.processor.Processor object at 0x105728940>,<entities.dtn.DTN object at 0x10573ddc0>
54.0,0.0,71292,<entities.processor.Processor object at 0x105728940>,<entities.dtn.DTN object at 0x10573ddc0>
55.0,0.0,71292,<entities.processor.Processor object at 0x105728940>,<entities.dtn.DTN object at 0x10573ddc0>
56.0,0.0,71292,<entities.processor.Processor object at 0x105728940>,<entities.dtn.DTN object at 0x10573ddc0>
57.0,0.0,71292,<entities.processor.Processor object at 0x105728940>,<entities.dtn.DTN object at 0x10573ddc0>
58.0,0.0,71292,<entities.processor.Processor object at 0x105728940>,<entities.dtn.DTN object at 0x10573ddc0>
59.0,0.0,71292,<entities.processor.Processor object at 0x105728940>,<entities.dtn.DTN object at 0x10573ddc0>
60.0,0.0,71292,<entities.processor.Processor object at 0x105728940>,<entities.dtn.DTN object at 0x10573ddc0>
61.0,0.0,71292,<entities.processor.Processor object at 0x105728940>,<entities.dtn.DTN object at 0x10573ddc0>
62.0,0.0,71292,<entities.processor.Processor object at 0x105728940>,<entities.dtn.DTN object at 0x10573ddc0>
63.0,0.0,71292,<entities.processor.Processor object at 0x105728940>,<entities.dtn.DTN object at 0x10573ddc0>
64.0,0.0,71292,<entities.processor.Processor object at 0x105728940>,<entities.dtn.DTN object at 0x10573ddc0>
65.0,0.0,71292,<entities.processor.Processor object at 0x105728940>,<entities.dtn.DTN object at 0x10573ddc0>
66.0,0.0,71292,<entities.processor.Processor object at 0x105728940>,<entities.dtn.DTN object at 0x10573ddc0>
67.0,0.0,71292,<entities.processor.Processor object at 0x105728940>,<entities.dtn.DTN object at 0x10573ddc0>
68.0,0.0,71292,<entities.processor.Processor object at 0x105728940>,<entities.dtn.DTN object at 0x10573ddc0>
69.0,0.0,71292,<entities.processor.Processor object at 0x105728940>,<entities.dtn.DTN object at 0x10573ddc0>
70.0,0.0,71292,<entities.processor.Processor object at 0x105728940>,<entities.dtn.DTN object at 0x10573ddc0>
71.0,0.0,71292,<entities.processor.Processor object at 0x105728940>,<entities.dtn.DTN object at 0x10573ddc0>
72.0,0.0,71292,<entities.processor.Processor object at 0x105728940>,<entities.dtn.DTN object at 0x10573ddc0>
73.0,0.0,71292,<entities.processor.Processor object at 0x105728940>,<entities.dtn.DTN object at 0x10573ddc0>
74.0,0.0,71292,<entities.processor.Processor object at 0x105728940>,<entities.dtn.DTN object at 0x10573ddc0>
75.0,0.0,71292,<entities.processor.Processor object at 0x105728940>,<entities.dtn.DTN object at 0x10573ddc0>
76.0,0.0,71292,<entities.processor.Processor object at 0x105728940>,<entities.dtn.DTN object at 0x10573ddc0>
77.0,0.0,71292,<entities.processor.Processor object at 0x105728940>,<entities.dtn.DTN object at 0x10573ddc0>
78.0,0.0,71292,<entities.processor.Processor object at 0x105728940>,<entities.dtn.DTN object at 0x10573ddc0>
79.0,0.0,71292,<entities.processor.Processor object at 0x105728940>,<entities.dtn.DTN object at 0x10573ddc0>
80.0,0.0,71292,<entities.processor.Processor object at 0x105728940>,<entities.dtn.DTN object at 0x10573ddc0>
81.0,0.0,71292,<entities.processor.Processor object at 0x105728940>,<entities.dtn.DTN object at 0x10573ddc0>
82.0,0.0,71292,<entities.processor.Processor object at 0x105728940>,<entities.dtn.DTN object at 0x10573ddc0>
83.0,0.0,71292,<entities.processor.Processor object at 0x105728940>,<entities.dtn.DTN object at 0x10573ddc0>
84.0,0.0,71292,<entities.processor.Processor object at 0x105728940>,<entities.dtn.DTN object at 0x10573ddc0>
85.0,0.0,71292,<entities.processor.Processor object at 0x105728940>,<entities.dtn.DTN object at 0x10573ddc0>
86.0,0.0,71292,<entities.processor.Processor object at 0x105728940>,<entities.dtn.DTN object at 0x10573ddc0>
87.0,0.0,71292,<entities.processor.Processor object at 0x105728940>,<entities.dtn.DTN object at 0x10573ddc0>
88.0,0.0,71292,<entities.processor.Processor object at 0x105728940>,<entities.dtn.DTN object at 0x10573ddc0>
89.0,0.0,71292,<entities.processor.Processor object at 0x105728940>,<entities.dtn.DTN object at 0x10573ddc0>
90.0,0.0,71292,<entities.processor.Processor object at 0x105728940>,<entities.dtn.DTN object at 0x10573ddc0>
91.0,0.0,71292,<entities.processor.Processor object at 0x105728940>,<entities.dtn.DTN object at 0x10573ddc0>
92.0,0.0,71292,<entities.processor.Processor object at 0x105728940>,<entities.dtn.DTN object at 0x10573ddc0>
93.0,0.0,71292,<entities.processor.Processor object at 0x105728940>,<entities.dtn.DTN object at 0x10573ddc0>
94.0,0.0,71292,<entities.processor.Processor object at 0x105728940>,<entities.dtn.DTN object at 0x10573ddc0>
95.0,0.0,71292,<entities.processor.Processor object at 0x105728940>,<entities.dtn.DTN object at 0x10573ddc0>
96.0,0.0,71292,<entities.processor.Processor object at 0x105728940>,<entities.dtn.DTN object at 0x10573ddc0>
97.0,0.0,71292,<entities.processor.Processor object at 0x105728940>,<entities.dtn.DTN object at 0x10573ddc0>
98.0,0.0,71292,<entities.processor.Processor object at 0x105728940>,<entities.dtn.DTN object at 0x10573ddc0>
99.0,0.0,71292,<entities.processor.Processor object at 0x105728940>,<entities.dtn.DTN object at 0x10573ddc0>
27.5,0.0,59800,<entities.processor.Processor object at 0x1057284c0>,<entities.dtn.DTN object at 0x10573ddc0>
28.5,0.0,59800,<entities.processor.Processor object at 0x1057284c0>,<entities.dtn.DTN object at 0x10573ddc0>
29.5,0.0,59800,<entities.processor.Processor object at 0x1057284c0>,<entities.dtn.DTN object at 0x10573ddc0>
30.5,0.0,59800,<entities.processor.Processor object at 0x1057284c0>,<entities.dtn.DTN object at 0x10573ddc0>
31.5,0.0,59800,<entities.processor.Processor object at 0x1057284c0>,<entities.dtn.DTN object at 0x10573ddc0>
32.5,0.0,59800,<entities.processor.Processor object at 0x1057284c0>,<entities.dtn.DTN object at 0x10573ddc0>
33.5,0.0,59800,<entities.processor.Processor object at 0x1057284c0>,<entities.dtn.DTN object at 0x10573ddc0>
34.5,0.0,59800,<entities.processor.Processor object at 0x1057284c0>,<entities.dtn.DTN object at 0x10573ddc0>
35.5,0.0,59800,<entities.processor.Processor object at 0x1057284c0>,<entities.dtn.DTN object at 0x10573ddc0>
36.5,0.0,59800,<entities.processor.Processor object at 0x1057284c0>,<entities.dtn.DTN object at 0x10573ddc0>
37.5,0.0,59800,<entities.processor.Processor object at 0x1057284c0>,<entities.dtn.DTN object at 0x10573ddc0>
38.5,0.0,59800,<entities.processor.Processor object at 0x1057284c0>,<entities.dtn.DTN object at 0x10573ddc0>
39.5,0.0,59800,<entities.processor.Processor object at 0x1057284c0>,<entities.dtn.DTN object at 0x10573ddc0>
40.5,0.0,59800,<entities.processor.Processor object at 0x1057284c0>,<entities.dtn.DTN object at 0x10573ddc0>
41.5,0.0,59800,<entities.processor.Processor object at 0x1057284c0>,<entities.dtn.DTN object at 0x10573ddc0>
42.5,0.0,59800,<entities.processor.Processor object at 0x1057284c0>,<entities.dtn.DTN object at 0x10573ddc0>
43.5,0.0,59800,<entities.processor.Processor object at 0x1057284c0>,<entities.dtn.DTN object at 0x10573ddc0>
44.5,0.0,59800,<entities.processor.Processor object at 0x1057284c0>,<entities.dtn.DTN object at 0x10573ddc0>
45.5,0.0,59800,<entities.processor.Processor object at 0x1057284c0>,<entities.dtn.DTN object at 0x10573ddc0>
46.5,0.0,59800,<entities.processor.Processor object at 0x1057284c0>,<entities.dtn.DTN object at 0x10573ddc0>
47.5,0.0,59800,<entities.processor.Processor object at 0x1057284c0>,<entities.dtn.DTN object at 0x10573ddc0>
48.5,0.0,59800,<entities.processor.Processor object at 0x1057284c0>,<entities.dtn.DTN object at 0x10573ddc0>
49.5,0.0,59800,<entities.processor.Processor object at 0x1057284c0>,<entities.dtn.DTN object at 0x10573ddc0>
50.5,0.0,59800,<entities.processor.Processor object at 0x1057284c0>,<entities.dtn.DTN object at 0x10573ddc0>
51.5,0.0,59800,<entities.processor.Processor object at 0x1057284c0>,<entities.dtn.DTN object at 0x10573ddc0>
52.5,0.0,59800,<entities.processor.Processor object at 0x1057284c0>,<entities.dtn.DTN object at 0x10573ddc0>
53.5,0.0,59800,<entities.processor.Processor object at 0x1057284c0>,<entities.dtn.DTN object at 0x10573ddc0>
54.5,0.0,59800,<entities.processor.Processor object at 0x1057284c0>,<entities.dtn.DTN object at 0x10573ddc0>
55.5,0.0,59800,<entities.processor.Processor object at 0x1057284c0>,<entities.dtn.DTN object at 0x10573ddc0>
56.5,0.0,59800,<entities.processor.Processor object at 0x1057284c0>,<entities.dtn.DTN object at 0x10573ddc0>
57.5,0.0,59800,<entities.processor.Processor object at 0x1057284c0>,<entities.dtn.DTN object at 0x10573ddc0>
58.5,0.0,59800,<entities.processor.Processor object at 0x1057284c0>,<entities.dtn.DTN object at 0x10573ddc0>
59.5,0.0,59800,<entities.processor.Processor object at 0x1057284c0>,<entities.dtn.DTN object at 0x10573ddc0>
60.5,0.0,59800,<entities.processor.Processor object at 0x1057284c0>,<entities.dtn.DTN object at 0x10573ddc0>
61.5,0.0,59800,<entities.processor.Processor object at 0x1057284c0>,<entities.dtn.DTN object at 0x10573ddc0>
62.5,0.0,59800,<entities.processor.Processor object at 0x1057284c0>,<entities.dtn.DTN object at 0x10573ddc0>
63.5,0.0,59800,<entities.processor.Processor object at 0x1057284c0>,<entities.dtn.DTN object at 0x10573ddc0>
64.5,0.0,59800,<entities.processor.Processor object at 0x1057284c0>,<entities.dtn.DTN object at 0x10573ddc0>
65.5,0.0,59800,<entities.processor.Processor object at 0x1057284c0>,<entities.dtn.DTN object at 0x10573ddc0>
66.5,0.0,59800,<entities.processor.Processor object at 0x1057284c0>,<entities.dtn.DTN object at 0x10573ddc0>
67.5,0.0,59800,<entities.processor.Processor object at 0x1057284c0>,<entities.dtn.DTN object at 0x10573ddc0>
68.5,0.0,59800,<entities.processor.Processor object at 0x1057284c0>,<entities.dtn.DTN object at 0x10573ddc0>
69.5,0.0,59800,<entities.processor.Processor object at 0x1057284c0>,<entities.dtn.DTN object at 0x10573ddc0>
70.5,0.0,59800,<entities.processor.Processor object at 0x1057284c0>,<entities.dtn.DTN object at 0x10573ddc0>
71.5,0.0,59800,<entities.processor.Processor object at 0x1057284c0>,<entities.dtn.DTN object at 0x10573ddc0>
72.5,0.0,59800,<entities.processor.Processor object at 0x1057284c0>,<entities.dtn.DTN object at 0x10573ddc0>
73.5,0.0,59800,<entities.processor.Processor object at 0x1057284c0>,<entities.dtn.DTN object at 0x10573ddc0>
74.5,0.0,59800,<entities.processor.Processor object at 0x1057284c0>,<entities.dtn.DTN object at 0x10573ddc0>
75.5,0.0,59800,<entities.processor.Processor object at 0x1057284c0>,<entities.dtn.DTN object at 0x10573ddc0>
76.5,0.0,59800,<entities.processor.Processor object at 0x1057284c0>,<entities.dtn.DTN object at 0x10573ddc0>
77.5,0.0,59800,<entities.processor.Processor object at 0x1057284c0>,<entities.dtn.DTN object at 0x10573ddc0>
78.5,0.0,59800,<entities.processor.Processor object at 0x1057284c0>,<entities.dtn.DTN object at 0x10573ddc0>
79.5,0.0,59800,<entities.processor.Processor object at 0x1057284c0>,<entities.dtn.DTN object at 0x10573ddc0>
80.5,0.0,59800,<entities.processor.Processor object at 0x1057284c0>,<entities.dtn.DTN object at 0x10573ddc0>
81.5,0.0,59800,<entities.processor.Processor object at 0x1057284c0>,<entities.dtn.DTN object at 0x10573ddc0>
82.5,0.0,59800,<entities.processor.Processor object at 0x1057284c0>,<entities.dtn.DTN object at 0x10573ddc0>
83.5,0.0,59800,<entities.processor.Processor object at 0x1057284c0>,<entities.dtn.DTN object at 0x10573ddc0>
84.5,0.0,59800,<entities.processor.Processor object at 0x1057284c0>,<entities.dtn.DTN object at 0x10573ddc0>
85.5,0.0,59800,<entities.processor.Processor object at 0x1057284c0>,<entities.dtn.DTN object at 0x10573ddc0>
86.5,0.0,59800,<entities.processor.Processor object at 0x1057284c0>,<entities.dtn.DTN object at 0x10573ddc0>
87.5,0.0,59800,<entities.processor.Processor object at 0x1057284c0>,<entities.dtn.DTN object at 0x10573ddc0>
88.5,0.0,59800,<entities.processor.Processor object at 0x1057284c0>,<entities.dtn.DTN object at 0x10573ddc0>
89.5,0.0,59800,<entities.processor.Processor object at 0x1057284c0>,<entities.dtn.DTN object at 0x10573ddc0>
90.5,0.0,59800,<entities.processor.Processor object at 0x1057284c0>,<entities.dtn.DTN object at 0x10573ddc0>
91.5,0.0,59800,<entities.processor.Processor object at 0x1057284c0>,<entities.dtn.DTN object at 0x10573ddc0>
92.5,0.0,59800,<entities.processor.Processor object at 0x1057284c0>,<entities.dtn.DTN object at 0x10573ddc0>
93.5,0.0,59800,<entities.processor.Processor object at 0x1057284c0>,<entities.dtn.DTN object at 0x10573ddc0>
94.5,0.0,59800,<entities.processor.Processor object at 0x1057284c0>,<entities.dtn.DTN object at 0x10573ddc0>
95.5,0.0,59800,<entities.processor.Processor object at 0x1057284c0>,<entities.dtn.DTN object at 0x10573ddc0>
96.5,0.0,59800,<entities.processor.Processor object at 0x1057284c0>,<entities.dtn.DTN object at 0x10573ddc0>
97.5,0.0,59800,<entities.processor.Processor object at 0x1057284c0>,<entities.dtn.DTN object at 0x10573ddc0>
98.5,0.0,59800,<entities.processor.Processor object at 0x1057284c0>,<entities.dtn.DTN object at 0x10573ddc0>
99.5,0.0,59800,<entities.processor.Processor object at 0x1057284c0>,<entities.dtn.DTN object at 0x10573ddc0>
28.5,0.0,71855,<entities.processor.Processor object at 0x10573d1f0>,<entities.dtn.DTN object at 0x10573ddc0>
29.5,0.0,71855,<entities.processor.Processor object at 0x10573d1f0>,<entities.dtn.DTN object at 0x10573ddc0>
30.5,0.0,71855,<entities.processor.Processor object at 0x10573d1f0>,<entities.dtn.DTN object at 0x10573ddc0>
31.5,0.0,71855,<entities.processor.Processor object at 0x10573d1f0>,<entities.dtn.DTN object at 0x10573ddc0>
32.5,0.0,71855,<entities.processor.Processor object at 0x10573d1f0>,<entities.dtn.DTN object at 0x10573ddc0>
33.5,0.0,71855,<entities.processor.Processor object at 0x10573d1f0>,<entities.dtn.DTN object at 0x10573ddc0>
34.5,0.0,71855,<entities.processor.Processor object at 0x10573d1f0>,<entities.dtn.DTN object at 0x10573ddc0>
35.5,0.0,71855,<entities.processor.Processor object at 0x10573d1f0>,<entities.dtn.DTN object at 0x10573ddc0>
36.5,0.0,71855,<entities.processor.Processor object at 0x10573d1f0>,<entities.dtn.DTN object at 0x10573ddc0>
37.5,0.0,71855,<entities.processor.Processor object at 0x10573d1f0>,<entities.dtn.DTN object at 0x10573ddc0>
38.5,0.0,71855,<entities.processor.Processor object at 0x10573d1f0>,<entities.dtn.DTN object at 0x10573ddc0>
39.5,0.0,71855,<entities.processor.Processor object at 0x10573d1f0>,<entities.dtn.DTN object at 0x10573ddc0>
40.5,0.0,71855,<entities.processor.Processor object at 0x10573d1f0>,<entities.dtn.DTN object at 0x10573ddc0>
41.5,0.0,71855,<entities.processor.Processor object at 0x10573d1f0>,<entities.dtn.DTN object at 0x10573ddc0>
42.5,0.0,71855,<entities.processor.Processor object at 0x10573d1f0>,<entities.dtn.DTN object at 0x10573ddc0>
43.5,0.0,71855,<entities.processor.Processor object at 0x10573d1f0>,<entities.dtn.DTN object at 0x10573ddc0>
44.5,0.0,71855,<entities.processor.Processor object at 0x10573d1f0>,<entities.dtn.DTN object at 0x10573ddc0>
45.5,0.0,71855,<entities.processor.Processor object at 0x10573d1f0>,<entities.dtn.DTN object at 0x10573ddc0>
46.5,0.0,71855,<entities.processor.Processor object at 0x10573d1f0>,<entities.dtn.DTN object at 0x10573ddc0>
47.5,0.0,71855,<entities.processor.Processor object at 0x10573d1f0>,<entities.dtn.DTN object at 0x10573ddc0>
48.5,0.0,71855,<entities.processor.Processor object at 0x10573d1f0>,<entities.dtn.DTN object at 0x10573ddc0>
49.5,0.0,71855,<entities.processor.Processor object at 0x10573d1f0>,<entities.dtn.DTN object at 0x10573ddc0>
50.5,0.0,71855,<entities.processor.Processor object at 0x10573d1f0>,<entities.dtn.DTN object at 0x10573ddc0>
51.5,0.0,71855,<entities.processor.Processor object at 0x10573d1f0>,<entities.dtn.DTN object at 0x10573ddc0>
52.5,0.0,71855,<entities.processor.Processor object at 0x10573d1f0>,<entities.dtn.DTN object at 0x10573ddc0>
53.5,0.0,71855,<entities.processor.Processor object at 0x10573d1f0>,<entities.dtn.DTN object at 0x10573ddc0>
54.5,0.0,71855,<entities.processor.Processor object at 0x10573d1f0>,<entities.dtn.DTN object at 0x10573ddc0>
55.5,0.0,71855,<entities.processor.Processor object at 0x10573d1f0>,<entities.dtn.DTN object at 0x10573ddc0>
56.5,0.0,71855,<entities.processor.Processor object at 0x10573d1f0>,<entities.dtn.DTN object at 0x10573ddc0>
57.5,0.0,71855,<entities.processor.Processor object at 0x10573d1f0>,<entities.dtn.DTN object at 0x10573ddc0>
58.5,0.0,71855,<entities.processor.Processor object at 0x10573d1f0>,<entities.dtn.DTN object at 0x10573ddc0>
59.5,0.0,71855,<entities.processor.Processor object at 0x10573d1f0>,<entities.dtn.DTN object at 0x10573ddc0>
60.5,0.0,71855,<entities.processor.Processor object at 0x10573d1f0>,<entities.dtn.DTN object at 0x10573ddc0>
61.5,0.0,71855,<entities.processor.Processor object at 0x10573d1f0>,<entities.dtn.DTN object at 0x10573ddc0>
62.5,0.0,71855,<entities.processor.Processor object at 0x10573d1f0>,<entities.dtn.DTN object at 0x10573ddc0>
63.5,0.0,71855,<entities.processor.Processor object at 0x10573d1f0>,<entities.dtn.DTN object at 0x10573ddc0>
64.5,0.0,71855,<entities.processor.Processor object at 0x10573d1f0>,<entities.dtn.DTN object at 0x10573ddc0>
65.5,0.0,71855,<entities.processor.Processor object at 0x10573d1f0>,<entities.dtn.DTN object at 0x10573ddc0>
66.5,0.0,71855,<entities.processor.Processor object at 0x10573d1f0>,<entities.dtn.DTN object at 0x10573ddc0>
67.5,0.0,71855,<entities.processor.Processor object at 0x10573d1f0>,<entities.dtn.DTN object at 0x10573ddc0>
68.5,0.0,71855,<entities.processor.Processor object at 0x10573d1f0>,<entities.dtn.DTN object at 0x10573ddc0>
69.5,0.0,71855,<entities.processor.Processor object at 0x10573d1f0>,<entities.dtn.DTN object at 0x10573ddc0>
70.5,0.0,71855,<entities.processor.Processor object at 0x10573d1f0>,<entities.dtn.DTN object at 0x10573ddc0>
71.5,0.0,71855,<entities.processor.Processor object at 0x10573d1f0>,<entities.dtn.DTN object at 0x10573ddc0>
72.5,0.0,71855,<entities.processor.Processor object at 0x10573d1f0>,<entities.dtn.DTN object at 0x10573ddc0>
73.5,0.0,71855,<entities.processor.Processor object at 0x10573d1f0>,<entities.dtn.DTN object at 0x10573ddc0>
74.5,0.0,71855,<entities.processor.Processor object at 0x10573d1f0>,<entities.dtn.DTN object at 0x10573ddc0>
75.5,0.0,71855,<entities.processor.Processor object at 0x10573d1f0>,<entities.dtn.DTN object at 0x10573ddc0>
76.5,0.0,71855,<entities.processor.Processor object at 0x10573d1f0>,<entities.dtn.DTN object at 0x10573ddc0>
77.5,0.0,71855,<entities.processor.Processor object at 0x10573d1f0>,<entities.dtn.DTN object at 0x10573ddc0>
78.5,0.0,71855,<entities.processor.Processor object at 0x10573d1f0>,<entities.dtn.DTN object at 0x10573ddc0>
79.5,0.0,71855,<entities.processor.Processor object at 0x10573d1f0>,<entities.dtn.DTN object at 0x10573ddc0>
80.5,0.0,71855,<entities.processor.Processor object at 0x10573d1f0>,<entities.dtn.DTN object at 0x10573ddc0>
81.5,0.0,71855,<entities.processor.Processor object at 0x10573d1f0>,<entities.dtn.DTN object at 0x10573ddc0>
82.5,0.0,71855,<entities.processor.Processor object at 0x10573d1f0>,<entities.dtn.DTN object at 0x10573ddc0>
83.5,0.0,71855,<entities.processor.Processor object at 0x10573d1f0>,<entities.dtn.DTN object at 0x10573ddc0>
84.5,0.0,71855,<entities.processor.Processor object at 0x10573d1f0>,<entities.dtn.DTN object at 0x10573ddc0>
85.5,0.0,71855,<entities.processor.Processor object at 0x10573d1f0>,<entities.dtn.DTN object at 0x10573ddc0>
86.5,0.0,71855,<entities.processor.Processor object at 0x10573d1f0>,<entities.dtn.DTN object at 0x10573ddc0>
87.5,0.0,71855,<entities.processor.Processor object at 0x10573d1f0>,<entities.dtn.DTN object at 0x10573ddc0>
88.5,0.0,71855,<entities.processor.Processor object at 0x10573d1f0>,<entities.dtn.DTN object at 0x10573ddc0>
89.5,0.0,71855,<entities.processor.Processor object at 0x10573d1f0>,<entities.dtn.DTN object at 0x10573ddc0>
90.5,0.0,71855,<entities.processor.Processor object at 0x10573d1f0>,<entities.dtn.DTN object at 0x10573ddc0>
91.5,0.0,71855,<entities.processor.Processor object at 0x10573d1f0>,<entities.dtn.DTN object at 0x10573ddc0>
92.5,0.0,71855,<entities.processor.Processor object at 0x10573d1f0>,<entities.dtn.DTN object at 0x10573ddc0>
93.5,0.0,71855,<entities.processor.Processor object at 0x10573d1f0>,<entities.dtn.DTN object at 0x10573ddc0>
94.5,0.0,71855,<entities.processor.Processor object at 0x10573d1f0>,<entities.dtn.DTN object at 0x10573ddc0>
95.5,0.0,71855,<entities.processor.Processor object at 0x10573d1f0>,<entities.dtn.DTN object at 0x10573ddc0>
96.5,0.0,71855,<entities.processor.Processor object at 0x10573d1f0>,<entities.dtn.DTN object at 0x10573ddc0>
97.5,0.0,71855,<entities.processor.Processor object at 0x10573d1f0>,<entities.dtn.DTN object at 0x10573ddc0>
98.5,0.0,71855,<entities.processor.Processor object at 0x10573d1f0>,<entities.dtn.DTN object at 0x10573ddc0>
99.5,0.0,71855,<entities.processor.Processor object at 0x10573d1f0>,<entities.dtn.DTN object at 0x10573ddc0>
28.751368705957887,0.0,2934,<entities.processor.Processor object at 0x105728940>,<entities.dtn.DTN object at 0x10573ddc0>
29.751368705957887,0.0,2934,<entities.processor.Processor object at 0x105728940>,<entities.dtn.DTN object at 0x10573ddc0>
30.751368705957887,0.0,2934,<entities.processor.Processor object at 0x105728940>,<entities.dtn.DTN object at 0x10573ddc0>
31.751368705957887,0.0,2934,<entities.processor.Processor object at 0x105728940>,<entities.dtn.DTN object at 0x10573ddc0>
32.75136870595789,0.0,2934,<entities.processor.Processor object at 0x105728940>,<entities.dtn.DTN object at 0x10573ddc0>
33.75136870595789,0.0,2934,<entities.processor.Processor object at 0x105728940>,<entities.dtn.DTN object at 0x10573ddc0>
34.75136870595789,0.0,2934,<entities.processor.Processor object at 0x105728940>,<entities.dtn.DTN object at 0x10573ddc0>
35.75136870595789,0.0,2934,<entities.processor.Processor object at 0x105728940>,<entities.dtn.DTN object at 0x10573ddc0>
36.75136870595789,0.0,2934,<entities.processor.Processor object at 0x105728940>,<entities.dtn.DTN object at 0x10573ddc0>
37.75136870595789,0.0,2934,<entities.processor.Processor object at 0x105728940>,<entities.dtn.DTN object at 0x10573ddc0>
38.75136870595789,0.0,2934,<entities.processor.Processor object at 0x105728940>,<entities.dtn.DTN object at 0x10573ddc0>
39.75136870595789,0.0,2934,<entities.processor.Processor object at 0x105728940>,<entities.dtn.DTN object at 0x10573ddc0>
40.75136870595789,0.0,2934,<entities.processor.Processor object at 0x105728940>,<entities.dtn.DTN object at 0x10573ddc0>
41.75136870595789,0.0,2934,<entities.processor.Processor object at 0x105728940>,<entities.dtn.DTN object at 0x10573ddc0>
42.75136870595789,0.0,2934,<entities.processor.Processor object at 0x105728940>,<entities.dtn.DTN object at 0x10573ddc0>
43.75136870595789,0.0,2934,<entities.processor.Processor object at 0x105728940>,<entities.dtn.DTN object at 0x10573ddc0>
44.75136870595789,0.0,2934,<entities.processor.Processor object at 0x105728940>,<entities.dtn.DTN object at 0x10573ddc0>
45.75136870595789,0.0,2934,<entities.processor.Processor object at 0x105728940>,<entities.dtn.DTN object at 0x10573ddc0>
46.75136870595789,0.0,2934,<entities.processor.Processor object at 0x105728940>,<entities.dtn.DTN object at 0x10573ddc0>
47.75136870595789,0.0,2934,<entities.processor.Processor object at 0x105728940>,<entities.dtn.DTN object at 0x10573ddc0>
48.75136870595789,0.0,2934,<entities.processor.Processor object at 0x105728940>,<entities.dtn.DTN object at 0x10573ddc0>
49.75136870595789,0.0,2934,<entities.processor.Processor object at 0x105728940>,<entities.dtn.DTN object at 0x10573ddc0>
50.75136870595789,0.0,2934,<entities.processor.Processor object at 0x105728940>,<entities.dtn.DTN object at 0x10573ddc0>
51.75136870595789,0.0,2934,<entities.processor.Processor object at 0x105728940>,<entities.dtn.DTN object at 0x10573ddc0>
52.75136870595789,0.0,2934,<entities.processor.Processor object at 0x105728940>,<entities.dtn.DTN object at 0x10573ddc0>
53.75136870595789,0.0,2934,<entities.processor.Processor object at 0x105728940>,<entities.dtn.DTN object at 0x10573ddc0>
54.75136870595789,0.0,2934,<entities.processor.Processor object at 0x105728940>,<entities.dtn.DTN object at 0x10573ddc0>
55.75136870595789,0.0,2934,<entities.processor.Processor object at 0x105728940>,<entities.dtn.DTN object at 0x10573ddc0>
56.75136870595789,0.0,2934,<entities.processor.Processor object at 0x105728940>,<entities.dtn.DTN object at 0x10573ddc0>
57.75136870595789,0.0,2934,<entities.processor.Processor object at 0x105728940>,<entities.dtn.DTN object at 0x10573ddc0>
58.75136870595789,0.0,2934,<entities.processor.Processor object at 0x105728940>,<entities.dtn.DTN object at 0x10573ddc0>
59.75136870595789,0.0,2934,<entities.processor.Processor object at 0x105728940>,<entities.dtn.DTN object at 0x10573ddc0>
60.75136870595789,0.0,2934,<entities.processor.Processor object at 0x105728940>,<entities.dtn.DTN object at 0x10573ddc0>
61.75136870595789,0.0,2934,<entities.processor.Processor object at 0x105728940>,<entities.dtn.DTN object at 0x10573ddc0>
62.75136870595789,0.0,2934,<entities.processor.Processor object at 0x105728940>,<entities.dtn.DTN object at 0x10573ddc0>
63.75136870595789,0.0,2934,<entities.processor.Processor object at 0x105728940>,<entities.dtn.DTN object at 0x10573ddc0>
64.75136870595789,0.0,2934,<entities.processor.Processor object at 0x105728940>,<entities.dtn.DTN object at 0x10573ddc0>
65.75136870595789,0.0,2934,<entities.processor.Processor object at 0x105728940>,<entities.dtn.DTN object at 0x10573ddc0>
66.75136870595789,0.0,2934,<entities.processor.Processor object at 0x105728940>,<entities.dtn.DTN object at 0x10573ddc0>
67.75136870595789,0.0,2934,<entities.processor.Processor object at 0x105728940>,<entities.dtn.DTN object at 0x10573ddc0>
68.75136870595789,0.0,2934,<entities.processor.Processor object at 0x105728940>,<entities.dtn.DTN object at 0x10573ddc0>
69.75136870595789,0.0,2934,<entities.processor.Processor object at 0x105728940>,<entities.dtn.DTN object at 0x10573ddc0>
70.75136870595789,0.0,2934,<entities.processor.Processor object at 0x105728940>,<entities.dtn.DTN object at 0x10573ddc0>
71.75136870595789,0.0,2934,<entities.processor.Processor object at 0x105728940>,<entities.dtn.DTN object at 0x10573ddc0>
72.75136870595789,0.0,2934,<entities.processor.Processor object at 0x105728940>,<entities.dtn.DTN object at 0x10573ddc0>
73.75136870595789,0.0,2934,<entities.processor.Processor object at 0x105728940>,<entities.dtn.DTN object at 0x10573ddc0>
74.75136870595789,0.0,2934,<entities.processor.Processor object at 0x105728940>,<entities.dtn.DTN object at 0x10573ddc0>
75.75136870595789,0.0,2934,<entities.processor.Processor object at 0x105728940>,<entities.dtn.DTN object at 0x10573ddc0>
76.75136870595789,0.0,2934,<entities.processor.Processor object at 0x105728940>,<entities.dtn.DTN object at 0x10573ddc0>
77.75136870595789,0.0,2934,<entities.processor.Processor object at 0x105728940>,<entities.dtn.DTN object at 0x10573ddc0>
78.75136870595789,0.0,2934,<entities.processor.Processor object at 0x105728940>,<entities.dtn.DTN object at 0x10573ddc0>
79.75136870595789,0.0,2934,<entities.processor.Processor object at 0x105728940>,<entities.dtn.DTN object at 0x10573ddc0>
80.75136870595789,0.0,2934,<entities.processor.Processor object at 0x105728940>,<entities.dtn.DTN object at 0x10573ddc0>
81.75136870595789,0.0,2934,<entities.processor.Processor object at 0x105728940>,<entities.dtn.DTN object at 0x10573ddc0>
82.75136870595789,0.0,2934,<entities.processor.Processor object at 0x105728940>,<entities.dtn.DTN object at 0x10573ddc0>
83.75136870595789,0.0,2934,<entities.processor.Processor object at 0x105728940>,<entities.dtn.DTN object at 0x10573ddc0>
84.75136870595789,0.0,2934,<entities.processor.Processor object at 0x105728940>,<entities.dtn.DTN object at 0x10573ddc0>
85.75136870595789,0.0,2934,<entities.processor.Processor object at 0x105728940>,<entities.dtn.DTN object at 0x10573ddc0>
86.75136870595789,0.0,2934,<entities.processor.Processor object at 0x105728940>,<entities.dtn.DTN object at 0x10573ddc0>
87.75136870595789,0.0,2934,<entities.processor.Processor object at 0x105728940>,<entities.dtn.DTN object at 0x10573ddc0>
88.75136870595789,0.0,2934,<entities.processor.Processor object at 0x105728940>,<entities.dtn.DTN object at 0x10573ddc0>
89.75136870595789,0.0,2934,<entities.processor.Processor object at 0x105728940>,<entities.dtn.DTN object at 0x10573ddc0>
90.75136870595789,0.0,2934,<entities.processor.Processor object at 0x105728940>,<entities.dtn.DTN object at 0x10573ddc0>
91.75136870595789,0.0,2934,<entities.processor.Processor object at 0x105728940>,<entities.dtn.DTN object at 0x10573ddc0>
92.75136870595789,0.0,2934,<entities.processor.Processor object at 0x105728940>,<entities.dtn.DTN object at 0x10573ddc0>
93.75136870595789,0.0,2934,<entities.processor.Processor object at 0x105728940>,<entities.dtn.DTN object at 0x10573ddc0>
94.75136870595789,0.0,2934,<entities.processor.Processor object at 0x105728940>,<entities.dtn.DTN object at 0x10573ddc0>
95.75136870595789,0.0,2934,<entities.processor.Processor object at 0x105728940>,<entities.dtn.DTN object at 0x10573ddc0>
96.75136870595789,0.0,2934,<entities.processor.Processor object at 0x105728940>,<entities.dtn.DTN object at 0x10573ddc0>
97.75136870595789,0.0,2934,<entities.processor.Processor object at 0x105728940>,<entities.dtn.DTN object at 0x10573ddc0>
98.75136870595789,0.0,2934,<entities.processor.Processor object at 0x105728940>,<entities.dtn.DTN object at 0x10573ddc0>
99.75136870595789,0.0,2934,<entities.processor.Processor object at 0x105728940>,<entities.dtn.DTN object at 0x10573ddc0>
30.0,0.0,22798,<entities.processor.Processor object at 0x10573d1f0>,<entities.dtn.DTN object at 0x10573ddc0>
31.0,0.0,22798,<entities.processor.Processor object at 0x10573d1f0>,<entities.dtn.DTN object at 0x10573ddc0>
32.0,0.0,22798,<entities.processor.Processor object at 0x10573d1f0>,<entities.dtn.DTN object at 0x10573ddc0>
33.0,0.0,22798,<entities.processor.Processor object at 0x10573d1f0>,<entities.dtn.DTN object at 0x10573ddc0>
34.0,0.0,22798,<entities.processor.Processor object at 0x10573d1f0>,<entities.dtn.DTN object at 0x10573ddc0>
35.0,0.0,22798,<entities.processor.Processor object at 0x10573d1f0>,<entities.dtn.DTN object at 0x10573ddc0>
36.0,0.0,22798,<entities.processor.Processor object at 0x10573d1f0>,<entities.dtn.DTN object at 0x10573ddc0>
37.0,0.0,22798,<entities.processor.Processor object at 0x10573d1f0>,<entities.dtn.DTN object at 0x10573ddc0>
38.0,0.0,22798,<entities.processor.Processor object at 0x10573d1f0>,<entities.dtn.DTN object at 0x10573ddc0>
39.0,0.0,22798,<entities.processor.Processor object at 0x10573d1f0>,<entities.dtn.DTN object at 0x10573ddc0>
40.0,0.0,22798,<entities.processor.Processor object at 0x10573d1f0>,<entities.dtn.DTN object at 0x10573ddc0>
41.0,0.0,22798,<entities.processor.Processor object at 0x10573d1f0>,<entities.dtn.DTN object at 0x10573ddc0>
42.0,0.0,22798,<entities.processor.Processor object at 0x10573d1f0>,<entities.dtn.DTN object at 0x10573ddc0>
43.0,0.0,22798,<entities.processor.Processor object at 0x10573d1f0>,<entities.dtn.DTN object at 0x10573ddc0>
44.0,0.0,22798,<entities.processor.Processor object at 0x10573d1f0>,<entities.dtn.DTN object at 0x10573ddc0>
45.0,0.0,22798,<entities.processor.Processor object at 0x10573d1f0>,<entities.dtn.DTN object at 0x10573ddc0>
46.0,0.0,22798,<entities.processor.Processor object at 0x10573d1f0>,<entities.dtn.DTN object at 0x10573ddc0>
47.0,0.0,22798,<entities.processor.Processor object at 0x10573d1f0>,<entities.dtn.DTN object at 0x10573ddc0>
48.0,0.0,22798,<entities.processor.Processor object at 0x10573d1f0>,<entities.dtn.DTN object at 0x10573ddc0>
49.0,0.0,22798,<entities.processor.Processor object at 0x10573d1f0>,<entities.dtn.DTN object at 0x10573ddc0>
50.0,0.0,22798,<entities.processor.Processor object at 0x10573d1f0>,<entities.dtn.DTN object at 0x10573ddc0>
51.0,0.0,22798,<entities.processor.Processor object at 0x10573d1f0>,<entities.dtn.DTN object at 0x10573ddc0>
52.0,0.0,22798,<entities.processor.Processor object at 0x10573d1f0>,<entities.dtn.DTN object at 0x10573ddc0>
53.0,0.0,22798,<entities.processor.Processor object at 0x10573d1f0>,<entities.dtn.DTN object at 0x10573ddc0>
54.0,0.0,22798,<entities.processor.Processor object at 0x10573d1f0>,<entities.dtn.DTN object at 0x10573ddc0>
55.0,0.0,22798,<entities.processor.Processor object at 0x10573d1f0>,<entities.dtn.DTN object at 0x10573ddc0>
56.0,0.0,22798,<entities.processor.Processor object at 0x10573d1f0>,<entities.dtn.DTN object at 0x10573ddc0>
57.0,0.0,22798,<entities.processor.Processor object at 0x10573d1f0>,<entities.dtn.DTN object at 0x10573ddc0>
58.0,0.0,22798,<entities.processor.Processor object at 0x10573d1f0>,<entities.dtn.DTN object at 0x10573ddc0>
59.0,0.0,22798,<entities.processor.Processor object at 0x10573d1f0>,<entities.dtn.DTN object at 0x10573ddc0>
60.0,0.0,22798,<entities.processor.Processor object at 0x10573d1f0>,<entities.dtn.DTN object at 0x10573ddc0>
61.0,0.0,22798,<entities.processor.Processor object at 0x10573d1f0>,<entities.dtn.DTN object at 0x10573ddc0>
62.0,0.0,22798,<entities.processor.Processor object at 0x10573d1f0>,<entities.dtn.DTN object at 0x10573ddc0>
63.0,0.0,22798,<entities.processor.Processor object at 0x10573d1f0>,<entities.dtn.DTN object at 0x10573ddc0>
64.0,0.0,22798,<entities.processor.Processor object at 0x10573d1f0>,<entities.dtn.DTN object at 0x10573ddc0>
65.0,0.0,22798,<entities.processor.Processor object at 0x10573d1f0>,<entities.dtn.DTN object at 0x10573ddc0>
66.0,0.0,22798,<entities.processor.Processor object at 0x10573d1f0>,<entities.dtn.DTN object at 0x10573ddc0>
67.0,0.0,22798,<entities.processor.Processor object at 0x10573d1f0>,<entities.dtn.DTN object at 0x10573ddc0>
68.0,0.0,22798,<entities.processor.Processor object at 0x10573d1f0>,<entities.dtn.DTN object at 0x10573ddc0>
69.0,0.0,22798,<entities.processor.Processor object at 0x10573d1f0>,<entities.dtn.DTN object at 0x10573ddc0>
70.0,0.0,22798,<entities.processor.Processor object at 0x10573d1f0>,<entities.dtn.DTN object at 0x10573ddc0>
71.0,0.0,22798,<entities.processor.Processor object at 0x10573d1f0>,<entities.dtn.DTN object at 0x10573ddc0>
72.0,0.0,22798,<entities.processor.Processor object at 0x10573d1f0>,<entities.dtn.DTN object at 0x10573ddc0>
73.0,0.0,22798,<entities.processor.Processor object at 0x10573d1f0>,<entities.dtn.DTN object at 0x10573ddc0>
74.0,0.0,22798,<entities.processor.Processor object at 0x10573d1f0>,<entities.dtn.DTN object at 0x10573ddc0>
75.0,0.0,22798,<entities.processor.Processor object at 0x10573d1f0>,<entities.dtn.DTN object at 0x10573ddc0>
76.0,0.0,22798,<entities.processor.Processor object at 0x10573d1f0>,<entities.dtn.DTN object at 0x10573ddc0>
77.0,0.0,22798,<entities.processor.Processor object at 0x10573d1f0>,<entities.dtn.DTN object at 0x10573ddc0>
78.0,0.0,22798,<entities.processor.Processor object at 0x10573d1f0>,<entities.dtn.DTN object at 0x10573ddc0>
79.0,0.0,22798,<entities.processor.Processor object at 0x10573d1f0>,<entities.dtn.DTN object at 0x10573ddc0>
80.0,0.0,22798,<entities.processor.Processor object at 0x10573d1f0>,<entities.dtn.DTN object at 0x10573ddc0>
81.0,0.0,22798,<entities.processor.Processor object at 0x10573d1f0>,<entities.dtn.DTN object at 0x10573ddc0>
82.0,0.0,22798,<entities.processor.Processor object at 0x10573d1f0>,<entities.dtn.DTN object at 0x10573ddc0>
83.0,0.0,22798,<entities.processor.Processor object at 0x10573d1f0>,<entities.dtn.DTN object at 0x10573ddc0>
84.0,0.0,22798,<entities.processor.Processor object at 0x10573d1f0>,<entities.dtn.DTN object at 0x10573ddc0>
85.0,0.0,22798,<entities.processor.Processor object at 0x10573d1f0>,<entities.dtn.DTN object at 0x10573ddc0>
86.0,0.0,22798,<entities.processor.Processor object at 0x10573d1f0>,<entities.dtn.DTN object at 0x10573ddc0>
87.0,0.0,22798,<entities.processor.Processor object at 0x10573d1f0>,<entities.dtn.DTN object at 0x10573ddc0>
88.0,0.0,22798,<entities.processor.Processor object at 0x10573d1f0>,<entities.dtn.DTN object at 0x10573ddc0>
89.0,0.0,22798,<entities.processor.Processor object at 0x10573d1f0>,<entities.dtn.DTN object at 0x10573ddc0>
90.0,0.0,22798,<entities.processor.Processor object at 0x10573d1f0>,<entities.dtn.DTN object at 0x10573ddc0>
91.0,0.0,22798,<entities.processor.Processor object at 0x10573d1f0>,<entities.dtn.DTN object at 0x10573ddc0>
92.0,0.0,22798,<entities.processor.Processor object at 0x10573d1f0>,<entities.dtn.DTN object at 0x10573ddc0>
93.0,0.0,22798,<entities.processor.Processor object at 0x10573d1f0>,<entities.dtn.DTN object at 0x10573ddc0>
94.0,0.0,22798,<entities.processor.Processor object at 0x10573d1f0>,<entities.dtn.DTN object at 0x10573ddc0>
95.0,0.0,22798,<entities.processor.Processor object at 0x10573d1f0>,<entities.dtn.DTN object at 0x10573ddc0>
96.0,0.0,22798,<entities.processor.Processor object at 0x10573d1f0>,<entities.dtn.DTN object at 0x10573ddc0>
97.0,0.0,22798,<entities.processor.Processor object at 0x10573d1f0>,<entities.dtn.DTN object at 0x10573ddc0>
98.0,0.0,22798,<entities.processor.Processor object at 0x10573d1f0>,<entities.dtn.DTN object at 0x10573ddc0>
99.0,0.0,22798,<entities.processor.Processor object at 0x10573d1f0>,<entities.dtn.DTN object at 0x10573ddc0>
34.0,0.0,25890,<entities.processor.Processor object at 0x1057284c0>,<entities.dtn.DTN object at 0x10573ddc0>
35.0,0.0,25890,<entities.processor.Processor object at 0x1057284c0>,<entities.dtn.DTN object at 0x10573ddc0>
36.0,0.0,25890,<entities.processor.Processor object at 0x1057284c0>,<entities.dtn.DTN object at 0x10573ddc0>
37.0,0.0,25890,<entities.processor.Processor object at 0x1057284c0>,<entities.dtn.DTN object at 0x10573ddc0>
38.0,0.0,25890,<entities.processor.Processor object at 0x1057284c0>,<entities.dtn.DTN object at 0x10573ddc0>
39.0,0.0,25890,<entities.processor.Processor object at 0x1057284c0>,<entities.dtn.DTN object at 0x10573ddc0>
40.0,0.0,25890,<entities.processor.Processor object at 0x1057284c0>,<entities.dtn.DTN object at 0x10573ddc0>
41.0,0.0,25890,<entities.processor.Processor object at 0x1057284c0>,<entities.dtn.DTN object at 0x10573ddc0>
42.0,0.0,25890,<entities.processor.Processor object at 0x1057284c0>,<entities.dtn.DTN object at 0x10573ddc0>
43.0,0.0,25890,<entities.processor.Processor object at 0x1057284c0>,<entities.dtn.DTN object at 0x10573ddc0>
44.0,0.0,25890,<entities.processor.Processor object at 0x1057284c0>,<entities.dtn.DTN object at 0x10573ddc0>
45.0,0.0,25890,<entities.processor.Processor object at 0x1057284c0>,<entities.dtn.DTN object at 0x10573ddc0>
46.0,0.0,25890,<entities.processor.Processor object at 0x1057284c0>,<entities.dtn.DTN object at 0x10573ddc0>
47.0,0.0,25890,<entities.processor.Processor object at 0x1057284c0>,<entities.dtn.DTN object at 0x10573ddc0>
48.0,0.0,25890,<entities.processor.Processor object at 0x1057284c0>,<entities.dtn.DTN object at 0x10573ddc0>
49.0,0.0,25890,<entities.processor.Processor object at 0x1057284c0>,<entities.dtn.DTN object at 0x10573ddc0>
50.0,0.0,25890,<entities.processor.Processor object at 0x1057284c0>,<entities.dtn.DTN object at 0x10573ddc0>
51.0,0.0,25890,<entities.processor.Processor object at 0x1057284c0>,<entities.dtn.DTN object at 0x10573ddc0>
52.0,0.0,25890,<entities.processor.Processor object at 0x1057284c0>,<entities.dtn.DTN object at 0x10573ddc0>
53.0,0.0,25890,<entities.processor.Processor object at 0x1057284c0>,<entities.dtn.DTN object at 0x10573ddc0>
54.0,0.0,25890,<entities.processor.Processor object at 0x1057284c0>,<entities.dtn.DTN object at 0x10573ddc0>
55.0,0.0,25890,<entities.processor.Processor object at 0x1057284c0>,<entities.dtn.DTN object at 0x10573ddc0>
56.0,0.0,25890,<entities.processor.Processor object at 0x1057284c0>,<entities.dtn.DTN object at 0x10573ddc0>
57.0,0.0,25890,<entities.processor.Processor object at 0x1057284c0>,<entities.dtn.DTN object at 0x10573ddc0>
58.0,0.0,25890,<entities.processor.Processor object at 0x1057284c0>,<entities.dtn.DTN object at 0x10573ddc0>
59.0,0.0,25890,<entities.processor.Processor object at 0x1057284c0>,<entities.dtn.DTN object at 0x10573ddc0>
60.0,0.0,25890,<entities.processor.Processor object at 0x1057284c0>,<entities.dtn.DTN object at 0x10573ddc0>
61.0,0.0,25890,<entities.processor.Processor object at 0x1057284c0>,<entities.dtn.DTN object at 0x10573ddc0>
62.0,0.0,25890,<entities.processor.Processor object at 0x1057284c0>,<entities.dtn.DTN object at 0x10573ddc0>
63.0,0.0,25890,<entities.processor.Processor object at 0x1057284c0>,<entities.dtn.DTN object at 0x10573ddc0>
64.0,0.0,25890,<entities.processor.Processor object at 0x1057284c0>,<entities.dtn.DTN object at 0x10573ddc0>
65.0,0.0,25890,<entities.processor.Processor object at 0x1057284c0>,<entities.dtn.DTN object at 0x10573ddc0>
66.0,0.0,25890,<entities.processor.Processor object at 0x1057284c0>,<entities.dtn.DTN object at 0x10573ddc0>
67.0,0.0,25890,<entities.processor.Processor object at 0x1057284c0>,<entities.dtn.DTN object at 0x10573ddc0>
68.0,0.0,25890,<entities.processor.Processor object at 0x1057284c0>,<entities.dtn.DTN object at 0x10573ddc0>
69.0,0.0,25890,<entities.processor.Processor object at 0x1057284c0>,<entities.dtn.DTN object at 0x10573ddc0>
70.0,0.0,25890,<entities.processor.Processor object at 0x1057284c0>,<entities.dtn.DTN object at 0x10573ddc0>
71.0,0.0,25890,<entities.processor.Processor object at 0x1057284c0>,<entities.dtn.DTN object at 0x10573ddc0>
72.0,0.0,25890,<entities.processor.Processor object at 0x1057284c0>,<entities.dtn.DTN object at 0x10573ddc0>
73.0,0.0,25890,<entities.processor.Processor object at 0x1057284c0>,<entities.dtn.DTN object at 0x10573ddc0>
74.0,0.0,25890,<entities.processor.Processor object at 0x1057284c0>,<entities.dtn.DTN object at 0x10573ddc0>
75.0,0.0,25890,<entities.processor.Processor object at 0x1057284c0>,<entities.dtn.DTN object at 0x10573ddc0>
76.0,0.0,25890,<entities.processor.Processor object at 0x1057284c0>,<entities.dtn.DTN object at 0x10573ddc0>
77.0,0.0,25890,<entities.processor.Processor object at 0x1057284c0>,<entities.dtn.DTN object at 0x10573ddc0>
78.0,0.0,25890,<entities.processor.Processor object at 0x1057284c0>,<entities.dtn.DTN object at 0x10573ddc0>
79.0,0.0,25890,<entities.processor.Processor object at 0x1057284c0>,<entities.dtn.DTN object at 0x10573ddc0>
80.0,0.0,25890,<entities.processor.Processor object at 0x1057284c0>,<entities.dtn.DTN object at 0x10573ddc0>
81.0,0.0,25890,<entities.processor.Processor object at 0x1057284c0>,<entities.dtn.DTN object at 0x10573ddc0>
82.0,0.0,25890,<entities.processor.Processor object at 0x1057284c0>,<entities.dtn.DTN object at 0x10573ddc0>
83.0,0.0,25890,<entities.processor.Processor object at 0x1057284c0>,<entities.dtn.DTN object at 0x10573ddc0>
84.0,0.0,25890,<entities.processor.Processor object at 0x1057284c0>,<entities.dtn.DTN object at 0x10573ddc0>
85.0,0.0,25890,<entities.processor.Processor object at 0x1057284c0>,<entities.dtn.DTN object at 0x10573ddc0>
86.0,0.0,25890,<entities.processor.Processor object at 0x1057284c0>,<entities.dtn.DTN object at 0x10573ddc0>
87.0,0.0,25890,<entities.processor.Processor object at 0x1057284c0>,<entities.dtn.DTN object at 0x10573ddc0>
88.0,0.0,25890,<entities.processor.Processor object at 0x1057284c0>,<entities.dtn.DTN object at 0x10573ddc0>
89.0,0.0,25890,<entities.processor.Processor object at 0x1057284c0>,<entities.dtn.DTN object at 0x10573ddc0>
90.0,0.0,25890,<entities.processor.Processor object at 0x1057284c0>,<entities.dtn.DTN object at 0x10573ddc0>
91.0,0.0,25890,<entities.processor.Processor object at 0x1057284c0>,<entities.dtn.DTN object at 0x10573ddc0>
92.0,0.0,25890,<entities.processor.Processor object at 0x1057284c0>,<entities.dtn.DTN object at 0x10573ddc0>
93.0,0.0,25890,<entities.processor.Processor object at 0x1057284c0>,<entities.dtn.DTN object at 0x10573ddc0>
94.0,0.0,25890,<entities.processor.Processor object at 0x1057284c0>,<entities.dtn.DTN object at 0x10573ddc0>
95.0,0.0,25890,<entities.processor.Processor object at 0x1057284c0>,<entities.dtn.DTN object at 0x10573ddc0>
96.0,0.0,25890,<entities.processor.Processor object at 0x1057284c0>,<entities.dtn.DTN object at 0x10573ddc0>
97.0,0.0,25890,<entities.processor.Processor object at 0x1057284c0>,<entities.dtn.DTN object at 0x10573ddc0>
98.0,0.0,25890,<entities.processor.Processor object at 0x1057284c0>,<entities.dtn.DTN object at 0x10573ddc0>
99.0,0.0,25890,<entities.processor.Processor object at 0x1057284c0>,<entities.dtn.DTN object at 0x10573ddc0>
34.25136870595789,0.0,7572,<entities.processor.Processor object at 0x105728940>,<entities.dtn.DTN object at 0x10573ddc0>
35.25136870595789,0.0,7572,<entities.processor.Processor object at 0x105728940>,<entities.dtn.DTN object at 0x10573ddc0>
36.25136870595789,0.0,7572,<entities.processor.Processor object at 0x105728940>,<entities.dtn.DTN object at 0x10573ddc0>
37.25136870595789,0.0,7572,<entities.processor.Processor object at 0x105728940>,<entities.dtn.DTN object at 0x10573ddc0>
38.25136870595789,0.0,7572,<entities.processor.Processor object at 0x105728940>,<entities.dtn.DTN object at 0x10573ddc0>
39.25136870595789,0.0,7572,<entities.processor.Processor object at 0x105728940>,<entities.dtn.DTN object at 0x10573ddc0>
40.25136870595789,0.0,7572,<entities.processor.Processor object at 0x105728940>,<entities.dtn.DTN object at 0x10573ddc0>
41.25136870595789,0.0,7572,<entities.processor.Processor object at 0x105728940>,<entities.dtn.DTN object at 0x10573ddc0>
42.25136870595789,0.0,7572,<entities.processor.Processor object at 0x105728940>,<entities.dtn.DTN object at 0x10573ddc0>
43.25136870595789,0.0,7572,<entities.processor.Processor object at 0x105728940>,<entities.dtn.DTN object at 0x10573ddc0>
44.25136870595789,0.0,7572,<entities.processor.Processor object at 0x105728940>,<entities.dtn.DTN object at 0x10573ddc0>
45.25136870595789,0.0,7572,<entities.processor.Processor object at 0x105728940>,<entities.dtn.DTN object at 0x10573ddc0>
46.25136870595789,0.0,7572,<entities.processor.Processor object at 0x105728940>,<entities.dtn.DTN object at 0x10573ddc0>
47.25136870595789,0.0,7572,<entities.processor.Processor object at 0x105728940>,<entities.dtn.DTN object at 0x10573ddc0>
48.25136870595789,0.0,7572,<entities.processor.Processor object at 0x105728940>,<entities.dtn.DTN object at 0x10573ddc0>
49.25136870595789,0.0,7572,<entities.processor.Processor object at 0x105728940>,<entities.dtn.DTN object at 0x10573ddc0>
50.25136870595789,0.0,7572,<entities.processor.Processor object at 0x105728940>,<entities.dtn.DTN object at 0x10573ddc0>
51.25136870595789,0.0,7572,<entities.processor.Processor object at 0x105728940>,<entities.dtn.DTN object at 0x10573ddc0>
52.25136870595789,0.0,7572,<entities.processor.Processor object at 0x105728940>,<entities.dtn.DTN object at 0x10573ddc0>
53.25136870595789,0.0,7572,<entities.processor.Processor object at 0x105728940>,<entities.dtn.DTN object at 0x10573ddc0>
54.25136870595789,0.0,7572,<entities.processor.Processor object at 0x105728940>,<entities.dtn.DTN object at 0x10573ddc0>
55.25136870595789,0.0,7572,<entities.processor.Processor object at 0x105728940>,<entities.dtn.DTN object at 0x10573ddc0>
56.25136870595789,0.0,7572,<entities.processor.Processor object at 0x105728940>,<entities.dtn.DTN object at 0x10573ddc0>
57.25136870595789,0.0,7572,<entities.processor.Processor object at 0x105728940>,<entities.dtn.DTN object at 0x10573ddc0>
58.25136870595789,0.0,7572,<entities.processor.Processor object at 0x105728940>,<entities.dtn.DTN object at 0x10573ddc0>
59.25136870595789,0.0,7572,<entities.processor.Processor object at 0x105728940>,<entities.dtn.DTN object at 0x10573ddc0>
60.25136870595789,0.0,7572,<entities.processor.Processor object at 0x105728940>,<entities.dtn.DTN object at 0x10573ddc0>
61.25136870595789,0.0,7572,<entities.processor.Processor object at 0x105728940>,<entities.dtn.DTN object at 0x10573ddc0>
62.25136870595789,0.0,7572,<entities.processor.Processor object at 0x105728940>,<entities.dtn.DTN object at 0x10573ddc0>
63.25136870595789,0.0,7572,<entities.processor.Processor object at 0x105728940>,<entities.dtn.DTN object at 0x10573ddc0>
64.25136870595789,0.0,7572,<entities.processor.Processor object at 0x105728940>,<entities.dtn.DTN object at 0x10573ddc0>
65.25136870595789,0.0,7572,<entities.processor.Processor object at 0x105728940>,<entities.dtn.DTN object at 0x10573ddc0>
66.25136870595789,0.0,7572,<entities.processor.Processor object at 0x105728940>,<entities.dtn.DTN object at 0x10573ddc0>
67.25136870595789,0.0,7572,<entities.processor.Processor object at 0x105728940>,<entities.dtn.DTN object at 0x10573ddc0>
68.25136870595789,0.0,7572,<entities.processor.Processor object at 0x105728940>,<entities.dtn.DTN object at 0x10573ddc0>
69.25136870595789,0.0,7572,<entities.processor.Processor object at 0x105728940>,<entities.dtn.DTN object at 0x10573ddc0>
70.25136870595789,0.0,7572,<entities.processor.Processor object at 0x105728940>,<entities.dtn.DTN object at 0x10573ddc0>
71.25136870595789,0.0,7572,<entities.processor.Processor object at 0x105728940>,<entities.dtn.DTN object at 0x10573ddc0>
72.25136870595789,0.0,7572,<entities.processor.Processor object at 0x105728940>,<entities.dtn.DTN object at 0x10573ddc0>
73.25136870595789,0.0,7572,<entities.processor.Processor object at 0x105728940>,<entities.dtn.DTN object at 0x10573ddc0>
74.25136870595789,0.0,7572,<entities.processor.Processor object at 0x105728940>,<entities.dtn.DTN object at 0x10573ddc0>
75.25136870595789,0.0,7572,<entities.processor.Processor object at 0x105728940>,<entities.dtn.DTN object at 0x10573ddc0>
76.25136870595789,0.0,7572,<entities.processor.Processor object at 0x105728940>,<entities.dtn.DTN object at 0x10573ddc0>
77.25136870595789,0.0,7572,<entities.processor.Processor object at 0x105728940>,<entities.dtn.DTN object at 0x10573ddc0>
78.25136870595789,0.0,7572,<entities.processor.Processor object at 0x105728940>,<entities.dtn.DTN object at 0x10573ddc0>
79.25136870595789,0.0,7572,<entities.processor.Processor object at 0x105728940>,<entities.dtn.DTN object at 0x10573ddc0>
80.25136870595789,0.0,7572,<entities.processor.Processor object at 0x105728940>,<entities.dtn.DTN object at 0x10573ddc0>
81.25136870595789,0.0,7572,<entities.processor.Processor object at 0x105728940>,<entities.dtn.DTN object at 0x10573ddc0>
82.25136870595789,0.0,7572,<entities.processor.Processor object at 0x105728940>,<entities.dtn.DTN object at 0x10573ddc0>
83.25136870595789,0.0,7572,<entities.processor.Processor object at 0x105728940>,<entities.dtn.DTN object at 0x10573ddc0>
84.25136870595789,0.0,7572,<entities.processor.Processor object at 0x105728940>,<entities.dtn.DTN object at 0x10573ddc0>
85.25136870595789,0.0,7572,<entities.processor.Processor object at 0x105728940>,<entities.dtn.DTN object at 0x10573ddc0>
86.25136870595789,0.0,7572,<entities.processor.Processor object at 0x105728940>,<entities.dtn.DTN object at 0x10573ddc0>
87.25136870595789,0.0,7572,<entities.processor.Processor object at 0x105728940>,<entities.dtn.DTN object at 0x10573ddc0>
88.25136870595789,0.0,7572,<entities.processor.Processor object at 0x105728940>,<entities.dtn.DTN object at 0x10573ddc0>
89.25136870595789,0.0,7572,<entities.processor.Processor object at 0x105728940>,<entities.dtn.DTN object at 0x10573ddc0>
90.25136870595789,0.0,7572,<entities.processor.Processor object at 0x105728940>,<entities.dtn.DTN object at 0x10573ddc0>
91.25136870595789,0.0,7572,<entities.processor.Processor object at 0x105728940>,<entities.dtn.DTN object at 0x10573ddc0>
92.25136870595789,0.0,7572,<entities.processor.Processor object at 0x105728940>,<entities.dtn.DTN object at 0x10573ddc0>
93.25136870595789,0.0,7572,<entities.processor.Processor object at 0x105728940>,<entities.dtn.DTN object at 0x10573ddc0>
94.25136870595789,0.0,7572,<entities.processor.Processor object at 0x105728940>,<entities.dtn.DTN object at 0x10573ddc0>
95.25136870595789,0.0,7572,<entities.processor.Processor object at 0x105728940>,<entities.dtn.DTN object at 0x10573ddc0>
96.25136870595789,0.0,7572,<entities.processor.Processor object at 0x105728940>,<entities.dtn.DTN object at 0x10573ddc0>
97.25136870595789,0.0,7572,<entities.processor.Processor object at 0x105728940>,<entities.dtn.DTN object at 0x10573ddc0>
98.25136870595789,0.0,7572,<entities.processor.Processor object at 0x105728940>,<entities.dtn.DTN object at 0x10573ddc0>
99.25136870595789,0.0,7572,<entities.processor.Processor object at 0x105728940>,<entities.dtn.DTN object at 0x10573ddc0>
36.5,0.0,9907,<entities.processor.Processor object at 0x1057284c0>,<entities.dtn.DTN object at 0x10573ddc0>
37.5,0.0,9907,<entities.processor.Processor object at 0x1057284c0>,<entities.dtn.DTN object at 0x10573ddc0>
38.5,0.0,9907,<entities.processor.Processor object at 0x1057284c0>,<entities.dtn.DTN object at 0x10573ddc0>
39.5,0.0,9907,<entities.processor.Processor object at 0x1057284c0>,<entities.dtn.DTN object at 0x10573ddc0>
40.5,0.0,9907,<entities.processor.Processor object at 0x1057284c0>,<entities.dtn.DTN object at 0x10573ddc0>
41.5,0.0,9907,<entities.processor.Processor object at 0x1057284c0>,<entities.dtn.DTN object at 0x10573ddc0>
42.5,0.0,9907,<entities.processor.Processor object at 0x1057284c0>,<entities.dtn.DTN object at 0x10573ddc0>
43.5,0.0,9907,<entities.processor.Processor object at 0x1057284c0>,<entities.dtn.DTN object at 0x10573ddc0>
44.5,0.0,9907,<entities.processor.Processor object at 0x1057284c0>,<entities.dtn.DTN object at 0x10573ddc0>
45.5,0.0,9907,<entities.processor.Processor object at 0x1057284c0>,<entities.dtn.DTN object at 0x10573ddc0>
46.5,0.0,9907,<entities.processor.Processor object at 0x1057284c0>,<entities.dtn.DTN object at 0x10573ddc0>
47.5,0.0,9907,<entities.processor.Processor object at 0x1057284c0>,<entities.dtn.DTN object at 0x10573ddc0>
48.5,0.0,9907,<entities.processor.Processor object at 0x1057284c0>,<entities.dtn.DTN object at 0x10573ddc0>
49.5,0.0,9907,<entities.processor.Processor object at 0x1057284c0>,<entities.dtn.DTN object at 0x10573ddc0>
50.5,0.0,9907,<entities.processor.Processor object at 0x1057284c0>,<entities.dtn.DTN object at 0x10573ddc0>
51.5,0.0,9907,<entities.processor.Processor object at 0x1057284c0>,<entities.dtn.DTN object at 0x10573ddc0>
52.5,0.0,9907,<entities.processor.Processor object at 0x1057284c0>,<entities.dtn.DTN object at 0x10573ddc0>
53.5,0.0,9907,<entities.processor.Processor object at 0x1057284c0>,<entities.dtn.DTN object at 0x10573ddc0>
54.5,0.0,9907,<entities.processor.Processor object at 0x1057284c0>,<entities.dtn.DTN object at 0x10573ddc0>
55.5,0.0,9907,<entities.processor.Processor object at 0x1057284c0>,<entities.dtn.DTN object at 0x10573ddc0>
56.5,0.0,9907,<entities.processor.Processor object at 0x1057284c0>,<entities.dtn.DTN object at 0x10573ddc0>
57.5,0.0,9907,<entities.processor.Processor object at 0x1057284c0>,<entities.dtn.DTN object at 0x10573ddc0>
58.5,0.0,9907,<entities.processor.Processor object at 0x1057284c0>,<entities.dtn.DTN object at 0x10573ddc0>
59.5,0.0,9907,<entities.processor.Processor object at 0x1057284c0>,<entities.dtn.DTN object at 0x10573ddc0>
60.5,0.0,9907,<entities.processor.Processor object at 0x1057284c0>,<entities.dtn.DTN object at 0x10573ddc0>
61.5,0.0,9907,<entities.processor.Processor object at 0x1057284c0>,<entities.dtn.DTN object at 0x10573ddc0>
62.5,0.0,9907,<entities.processor.Processor object at 0x1057284c0>,<entities.dtn.DTN object at 0x10573ddc0>
63.5,0.0,9907,<entities.processor.Processor object at 0x1057284c0>,<entities.dtn.DTN object at 0x10573ddc0>
64.5,0.0,9907,<entities.processor.Processor object at 0x1057284c0>,<entities.dtn.DTN object at 0x10573ddc0>
65.5,0.0,9907,<entities.processor.Processor object at 0x1057284c0>,<entities.dtn.DTN object at 0x10573ddc0>
66.5,0.0,9907,<entities.processor.Processor object at 0x1057284c0>,<entities.dtn.DTN object at 0x10573ddc0>
67.5,0.0,9907,<entities.processor.Processor object at 0x1057284c0>,<entities.dtn.DTN object at 0x10573ddc0>
68.5,0.0,9907,<entities.processor.Processor object at 0x1057284c0>,<entities.dtn.DTN object at 0x10573ddc0>
69.5,0.0,9907,<entities.processor.Processor object at 0x1057284c0>,<entities.dtn.DTN object at 0x10573ddc0>
70.5,0.0,9907,<entities.processor.Processor object at 0x1057284c0>,<entities.dtn.DTN object at 0x10573ddc0>
71.5,0.0,9907,<entities.processor.Processor object at 0x1057284c0>,<entities.dtn.DTN object at 0x10573ddc0>
72.5,0.0,9907,<entities.processor.Processor object at 0x1057284c0>,<entities.dtn.DTN object at 0x10573ddc0>
73.5,0.0,9907,<entities.processor.Processor object at 0x1057284c0>,<entities.dtn.DTN object at 0x10573ddc0>
74.5,0.0,9907,<entities.processor.Processor object at 0x1057284c0>,<entities.dtn.DTN object at 0x10573ddc0>
75.5,0.0,9907,<entities.processor.Processor object at 0x1057284c0>,<entities.dtn.DTN object at 0x10573ddc0>
76.5,0.0,9907,<entities.processor.Processor object at 0x1057284c0>,<entities.dtn.DTN object at 0x10573ddc0>
77.5,0.0,9907,<entities.processor.Processor object at 0x1057284c0>,<entities.dtn.DTN object at 0x10573ddc0>
78.5,0.0,9907,<entities.processor.Processor object at 0x1057284c0>,<entities.dtn.DTN object at 0x10573ddc0>
79.5,0.0,9907,<entities.processor.Processor object at 0x1057284c0>,<entities.dtn.DTN object at 0x10573ddc0>
80.5,0.0,9907,<entities.processor.Processor object at 0x1057284c0>,<entities.dtn.DTN object at 0x10573ddc0>
81.5,0.0,9907,<entities.processor.Processor object at 0x1057284c0>,<entities.dtn.DTN object at 0x10573ddc0>
82.5,0.0,9907,<entities.processor.Processor object at 0x1057284c0>,<entities.dtn.DTN object at 0x10573ddc0>
83.5,0.0,9907,<entities.processor.Processor object at 0x1057284c0>,<entities.dtn.DTN object at 0x10573ddc0>
84.5,0.0,9907,<entities.processor.Processor object at 0x1057284c0>,<entities.dtn.DTN object at 0x10573ddc0>
85.5,0.0,9907,<entities.processor.Processor object at 0x1057284c0>,<entities.dtn.DTN object at 0x10573ddc0>
86.5,0.0,9907,<entities.processor.Processor object at 0x1057284c0>,<entities.dtn.DTN object at 0x10573ddc0>
87.5,0.0,9907,<entities.processor.Processor object at 0x1057284c0>,<entities.dtn.DTN object at 0x10573ddc0>
88.5,0.0,9907,<entities.processor.Processor object at 0x1057284c0>,<entities.dtn.DTN object at 0x10573ddc0>
89.5,0.0,9907,<entities.processor.Processor object at 0x1057284c0>,<entities.dtn.DTN object at 0x10573ddc0>
90.5,0.0,9907,<entities.processor.Processor object at 0x1057284c0>,<entities.dtn.DTN object at 0x10573ddc0>
91.5,0.0,9907,<entities.processor.Processor object at 0x1057284c0>,<entities.dtn.DTN object at 0x10573ddc0>
92.5,0.0,9907,<entities.processor.Processor object at 0x1057284c0>,<entities.dtn.DTN object at 0x10573ddc0>
93.5,0.0,9907,<entities.processor.Processor object at 0x1057284c0>,<entities.dtn.DTN object at 0x10573ddc0>
94.5,0.0,9907,<entities.processor.Processor object at 0x1057284c0>,<entities.dtn.DTN object at 0x10573ddc0>
95.5,0.0,9907,<entities.processor.Processor object at 0x1057284c0>,<entities.dtn.DTN object at 0x10573ddc0>
96.5,0.0,9907,<entities.processor.Processor object at 0x1057284c0>,<entities.dtn.DTN object at 0x10573ddc0>
97.5,0.0,9907,<entities.processor.Processor object at 0x1057284c0>,<entities.dtn.DTN object at 0x10573ddc0>
98.5,0.0,9907,<entities.processor.Processor object at 0x1057284c0>,<entities.dtn.DTN object at 0x10573ddc0>
99.5,0.0,9907,<entities.processor.Processor object at 0x1057284c0>,<entities.dtn.DTN object at 0x10573ddc0>
39.5,0.0,35814,<entities.processor.Processor object at 0x10573d1f0>,<entities.dtn.DTN object at 0x10573ddc0>
40.5,0.0,35814,<entities.processor.Processor object at 0x10573d1f0>,<entities.dtn.DTN object at 0x10573ddc0>
41.5,0.0,35814,<entities.processor.Processor object at 0x10573d1f0>,<entities.dtn.DTN object at 0x10573ddc0>
42.5,0.0,35814,<entities.processor.Processor object at 0x10573d1f0>,<entities.dtn.DTN object at 0x10573ddc0>
43.5,0.0,35814,<entities.processor.Processor object at 0x10573d1f0>,<entities.dtn.DTN object at 0x10573ddc0>
44.5,0.0,35814,<entities.processor.Processor object at 0x10573d1f0>,<entities.dtn.DTN object at 0x10573ddc0>
45.5,0.0,35814,<entities.processor.Processor object at 0x10573d1f0>,<entities.dtn.DTN object at 0x10573ddc0>
46.5,0.0,35814,<entities.processor.Processor object at 0x10573d1f0>,<entities.dtn.DTN object at 0x10573ddc0>
47.5,0.0,35814,<entities.processor.Processor object at 0x10573d1f0>,<entities.dtn.DTN object at 0x10573ddc0>
48.5,0.0,35814,<entities.processor.Processor object at 0x10573d1f0>,<entities.dtn.DTN object at 0x10573ddc0>
49.5,0.0,35814,<entities.processor.Processor object at 0x10573d1f0>,<entities.dtn.DTN object at 0x10573ddc0>
50.5,0.0,35814,<entities.processor.Processor object at 0x10573d1f0>,<entities.dtn.DTN object at 0x10573ddc0>
51.5,0.0,35814,<entities.processor.Processor object at 0x10573d1f0>,<entities.dtn.DTN object at 0x10573ddc0>
52.5,0.0,35814,<entities.processor.Processor object at 0x10573d1f0>,<entities.dtn.DTN object at 0x10573ddc0>
53.5,0.0,35814,<entities.processor.Processor object at 0x10573d1f0>,<entities.dtn.DTN object at 0x10573ddc0>
54.5,0.0,35814,<entities.processor.Processor object at 0x10573d1f0>,<entities.dtn.DTN object at 0x10573ddc0>
55.5,0.0,35814,<entities.processor.Processor object at 0x10573d1f0>,<entities.dtn.DTN object at 0x10573ddc0>
56.5,0.0,35814,<entities.processor.Processor object at 0x10573d1f0>,<entities.dtn.DTN object at 0x10573ddc0>
57.5,0.0,35814,<entities.processor.Processor object at 0x10573d1f0>,<entities.dtn.DTN object at 0x10573ddc0>
58.5,0.0,35814,<entities.processor.Processor object at 0x10573d1f0>,<entities.dtn.DTN object at 0x10573ddc0>
59.5,0.0,35814,<entities.processor.Processor object at 0x10573d1f0>,<entities.dtn.DTN object at 0x10573ddc0>
60.5,0.0,35814,<entities.processor.Processor object at 0x10573d1f0>,<entities.dtn.DTN object at 0x10573ddc0>
61.5,0.0,35814,<entities.processor.Processor object at 0x10573d1f0>,<entities.dtn.DTN object at 0x10573ddc0>
62.5,0.0,35814,<entities.processor.Processor object at 0x10573d1f0>,<entities.dtn.DTN object at 0x10573ddc0>
63.5,0.0,35814,<entities.processor.Processor object at 0x10573d1f0>,<entities.dtn.DTN object at 0x10573ddc0>
64.5,0.0,35814,<entities.processor.Processor object at 0x10573d1f0>,<entities.dtn.DTN object at 0x10573ddc0>
65.5,0.0,35814,<entities.processor.Processor object at 0x10573d1f0>,<entities.dtn.DTN object at 0x10573ddc0>
66.5,0.0,35814,<entities.processor.Processor object at 0x10573d1f0>,<entities.dtn.DTN object at 0x10573ddc0>
67.5,0.0,35814,<entities.processor.Processor object at 0x10573d1f0>,<entities.dtn.DTN object at 0x10573ddc0>
68.5,0.0,35814,<entities.processor.Processor object at 0x10573d1f0>,<entities.dtn.DTN object at 0x10573ddc0>
69.5,0.0,35814,<entities.processor.Processor object at 0x10573d1f0>,<entities.dtn.DTN object at 0x10573ddc0>
70.5,0.0,35814,<entities.processor.Processor object at 0x10573d1f0>,<entities.dtn.DTN object at 0x10573ddc0>
71.5,0.0,35814,<entities.processor.Processor object at 0x10573d1f0>,<entities.dtn.DTN object at 0x10573ddc0>
72.5,0.0,35814,<entities.processor.Processor object at 0x10573d1f0>,<entities.dtn.DTN object at 0x10573ddc0>
73.5,0.0,35814,<entities.processor.Processor object at 0x10573d1f0>,<entities.dtn.DTN object at 0x10573ddc0>
74.5,0.0,35814,<entities.processor.Processor object at 0x10573d1f0>,<entities.dtn.DTN object at 0x10573ddc0>
75.5,0.0,35814,<entities.processor.Processor object at 0x10573d1f0>,<entities.dtn.DTN object at 0x10573ddc0>
76.5,0.0,35814,<entities.processor.Processor object at 0x10573d1f0>,<entities.dtn.DTN object at 0x10573ddc0>
77.5,0.0,35814,<entities.processor.Processor object at 0x10573d1f0>,<entities.dtn.DTN object at 0x10573ddc0>
78.5,0.0,35814,<entities.processor.Processor object at 0x10573d1f0>,<entities.dtn.DTN object at 0x10573ddc0>
79.5,0.0,35814,<entities.processor.Processor object at 0x10573d1f0>,<entities.dtn.DTN object at 0x10573ddc0>
80.5,0.0,35814,<entities.processor.Processor object at 0x10573d1f0>,<entities.dtn.DTN object at 0x10573ddc0>
81.5,0.0,35814,<entities.processor.Processor object at 0x10573d1f0>,<entities.dtn.DTN object at 0x10573ddc0>
82.5,0.0,35814,<entities.processor.Processor object at 0x10573d1f0>,<entities.dtn.DTN object at 0x10573ddc0>
83.5,0.0,35814,<entities.processor.Processor object at 0x10573d1f0>,<entities.dtn.DTN object at 0x10573ddc0>
84.5,0.0,35814,<entities.processor.Processor object at 0x10573d1f0>,<entities.dtn.DTN object at 0x10573ddc0>
85.5,0.0,35814,<entities.processor.Processor object at 0x10573d1f0>,<entities.dtn.DTN object at 0x10573ddc0>
86.5,0.0,35814,<entities.processor.Processor object at 0x10573d1f0>,<entities.dtn.DTN object at 0x10573ddc0>
87.5,0.0,35814,<entities.processor.Processor object at 0x10573d1f0>,<entities.dtn.DTN object at 0x10573ddc0>
88.5,0.0,35814,<entities.processor.Processor object at 0x10573d1f0>,<entities.dtn.DTN object at 0x10573ddc0>
89.5,0.0,35814,<entities.processor.Processor object at 0x10573d1f0>,<entities.dtn.DTN object at 0x10573ddc0>
90.5,0.0,35814,<entities.processor.Processor object at 0x10573d1f0>,<entities.dtn.DTN object at 0x10573ddc0>
91.5,0.0,35814,<entities.processor.Processor object at 0x10573d1f0>,<entities.dtn.DTN object at 0x10573ddc0>
92.5,0.0,35814,<entities.processor.Processor object at 0x10573d1f0>,<entities.dtn.DTN object at 0x10573ddc0>
93.5,0.0,35814,<entities.processor.Processor object at 0x10573d1f0>,<entities.dtn.DTN object at 0x10573ddc0>
94.5,0.0,35814,<entities.processor.Processor object at 0x10573d1f0>,<entities.dtn.DTN object at 0x10573ddc0>
95.5,0.0,35814,<entities.processor.Processor object at 0x10573d1f0>,<entities.dtn.DTN object at 0x10573ddc0>
96.5,0.0,35814,<entities.processor.Processor object at 0x10573d1f0>,<entities.dtn.DTN object at 0x10573ddc0>
97.5,0.0,35814,<entities.processor.Processor object at 0x10573d1f0>,<entities.dtn.DTN object at 0x10573ddc0>
98.5,0.0,35814,<entities.processor.Processor object at 0x10573d1f0>,<entities.dtn.DTN object at 0x10573ddc0>
99.5,0.0,35814,<entities.processor.Processor object at 0x10573d1f0>,<entities.dtn.DTN object at 0x10573ddc0>
41.25136870595789,0.0,14104,<entities.processor.Processor object at 0x105728940>,<entities.dtn.DTN object at 0x10573ddc0>
42.25136870595789,0.0,14104,<entities.processor.Processor object at 0x105728940>,<entities.dtn.DTN object at 0x10573ddc0>
43.25136870595789,0.0,14104,<entities.processor.Processor object at 0x105728940>,<entities.dtn.DTN object at 0x10573ddc0>
44.25136870595789,0.0,14104,<entities.processor.Processor object at 0x105728940>,<entities.dtn.DTN object at 0x10573ddc0>
45.25136870595789,0.0,14104,<entities.processor.Processor object at 0x105728940>,<entities.dtn.DTN object at 0x10573ddc0>
46.25136870595789,0.0,14104,<entities.processor.Processor object at 0x105728940>,<entities.dtn.DTN object at 0x10573ddc0>
47.25136870595789,0.0,14104,<entities.processor.Processor object at 0x105728940>,<entities.dtn.DTN object at 0x10573ddc0>
48.25136870595789,0.0,14104,<entities.processor.Processor object at 0x105728940>,<entities.dtn.DTN object at 0x10573ddc0>
49.25136870595789,0.0,14104,<entities.processor.Processor object at 0x105728940>,<entities.dtn.DTN object at 0x10573ddc0>
50.25136870595789,0.0,14104,<entities.processor.Processor object at 0x105728940>,<entities.dtn.DTN object at 0x10573ddc0>
51.25136870595789,0.0,14104,<entities.processor.Processor object at 0x105728940>,<entities.dtn.DTN object at 0x10573ddc0>
52.25136870595789,0.0,14104,<entities.processor.Processor object at 0x105728940>,<entities.dtn.DTN object at 0x10573ddc0>
53.25136870595789,0.0,14104,<entities.processor.Processor object at 0x105728940>,<entities.dtn.DTN object at 0x10573ddc0>
54.25136870595789,0.0,14104,<entities.processor.Processor object at 0x105728940>,<entities.dtn.DTN object at 0x10573ddc0>
55.25136870595789,0.0,14104,<entities.processor.Processor object at 0x105728940>,<entities.dtn.DTN object at 0x10573ddc0>
56.25136870595789,0.0,14104,<entities.processor.Processor object at 0x105728940>,<entities.dtn.DTN object at 0x10573ddc0>
57.25136870595789,0.0,14104,<entities.processor.Processor object at 0x105728940>,<entities.dtn.DTN object at 0x10573ddc0>
58.25136870595789,0.0,14104,<entities.processor.Processor object at 0x105728940>,<entities.dtn.DTN object at 0x10573ddc0>
59.25136870595789,0.0,14104,<entities.processor.Processor object at 0x105728940>,<entities.dtn.DTN object at 0x10573ddc0>
60.25136870595789,0.0,14104,<entities.processor.Processor object at 0x105728940>,<entities.dtn.DTN object at 0x10573ddc0>
61.25136870595789,0.0,14104,<entities.processor.Processor object at 0x105728940>,<entities.dtn.DTN object at 0x10573ddc0>
62.25136870595789,0.0,14104,<entities.processor.Processor object at 0x105728940>,<entities.dtn.DTN object at 0x10573ddc0>
63.25136870595789,0.0,14104,<entities.processor.Processor object at 0x105728940>,<entities.dtn.DTN object at 0x10573ddc0>
64.25136870595789,0.0,14104,<entities.processor.Processor object at 0x105728940>,<entities.dtn.DTN object at 0x10573ddc0>
65.25136870595789,0.0,14104,<entities.processor.Processor object at 0x105728940>,<entities.dtn.DTN object at 0x10573ddc0>
66.25136870595789,0.0,14104,<entities.processor.Processor object at 0x105728940>,<entities.dtn.DTN object at 0x10573ddc0>
67.25136870595789,0.0,14104,<entities.processor.Processor object at 0x105728940>,<entities.dtn.DTN object at 0x10573ddc0>
68.25136870595789,0.0,14104,<entities.processor.Processor object at 0x105728940>,<entities.dtn.DTN object at 0x10573ddc0>
69.25136870595789,0.0,14104,<entities.processor.Processor object at 0x105728940>,<entities.dtn.DTN object at 0x10573ddc0>
70.25136870595789,0.0,14104,<entities.processor.Processor object at 0x105728940>,<entities.dtn.DTN object at 0x10573ddc0>
71.25136870595789,0.0,14104,<entities.processor.Processor object at 0x105728940>,<entities.dtn.DTN object at 0x10573ddc0>
72.25136870595789,0.0,14104,<entities.processor.Processor object at 0x105728940>,<entities.dtn.DTN object at 0x10573ddc0>
73.25136870595789,0.0,14104,<entities.processor.Processor object at 0x105728940>,<entities.dtn.DTN object at 0x10573ddc0>
74.25136870595789,0.0,14104,<entities.processor.Processor object at 0x105728940>,<entities.dtn.DTN object at 0x10573ddc0>
75.25136870595789,0.0,14104,<entities.processor.Processor object at 0x105728940>,<entities.dtn.DTN object at 0x10573ddc0>
76.25136870595789,0.0,14104,<entities.processor.Processor object at 0x105728940>,<entities.dtn.DTN object at 0x10573ddc0>
77.25136870595789,0.0,14104,<entities.processor.Processor object at 0x105728940>,<entities.dtn.DTN object at 0x10573ddc0>
78.25136870595789,0.0,14104,<entities.processor.Processor object at 0x105728940>,<entities.dtn.DTN object at 0x10573ddc0>
79.25136870595789,0.0,14104,<entities.processor.Processor object at 0x105728940>,<entities.dtn.DTN object at 0x10573ddc0>
80.25136870595789,0.0,14104,<entities.processor.Processor object at 0x105728940>,<entities.dtn.DTN object at 0x10573ddc0>
81.25136870595789,0.0,14104,<entities.processor.Processor object at 0x105728940>,<entities.dtn.DTN object at 0x10573ddc0>
82.25136870595789,0.0,14104,<entities.processor.Processor object at 0x105728940>,<entities.dtn.DTN object at 0x10573ddc0>
83.25136870595789,0.0,14104,<entities.processor.Processor object at 0x105728940>,<entities.dtn.DTN object at 0x10573ddc0>
84.25136870595789,0.0,14104,<entities.processor.Processor object at 0x105728940>,<entities.dtn.DTN object at 0x10573ddc0>
85.25136870595789,0.0,14104,<entities.processor.Processor object at 0x105728940>,<entities.dtn.DTN object at 0x10573ddc0>
86.25136870595789,0.0,14104,<entities.processor.Processor object at 0x105728940>,<entities.dtn.DTN object at 0x10573ddc0>
87.25136870595789,0.0,14104,<entities.processor.Processor object at 0x105728940>,<entities.dtn.DTN object at 0x10573ddc0>
88.25136870595789,0.0,14104,<entities.processor.Processor object at 0x105728940>,<entities.dtn.DTN object at 0x10573ddc0>
89.25136870595789,0.0,14104,<entities.processor.Processor object at 0x105728940>,<entities.dtn.DTN object at 0x10573ddc0>
90.25136870595789,0.0,14104,<entities.processor.Processor object at 0x105728940>,<entities.dtn.DTN object at 0x10573ddc0>
91.25136870595789,0.0,14104,<entities.processor.Processor object at 0x105728940>,<entities.dtn.DTN object at 0x10573ddc0>
92.25136870595789,0.0,14104,<entities.processor.Processor object at 0x105728940>,<entities.dtn.DTN object at 0x10573ddc0>
93.25136870595789,0.0,14104,<entities.processor.Processor object at 0x105728940>,<entities.dtn.DTN object at 0x10573ddc0>
94.25136870595789,0.0,14104,<entities.processor.Processor object at 0x105728940>,<entities.dtn.DTN object at 0x10573ddc0>
95.25136870595789,0.0,14104,<entities.processor.Processor object at 0x105728940>,<entities.dtn.DTN object at 0x10573ddc0>
96.25136870595789,0.0,14104,<entities.processor.Processor object at 0x105728940>,<entities.dtn.DTN object at 0x10573ddc0>
97.25136870595789,0.0,14104,<entities.processor.Processor object at 0x105728940>,<entities.dtn.DTN object at 0x10573ddc0>
98.25136870595789,0.0,14104,<entities.processor.Processor object at 0x105728940>,<entities.dtn.DTN object at 0x10573ddc0>
99.25136870595789,0.0,14104,<entities.processor.Processor object at 0x105728940>,<entities.dtn.DTN object at 0x10573ddc0>
42.5,0.0,18361,<entities.processor.Processor object at 0x1057284c0>,<entities.dtn.DTN object at 0x10573ddc0>
43.5,0.0,18361,<entities.processor.Processor object at 0x1057284c0>,<entities.dtn.DTN object at 0x10573ddc0>
44.5,0.0,18361,<entities.processor.Processor object at 0x1057284c0>,<entities.dtn.DTN object at 0x10573ddc0>
45.5,0.0,18361,<entities.processor.Processor object at 0x1057284c0>,<entities.dtn.DTN object at 0x10573ddc0>
46.5,0.0,18361,<entities.processor.Processor object at 0x1057284c0>,<entities.dtn.DTN object at 0x10573ddc0>
47.5,0.0,18361,<entities.processor.Processor object at 0x1057284c0>,<entities.dtn.DTN object at 0x10573ddc0>
48.5,0.0,18361,<entities.processor.Processor object at 0x1057284c0>,<entities.dtn.DTN object at 0x10573ddc0>
49.5,0.0,18361,<entities.processor.Processor object at 0x1057284c0>,<entities.dtn.DTN object at 0x10573ddc0>
50.5,0.0,18361,<entities.processor.Processor object at 0x1057284c0>,<entities.dtn.DTN object at 0x10573ddc0>
51.5,0.0,18361,<entities.processor.Processor object at 0x1057284c0>,<entities.dtn.DTN object at 0x10573ddc0>
52.5,0.0,18361,<entities.processor.Processor object at 0x1057284c0>,<entities.dtn.DTN object at 0x10573ddc0>
53.5,0.0,18361,<entities.processor.Processor object at 0x1057284c0>,<entities.dtn.DTN object at 0x10573ddc0>
54.5,0.0,18361,<entities.processor.Processor object at 0x1057284c0>,<entities.dtn.DTN object at 0x10573ddc0>
55.5,0.0,18361,<entities.processor.Processor object at 0x1057284c0>,<entities.dtn.DTN object at 0x10573ddc0>
56.5,0.0,18361,<entities.processor.Processor object at 0x1057284c0>,<entities.dtn.DTN object at 0x10573ddc0>
57.5,0.0,18361,<entities.processor.Processor object at 0x1057284c0>,<entities.dtn.DTN object at 0x10573ddc0>
58.5,0.0,18361,<entities.processor.Processor object at 0x1057284c0>,<entities.dtn.DTN object at 0x10573ddc0>
59.5,0.0,18361,<entities.processor.Processor object at 0x1057284c0>,<entities.dtn.DTN object at 0x10573ddc0>
60.5,0.0,18361,<entities.processor.Processor object at 0x1057284c0>,<entities.dtn.DTN object at 0x10573ddc0>
61.5,0.0,18361,<entities.processor.Processor object at 0x1057284c0>,<entities.dtn.DTN object at 0x10573ddc0>
62.5,0.0,18361,<entities.processor.Processor object at 0x1057284c0>,<entities.dtn.DTN object at 0x10573ddc0>
63.5,0.0,18361,<entities.processor.Processor object at 0x1057284c0>,<entities.dtn.DTN object at 0x10573ddc0>
64.5,0.0,18361,<entities.processor.Processor object at 0x1057284c0>,<entities.dtn.DTN object at 0x10573ddc0>
65.5,0.0,18361,<entities.processor.Processor object at 0x1057284c0>,<entities.dtn.DTN object at 0x10573ddc0>
66.5,0.0,18361,<entities.processor.Processor object at 0x1057284c0>,<entities.dtn.DTN object at 0x10573ddc0>
67.5,0.0,18361,<entities.processor.Processor object at 0x1057284c0>,<entities.dtn.DTN object at 0x10573ddc0>
68.5,0.0,18361,<entities.processor.Processor object at 0x1057284c0>,<entities.dtn.DTN object at 0x10573ddc0>
69.5,0.0,18361,<entities.processor.Processor object at 0x1057284c0>,<entities.dtn.DTN object at 0x10573ddc0>
70.5,0.0,18361,<entities.processor.Processor object at 0x1057284c0>,<entities.dtn.DTN object at 0x10573ddc0>
71.5,0.0,18361,<entities.processor.Processor object at 0x1057284c0>,<entities.dtn.DTN object at 0x10573ddc0>
72.5,0.0,18361,<entities.processor.Processor object at 0x1057284c0>,<entities.dtn.DTN object at 0x10573ddc0>
73.5,0.0,18361,<entities.processor.Processor object at 0x1057284c0>,<entities.dtn.DTN object at 0x10573ddc0>
74.5,0.0,18361,<entities.processor.Processor object at 0x1057284c0>,<entities.dtn.DTN object at 0x10573ddc0>
75.5,0.0,18361,<entities.processor.Processor object at 0x1057284c0>,<entities.dtn.DTN object at 0x10573ddc0>
76.5,0.0,18361,<entities.processor.Processor object at 0x1057284c0>,<entities.dtn.DTN object at 0x10573ddc0>
77.5,0.0,18361,<entities.processor.Processor object at 0x1057284c0>,<entities.dtn.DTN object at 0x10573ddc0>
78.5,0.0,18361,<entities.processor.Processor object at 0x1057284c0>,<entities.dtn.DTN object at 0x10573ddc0>
79.5,0.0,18361,<entities.processor.Processor object at 0x1057284c0>,<entities.dtn.DTN object at 0x10573ddc0>
80.5,0.0,18361,<entities.processor.Processor object at 0x1057284c0>,<entities.dtn.DTN object at 0x10573ddc0>
81.5,0.0,18361,<entities.processor.Processor object at 0x1057284c0>,<entities.dtn.DTN object at 0x10573ddc0>
82.5,0.0,18361,<entities.processor.Processor object at 0x1057284c0>,<entities.dtn.DTN object at 0x10573ddc0>
83.5,0.0,18361,<entities.processor.Processor object at 0x1057284c0>,<entities.dtn.DTN object at 0x10573ddc0>
84.5,0.0,18361,<entities.processor.Processor object at 0x1057284c0>,<entities.dtn.DTN object at 0x10573ddc0>
85.5,0.0,18361,<entities.processor.Processor object at 0x1057284c0>,<entities.dtn.DTN object at 0x10573ddc0>
86.5,0.0,18361,<entities.processor.Processor object at 0x1057284c0>,<entities.dtn.DTN object at 0x10573ddc0>
87.5,0.0,18361,<entities.processor.Processor object at 0x1057284c0>,<entities.dtn.DTN object at 0x10573ddc0>
88.5,0.0,18361,<entities.processor.Processor object at 0x1057284c0>,<entities.dtn.DTN object at 0x10573ddc0>
89.5,0.0,18361,<entities.processor.Processor object at 0x1057284c0>,<entities.dtn.DTN object at 0x10573ddc0>
90.5,0.0,18361,<entities.processor.Processor object at 0x1057284c0>,<entities.dtn.DTN object at 0x10573ddc0>
91.5,0.0,18361,<entities.processor.Processor object at 0x1057284c0>,<entities.dtn.DTN object at 0x10573ddc0>
92.5,0.0,18361,<entities.processor.Processor object at 0x1057284c0>,<entities.dtn.DTN object at 0x10573ddc0>
93.5,0.0,18361,<entities.processor.Processor object at 0x1057284c0>,<entities.dtn.DTN object at 0x10573ddc0>
94.5,0.0,18361,<entities.processor.Processor object at 0x1057284c0>,<entities.dtn.DTN object at 0x10573ddc0>
95.5,0.0,18361,<entities.processor.Processor object at 0x1057284c0>,<entities.dtn.DTN object at 0x10573ddc0>
96.5,0.0,18361,<entities.processor.Processor object at 0x1057284c0>,<entities.dtn.DTN object at 0x10573ddc0>
97.5,0.0,18361,<entities.processor.Processor object at 0x1057284c0>,<entities.dtn.DTN object at 0x10573ddc0>
98.5,0.0,18361,<entities.processor.Processor object at 0x1057284c0>,<entities.dtn.DTN object at 0x10573ddc0>
99.5,0.0,18361,<entities.processor.Processor object at 0x1057284c0>,<entities.dtn.DTN object at 0x10573ddc0>
44.0,0.0,81173,<entities.processor.Processor object at 0x10573d1f0>,<entities.dtn.DTN object at 0x10573ddc0>
45.0,0.0,81173,<entities.processor.Processor object at 0x10573d1f0>,<entities.dtn.DTN object at 0x10573ddc0>
46.0,0.0,81173,<entities.processor.Processor object at 0x10573d1f0>,<entities.dtn.DTN object at 0x10573ddc0>
47.0,0.0,81173,<entities.processor.Processor object at 0x10573d1f0>,<entities.dtn.DTN object at 0x10573ddc0>
48.0,0.0,81173,<entities.processor.Processor object at 0x10573d1f0>,<entities.dtn.DTN object at 0x10573ddc0>
49.0,0.0,81173,<entities.processor.Processor object at 0x10573d1f0>,<entities.dtn.DTN object at 0x10573ddc0>
50.0,0.0,81173,<entities.processor.Processor object at 0x10573d1f0>,<entities.dtn.DTN object at 0x10573ddc0>
51.0,0.0,81173,<entities.processor.Processor object at 0x10573d1f0>,<entities.dtn.DTN object at 0x10573ddc0>
52.0,0.0,81173,<entities.processor.Processor object at 0x10573d1f0>,<entities.dtn.DTN object at 0x10573ddc0>
53.0,0.0,81173,<entities.processor.Processor object at 0x10573d1f0>,<entities.dtn.DTN object at 0x10573ddc0>
54.0,0.0,81173,<entities.processor.Processor object at 0x10573d1f0>,<entities.dtn.DTN object at 0x10573ddc0>
55.0,0.0,81173,<entities.processor.Processor object at 0x10573d1f0>,<entities.dtn.DTN object at 0x10573ddc0>
56.0,0.0,81173,<entities.processor.Processor object at 0x10573d1f0>,<entities.dtn.DTN object at 0x10573ddc0>
57.0,0.0,81173,<entities.processor.Processor object at 0x10573d1f0>,<entities.dtn.DTN object at 0x10573ddc0>
58.0,0.0,81173,<entities.processor.Processor object at 0x10573d1f0>,<entities.dtn.DTN object at 0x10573ddc0>
59.0,0.0,81173,<entities.processor.Processor object at 0x10573d1f0>,<entities.dtn.DTN object at 0x10573ddc0>
60.0,0.0,81173,<entities.processor.Processor object at 0x10573d1f0>,<entities.dtn.DTN object at 0x10573ddc0>
61.0,0.0,81173,<entities.processor.Processor object at 0x10573d1f0>,<entities.dtn.DTN object at 0x10573ddc0>
62.0,0.0,81173,<entities.processor.Processor object at 0x10573d1f0>,<entities.dtn.DTN object at 0x10573ddc0>
63.0,0.0,81173,<entities.processor.Processor object at 0x10573d1f0>,<entities.dtn.DTN object at 0x10573ddc0>
64.0,0.0,81173,<entities.processor.Processor object at 0x10573d1f0>,<entities.dtn.DTN object at 0x10573ddc0>
65.0,0.0,81173,<entities.processor.Processor object at 0x10573d1f0>,<entities.dtn.DTN object at 0x10573ddc0>
66.0,0.0,81173,<entities.processor.Processor object at 0x10573d1f0>,<entities.dtn.DTN object at 0x10573ddc0>
67.0,0.0,81173,<entities.processor.Processor object at 0x10573d1f0>,<entities.dtn.DTN object at 0x10573ddc0>
68.0,0.0,81173,<entities.processor.Processor object at 0x10573d1f0>,<entities.dtn.DTN object at 0x10573ddc0>
69.0,0.0,81173,<entities.processor.Processor object at 0x10573d1f0>,<entities.dtn.DTN object at 0x10573ddc0>
70.0,0.0,81173,<entities.processor.Processor object at 0x10573d1f0>,<entities.dtn.DTN object at 0x10573ddc0>
71.0,0.0,81173,<entities.processor.Processor object at 0x10573d1f0>,<entities.dtn.DTN object at 0x10573ddc0>
72.0,0.0,81173,<entities.processor.Processor object at 0x10573d1f0>,<entities.dtn.DTN object at 0x10573ddc0>
73.0,0.0,81173,<entities.processor.Processor object at 0x10573d1f0>,<entities.dtn.DTN object at 0x10573ddc0>
74.0,0.0,81173,<entities.processor.Processor object at 0x10573d1f0>,<entities.dtn.DTN object at 0x10573ddc0>
75.0,0.0,81173,<entities.processor.Processor object at 0x10573d1f0>,<entities.dtn.DTN object at 0x10573ddc0>
76.0,0.0,81173,<entities.processor.Processor object at 0x10573d1f0>,<entities.dtn.DTN object at 0x10573ddc0>
77.0,0.0,81173,<entities.processor.Processor object at 0x10573d1f0>,<entities.dtn.DTN object at 0x10573ddc0>
78.0,0.0,81173,<entities.processor.Processor object at 0x10573d1f0>,<entities.dtn.DTN object at 0x10573ddc0>
79.0,0.0,81173,<entities.processor.Processor object at 0x10573d1f0>,<entities.dtn.DTN object at 0x10573ddc0>
80.0,0.0,81173,<entities.processor.Processor object at 0x10573d1f0>,<entities.dtn.DTN object at 0x10573ddc0>
81.0,0.0,81173,<entities.processor.Processor object at 0x10573d1f0>,<entities.dtn.DTN object at 0x10573ddc0>
82.0,0.0,81173,<entities.processor.Processor object at 0x10573d1f0>,<entities.dtn.DTN object at 0x10573ddc0>
83.0,0.0,81173,<entities.processor.Processor object at 0x10573d1f0>,<entities.dtn.DTN object at 0x10573ddc0>
84.0,0.0,81173,<entities.processor.Processor object at 0x10573d1f0>,<entities.dtn.DTN object at 0x10573ddc0>
85.0,0.0,81173,<entities.processor.Processor object at 0x10573d1f0>,<entities.dtn.DTN object at 0x10573ddc0>
86.0,0.0,81173,<entities.processor.Processor object at 0x10573d1f0>,<entities.dtn.DTN object at 0x10573ddc0>
87.0,0.0,81173,<entities.processor.Processor object at 0x10573d1f0>,<entities.dtn.DTN object at 0x10573ddc0>
88.0,0.0,81173,<entities.processor.Processor object at 0x10573d1f0>,<entities.dtn.DTN object at 0x10573ddc0>
89.0,0.0,81173,<entities.processor.Processor object at 0x10573d1f0>,<entities.dtn.DTN object at 0x10573ddc0>
90.0,0.0,81173,<entities.processor.Processor object at 0x10573d1f0>,<entities.dtn.DTN object at 0x10573ddc0>
91.0,0.0,81173,<entities.processor.Processor object at 0x10573d1f0>,<entities.dtn.DTN object at 0x10573ddc0>
92.0,0.0,81173,<entities.processor.Processor object at 0x10573d1f0>,<entities.dtn.DTN object at 0x10573ddc0>
93.0,0.0,81173,<entities.processor.Processor object at 0x10573d1f0>,<entities.dtn.DTN object at 0x10573ddc0>
94.0,0.0,81173,<entities.processor.Processor object at 0x10573d1f0>,<entities.dtn.DTN object at 0x10573ddc0>
95.0,0.0,81173,<entities.processor.Processor object at 0x10573d1f0>,<entities.dtn.DTN object at 0x10573ddc0>
96.0,0.0,81173,<entities.processor.Processor object at 0x10573d1f0>,<entities.dtn.DTN object at 0x10573ddc0>
97.0,0.0,81173,<entities.processor.Processor object at 0x10573d1f0>,<entities.dtn.DTN object at 0x10573ddc0>
98.0,0.0,81173,<entities.processor.Processor object at 0x10573d1f0>,<entities.dtn.DTN object at 0x10573ddc0>
99.0,0.0,81173,<entities.processor.Processor object at 0x10573d1f0>,<entities.dtn.DTN object at 0x10573ddc0>
46.0,0.0,98310,<entities.processor.Processor object at 0x105728940>,<entities.dtn.DTN object at 0x10573ddc0>
47.0,0.0,98310,<entities.processor.Processor object at 0x105728940>,<entities.dtn.DTN object at 0x10573ddc0>
48.0,0.0,98310,<entities.processor.Processor object at 0x105728940>,<entities.dtn.DTN object at 0x10573ddc0>
49.0,0.0,98310,<entities.processor.Processor object at 0x105728940>,<entities.dtn.DTN object at 0x10573ddc0>
50.0,0.0,98310,<entities.processor.Processor object at 0x105728940>,<entities.dtn.DTN object at 0x10573ddc0>
51.0,0.0,98310,<entities.processor.Processor object at 0x105728940>,<entities.dtn.DTN object at 0x10573ddc0>
52.0,0.0,98310,<entities.processor.Processor object at 0x105728940>,<entities.dtn.DTN object at 0x10573ddc0>
53.0,0.0,98310,<entities.processor.Processor object at 0x105728940>,<entities.dtn.DTN object at 0x10573ddc0>
54.0,0.0,98310,<entities.processor.Processor object at 0x105728940>,<entities.dtn.DTN object at 0x10573ddc0>
55.0,0.0,98310,<entities.processor.Processor object at 0x105728940>,<entities.dtn.DTN object at 0x10573ddc0>
56.0,0.0,98310,<entities.processor.Processor object at 0x105728940>,<entities.dtn.DTN object at 0x10573ddc0>
57.0,0.0,98310,<entities.processor.Processor object at 0x105728940>,<entities.dtn.DTN object at 0x10573ddc0>
58.0,0.0,98310,<entities.processor.Processor object at 0x105728940>,<entities.dtn.DTN object at 0x10573ddc0>
59.0,0.0,98310,<entities.processor.Processor object at 0x105728940>,<entities.dtn.DTN object at 0x10573ddc0>
60.0,0.0,98310,<entities.processor.Processor object at 0x105728940>,<entities.dtn.DTN object at 0x10573ddc0>
61.0,0.0,98310,<entities.processor.Processor object at 0x105728940>,<entities.dtn.DTN object at 0x10573ddc0>
62.0,0.0,98310,<entities.processor.Processor object at 0x105728940>,<entities.dtn.DTN object at 0x10573ddc0>
63.0,0.0,98310,<entities.processor.Processor object at 0x105728940>,<entities.dtn.DTN object at 0x10573ddc0>
64.0,0.0,98310,<entities.processor.Processor object at 0x105728940>,<entities.dtn.DTN object at 0x10573ddc0>
65.0,0.0,98310,<entities.processor.Processor object at 0x105728940>,<entities.dtn.DTN object at 0x10573ddc0>
66.0,0.0,98310,<entities.processor.Processor object at 0x105728940>,<entities.dtn.DTN object at 0x10573ddc0>
67.0,0.0,98310,<entities.processor.Processor object at 0x105728940>,<entities.dtn.DTN object at 0x10573ddc0>
68.0,0.0,98310,<entities.processor.Processor object at 0x105728940>,<entities.dtn.DTN object at 0x10573ddc0>
69.0,0.0,98310,<entities.processor.Processor object at 0x105728940>,<entities.dtn.DTN object at 0x10573ddc0>
70.0,0.0,98310,<entities.processor.Processor object at 0x105728940>,<entities.dtn.DTN object at 0x10573ddc0>
71.0,0.0,98310,<entities.processor.Processor object at 0x105728940>,<entities.dtn.DTN object at 0x10573ddc0>
72.0,0.0,98310,<entities.processor.Processor object at 0x105728940>,<entities.dtn.DTN object at 0x10573ddc0>
73.0,0.0,98310,<entities.processor.Processor object at 0x105728940>,<entities.dtn.DTN object at 0x10573ddc0>
74.0,0.0,98310,<entities.processor.Processor object at 0x105728940>,<entities.dtn.DTN object at 0x10573ddc0>
75.0,0.0,98310,<entities.processor.Processor object at 0x105728940>,<entities.dtn.DTN object at 0x10573ddc0>
76.0,0.0,98310,<entities.processor.Processor object at 0x105728940>,<entities.dtn.DTN object at 0x10573ddc0>
77.0,0.0,98310,<entities.processor.Processor object at 0x105728940>,<entities.dtn.DTN object at 0x10573ddc0>
78.0,0.0,98310,<entities.processor.Processor object at 0x105728940>,<entities.dtn.DTN object at 0x10573ddc0>
79.0,0.0,98310,<entities.processor.Processor object at 0x105728940>,<entities.dtn.DTN object at 0x10573ddc0>
80.0,0.0,98310,<entities.processor.Processor object at 0x105728940>,<entities.dtn.DTN object at 0x10573ddc0>
81.0,0.0,98310,<entities.processor.Processor object at 0x105728940>,<entities.dtn.DTN object at 0x10573ddc0>
82.0,0.0,98310,<entities.processor.Processor object at 0x105728940>,<entities.dtn.DTN object at 0x10573ddc0>
83.0,0.0,98310,<entities.processor.Processor object at 0x105728940>,<entities.dtn.DTN object at 0x10573ddc0>
84.0,0.0,98310,<entities.processor.Processor object at 0x105728940>,<entities.dtn.DTN object at 0x10573ddc0>
85.0,0.0,98310,<entities.processor.Processor object at 0x105728940>,<entities.dtn.DTN object at 0x10573ddc0>
86.0,0.0,98310,<entities.processor.Processor object at 0x105728940>,<entities.dtn.DTN object at 0x10573ddc0>
87.0,0.0,98310,<entities.processor.Processor object at 0x105728940>,<entities.dtn.DTN object at 0x10573ddc0>
88.0,0.0,98310,<entities.processor.Processor object at 0x105728940>,<entities.dtn.DTN object at 0x10573ddc0>
89.0,0.0,98310,<entities.processor.Processor object at 0x105728940>,<entities.dtn.DTN object at 0x10573ddc0>
90.0,0.0,98310,<entities.processor.Processor object at 0x105728940>,<entities.dtn.DTN object at 0x10573ddc0>
91.0,0.0,98310,<entities.processor.Processor object at 0x105728940>,<entities.dtn.DTN object at 0x10573ddc0>
92.0,0.0,98310,<entities.processor.Processor object at 0x105728940>,<entities.dtn.DTN object at 0x10573ddc0>
93.0,0.0,98310,<entities.processor.Processor object at 0x105728940>,<entities.dtn.DTN object at 0x10573ddc0>
94.0,0.0,98310,<entities.processor.Processor object at 0x105728940>,<entities.dtn.DTN object at 0x10573ddc0>
95.0,0.0,98310,<entities.processor.Processor object at 0x105728940>,<entities.dtn.DTN object at 0x10573ddc0>
96.0,0.0,98310,<entities.processor.Processor object at 0x105728940>,<entities.dtn.DTN object at 0x10573ddc0>
97.0,0.0,98310,<entities.processor.Processor object at 0x105728940>,<entities.dtn.DTN object at 0x10573ddc0>
98.0,0.0,98310,<entities.processor.Processor object at 0x105728940>,<entities.dtn.DTN object at 0x10573ddc0>
99.0,0.0,98310,<entities.processor.Processor object at 0x105728940>,<entities.dtn.DTN object at 0x10573ddc0>
47.0,0.0,84130,<entities.processor.Processor object at 0x10573d1f0>,<entities.dtn.DTN object at 0x10573ddc0>
48.0,0.0,84130,<entities.processor.Processor object at 0x10573d1f0>,<entities.dtn.DTN object at 0x10573ddc0>
49.0,0.0,84130,<entities.processor.Processor object at 0x10573d1f0>,<entities.dtn.DTN object at 0x10573ddc0>
50.0,0.0,84130,<entities.processor.Processor object at 0x10573d1f0>,<entities.dtn.DTN object at 0x10573ddc0>
51.0,0.0,84130,<entities.processor.Processor object at 0x10573d1f0>,<entities.dtn.DTN object at 0x10573ddc0>
52.0,0.0,84130,<entities.processor.Processor object at 0x10573d1f0>,<entities.dtn.DTN object at 0x10573ddc0>
53.0,0.0,84130,<entities.processor.Processor object at 0x10573d1f0>,<entities.dtn.DTN object at 0x10573ddc0>
54.0,0.0,84130,<entities.processor.Processor object at 0x10573d1f0>,<entities.dtn.DTN object at 0x10573ddc0>
55.0,0.0,84130,<entities.processor.Processor object at 0x10573d1f0>,<entities.dtn.DTN object at 0x10573ddc0>
56.0,0.0,84130,<entities.processor.Processor object at 0x10573d1f0>,<entities.dtn.DTN object at 0x10573ddc0>
57.0,0.0,84130,<entities.processor.Processor object at 0x10573d1f0>,<entities.dtn.DTN object at 0x10573ddc0>
58.0,0.0,84130,<entities.processor.Processor object at 0x10573d1f0>,<entities.dtn.DTN object at 0x10573ddc0>
59.0,0.0,84130,<entities.processor.Processor object at 0x10573d1f0>,<entities.dtn.DTN object at 0x10573ddc0>
60.0,0.0,84130,<entities.processor.Processor object at 0x10573d1f0>,<entities.dtn.DTN object at 0x10573ddc0>
61.0,0.0,84130,<entities.processor.Processor object at 0x10573d1f0>,<entities.dtn.DTN object at 0x10573ddc0>
62.0,0.0,84130,<entities.processor.Processor object at 0x10573d1f0>,<entities.dtn.DTN object at 0x10573ddc0>
63.0,0.0,84130,<entities.processor.Processor object at 0x10573d1f0>,<entities.dtn.DTN object at 0x10573ddc0>
64.0,0.0,84130,<entities.processor.Processor object at 0x10573d1f0>,<entities.dtn.DTN object at 0x10573ddc0>
65.0,0.0,84130,<entities.processor.Processor object at 0x10573d1f0>,<entities.dtn.DTN object at 0x10573ddc0>
66.0,0.0,84130,<entities.processor.Processor object at 0x10573d1f0>,<entities.dtn.DTN object at 0x10573ddc0>
67.0,0.0,84130,<entities.processor.Processor object at 0x10573d1f0>,<entities.dtn.DTN object at 0x10573ddc0>
68.0,0.0,84130,<entities.processor.Processor object at 0x10573d1f0>,<entities.dtn.DTN object at 0x10573ddc0>
69.0,0.0,84130,<entities.processor.Processor object at 0x10573d1f0>,<entities.dtn.DTN object at 0x10573ddc0>
70.0,0.0,84130,<entities.processor.Processor object at 0x10573d1f0>,<entities.dtn.DTN object at 0x10573ddc0>
71.0,0.0,84130,<entities.processor.Processor object at 0x10573d1f0>,<entities.dtn.DTN object at 0x10573ddc0>
72.0,0.0,84130,<entities.processor.Processor object at 0x10573d1f0>,<entities.dtn.DTN object at 0x10573ddc0>
73.0,0.0,84130,<entities.processor.Processor object at 0x10573d1f0>,<entities.dtn.DTN object at 0x10573ddc0>
74.0,0.0,84130,<entities.processor.Processor object at 0x10573d1f0>,<entities.dtn.DTN object at 0x10573ddc0>
75.0,0.0,84130,<entities.processor.Processor object at 0x10573d1f0>,<entities.dtn.DTN object at 0x10573ddc0>
76.0,0.0,84130,<entities.processor.Processor object at 0x10573d1f0>,<entities.dtn.DTN object at 0x10573ddc0>
77.0,0.0,84130,<entities.processor.Processor object at 0x10573d1f0>,<entities.dtn.DTN object at 0x10573ddc0>
78.0,0.0,84130,<entities.processor.Processor object at 0x10573d1f0>,<entities.dtn.DTN object at 0x10573ddc0>
79.0,0.0,84130,<entities.processor.Processor object at 0x10573d1f0>,<entities.dtn.DTN object at 0x10573ddc0>
80.0,0.0,84130,<entities.processor.Processor object at 0x10573d1f0>,<entities.dtn.DTN object at 0x10573ddc0>
81.0,0.0,84130,<entities.processor.Processor object at 0x10573d1f0>,<entities.dtn.DTN object at 0x10573ddc0>
82.0,0.0,84130,<entities.processor.Processor object at 0x10573d1f0>,<entities.dtn.DTN object at 0x10573ddc0>
83.0,0.0,84130,<entities.processor.Processor object at 0x10573d1f0>,<entities.dtn.DTN object at 0x10573ddc0>
84.0,0.0,84130,<entities.processor.Processor object at 0x10573d1f0>,<entities.dtn.DTN object at 0x10573ddc0>
85.0,0.0,84130,<entities.processor.Processor object at 0x10573d1f0>,<entities.dtn.DTN object at 0x10573ddc0>
86.0,0.0,84130,<entities.processor.Processor object at 0x10573d1f0>,<entities.dtn.DTN object at 0x10573ddc0>
87.0,0.0,84130,<entities.processor.Processor object at 0x10573d1f0>,<entities.dtn.DTN object at 0x10573ddc0>
88.0,0.0,84130,<entities.processor.Processor object at 0x10573d1f0>,<entities.dtn.DTN object at 0x10573ddc0>
89.0,0.0,84130,<entities.processor.Processor object at 0x10573d1f0>,<entities.dtn.DTN object at 0x10573ddc0>
90.0,0.0,84130,<entities.processor.Processor object at 0x10573d1f0>,<entities.dtn.DTN object at 0x10573ddc0>
91.0,0.0,84130,<entities.processor.Processor object at 0x10573d1f0>,<entities.dtn.DTN object at 0x10573ddc0>
92.0,0.0,84130,<entities.processor.Processor object at 0x10573d1f0>,<entities.dtn.DTN object at 0x10573ddc0>
93.0,0.0,84130,<entities.processor.Processor object at 0x10573d1f0>,<entities.dtn.DTN object at 0x10573ddc0>
94.0,0.0,84130,<entities.processor.Processor object at 0x10573d1f0>,<entities.dtn.DTN object at 0x10573ddc0>
95.0,0.0,84130,<entities.processor.Processor object at 0x10573d1f0>,<entities.dtn.DTN object at 0x10573ddc0>
96.0,0.0,84130,<entities.processor.Processor object at 0x10573d1f0>,<entities.dtn.DTN object at 0x10573ddc0>
97.0,0.0,84130,<entities.processor.Processor object at 0x10573d1f0>,<entities.dtn.DTN object at 0x10573ddc0>
98.0,0.0,84130,<entities.processor.Processor object at 0x10573d1f0>,<entities.dtn.DTN object at 0x10573ddc0>
99.0,0.0,84130,<entities.processor.Processor object at 0x10573d1f0>,<entities.dtn.DTN object at 0x10573ddc0>
48.5,0.0,18146,<entities.processor.Processor object at 0x1057284c0>,<entities.dtn.DTN object at 0x10573ddc0>
49.5,0.0,18146,<entities.processor.Processor object at 0x1057284c0>,<entities.dtn.DTN object at 0x10573ddc0>
50.5,0.0,18146,<entities.processor.Processor object at 0x1057284c0>,<entities.dtn.DTN object at 0x10573ddc0>
51.5,0.0,18146,<entities.processor.Processor object at 0x1057284c0>,<entities.dtn.DTN object at 0x10573ddc0>
52.5,0.0,18146,<entities.processor.Processor object at 0x1057284c0>,<entities.dtn.DTN object at 0x10573ddc0>
53.5,0.0,18146,<entities.processor.Processor object at 0x1057284c0>,<entities.dtn.DTN object at 0x10573ddc0>
54.5,0.0,18146,<entities.processor.Processor object at 0x1057284c0>,<entities.dtn.DTN object at 0x10573ddc0>
55.5,0.0,18146,<entities.processor.Processor object at 0x1057284c0>,<entities.dtn.DTN object at 0x10573ddc0>
56.5,0.0,18146,<entities.processor.Processor object at 0x1057284c0>,<entities.dtn.DTN object at 0x10573ddc0>
57.5,0.0,18146,<entities.processor.Processor object at 0x1057284c0>,<entities.dtn.DTN object at 0x10573ddc0>
58.5,0.0,18146,<entities.processor.Processor object at 0x1057284c0>,<entities.dtn.DTN object at 0x10573ddc0>
59.5,0.0,18146,<entities.processor.Processor object at 0x1057284c0>,<entities.dtn.DTN object at 0x10573ddc0>
60.5,0.0,18146,<entities.processor.Processor object at 0x1057284c0>,<entities.dtn.DTN object at 0x10573ddc0>
61.5,0.0,18146,<entities.processor.Processor object at 0x1057284c0>,<entities.dtn.DTN object at 0x10573ddc0>
62.5,0.0,18146,<entities.processor.Processor object at 0x1057284c0>,<entities.dtn.DTN object at 0x10573ddc0>
63.5,0.0,18146,<entities.processor.Processor object at 0x1057284c0>,<entities.dtn.DTN object at 0x10573ddc0>
64.5,0.0,18146,<entities.processor.Processor object at 0x1057284c0>,<entities.dtn.DTN object at 0x10573ddc0>
65.5,0.0,18146,<entities.processor.Processor object at 0x1057284c0>,<entities.dtn.DTN object at 0x10573ddc0>
66.5,0.0,18146,<entities.processor.Processor object at 0x1057284c0>,<entities.dtn.DTN object at 0x10573ddc0>
67.5,0.0,18146,<entities.processor.Processor object at 0x1057284c0>,<entities.dtn.DTN object at 0x10573ddc0>
68.5,0.0,18146,<entities.processor.Processor object at 0x1057284c0>,<entities.dtn.DTN object at 0x10573ddc0>
69.5,0.0,18146,<entities.processor.Processor object at 0x1057284c0>,<entities.dtn.DTN object at 0x10573ddc0>
70.5,0.0,18146,<entities.processor.Processor object at 0x1057284c0>,<entities.dtn.DTN object at 0x10573ddc0>
71.5,0.0,18146,<entities.processor.Processor object at 0x1057284c0>,<entities.dtn.DTN object at 0x10573ddc0>
72.5,0.0,18146,<entities.processor.Processor object at 0x1057284c0>,<entities.dtn.DTN object at 0x10573ddc0>
73.5,0.0,18146,<entities.processor.Processor object at 0x1057284c0>,<entities.dtn.DTN object at 0x10573ddc0>
74.5,0.0,18146,<entities.processor.Processor object at 0x1057284c0>,<entities.dtn.DTN object at 0x10573ddc0>
75.5,0.0,18146,<entities.processor.Processor object at 0x1057284c0>,<entities.dtn.DTN object at 0x10573ddc0>
76.5,0.0,18146,<entities.processor.Processor object at 0x1057284c0>,<entities.dtn.DTN object at 0x10573ddc0>
77.5,0.0,18146,<entities.processor.Processor object at 0x1057284c0>,<entities.dtn.DTN object at 0x10573ddc0>
78.5,0.0,18146,<entities.processor.Processor object at 0x1057284c0>,<entities.dtn.DTN object at 0x10573ddc0>
79.5,0.0,18146,<entities.processor.Processor object at 0x1057284c0>,<entities.dtn.DTN object at 0x10573ddc0>
80.5,0.0,18146,<entities.processor.Processor object at 0x1057284c0>,<entities.dtn.DTN object at 0x10573ddc0>
81.5,0.0,18146,<entities.processor.Processor object at 0x1057284c0>,<entities.dtn.DTN object at 0x10573ddc0>
82.5,0.0,18146,<entities.processor.Processor object at 0x1057284c0>,<entities.dtn.DTN object at 0x10573ddc0>
83.5,0.0,18146,<entities.processor.Processor object at 0x1057284c0>,<entities.dtn.DTN object at 0x10573ddc0>
84.5,0.0,18146,<entities.processor.Processor object at 0x1057284c0>,<entities.dtn.DTN object at 0x10573ddc0>
85.5,0.0,18146,<entities.processor.Processor object at 0x1057284c0>,<entities.dtn.DTN object at 0x10573ddc0>
86.5,0.0,18146,<entities.processor.Processor object at 0x1057284c0>,<entities.dtn.DTN object at 0x10573ddc0>
87.5,0.0,18146,<entities.processor.Processor object at 0x1057284c0>,<entities.dtn.DTN object at 0x10573ddc0>
88.5,0.0,18146,<entities.processor.Processor object at 0x1057284c0>,<entities.dtn.DTN object at 0x10573ddc0>
89.5,0.0,18146,<entities.processor.Processor object at 0x1057284c0>,<entities.dtn.DTN object at 0x10573ddc0>
90.5,0.0,18146,<entities.processor.Processor object at 0x1057284c0>,<entities.dtn.DTN object at 0x10573ddc0>
91.5,0.0,18146,<entities.processor.Processor object at 0x1057284c0>,<entities.dtn.DTN object at 0x10573ddc0>
92.5,0.0,18146,<entities.processor.Processor object at 0x1057284c0>,<entities.dtn.DTN object at 0x10573ddc0>
93.5,0.0,18146,<entities.processor.Processor object at 0x1057284c0>,<entities.dtn.DTN object at 0x10573ddc0>
94.5,0.0,18146,<entities.processor.Processor object at 0x1057284c0>,<entities.dtn.DTN object at 0x10573ddc0>
95.5,0.0,18146,<entities.processor.Processor object at 0x1057284c0>,<entities.dtn.DTN object at 0x10573ddc0>
96.5,0.0,18146,<entities.processor.Processor object at 0x1057284c0>,<entities.dtn.DTN object at 0x10573ddc0>
97.5,0.0,18146,<entities.processor.Processor object at 0x1057284c0>,<entities.dtn.DTN object at 0x10573ddc0>
98.5,0.0,18146,<entities.processor.Processor object at 0x1057284c0>,<entities.dtn.DTN object at 0x10573ddc0>
99.5,0.0,18146,<entities.processor.Processor object at 0x1057284c0>,<entities.dtn.DTN object at 0x10573ddc0>
50.0,0.0,72511,<entities.processor.Processor object at 0x105728940>,<entities.dtn.DTN object at 0x10573ddc0>
51.0,0.0,72511,<entities.processor.Processor object at 0x105728940>,<entities.dtn.DTN object at 0x10573ddc0>
52.0,0.0,72511,<entities.processor.Processor object at 0x105728940>,<entities.dtn.DTN object at 0x10573ddc0>
53.0,0.0,72511,<entities.processor.Processor object at 0x105728940>,<entities.dtn.DTN object at 0x10573ddc0>
54.0,0.0,72511,<entities.processor.Processor object at 0x105728940>,<entities.dtn.DTN object at 0x10573ddc0>
55.0,0.0,72511,<entities.processor.Processor object at 0x105728940>,<entities.dtn.DTN object at 0x10573ddc0>
56.0,0.0,72511,<entities.processor.Processor object at 0x105728940>,<entities.dtn.DTN object at 0x10573ddc0>
57.0,0.0,72511,<entities.processor.Processor object at 0x105728940>,<entities.dtn.DTN object at 0x10573ddc0>
58.0,0.0,72511,<entities.processor.Processor object at 0x105728940>,<entities.dtn.DTN object at 0x10573ddc0>
59.0,0.0,72511,<entities.processor.Processor object at 0x105728940>,<entities.dtn.DTN object at 0x10573ddc0>
60.0,0.0,72511,<entities.processor.Processor object at 0x105728940>,<entities.dtn.DTN object at 0x10573ddc0>
61.0,0.0,72511,<entities.processor.Processor object at 0x105728940>,<entities.dtn.DTN object at 0x10573ddc0>
62.0,0.0,72511,<entities.processor.Processor object at 0x105728940>,<entities.dtn.DTN object at 0x10573ddc0>
63.0,0.0,72511,<entities.processor.Processor object at 0x105728940>,<entities.dtn.DTN object at 0x10573ddc0>
64.0,0.0,72511,<entities.processor.Processor object at 0x105728940>,<entities.dtn.DTN object at 0x10573ddc0>
65.0,0.0,72511,<entities.processor.Processor object at 0x105728940>,<entities.dtn.DTN object at 0x10573ddc0>
66.0,0.0,72511,<entities.processor.Processor object at 0x105728940>,<entities.dtn.DTN object at 0x10573ddc0>
67.0,0.0,72511,<entities.processor.Processor object at 0x105728940>,<entities.dtn.DTN object at 0x10573ddc0>
68.0,0.0,72511,<entities.processor.Processor object at 0x105728940>,<entities.dtn.DTN object at 0x10573ddc0>
69.0,0.0,72511,<entities.processor.Processor object at 0x105728940>,<entities.dtn.DTN object at 0x10573ddc0>
70.0,0.0,72511,<entities.processor.Processor object at 0x105728940>,<entities.dtn.DTN object at 0x10573ddc0>
71.0,0.0,72511,<entities.processor.Processor object at 0x105728940>,<entities.dtn.DTN object at 0x10573ddc0>
72.0,0.0,72511,<entities.processor.Processor object at 0x105728940>,<entities.dtn.DTN object at 0x10573ddc0>
73.0,0.0,72511,<entities.processor.Processor object at 0x105728940>,<entities.dtn.DTN object at 0x10573ddc0>
74.0,0.0,72511,<entities.processor.Processor object at 0x105728940>,<entities.dtn.DTN object at 0x10573ddc0>
75.0,0.0,72511,<entities.processor.Processor object at 0x105728940>,<entities.dtn.DTN object at 0x10573ddc0>
76.0,0.0,72511,<entities.processor.Processor object at 0x105728940>,<entities.dtn.DTN object at 0x10573ddc0>
77.0,0.0,72511,<entities.processor.Processor object at 0x105728940>,<entities.dtn.DTN object at 0x10573ddc0>
78.0,0.0,72511,<entities.processor.Processor object at 0x105728940>,<entities.dtn.DTN object at 0x10573ddc0>
79.0,0.0,72511,<entities.processor.Processor object at 0x105728940>,<entities.dtn.DTN object at 0x10573ddc0>
80.0,0.0,72511,<entities.processor.Processor object at 0x105728940>,<entities.dtn.DTN object at 0x10573ddc0>
81.0,0.0,72511,<entities.processor.Processor object at 0x105728940>,<entities.dtn.DTN object at 0x10573ddc0>
82.0,0.0,72511,<entities.processor.Processor object at 0x105728940>,<entities.dtn.DTN object at 0x10573ddc0>
83.0,0.0,72511,<entities.processor.Processor object at 0x105728940>,<entities.dtn.DTN object at 0x10573ddc0>
84.0,0.0,72511,<entities.processor.Processor object at 0x105728940>,<entities.dtn.DTN object at 0x10573ddc0>
85.0,0.0,72511,<entities.processor.Processor object at 0x105728940>,<entities.dtn.DTN object at 0x10573ddc0>
86.0,0.0,72511,<entities.processor.Processor object at 0x105728940>,<entities.dtn.DTN object at 0x10573ddc0>
87.0,0.0,72511,<entities.processor.Processor object at 0x105728940>,<entities.dtn.DTN object at 0x10573ddc0>
88.0,0.0,72511,<entities.processor.Processor object at 0x105728940>,<entities.dtn.DTN object at 0x10573ddc0>
89.0,0.0,72511,<entities.processor.Processor object at 0x105728940>,<entities.dtn.DTN object at 0x10573ddc0>
90.0,0.0,72511,<entities.processor.Processor object at 0x105728940>,<entities.dtn.DTN object at 0x10573ddc0>
91.0,0.0,72511,<entities.processor.Processor object at 0x105728940>,<entities.dtn.DTN object at 0x10573ddc0>
92.0,0.0,72511,<entities.processor.Processor object at 0x105728940>,<entities.dtn.DTN object at 0x10573ddc0>
93.0,0.0,72511,<entities.processor.Processor object at 0x105728940>,<entities.dtn.DTN object at 0x10573ddc0>
94.0,0.0,72511,<entities.processor.Processor object at 0x105728940>,<entities.dtn.DTN object at 0x10573ddc0>
95.0,0.0,72511,<entities.processor.Processor object at 0x105728940>,<entities.dtn.DTN object at 0x10573ddc0>
96.0,0.0,72511,<entities.processor.Processor object at 0x105728940>,<entities.dtn.DTN object at 0x10573ddc0>
97.0,0.0,72511,<entities.processor.Processor object at 0x105728940>,<entities.dtn.DTN object at 0x10573ddc0>
98.0,0.0,72511,<entities.processor.Processor object at 0x105728940>,<entities.dtn.DTN object at 0x10573ddc0>
99.0,0.0,72511,<entities.processor.Processor object at 0x105728940>,<entities.dtn.DTN object at 0x10573ddc0>
52.0,0.0,48795,<entities.processor.Processor object at 0x1057284c0>,<entities.dtn.DTN object at 0x10573ddc0>
53.0,0.0,48795,<entities.processor.Processor object at 0x1057284c0>,<entities.dtn.DTN object at 0x10573ddc0>
54.0,0.0,48795,<entities.processor.Processor object at 0x1057284c0>,<entities.dtn.DTN object at 0x10573ddc0>
55.0,0.0,48795,<entities.processor.Processor object at 0x1057284c0>,<entities.dtn.DTN object at 0x10573ddc0>
56.0,0.0,48795,<entities.processor.Processor object at 0x1057284c0>,<entities.dtn.DTN object at 0x10573ddc0>
57.0,0.0,48795,<entities.processor.Processor object at 0x1057284c0>,<entities.dtn.DTN object at 0x10573ddc0>
58.0,0.0,48795,<entities.processor.Processor object at 0x1057284c0>,<entities.dtn.DTN object at 0x10573ddc0>
59.0,0.0,48795,<entities.processor.Processor object at 0x1057284c0>,<entities.dtn.DTN object at 0x10573ddc0>
60.0,0.0,48795,<entities.processor.Processor object at 0x1057284c0>,<entities.dtn.DTN object at 0x10573ddc0>
61.0,0.0,48795,<entities.processor.Processor object at 0x1057284c0>,<entities.dtn.DTN object at 0x10573ddc0>
62.0,0.0,48795,<entities.processor.Processor object at 0x1057284c0>,<entities.dtn.DTN object at 0x10573ddc0>
63.0,0.0,48795,<entities.processor.Processor object at 0x1057284c0>,<entities.dtn.DTN object at 0x10573ddc0>
64.0,0.0,48795,<entities.processor.Processor object at 0x1057284c0>,<entities.dtn.DTN object at 0x10573ddc0>
65.0,0.0,48795,<entities.processor.Processor object at 0x1057284c0>,<entities.dtn.DTN object at 0x10573ddc0>
66.0,0.0,48795,<entities.processor.Processor object at 0x1057284c0>,<entities.dtn.DTN object at 0x10573ddc0>
67.0,0.0,48795,<entities.processor.Processor object at 0x1057284c0>,<entities.dtn.DTN object at 0x10573ddc0>
68.0,0.0,48795,<entities.processor.Processor object at 0x1057284c0>,<entities.dtn.DTN object at 0x10573ddc0>
69.0,0.0,48795,<entities.processor.Processor object at 0x1057284c0>,<entities.dtn.DTN object at 0x10573ddc0>
70.0,0.0,48795,<entities.processor.Processor object at 0x1057284c0>,<entities.dtn.DTN object at 0x10573ddc0>
71.0,0.0,48795,<entities.processor.Processor object at 0x1057284c0>,<entities.dtn.DTN object at 0x10573ddc0>
72.0,0.0,48795,<entities.processor.Processor object at 0x1057284c0>,<entities.dtn.DTN object at 0x10573ddc0>
73.0,0.0,48795,<entities.processor.Processor object at 0x1057284c0>,<entities.dtn.DTN object at 0x10573ddc0>
74.0,0.0,48795,<entities.processor.Processor object at 0x1057284c0>,<entities.dtn.DTN object at 0x10573ddc0>
75.0,0.0,48795,<entities.processor.Processor object at 0x1057284c0>,<entities.dtn.DTN object at 0x10573ddc0>
76.0,0.0,48795,<entities.processor.Processor object at 0x1057284c0>,<entities.dtn.DTN object at 0x10573ddc0>
77.0,0.0,48795,<entities.processor.Processor object at 0x1057284c0>,<entities.dtn.DTN object at 0x10573ddc0>
78.0,0.0,48795,<entities.processor.Processor object at 0x1057284c0>,<entities.dtn.DTN object at 0x10573ddc0>
79.0,0.0,48795,<entities.processor.Processor object at 0x1057284c0>,<entities.dtn.DTN object at 0x10573ddc0>
80.0,0.0,48795,<entities.processor.Processor object at 0x1057284c0>,<entities.dtn.DTN object at 0x10573ddc0>
81.0,0.0,48795,<entities.processor.Processor object at 0x1057284c0>,<entities.dtn.DTN object at 0x10573ddc0>
82.0,0.0,48795,<entities.processor.Processor object at 0x1057284c0>,<entities.dtn.DTN object at 0x10573ddc0>
83.0,0.0,48795,<entities.processor.Processor object at 0x1057284c0>,<entities.dtn.DTN object at 0x10573ddc0>
84.0,0.0,48795,<entities.processor.Processor object at 0x1057284c0>,<entities.dtn.DTN object at 0x10573ddc0>
85.0,0.0,48795,<entities.processor.Processor object at 0x1057284c0>,<entities.dtn.DTN object at 0x10573ddc0>
86.0,0.0,48795,<entities.processor.Processor object at 0x1057284c0>,<entities.dtn.DTN object at 0x10573ddc0>
87.0,0.0,48795,<entities.processor.Processor object at 0x1057284c0>,<entities.dtn.DTN object at 0x10573ddc0>
88.0,0.0,48795,<entities.processor.Processor object at 0x1057284c0>,<entities.dtn.DTN object at 0x10573ddc0>
89.0,0.0,48795,<entities.processor.Processor object at 0x1057284c0>,<entities.dtn.DTN object at 0x10573ddc0>
90.0,0.0,48795,<entities.processor.Processor object at 0x1057284c0>,<entities.dtn.DTN object at 0x10573ddc0>
91.0,0.0,48795,<entities.processor.Processor object at 0x1057284c0>,<entities.dtn.DTN object at 0x10573ddc0>
92.0,0.0,48795,<entities.processor.Processor object at 0x1057284c0>,<entities.dtn.DTN object at 0x10573ddc0>
93.0,0.0,48795,<entities.processor.Processor object at 0x1057284c0>,<entities.dtn.DTN object at 0x10573ddc0>
94.0,0.0,48795,<entities.processor.Processor object at 0x1057284c0>,<entities.dtn.DTN object at 0x10573ddc0>
95.0,0.0,48795,<entities.processor.Processor object at 0x1057284c0>,<entities.dtn.DTN object at 0x10573ddc0>
96.0,0.0,48795,<entities.processor.Processor object at 0x1057284c0>,<entities.dtn.DTN object at 0x10573ddc0>
97.0,0.0,48795,<entities.processor.Processor object at 0x1057284c0>,<entities.dtn.DTN object at 0x10573ddc0>
98.0,0.0,48795,<entities.processor.Processor object at 0x1057284c0>,<entities.dtn.DTN object at 0x10573ddc0>
99.0,0.0,48795,<entities.processor.Processor object at 0x1057284c0>,<entities.dtn.DTN object at 0x10573ddc0>
52.25136870595789,0.0,6229,<entities.processor.Processor object at 0x105728940>,<entities.dtn.DTN object at 0x10573ddc0>
53.25136870595789,0.0,6229,<entities.processor.Processor object at 0x105728940>,<entities.dtn.DTN object at 0x10573ddc0>
54.25136870595789,0.0,6229,<entities.processor.Processor object at 0x105728940>,<entities.dtn.DTN object at 0x10573ddc0>
55.25136870595789,0.0,6229,<entities.processor.Processor object at 0x105728940>,<entities.dtn.DTN object at 0x10573ddc0>
56.25136870595789,0.0,6229,<entities.processor.Processor object at 0x105728940>,<entities.dtn.DTN object at 0x10573ddc0>
57.25136870595789,0.0,6229,<entities.processor.Processor object at 0x105728940>,<entities.dtn.DTN object at 0x10573ddc0>
58.25136870595789,0.0,6229,<entities.processor.Processor object at 0x105728940>,<entities.dtn.DTN object at 0x10573ddc0>
59.25136870595789,0.0,6229,<entities.processor.Processor object at 0x105728940>,<entities.dtn.DTN object at 0x10573ddc0>
60.25136870595789,0.0,6229,<entities.processor.Processor object at 0x105728940>,<entities.dtn.DTN object at 0x10573ddc0>
61.25136870595789,0.0,6229,<entities.processor.Processor object at 0x105728940>,<entities.dtn.DTN object at 0x10573ddc0>
62.25136870595789,0.0,6229,<entities.processor.Processor object at 0x105728940>,<entities.dtn.DTN object at 0x10573ddc0>
63.25136870595789,0.0,6229,<entities.processor.Processor object at 0x105728940>,<entities.dtn.DTN object at 0x10573ddc0>
64.25136870595789,0.0,6229,<entities.processor.Processor object at 0x105728940>,<entities.dtn.DTN object at 0x10573ddc0>
65.25136870595789,0.0,6229,<entities.processor.Processor object at 0x105728940>,<entities.dtn.DTN object at 0x10573ddc0>
66.25136870595789,0.0,6229,<entities.processor.Processor object at 0x105728940>,<entities.dtn.DTN object at 0x10573ddc0>
67.25136870595789,0.0,6229,<entities.processor.Processor object at 0x105728940>,<entities.dtn.DTN object at 0x10573ddc0>
68.25136870595789,0.0,6229,<entities.processor.Processor object at 0x105728940>,<entities.dtn.DTN object at 0x10573ddc0>
69.25136870595789,0.0,6229,<entities.processor.Processor object at 0x105728940>,<entities.dtn.DTN object at 0x10573ddc0>
70.25136870595789,0.0,6229,<entities.processor.Processor object at 0x105728940>,<entities.dtn.DTN object at 0x10573ddc0>
71.25136870595789,0.0,6229,<entities.processor.Processor object at 0x105728940>,<entities.dtn.DTN object at 0x10573ddc0>
72.25136870595789,0.0,6229,<entities.processor.Processor object at 0x105728940>,<entities.dtn.DTN object at 0x10573ddc0>
73.25136870595789,0.0,6229,<entities.processor.Processor object at 0x105728940>,<entities.dtn.DTN object at 0x10573ddc0>
74.25136870595789,0.0,6229,<entities.processor.Processor object at 0x105728940>,<entities.dtn.DTN object at 0x10573ddc0>
75.25136870595789,0.0,6229,<entities.processor.Processor object at 0x105728940>,<entities.dtn.DTN object at 0x10573ddc0>
76.25136870595789,0.0,6229,<entities.processor.Processor object at 0x105728940>,<entities.dtn.DTN object at 0x10573ddc0>
77.25136870595789,0.0,6229,<entities.processor.Processor object at 0x105728940>,<entities.dtn.DTN object at 0x10573ddc0>
78.25136870595789,0.0,6229,<entities.processor.Processor object at 0x105728940>,<entities.dtn.DTN object at 0x10573ddc0>
79.25136870595789,0.0,6229,<entities.processor.Processor object at 0x105728940>,<entities.dtn.DTN object at 0x10573ddc0>
80.25136870595789,0.0,6229,<entities.processor.Processor object at 0x105728940>,<entities.dtn.DTN object at 0x10573ddc0>
81.25136870595789,0.0,6229,<entities.processor.Processor object at 0x105728940>,<entities.dtn.DTN object at 0x10573ddc0>
82.25136870595789,0.0,6229,<entities.processor.Processor object at 0x105728940>,<entities.dtn.DTN object at 0x10573ddc0>
83.25136870595789,0.0,6229,<entities.processor.Processor object at 0x105728940>,<entities.dtn.DTN object at 0x10573ddc0>
84.25136870595789,0.0,6229,<entities.processor.Processor object at 0x105728940>,<entities.dtn.DTN object at 0x10573ddc0>
85.25136870595789,0.0,6229,<entities.processor.Processor object at 0x105728940>,<entities.dtn.DTN object at 0x10573ddc0>
86.25136870595789,0.0,6229,<entities.processor.Processor object at 0x105728940>,<entities.dtn.DTN object at 0x10573ddc0>
87.25136870595789,0.0,6229,<entities.processor.Processor object at 0x105728940>,<entities.dtn.DTN object at 0x10573ddc0>
88.25136870595789,0.0,6229,<entities.processor.Processor object at 0x105728940>,<entities.dtn.DTN object at 0x10573ddc0>
89.25136870595789,0.0,6229,<entities.processor.Processor object at 0x105728940>,<entities.dtn.DTN object at 0x10573ddc0>
90.25136870595789,0.0,6229,<entities.processor.Processor object at 0x105728940>,<entities.dtn.DTN object at 0x10573ddc0>
91.25136870595789,0.0,6229,<entities.processor.Processor object at 0x105728940>,<entities.dtn.DTN object at 0x10573ddc0>
92.25136870595789,0.0,6229,<entities.processor.Processor object at 0x105728940>,<entities.dtn.DTN object at 0x10573ddc0>
93.25136870595789,0.0,6229,<entities.processor.Processor object at 0x105728940>,<entities.dtn.DTN object at 0x10573ddc0>
94.25136870595789,0.0,6229,<entities.processor.Processor object at 0x105728940>,<entities.dtn.DTN object at 0x10573ddc0>
95.25136870595789,0.0,6229,<entities.processor.Processor object at 0x105728940>,<entities.dtn.DTN object at 0x10573ddc0>
96.25136870595789,0.0,6229,<entities.processor.Processor object at 0x105728940>,<entities.dtn.DTN object at 0x10573ddc0>
97.25136870595789,0.0,6229,<entities.processor.Processor object at 0x105728940>,<entities.dtn.DTN object at 0x10573ddc0>
98.25136870595789,0.0,6229,<entities.processor.Processor object at 0x105728940>,<entities.dtn.DTN object at 0x10573ddc0>
99.25136870595789,0.0,6229,<entities.processor.Processor object at 0x105728940>,<entities.dtn.DTN object at 0x10573ddc0>
53.5,0.0,54264,<entities.processor.Processor object at 0x10573d1f0>,<entities.dtn.DTN object at 0x10573ddc0>
54.5,0.0,54264,<entities.processor.Processor object at 0x10573d1f0>,<entities.dtn.DTN object at 0x10573ddc0>
55.5,0.0,54264,<entities.processor.Processor object at 0x10573d1f0>,<entities.dtn.DTN object at 0x10573ddc0>
56.5,0.0,54264,<entities.processor.Processor object at 0x10573d1f0>,<entities.dtn.DTN object at 0x10573ddc0>
57.5,0.0,54264,<entities.processor.Processor object at 0x10573d1f0>,<entities.dtn.DTN object at 0x10573ddc0>
58.5,0.0,54264,<entities.processor.Processor object at 0x10573d1f0>,<entities.dtn.DTN object at 0x10573ddc0>
59.5,0.0,54264,<entities.processor.Processor object at 0x10573d1f0>,<entities.dtn.DTN object at 0x10573ddc0>
60.5,0.0,54264,<entities.processor.Processor object at 0x10573d1f0>,<entities.dtn.DTN object at 0x10573ddc0>
61.5,0.0,54264,<entities.processor.Processor object at 0x10573d1f0>,<entities.dtn.DTN object at 0x10573ddc0>
62.5,0.0,54264,<entities.processor.Processor object at 0x10573d1f0>,<entities.dtn.DTN object at 0x10573ddc0>
63.5,0.0,54264,<entities.processor.Processor object at 0x10573d1f0>,<entities.dtn.DTN object at 0x10573ddc0>
64.5,0.0,54264,<entities.processor.Processor object at 0x10573d1f0>,<entities.dtn.DTN object at 0x10573ddc0>
65.5,0.0,54264,<entities.processor.Processor object at 0x10573d1f0>,<entities.dtn.DTN object at 0x10573ddc0>
66.5,0.0,54264,<entities.processor.Processor object at 0x10573d1f0>,<entities.dtn.DTN object at 0x10573ddc0>
67.5,0.0,54264,<entities.processor.Processor object at 0x10573d1f0>,<entities.dtn.DTN object at 0x10573ddc0>
68.5,0.0,54264,<entities.processor.Processor object at 0x10573d1f0>,<entities.dtn.DTN object at 0x10573ddc0>
69.5,0.0,54264,<entities.processor.Processor object at 0x10573d1f0>,<entities.dtn.DTN object at 0x10573ddc0>
70.5,0.0,54264,<entities.processor.Processor object at 0x10573d1f0>,<entities.dtn.DTN object at 0x10573ddc0>
71.5,0.0,54264,<entities.processor.Processor object at 0x10573d1f0>,<entities.dtn.DTN object at 0x10573ddc0>
72.5,0.0,54264,<entities.processor.Processor object at 0x10573d1f0>,<entities.dtn.DTN object at 0x10573ddc0>
73.5,0.0,54264,<entities.processor.Processor object at 0x10573d1f0>,<entities.dtn.DTN object at 0x10573ddc0>
74.5,0.0,54264,<entities.processor.Processor object at 0x10573d1f0>,<entities.dtn.DTN object at 0x10573ddc0>
75.5,0.0,54264,<entities.processor.Processor object at 0x10573d1f0>,<entities.dtn.DTN object at 0x10573ddc0>
76.5,0.0,54264,<entities.processor.Processor object at 0x10573d1f0>,<entities.dtn.DTN object at 0x10573ddc0>
77.5,0.0,54264,<entities.processor.Processor object at 0x10573d1f0>,<entities.dtn.DTN object at 0x10573ddc0>
78.5,0.0,54264,<entities.processor.Processor object at 0x10573d1f0>,<entities.dtn.DTN object at 0x10573ddc0>
79.5,0.0,54264,<entities.processor.Processor object at 0x10573d1f0>,<entities.dtn.DTN object at 0x10573ddc0>
80.5,0.0,54264,<entities.processor.Processor object at 0x10573d1f0>,<entities.dtn.DTN object at 0x10573ddc0>
81.5,0.0,54264,<entities.processor.Processor object at 0x10573d1f0>,<entities.dtn.DTN object at 0x10573ddc0>
82.5,0.0,54264,<entities.processor.Processor object at 0x10573d1f0>,<entities.dtn.DTN object at 0x10573ddc0>
83.5,0.0,54264,<entities.processor.Processor object at 0x10573d1f0>,<entities.dtn.DTN object at 0x10573ddc0>
84.5,0.0,54264,<entities.processor.Processor object at 0x10573d1f0>,<entities.dtn.DTN object at 0x10573ddc0>
85.5,0.0,54264,<entities.processor.Processor object at 0x10573d1f0>,<entities.dtn.DTN object at 0x10573ddc0>
86.5,0.0,54264,<entities.processor.Processor object at 0x10573d1f0>,<entities.dtn.DTN object at 0x10573ddc0>
87.5,0.0,54264,<entities.processor.Processor object at 0x10573d1f0>,<entities.dtn.DTN object at 0x10573ddc0>
88.5,0.0,54264,<entities.processor.Processor object at 0x10573d1f0>,<entities.dtn.DTN object at 0x10573ddc0>
89.5,0.0,54264,<entities.processor.Processor object at 0x10573d1f0>,<entities.dtn.DTN object at 0x10573ddc0>
90.5,0.0,54264,<entities.processor.Processor object at 0x10573d1f0>,<entities.dtn.DTN object at 0x10573ddc0>
91.5,0.0,54264,<entities.processor.Processor object at 0x10573d1f0>,<entities.dtn.DTN object at 0x10573ddc0>
92.5,0.0,54264,<entities.processor.Processor object at 0x10573d1f0>,<entities.dtn.DTN object at 0x10573ddc0>
93.5,0.0,54264,<entities.processor.Processor object at 0x10573d1f0>,<entities.dtn.DTN object at 0x10573ddc0>
94.5,0.0,54264,<entities.processor.Processor object at 0x10573d1f0>,<entities.dtn.DTN object at 0x10573ddc0>
95.5,0.0,54264,<entities.processor.Processor object at 0x10573d1f0>,<entities.dtn.DTN object at 0x10573ddc0>
96.5,0.0,54264,<entities.processor.Processor object at 0x10573d1f0>,<entities.dtn.DTN object at 0x10573ddc0>
97.5,0.0,54264,<entities.processor.Processor object at 0x10573d1f0>,<entities.dtn.DTN object at 0x10573ddc0>
98.5,0.0,54264,<entities.processor.Processor object at 0x10573d1f0>,<entities.dtn.DTN object at 0x10573ddc0>
99.5,0.0,54264,<entities.processor.Processor object at 0x10573d1f0>,<entities.dtn.DTN object at 0x10573ddc0>
54.0,0.0,24206,<entities.processor.Processor object at 0x1057284c0>,<entities.dtn.DTN object at 0x10573ddc0>
55.0,0.0,24206,<entities.processor.Processor object at 0x1057284c0>,<entities.dtn.DTN object at 0x10573ddc0>
56.0,0.0,24206,<entities.processor.Processor object at 0x1057284c0>,<entities.dtn.DTN object at 0x10573ddc0>
57.0,0.0,24206,<entities.processor.Processor object at 0x1057284c0>,<entities.dtn.DTN object at 0x10573ddc0>
58.0,0.0,24206,<entities.processor.Processor object at 0x1057284c0>,<entities.dtn.DTN object at 0x10573ddc0>
59.0,0.0,24206,<entities.processor.Processor object at 0x1057284c0>,<entities.dtn.DTN object at 0x10573ddc0>
60.0,0.0,24206,<entities.processor.Processor object at 0x1057284c0>,<entities.dtn.DTN object at 0x10573ddc0>
61.0,0.0,24206,<entities.processor.Processor object at 0x1057284c0>,<entities.dtn.DTN object at 0x10573ddc0>
62.0,0.0,24206,<entities.processor.Processor object at 0x1057284c0>,<entities.dtn.DTN object at 0x10573ddc0>
63.0,0.0,24206,<entities.processor.Processor object at 0x1057284c0>,<entities.dtn.DTN object at 0x10573ddc0>
64.0,0.0,24206,<entities.processor.Processor object at 0x1057284c0>,<entities.dtn.DTN object at 0x10573ddc0>
65.0,0.0,24206,<entities.processor.Processor object at 0x1057284c0>,<entities.dtn.DTN object at 0x10573ddc0>
66.0,0.0,24206,<entities.processor.Processor object at 0x1057284c0>,<entities.dtn.DTN object at 0x10573ddc0>
67.0,0.0,24206,<entities.processor.Processor object at 0x1057284c0>,<entities.dtn.DTN object at 0x10573ddc0>
68.0,0.0,24206,<entities.processor.Processor object at 0x1057284c0>,<entities.dtn.DTN object at 0x10573ddc0>
69.0,0.0,24206,<entities.processor.Processor object at 0x1057284c0>,<entities.dtn.DTN object at 0x10573ddc0>
70.0,0.0,24206,<entities.processor.Processor object at 0x1057284c0>,<entities.dtn.DTN object at 0x10573ddc0>
71.0,0.0,24206,<entities.processor.Processor object at 0x1057284c0>,<entities.dtn.DTN object at 0x10573ddc0>
72.0,0.0,24206,<entities.processor.Processor object at 0x1057284c0>,<entities.dtn.DTN object at 0x10573ddc0>
73.0,0.0,24206,<entities.processor.Processor object at 0x1057284c0>,<entities.dtn.DTN object at 0x10573ddc0>
74.0,0.0,24206,<entities.processor.Processor object at 0x1057284c0>,<entities.dtn.DTN object at 0x10573ddc0>
75.0,0.0,24206,<entities.processor.Processor object at 0x1057284c0>,<entities.dtn.DTN object at 0x10573ddc0>
76.0,0.0,24206,<entities.processor.Processor object at 0x1057284c0>,<entities.dtn.DTN object at 0x10573ddc0>
77.0,0.0,24206,<entities.processor.Processor object at 0x1057284c0>,<entities.dtn.DTN object at 0x10573ddc0>
78.0,0.0,24206,<entities.processor.Processor object at 0x1057284c0>,<entities.dtn.DTN object at 0x10573ddc0>
79.0,0.0,24206,<entities.processor.Processor object at 0x1057284c0>,<entities.dtn.DTN object at 0x10573ddc0>
80.0,0.0,24206,<entities.processor.Processor object at 0x1057284c0>,<entities.dtn.DTN object at 0x10573ddc0>
81.0,0.0,24206,<entities.processor.Processor object at 0x1057284c0>,<entities.dtn.DTN object at 0x10573ddc0>
82.0,0.0,24206,<entities.processor.Processor object at 0x1057284c0>,<entities.dtn.DTN object at 0x10573ddc0>
83.0,0.0,24206,<entities.processor.Processor object at 0x1057284c0>,<entities.dtn.DTN object at 0x10573ddc0>
84.0,0.0,24206,<entities.processor.Processor object at 0x1057284c0>,<entities.dtn.DTN object at 0x10573ddc0>
85.0,0.0,24206,<entities.processor.Processor object at 0x1057284c0>,<entities.dtn.DTN object at 0x10573ddc0>
86.0,0.0,24206,<entities.processor.Processor object at 0x1057284c0>,<entities.dtn.DTN object at 0x10573ddc0>
87.0,0.0,24206,<entities.processor.Processor object at 0x1057284c0>,<entities.dtn.DTN object at 0x10573ddc0>
88.0,0.0,24206,<entities.processor.Processor object at 0x1057284c0>,<entities.dtn.DTN object at 0x10573ddc0>
89.0,0.0,24206,<entities.processor.Processor object at 0x1057284c0>,<entities.dtn.DTN object at 0x10573ddc0>
90.0,0.0,24206,<entities.processor.Processor object at 0x1057284c0>,<entities.dtn.DTN object at 0x10573ddc0>
91.0,0.0,24206,<entities.processor.Processor object at 0x1057284c0>,<entities.dtn.DTN object at 0x10573ddc0>
92.0,0.0,24206,<entities.processor.Processor object at 0x1057284c0>,<entities.dtn.DTN object at 0x10573ddc0>
93.0,0.0,24206,<entities.processor.Processor object at 0x1057284c0>,<entities.dtn.DTN object at 0x10573ddc0>
94.0,0.0,24206,<entities.processor.Processor object at 0x1057284c0>,<entities.dtn.DTN object at 0x10573ddc0>
95.0,0.0,24206,<entities.processor.Processor object at 0x1057284c0>,<entities.dtn.DTN object at 0x10573ddc0>
96.0,0.0,24206,<entities.processor.Processor object at 0x1057284c0>,<entities.dtn.DTN object at 0x10573ddc0>
97.0,0.0,24206,<entities.processor.Processor object at 0x1057284c0>,<entities.dtn.DTN object at 0x10573ddc0>
98.0,0.0,24206,<entities.processor.Processor object at 0x1057284c0>,<entities.dtn.DTN object at 0x10573ddc0>
99.0,0.0,24206,<entities.processor.Processor object at 0x1057284c0>,<entities.dtn.DTN object at 0x10573ddc0>
56.5,0.0,15168,<entities.processor.Processor object at 0x105728940>,<entities.dtn.DTN object at 0x10573ddc0>
57.5,0.0,15168,<entities.processor.Processor object at 0x105728940>,<entities.dtn.DTN object at 0x10573ddc0>
58.5,0.0,15168,<entities.processor.Processor object at 0x105728940>,<entities.dtn.DTN object at 0x10573ddc0>
59.5,0.0,15168,<entities.processor.Processor object at 0x105728940>,<entities.dtn.DTN object at 0x10573ddc0>
60.5,0.0,15168,<entities.processor.Processor object at 0x105728940>,<entities.dtn.DTN object at 0x10573ddc0>
61.5,0.0,15168,<entities.processor.Processor object at 0x105728940>,<entities.dtn.DTN object at 0x10573ddc0>
62.5,0.0,15168,<entities.processor.Processor object at 0x105728940>,<entities.dtn.DTN object at 0x10573ddc0>
63.5,0.0,15168,<entities.processor.Processor object at 0x105728940>,<entities.dtn.DTN object at 0x10573ddc0>
64.5,0.0,15168,<entities.processor.Processor object at 0x105728940>,<entities.dtn.DTN object at 0x10573ddc0>
65.5,0.0,15168,<entities.processor.Processor object at 0x105728940>,<entities.dtn.DTN object at 0x10573ddc0>
66.5,0.0,15168,<entities.processor.Processor object at 0x105728940>,<entities.dtn.DTN object at 0x10573ddc0>
67.5,0.0,15168,<entities.processor.Processor object at 0x105728940>,<entities.dtn.DTN object at 0x10573ddc0>
68.5,0.0,15168,<entities.processor.Processor object at 0x105728940>,<entities.dtn.DTN object at 0x10573ddc0>
69.5,0.0,15168,<entities.processor.Processor object at 0x105728940>,<entities.dtn.DTN object at 0x10573ddc0>
70.5,0.0,15168,<entities.processor.Processor object at 0x105728940>,<entities.dtn.DTN object at 0x10573ddc0>
71.5,0.0,15168,<entities.processor.Processor object at 0x105728940>,<entities.dtn.DTN object at 0x10573ddc0>
72.5,0.0,15168,<entities.processor.Processor object at 0x105728940>,<entities.dtn.DTN object at 0x10573ddc0>
73.5,0.0,15168,<entities.processor.Processor object at 0x105728940>,<entities.dtn.DTN object at 0x10573ddc0>
74.5,0.0,15168,<entities.processor.Processor object at 0x105728940>,<entities.dtn.DTN object at 0x10573ddc0>
75.5,0.0,15168,<entities.processor.Processor object at 0x105728940>,<entities.dtn.DTN object at 0x10573ddc0>
76.5,0.0,15168,<entities.processor.Processor object at 0x105728940>,<entities.dtn.DTN object at 0x10573ddc0>
77.5,0.0,15168,<entities.processor.Processor object at 0x105728940>,<entities.dtn.DTN object at 0x10573ddc0>
78.5,0.0,15168,<entities.processor.Processor object at 0x105728940>,<entities.dtn.DTN object at 0x10573ddc0>
79.5,0.0,15168,<entities.processor.Processor object at 0x105728940>,<entities.dtn.DTN object at 0x10573ddc0>
80.5,0.0,15168,<entities.processor.Processor object at 0x105728940>,<entities.dtn.DTN object at 0x10573ddc0>
81.5,0.0,15168,<entities.processor.Processor object at 0x105728940>,<entities.dtn.DTN object at 0x10573ddc0>
82.5,0.0,15168,<entities.processor.Processor object at 0x105728940>,<entities.dtn.DTN object at 0x10573ddc0>
83.5,0.0,15168,<entities.processor.Processor object at 0x105728940>,<entities.dtn.DTN object at 0x10573ddc0>
84.5,0.0,15168,<entities.processor.Processor object at 0x105728940>,<entities.dtn.DTN object at 0x10573ddc0>
85.5,0.0,15168,<entities.processor.Processor object at 0x105728940>,<entities.dtn.DTN object at 0x10573ddc0>
86.5,0.0,15168,<entities.processor.Processor object at 0x105728940>,<entities.dtn.DTN object at 0x10573ddc0>
87.5,0.0,15168,<entities.processor.Processor object at 0x105728940>,<entities.dtn.DTN object at 0x10573ddc0>
88.5,0.0,15168,<entities.processor.Processor object at 0x105728940>,<entities.dtn.DTN object at 0x10573ddc0>
89.5,0.0,15168,<entities.processor.Processor object at 0x105728940>,<entities.dtn.DTN object at 0x10573ddc0>
90.5,0.0,15168,<entities.processor.Processor object at 0x105728940>,<entities.dtn.DTN object at 0x10573ddc0>
91.5,0.0,15168,<entities.processor.Processor object at 0x105728940>,<entities.dtn.DTN object at 0x10573ddc0>
92.5,0.0,15168,<entities.processor.Processor object at 0x105728940>,<entities.dtn.DTN object at 0x10573ddc0>
93.5,0.0,15168,<entities.processor.Processor object at 0x105728940>,<entities.dtn.DTN object at 0x10573ddc0>
94.5,0.0,15168,<entities.processor.Processor object at 0x105728940>,<entities.dtn.DTN object at 0x10573ddc0>
95.5,0.0,15168,<entities.processor.Processor object at 0x105728940>,<entities.dtn.DTN object at 0x10573ddc0>
96.5,0.0,15168,<entities.processor.Processor object at 0x105728940>,<entities.dtn.DTN object at 0x10573ddc0>
97.5,0.0,15168,<entities.processor.Processor object at 0x105728940>,<entities.dtn.DTN object at 0x10573ddc0>
98.5,0.0,15168,<entities.processor.Processor object at 0x105728940>,<entities.dtn.DTN object at 0x10573ddc0>
99.5,0.0,15168,<entities.processor.Processor object at 0x105728940>,<entities.dtn.DTN object at 0x10573ddc0>
59.0,0.0,37585,<entities.processor.Processor object at 0x10573d1f0>,<entities.dtn.DTN object at 0x10573ddc0>
60.0,0.0,37585,<entities.processor.Processor object at 0x10573d1f0>,<entities.dtn.DTN object at 0x10573ddc0>
61.0,0.0,37585,<entities.processor.Processor object at 0x10573d1f0>,<entities.dtn.DTN object at 0x10573ddc0>
62.0,0.0,37585,<entities.processor.Processor object at 0x10573d1f0>,<entities.dtn.DTN object at 0x10573ddc0>
63.0,0.0,37585,<entities.processor.Processor object at 0x10573d1f0>,<entities.dtn.DTN object at 0x10573ddc0>
64.0,0.0,37585,<entities.processor.Processor object at 0x10573d1f0>,<entities.dtn.DTN object at 0x10573ddc0>
65.0,0.0,37585,<entities.processor.Processor object at 0x10573d1f0>,<entities.dtn.DTN object at 0x10573ddc0>
66.0,0.0,37585,<entities.processor.Processor object at 0x10573d1f0>,<entities.dtn.DTN object at 0x10573ddc0>
67.0,0.0,37585,<entities.processor.Processor object at 0x10573d1f0>,<entities.dtn.DTN object at 0x10573ddc0>
68.0,0.0,37585,<entities.processor.Processor object at 0x10573d1f0>,<entities.dtn.DTN object at 0x10573ddc0>
69.0,0.0,37585,<entities.processor.Processor object at 0x10573d1f0>,<entities.dtn.DTN object at 0x10573ddc0>
70.0,0.0,37585,<entities.processor.Processor object at 0x10573d1f0>,<entities.dtn.DTN object at 0x10573ddc0>
71.0,0.0,37585,<entities.processor.Processor object at 0x10573d1f0>,<entities.dtn.DTN object at 0x10573ddc0>
72.0,0.0,37585,<entities.processor.Processor object at 0x10573d1f0>,<entities.dtn.DTN object at 0x10573ddc0>
73.0,0.0,37585,<entities.processor.Processor object at 0x10573d1f0>,<entities.dtn.DTN object at 0x10573ddc0>
74.0,0.0,37585,<entities.processor.Processor object at 0x10573d1f0>,<entities.dtn.DTN object at 0x10573ddc0>
75.0,0.0,37585,<entities.processor.Processor object at 0x10573d1f0>,<entities.dtn.DTN object at 0x10573ddc0>
76.0,0.0,37585,<entities.processor.Processor object at 0x10573d1f0>,<entities.dtn.DTN object at 0x10573ddc0>
77.0,0.0,37585,<entities.processor.Processor object at 0x10573d1f0>,<entities.dtn.DTN object at 0x10573ddc0>
78.0,0.0,37585,<entities.processor.Processor object at 0x10573d1f0>,<entities.dtn.DTN object at 0x10573ddc0>
79.0,0.0,37585,<entities.processor.Processor object at 0x10573d1f0>,<entities.dtn.DTN object at 0x10573ddc0>
80.0,0.0,37585,<entities.processor.Processor object at 0x10573d1f0>,<entities.dtn.DTN object at 0x10573ddc0>
81.0,0.0,37585,<entities.processor.Processor object at 0x10573d1f0>,<entities.dtn.DTN object at 0x10573ddc0>
82.0,0.0,37585,<entities.processor.Processor object at 0x10573d1f0>,<entities.dtn.DTN object at 0x10573ddc0>
83.0,0.0,37585,<entities.processor.Processor object at 0x10573d1f0>,<entities.dtn.DTN object at 0x10573ddc0>
84.0,0.0,37585,<entities.processor.Processor object at 0x10573d1f0>,<entities.dtn.DTN object at 0x10573ddc0>
85.0,0.0,37585,<entities.processor.Processor object at 0x10573d1f0>,<entities.dtn.DTN object at 0x10573ddc0>
86.0,0.0,37585,<entities.processor.Processor object at 0x10573d1f0>,<entities.dtn.DTN object at 0x10573ddc0>
87.0,0.0,37585,<entities.processor.Processor object at 0x10573d1f0>,<entities.dtn.DTN object at 0x10573ddc0>
88.0,0.0,37585,<entities.processor.Processor object at 0x10573d1f0>,<entities.dtn.DTN object at 0x10573ddc0>
89.0,0.0,37585,<entities.processor.Processor object at 0x10573d1f0>,<entities.dtn.DTN object at 0x10573ddc0>
90.0,0.0,37585,<entities.processor.Processor object at 0x10573d1f0>,<entities.dtn.DTN object at 0x10573ddc0>
91.0,0.0,37585,<entities.processor.Processor object at 0x10573d1f0>,<entities.dtn.DTN object at 0x10573ddc0>
92.0,0.0,37585,<entities.processor.Processor object at 0x10573d1f0>,<entities.dtn.DTN object at 0x10573ddc0>
93.0,0.0,37585,<entities.processor.Processor object at 0x10573d1f0>,<entities.dtn.DTN object at 0x10573ddc0>
94.0,0.0,37585,<entities.processor.Processor object at 0x10573d1f0>,<entities.dtn.DTN object at 0x10573ddc0>
95.0,0.0,37585,<entities.processor.Processor object at 0x10573d1f0>,<entities.dtn.DTN object at 0x10573ddc0>
96.0,0.0,37585,<entities.processor.Processor object at 0x10573d1f0>,<entities.dtn.DTN object at 0x10573ddc0>
97.0,0.0,37585,<entities.processor.Processor object at 0x10573d1f0>,<entities.dtn.DTN object at 0x10573ddc0>
98.0,0.0,37585,<entities.processor.Processor object at 0x10573d1f0>,<entities.dtn.DTN object at 0x10573ddc0>
99.0,0.0,37585,<entities.processor.Processor object at 0x10573d1f0>,<entities.dtn.DTN object at 0x10573ddc0>
63.0,0.0,68033,<entities.processor.Processor object at 0x10573d1f0>,<entities.dtn.DTN object at 0x10573ddc0>
64.0,0.0,68033,<entities.processor.Processor object at 0x10573d1f0>,<entities.dtn.DTN object at 0x10573ddc0>
65.0,0.0,68033,<entities.processor.Processor object at 0x10573d1f0>,<entities.dtn.DTN object at 0x10573ddc0>
66.0,0.0,68033,<entities.processor.Processor object at 0x10573d1f0>,<entities.dtn.DTN object at 0x10573ddc0>
67.0,0.0,68033,<entities.processor.Processor object at 0x10573d1f0>,<entities.dtn.DTN object at 0x10573ddc0>
68.0,0.0,68033,<entities.processor.Processor object at 0x10573d1f0>,<entities.dtn.DTN object at 0x10573ddc0>
69.0,0.0,68033,<entities.processor.Processor object at 0x10573d1f0>,<entities.dtn.DTN object at 0x10573ddc0>
70.0,0.0,68033,<entities.processor.Processor object at 0x10573d1f0>,<entities.dtn.DTN object at 0x10573ddc0>
71.0,0.0,68033,<entities.processor.Processor object at 0x10573d1f0>,<entities.dtn.DTN object at 0x10573ddc0>
72.0,0.0,68033,<entities.processor.Processor object at 0x10573d1f0>,<entities.dtn.DTN object at 0x10573ddc0>
73.0,0.0,68033,<entities.processor.Processor object at 0x10573d1f0>,<entities.dtn.DTN object at 0x10573ddc0>
74.0,0.0,68033,<entities.processor.Processor object at 0x10573d1f0>,<entities.dtn.DTN object at 0x10573ddc0>
75.0,0.0,68033,<entities.processor.Processor object at 0x10573d1f0>,<entities.dtn.DTN object at 0x10573ddc0>
76.0,0.0,68033,<entities.processor.Processor object at 0x10573d1f0>,<entities.dtn.DTN object at 0x10573ddc0>
77.0,0.0,68033,<entities.processor.Processor object at 0x10573d1f0>,<entities.dtn.DTN object at 0x10573ddc0>
78.0,0.0,68033,<entities.processor.Processor object at 0x10573d1f0>,<entities.dtn.DTN object at 0x10573ddc0>
79.0,0.0,68033,<entities.processor.Processor object at 0x10573d1f0>,<entities.dtn.DTN object at 0x10573ddc0>
80.0,0.0,68033,<entities.processor.Processor object at 0x10573d1f0>,<entities.dtn.DTN object at 0x10573ddc0>
81.0,0.0,68033,<entities.processor.Processor object at 0x10573d1f0>,<entities.dtn.DTN object at 0x10573ddc0>
82.0,0.0,68033,<entities.processor.Processor object at 0x10573d1f0>,<entities.dtn.DTN object at 0x10573ddc0>
83.0,0.0,68033,<entities.processor.Processor object at 0x10573d1f0>,<entities.dtn.DTN object at 0x10573ddc0>
84.0,0.0,68033,<entities.processor.Processor object at 0x10573d1f0>,<entities.dtn.DTN object at 0x10573ddc0>
85.0,0.0,68033,<entities.processor.Processor object at 0x10573d1f0>,<entities.dtn.DTN object at 0x10573ddc0>
86.0,0.0,68033,<entities.processor.Processor object at 0x10573d1f0>,<entities.dtn.DTN object at 0x10573ddc0>
87.0,0.0,68033,<entities.processor.Processor object at 0x10573d1f0>,<entities.dtn.DTN object at 0x10573ddc0>
88.0,0.0,68033,<entities.processor.Processor object at 0x10573d1f0>,<entities.dtn.DTN object at 0x10573ddc0>
89.0,0.0,68033,<entities.processor.Processor object at 0x10573d1f0>,<entities.dtn.DTN object at 0x10573ddc0>
90.0,0.0,68033,<entities.processor.Processor object at 0x10573d1f0>,<entities.dtn.DTN object at 0x10573ddc0>
91.0,0.0,68033,<entities.processor.Processor object at 0x10573d1f0>,<entities.dtn.DTN object at 0x10573ddc0>
92.0,0.0,68033,<entities.processor.Processor object at 0x10573d1f0>,<entities.dtn.DTN object at 0x10573ddc0>
93.0,0.0,68033,<entities.processor.Processor object at 0x10573d1f0>,<entities.dtn.DTN object at 0x10573ddc0>
94.0,0.0,68033,<entities.processor.Processor object at 0x10573d1f0>,<entities.dtn.DTN object at 0x10573ddc0>
95.0,0.0,68033,<entities.processor.Processor object at 0x10573d1f0>,<entities.dtn.DTN object at 0x10573ddc0>
96.0,0.0,68033,<entities.processor.Processor object at 0x10573d1f0>,<entities.dtn.DTN object at 0x10573ddc0>
97.0,0.0,68033,<entities.processor.Processor object at 0x10573d1f0>,<entities.dtn.DTN object at 0x10573ddc0>
98.0,0.0,68033,<entities.processor.Processor object at 0x10573d1f0>,<entities.dtn.DTN object at 0x10573ddc0>
99.0,0.0,68033,<entities.processor.Processor object at 0x10573d1f0>,<entities.dtn.DTN object at 0x10573ddc0>
63.25136870595789,0.0,16157,<entities.processor.Processor object at 0x105728940>,<entities.dtn.DTN object at 0x10573ddc0>
64.25136870595789,0.0,16157,<entities.processor.Processor object at 0x105728940>,<entities.dtn.DTN object at 0x10573ddc0>
65.25136870595789,0.0,16157,<entities.processor.Processor object at 0x105728940>,<entities.dtn.DTN object at 0x10573ddc0>
66.25136870595789,0.0,16157,<entities.processor.Processor object at 0x105728940>,<entities.dtn.DTN object at 0x10573ddc0>
67.25136870595789,0.0,16157,<entities.processor.Processor object at 0x105728940>,<entities.dtn.DTN object at 0x10573ddc0>
68.25136870595789,0.0,16157,<entities.processor.Processor object at 0x105728940>,<entities.dtn.DTN object at 0x10573ddc0>
69.25136870595789,0.0,16157,<entities.processor.Processor object at 0x105728940>,<entities.dtn.DTN object at 0x10573ddc0>
70.25136870595789,0.0,16157,<entities.processor.Processor object at 0x105728940>,<entities.dtn.DTN object at 0x10573ddc0>
71.25136870595789,0.0,16157,<entities.processor.Processor object at 0x105728940>,<entities.dtn.DTN object at 0x10573ddc0>
72.25136870595789,0.0,16157,<entities.processor.Processor object at 0x105728940>,<entities.dtn.DTN object at 0x10573ddc0>
73.25136870595789,0.0,16157,<entities.processor.Processor object at 0x105728940>,<entities.dtn.DTN object at 0x10573ddc0>
74.25136870595789,0.0,16157,<entities.processor.Processor object at 0x105728940>,<entities.dtn.DTN object at 0x10573ddc0>
75.25136870595789,0.0,16157,<entities.processor.Processor object at 0x105728940>,<entities.dtn.DTN object at 0x10573ddc0>
76.25136870595789,0.0,16157,<entities.processor.Processor object at 0x105728940>,<entities.dtn.DTN object at 0x10573ddc0>
77.25136870595789,0.0,16157,<entities.processor.Processor object at 0x105728940>,<entities.dtn.DTN object at 0x10573ddc0>
78.25136870595789,0.0,16157,<entities.processor.Processor object at 0x105728940>,<entities.dtn.DTN object at 0x10573ddc0>
79.25136870595789,0.0,16157,<entities.processor.Processor object at 0x105728940>,<entities.dtn.DTN object at 0x10573ddc0>
80.25136870595789,0.0,16157,<entities.processor.Processor object at 0x105728940>,<entities.dtn.DTN object at 0x10573ddc0>
81.25136870595789,0.0,16157,<entities.processor.Processor object at 0x105728940>,<entities.dtn.DTN object at 0x10573ddc0>
82.25136870595789,0.0,16157,<entities.processor.Processor object at 0x105728940>,<entities.dtn.DTN object at 0x10573ddc0>
83.25136870595789,0.0,16157,<entities.processor.Processor object at 0x105728940>,<entities.dtn.DTN object at 0x10573ddc0>
84.25136870595789,0.0,16157,<entities.processor.Processor object at 0x105728940>,<entities.dtn.DTN object at 0x10573ddc0>
85.25136870595789,0.0,16157,<entities.processor.Processor object at 0x105728940>,<entities.dtn.DTN object at 0x10573ddc0>
86.25136870595789,0.0,16157,<entities.processor.Processor object at 0x105728940>,<entities.dtn.DTN object at 0x10573ddc0>
87.25136870595789,0.0,16157,<entities.processor.Processor object at 0x105728940>,<entities.dtn.DTN object at 0x10573ddc0>
88.25136870595789,0.0,16157,<entities.processor.Processor object at 0x105728940>,<entities.dtn.DTN object at 0x10573ddc0>
89.25136870595789,0.0,16157,<entities.processor.Processor object at 0x105728940>,<entities.dtn.DTN object at 0x10573ddc0>
90.25136870595789,0.0,16157,<entities.processor.Processor object at 0x105728940>,<entities.dtn.DTN object at 0x10573ddc0>
91.25136870595789,0.0,16157,<entities.processor.Processor object at 0x105728940>,<entities.dtn.DTN object at 0x10573ddc0>
92.25136870595789,0.0,16157,<entities.processor.Processor object at 0x105728940>,<entities.dtn.DTN object at 0x10573ddc0>
93.25136870595789,0.0,16157,<entities.processor.Processor object at 0x105728940>,<entities.dtn.DTN object at 0x10573ddc0>
94.25136870595789,0.0,16157,<entities.processor.Processor object at 0x105728940>,<entities.dtn.DTN object at 0x10573ddc0>
95.25136870595789,0.0,16157,<entities.processor.Processor object at 0x105728940>,<entities.dtn.DTN object at 0x10573ddc0>
96.25136870595789,0.0,16157,<entities.processor.Processor object at 0x105728940>,<entities.dtn.DTN object at 0x10573ddc0>
97.25136870595789,0.0,16157,<entities.processor.Processor object at 0x105728940>,<entities.dtn.DTN object at 0x10573ddc0>
98.25136870595789,0.0,16157,<entities.processor.Processor object at 0x105728940>,<entities.dtn.DTN object at 0x10573ddc0>
99.25136870595789,0.0,16157,<entities.processor.Processor object at 0x105728940>,<entities.dtn.DTN object at 0x10573ddc0>
63.5,0.0,51488,<entities.processor.Processor object at 0x1057284c0>,<entities.dtn.DTN object at 0x10573ddc0>
64.5,0.0,51488,<entities.processor.Processor object at 0x1057284c0>,<entities.dtn.DTN object at 0x10573ddc0>
65.5,0.0,51488,<entities.processor.Processor object at 0x1057284c0>,<entities.dtn.DTN object at 0x10573ddc0>
66.5,0.0,51488,<entities.processor.Processor object at 0x1057284c0>,<entities.dtn.DTN object at 0x10573ddc0>
67.5,0.0,51488,<entities.processor.Processor object at 0x1057284c0>,<entities.dtn.DTN object at 0x10573ddc0>
68.5,0.0,51488,<entities.processor.Processor object at 0x1057284c0>,<entities.dtn.DTN object at 0x10573ddc0>
69.5,0.0,51488,<entities.processor.Processor object at 0x1057284c0>,<entities.dtn.DTN object at 0x10573ddc0>
70.5,0.0,51488,<entities.processor.Processor object at 0x1057284c0>,<entities.dtn.DTN object at 0x10573ddc0>
71.5,0.0,51488,<entities.processor.Processor object at 0x1057284c0>,<entities.dtn.DTN object at 0x10573ddc0>
72.5,0.0,51488,<entities.processor.Processor object at 0x1057284c0>,<entities.dtn.DTN object at 0x10573ddc0>
73.5,0.0,51488,<entities.processor.Processor object at 0x1057284c0>,<entities.dtn.DTN object at 0x10573ddc0>
74.5,0.0,51488,<entities.processor.Processor object at 0x1057284c0>,<entities.dtn.DTN object at 0x10573ddc0>
75.5,0.0,51488,<entities.processor.Processor object at 0x1057284c0>,<entities.dtn.DTN object at 0x10573ddc0>
76.5,0.0,51488,<entities.processor.Processor object at 0x1057284c0>,<entities.dtn.DTN object at 0x10573ddc0>
77.5,0.0,51488,<entities.processor.Processor object at 0x1057284c0>,<entities.dtn.DTN object at 0x10573ddc0>
78.5,0.0,51488,<entities.processor.Processor object at 0x1057284c0>,<entities.dtn.DTN object at 0x10573ddc0>
79.5,0.0,51488,<entities.processor.Processor object at 0x1057284c0>,<entities.dtn.DTN object at 0x10573ddc0>
80.5,0.0,51488,<entities.processor.Processor object at 0x1057284c0>,<entities.dtn.DTN object at 0x10573ddc0>
81.5,0.0,51488,<entities.processor.Processor object at 0x1057284c0>,<entities.dtn.DTN object at 0x10573ddc0>
82.5,0.0,51488,<entities.processor.Processor object at 0x1057284c0>,<entities.dtn.DTN object at 0x10573ddc0>
83.5,0.0,51488,<entities.processor.Processor object at 0x1057284c0>,<entities.dtn.DTN object at 0x10573ddc0>
84.5,0.0,51488,<entities.processor.Processor object at 0x1057284c0>,<entities.dtn.DTN object at 0x10573ddc0>
85.5,0.0,51488,<entities.processor.Processor object at 0x1057284c0>,<entities.dtn.DTN object at 0x10573ddc0>
86.5,0.0,51488,<entities.processor.Processor object at 0x1057284c0>,<entities.dtn.DTN object at 0x10573ddc0>
87.5,0.0,51488,<entities.processor.Processor object at 0x1057284c0>,<entities.dtn.DTN object at 0x10573ddc0>
88.5,0.0,51488,<entities.processor.Processor object at 0x1057284c0>,<entities.dtn.DTN object at 0x10573ddc0>
89.5,0.0,51488,<entities.processor.Processor object at 0x1057284c0>,<entities.dtn.DTN object at 0x10573ddc0>
90.5,0.0,51488,<entities.processor.Processor object at 0x1057284c0>,<entities.dtn.DTN object at 0x10573ddc0>
91.5,0.0,51488,<entities.processor.Processor object at 0x1057284c0>,<entities.dtn.DTN object at 0x10573ddc0>
92.5,0.0,51488,<entities.processor.Processor object at 0x1057284c0>,<entities.dtn.DTN object at 0x10573ddc0>
93.5,0.0,51488,<entities.processor.Processor object at 0x1057284c0>,<entities.dtn.DTN object at 0x10573ddc0>
94.5,0.0,51488,<entities.processor.Processor object at 0x1057284c0>,<entities.dtn.DTN object at 0x10573ddc0>
95.5,0.0,51488,<entities.processor.Processor object at 0x1057284c0>,<entities.dtn.DTN object at 0x10573ddc0>
96.5,0.0,51488,<entities.processor.Processor object at 0x1057284c0>,<entities.dtn.DTN object at 0x10573ddc0>
97.5,0.0,51488,<entities.processor.Processor object at 0x1057284c0>,<entities.dtn.DTN object at 0x10573ddc0>
98.5,0.0,51488,<entities.processor.Processor object at 0x1057284c0>,<entities.dtn.DTN object at 0x10573ddc0>
99.5,0.0,51488,<entities.processor.Processor object at 0x1057284c0>,<entities.dtn.DTN object at 0x10573ddc0>
