time,rtt,connection_id,src,dst
0.7010099999999999,0.10090999999999994,4905,<entities.dtn.DTN object at 0x10573ddc0>,<entities.processor.Processor object at 0x100c644c0>
0.8018599999999999,0.10090999999999994,4905,<entities.dtn.DTN object at 0x10573ddc0>,<entities.processor.Processor object at 0x100c644c0>
0.8027099999999999,0.10172999999999999,4905,<entities.dtn.DTN object at 0x10573ddc0>,<entities.processor.Processor object at 0x100c644c0>
0.9035599999999999,0.10175999999999996,4905,<entities.dtn.DTN object at 0x10573ddc0>,<entities.processor.Processor object at 0x100c644c0>
0.9044099999999999,0.10258,4905,<entities.dtn.DTN object at 0x10573ddc0>,<entities.processor.Processor object at 0x100c644c0>
0.90526,0.10260999999999998,4905,<entities.dtn.DTN object at 0x10573ddc0>,<entities.processor.Processor object at 0x100c644c0>
0.90611,0.10343000000000002,4905,<entities.dtn.DTN object at 0x10573ddc0>,<entities.processor.Processor object at 0x100c644c0>
1.00696,0.10346000000000011,4905,<entities.dtn.DTN object at 0x10573ddc0>,<entities.processor.Processor object at 0x100c644c0>
1.00781,0.10428000000000015,4905,<entities.dtn.DTN object at 0x10573ddc0>,<entities.processor.Processor object at 0x100c644c0>
1.0086600000000001,0.10431000000000012,4905,<entities.dtn.DTN object at 0x10573ddc0>,<entities.processor.Processor object at 0x100c644c0>
1.0095100000000001,0.10513000000000017,4905,<entities.dtn.DTN object at 0x10573ddc0>,<entities.processor.Processor object at 0x100c644c0>
1.0103600000000001,0.10516000000000014,4905,<entities.dtn.DTN object at 0x10573ddc0>,<entities.processor.Processor object at 0x100c644c0>
1.0112100000000002,0.10598000000000019,4905,<entities.dtn.DTN object at 0x10573ddc0>,<entities.processor.Processor object at 0x100c644c0>
1.0120600000000002,0.10601000000000016,4905,<entities.dtn.DTN object at 0x10573ddc0>,<entities.processor.Processor object at 0x100c644c0>
1.0129100000000002,0.1068300000000002,4905,<entities.dtn.DTN object at 0x10573ddc0>,<entities.processor.Processor object at 0x100c644c0>
1.1137600000000003,0.10686000000000018,4905,<entities.dtn.DTN object at 0x10573ddc0>,<entities.processor.Processor object at 0x100c644c0>
1.1146100000000003,0.10768000000000022,4905,<entities.dtn.DTN object at 0x10573ddc0>,<entities.processor.Processor object at 0x100c644c0>
1.1154600000000003,0.1077100000000002,4905,<entities.dtn.DTN object at 0x10573ddc0>,<entities.processor.Processor object at 0x100c644c0>
1.1163100000000004,0.10853000000000024,4905,<entities.dtn.DTN object at 0x10573ddc0>,<entities.processor.Processor object at 0x100c644c0>
1.1171600000000004,0.10856000000000021,4905,<entities.dtn.DTN object at 0x10573ddc0>,<entities.processor.Processor object at 0x100c644c0>
1.1180100000000004,0.10938000000000025,4905,<entities.dtn.DTN object at 0x10573ddc0>,<entities.processor.Processor object at 0x100c644c0>
1.1188600000000004,0.10941000000000023,4905,<entities.dtn.DTN object at 0x10573ddc0>,<entities.processor.Processor object at 0x100c644c0>
1.1197100000000004,0.11023000000000027,4905,<entities.dtn.DTN object at 0x10573ddc0>,<entities.processor.Processor object at 0x100c644c0>
1.1205600000000004,0.11026000000000025,4905,<entities.dtn.DTN object at 0x10573ddc0>,<entities.processor.Processor object at 0x100c644c0>
1.1214100000000005,0.11108000000000029,4905,<entities.dtn.DTN object at 0x10573ddc0>,<entities.processor.Processor object at 0x100c644c0>
1.1222600000000005,0.11111000000000026,4905,<entities.dtn.DTN object at 0x10573ddc0>,<entities.processor.Processor object at 0x100c644c0>
1.1231100000000005,0.11193000000000031,4905,<entities.dtn.DTN object at 0x10573ddc0>,<entities.processor.Processor object at 0x100c644c0>
1.1239600000000005,0.11196000000000028,4905,<entities.dtn.DTN object at 0x10573ddc0>,<entities.processor.Processor object at 0x100c644c0>
1.1248100000000005,0.11278000000000032,4905,<entities.dtn.DTN object at 0x10573ddc0>,<entities.processor.Processor object at 0x100c644c0>
1.1256600000000005,0.1128100000000003,4905,<entities.dtn.DTN object at 0x10573ddc0>,<entities.processor.Processor object at 0x100c644c0>
1.1265100000000006,0.11363000000000034,4905,<entities.dtn.DTN object at 0x10573ddc0>,<entities.processor.Processor object at 0x100c644c0>
1.1273600000000006,0.013660000000000228,4905,<entities.dtn.DTN object at 0x10573ddc0>,<entities.processor.Processor object at 0x100c644c0>
1.1282100000000006,0.01448000000000027,4905,<entities.dtn.DTN object at 0x10573ddc0>,<entities.processor.Processor object at 0x100c644c0>
1.1290600000000006,0.014510000000000245,4905,<entities.dtn.DTN object at 0x10573ddc0>,<entities.processor.Processor object at 0x100c644c0>
1.1299100000000006,0.015330000000000288,4905,<entities.dtn.DTN object at 0x10573ddc0>,<entities.processor.Processor object at 0x100c644c0>
1.1307600000000007,0.015360000000000262,4905,<entities.dtn.DTN object at 0x10573ddc0>,<entities.processor.Processor object at 0x100c644c0>
1.1316100000000007,0.016180000000000305,4905,<entities.dtn.DTN object at 0x10573ddc0>,<entities.processor.Processor object at 0x100c644c0>
1.1324600000000007,0.01621000000000028,4905,<entities.dtn.DTN object at 0x10573ddc0>,<entities.processor.Processor object at 0x100c644c0>
1.1333100000000007,0.017030000000000323,4905,<entities.dtn.DTN object at 0x10573ddc0>,<entities.processor.Processor object at 0x100c644c0>
1.1341600000000007,0.017060000000000297,4905,<entities.dtn.DTN object at 0x10573ddc0>,<entities.processor.Processor object at 0x100c644c0>
1.1350100000000007,0.01788000000000034,4905,<entities.dtn.DTN object at 0x10573ddc0>,<entities.processor.Processor object at 0x100c644c0>
1.1358600000000008,0.017910000000000315,4905,<entities.dtn.DTN object at 0x10573ddc0>,<entities.processor.Processor object at 0x100c644c0>
1.1367100000000008,0.018730000000000357,4905,<entities.dtn.DTN object at 0x10573ddc0>,<entities.processor.Processor object at 0x100c644c0>
1.1375600000000008,0.018760000000000332,4905,<entities.dtn.DTN object at 0x10573ddc0>,<entities.processor.Processor object at 0x100c644c0>
1.1384100000000008,0.019580000000000375,4905,<entities.dtn.DTN object at 0x10573ddc0>,<entities.processor.Processor object at 0x100c644c0>
1.1392600000000008,0.01961000000000035,4905,<entities.dtn.DTN object at 0x10573ddc0>,<entities.processor.Processor object at 0x100c644c0>
1.1401100000000008,0.020430000000000392,4905,<entities.dtn.DTN object at 0x10573ddc0>,<entities.processor.Processor object at 0x100c644c0>
1.1409600000000009,0.020460000000000367,4905,<entities.dtn.DTN object at 0x10573ddc0>,<entities.processor.Processor object at 0x100c644c0>
1.1418100000000009,0.02128000000000041,4905,<entities.dtn.DTN object at 0x10573ddc0>,<entities.processor.Processor object at 0x100c644c0>
1.142660000000001,0.021310000000000384,4905,<entities.dtn.DTN object at 0x10573ddc0>,<entities.processor.Processor object at 0x100c644c0>
1.143510000000001,0.022130000000000427,4905,<entities.dtn.DTN object at 0x10573ddc0>,<entities.processor.Processor object at 0x100c644c0>
1.144360000000001,0.0221600000000004,4905,<entities.dtn.DTN object at 0x10573ddc0>,<entities.processor.Processor object at 0x100c644c0>
1.145210000000001,0.022980000000000445,4905,<entities.dtn.DTN object at 0x10573ddc0>,<entities.processor.Processor object at 0x100c644c0>
1.146060000000001,0.02301000000000042,4905,<entities.dtn.DTN object at 0x10573ddc0>,<entities.processor.Processor object at 0x100c644c0>
1.146910000000001,0.023830000000000462,4905,<entities.dtn.DTN object at 0x10573ddc0>,<entities.processor.Processor object at 0x100c644c0>
1.147760000000001,0.023860000000000436,4905,<entities.dtn.DTN object at 0x10573ddc0>,<entities.processor.Processor object at 0x100c644c0>
1.148610000000001,0.02468000000000048,4905,<entities.dtn.DTN object at 0x10573ddc0>,<entities.processor.Processor object at 0x100c644c0>
1.149460000000001,0.024710000000000454,4905,<entities.dtn.DTN object at 0x10573ddc0>,<entities.processor.Processor object at 0x100c644c0>
1.150310000000001,0.025530000000000497,4905,<entities.dtn.DTN object at 0x10573ddc0>,<entities.processor.Processor object at 0x100c644c0>
1.151160000000001,0.02556000000000047,4905,<entities.dtn.DTN object at 0x10573ddc0>,<entities.processor.Processor object at 0x100c644c0>
1.152010000000001,0.026380000000000514,4905,<entities.dtn.DTN object at 0x10573ddc0>,<entities.processor.Processor object at 0x100c644c0>
1.152860000000001,0.02641000000000049,4905,<entities.dtn.DTN object at 0x10573ddc0>,<entities.processor.Processor object at 0x100c644c0>
1.1537100000000011,0.02723000000000053,4905,<entities.dtn.DTN object at 0x10573ddc0>,<entities.processor.Processor object at 0x100c644c0>
1.1545600000000011,0.027260000000000506,4905,<entities.dtn.DTN object at 0x10573ddc0>,<entities.processor.Processor object at 0x100c644c0>
1.1553800000000012,0.028050000000000574,4905,<entities.dtn.DTN object at 0x10573ddc0>,<entities.processor.Processor object at 0x100c644c0>
1.1562300000000012,0.02808000000000055,4905,<entities.dtn.DTN object at 0x10573ddc0>,<entities.processor.Processor object at 0x100c644c0>
1.1570800000000012,0.028900000000000592,4905,<entities.dtn.DTN object at 0x10573ddc0>,<entities.processor.Processor object at 0x100c644c0>
1.1579300000000012,0.028930000000000566,4905,<entities.dtn.DTN object at 0x10573ddc0>,<entities.processor.Processor object at 0x100c644c0>
1.1587800000000013,0.02975000000000061,4905,<entities.dtn.DTN object at 0x10573ddc0>,<entities.processor.Processor object at 0x100c644c0>
1.1596300000000013,0.029780000000000584,4905,<entities.dtn.DTN object at 0x10573ddc0>,<entities.processor.Processor object at 0x100c644c0>
1.1604800000000013,0.030600000000000627,4905,<entities.dtn.DTN object at 0x10573ddc0>,<entities.processor.Processor object at 0x100c644c0>
1.1613300000000013,0.0306300000000006,4905,<entities.dtn.DTN object at 0x10573ddc0>,<entities.processor.Processor object at 0x100c644c0>
1.1621800000000013,0.031450000000000644,4905,<entities.dtn.DTN object at 0x10573ddc0>,<entities.processor.Processor object at 0x100c644c0>
1.1630300000000013,0.03148000000000062,4905,<entities.dtn.DTN object at 0x10573ddc0>,<entities.processor.Processor object at 0x100c644c0>
1.1638800000000014,0.03230000000000066,4905,<entities.dtn.DTN object at 0x10573ddc0>,<entities.processor.Processor object at 0x100c644c0>
1.1647300000000014,0.032330000000000636,4905,<entities.dtn.DTN object at 0x10573ddc0>,<entities.processor.Processor object at 0x100c644c0>
1.1655800000000014,0.03315000000000068,4905,<entities.dtn.DTN object at 0x10573ddc0>,<entities.processor.Processor object at 0x100c644c0>
1.1664300000000014,0.03318000000000065,4905,<entities.dtn.DTN object at 0x10573ddc0>,<entities.processor.Processor object at 0x100c644c0>
1.1672800000000014,0.034000000000000696,4905,<entities.dtn.DTN object at 0x10573ddc0>,<entities.processor.Processor object at 0x100c644c0>
1.1681300000000014,0.03403000000000067,4905,<entities.dtn.DTN object at 0x10573ddc0>,<entities.processor.Processor object at 0x100c644c0>
1.1689800000000015,0.034850000000000714,4905,<entities.dtn.DTN object at 0x10573ddc0>,<entities.processor.Processor object at 0x100c644c0>
1.1698300000000015,0.03488000000000069,4905,<entities.dtn.DTN object at 0x10573ddc0>,<entities.processor.Processor object at 0x100c644c0>
1.1706800000000015,0.03570000000000073,4905,<entities.dtn.DTN object at 0x10573ddc0>,<entities.processor.Processor object at 0x100c644c0>
1.1715300000000015,0.035730000000000706,4905,<entities.dtn.DTN object at 0x10573ddc0>,<entities.processor.Processor object at 0x100c644c0>
1.1723800000000015,0.03655000000000075,4905,<entities.dtn.DTN object at 0x10573ddc0>,<entities.processor.Processor object at 0x100c644c0>
1.1732300000000015,0.03658000000000072,4905,<entities.dtn.DTN object at 0x10573ddc0>,<entities.processor.Processor object at 0x100c644c0>
1.1740800000000016,0.037400000000000766,4905,<entities.dtn.DTN object at 0x10573ddc0>,<entities.processor.Processor object at 0x100c644c0>
1.1749300000000016,0.03743000000000074,4905,<entities.dtn.DTN object at 0x10573ddc0>,<entities.processor.Processor object at 0x100c644c0>
1.1757800000000016,0.03825000000000078,4905,<entities.dtn.DTN object at 0x10573ddc0>,<entities.processor.Processor object at 0x100c644c0>
1.1766300000000016,0.03828000000000076,4905,<entities.dtn.DTN object at 0x10573ddc0>,<entities.processor.Processor object at 0x100c644c0>
1.1774800000000016,0.0391000000000008,4905,<entities.dtn.DTN object at 0x10573ddc0>,<entities.processor.Processor object at 0x100c644c0>
1.1783300000000017,0.039130000000000775,4905,<entities.dtn.DTN object at 0x10573ddc0>,<entities.processor.Processor object at 0x100c644c0>
1.1791800000000017,0.03995000000000082,4905,<entities.dtn.DTN object at 0x10573ddc0>,<entities.processor.Processor object at 0x100c644c0>
1.1800300000000017,0.03998000000000079,4905,<entities.dtn.DTN object at 0x10573ddc0>,<entities.processor.Processor object at 0x100c644c0>
1.1808800000000017,0.040800000000000836,4905,<entities.dtn.DTN object at 0x10573ddc0>,<entities.processor.Processor object at 0x100c644c0>
1.1817300000000017,0.04083000000000081,4905,<entities.dtn.DTN object at 0x10573ddc0>,<entities.processor.Processor object at 0x100c644c0>
1.1825800000000017,0.04165000000000085,4905,<entities.dtn.DTN object at 0x10573ddc0>,<entities.processor.Processor object at 0x100c644c0>
1.1834300000000018,0.04168000000000083,4905,<entities.dtn.DTN object at 0x10573ddc0>,<entities.processor.Processor object at 0x100c644c0>
1.1842800000000018,0.04250000000000087,4905,<entities.dtn.DTN object at 0x10573ddc0>,<entities.processor.Processor object at 0x100c644c0>
1.1851300000000018,0.042530000000000845,4905,<entities.dtn.DTN object at 0x10573ddc0>,<entities.processor.Processor object at 0x100c644c0>
1.1859800000000018,0.04335000000000089,4905,<entities.dtn.DTN object at 0x10573ddc0>,<entities.processor.Processor object at 0x100c644c0>
1.1868300000000018,0.04338000000000086,4905,<entities.dtn.DTN object at 0x10573ddc0>,<entities.processor.Processor object at 0x100c644c0>
1.1876800000000018,0.044200000000000905,4905,<entities.dtn.DTN object at 0x10573ddc0>,<entities.processor.Processor object at 0x100c644c0>
1.1885200000000018,0.044220000000000814,4905,<entities.dtn.DTN object at 0x10573ddc0>,<entities.processor.Processor object at 0x100c644c0>
1.189350000000002,0.04502000000000095,4905,<entities.dtn.DTN object at 0x10573ddc0>,<entities.processor.Processor object at 0x100c644c0>
1.190200000000002,0.04505000000000092,4905,<entities.dtn.DTN object at 0x10573ddc0>,<entities.processor.Processor object at 0x100c644c0>
1.191050000000002,0.045870000000000966,4905,<entities.dtn.DTN object at 0x10573ddc0>,<entities.processor.Processor object at 0x100c644c0>
1.191900000000002,0.04590000000000094,4905,<entities.dtn.DTN object at 0x10573ddc0>,<entities.processor.Processor object at 0x100c644c0>
1.192750000000002,0.04672000000000098,4905,<entities.dtn.DTN object at 0x10573ddc0>,<entities.processor.Processor object at 0x100c644c0>
1.2350000000000028,0.08812000000000175,4905,<entities.dtn.DTN object at 0x10573ddc0>,<entities.processor.Processor object at 0x100c644c0>
1.2358500000000028,0.08812000000000175,4905,<entities.dtn.DTN object at 0x10573ddc0>,<entities.processor.Processor object at 0x100c644c0>
1.2367000000000028,0.08812000000000175,4905,<entities.dtn.DTN object at 0x10573ddc0>,<entities.processor.Processor object at 0x100c644c0>
1.2375500000000028,0.08812000000000175,4905,<entities.dtn.DTN object at 0x10573ddc0>,<entities.processor.Processor object at 0x100c644c0>
1.241800000000003,0.09152000000000182,4905,<entities.dtn.DTN object at 0x10573ddc0>,<entities.processor.Processor object at 0x100c644c0>
1.242650000000003,0.09152000000000182,4905,<entities.dtn.DTN object at 0x10573ddc0>,<entities.processor.Processor object at 0x100c644c0>
1.243500000000003,0.09152000000000182,4905,<entities.dtn.DTN object at 0x10573ddc0>,<entities.processor.Processor object at 0x100c644c0>
1.244350000000003,0.09152000000000182,4905,<entities.dtn.DTN object at 0x10573ddc0>,<entities.processor.Processor object at 0x100c644c0>
1.245200000000003,0.09152000000000182,4905,<entities.dtn.DTN object at 0x10573ddc0>,<entities.processor.Processor object at 0x100c644c0>
1.246050000000003,0.09152000000000182,4905,<entities.dtn.DTN object at 0x10573ddc0>,<entities.processor.Processor object at 0x100c644c0>
1.2554000000000032,0.06690000000000129,4905,<entities.dtn.DTN object at 0x10573ddc0>,<entities.processor.Processor object at 0x100c644c0>
2.6032600000000015,0.10316000000000036,21926,<entities.dtn.DTN object at 0x10573ddc0>,<entities.processor.Processor object at 0x10573d1f0>
2.7063600000000014,0.10316000000000036,21926,<entities.dtn.DTN object at 0x10573ddc0>,<entities.processor.Processor object at 0x10573d1f0>
2.7094600000000013,0.10623000000000005,21926,<entities.dtn.DTN object at 0x10573ddc0>,<entities.processor.Processor object at 0x10573d1f0>
2.8125600000000013,0.10626000000000024,21926,<entities.dtn.DTN object at 0x10573ddc0>,<entities.processor.Processor object at 0x10573d1f0>
2.815660000000001,0.10932999999999993,21926,<entities.dtn.DTN object at 0x10573ddc0>,<entities.processor.Processor object at 0x10573d1f0>
2.818760000000001,0.10936000000000012,21926,<entities.dtn.DTN object at 0x10573ddc0>,<entities.processor.Processor object at 0x10573d1f0>
2.821860000000001,0.11242999999999981,21926,<entities.dtn.DTN object at 0x10573ddc0>,<entities.processor.Processor object at 0x10573d1f0>
2.924960000000001,0.11246,21926,<entities.dtn.DTN object at 0x10573ddc0>,<entities.processor.Processor object at 0x10573d1f0>
2.9280600000000008,0.11552999999999969,21926,<entities.dtn.DTN object at 0x10573ddc0>,<entities.processor.Processor object at 0x10573d1f0>
2.9311600000000007,0.11555999999999989,21926,<entities.dtn.DTN object at 0x10573ddc0>,<entities.processor.Processor object at 0x10573d1f0>
2.9342600000000005,0.11862999999999957,21926,<entities.dtn.DTN object at 0x10573ddc0>,<entities.processor.Processor object at 0x10573d1f0>
2.9373600000000004,0.11865999999999977,21926,<entities.dtn.DTN object at 0x10573ddc0>,<entities.processor.Processor object at 0x10573d1f0>
2.9404600000000003,0.12172999999999945,21926,<entities.dtn.DTN object at 0x10573ddc0>,<entities.processor.Processor object at 0x10573d1f0>
2.94356,0.12175999999999965,21926,<entities.dtn.DTN object at 0x10573ddc0>,<entities.processor.Processor object at 0x10573d1f0>
2.94666,0.12482999999999933,21926,<entities.dtn.DTN object at 0x10573ddc0>,<entities.processor.Processor object at 0x10573d1f0>
2.94976,0.024859999999999438,21926,<entities.dtn.DTN object at 0x10573ddc0>,<entities.processor.Processor object at 0x10573d1f0>
2.95286,0.027929999999999122,21926,<entities.dtn.DTN object at 0x10573ddc0>,<entities.processor.Processor object at 0x10573d1f0>
2.9559599999999997,0.02795999999999932,21926,<entities.dtn.DTN object at 0x10573ddc0>,<entities.processor.Processor object at 0x10573d1f0>
2.9590599999999996,0.031029999999999003,21926,<entities.dtn.DTN object at 0x10573ddc0>,<entities.processor.Processor object at 0x10573d1f0>
2.9621599999999995,0.0310599999999992,21926,<entities.dtn.DTN object at 0x10573ddc0>,<entities.processor.Processor object at 0x10573d1f0>
2.9652599999999993,0.03412999999999888,21926,<entities.dtn.DTN object at 0x10573ddc0>,<entities.processor.Processor object at 0x10573d1f0>
2.968359999999999,0.03415999999999908,21926,<entities.dtn.DTN object at 0x10573ddc0>,<entities.processor.Processor object at 0x10573d1f0>
2.971459999999999,0.037229999999998764,21926,<entities.dtn.DTN object at 0x10573ddc0>,<entities.processor.Processor object at 0x10573d1f0>
2.974559999999999,0.03725999999999896,21926,<entities.dtn.DTN object at 0x10573ddc0>,<entities.processor.Processor object at 0x10573d1f0>
2.977659999999999,0.040329999999998645,21926,<entities.dtn.DTN object at 0x10573ddc0>,<entities.processor.Processor object at 0x10573d1f0>
2.9807499999999987,0.040349999999998776,21926,<entities.dtn.DTN object at 0x10573ddc0>,<entities.processor.Processor object at 0x10573d1f0>
2.9837999999999982,0.04336999999999813,21926,<entities.dtn.DTN object at 0x10573ddc0>,<entities.processor.Processor object at 0x10573d1f0>
2.986899999999998,0.04339999999999833,21926,<entities.dtn.DTN object at 0x10573ddc0>,<entities.processor.Processor object at 0x10573d1f0>
2.989999999999998,0.04646999999999801,21926,<entities.dtn.DTN object at 0x10573ddc0>,<entities.processor.Processor object at 0x10573d1f0>
2.993099999999998,0.04649999999999821,21926,<entities.dtn.DTN object at 0x10573ddc0>,<entities.processor.Processor object at 0x10573d1f0>
2.9961999999999978,0.049569999999997894,21926,<entities.dtn.DTN object at 0x10573ddc0>,<entities.processor.Processor object at 0x10573d1f0>
2.9992999999999976,0.04959999999999809,21926,<entities.dtn.DTN object at 0x10573ddc0>,<entities.processor.Processor object at 0x10573d1f0>
3.0023999999999975,0.052669999999997774,21926,<entities.dtn.DTN object at 0x10573ddc0>,<entities.processor.Processor object at 0x10573d1f0>
3.0054999999999974,0.05269999999999797,21926,<entities.dtn.DTN object at 0x10573ddc0>,<entities.processor.Processor object at 0x10573d1f0>
3.0085999999999973,0.055769999999997655,21926,<entities.dtn.DTN object at 0x10573ddc0>,<entities.processor.Processor object at 0x10573d1f0>
3.011699999999997,0.05579999999999785,21926,<entities.dtn.DTN object at 0x10573ddc0>,<entities.processor.Processor object at 0x10573d1f0>
3.014799999999997,0.058869999999997535,21926,<entities.dtn.DTN object at 0x10573ddc0>,<entities.processor.Processor object at 0x10573d1f0>
3.017899999999997,0.05889999999999773,21926,<entities.dtn.DTN object at 0x10573ddc0>,<entities.processor.Processor object at 0x10573d1f0>
3.020999999999997,0.061969999999997416,21926,<entities.dtn.DTN object at 0x10573ddc0>,<entities.processor.Processor object at 0x10573d1f0>
3.0240999999999967,0.06199999999999761,21926,<entities.dtn.DTN object at 0x10573ddc0>,<entities.processor.Processor object at 0x10573d1f0>
3.0271999999999966,0.0650699999999973,21926,<entities.dtn.DTN object at 0x10573ddc0>,<entities.processor.Processor object at 0x10573d1f0>
3.0302999999999964,0.0650999999999975,21926,<entities.dtn.DTN object at 0x10573ddc0>,<entities.processor.Processor object at 0x10573d1f0>
3.0333999999999963,0.06816999999999718,21926,<entities.dtn.DTN object at 0x10573ddc0>,<entities.processor.Processor object at 0x10573d1f0>
3.036499999999996,0.06819999999999737,21926,<entities.dtn.DTN object at 0x10573ddc0>,<entities.processor.Processor object at 0x10573d1f0>
3.039599999999996,0.07126999999999706,21926,<entities.dtn.DTN object at 0x10573ddc0>,<entities.processor.Processor object at 0x10573d1f0>
3.042699999999996,0.07129999999999725,21926,<entities.dtn.DTN object at 0x10573ddc0>,<entities.processor.Processor object at 0x10573d1f0>
3.045799999999996,0.07436999999999694,21926,<entities.dtn.DTN object at 0x10573ddc0>,<entities.processor.Processor object at 0x10573d1f0>
3.0488999999999957,0.07439999999999714,21926,<entities.dtn.DTN object at 0x10573ddc0>,<entities.processor.Processor object at 0x10573d1f0>
3.0519999999999956,0.07746999999999682,21926,<entities.dtn.DTN object at 0x10573ddc0>,<entities.processor.Processor object at 0x10573d1f0>
3.0550999999999955,0.07749999999999702,21926,<entities.dtn.DTN object at 0x10573ddc0>,<entities.processor.Processor object at 0x10573d1f0>
3.0581999999999954,0.0805699999999967,21926,<entities.dtn.DTN object at 0x10573ddc0>,<entities.processor.Processor object at 0x10573d1f0>
3.0602999999999954,0.079599999999997,21926,<entities.dtn.DTN object at 0x10573ddc0>,<entities.processor.Processor object at 0x10573d1f0>
3.0633999999999952,0.08266999999999669,21926,<entities.dtn.DTN object at 0x10573ddc0>,<entities.processor.Processor object at 0x10573d1f0>
2.6010100000000014,0.10077999999999987,45597,<entities.dtn.DTN object at 0x10573ddc0>,<entities.processor.Processor object at 0x105757880>
2.7018600000000013,0.10091000000000028,45597,<entities.dtn.DTN object at 0x10573ddc0>,<entities.processor.Processor object at 0x105757880>
2.702710000000001,0.10172999999999988,45597,<entities.dtn.DTN object at 0x10573ddc0>,<entities.processor.Processor object at 0x105757880>
2.803560000000001,0.10176000000000007,45597,<entities.dtn.DTN object at 0x10573ddc0>,<entities.processor.Processor object at 0x105757880>
2.8044100000000007,0.10257999999999967,45597,<entities.dtn.DTN object at 0x10573ddc0>,<entities.processor.Processor object at 0x105757880>
2.8052600000000005,0.10260999999999987,45597,<entities.dtn.DTN object at 0x10573ddc0>,<entities.processor.Processor object at 0x105757880>
2.8061100000000003,0.10342999999999947,45597,<entities.dtn.DTN object at 0x10573ddc0>,<entities.processor.Processor object at 0x105757880>
2.90696,0.10345999999999966,45597,<entities.dtn.DTN object at 0x10573ddc0>,<entities.processor.Processor object at 0x105757880>
2.90781,0.10427999999999926,45597,<entities.dtn.DTN object at 0x10573ddc0>,<entities.processor.Processor object at 0x105757880>
2.90866,0.10430999999999946,45597,<entities.dtn.DTN object at 0x10573ddc0>,<entities.processor.Processor object at 0x105757880>
2.9095099999999996,0.10512999999999906,45597,<entities.dtn.DTN object at 0x10573ddc0>,<entities.processor.Processor object at 0x105757880>
2.9103599999999994,0.10515999999999925,45597,<entities.dtn.DTN object at 0x10573ddc0>,<entities.processor.Processor object at 0x105757880>
2.911209999999999,0.10597999999999885,45597,<entities.dtn.DTN object at 0x10573ddc0>,<entities.processor.Processor object at 0x105757880>
2.912059999999999,0.10600999999999905,45597,<entities.dtn.DTN object at 0x10573ddc0>,<entities.processor.Processor object at 0x105757880>
2.912909999999999,0.10682999999999865,45597,<entities.dtn.DTN object at 0x10573ddc0>,<entities.processor.Processor object at 0x105757880>
3.0137599999999987,0.10685999999999884,45597,<entities.dtn.DTN object at 0x10573ddc0>,<entities.processor.Processor object at 0x105757880>
3.0146099999999985,0.10767999999999844,45597,<entities.dtn.DTN object at 0x10573ddc0>,<entities.processor.Processor object at 0x105757880>
3.0154599999999983,0.10770999999999864,45597,<entities.dtn.DTN object at 0x10573ddc0>,<entities.processor.Processor object at 0x105757880>
3.016309999999998,0.10852999999999824,45597,<entities.dtn.DTN object at 0x10573ddc0>,<entities.processor.Processor object at 0x105757880>
3.017159999999998,0.10855999999999844,45597,<entities.dtn.DTN object at 0x10573ddc0>,<entities.processor.Processor object at 0x105757880>
3.0180099999999976,0.10937999999999803,45597,<entities.dtn.DTN object at 0x10573ddc0>,<entities.processor.Processor object at 0x105757880>
3.0188599999999974,0.10940999999999823,45597,<entities.dtn.DTN object at 0x10573ddc0>,<entities.processor.Processor object at 0x105757880>
3.0197099999999972,0.11022999999999783,45597,<entities.dtn.DTN object at 0x10573ddc0>,<entities.processor.Processor object at 0x105757880>
3.020559999999997,0.11025999999999803,45597,<entities.dtn.DTN object at 0x10573ddc0>,<entities.processor.Processor object at 0x105757880>
3.021409999999997,0.11107999999999763,45597,<entities.dtn.DTN object at 0x10573ddc0>,<entities.processor.Processor object at 0x105757880>
3.0222599999999966,0.11110999999999782,45597,<entities.dtn.DTN object at 0x10573ddc0>,<entities.processor.Processor object at 0x105757880>
3.0231099999999964,0.11192999999999742,45597,<entities.dtn.DTN object at 0x10573ddc0>,<entities.processor.Processor object at 0x105757880>
3.023959999999996,0.11195999999999762,45597,<entities.dtn.DTN object at 0x10573ddc0>,<entities.processor.Processor object at 0x105757880>
3.024809999999996,0.11277999999999722,45597,<entities.dtn.DTN object at 0x10573ddc0>,<entities.processor.Processor object at 0x105757880>
3.025659999999996,0.11280999999999741,45597,<entities.dtn.DTN object at 0x10573ddc0>,<entities.processor.Processor object at 0x105757880>
3.0265099999999956,0.11362999999999701,45597,<entities.dtn.DTN object at 0x10573ddc0>,<entities.processor.Processor object at 0x105757880>
3.0273599999999954,0.013659999999997119,45597,<entities.dtn.DTN object at 0x10573ddc0>,<entities.processor.Processor object at 0x105757880>
3.028209999999995,0.014479999999996718,45597,<entities.dtn.DTN object at 0x10573ddc0>,<entities.processor.Processor object at 0x105757880>
3.029059999999995,0.014509999999996914,45597,<entities.dtn.DTN object at 0x10573ddc0>,<entities.processor.Processor object at 0x105757880>
3.0299099999999948,0.015329999999996513,45597,<entities.dtn.DTN object at 0x10573ddc0>,<entities.processor.Processor object at 0x105757880>
3.0307599999999946,0.01535999999999671,45597,<entities.dtn.DTN object at 0x10573ddc0>,<entities.processor.Processor object at 0x105757880>
3.0316099999999944,0.01617999999999631,45597,<entities.dtn.DTN object at 0x10573ddc0>,<entities.processor.Processor object at 0x105757880>
3.032459999999994,0.016209999999996505,45597,<entities.dtn.DTN object at 0x10573ddc0>,<entities.processor.Processor object at 0x105757880>
3.033309999999994,0.017029999999996104,45597,<entities.dtn.DTN object at 0x10573ddc0>,<entities.processor.Processor object at 0x105757880>
3.0341599999999938,0.0170599999999963,45597,<entities.dtn.DTN object at 0x10573ddc0>,<entities.processor.Processor object at 0x105757880>
3.0350099999999935,0.0178799999999959,45597,<entities.dtn.DTN object at 0x10573ddc0>,<entities.processor.Processor object at 0x105757880>
3.0358599999999933,0.017909999999996096,45597,<entities.dtn.DTN object at 0x10573ddc0>,<entities.processor.Processor object at 0x105757880>
3.036709999999993,0.018729999999995695,45597,<entities.dtn.DTN object at 0x10573ddc0>,<entities.processor.Processor object at 0x105757880>
3.037559999999993,0.01875999999999589,45597,<entities.dtn.DTN object at 0x10573ddc0>,<entities.processor.Processor object at 0x105757880>
3.0384099999999927,0.01957999999999549,45597,<entities.dtn.DTN object at 0x10573ddc0>,<entities.processor.Processor object at 0x105757880>
3.0392599999999925,0.019609999999995686,45597,<entities.dtn.DTN object at 0x10573ddc0>,<entities.processor.Processor object at 0x105757880>
3.0401099999999923,0.020429999999995285,45597,<entities.dtn.DTN object at 0x10573ddc0>,<entities.processor.Processor object at 0x105757880>
3.040959999999992,0.020459999999995482,45597,<entities.dtn.DTN object at 0x10573ddc0>,<entities.processor.Processor object at 0x105757880>
3.041809999999992,0.02127999999999508,45597,<entities.dtn.DTN object at 0x10573ddc0>,<entities.processor.Processor object at 0x105757880>
3.0426599999999917,0.021309999999995277,45597,<entities.dtn.DTN object at 0x10573ddc0>,<entities.processor.Processor object at 0x105757880>
3.0435099999999915,0.022129999999994876,45597,<entities.dtn.DTN object at 0x10573ddc0>,<entities.processor.Processor object at 0x105757880>
3.0443599999999913,0.022159999999995073,45597,<entities.dtn.DTN object at 0x10573ddc0>,<entities.processor.Processor object at 0x105757880>
3.045209999999991,0.02297999999999467,45597,<entities.dtn.DTN object at 0x10573ddc0>,<entities.processor.Processor object at 0x105757880>
3.046059999999991,0.023009999999994868,45597,<entities.dtn.DTN object at 0x10573ddc0>,<entities.processor.Processor object at 0x105757880>
3.0469099999999907,0.023829999999994467,45597,<entities.dtn.DTN object at 0x10573ddc0>,<entities.processor.Processor object at 0x105757880>
3.0477599999999905,0.023859999999994663,45597,<entities.dtn.DTN object at 0x10573ddc0>,<entities.processor.Processor object at 0x105757880>
3.0486099999999903,0.024679999999994262,45597,<entities.dtn.DTN object at 0x10573ddc0>,<entities.processor.Processor object at 0x105757880>
3.04945999999999,0.02470999999999446,45597,<entities.dtn.DTN object at 0x10573ddc0>,<entities.processor.Processor object at 0x105757880>
3.05030999999999,0.025529999999994057,45597,<entities.dtn.DTN object at 0x10573ddc0>,<entities.processor.Processor object at 0x105757880>
3.0511599999999897,0.025559999999994254,45597,<entities.dtn.DTN object at 0x10573ddc0>,<entities.processor.Processor object at 0x105757880>
3.0520099999999895,0.026379999999993853,45597,<entities.dtn.DTN object at 0x10573ddc0>,<entities.processor.Processor object at 0x105757880>
3.0528599999999892,0.02640999999999405,45597,<entities.dtn.DTN object at 0x10573ddc0>,<entities.processor.Processor object at 0x105757880>
3.053709999999989,0.027229999999993648,45597,<entities.dtn.DTN object at 0x10573ddc0>,<entities.processor.Processor object at 0x105757880>
3.054559999999989,0.027259999999993845,45597,<entities.dtn.DTN object at 0x10573ddc0>,<entities.processor.Processor object at 0x105757880>
3.0553799999999884,0.028049999999993247,45597,<entities.dtn.DTN object at 0x10573ddc0>,<entities.processor.Processor object at 0x105757880>
3.0562299999999882,0.028079999999993444,45597,<entities.dtn.DTN object at 0x10573ddc0>,<entities.processor.Processor object at 0x105757880>
3.057079999999988,0.028899999999993042,45597,<entities.dtn.DTN object at 0x10573ddc0>,<entities.processor.Processor object at 0x105757880>
3.057929999999988,0.02892999999999324,45597,<entities.dtn.DTN object at 0x10573ddc0>,<entities.processor.Processor object at 0x105757880>
3.0587799999999876,0.029749999999992838,45597,<entities.dtn.DTN object at 0x10573ddc0>,<entities.processor.Processor object at 0x105757880>
3.0596299999999874,0.029779999999993034,45597,<entities.dtn.DTN object at 0x10573ddc0>,<entities.processor.Processor object at 0x105757880>
3.060479999999987,0.030599999999992633,45597,<entities.dtn.DTN object at 0x10573ddc0>,<entities.processor.Processor object at 0x105757880>
3.061329999999987,0.03062999999999283,45597,<entities.dtn.DTN object at 0x10573ddc0>,<entities.processor.Processor object at 0x105757880>
3.062179999999987,0.03144999999999243,45597,<entities.dtn.DTN object at 0x10573ddc0>,<entities.processor.Processor object at 0x105757880>
3.0630299999999866,0.031479999999992625,45597,<entities.dtn.DTN object at 0x10573ddc0>,<entities.processor.Processor object at 0x105757880>
3.0638799999999864,0.032299999999992224,45597,<entities.dtn.DTN object at 0x10573ddc0>,<entities.processor.Processor object at 0x105757880>
3.064729999999986,0.03232999999999242,45597,<entities.dtn.DTN object at 0x10573ddc0>,<entities.processor.Processor object at 0x105757880>
3.065579999999986,0.03314999999999202,45597,<entities.dtn.DTN object at 0x10573ddc0>,<entities.processor.Processor object at 0x105757880>
3.066429999999986,0.033179999999992216,45597,<entities.dtn.DTN object at 0x10573ddc0>,<entities.processor.Processor object at 0x105757880>
3.0672799999999856,0.033999999999991815,45597,<entities.dtn.DTN object at 0x10573ddc0>,<entities.processor.Processor object at 0x105757880>
3.0681299999999854,0.03402999999999201,45597,<entities.dtn.DTN object at 0x10573ddc0>,<entities.processor.Processor object at 0x105757880>
3.068979999999985,0.03484999999999161,45597,<entities.dtn.DTN object at 0x10573ddc0>,<entities.processor.Processor object at 0x105757880>
3.069829999999985,0.034879999999991806,45597,<entities.dtn.DTN object at 0x10573ddc0>,<entities.processor.Processor object at 0x105757880>
3.0706799999999848,0.035699999999991405,45597,<entities.dtn.DTN object at 0x10573ddc0>,<entities.processor.Processor object at 0x105757880>
3.0715299999999846,0.0357299999999916,45597,<entities.dtn.DTN object at 0x10573ddc0>,<entities.processor.Processor object at 0x105757880>
3.0723799999999843,0.0365499999999912,45597,<entities.dtn.DTN object at 0x10573ddc0>,<entities.processor.Processor object at 0x105757880>
3.073229999999984,0.0365799999999914,45597,<entities.dtn.DTN object at 0x10573ddc0>,<entities.processor.Processor object at 0x105757880>
3.074079999999984,0.037399999999990996,45597,<entities.dtn.DTN object at 0x10573ddc0>,<entities.processor.Processor object at 0x105757880>
3.0749299999999837,0.03742999999999119,45597,<entities.dtn.DTN object at 0x10573ddc0>,<entities.processor.Processor object at 0x105757880>
3.0757799999999835,0.03824999999999079,45597,<entities.dtn.DTN object at 0x10573ddc0>,<entities.processor.Processor object at 0x105757880>
3.0766299999999833,0.03827999999999099,45597,<entities.dtn.DTN object at 0x10573ddc0>,<entities.processor.Processor object at 0x105757880>
3.077479999999983,0.03909999999999059,45597,<entities.dtn.DTN object at 0x10573ddc0>,<entities.processor.Processor object at 0x105757880>
3.078329999999983,0.03912999999999078,45597,<entities.dtn.DTN object at 0x10573ddc0>,<entities.processor.Processor object at 0x105757880>
3.0791799999999827,0.03994999999999038,45597,<entities.dtn.DTN object at 0x10573ddc0>,<entities.processor.Processor object at 0x105757880>
3.0800299999999825,0.03997999999999058,45597,<entities.dtn.DTN object at 0x10573ddc0>,<entities.processor.Processor object at 0x105757880>
3.0808799999999823,0.04079999999999018,45597,<entities.dtn.DTN object at 0x10573ddc0>,<entities.processor.Processor object at 0x105757880>
3.081729999999982,0.040829999999990374,45597,<entities.dtn.DTN object at 0x10573ddc0>,<entities.processor.Processor object at 0x105757880>
3.082579999999982,0.04164999999998997,45597,<entities.dtn.DTN object at 0x10573ddc0>,<entities.processor.Processor object at 0x105757880>
3.0834299999999817,0.04167999999999017,45597,<entities.dtn.DTN object at 0x10573ddc0>,<entities.processor.Processor object at 0x105757880>
3.0842799999999815,0.04249999999998977,45597,<entities.dtn.DTN object at 0x10573ddc0>,<entities.processor.Processor object at 0x105757880>
3.0851299999999813,0.042529999999989965,45597,<entities.dtn.DTN object at 0x10573ddc0>,<entities.processor.Processor object at 0x105757880>
3.085979999999981,0.043349999999989564,45597,<entities.dtn.DTN object at 0x10573ddc0>,<entities.processor.Processor object at 0x105757880>
3.086829999999981,0.04337999999998976,45597,<entities.dtn.DTN object at 0x10573ddc0>,<entities.processor.Processor object at 0x105757880>
3.0876799999999807,0.04419999999998936,45597,<entities.dtn.DTN object at 0x10573ddc0>,<entities.processor.Processor object at 0x105757880>
3.0885299999999805,0.044229999999989555,45597,<entities.dtn.DTN object at 0x10573ddc0>,<entities.processor.Processor object at 0x105757880>
3.0893799999999803,0.045049999999989154,45597,<entities.dtn.DTN object at 0x10573ddc0>,<entities.processor.Processor object at 0x105757880>
3.09022999999998,0.04507999999998935,45597,<entities.dtn.DTN object at 0x10573ddc0>,<entities.processor.Processor object at 0x105757880>
3.09107999999998,0.04589999999998895,45597,<entities.dtn.DTN object at 0x10573ddc0>,<entities.processor.Processor object at 0x105757880>
3.0919299999999796,0.045929999999989146,45597,<entities.dtn.DTN object at 0x10573ddc0>,<entities.processor.Processor object at 0x105757880>
3.0927799999999794,0.046749999999988745,45597,<entities.dtn.DTN object at 0x10573ddc0>,<entities.processor.Processor object at 0x105757880>
3.13979999999997,0.09291999999997946,45597,<entities.dtn.DTN object at 0x10573ddc0>,<entities.processor.Processor object at 0x105757880>
3.140409999999968,0.09267999999997789,45597,<entities.dtn.DTN object at 0x10573ddc0>,<entities.processor.Processor object at 0x105757880>
3.141259999999968,0.09267999999997789,45597,<entities.dtn.DTN object at 0x10573ddc0>,<entities.processor.Processor object at 0x105757880>
3.1421099999999678,0.09267999999997789,45597,<entities.dtn.DTN object at 0x10573ddc0>,<entities.processor.Processor object at 0x105757880>
3.1463299999999665,0.09604999999997688,45597,<entities.dtn.DTN object at 0x10573ddc0>,<entities.processor.Processor object at 0x105757880>
3.1471799999999663,0.09604999999997688,45597,<entities.dtn.DTN object at 0x10573ddc0>,<entities.processor.Processor object at 0x105757880>
3.148029999999966,0.09604999999997688,45597,<entities.dtn.DTN object at 0x10573ddc0>,<entities.processor.Processor object at 0x105757880>
3.148879999999966,0.09604999999997688,45597,<entities.dtn.DTN object at 0x10573ddc0>,<entities.processor.Processor object at 0x105757880>
3.1497299999999657,0.09604999999997688,45597,<entities.dtn.DTN object at 0x10573ddc0>,<entities.processor.Processor object at 0x105757880>
3.1505799999999655,0.09604999999997688,45597,<entities.dtn.DTN object at 0x10573ddc0>,<entities.processor.Processor object at 0x105757880>
3.1601099999999644,0.06735999999998521,45597,<entities.dtn.DTN object at 0x10573ddc0>,<entities.processor.Processor object at 0x105757880>
3.184669999999958,0.04516999999998994,45597,<entities.dtn.DTN object at 0x10573ddc0>,<entities.processor.Processor object at 0x105757880>
3.185399999999957,0.04586999999998875,45597,<entities.dtn.DTN object at 0x10573ddc0>,<entities.processor.Processor object at 0x105757880>
3.1862499999999567,0.04668999999998835,45597,<entities.dtn.DTN object at 0x10573ddc0>,<entities.processor.Processor object at 0x105757880>
3.227049999999947,0.08745999999997833,45597,<entities.dtn.DTN object at 0x10573ddc0>,<entities.processor.Processor object at 0x105757880>
3.2278999999999467,0.08827999999997793,45597,<entities.dtn.DTN object at 0x10573ddc0>,<entities.processor.Processor object at 0x105757880>
3.2287499999999465,0.08909999999997753,45597,<entities.dtn.DTN object at 0x10573ddc0>,<entities.processor.Processor object at 0x105757880>
3.2295999999999463,0.08991999999997713,45597,<entities.dtn.DTN object at 0x10573ddc0>,<entities.processor.Processor object at 0x105757880>
3.230449999999946,0.09073999999997673,45597,<entities.dtn.DTN object at 0x10573ddc0>,<entities.processor.Processor object at 0x105757880>
3.231299999999946,0.09155999999997633,45597,<entities.dtn.DTN object at 0x10573ddc0>,<entities.processor.Processor object at 0x105757880>
3.2321499999999457,0.09237999999997593,45597,<entities.dtn.DTN object at 0x10573ddc0>,<entities.processor.Processor object at 0x105757880>
3.2329999999999455,0.0926199999999775,45597,<entities.dtn.DTN object at 0x10573ddc0>,<entities.processor.Processor object at 0x105757880>
3.2338499999999453,0.0926199999999775,45597,<entities.dtn.DTN object at 0x10573ddc0>,<entities.processor.Processor object at 0x105757880>
3.234699999999945,0.0926199999999775,45597,<entities.dtn.DTN object at 0x10573ddc0>,<entities.processor.Processor object at 0x105757880>
3.244049999999943,0.059409999999985086,45597,<entities.dtn.DTN object at 0x10573ddc0>,<entities.processor.Processor object at 0x105757880>
4.601009999999999,0.10064999999999813,48400,<entities.dtn.DTN object at 0x10573ddc0>,<entities.processor.Processor object at 0x105757b20>
4.701859999999998,0.10090999999999894,48400,<entities.dtn.DTN object at 0x10573ddc0>,<entities.processor.Processor object at 0x105757b20>
4.702709999999998,0.10172999999999899,48400,<entities.dtn.DTN object at 0x10573ddc0>,<entities.processor.Processor object at 0x105757b20>
4.803559999999997,0.10175999999999874,48400,<entities.dtn.DTN object at 0x10573ddc0>,<entities.processor.Processor object at 0x105757b20>
4.804409999999997,0.10257999999999878,48400,<entities.dtn.DTN object at 0x10573ddc0>,<entities.processor.Processor object at 0x105757b20>
4.805259999999997,0.10260999999999854,48400,<entities.dtn.DTN object at 0x10573ddc0>,<entities.processor.Processor object at 0x105757b20>
4.806109999999997,0.10342999999999858,48400,<entities.dtn.DTN object at 0x10573ddc0>,<entities.processor.Processor object at 0x105757b20>
4.906959999999996,0.10345999999999833,48400,<entities.dtn.DTN object at 0x10573ddc0>,<entities.processor.Processor object at 0x105757b20>
4.907809999999996,0.10427999999999837,48400,<entities.dtn.DTN object at 0x10573ddc0>,<entities.processor.Processor object at 0x105757b20>
4.908659999999996,0.10430999999999813,48400,<entities.dtn.DTN object at 0x10573ddc0>,<entities.processor.Processor object at 0x105757b20>
4.909509999999996,0.10512999999999817,48400,<entities.dtn.DTN object at 0x10573ddc0>,<entities.processor.Processor object at 0x105757b20>
4.910359999999995,0.10515999999999792,48400,<entities.dtn.DTN object at 0x10573ddc0>,<entities.processor.Processor object at 0x105757b20>
4.911209999999995,0.10597999999999796,48400,<entities.dtn.DTN object at 0x10573ddc0>,<entities.processor.Processor object at 0x105757b20>
4.912059999999995,0.10600999999999772,48400,<entities.dtn.DTN object at 0x10573ddc0>,<entities.processor.Processor object at 0x105757b20>
4.912909999999995,0.10682999999999776,48400,<entities.dtn.DTN object at 0x10573ddc0>,<entities.processor.Processor object at 0x105757b20>
5.013759999999994,0.10685999999999751,48400,<entities.dtn.DTN object at 0x10573ddc0>,<entities.processor.Processor object at 0x105757b20>
5.014609999999994,0.10767999999999756,48400,<entities.dtn.DTN object at 0x10573ddc0>,<entities.processor.Processor object at 0x105757b20>
5.015459999999994,0.10770999999999731,48400,<entities.dtn.DTN object at 0x10573ddc0>,<entities.processor.Processor object at 0x105757b20>
5.016309999999994,0.10852999999999735,48400,<entities.dtn.DTN object at 0x10573ddc0>,<entities.processor.Processor object at 0x105757b20>
5.017159999999993,0.1085599999999971,48400,<entities.dtn.DTN object at 0x10573ddc0>,<entities.processor.Processor object at 0x105757b20>
5.018009999999993,0.10937999999999715,48400,<entities.dtn.DTN object at 0x10573ddc0>,<entities.processor.Processor object at 0x105757b20>
5.018859999999993,0.1094099999999969,48400,<entities.dtn.DTN object at 0x10573ddc0>,<entities.processor.Processor object at 0x105757b20>
5.019709999999993,0.11022999999999694,48400,<entities.dtn.DTN object at 0x10573ddc0>,<entities.processor.Processor object at 0x105757b20>
5.020559999999993,0.1102599999999967,48400,<entities.dtn.DTN object at 0x10573ddc0>,<entities.processor.Processor object at 0x105757b20>
5.021409999999992,0.11107999999999674,48400,<entities.dtn.DTN object at 0x10573ddc0>,<entities.processor.Processor object at 0x105757b20>
5.022259999999992,0.11110999999999649,48400,<entities.dtn.DTN object at 0x10573ddc0>,<entities.processor.Processor object at 0x105757b20>
5.023109999999992,0.11192999999999653,48400,<entities.dtn.DTN object at 0x10573ddc0>,<entities.processor.Processor object at 0x105757b20>
5.023959999999992,0.11195999999999628,48400,<entities.dtn.DTN object at 0x10573ddc0>,<entities.processor.Processor object at 0x105757b20>
5.024809999999992,0.11277999999999633,48400,<entities.dtn.DTN object at 0x10573ddc0>,<entities.processor.Processor object at 0x105757b20>
5.025659999999991,0.11280999999999608,48400,<entities.dtn.DTN object at 0x10573ddc0>,<entities.processor.Processor object at 0x105757b20>
5.026509999999991,0.11362999999999612,48400,<entities.dtn.DTN object at 0x10573ddc0>,<entities.processor.Processor object at 0x105757b20>
5.027359999999991,0.01365999999999623,48400,<entities.dtn.DTN object at 0x10573ddc0>,<entities.processor.Processor object at 0x105757b20>
5.028209999999991,0.014479999999996274,48400,<entities.dtn.DTN object at 0x10573ddc0>,<entities.processor.Processor object at 0x105757b20>
5.0290599999999905,0.014509999999996026,48400,<entities.dtn.DTN object at 0x10573ddc0>,<entities.processor.Processor object at 0x105757b20>
5.02990999999999,0.015329999999996069,48400,<entities.dtn.DTN object at 0x10573ddc0>,<entities.processor.Processor object at 0x105757b20>
5.03075999999999,0.015359999999995821,48400,<entities.dtn.DTN object at 0x10573ddc0>,<entities.processor.Processor object at 0x105757b20>
5.03160999999999,0.016179999999995864,48400,<entities.dtn.DTN object at 0x10573ddc0>,<entities.processor.Processor object at 0x105757b20>
5.03245999999999,0.016209999999995617,48400,<entities.dtn.DTN object at 0x10573ddc0>,<entities.processor.Processor object at 0x105757b20>
5.0333099999999895,0.01702999999999566,48400,<entities.dtn.DTN object at 0x10573ddc0>,<entities.processor.Processor object at 0x105757b20>
5.034159999999989,0.017059999999995412,48400,<entities.dtn.DTN object at 0x10573ddc0>,<entities.processor.Processor object at 0x105757b20>
5.035009999999989,0.017879999999995455,48400,<entities.dtn.DTN object at 0x10573ddc0>,<entities.processor.Processor object at 0x105757b20>
5.035859999999989,0.017909999999995208,48400,<entities.dtn.DTN object at 0x10573ddc0>,<entities.processor.Processor object at 0x105757b20>
5.036709999999989,0.01872999999999525,48400,<entities.dtn.DTN object at 0x10573ddc0>,<entities.processor.Processor object at 0x105757b20>
5.0375599999999885,0.018759999999995003,48400,<entities.dtn.DTN object at 0x10573ddc0>,<entities.processor.Processor object at 0x105757b20>
5.038409999999988,0.019579999999995046,48400,<entities.dtn.DTN object at 0x10573ddc0>,<entities.processor.Processor object at 0x105757b20>
5.039259999999988,0.019609999999994798,48400,<entities.dtn.DTN object at 0x10573ddc0>,<entities.processor.Processor object at 0x105757b20>
5.040109999999988,0.02042999999999484,48400,<entities.dtn.DTN object at 0x10573ddc0>,<entities.processor.Processor object at 0x105757b20>
5.040959999999988,0.020459999999994594,48400,<entities.dtn.DTN object at 0x10573ddc0>,<entities.processor.Processor object at 0x105757b20>
5.0418099999999875,0.021279999999994637,48400,<entities.dtn.DTN object at 0x10573ddc0>,<entities.processor.Processor object at 0x105757b20>
5.042659999999987,0.02130999999999439,48400,<entities.dtn.DTN object at 0x10573ddc0>,<entities.processor.Processor object at 0x105757b20>
5.043509999999987,0.022129999999994432,48400,<entities.dtn.DTN object at 0x10573ddc0>,<entities.processor.Processor object at 0x105757b20>
5.044359999999987,0.022159999999994184,48400,<entities.dtn.DTN object at 0x10573ddc0>,<entities.processor.Processor object at 0x105757b20>
5.045209999999987,0.022979999999994227,48400,<entities.dtn.DTN object at 0x10573ddc0>,<entities.processor.Processor object at 0x105757b20>
5.0460599999999864,0.02300999999999398,48400,<entities.dtn.DTN object at 0x10573ddc0>,<entities.processor.Processor object at 0x105757b20>
5.046909999999986,0.023829999999994023,48400,<entities.dtn.DTN object at 0x10573ddc0>,<entities.processor.Processor object at 0x105757b20>
5.047759999999986,0.023859999999993775,48400,<entities.dtn.DTN object at 0x10573ddc0>,<entities.processor.Processor object at 0x105757b20>
5.048609999999986,0.024679999999993818,48400,<entities.dtn.DTN object at 0x10573ddc0>,<entities.processor.Processor object at 0x105757b20>
5.049459999999986,0.02470999999999357,48400,<entities.dtn.DTN object at 0x10573ddc0>,<entities.processor.Processor object at 0x105757b20>
5.050309999999985,0.025529999999993613,48400,<entities.dtn.DTN object at 0x10573ddc0>,<entities.processor.Processor object at 0x105757b20>
5.051159999999985,0.025559999999993366,48400,<entities.dtn.DTN object at 0x10573ddc0>,<entities.processor.Processor object at 0x105757b20>
5.052009999999985,0.02637999999999341,48400,<entities.dtn.DTN object at 0x10573ddc0>,<entities.processor.Processor object at 0x105757b20>
5.052859999999985,0.02640999999999316,48400,<entities.dtn.DTN object at 0x10573ddc0>,<entities.processor.Processor object at 0x105757b20>
5.053709999999985,0.027229999999993204,48400,<entities.dtn.DTN object at 0x10573ddc0>,<entities.processor.Processor object at 0x105757b20>
5.054559999999984,0.027259999999992957,48400,<entities.dtn.DTN object at 0x10573ddc0>,<entities.processor.Processor object at 0x105757b20>
5.055379999999984,0.028049999999993247,48400,<entities.dtn.DTN object at 0x10573ddc0>,<entities.processor.Processor object at 0x105757b20>
5.056229999999984,0.028079999999993,48400,<entities.dtn.DTN object at 0x10573ddc0>,<entities.processor.Processor object at 0x105757b20>
5.057079999999984,0.028899999999993042,48400,<entities.dtn.DTN object at 0x10573ddc0>,<entities.processor.Processor object at 0x105757b20>
5.057929999999984,0.028929999999992795,48400,<entities.dtn.DTN object at 0x10573ddc0>,<entities.processor.Processor object at 0x105757b20>
5.058779999999984,0.029749999999992838,48400,<entities.dtn.DTN object at 0x10573ddc0>,<entities.processor.Processor object at 0x105757b20>
5.059629999999983,0.02977999999999259,48400,<entities.dtn.DTN object at 0x10573ddc0>,<entities.processor.Processor object at 0x105757b20>
5.060479999999983,0.030599999999992633,48400,<entities.dtn.DTN object at 0x10573ddc0>,<entities.processor.Processor object at 0x105757b20>
5.061329999999983,0.030629999999992386,48400,<entities.dtn.DTN object at 0x10573ddc0>,<entities.processor.Processor object at 0x105757b20>
5.062179999999983,0.03144999999999243,48400,<entities.dtn.DTN object at 0x10573ddc0>,<entities.processor.Processor object at 0x105757b20>
5.063029999999983,0.03147999999999218,48400,<entities.dtn.DTN object at 0x10573ddc0>,<entities.processor.Processor object at 0x105757b20>
5.063879999999982,0.032299999999992224,48400,<entities.dtn.DTN object at 0x10573ddc0>,<entities.processor.Processor object at 0x105757b20>
5.064729999999982,0.032329999999991976,48400,<entities.dtn.DTN object at 0x10573ddc0>,<entities.processor.Processor object at 0x105757b20>
5.065579999999982,0.03314999999999202,48400,<entities.dtn.DTN object at 0x10573ddc0>,<entities.processor.Processor object at 0x105757b20>
5.066429999999982,0.03317999999999177,48400,<entities.dtn.DTN object at 0x10573ddc0>,<entities.processor.Processor object at 0x105757b20>
5.067279999999982,0.033999999999991815,48400,<entities.dtn.DTN object at 0x10573ddc0>,<entities.processor.Processor object at 0x105757b20>
5.068129999999981,0.03402999999999157,48400,<entities.dtn.DTN object at 0x10573ddc0>,<entities.processor.Processor object at 0x105757b20>
5.068979999999981,0.03484999999999161,48400,<entities.dtn.DTN object at 0x10573ddc0>,<entities.processor.Processor object at 0x105757b20>
5.069829999999981,0.03487999999999136,48400,<entities.dtn.DTN object at 0x10573ddc0>,<entities.processor.Processor object at 0x105757b20>
5.070679999999981,0.035699999999991405,48400,<entities.dtn.DTN object at 0x10573ddc0>,<entities.processor.Processor object at 0x105757b20>
5.0715299999999806,0.03572999999999116,48400,<entities.dtn.DTN object at 0x10573ddc0>,<entities.processor.Processor object at 0x105757b20>
5.07237999999998,0.0365499999999912,48400,<entities.dtn.DTN object at 0x10573ddc0>,<entities.processor.Processor object at 0x105757b20>
5.07322999999998,0.03657999999999095,48400,<entities.dtn.DTN object at 0x10573ddc0>,<entities.processor.Processor object at 0x105757b20>
5.07407999999998,0.037399999999990996,48400,<entities.dtn.DTN object at 0x10573ddc0>,<entities.processor.Processor object at 0x105757b20>
5.07492999999998,0.03742999999999075,48400,<entities.dtn.DTN object at 0x10573ddc0>,<entities.processor.Processor object at 0x105757b20>
5.0757799999999795,0.03824999999999079,48400,<entities.dtn.DTN object at 0x10573ddc0>,<entities.processor.Processor object at 0x105757b20>
5.076629999999979,0.038279999999990544,48400,<entities.dtn.DTN object at 0x10573ddc0>,<entities.processor.Processor object at 0x105757b20>
5.077479999999979,0.03909999999999059,48400,<entities.dtn.DTN object at 0x10573ddc0>,<entities.processor.Processor object at 0x105757b20>
5.078329999999979,0.03912999999999034,48400,<entities.dtn.DTN object at 0x10573ddc0>,<entities.processor.Processor object at 0x105757b20>
5.079179999999979,0.03994999999999038,48400,<entities.dtn.DTN object at 0x10573ddc0>,<entities.processor.Processor object at 0x105757b20>
5.0800299999999785,0.039979999999990135,48400,<entities.dtn.DTN object at 0x10573ddc0>,<entities.processor.Processor object at 0x105757b20>
5.080879999999978,0.04079999999999018,48400,<entities.dtn.DTN object at 0x10573ddc0>,<entities.processor.Processor object at 0x105757b20>
5.081729999999978,0.04082999999998993,48400,<entities.dtn.DTN object at 0x10573ddc0>,<entities.processor.Processor object at 0x105757b20>
5.082579999999978,0.04164999999998997,48400,<entities.dtn.DTN object at 0x10573ddc0>,<entities.processor.Processor object at 0x105757b20>
5.083429999999978,0.041679999999989725,48400,<entities.dtn.DTN object at 0x10573ddc0>,<entities.processor.Processor object at 0x105757b20>
5.0842799999999775,0.04249999999998977,48400,<entities.dtn.DTN object at 0x10573ddc0>,<entities.processor.Processor object at 0x105757b20>
5.085129999999977,0.04252999999998952,48400,<entities.dtn.DTN object at 0x10573ddc0>,<entities.processor.Processor object at 0x105757b20>
5.085979999999977,0.043349999999989564,48400,<entities.dtn.DTN object at 0x10573ddc0>,<entities.processor.Processor object at 0x105757b20>
5.086829999999977,0.043379999999989316,48400,<entities.dtn.DTN object at 0x10573ddc0>,<entities.processor.Processor object at 0x105757b20>
5.087679999999977,0.04419999999998936,48400,<entities.dtn.DTN object at 0x10573ddc0>,<entities.processor.Processor object at 0x105757b20>
5.0885299999999765,0.04422999999998911,48400,<entities.dtn.DTN object at 0x10573ddc0>,<entities.processor.Processor object at 0x105757b20>
5.089379999999976,0.045049999999989154,48400,<entities.dtn.DTN object at 0x10573ddc0>,<entities.processor.Processor object at 0x105757b20>
5.090199999999976,0.045049999999989154,48400,<entities.dtn.DTN object at 0x10573ddc0>,<entities.processor.Processor object at 0x105757b20>
5.091049999999976,0.0458699999999892,48400,<entities.dtn.DTN object at 0x10573ddc0>,<entities.processor.Processor object at 0x105757b20>
5.091899999999976,0.04589999999998895,48400,<entities.dtn.DTN object at 0x10573ddc0>,<entities.processor.Processor object at 0x105757b20>
5.092749999999976,0.04671999999998899,48400,<entities.dtn.DTN object at 0x10573ddc0>,<entities.processor.Processor object at 0x105757b20>
5.136099999999965,0.08921999999997876,48400,<entities.dtn.DTN object at 0x10573ddc0>,<entities.processor.Processor object at 0x105757b20>
5.136949999999965,0.08921999999997876,48400,<entities.dtn.DTN object at 0x10573ddc0>,<entities.processor.Processor object at 0x105757b20>
5.137799999999965,0.08921999999997876,48400,<entities.dtn.DTN object at 0x10573ddc0>,<entities.processor.Processor object at 0x105757b20>
5.138649999999965,0.08921999999997876,48400,<entities.dtn.DTN object at 0x10573ddc0>,<entities.processor.Processor object at 0x105757b20>
5.142899999999964,0.09261999999997794,48400,<entities.dtn.DTN object at 0x10573ddc0>,<entities.processor.Processor object at 0x105757b20>
5.143749999999963,0.09261999999997794,48400,<entities.dtn.DTN object at 0x10573ddc0>,<entities.processor.Processor object at 0x105757b20>
5.144599999999963,0.09261999999997794,48400,<entities.dtn.DTN object at 0x10573ddc0>,<entities.processor.Processor object at 0x105757b20>
5.145449999999963,0.09261999999997794,48400,<entities.dtn.DTN object at 0x10573ddc0>,<entities.processor.Processor object at 0x105757b20>
5.146299999999963,0.09261999999997794,48400,<entities.dtn.DTN object at 0x10573ddc0>,<entities.processor.Processor object at 0x105757b20>
5.147149999999963,0.09261999999997794,48400,<entities.dtn.DTN object at 0x10573ddc0>,<entities.processor.Processor object at 0x105757b20>
5.15649999999996,0.06714999999998383,48400,<entities.dtn.DTN object at 0x10573ddc0>,<entities.processor.Processor object at 0x105757b20>
6.701759999999991,0.10165999999999897,28460,<entities.dtn.DTN object at 0x10573ddc0>,<entities.processor.Processor object at 0x105728d30>
6.803359999999991,0.10165999999999897,28460,<entities.dtn.DTN object at 0x10573ddc0>,<entities.processor.Processor object at 0x105728d30>
6.804959999999991,0.10322999999999904,28460,<entities.dtn.DTN object at 0x10573ddc0>,<entities.processor.Processor object at 0x105728d30>
6.90655999999999,0.1032599999999988,28460,<entities.dtn.DTN object at 0x10573ddc0>,<entities.processor.Processor object at 0x105728d30>
6.90815999999999,0.10482999999999887,28460,<entities.dtn.DTN object at 0x10573ddc0>,<entities.processor.Processor object at 0x105728d30>
6.90975999999999,0.10485999999999862,28460,<entities.dtn.DTN object at 0x10573ddc0>,<entities.processor.Processor object at 0x105728d30>
6.9113599999999895,0.10642999999999869,28460,<entities.dtn.DTN object at 0x10573ddc0>,<entities.processor.Processor object at 0x105728d30>
7.012959999999989,0.10645999999999844,28460,<entities.dtn.DTN object at 0x10573ddc0>,<entities.processor.Processor object at 0x105728d30>
7.014559999999989,0.10802999999999852,28460,<entities.dtn.DTN object at 0x10573ddc0>,<entities.processor.Processor object at 0x105728d30>
7.016159999999989,0.10805999999999827,28460,<entities.dtn.DTN object at 0x10573ddc0>,<entities.processor.Processor object at 0x105728d30>
7.0177599999999885,0.10962999999999834,28460,<entities.dtn.DTN object at 0x10573ddc0>,<entities.processor.Processor object at 0x105728d30>
7.019359999999988,0.10965999999999809,28460,<entities.dtn.DTN object at 0x10573ddc0>,<entities.processor.Processor object at 0x105728d30>
7.020959999999988,0.11122999999999816,28460,<entities.dtn.DTN object at 0x10573ddc0>,<entities.processor.Processor object at 0x105728d30>
7.022559999999988,0.11125999999999792,28460,<entities.dtn.DTN object at 0x10573ddc0>,<entities.processor.Processor object at 0x105728d30>
7.024159999999988,0.11282999999999799,28460,<entities.dtn.DTN object at 0x10573ddc0>,<entities.processor.Processor object at 0x105728d30>
7.025759999999988,0.012859999999998095,28460,<entities.dtn.DTN object at 0x10573ddc0>,<entities.processor.Processor object at 0x105728d30>
7.027359999999987,0.014429999999998167,28460,<entities.dtn.DTN object at 0x10573ddc0>,<entities.processor.Processor object at 0x105728d30>
7.028959999999987,0.014459999999997919,28460,<entities.dtn.DTN object at 0x10573ddc0>,<entities.processor.Processor object at 0x105728d30>
7.030559999999987,0.01602999999999799,28460,<entities.dtn.DTN object at 0x10573ddc0>,<entities.processor.Processor object at 0x105728d30>
7.032159999999987,0.016059999999997743,28460,<entities.dtn.DTN object at 0x10573ddc0>,<entities.processor.Processor object at 0x105728d30>
7.033759999999987,0.017629999999997814,28460,<entities.dtn.DTN object at 0x10573ddc0>,<entities.processor.Processor object at 0x105728d30>
7.0353599999999865,0.017659999999997567,28460,<entities.dtn.DTN object at 0x10573ddc0>,<entities.processor.Processor object at 0x105728d30>
7.036959999999986,0.019229999999997638,28460,<entities.dtn.DTN object at 0x10573ddc0>,<entities.processor.Processor object at 0x105728d30>
7.038559999999986,0.01925999999999739,28460,<entities.dtn.DTN object at 0x10573ddc0>,<entities.processor.Processor object at 0x105728d30>
7.040159999999986,0.02082999999999746,28460,<entities.dtn.DTN object at 0x10573ddc0>,<entities.processor.Processor object at 0x105728d30>
7.041759999999986,0.020859999999997214,28460,<entities.dtn.DTN object at 0x10573ddc0>,<entities.processor.Processor object at 0x105728d30>
7.043359999999986,0.022429999999997285,28460,<entities.dtn.DTN object at 0x10573ddc0>,<entities.processor.Processor object at 0x105728d30>
7.0449599999999855,0.022459999999997038,28460,<entities.dtn.DTN object at 0x10573ddc0>,<entities.processor.Processor object at 0x105728d30>
7.046559999999985,0.02402999999999711,28460,<entities.dtn.DTN object at 0x10573ddc0>,<entities.processor.Processor object at 0x105728d30>
7.048159999999985,0.02405999999999686,28460,<entities.dtn.DTN object at 0x10573ddc0>,<entities.processor.Processor object at 0x105728d30>
7.049759999999985,0.025629999999996933,28460,<entities.dtn.DTN object at 0x10573ddc0>,<entities.processor.Processor object at 0x105728d30>
7.051359999999985,0.025659999999996685,28460,<entities.dtn.DTN object at 0x10573ddc0>,<entities.processor.Processor object at 0x105728d30>
7.052959999999985,0.027229999999996757,28460,<entities.dtn.DTN object at 0x10573ddc0>,<entities.processor.Processor object at 0x105728d30>
7.054559999999984,0.02725999999999651,28460,<entities.dtn.DTN object at 0x10573ddc0>,<entities.processor.Processor object at 0x105728d30>
7.056159999999984,0.02882999999999658,28460,<entities.dtn.DTN object at 0x10573ddc0>,<entities.processor.Processor object at 0x105728d30>
7.057759999999984,0.028859999999996333,28460,<entities.dtn.DTN object at 0x10573ddc0>,<entities.processor.Processor object at 0x105728d30>
7.059359999999984,0.030429999999996404,28460,<entities.dtn.DTN object at 0x10573ddc0>,<entities.processor.Processor object at 0x105728d30>
7.060959999999984,0.030459999999996157,28460,<entities.dtn.DTN object at 0x10573ddc0>,<entities.processor.Processor object at 0x105728d30>
7.0625599999999835,0.03202999999999623,28460,<entities.dtn.DTN object at 0x10573ddc0>,<entities.processor.Processor object at 0x105728d30>
7.064159999999983,0.03205999999999598,28460,<entities.dtn.DTN object at 0x10573ddc0>,<entities.processor.Processor object at 0x105728d30>
7.065759999999983,0.03362999999999605,28460,<entities.dtn.DTN object at 0x10573ddc0>,<entities.processor.Processor object at 0x105728d30>
7.067359999999983,0.033659999999995804,28460,<entities.dtn.DTN object at 0x10573ddc0>,<entities.processor.Processor object at 0x105728d30>
7.068959999999983,0.035229999999995876,28460,<entities.dtn.DTN object at 0x10573ddc0>,<entities.processor.Processor object at 0x105728d30>
7.070559999999983,0.03525999999999563,28460,<entities.dtn.DTN object at 0x10573ddc0>,<entities.processor.Processor object at 0x105728d30>
7.0721599999999825,0.0368299999999957,28460,<entities.dtn.DTN object at 0x10573ddc0>,<entities.processor.Processor object at 0x105728d30>
7.073759999999982,0.03685999999999545,28460,<entities.dtn.DTN object at 0x10573ddc0>,<entities.processor.Processor object at 0x105728d30>
7.075359999999982,0.03842999999999552,28460,<entities.dtn.DTN object at 0x10573ddc0>,<entities.processor.Processor object at 0x105728d30>
7.076959999999982,0.038459999999995276,28460,<entities.dtn.DTN object at 0x10573ddc0>,<entities.processor.Processor object at 0x105728d30>
7.078559999999982,0.04002999999999535,28460,<entities.dtn.DTN object at 0x10573ddc0>,<entities.processor.Processor object at 0x105728d30>
7.080159999999982,0.0400599999999951,28460,<entities.dtn.DTN object at 0x10573ddc0>,<entities.processor.Processor object at 0x105728d30>
7.081759999999981,0.04162999999999517,28460,<entities.dtn.DTN object at 0x10573ddc0>,<entities.processor.Processor object at 0x105728d30>
7.083359999999981,0.04165999999999492,28460,<entities.dtn.DTN object at 0x10573ddc0>,<entities.processor.Processor object at 0x105728d30>
7.084959999999981,0.043229999999994995,28460,<entities.dtn.DTN object at 0x10573ddc0>,<entities.processor.Processor object at 0x105728d30>
7.086559999999981,0.04325999999999475,28460,<entities.dtn.DTN object at 0x10573ddc0>,<entities.processor.Processor object at 0x105728d30>
7.088159999999981,0.04482999999999482,28460,<entities.dtn.DTN object at 0x10573ddc0>,<entities.processor.Processor object at 0x105728d30>
7.0897599999999805,0.04485999999999457,28460,<entities.dtn.DTN object at 0x10573ddc0>,<entities.processor.Processor object at 0x105728d30>
7.09135999999998,0.04642999999999464,28460,<entities.dtn.DTN object at 0x10573ddc0>,<entities.processor.Processor object at 0x105728d30>
7.09295999999998,0.046459999999994395,28460,<entities.dtn.DTN object at 0x10573ddc0>,<entities.processor.Processor object at 0x105728d30>
7.09455999999998,0.048029999999994466,28460,<entities.dtn.DTN object at 0x10573ddc0>,<entities.processor.Processor object at 0x105728d30>
7.09615999999998,0.04805999999999422,28460,<entities.dtn.DTN object at 0x10573ddc0>,<entities.processor.Processor object at 0x105728d30>
7.09775999999998,0.04962999999999429,28460,<entities.dtn.DTN object at 0x10573ddc0>,<entities.processor.Processor object at 0x105728d30>
7.0993599999999795,0.04965999999999404,28460,<entities.dtn.DTN object at 0x10573ddc0>,<entities.processor.Processor object at 0x105728d30>
7.100959999999979,0.051229999999994114,28460,<entities.dtn.DTN object at 0x10573ddc0>,<entities.processor.Processor object at 0x105728d30>
7.102559999999979,0.051259999999993866,28460,<entities.dtn.DTN object at 0x10573ddc0>,<entities.processor.Processor object at 0x105728d30>
7.104129999999979,0.052799999999994185,28460,<entities.dtn.DTN object at 0x10573ddc0>,<entities.processor.Processor object at 0x105728d30>
7.105729999999979,0.05282999999999394,28460,<entities.dtn.DTN object at 0x10573ddc0>,<entities.processor.Processor object at 0x105728d30>
7.107329999999979,0.05439999999999401,28460,<entities.dtn.DTN object at 0x10573ddc0>,<entities.processor.Processor object at 0x105728d30>
7.108929999999979,0.05442999999999376,28460,<entities.dtn.DTN object at 0x10573ddc0>,<entities.processor.Processor object at 0x105728d30>
7.1105299999999785,0.05599999999999383,28460,<entities.dtn.DTN object at 0x10573ddc0>,<entities.processor.Processor object at 0x105728d30>
7.112129999999978,0.056029999999993585,28460,<entities.dtn.DTN object at 0x10573ddc0>,<entities.processor.Processor object at 0x105728d30>
7.113729999999978,0.057599999999993656,28460,<entities.dtn.DTN object at 0x10573ddc0>,<entities.processor.Processor object at 0x105728d30>
7.115329999999978,0.05762999999999341,28460,<entities.dtn.DTN object at 0x10573ddc0>,<entities.processor.Processor object at 0x105728d30>
7.116929999999978,0.05919999999999348,28460,<entities.dtn.DTN object at 0x10573ddc0>,<entities.processor.Processor object at 0x105728d30>
7.118529999999978,0.05922999999999323,28460,<entities.dtn.DTN object at 0x10573ddc0>,<entities.processor.Processor object at 0x105728d30>
7.120129999999977,0.060799999999993304,28460,<entities.dtn.DTN object at 0x10573ddc0>,<entities.processor.Processor object at 0x105728d30>
7.121729999999977,0.060829999999993056,28460,<entities.dtn.DTN object at 0x10573ddc0>,<entities.processor.Processor object at 0x105728d30>
7.123329999999977,0.06239999999999313,28460,<entities.dtn.DTN object at 0x10573ddc0>,<entities.processor.Processor object at 0x105728d30>
7.124929999999977,0.06242999999999288,28460,<entities.dtn.DTN object at 0x10573ddc0>,<entities.processor.Processor object at 0x105728d30>
7.126529999999977,0.06399999999999295,28460,<entities.dtn.DTN object at 0x10573ddc0>,<entities.processor.Processor object at 0x105728d30>
7.1281299999999765,0.0640299999999927,28460,<entities.dtn.DTN object at 0x10573ddc0>,<entities.processor.Processor object at 0x105728d30>
7.129729999999976,0.06559999999999278,28460,<entities.dtn.DTN object at 0x10573ddc0>,<entities.processor.Processor object at 0x105728d30>
7.131329999999976,0.06562999999999253,28460,<entities.dtn.DTN object at 0x10573ddc0>,<entities.processor.Processor object at 0x105728d30>
7.132929999999976,0.0671999999999926,28460,<entities.dtn.DTN object at 0x10573ddc0>,<entities.processor.Processor object at 0x105728d30>
7.134529999999976,0.06722999999999235,28460,<entities.dtn.DTN object at 0x10573ddc0>,<entities.processor.Processor object at 0x105728d30>
7.136129999999976,0.06879999999999242,28460,<entities.dtn.DTN object at 0x10573ddc0>,<entities.processor.Processor object at 0x105728d30>
7.1377299999999755,0.06882999999999218,28460,<entities.dtn.DTN object at 0x10573ddc0>,<entities.processor.Processor object at 0x105728d30>
7.139329999999975,0.07039999999999225,28460,<entities.dtn.DTN object at 0x10573ddc0>,<entities.processor.Processor object at 0x105728d30>
7.140929999999975,0.070429999999992,28460,<entities.dtn.DTN object at 0x10573ddc0>,<entities.processor.Processor object at 0x105728d30>
7.142529999999975,0.07199999999999207,28460,<entities.dtn.DTN object at 0x10573ddc0>,<entities.processor.Processor object at 0x105728d30>
7.144099999999975,0.07199999999999207,28460,<entities.dtn.DTN object at 0x10573ddc0>,<entities.processor.Processor object at 0x105728d30>
7.145699999999975,0.07356999999999214,28460,<entities.dtn.DTN object at 0x10573ddc0>,<entities.processor.Processor object at 0x105728d30>
7.147299999999975,0.0735999999999919,28460,<entities.dtn.DTN object at 0x10573ddc0>,<entities.processor.Processor object at 0x105728d30>
7.1488999999999745,0.07516999999999197,28460,<entities.dtn.DTN object at 0x10573ddc0>,<entities.processor.Processor object at 0x105728d30>
7.150499999999974,0.07519999999999172,28460,<entities.dtn.DTN object at 0x10573ddc0>,<entities.processor.Processor object at 0x105728d30>
7.152099999999974,0.07676999999999179,28460,<entities.dtn.DTN object at 0x10573ddc0>,<entities.processor.Processor object at 0x105728d30>
7.153699999999974,0.07679999999999154,28460,<entities.dtn.DTN object at 0x10573ddc0>,<entities.processor.Processor object at 0x105728d30>
7.155299999999974,0.07836999999999161,28460,<entities.dtn.DTN object at 0x10573ddc0>,<entities.processor.Processor object at 0x105728d30>
7.220899999999967,0.14236999999998456,28460,<entities.dtn.DTN object at 0x10573ddc0>,<entities.processor.Processor object at 0x105728d30>
7.222499999999966,0.14236999999998456,28460,<entities.dtn.DTN object at 0x10573ddc0>,<entities.processor.Processor object at 0x105728d30>
7.224099999999966,0.14236999999998456,28460,<entities.dtn.DTN object at 0x10573ddc0>,<entities.processor.Processor object at 0x105728d30>
7.225699999999966,0.14236999999998456,28460,<entities.dtn.DTN object at 0x10573ddc0>,<entities.processor.Processor object at 0x105728d30>
7.233699999999965,0.14876999999998386,28460,<entities.dtn.DTN object at 0x10573ddc0>,<entities.processor.Processor object at 0x105728d30>
7.235299999999965,0.14876999999998386,28460,<entities.dtn.DTN object at 0x10573ddc0>,<entities.processor.Processor object at 0x105728d30>
7.236899999999965,0.14876999999998386,28460,<entities.dtn.DTN object at 0x10573ddc0>,<entities.processor.Processor object at 0x105728d30>
7.238499999999965,0.14876999999998386,28460,<entities.dtn.DTN object at 0x10573ddc0>,<entities.processor.Processor object at 0x105728d30>
7.2400999999999645,0.14876999999998386,28460,<entities.dtn.DTN object at 0x10573ddc0>,<entities.processor.Processor object at 0x105728d30>
7.241699999999964,0.14876999999998386,28460,<entities.dtn.DTN object at 0x10573ddc0>,<entities.processor.Processor object at 0x105728d30>
7.259299999999962,0.1647699999999821,28460,<entities.dtn.DTN object at 0x10573ddc0>,<entities.processor.Processor object at 0x105728d30>
7.260899999999962,0.1647699999999821,28460,<entities.dtn.DTN object at 0x10573ddc0>,<entities.processor.Processor object at 0x105728d30>
7.262499999999962,0.1647699999999821,28460,<entities.dtn.DTN object at 0x10573ddc0>,<entities.processor.Processor object at 0x105728d30>
7.264099999999962,0.1647699999999821,28460,<entities.dtn.DTN object at 0x10573ddc0>,<entities.processor.Processor object at 0x105728d30>
7.265699999999962,0.1647699999999821,28460,<entities.dtn.DTN object at 0x10573ddc0>,<entities.processor.Processor object at 0x105728d30>
7.2672999999999615,0.1647699999999821,28460,<entities.dtn.DTN object at 0x10573ddc0>,<entities.processor.Processor object at 0x105728d30>
7.268899999999961,0.12639999999998608,28460,<entities.dtn.DTN object at 0x10573ddc0>,<entities.processor.Processor object at 0x105728d30>
11.401759999999976,0.08425999999995959,7175,<entities.dtn.DTN object at 0x10573ddc0>,<entities.processor.Processor object at 0x1057570a0>
11.503359999999976,0.10166000000000075,7175,<entities.dtn.DTN object at 0x10573ddc0>,<entities.processor.Processor object at 0x1057570a0>
11.504959999999976,0.10322999999999993,7175,<entities.dtn.DTN object at 0x10573ddc0>,<entities.processor.Processor object at 0x1057570a0>
11.606559999999975,0.10326000000000057,7175,<entities.dtn.DTN object at 0x10573ddc0>,<entities.processor.Processor object at 0x1057570a0>
11.608159999999975,0.10482999999999976,7175,<entities.dtn.DTN object at 0x10573ddc0>,<entities.processor.Processor object at 0x1057570a0>
11.609759999999975,0.1048600000000004,7175,<entities.dtn.DTN object at 0x10573ddc0>,<entities.processor.Processor object at 0x1057570a0>
11.611359999999975,0.10642999999999958,7175,<entities.dtn.DTN object at 0x10573ddc0>,<entities.processor.Processor object at 0x1057570a0>
11.712959999999974,0.10646000000000022,7175,<entities.dtn.DTN object at 0x10573ddc0>,<entities.processor.Processor object at 0x1057570a0>
11.714559999999974,0.1080299999999994,7175,<entities.dtn.DTN object at 0x10573ddc0>,<entities.processor.Processor object at 0x1057570a0>
11.716159999999974,0.10806000000000004,7175,<entities.dtn.DTN object at 0x10573ddc0>,<entities.processor.Processor object at 0x1057570a0>
11.717759999999974,0.10962999999999923,7175,<entities.dtn.DTN object at 0x10573ddc0>,<entities.processor.Processor object at 0x1057570a0>
11.719359999999973,0.10965999999999987,7175,<entities.dtn.DTN object at 0x10573ddc0>,<entities.processor.Processor object at 0x1057570a0>
11.720959999999973,0.11122999999999905,7175,<entities.dtn.DTN object at 0x10573ddc0>,<entities.processor.Processor object at 0x1057570a0>
11.722559999999973,0.11125999999999969,7175,<entities.dtn.DTN object at 0x10573ddc0>,<entities.processor.Processor object at 0x1057570a0>
11.724159999999973,0.11282999999999888,7175,<entities.dtn.DTN object at 0x10573ddc0>,<entities.processor.Processor object at 0x1057570a0>
11.725759999999973,0.012859999999999872,7175,<entities.dtn.DTN object at 0x10573ddc0>,<entities.processor.Processor object at 0x1057570a0>
11.727359999999972,0.014429999999999055,7175,<entities.dtn.DTN object at 0x10573ddc0>,<entities.processor.Processor object at 0x1057570a0>
11.728959999999972,0.014459999999999695,7175,<entities.dtn.DTN object at 0x10573ddc0>,<entities.processor.Processor object at 0x1057570a0>
11.730559999999972,0.01602999999999888,7175,<entities.dtn.DTN object at 0x10573ddc0>,<entities.processor.Processor object at 0x1057570a0>
11.732159999999972,0.01605999999999952,7175,<entities.dtn.DTN object at 0x10573ddc0>,<entities.processor.Processor object at 0x1057570a0>
11.733759999999972,0.017629999999998702,7175,<entities.dtn.DTN object at 0x10573ddc0>,<entities.processor.Processor object at 0x1057570a0>
11.735359999999972,0.017659999999999343,7175,<entities.dtn.DTN object at 0x10573ddc0>,<entities.processor.Processor object at 0x1057570a0>
11.736959999999971,0.019229999999998526,7175,<entities.dtn.DTN object at 0x10573ddc0>,<entities.processor.Processor object at 0x1057570a0>
11.738559999999971,0.019259999999999167,7175,<entities.dtn.DTN object at 0x10573ddc0>,<entities.processor.Processor object at 0x1057570a0>
11.740159999999971,0.02082999999999835,7175,<entities.dtn.DTN object at 0x10573ddc0>,<entities.processor.Processor object at 0x1057570a0>
11.74175999999997,0.02085999999999899,7175,<entities.dtn.DTN object at 0x10573ddc0>,<entities.processor.Processor object at 0x1057570a0>
11.74335999999997,0.022429999999998174,7175,<entities.dtn.DTN object at 0x10573ddc0>,<entities.processor.Processor object at 0x1057570a0>
11.74495999999997,0.022459999999998814,7175,<entities.dtn.DTN object at 0x10573ddc0>,<entities.processor.Processor object at 0x1057570a0>
11.74655999999997,0.024029999999997997,7175,<entities.dtn.DTN object at 0x10573ddc0>,<entities.processor.Processor object at 0x1057570a0>
11.74815999999997,0.024059999999998638,7175,<entities.dtn.DTN object at 0x10573ddc0>,<entities.processor.Processor object at 0x1057570a0>
11.74975999999997,0.02562999999999782,7175,<entities.dtn.DTN object at 0x10573ddc0>,<entities.processor.Processor object at 0x1057570a0>
11.75135999999997,0.025659999999998462,7175,<entities.dtn.DTN object at 0x10573ddc0>,<entities.processor.Processor object at 0x1057570a0>
11.75295999999997,0.027229999999997645,7175,<entities.dtn.DTN object at 0x10573ddc0>,<entities.processor.Processor object at 0x1057570a0>
11.75455999999997,0.027259999999998286,7175,<entities.dtn.DTN object at 0x10573ddc0>,<entities.processor.Processor object at 0x1057570a0>
11.75615999999997,0.02882999999999747,7175,<entities.dtn.DTN object at 0x10573ddc0>,<entities.processor.Processor object at 0x1057570a0>
11.75775999999997,0.02885999999999811,7175,<entities.dtn.DTN object at 0x10573ddc0>,<entities.processor.Processor object at 0x1057570a0>
11.759359999999969,0.030429999999997293,7175,<entities.dtn.DTN object at 0x10573ddc0>,<entities.processor.Processor object at 0x1057570a0>
11.760959999999969,0.030459999999997933,7175,<entities.dtn.DTN object at 0x10573ddc0>,<entities.processor.Processor object at 0x1057570a0>
11.762559999999969,0.032029999999997116,7175,<entities.dtn.DTN object at 0x10573ddc0>,<entities.processor.Processor object at 0x1057570a0>
11.764159999999968,0.03205999999999776,7175,<entities.dtn.DTN object at 0x10573ddc0>,<entities.processor.Processor object at 0x1057570a0>
11.765759999999968,0.03362999999999694,7175,<entities.dtn.DTN object at 0x10573ddc0>,<entities.processor.Processor object at 0x1057570a0>
11.767359999999968,0.03365999999999758,7175,<entities.dtn.DTN object at 0x10573ddc0>,<entities.processor.Processor object at 0x1057570a0>
11.768959999999968,0.035229999999996764,7175,<entities.dtn.DTN object at 0x10573ddc0>,<entities.processor.Processor object at 0x1057570a0>
11.770559999999968,0.035259999999997405,7175,<entities.dtn.DTN object at 0x10573ddc0>,<entities.processor.Processor object at 0x1057570a0>
11.772159999999968,0.03682999999999659,7175,<entities.dtn.DTN object at 0x10573ddc0>,<entities.processor.Processor object at 0x1057570a0>
11.773759999999967,0.03685999999999723,7175,<entities.dtn.DTN object at 0x10573ddc0>,<entities.processor.Processor object at 0x1057570a0>
11.775359999999967,0.03842999999999641,7175,<entities.dtn.DTN object at 0x10573ddc0>,<entities.processor.Processor object at 0x1057570a0>
11.776959999999967,0.03845999999999705,7175,<entities.dtn.DTN object at 0x10573ddc0>,<entities.processor.Processor object at 0x1057570a0>
11.778559999999967,0.040029999999996235,7175,<entities.dtn.DTN object at 0x10573ddc0>,<entities.processor.Processor object at 0x1057570a0>
11.780159999999967,0.040059999999996876,7175,<entities.dtn.DTN object at 0x10573ddc0>,<entities.processor.Processor object at 0x1057570a0>
11.781759999999966,0.04162999999999606,7175,<entities.dtn.DTN object at 0x10573ddc0>,<entities.processor.Processor object at 0x1057570a0>
11.783359999999966,0.0416599999999967,7175,<entities.dtn.DTN object at 0x10573ddc0>,<entities.processor.Processor object at 0x1057570a0>
11.784959999999966,0.04322999999999588,7175,<entities.dtn.DTN object at 0x10573ddc0>,<entities.processor.Processor object at 0x1057570a0>
11.786559999999966,0.04325999999999652,7175,<entities.dtn.DTN object at 0x10573ddc0>,<entities.processor.Processor object at 0x1057570a0>
11.788159999999966,0.04482999999999571,7175,<entities.dtn.DTN object at 0x10573ddc0>,<entities.processor.Processor object at 0x1057570a0>
11.789759999999966,0.04485999999999635,7175,<entities.dtn.DTN object at 0x10573ddc0>,<entities.processor.Processor object at 0x1057570a0>
11.791359999999965,0.04642999999999553,7175,<entities.dtn.DTN object at 0x10573ddc0>,<entities.processor.Processor object at 0x1057570a0>
11.792959999999965,0.04645999999999617,7175,<entities.dtn.DTN object at 0x10573ddc0>,<entities.processor.Processor object at 0x1057570a0>
11.794559999999965,0.048029999999995354,7175,<entities.dtn.DTN object at 0x10573ddc0>,<entities.processor.Processor object at 0x1057570a0>
11.796159999999965,0.048059999999995995,7175,<entities.dtn.DTN object at 0x10573ddc0>,<entities.processor.Processor object at 0x1057570a0>
11.797759999999965,0.04962999999999518,7175,<entities.dtn.DTN object at 0x10573ddc0>,<entities.processor.Processor object at 0x1057570a0>
11.799359999999965,0.04965999999999582,7175,<entities.dtn.DTN object at 0x10573ddc0>,<entities.processor.Processor object at 0x1057570a0>
11.800959999999964,0.051229999999995,7175,<entities.dtn.DTN object at 0x10573ddc0>,<entities.processor.Processor object at 0x1057570a0>
11.802559999999964,0.05125999999999564,7175,<entities.dtn.DTN object at 0x10573ddc0>,<entities.processor.Processor object at 0x1057570a0>
11.804129999999963,0.052799999999994185,7175,<entities.dtn.DTN object at 0x10573ddc0>,<entities.processor.Processor object at 0x1057570a0>
11.805729999999963,0.052829999999994826,7175,<entities.dtn.DTN object at 0x10573ddc0>,<entities.processor.Processor object at 0x1057570a0>
11.807329999999963,0.05439999999999401,7175,<entities.dtn.DTN object at 0x10573ddc0>,<entities.processor.Processor object at 0x1057570a0>
11.808929999999963,0.05442999999999465,7175,<entities.dtn.DTN object at 0x10573ddc0>,<entities.processor.Processor object at 0x1057570a0>
11.810529999999963,0.05599999999999383,7175,<entities.dtn.DTN object at 0x10573ddc0>,<entities.processor.Processor object at 0x1057570a0>
11.812129999999962,0.05602999999999447,7175,<entities.dtn.DTN object at 0x10573ddc0>,<entities.processor.Processor object at 0x1057570a0>
11.813729999999962,0.057599999999993656,7175,<entities.dtn.DTN object at 0x10573ddc0>,<entities.processor.Processor object at 0x1057570a0>
11.815329999999962,0.0576299999999943,7175,<entities.dtn.DTN object at 0x10573ddc0>,<entities.processor.Processor object at 0x1057570a0>
11.816929999999962,0.05919999999999348,7175,<entities.dtn.DTN object at 0x10573ddc0>,<entities.processor.Processor object at 0x1057570a0>
11.818529999999962,0.05922999999999412,7175,<entities.dtn.DTN object at 0x10573ddc0>,<entities.processor.Processor object at 0x1057570a0>
11.820129999999962,0.060799999999993304,7175,<entities.dtn.DTN object at 0x10573ddc0>,<entities.processor.Processor object at 0x1057570a0>
11.821729999999961,0.060829999999993944,7175,<entities.dtn.DTN object at 0x10573ddc0>,<entities.processor.Processor object at 0x1057570a0>
11.823329999999961,0.06239999999999313,7175,<entities.dtn.DTN object at 0x10573ddc0>,<entities.processor.Processor object at 0x1057570a0>
11.824929999999961,0.06242999999999377,7175,<entities.dtn.DTN object at 0x10573ddc0>,<entities.processor.Processor object at 0x1057570a0>
11.826529999999961,0.06399999999999295,7175,<entities.dtn.DTN object at 0x10573ddc0>,<entities.processor.Processor object at 0x1057570a0>
11.82812999999996,0.06402999999999359,7175,<entities.dtn.DTN object at 0x10573ddc0>,<entities.processor.Processor object at 0x1057570a0>
11.82972999999996,0.06559999999999278,7175,<entities.dtn.DTN object at 0x10573ddc0>,<entities.processor.Processor object at 0x1057570a0>
11.83132999999996,0.06562999999999342,7175,<entities.dtn.DTN object at 0x10573ddc0>,<entities.processor.Processor object at 0x1057570a0>
11.83292999999996,0.0671999999999926,7175,<entities.dtn.DTN object at 0x10573ddc0>,<entities.processor.Processor object at 0x1057570a0>
11.83452999999996,0.06722999999999324,7175,<entities.dtn.DTN object at 0x10573ddc0>,<entities.processor.Processor object at 0x1057570a0>
11.83612999999996,0.06879999999999242,7175,<entities.dtn.DTN object at 0x10573ddc0>,<entities.processor.Processor object at 0x1057570a0>
11.83772999999996,0.06882999999999306,7175,<entities.dtn.DTN object at 0x10573ddc0>,<entities.processor.Processor object at 0x1057570a0>
11.83932999999996,0.07039999999999225,7175,<entities.dtn.DTN object at 0x10573ddc0>,<entities.processor.Processor object at 0x1057570a0>
11.84092999999996,0.07042999999999289,7175,<entities.dtn.DTN object at 0x10573ddc0>,<entities.processor.Processor object at 0x1057570a0>
11.84252999999996,0.07199999999999207,7175,<entities.dtn.DTN object at 0x10573ddc0>,<entities.processor.Processor object at 0x1057570a0>
11.844119999999958,0.07201999999999131,7175,<entities.dtn.DTN object at 0x10573ddc0>,<entities.processor.Processor object at 0x1057570a0>
11.845699999999958,0.07356999999999125,7175,<entities.dtn.DTN object at 0x10573ddc0>,<entities.processor.Processor object at 0x1057570a0>
11.847299999999958,0.0735999999999919,7175,<entities.dtn.DTN object at 0x10573ddc0>,<entities.processor.Processor object at 0x1057570a0>
11.848899999999958,0.07516999999999108,7175,<entities.dtn.DTN object at 0x10573ddc0>,<entities.processor.Processor object at 0x1057570a0>
11.850499999999958,0.07519999999999172,7175,<entities.dtn.DTN object at 0x10573ddc0>,<entities.processor.Processor object at 0x1057570a0>
11.852099999999957,0.0767699999999909,7175,<entities.dtn.DTN object at 0x10573ddc0>,<entities.processor.Processor object at 0x1057570a0>
11.853699999999957,0.07679999999999154,7175,<entities.dtn.DTN object at 0x10573ddc0>,<entities.processor.Processor object at 0x1057570a0>
11.855299999999957,0.07836999999999072,7175,<entities.dtn.DTN object at 0x10573ddc0>,<entities.processor.Processor object at 0x1057570a0>
11.921999999999949,0.1434699999999829,7175,<entities.dtn.DTN object at 0x10573ddc0>,<entities.processor.Processor object at 0x1057570a0>
11.923599999999949,0.1434699999999829,7175,<entities.dtn.DTN object at 0x10573ddc0>,<entities.processor.Processor object at 0x1057570a0>
11.925199999999949,0.1434699999999829,7175,<entities.dtn.DTN object at 0x10573ddc0>,<entities.processor.Processor object at 0x1057570a0>
11.926799999999949,0.1434699999999829,7175,<entities.dtn.DTN object at 0x10573ddc0>,<entities.processor.Processor object at 0x1057570a0>
11.934799999999948,0.14986999999998218,7175,<entities.dtn.DTN object at 0x10573ddc0>,<entities.processor.Processor object at 0x1057570a0>
11.936399999999947,0.14986999999998218,7175,<entities.dtn.DTN object at 0x10573ddc0>,<entities.processor.Processor object at 0x1057570a0>
11.937999999999947,0.14986999999998218,7175,<entities.dtn.DTN object at 0x10573ddc0>,<entities.processor.Processor object at 0x1057570a0>
11.939599999999947,0.14986999999998218,7175,<entities.dtn.DTN object at 0x10573ddc0>,<entities.processor.Processor object at 0x1057570a0>
11.941199999999947,0.14986999999998218,7175,<entities.dtn.DTN object at 0x10573ddc0>,<entities.processor.Processor object at 0x1057570a0>
11.942799999999947,0.14986999999998218,7175,<entities.dtn.DTN object at 0x10573ddc0>,<entities.processor.Processor object at 0x1057570a0>
11.960399999999945,0.16586999999998042,7175,<entities.dtn.DTN object at 0x10573ddc0>,<entities.processor.Processor object at 0x1057570a0>
11.961999999999945,0.16586999999998042,7175,<entities.dtn.DTN object at 0x10573ddc0>,<entities.processor.Processor object at 0x1057570a0>
11.963599999999945,0.16586999999998042,7175,<entities.dtn.DTN object at 0x10573ddc0>,<entities.processor.Processor object at 0x1057570a0>
11.965199999999944,0.16586999999998042,7175,<entities.dtn.DTN object at 0x10573ddc0>,<entities.processor.Processor object at 0x1057570a0>
11.966799999999944,0.16586999999998042,7175,<entities.dtn.DTN object at 0x10573ddc0>,<entities.processor.Processor object at 0x1057570a0>
11.968399999999944,0.16586999999998042,7175,<entities.dtn.DTN object at 0x10573ddc0>,<entities.processor.Processor object at 0x1057570a0>
11.969999999999944,0.12589999999998547,7175,<entities.dtn.DTN object at 0x10573ddc0>,<entities.processor.Processor object at 0x1057570a0>
14.101759999999967,0.08412999999995918,67542,<entities.dtn.DTN object at 0x10573ddc0>,<entities.processor.Processor object at 0x105757340>
14.203359999999966,0.10166000000000075,67542,<entities.dtn.DTN object at 0x10573ddc0>,<entities.processor.Processor object at 0x105757340>
14.204959999999966,0.10322999999999993,67542,<entities.dtn.DTN object at 0x10573ddc0>,<entities.processor.Processor object at 0x105757340>
14.306559999999966,0.10326000000000057,67542,<entities.dtn.DTN object at 0x10573ddc0>,<entities.processor.Processor object at 0x105757340>
14.308159999999965,0.10482999999999976,67542,<entities.dtn.DTN object at 0x10573ddc0>,<entities.processor.Processor object at 0x105757340>
14.309759999999965,0.1048600000000004,67542,<entities.dtn.DTN object at 0x10573ddc0>,<entities.processor.Processor object at 0x105757340>
14.311359999999965,0.10642999999999958,67542,<entities.dtn.DTN object at 0x10573ddc0>,<entities.processor.Processor object at 0x105757340>
14.412959999999964,0.10646000000000022,67542,<entities.dtn.DTN object at 0x10573ddc0>,<entities.processor.Processor object at 0x105757340>
14.414559999999964,0.1080299999999994,67542,<entities.dtn.DTN object at 0x10573ddc0>,<entities.processor.Processor object at 0x105757340>
14.416159999999964,0.10806000000000004,67542,<entities.dtn.DTN object at 0x10573ddc0>,<entities.processor.Processor object at 0x105757340>
14.417759999999964,0.10962999999999923,67542,<entities.dtn.DTN object at 0x10573ddc0>,<entities.processor.Processor object at 0x105757340>
14.419359999999964,0.10965999999999987,67542,<entities.dtn.DTN object at 0x10573ddc0>,<entities.processor.Processor object at 0x105757340>
14.420959999999964,0.11122999999999905,67542,<entities.dtn.DTN object at 0x10573ddc0>,<entities.processor.Processor object at 0x105757340>
14.422559999999963,0.11125999999999969,67542,<entities.dtn.DTN object at 0x10573ddc0>,<entities.processor.Processor object at 0x105757340>
14.424159999999963,0.11282999999999888,67542,<entities.dtn.DTN object at 0x10573ddc0>,<entities.processor.Processor object at 0x105757340>
14.425759999999963,0.012859999999999872,67542,<entities.dtn.DTN object at 0x10573ddc0>,<entities.processor.Processor object at 0x105757340>
14.427359999999963,0.014429999999999055,67542,<entities.dtn.DTN object at 0x10573ddc0>,<entities.processor.Processor object at 0x105757340>
14.428959999999963,0.014459999999999695,67542,<entities.dtn.DTN object at 0x10573ddc0>,<entities.processor.Processor object at 0x105757340>
14.430559999999963,0.01602999999999888,67542,<entities.dtn.DTN object at 0x10573ddc0>,<entities.processor.Processor object at 0x105757340>
14.432159999999962,0.01605999999999952,67542,<entities.dtn.DTN object at 0x10573ddc0>,<entities.processor.Processor object at 0x105757340>
14.433759999999962,0.017629999999998702,67542,<entities.dtn.DTN object at 0x10573ddc0>,<entities.processor.Processor object at 0x105757340>
14.435359999999962,0.017659999999999343,67542,<entities.dtn.DTN object at 0x10573ddc0>,<entities.processor.Processor object at 0x105757340>
14.436959999999962,0.019229999999998526,67542,<entities.dtn.DTN object at 0x10573ddc0>,<entities.processor.Processor object at 0x105757340>
14.438559999999962,0.019259999999999167,67542,<entities.dtn.DTN object at 0x10573ddc0>,<entities.processor.Processor object at 0x105757340>
14.440159999999961,0.02082999999999835,67542,<entities.dtn.DTN object at 0x10573ddc0>,<entities.processor.Processor object at 0x105757340>
14.441759999999961,0.02085999999999899,67542,<entities.dtn.DTN object at 0x10573ddc0>,<entities.processor.Processor object at 0x105757340>
14.443359999999961,0.022429999999998174,67542,<entities.dtn.DTN object at 0x10573ddc0>,<entities.processor.Processor object at 0x105757340>
14.444959999999961,0.022459999999998814,67542,<entities.dtn.DTN object at 0x10573ddc0>,<entities.processor.Processor object at 0x105757340>
14.44655999999996,0.024029999999997997,67542,<entities.dtn.DTN object at 0x10573ddc0>,<entities.processor.Processor object at 0x105757340>
14.44815999999996,0.024059999999998638,67542,<entities.dtn.DTN object at 0x10573ddc0>,<entities.processor.Processor object at 0x105757340>
14.44975999999996,0.02562999999999782,67542,<entities.dtn.DTN object at 0x10573ddc0>,<entities.processor.Processor object at 0x105757340>
14.45135999999996,0.025659999999998462,67542,<entities.dtn.DTN object at 0x10573ddc0>,<entities.processor.Processor object at 0x105757340>
14.45295999999996,0.027229999999997645,67542,<entities.dtn.DTN object at 0x10573ddc0>,<entities.processor.Processor object at 0x105757340>
14.45455999999996,0.027259999999998286,67542,<entities.dtn.DTN object at 0x10573ddc0>,<entities.processor.Processor object at 0x105757340>
14.45615999999996,0.02882999999999747,67542,<entities.dtn.DTN object at 0x10573ddc0>,<entities.processor.Processor object at 0x105757340>
14.45775999999996,0.02885999999999811,67542,<entities.dtn.DTN object at 0x10573ddc0>,<entities.processor.Processor object at 0x105757340>
14.45935999999996,0.030429999999997293,67542,<entities.dtn.DTN object at 0x10573ddc0>,<entities.processor.Processor object at 0x105757340>
14.46095999999996,0.030459999999997933,67542,<entities.dtn.DTN object at 0x10573ddc0>,<entities.processor.Processor object at 0x105757340>
14.462559999999959,0.032029999999997116,67542,<entities.dtn.DTN object at 0x10573ddc0>,<entities.processor.Processor object at 0x105757340>
14.464159999999959,0.03205999999999776,67542,<entities.dtn.DTN object at 0x10573ddc0>,<entities.processor.Processor object at 0x105757340>
14.465759999999959,0.03362999999999694,67542,<entities.dtn.DTN object at 0x10573ddc0>,<entities.processor.Processor object at 0x105757340>
14.467359999999958,0.03365999999999758,67542,<entities.dtn.DTN object at 0x10573ddc0>,<entities.processor.Processor object at 0x105757340>
14.468959999999958,0.035229999999996764,67542,<entities.dtn.DTN object at 0x10573ddc0>,<entities.processor.Processor object at 0x105757340>
14.470559999999958,0.035259999999997405,67542,<entities.dtn.DTN object at 0x10573ddc0>,<entities.processor.Processor object at 0x105757340>
14.472159999999958,0.03682999999999659,67542,<entities.dtn.DTN object at 0x10573ddc0>,<entities.processor.Processor object at 0x105757340>
14.473759999999958,0.03685999999999723,67542,<entities.dtn.DTN object at 0x10573ddc0>,<entities.processor.Processor object at 0x105757340>
14.475359999999958,0.03842999999999641,67542,<entities.dtn.DTN object at 0x10573ddc0>,<entities.processor.Processor object at 0x105757340>
14.476959999999957,0.03845999999999705,67542,<entities.dtn.DTN object at 0x10573ddc0>,<entities.processor.Processor object at 0x105757340>
14.478559999999957,0.040029999999996235,67542,<entities.dtn.DTN object at 0x10573ddc0>,<entities.processor.Processor object at 0x105757340>
14.480159999999957,0.040059999999996876,67542,<entities.dtn.DTN object at 0x10573ddc0>,<entities.processor.Processor object at 0x105757340>
14.481759999999957,0.04162999999999606,67542,<entities.dtn.DTN object at 0x10573ddc0>,<entities.processor.Processor object at 0x105757340>
14.483359999999957,0.0416599999999967,67542,<entities.dtn.DTN object at 0x10573ddc0>,<entities.processor.Processor object at 0x105757340>
14.484959999999957,0.04322999999999588,67542,<entities.dtn.DTN object at 0x10573ddc0>,<entities.processor.Processor object at 0x105757340>
14.486559999999956,0.04325999999999652,67542,<entities.dtn.DTN object at 0x10573ddc0>,<entities.processor.Processor object at 0x105757340>
14.488159999999956,0.04482999999999571,67542,<entities.dtn.DTN object at 0x10573ddc0>,<entities.processor.Processor object at 0x105757340>
14.489759999999956,0.04485999999999635,67542,<entities.dtn.DTN object at 0x10573ddc0>,<entities.processor.Processor object at 0x105757340>
14.491359999999956,0.04642999999999553,67542,<entities.dtn.DTN object at 0x10573ddc0>,<entities.processor.Processor object at 0x105757340>
14.492959999999956,0.04645999999999617,67542,<entities.dtn.DTN object at 0x10573ddc0>,<entities.processor.Processor object at 0x105757340>
14.494559999999955,0.048029999999995354,67542,<entities.dtn.DTN object at 0x10573ddc0>,<entities.processor.Processor object at 0x105757340>
14.496159999999955,0.048059999999995995,67542,<entities.dtn.DTN object at 0x10573ddc0>,<entities.processor.Processor object at 0x105757340>
14.497759999999955,0.04962999999999518,67542,<entities.dtn.DTN object at 0x10573ddc0>,<entities.processor.Processor object at 0x105757340>
14.499349999999954,0.04964999999999442,67542,<entities.dtn.DTN object at 0x10573ddc0>,<entities.processor.Processor object at 0x105757340>
14.500899999999953,0.05116999999999372,67542,<entities.dtn.DTN object at 0x10573ddc0>,<entities.processor.Processor object at 0x105757340>
14.502499999999953,0.05119999999999436,67542,<entities.dtn.DTN object at 0x10573ddc0>,<entities.processor.Processor object at 0x105757340>
14.504099999999953,0.052769999999993544,67542,<entities.dtn.DTN object at 0x10573ddc0>,<entities.processor.Processor object at 0x105757340>
14.505699999999953,0.052799999999994185,67542,<entities.dtn.DTN object at 0x10573ddc0>,<entities.processor.Processor object at 0x105757340>
14.507299999999953,0.05436999999999337,67542,<entities.dtn.DTN object at 0x10573ddc0>,<entities.processor.Processor object at 0x105757340>
14.508899999999953,0.05439999999999401,67542,<entities.dtn.DTN object at 0x10573ddc0>,<entities.processor.Processor object at 0x105757340>
14.510499999999952,0.05596999999999319,67542,<entities.dtn.DTN object at 0x10573ddc0>,<entities.processor.Processor object at 0x105757340>
14.512099999999952,0.05599999999999383,67542,<entities.dtn.DTN object at 0x10573ddc0>,<entities.processor.Processor object at 0x105757340>
14.513699999999952,0.057569999999993016,67542,<entities.dtn.DTN object at 0x10573ddc0>,<entities.processor.Processor object at 0x105757340>
14.515299999999952,0.057599999999993656,67542,<entities.dtn.DTN object at 0x10573ddc0>,<entities.processor.Processor object at 0x105757340>
14.516899999999952,0.05916999999999284,67542,<entities.dtn.DTN object at 0x10573ddc0>,<entities.processor.Processor object at 0x105757340>
14.518499999999952,0.05919999999999348,67542,<entities.dtn.DTN object at 0x10573ddc0>,<entities.processor.Processor object at 0x105757340>
14.520099999999951,0.06076999999999266,67542,<entities.dtn.DTN object at 0x10573ddc0>,<entities.processor.Processor object at 0x105757340>
14.521699999999951,0.060799999999993304,67542,<entities.dtn.DTN object at 0x10573ddc0>,<entities.processor.Processor object at 0x105757340>
14.523299999999951,0.06236999999999249,67542,<entities.dtn.DTN object at 0x10573ddc0>,<entities.processor.Processor object at 0x105757340>
14.52489999999995,0.06239999999999313,67542,<entities.dtn.DTN object at 0x10573ddc0>,<entities.processor.Processor object at 0x105757340>
14.52649999999995,0.06396999999999231,67542,<entities.dtn.DTN object at 0x10573ddc0>,<entities.processor.Processor object at 0x105757340>
14.52809999999995,0.06399999999999295,67542,<entities.dtn.DTN object at 0x10573ddc0>,<entities.processor.Processor object at 0x105757340>
14.52969999999995,0.06556999999999213,67542,<entities.dtn.DTN object at 0x10573ddc0>,<entities.processor.Processor object at 0x105757340>
14.53129999999995,0.06559999999999278,67542,<entities.dtn.DTN object at 0x10573ddc0>,<entities.processor.Processor object at 0x105757340>
14.53289999999995,0.06716999999999196,67542,<entities.dtn.DTN object at 0x10573ddc0>,<entities.processor.Processor object at 0x105757340>
14.53449999999995,0.0671999999999926,67542,<entities.dtn.DTN object at 0x10573ddc0>,<entities.processor.Processor object at 0x105757340>
14.53609999999995,0.06876999999999178,67542,<entities.dtn.DTN object at 0x10573ddc0>,<entities.processor.Processor object at 0x105757340>
14.53769999999995,0.06879999999999242,67542,<entities.dtn.DTN object at 0x10573ddc0>,<entities.processor.Processor object at 0x105757340>
14.53929999999995,0.0703699999999916,67542,<entities.dtn.DTN object at 0x10573ddc0>,<entities.processor.Processor object at 0x105757340>
14.540899999999949,0.07039999999999225,67542,<entities.dtn.DTN object at 0x10573ddc0>,<entities.processor.Processor object at 0x105757340>
14.542499999999949,0.07196999999999143,67542,<entities.dtn.DTN object at 0x10573ddc0>,<entities.processor.Processor object at 0x105757340>
14.544099999999949,0.07199999999999207,67542,<entities.dtn.DTN object at 0x10573ddc0>,<entities.processor.Processor object at 0x105757340>
14.545699999999949,0.07356999999999125,67542,<entities.dtn.DTN object at 0x10573ddc0>,<entities.processor.Processor object at 0x105757340>
14.547299999999948,0.0735999999999919,67542,<entities.dtn.DTN object at 0x10573ddc0>,<entities.processor.Processor object at 0x105757340>
14.548899999999948,0.07516999999999108,67542,<entities.dtn.DTN object at 0x10573ddc0>,<entities.processor.Processor object at 0x105757340>
14.550499999999948,0.07519999999999172,67542,<entities.dtn.DTN object at 0x10573ddc0>,<entities.processor.Processor object at 0x105757340>
14.552099999999948,0.0767699999999909,67542,<entities.dtn.DTN object at 0x10573ddc0>,<entities.processor.Processor object at 0x105757340>
14.553699999999948,0.07679999999999154,67542,<entities.dtn.DTN object at 0x10573ddc0>,<entities.processor.Processor object at 0x105757340>
14.555299999999948,0.07836999999999072,67542,<entities.dtn.DTN object at 0x10573ddc0>,<entities.processor.Processor object at 0x105757340>
14.577199999999944,0.09866999999998782,67542,<entities.dtn.DTN object at 0x10573ddc0>,<entities.processor.Processor object at 0x105757340>
14.578799999999944,0.09866999999998782,67542,<entities.dtn.DTN object at 0x10573ddc0>,<entities.processor.Processor object at 0x105757340>
14.580399999999944,0.09866999999998782,67542,<entities.dtn.DTN object at 0x10573ddc0>,<entities.processor.Processor object at 0x105757340>
14.581999999999944,0.09866999999998782,67542,<entities.dtn.DTN object at 0x10573ddc0>,<entities.processor.Processor object at 0x105757340>
