job_times,data_arrival_times
3.7025000000000006,4.597399999999938
3.1137499999999996,4.507549999999959
5.441249999999997,11.966750000000225
4.786250000000003,3.102450000000225
5.022499999999994,9.477499999999537
4.515000000000001,5.781699999998452
5.538749999999993,23.944499999998897
3.844999999999999,2.637400000001378
2.741250000000008,3.2388000000036072
5.721249999999998,3.0239000000055682
2.0912500000000023,7.68155000001056
