job_times,data_arrival_times
3.501999999999999,2.3481999999999754
3.556000000000001,2.211200000000076
2.5660000000000025,2.6265000000005188
2.907999999999994,1.0644000000011005
4.353999999999999,0.7898000000006107
4.989999999999995,0.7005999999997954
5.798000000000002,1.1045999999987117
4.560000000000002,0.8277999999974952
5.725999999999999,1.0180999999960818
2.1100000000000136,1.8158999999941443
4.963999999999999,1.7875999999929206
