job_times,data_arrival_times
2.0133333333333336,2.0021350000000675
5.759999999999998,0.2314650000011511
3.0633333333333326,0.28521500000545075
3.826666666666668,5.055419999999742
4.233333333333334,0.3059299999973035
5.7066666666666634,7.201274999997366
2.0533333333333275,1.090019999999015
3.5533333333333275,0.7205199999998513
2.2566666666666606,0.28170000000119444
5.123333333333335,4.834055000002195
5.113333333333344,0.919405000003195
3.3300000000000125,0.2922550000042179
