job_times,data_arrival_times
3.1712500000000006,0.21331999999999574
4.8375,0.1897799999998906
5.293750000000003,0.24905999999984374
3.9312499999999986,5.924990000004414
5.423749999999998,0.24335000000721152
5.573750000000004,0.2109900000025675
3.117500000000007,0.2854900000003795
3.8587500000000006,0.220054999998041
4.393750000000011,0.26365500000099473
4.458750000000009,0.2585100000094087
2.2537499999999966,0.26764000001065824
3.3637500000000102,0.2299200000247481
