job_times,data_arrival_times
3.4139999999999997,0.18954000000001336
3.4200000000000017,0.20322999999978109
5.216000000000001,0.4846599999998986
3.094000000000001,0.39349000000179757
5.986000000000004,0.22054500000163557
3.569999999999993,0.280610000000749
4.042000000000002,0.36705000000074506
5.853999999999999,1.2311750000004054
2.460000000000008,1.3197750000006465
2.0560000000000116,9.015270000000214
3.9199999999999875,0.1927400000013506
5.883999999999986,0.29149000000120395
