job_times,data_arrival_times
4.33,0.41693999999999554
5.940000000000001,0.26817999999983044
5.389999999999997,0.4181599999999044
4.2280000000000015,0.38301000000090113
5.640000000000001,0.3479450000015447
2.6059999999999945,1.6993300000009555
5.230000000000004,2.100250000000557
2.6119999999999948,0.17726999999973714
4.1059999999999945,2.784355000000687
5.9879999999999995,12.130840000001541
2.9199999999999875,0.24818000000135498
3.274000000000001,0.35675000000131263
