job_times,data_arrival_times
5.2875,0.1854800000000334
3.5074999999999985,0.291799999999915
4.963750000000001,0.2628399999995139
5.261249999999997,5.15188000000542
2.051250000000003,3.4008700000032306
2.6650000000000063,0.19687000000203625
3.405000000000001,3.61368499999854
3.2275000000000063,0.19267499999750726
4.837500000000006,0.2695950000061771
2.1899999999999977,0.22479000001382587
4.362500000000011,0.2378400000151828
