job_times,data_arrival_times
5.251249999999999,0.30227999999964084
3.137500000000003,0.26796499999971246
3.6599999999999966,0.290715000003658
3.8387500000000045,0.30648000000394404
5.143749999999997,0.2726800000021683
2.0462500000000006,0.21432000000072549
4.851250000000007,0.18484499999898674
3.3937500000000114,16.82475000006889
2.9312500000000057,0.24381000007895182
3.647500000000008,15.882910000043552
