job_times,data_arrival_times
5.161999999999999,4.654600000000219
2.8399999999999963,1.970330000001212
3.6499999999999986,5.141010000003099
2.819999999999993,0.4336600000016233
2.0079999999999956,1.819850000001054
4.757999999999996,0.2981950000015843
5.937999999999988,0.18638000000038346
3.5759999999999934,1.7888549999995007
2.5420000000000016,2.5385050000001854
2.6219999999999857,0.40407499999997754
2.883999999999986,1.704760000000249
