job_times,data_arrival_times
3.043333333333333,9.01224999999982
3.1899999999999977,9.641130000007351
5.369999999999997,2.061790000003228
5.893333333333338,0.2812900000060736
5.583333333333329,7.635039999998696
2.8700000000000045,0.30761999999680256
3.969999999999999,0.388279999999952
4.833333333333329,0.25687499999975216
3.3600000000000136,7.192135000002963
4.72999999999999,0.23062500000477826
5.3700000000000045,2.6549750000020254
