job_times,data_arrival_times
5.417999999999999,0.28839999999999577
3.2239999999999966,0.15198000000074785
3.048000000000002,5.3469000000037425
5.635999999999996,1.410960000001566
3.372,0.3313250000011152
2.6059999999999945,2.3597850000015512
4.760000000000005,1.9137800000002727
4.957999999999998,0.2367899999995302
2.834000000000003,3.926405000000159
2.0500000000000114,0.2806749999998033
4.693999999999988,2.7051600000002622
