job_times,data_arrival_times
3.3150000000000013,4.152224999999973
5.232500000000002,3.1747150000022444
5.383750000000006,1.877780000004556
4.856250000000003,0.2958800000033648
5.671250000000001,0.4367200000014293
5.738749999999996,6.641584999999324
5.701250000000002,0.1727449999978461
4.328750000000014,15.27945000006713
4.306250000000006,3.789615000004517
5.821249999999992,5.797470000041244
