job_times,data_arrival_times
2.9299999999999997,7.045949999999902
5.666666666666664,6.946870000006356
4.259999999999998,1.1249900000034856
2.3899999999999935,0.29845000000723587
4.986666666666665,6.929869999999099
3.856666666666669,3.8321650000006855
3.930000000000007,0.30889999999931206
4.203333333333333,0.3133149999989939
2.8700000000000045,4.629385000002571
4.836666666666673,0.2789250000058985
2.2933333333333223,0.6542750000020021
