job_times,data_arrival_times
5.133333333333333,9.362489999999845
5.016666666666666,11.141030000007348
2.9399999999999977,0.30701000000931344
4.143333333333338,0.2779700000049914
5.909999999999997,0.3029900000058916
3.8033333333333275,0.24425999999766645
2.4166666666666714,2.1239200000006804
5.483333333333334,2.014785000000572
3.1866666666666674,0.26975499999900876
2.8033333333333417,0.3515250000038179
5.009999999999991,0.33831500000664505
