Site,Category,Total Jobs,Completed Jobs,Average Completion Time,Average Waiting Time
2,0,28,18,9.595666666666668,6.466190720371176
2,1,34,19,10.68875106509237,12.5762554153501
2,2,45,21,17.689761904761895,23.172158861247393
