job_times,data_arrival_times
5.445999999999998,1.9288600000000304
3.387999999999998,0.2635249999999054
3.0080000000000027,1.4620000000002449
2.671999999999997,0.4045700000032113
4.176000000000002,0.21640500000181362
4.481999999999999,0.19267500000064786
3.4240000000000066,0.28643000000249685
3.5720000000000027,0.31014000000169517
2.912000000000006,0.24024000000119372
