job_times,data_arrival_times
5.646666666666668,3.328634999999977
5.643333333333331,7.610770000002951
4.9466666666666725,3.9500100000007308
3.8599999999999994,0.2726199999980139
5.170000000000002,11.381839999998249
5.230000000000004,0.25704999999381073
2.9499999999999886,0.2623599999906787
3.460000000000008,3.6019600000048513
4.776666666666671,0.2618550000035498
