job_times,data_arrival_times
4.556249999999999,6.570160000000156
3.2962500000000006,0.2559999999997338
4.32,3.9118900000073396
4.519999999999996,0.25295000001138135
5.546250000000001,0.22719000001184497
5.954999999999998,0.24740500000123689
5.897499999999994,2.696925000001457
3.7724999999999937,0.2067250000019385
5.607500000000002,0.22676500000068245
4.751249999999999,10.97900000002599
4.57374999999999,26.71890000008989
