job_times,data_arrival_times
4.805,3.0211999999999204
4.399999999999999,2.2486000000000814
