job_times,data_arrival_times
4.33,2.278400000000005
5.954000000000001,3.786499999999986
3.0080000000000027,1.903700000000235
5.308,0.9754000000006187
3.6359999999999957,2.4409000000007666
3.652000000000001,1.9531999999998675
3.685999999999993,0.8949999999993423
5.180000000000007,0.710899999998432
5.331999999999994,1.3396999999960713
3.9960000000000093,0.849399999994688
4.6159999999999854,1.9264999999929842
4.496000000000009,1.4930999999913865
