job_times,data_arrival_times
2.123333333333335,4.002900000000057
2.7266666666666666,6.810300000001362
2.1400000000000006,1.6008000000022093
2.796666666666667,2.7933000000006842
4.8700000000000045,4.69269999999905
3.5333333333333314,3.184399999998007
2.3800000000000097,4.287199999996361
4.6699999999999875,2.6014999999950135
3.01666666666668,7.280599999992887
3.433333333333337,8.064399999990712
3.0366666666666617,2.9624999999898023
