job_times,data_arrival_times
2.652000000000001,4.19869999999997
2.3739999999999988,1.9625000000001087
3.0259999999999962,2.006600000000624
2.4339999999999975,1.9721000000009212
4.608000000000004,0.8004000000005931
5.230000000000004,3.415999999999457
2.304000000000002,2.052899999999454
3.2179999999999893,1.465199999997111
3.156000000000006,2.0785999999950775
5.093999999999994,4.418799999993013
2.9480000000000075,2.7111999999913508
