job_times,data_arrival_times
2.8200000000000003,1.9052999999999258
4.963749999999997,4.516900000000149
5.728750000000005,10.617150000000436
5.253749999999997,1.966649999999845
4.9375,8.88484999999875
2.4462500000000063,4.977899999998044
3.5775000000000006,2.3103999999972586
2.1100000000000136,1.834150000000193
2.6612499999999955,2.960350000003416
4.57374999999999,2.7416000000060308
5.189999999999998,1.9305000000082089
3.75,6.850850000010865
4.61375000000001,2.255900000013611
