job_times,data_arrival_times
5.526,0.7282999999999689
5.389999999999997,0.9207000000000995
5.506,0.7563000000004934
2.969999999999999,1.7725000000009814
3.030000000000001,1.8340000000005432
4.132000000000005,4.316099999999153
3.024000000000001,2.011799999998857
2.6260000000000048,1.1562999999964347
5.141999999999996,1.1798999999944044
5.939999999999998,3.2931999999922823
5.8840000000000146,0.9969999999906918
