job_times,data_arrival_times
3.3200000000000003,4.667279999999754
3.366666666666667,4.150790000000207
3.2533333333333303,0.5382300000030114
5.266666666666666,0.3008000000068094
3.0933333333333337,0.25793500000106917
3.549999999999997,10.406269999998116
5.933333333333337,6.775400000000076
5.00333333333333,0.8498699999985178
4.300000000000011,0.216970000001254
2.25,3.5436750000047255
