job_times,data_arrival_times
2.046666666666667,3.773739999999532
5.899999999999999,0.2612799999995463
4.990000000000002,0.538130000003008
5.890000000000001,0.2386600000053889
2.219999999999999,0.23731500000214112
4.736666666666665,14.647079999991917
2.3866666666666703,0.24223999999095724
2.6899999999999977,2.8497699999985144
3.473333333333329,3.6337000000008572
3.2700000000000102,5.557935000004761
2.666666666666657,20.230190000021963
