task_times,data_arrival_times
4.486666666666665,2.05850000000094
2.776666666666671,1.8237000000000876
5.929999999999993,2.474199999995605
2.6166666666666742,2.216777240506758
