task_times,data_arrival_times
5.968,1.9519999999998596
5.041999999999998,1.8210000000001259
3.6260000000000048,1.7760000000000957
3.254000000000005,1.621999999999474
5.939999999999998,2.1929999999986762
5.429999999999993,1.9019999999977557
5.740000000000009,1.857999999995485
2.578000000000003,2.244999999993354
2.7280000000000086,1.785999999992697
5.2479999999999905,2.1219999999918286
5.126000000000005,2.0429999999904
