job_times,data_arrival_times
4.33,0.41693999999999753
3.2699999999999996,0.2716099999999315
5.900000000000002,2.611555000000088
2.253999999999998,0.3733400000020026
5.050000000000004,4.593270000001802
4.153999999999996,0.21685000000137222
5.548000000000002,0.3943300000008918
5.406000000000006,0.21246000000020615
2.337999999999994,3.0662300000007576
3.98599999999999,0.3335700000008899
5.622000000000014,2.92993500000037
4.8019999999999925,0.23703500000036115
4.430000000000007,0.34405999999989945
