job_times,data_arrival_times
4.960000000000001,0.29640000000002686
4.591249999999999,0.25521999999971356
2.1625000000000014,0.29002000000060946
4.497500000000002,0.2704000000040594
4.991250000000001,0.2660000000075371
4.685000000000002,0.28021500000079413
4.452500000000001,0.2253149999987727
4.364999999999995,0.21895499999686763
2.2975000000000136,0.23853499999967198
2.383749999999992,6.276660000005876
5.530000000000001,0.2516200000213473
4.431250000000006,3.8650700000046925
