job_times,data_arrival_times
2.684000000000001,0.17015999999997966
3.6640000000000015,3.2887950000000075
4.602000000000004,1.1548050000006427
3.136000000000003,0.3569700000030167
2.1440000000000055,0.34985000000172306
3.0859999999999985,0.3134000000006978
4.534000000000006,0.28752000000010014
2.288000000000011,0.28195999999968535
4.388000000000005,0.3105200000006789
2.1260000000000048,0.2449299999999539
4.722000000000008,0.18961500000042975
5.494,4.07334999999992
