job_times,data_arrival_times
2.759999999999998,0.21713499999972186
5.06666666666667,0.4608750000034476
2.8866666666666703,0.28557500000037805
2.8599999999999994,0.2931249999979002
2.4933333333333394,2.9377649999983504
4.36666666666666,0.28395499999595586
3.88333333333334,3.7810500000000644
2.1466666666666754,3.9933900000030462
3.969999999999999,0.2937150000039992
5.099999999999994,1.8790100000038024
