job_times,data_arrival_times
4.670000000000002,0.30618499999990334
5.606666666666669,0.4607750000034443
3.336666666666673,2.1019650000012007
5.573333333333338,0.5344449999987262
5.086666666666673,3.4412649999984666
4.236666666666665,0.19030499999657025
4.766666666666666,5.607079999999115
4.846666666666664,5.741380000004369
4.283333333333331,0.2834750000029942
5.596666666666664,2.878910000003799
2.643333333333345,0.3161200000013764
