time,Router_0_load,Router_1_load,Router_2_load
0.0,0.0,0.0,0.0
0.1,0.0,0.0,0.0
0.2,0.0,0.0,0.0
0.30000000000000004,0.0,0.0,0.0
0.4,0.0,0.0,0.0
0.5,0.0,0.0,0.0
0.5,1.0,0.0,0.0
0.6,1.0,0.0,0.0
0.6,0.0,0.0,0.0
0.6,0.0,0.0,0.0
0.6001299999999999,0.0,,
0.7,,0.0,0.0
0.7001299999999999,0.0,,
0.7999999999999999,,0.0,0.0
0.8001299999999999,0.0,,
0.8999999999999999,,0.0,0.0
0.9001299999999999,0.0,,
0.9999999999999999,,0.0,0.0
1.00013,0.0,,
1.0999999999999999,,0.0,0.0
1.10013,0.0,,
1.2,,0.0,0.0
1.2001300000000001,0.0,,
1.3,,0.0,0.0
1.3001300000000002,0.0,,
1.4000000000000001,,0.0,0.0
1.4001300000000003,0.0,,
1.5,,1.0,1.0
1.5,,2.0,1.0
1.5000000000000002,,2.0,1.0
1.5000000000000002,,2.0,0.0
1.5000000000000002,,2.0,0.0
1.5000000000000002,,1.0,1.0
1.5000000000000002,,1.0,0.0
1.5000000000000002,,1.0,0.0
1.5000000000000002,,1.0,1.0
1.5000000000000002,,1.0,0.0
1.5000000000000002,,1.0,0.0
1.5001300000000002,,1.0,0.0
1.5001300000000002,,0.0,0.0
1.5001300000000002,,0.0,0.0
1.5001300000000004,0.0,,
1.6001300000000003,,,0.0
1.6001300000000005,0.0,,
1.7001300000000004,,,0.0
1.7001300000000006,0.0,,
1.8001300000000005,,,0.0
1.8001300000000007,0.0,,
1.9001300000000005,,,0.0
1.9001300000000008,0.0,,
2.0001300000000004,,,0.0
2.000130000000001,0.0,,
2.1001300000000005,,,0.0
2.100130000000001,0.0,,
2.2001300000000006,,,0.0
2.200130000000001,0.0,,
2.3001300000000007,,,0.0
2.300130000000001,0.0,,
2.4001300000000008,,,0.0
2.400130000000001,0.0,,
2.500130000000001,,,0.0
2.5001300000000013,0.0,,
2.600130000000001,,,0.0
2.6001300000000014,0.0,,
2.700130000000001,,,0.0
2.7001300000000015,0.0,,
2.800130000000001,,,0.0
2.8001300000000016,0.0,,
2.900130000000001,,,0.0
2.9001300000000017,0.0,,
3.0,1.0,,
3.0001300000000013,,,0.0
3.0001300000000017,1.0,,
3.0001300000000017,0.0,,
3.0001300000000017,0.0,,
3.000260000000002,0.0,,
3.1001300000000014,,,0.0
3.1002600000000022,0.0,,
3.2001300000000015,,,0.0
3.2002600000000023,0.0,,
3.3001300000000016,,,0.0
3.3002600000000024,0.0,,
3.4001300000000017,,,0.0
3.4002600000000025,0.0,,
3.5,,1.0,
3.5001300000000017,,,0.0
3.5002600000000026,0.0,,
3.600130000000002,,,0.0
3.6002600000000027,0.0,,
3.647630000000007,,1.0,
3.647630000000007,,0.0,
3.647630000000007,,0.0,
3.6477600000000074,,0.0,
3.700130000000002,,,0.0
3.7002600000000028,0.0,,
3.7477600000000075,,0.0,
3.800130000000002,,,0.0
3.800260000000003,0.0,,
3.8477600000000076,,0.0,
3.900130000000002,,,0.0
3.900260000000003,0.0,,
3.9477600000000077,,0.0,
4.0,,,1.0
4.000130000000002,,,1.0
4.000130000000002,,,0.0
4.000130000000002,,,0.0
4.000260000000002,,,0.0
4.000260000000003,0.0,,
4.047760000000007,,0.0,
4.100260000000001,,,0.0
4.100260000000002,0.0,,
4.147760000000007,,0.0,
4.200260000000001,,,0.0
4.200260000000002,0.0,,
4.247760000000007,,0.0,
4.300260000000001,,,0.0
4.3002600000000015,0.0,,
4.347760000000006,,0.0,
4.40026,,,0.0
4.400260000000001,0.0,,
4.447760000000006,,0.0,
4.50026,,,0.0
4.500260000000001,0.0,,
4.547760000000006,,0.0,
4.60026,,,0.0
4.6002600000000005,0.0,,
4.647760000000005,,0.0,
4.700259999999999,,,0.0
4.70026,0.0,,
4.747760000000005,,0.0,
4.800259999999999,,,0.0
4.80026,0.0,,
4.8477600000000045,,0.0,
4.9002599999999985,,,0.0
4.900259999999999,0.0,,
4.947760000000004,,0.0,
5.0,,,1.0
5.000259999999998,,,1.0
5.000259999999998,,,0.0
5.000259999999998,,,0.0
5.000259999999999,0.0,,
5.047760000000004,,0.0,
5.100259999999999,0.0,,
5.1477600000000034,,0.0,
5.200259999999998,0.0,,
5.247760000000003,,0.0,
5.300259999999998,0.0,,
5.347760000000003,,0.0,
5.400259999999998,0.0,,
5.447760000000002,,0.0,
5.500259999999997,0.0,,
5.547760000000002,,0.0,
5.600259999999997,0.0,,
5.647760000000002,,0.0,
5.7002599999999966,0.0,,
5.747760000000001,,0.0,
5.800259999999996,0.0,,
5.847760000000001,,0.0,
5.900259999999996,0.0,,
5.947760000000001,,0.0,
6.0002599999999955,0.0,,
6.04776,,0.0,
6.100259999999995,0.0,,
6.14776,,0.0,
6.200259999999995,0.0,,
6.2477599999999995,,0.0,
6.300259999999994,0.0,,
6.347759999999999,,0.0,
6.400259999999994,0.0,,
6.447759999999999,,0.0,
6.5,1.0,,
6.500259999999994,1.0,,
6.500259999999994,0.0,,
6.500259999999994,0.0,,
6.500389999999993,0.0,,
6.5477599999999985,,0.0,
6.600389999999993,0.0,,
6.647759999999998,,0.0,
6.7003899999999925,0.0,,
6.747759999999998,,0.0,
6.800389999999992,0.0,,
6.847759999999997,,0.0,
6.900389999999992,0.0,,
6.947759999999997,,0.0,
7.0003899999999915,0.0,,
7.047759999999997,,0.0,
7.100389999999991,0.0,,
7.147759999999996,,0.0,
7.200389999999991,0.0,,
7.247759999999996,,0.0,
7.30038999999999,0.0,,
7.347759999999996,,0.0,
7.40038999999999,0.0,,
7.447759999999995,,0.0,
7.50038999999999,0.0,,
7.547759999999995,,0.0,
7.600389999999989,0.0,,
7.647759999999995,,0.0,
7.700389999999989,0.0,,
7.747759999999994,,0.0,
7.800389999999989,0.0,,
7.811329999999929,,,0.0
7.847759999999994,,0.0,
7.900389999999988,0.0,,
7.9113299999999285,,,0.0
7.9477599999999935,,0.0,
8.000389999999989,0.0,,
8.011329999999928,,,0.0
8.047759999999993,,0.0,
8.100389999999988,0.0,,
8.111329999999928,,,0.0
8.147759999999993,,0.0,
8.200389999999988,0.0,,
8.211329999999927,,,0.0
8.247759999999992,,0.0,
8.300389999999988,0.0,,
8.311329999999927,,,0.0
8.347759999999992,,0.0,
8.400389999999987,0.0,,
8.411329999999927,,,0.0
8.447759999999992,,0.0,
8.500389999999987,0.0,,
8.511329999999926,,,0.0
8.547759999999991,,0.0,
8.600389999999987,0.0,,
8.611329999999926,,,0.0
8.647759999999991,,0.0,
8.700389999999986,0.0,,
8.711329999999926,,,0.0
8.74775999999999,,0.0,
8.800389999999986,0.0,,
8.811329999999925,,,0.0
8.84775999999999,,0.0,
8.900389999999986,0.0,,
8.911329999999925,,,0.0
8.94775999999999,,0.0,
9.000389999999985,0.0,,
9.011329999999925,,,0.0
9.04775999999999,,0.0,
9.100389999999985,0.0,,
9.111329999999924,,,0.0
9.14775999999999,,0.0,
9.200389999999985,0.0,,
9.211329999999924,,,0.0
9.247759999999989,,0.0,
9.300389999999984,0.0,,
9.311329999999924,,,0.0
9.347759999999989,,0.0,
9.400389999999984,0.0,,
9.411329999999923,,,0.0
9.447759999999988,,0.0,
9.500389999999983,0.0,,
9.511329999999923,,,0.0
9.547759999999988,,0.0,
9.600389999999983,0.0,,
9.611329999999922,,,0.0
9.647759999999987,,0.0,
9.700389999999983,0.0,,
9.711329999999922,,,0.0
9.747759999999987,,0.0,
9.800389999999982,0.0,,
9.811329999999922,,,0.0
9.847759999999987,,0.0,
9.900389999999982,0.0,,
9.911329999999921,,,0.0
9.947759999999986,,0.0,
10.000389999999982,0.0,,
10.011329999999921,,,0.0
10.047759999999986,,0.0,
10.100389999999981,0.0,,
10.11132999999992,,,0.0
10.147759999999986,,0.0,
10.200389999999981,0.0,,
10.21132999999992,,,0.0
10.247759999999985,,0.0,
10.30038999999998,0.0,,
10.31132999999992,,,0.0
10.347759999999985,,0.0,
10.40038999999998,0.0,,
10.41132999999992,,,0.0
10.447759999999985,,0.0,
10.50038999999998,0.0,,
10.51132999999992,,,0.0
10.547759999999984,,0.0,
10.60038999999998,0.0,,
10.611329999999919,,,0.0
10.647759999999984,,0.0,
10.70038999999998,0.0,,
10.711329999999919,,,0.0
10.747759999999984,,0.0,
10.800389999999979,0.0,,
10.811329999999918,,,0.0
10.847759999999983,,0.0,
10.900389999999978,0.0,,
10.911329999999918,,,0.0
10.947759999999983,,0.0,
11.000389999999978,0.0,,
11.011329999999917,,,0.0
11.047759999999982,,0.0,
11.100389999999978,0.0,,
11.111329999999917,,,0.0
11.147759999999982,,0.0,
11.200389999999977,0.0,,
11.211329999999917,,,0.0
11.247759999999982,,0.0,
11.300389999999977,0.0,,
11.311329999999916,,,0.0
11.347759999999981,,0.0,
11.400389999999977,0.0,,
11.411329999999916,,,0.0
11.447759999999981,,0.0,
11.500389999999976,0.0,,
11.511329999999916,,,0.0
11.54775999999998,,0.0,
11.600389999999976,0.0,,
11.611329999999915,,,0.0
11.64775999999998,,0.0,
11.700389999999976,0.0,,
11.711329999999915,,,0.0
11.74775999999998,,0.0,
11.800389999999975,0.0,,
11.811329999999915,,,0.0
11.84775999999998,,0.0,
11.900389999999975,0.0,,
11.911329999999914,,,0.0
11.94775999999998,,0.0,
12.000389999999975,0.0,,
12.011329999999914,,,0.0
12.047759999999979,,0.0,
12.100389999999974,0.0,,
12.111329999999914,,,0.0
12.147759999999979,,0.0,
12.200389999999974,0.0,,
12.211329999999913,,,0.0
12.247759999999978,,0.0,
12.300389999999974,0.0,,
12.311329999999913,,,0.0
12.347759999999978,,0.0,
12.400389999999973,0.0,,
12.411329999999912,,,0.0
12.447759999999978,,0.0,
12.500389999999973,0.0,,
12.511329999999912,,,0.0
12.547759999999977,,0.0,
12.600389999999972,0.0,,
12.611329999999912,,,0.0
12.647759999999977,,0.0,
12.700389999999972,0.0,,
12.711329999999911,,,0.0
12.747759999999976,,0.0,
12.800389999999972,0.0,,
12.811329999999911,,,0.0
12.847759999999976,,0.0,
12.900389999999971,0.0,,
12.91132999999991,,,0.0
12.947759999999976,,0.0,
13.000389999999971,0.0,,
13.01132999999991,,,0.0
13.047759999999975,,0.0,
13.10038999999997,0.0,,
13.11132999999991,,,0.0
13.147759999999975,,0.0,
13.20038999999997,0.0,,
13.21132999999991,,,0.0
13.247759999999975,,0.0,
13.30038999999997,0.0,,
13.31132999999991,,,0.0
13.347759999999974,,0.0,
13.40038999999997,0.0,,
13.411329999999909,,,0.0
13.447759999999974,,0.0,
13.50038999999997,0.0,,
13.511329999999909,,,0.0
13.547759999999974,,0.0,
13.600389999999969,0.0,,
13.611329999999908,,,0.0
13.647759999999973,,0.0,
13.700389999999969,0.0,,
13.711329999999908,,,0.0
13.747759999999973,,0.0,
13.800389999999968,0.0,,
13.811329999999908,,,0.0
13.847759999999973,,0.0,
13.900389999999968,0.0,,
13.911329999999907,,,0.0
13.947759999999972,,0.0,
14.000389999999967,0.0,,
14.011329999999907,,,0.0
14.047759999999972,,0.0,
14.100389999999967,0.0,,
14.111329999999906,,,0.0
14.147759999999971,,0.0,
14.200389999999967,0.0,,
14.211329999999906,,,0.0
14.247759999999971,,0.0,
14.300389999999966,0.0,,
14.311329999999906,,,0.0
14.34775999999997,,0.0,
14.400389999999966,0.0,,
14.411329999999905,,,0.0
14.44775999999997,,0.0,
14.500389999999966,0.0,,
14.511329999999905,,,0.0
14.54775999999997,,0.0,
14.600389999999965,0.0,,
14.611329999999905,,,0.0
14.64775999999997,,0.0,
14.700389999999965,0.0,,
14.711329999999904,,,0.0
14.74775999999997,,0.0,
14.800389999999965,0.0,,
14.811329999999904,,,0.0
14.847759999999969,,0.0,
14.900389999999964,0.0,,
14.911329999999904,,,0.0
14.947759999999969,,0.0,
15.000389999999964,0.0,,
15.011329999999903,,,0.0
15.047759999999968,,0.0,
15.100389999999964,0.0,,
15.111329999999903,,,0.0
15.147759999999968,,0.0,
15.200389999999963,0.0,,
15.211329999999903,,,0.0
15.247759999999968,,0.0,
15.300389999999963,0.0,,
15.311329999999902,,,0.0
15.347759999999967,,0.0,
15.400389999999962,0.0,,
15.411329999999902,,,0.0
15.447759999999967,,0.0,
15.500389999999962,0.0,,
15.511329999999901,,,0.0
15.547759999999966,,0.0,
15.600389999999962,0.0,,
15.611329999999901,,,0.0
15.647759999999966,,0.0,
15.700389999999961,0.0,,
15.7113299999999,,,0.0
15.747759999999966,,0.0,
15.800389999999961,0.0,,
15.8113299999999,,,0.0
15.847759999999965,,0.0,
15.90038999999996,0.0,,
15.9113299999999,,,0.0
15.947759999999965,,0.0,
16.00038999999996,0.0,,
16.0113299999999,,,0.0
16.047759999999965,,0.0,
16.100389999999962,0.0,,
16.111329999999903,,,0.0
16.147759999999966,,0.0,
16.200389999999963,0.0,,
16.211329999999904,,,0.0
16.247759999999968,,0.0,
16.300389999999965,0.0,,
16.311329999999906,,,0.0
16.34775999999997,,0.0,
16.400389999999966,0.0,,
16.411329999999907,,,0.0
16.44775999999997,,0.0,
16.500389999999967,0.0,,
16.51132999999991,,,0.0
16.547759999999972,,0.0,
16.60038999999997,0.0,,
16.61132999999991,,,0.0
16.647759999999973,,0.0,
16.70038999999997,0.0,,
16.71132999999991,,,0.0
16.747759999999975,,0.0,
16.80038999999997,0.0,,
16.811329999999913,,,0.0
16.847759999999976,,0.0,
16.900389999999973,0.0,,
16.911329999999914,,,0.0
16.947759999999978,,0.0,
17.0,1.0,,
17.000389999999975,1.0,,
17.000389999999975,0.0,,
17.000389999999975,0.0,,
17.000519999999973,0.0,,
17.011329999999916,,,0.0
17.04775999999998,,0.0,
17.100519999999975,0.0,,
17.111329999999917,,,0.0
17.14775999999998,,0.0,
17.200519999999976,0.0,,
17.21132999999992,,,0.0
17.24775999999998,,0.0,
17.300519999999977,0.0,,
17.31132999999992,,,0.0
17.347759999999983,,0.0,
17.40051999999998,0.0,,
17.41132999999992,,,0.0
17.447759999999985,,0.0,
17.5,1.0,,
17.50051999999998,1.0,,
17.50051999999998,0.0,,
17.50051999999998,0.0,,
17.511329999999923,,,0.0
17.547759999999986,,0.0,
17.611329999999924,,,0.0
17.647759999999987,,0.0,
17.711329999999926,,,0.0
17.74775999999999,,0.0,
17.811329999999927,,,0.0
17.84775999999999,,0.0,
17.91132999999993,,,0.0
17.94775999999999,,0.0,
18.01132999999993,,,0.0
18.047759999999993,,0.0,
18.11132999999993,,,0.0
18.147759999999995,,0.0,
18.211329999999933,,,0.0
18.247759999999996,,0.0,
18.311329999999934,,,0.0
18.347759999999997,,0.0,
18.411329999999936,,,0.0
18.44776,,0.0,
18.511329999999937,,,0.0
18.54776,,0.0,
18.61132999999994,,,0.0
18.64776,,0.0,
18.71132999999994,,,0.0
18.747760000000003,,0.0,
18.81132999999994,,,0.0
18.847760000000005,,0.0,
18.911329999999943,,,0.0
18.947760000000006,,0.0,
19.0,1.0,,
19.011329999999944,,,0.0
19.047760000000007,,0.0,
19.111329999999946,,,0.0
19.14776000000001,,0.0,
19.211329999999947,,,0.0
19.24776000000001,,0.0,
19.31132999999995,,,0.0
19.34776000000001,,0.0,
19.41132999999995,,,0.0
19.447760000000013,,0.0,
19.491260000000075,1.0,,
19.491260000000075,0.0,,
19.491260000000075,0.0,,
19.491390000000074,0.0,,
19.51132999999995,,,0.0
19.547760000000014,,0.0,
19.591390000000075,0.0,,
19.611329999999953,,,0.0
19.647760000000016,,0.0,
19.691390000000077,0.0,,
19.711329999999954,,,0.0
19.747760000000017,,0.0,
19.791390000000078,0.0,,
19.811329999999955,,,0.0
19.84776000000002,,0.0,
19.89139000000008,0.0,,
19.911329999999957,,,0.0
19.94776000000002,,0.0,
19.99139000000008,0.0,,
20.01132999999996,,,0.0
20.04776000000002,,0.0,
20.091390000000082,0.0,,
20.11132999999996,,,0.0
20.147760000000023,,0.0,
20.191390000000084,0.0,,
20.21132999999996,,,0.0
20.247760000000024,,0.0,
20.291390000000085,0.0,,
20.311329999999963,,,0.0
20.347760000000026,,0.0,
20.391390000000087,0.0,,
20.411329999999964,,,0.0
20.447760000000027,,0.0,
20.491390000000088,0.0,,
20.511329999999965,,,0.0
20.54776000000003,,0.0,
20.59139000000009,0.0,,
20.611329999999967,,,0.0
20.64776000000003,,0.0,
20.69139000000009,0.0,,
20.71132999999997,,,0.0
20.74776000000003,,0.0,
20.791390000000092,0.0,,
20.81132999999997,,,0.0
20.847760000000033,,0.0,
20.891390000000094,0.0,,
20.91132999999997,,,0.0
20.947760000000034,,0.0,
20.991390000000095,0.0,,
21.0,1.0,,
21.011329999999973,,,0.0
21.047760000000036,,0.0,
21.091390000000096,1.0,,
21.091390000000096,0.0,,
21.091390000000096,0.0,,
21.091520000000095,0.0,,
21.111329999999974,,,0.0
21.147760000000037,,0.0,
21.191520000000097,0.0,,
21.211329999999975,,,0.0
21.24776000000004,,0.0,
21.291520000000098,0.0,,
21.311329999999977,,,0.0
21.34776000000004,,0.0,
21.3915200000001,0.0,,
21.411329999999978,,,0.0
21.44776000000004,,0.0,
21.4915200000001,0.0,,
21.51132999999998,,,0.0
21.547760000000043,,0.0,
21.591520000000102,0.0,,
21.61132999999998,,,0.0
21.647760000000044,,0.0,
21.691520000000104,0.0,,
21.711329999999982,,,0.0
21.747760000000046,,0.0,
21.791520000000105,0.0,,
21.811329999999984,,,0.0
21.847760000000047,,0.0,
21.891520000000106,0.0,,
21.911329999999985,,,0.0
21.94776000000005,,0.0,
21.991520000000108,0.0,,
22.011329999999987,,,0.0
22.04776000000005,,0.0,
22.09152000000011,0.0,,
22.111329999999988,,,0.0
22.14776000000005,,0.0,
22.19152000000011,0.0,,
22.21132999999999,,,0.0
22.247760000000053,,0.0,
22.291520000000112,0.0,,
22.31132999999999,,,0.0
22.347760000000054,,0.0,
22.391520000000114,0.0,,
22.411329999999992,,,0.0
22.447760000000056,,0.0,
22.491520000000115,0.0,,
22.511329999999994,,,0.0
22.547760000000057,,0.0,
22.591520000000116,0.0,,
22.611329999999995,,,0.0
22.64776000000006,,0.0,
22.691520000000118,0.0,,
22.711329999999997,,,0.0
22.74776000000006,,0.0,
22.79152000000012,0.0,,
22.811329999999998,,,0.0
22.84776000000006,,0.0,
22.89152000000012,0.0,,
22.91133,,,0.0
22.947760000000063,,0.0,
22.991520000000122,0.0,,
23.01133,,,0.0
23.047760000000064,,0.0,
23.091520000000124,0.0,,
23.111330000000002,,,0.0
23.147760000000066,,0.0,
23.191520000000125,0.0,,
23.211330000000004,,,0.0
23.247760000000067,,0.0,
23.291520000000126,0.0,,
23.311330000000005,,,0.0
23.34776000000007,,0.0,
23.391520000000128,0.0,,
23.411330000000007,,,0.0
23.44776000000007,,0.0,
23.49152000000013,0.0,,
23.511330000000008,,,0.0
23.54776000000007,,0.0,
23.59152000000013,0.0,,
23.61133000000001,,,0.0
23.647760000000073,,0.0,
23.691520000000132,0.0,,
23.71133000000001,,,0.0
23.747760000000074,,0.0,
23.791520000000133,0.0,,
23.811330000000012,,,0.0
23.847760000000076,,0.0,
23.891520000000135,0.0,,
23.911330000000014,,,0.0
23.947760000000077,,0.0,
23.991520000000136,0.0,,
24.011330000000015,,,0.0
24.04776000000008,,0.0,
24.091520000000138,0.0,,
24.111330000000017,,,0.0
24.14776000000008,,0.0,
24.19152000000014,0.0,,
24.211330000000018,,,0.0
24.24776000000008,,0.0,
24.29152000000014,0.0,,
24.31133000000002,,,0.0
24.347760000000083,,0.0,
24.391520000000142,0.0,,
24.41133000000002,,,0.0
24.447760000000084,,0.0,
24.491520000000143,0.0,,
24.511330000000022,,,0.0
24.547760000000086,,0.0,
24.591520000000145,0.0,,
24.611330000000024,,,0.0
24.647760000000087,,0.0,
24.691520000000146,0.0,,
24.711330000000025,,,0.0
24.74776000000009,,0.0,
24.791520000000148,0.0,,
24.811330000000027,,,0.0
24.84776000000009,,0.0,
24.89152000000015,0.0,,
24.911330000000028,,,0.0
24.94776000000009,,0.0,
24.99152000000015,0.0,,
25.0,1.0,,
25.01133000000003,,,0.0
25.047760000000093,,0.0,
25.091520000000152,1.0,,
25.091520000000152,0.0,,
25.091520000000152,0.0,,
25.09165000000015,0.0,,
25.11133000000003,,,0.0
25.147760000000094,,0.0,
25.191650000000152,0.0,,
25.211330000000032,,,0.0
25.247760000000095,,0.0,
25.291650000000153,0.0,,
25.311330000000034,,,0.0
25.347760000000097,,0.0,
25.391650000000155,0.0,,
25.411330000000035,,,0.0
25.4477600000001,,0.0,
25.491650000000156,0.0,,
25.5,1.0,,
25.511330000000036,,,0.0
25.5477600000001,,0.0,
25.591650000000158,1.0,,
25.591650000000158,0.0,,
25.591650000000158,0.0,,
25.591780000000156,0.0,,
25.611330000000038,,,0.0
25.6477600000001,,0.0,
25.691780000000158,0.0,,
25.71133000000004,,,0.0
25.747760000000103,,0.0,
25.79178000000016,0.0,,
25.81133000000004,,,0.0
25.847760000000104,,0.0,
25.89178000000016,0.0,,
25.911330000000042,,,0.0
25.947760000000105,,0.0,
25.991780000000162,0.0,,
26.011330000000044,,,0.0
26.047760000000107,,0.0,
26.091780000000163,0.0,,
26.111330000000045,,,0.0
26.14776000000011,,0.0,
26.191780000000165,0.0,,
26.211330000000046,,,0.0
26.24776000000011,,0.0,
26.291780000000166,0.0,,
26.311330000000048,,,0.0
26.34776000000011,,0.0,
26.391780000000168,0.0,,
26.41133000000005,,,0.0
26.447760000000113,,0.0,
26.49178000000017,0.0,,
26.5,1.0,,
26.51133000000005,,,0.0
26.547760000000114,,0.0,
26.59178000000017,1.0,,
26.59178000000017,0.0,,
26.59178000000017,0.0,,
26.611330000000052,,,0.0
26.647760000000115,,0.0,
26.711330000000054,,,0.0
26.747760000000117,,0.0,
26.811330000000055,,,0.0
26.847760000000118,,0.0,
26.911330000000056,,,0.0
26.94776000000012,,0.0,
27.011330000000058,,,0.0
27.04776000000012,,0.0,
27.11133000000006,,,0.0
27.147760000000122,,0.0,
27.21133000000006,,,0.0
27.247760000000124,,0.0,
27.311330000000062,,,0.0
27.347760000000125,,0.0,
27.411330000000063,,,0.0
27.447760000000127,,0.0,
27.511330000000065,,,0.0
27.547760000000128,,0.0,
27.611330000000066,,,0.0
27.64776000000013,,0.0,
27.711330000000068,,,0.0
27.74776000000013,,0.0,
27.81133000000007,,,0.0
27.847760000000132,,0.0,
27.91133000000007,,,0.0
27.947760000000134,,0.0,
28.011330000000072,,,0.0
28.047760000000135,,0.0,
28.111330000000073,,,0.0
28.147760000000137,,0.0,
28.211330000000075,,,0.0
28.247760000000138,,0.0,
28.311330000000076,,,0.0
28.34776000000014,,0.0,
28.411330000000078,,,0.0
28.44776000000014,,0.0,
28.51133000000008,,,0.0
28.547760000000142,,0.0,
28.61133000000008,,,0.0
28.647760000000144,,0.0,
28.66836000000024,0.0,,
28.711330000000082,,,0.0
28.747760000000145,,0.0,
28.768360000000243,0.0,,
28.811330000000083,,,0.0
28.847760000000147,,0.0,
28.868360000000244,0.0,,
28.911330000000085,,,0.0
28.947760000000148,,0.0,
28.968360000000246,0.0,,
29.0,1.0,,
29.011330000000086,,,0.0
29.04776000000015,,0.0,
29.068360000000247,1.0,,
29.068360000000247,0.0,,
29.068360000000247,0.0,,
29.068490000000246,0.0,,
29.111330000000088,,,0.0
29.14776000000015,,0.0,
29.168490000000247,0.0,,
29.21133000000009,,,0.0
29.247760000000152,,0.0,
29.26849000000025,0.0,,
29.31133000000009,,,0.0
29.347760000000154,,0.0,
29.36849000000025,0.0,,
29.411330000000092,,,0.0
29.447760000000155,,0.0,
29.46849000000025,0.0,,
29.511330000000093,,,0.0
29.547760000000157,,0.0,
29.568490000000253,0.0,,
29.611330000000095,,,0.0
29.647760000000158,,0.0,
29.668490000000254,0.0,,
29.711330000000096,,,0.0
29.74776000000016,,0.0,
29.768490000000256,0.0,,
29.811330000000098,,,0.0
29.84776000000016,,0.0,
29.868490000000257,0.0,,
29.9113300000001,,,0.0
29.947760000000162,,0.0,
29.96849000000026,0.0,,
30.0113300000001,,,0.0
30.047760000000164,,0.0,
30.06849000000026,0.0,,
30.111330000000102,,,0.0
30.147760000000165,,0.0,
30.16849000000026,0.0,,
30.211330000000103,,,0.0
30.247760000000167,,0.0,
30.268490000000263,0.0,,
30.311330000000105,,,0.0
30.347760000000168,,0.0,
30.368490000000264,0.0,,
30.411330000000106,,,0.0
30.44776000000017,,0.0,
30.468490000000266,0.0,,
30.511330000000108,,,0.0
30.54776000000017,,0.0,
30.568490000000267,0.0,,
30.61133000000011,,,0.0
30.647760000000172,,0.0,
30.66849000000027,0.0,,
30.71133000000011,,,0.0
30.747760000000174,,0.0,
30.76849000000027,0.0,,
30.811330000000112,,,0.0
30.847760000000175,,0.0,
30.86849000000027,0.0,,
30.911330000000113,,,0.0
30.947760000000176,,0.0,
30.968490000000273,0.0,,
31.011330000000115,,,0.0
31.047760000000178,,0.0,
31.068490000000274,0.0,,
31.111330000000116,,,0.0
31.14776000000018,,0.0,
31.168490000000276,0.0,,
31.211330000000117,,,0.0
31.24776000000018,,0.0,
31.268490000000277,0.0,,
31.31133000000012,,,0.0
31.347760000000182,,0.0,
31.36849000000028,0.0,,
31.41133000000012,,,0.0
31.447760000000184,,0.0,
31.46849000000028,0.0,,
31.51133000000012,,,0.0
31.547760000000185,,0.0,
31.56849000000028,0.0,,
31.611330000000123,,,0.0
31.647760000000186,,0.0,
31.668490000000283,0.0,,
31.711330000000125,,,0.0
31.747760000000188,,0.0,
31.768490000000284,0.0,,
31.811330000000126,,,0.0
31.84776000000019,,0.0,
31.868490000000286,0.0,,
31.911330000000127,,,0.0
31.94776000000019,,0.0,
31.968490000000287,0.0,,
32.01133000000013,,,0.0
32.04776000000019,,0.0,
32.06849000000029,0.0,,
32.11133000000013,,,0.0
32.14776000000019,,0.0,
32.16849000000029,0.0,,
32.21133000000013,,,0.0
32.24776000000019,,0.0,
32.26849000000029,0.0,,
32.31133000000013,,,0.0
32.34776000000019,,0.0,
32.36849000000029,0.0,,
32.411330000000135,,,0.0
32.447760000000194,,0.0,
32.468490000000294,0.0,,
32.511330000000136,,,0.0
32.547760000000196,,0.0,
32.568490000000295,0.0,,
32.61133000000014,,,0.0
32.6477600000002,,0.0,
32.6684900000003,0.0,,
32.71133000000014,,,0.0
32.7477600000002,,0.0,
32.7684900000003,0.0,,
32.81133000000014,,,0.0
32.8477600000002,,0.0,
32.8684900000003,0.0,,
32.91133000000014,,,0.0
32.9477600000002,,0.0,
32.9684900000003,0.0,,
33.0,1.0,,
33.01133000000014,,,0.0
33.0477600000002,,0.0,
33.0684900000003,1.0,,
33.0684900000003,0.0,,
33.0684900000003,0.0,,
33.111330000000144,,,0.0
33.147760000000204,,0.0,
33.211330000000146,,,0.0
33.247760000000206,,0.0,
33.31133000000015,,,0.0
33.34776000000021,,0.0,
33.41133000000015,,,0.0
33.44776000000021,,0.0,
33.51133000000015,,,0.0
33.54776000000021,,0.0,
33.61133000000015,,,0.0
33.64776000000021,,0.0,
33.71133000000015,,,0.0
33.74776000000021,,0.0,
33.811330000000154,,,0.0
33.847760000000214,,0.0,
33.911330000000156,,,0.0
33.947760000000216,,0.0,
34.01133000000016,,,0.0
34.04776000000022,,0.0,
34.11133000000016,,,0.0
34.14776000000022,,0.0,
34.21133000000016,,,0.0
34.24776000000022,,0.0,
34.31133000000016,,,0.0
34.34776000000022,,0.0,
34.41133000000016,,,0.0
34.44776000000022,,0.0,
34.511330000000164,,,0.0
34.547760000000224,,0.0,
34.611330000000166,,,0.0
34.647760000000225,,0.0,
34.71133000000017,,,0.0
34.74776000000023,,0.0,
34.81133000000017,,,0.0
34.84776000000023,,0.0,
34.91133000000017,,,0.0
34.94776000000023,,0.0,
35.01133000000017,,,0.0
35.04776000000023,,0.0,
35.07571000000036,0.0,,
35.11133000000017,,,0.0
35.14776000000023,,0.0,
35.175710000000365,0.0,,
35.211330000000174,,,0.0
35.247760000000234,,0.0,
35.275710000000366,0.0,,
35.311330000000176,,,0.0
35.347760000000235,,0.0,
35.37571000000037,0.0,,
35.41133000000018,,,0.0
35.44776000000024,,0.0,
35.47571000000037,0.0,,
35.5,1.0,,
35.51133000000018,,,0.0
35.54776000000024,,0.0,
35.57571000000037,1.0,,
35.57571000000037,0.0,,
35.57571000000037,0.0,,
35.575840000000376,0.0,,
35.61133000000018,,,0.0
35.64776000000024,,0.0,
35.67584000000038,0.0,,
35.71133000000018,,,0.0
35.74776000000024,,0.0,
35.77584000000038,0.0,,
35.81133000000018,,,0.0
35.84776000000024,,0.0,
35.87584000000038,0.0,,
35.911330000000184,,,0.0
35.947760000000244,,0.0,
35.97584000000038,0.0,,
36.011330000000186,,,0.0
36.047760000000245,,0.0,
36.07584000000038,0.0,,
36.11133000000019,,,0.0
36.14776000000025,,0.0,
36.175840000000385,0.0,,
36.21133000000019,,,0.0
36.24776000000025,,0.0,
36.275840000000386,0.0,,
36.31133000000019,,,0.0
36.34776000000025,,0.0,
36.37584000000039,0.0,,
36.41133000000019,,,0.0
36.44776000000025,,0.0,
36.47584000000039,0.0,,
36.51133000000019,,,0.0
36.54776000000025,,0.0,
36.57584000000039,0.0,,
36.611330000000194,,,0.0
36.647760000000254,,0.0,
36.67584000000039,0.0,,
36.711330000000196,,,0.0
36.747760000000255,,0.0,
36.77584000000039,0.0,,
36.8113300000002,,,0.0
36.84776000000026,,0.0,
36.875840000000395,0.0,,
36.9113300000002,,,0.0
36.94776000000026,,0.0,
36.975840000000396,0.0,,
37.0113300000002,,,0.0
37.04776000000026,,0.0,
37.0758400000004,0.0,,
37.1113300000002,,,0.0
37.14776000000026,,0.0,
37.1758400000004,0.0,,
37.2113300000002,,,0.0
37.24776000000026,,0.0,
37.2758400000004,0.0,,
37.311330000000204,,,0.0
37.347760000000264,,0.0,
37.3758400000004,0.0,,
37.411330000000206,,,0.0
37.447760000000265,,0.0,
37.4758400000004,0.0,,
37.51133000000021,,,0.0
37.54776000000027,,0.0,
37.575840000000404,0.0,,
37.61133000000021,,,0.0
37.64776000000027,,0.0,
37.675840000000406,0.0,,
37.71133000000021,,,0.0
37.74776000000027,,0.0,
37.77584000000041,0.0,,
37.81133000000021,,,0.0
37.84776000000027,,0.0,
37.87584000000041,0.0,,
37.91133000000021,,,0.0
37.94776000000027,,0.0,
37.97584000000041,0.0,,
38.011330000000214,,,0.0
38.047760000000274,,0.0,
38.07584000000041,0.0,,
38.111330000000216,,,0.0
38.147760000000275,,0.0,
38.17584000000041,0.0,,
38.21133000000022,,,0.0
38.24776000000028,,0.0,
38.275840000000414,0.0,,
38.31133000000022,,,0.0
38.34776000000028,,0.0,
38.375840000000416,0.0,,
38.41133000000022,,,0.0
38.44776000000028,,0.0,
38.47584000000042,0.0,,
38.51133000000022,,,0.0
38.54776000000028,,0.0,
38.57584000000042,0.0,,
38.61133000000022,,,0.0
38.64776000000028,,0.0,
38.67584000000042,0.0,,
38.711330000000224,,,0.0
38.747760000000284,,0.0,
38.77584000000042,0.0,,
38.811330000000225,,,0.0
38.847760000000285,,0.0,
38.87584000000042,0.0,,
38.91133000000023,,,0.0
38.94776000000029,,0.0,
38.975840000000424,0.0,,
39.0,1.0,,
39.01133000000023,,,0.0
39.04776000000029,,0.0,
39.075840000000426,1.0,,
39.075840000000426,0.0,,
39.075840000000426,0.0,,
39.11133000000023,,,0.0
39.14776000000029,,0.0,
39.21133000000023,,,0.0
39.24776000000029,,0.0,
39.31133000000023,,,0.0
39.34776000000029,,0.0,
39.411330000000234,,,0.0
39.447760000000294,,0.0,
39.5,1.0,,
39.511330000000235,,,0.0
39.547760000000295,,0.0,
39.61133000000024,,,0.0
39.6477600000003,,0.0,
39.71133000000024,,,0.0
39.7477600000003,,0.0,
39.81133000000024,,,0.0
39.8477600000003,,0.0,
39.91133000000024,,,0.0
39.9477600000003,,0.0,
40.0,2.0,,
40.01133000000024,,,0.0
40.0477600000003,,0.0,
40.111330000000244,,,0.0
40.147760000000304,,0.0,
40.211330000000245,,,0.0
40.247760000000305,,0.0,
40.31133000000025,,,0.0
40.34776000000031,,0.0,
40.348310000000446,2.0,,
40.348310000000446,1.0,,
40.348310000000446,1.0,,
40.41133000000025,,,0.0
40.44776000000031,,0.0,
40.5,2.0,,
40.51133000000025,,,0.0
40.54776000000031,,0.0,
40.61133000000025,,,0.0
40.64776000000031,,0.0,
40.71133000000025,,,0.0
40.74776000000031,,0.0,
40.811330000000254,,,0.0
40.847760000000314,,0.0,
40.911330000000255,,,0.0
40.947760000000315,,0.0,
41.0,3.0,,
41.01133000000026,,,0.0
41.047760000000316,,0.0,
41.11133000000026,,,0.0
41.14776000000032,,0.0,
41.21133000000026,,,0.0
41.24776000000032,,0.0,
41.31133000000026,,,0.0
41.34776000000032,,0.0,
41.41133000000026,,,0.0
41.44776000000032,,0.0,
41.5,4.0,,
41.511330000000264,,,0.0
41.54776000000032,,0.0,
41.592160000000476,4.0,,
41.592160000000476,3.0,,
41.592160000000476,3.0,,
41.611330000000265,,,0.0
41.647760000000325,,0.0,
41.71133000000027,,,0.0
41.747760000000326,,0.0,
41.81133000000027,,,0.0
41.84776000000033,,0.0,
41.91133000000027,,,0.0
41.94776000000033,,0.0,
42.01133000000027,,,0.0
42.04776000000033,,0.0,
42.11133000000027,,,0.0
42.14776000000033,,0.0,
42.211330000000274,,,0.0
42.24776000000033,,0.0,
42.311330000000275,,,0.0
42.347760000000335,,0.0,
42.41133000000028,,,0.0
42.447760000000336,,0.0,
42.51133000000028,,,0.0
42.54776000000034,,0.0,
42.61133000000028,,,0.0
42.64776000000034,,0.0,
42.71133000000028,,,0.0
42.74776000000034,,0.0,
42.81133000000028,,,0.0
42.84776000000034,,0.0,
42.911330000000284,,,0.0
42.94776000000034,,0.0,
43.0,4.0,,
43.011330000000285,,,0.0
43.047760000000345,,0.0,
43.11133000000029,,,0.0
43.147760000000346,,0.0,
43.16926000000053,4.0,,
43.16926000000053,3.0,,
43.16926000000053,3.0,,
43.16939000000053,3.0,,
43.16939000000053,2.0,,
43.16939000000053,2.0,,
43.21133000000029,,,0.0
43.24776000000035,,0.0,
43.31133000000029,,,0.0
43.34776000000035,,0.0,
43.41133000000029,,,0.0
43.44776000000035,,0.0,
43.51133000000029,,,0.0
43.54776000000035,,0.0,
43.611330000000294,,,0.0
43.64776000000035,,0.0,
43.711330000000295,,,0.0
43.747760000000355,,0.0,
43.8113300000003,,,0.0
43.847760000000356,,0.0,
43.9113300000003,,,0.0
43.94776000000036,,0.0,
44.0,3.0,,
44.0113300000003,,,0.0
44.04776000000036,,0.0,
44.1113300000003,,,0.0
44.14776000000036,,0.0,
44.2113300000003,,,0.0
44.24776000000036,,0.0,
44.311330000000304,,,0.0
44.34776000000036,,0.0,
44.411330000000305,,,0.0
44.447760000000365,,0.0,
44.5,4.0,,
44.51133000000031,,,0.0
44.547760000000366,,0.0,
44.61133000000031,,,0.0
44.64776000000037,,0.0,
44.71133000000031,,,0.0
44.74636000000058,4.0,,
44.74636000000058,3.0,,
44.74636000000058,3.0,,
44.746490000000584,3.0,,
44.746490000000584,2.0,,
44.746490000000584,2.0,,
44.74776000000037,,0.0,
44.81133000000031,,,0.0
44.84776000000037,,0.0,
44.91133000000031,,,0.0
44.94776000000037,,0.0,
45.011330000000314,,,0.0
45.04776000000037,,0.0,
45.111330000000315,,,0.0
45.147760000000375,,0.0,
45.211330000000316,,,0.0
45.247760000000376,,0.0,
45.31133000000032,,,0.0
45.34776000000038,,0.0,
45.41133000000032,,,0.0
45.44776000000038,,0.0,
45.5,3.0,,
45.51133000000032,,,0.0
45.54776000000038,,0.0,
45.61133000000032,,,0.0
45.64776000000038,,0.0,
45.7089100000006,3.0,,
45.7089100000006,2.0,,
45.7089100000006,2.0,,
45.71133000000032,,,0.0
45.74776000000038,,0.0,
45.811330000000325,,,0.0
45.847760000000385,,0.0,
45.911330000000326,,,0.0
45.947760000000386,,0.0,
46.01133000000033,,,0.0
46.04776000000039,,0.0,
46.11133000000033,,,0.0
46.14776000000039,,0.0,
46.21133000000033,,,0.0
46.24776000000039,,0.0,
46.31133000000033,,,0.0
46.34776000000039,,0.0,
46.41133000000033,,,0.0
46.44776000000039,,0.0,
46.511330000000335,,,0.0
46.547760000000395,,0.0,
46.611330000000336,,,0.0
46.647760000000396,,0.0,
46.71133000000034,,,0.0
46.7477600000004,,0.0,
46.77146000000062,2.0,,
46.77146000000062,1.0,,
46.77146000000062,1.0,,
46.77159000000063,1.0,,
46.77159000000063,0.0,,
46.77159000000063,0.0,,
46.771720000000634,0.0,,
46.81133000000034,,,0.0
46.8477600000004,,0.0,
46.871720000000636,0.0,,
46.91133000000034,,,0.0
46.9477600000004,,0.0,
46.97172000000064,0.0,,
47.01133000000034,,,0.0
47.0477600000004,,0.0,
47.07172000000064,0.0,,
47.11133000000034,,,0.0
47.1477600000004,,0.0,
47.17172000000064,0.0,,
47.211330000000345,,,0.0
47.247760000000405,,0.0,
47.27172000000064,0.0,,
47.311330000000346,,,0.0
47.347760000000406,,0.0,
47.37172000000064,0.0,,
47.41133000000035,,,0.0
47.44776000000041,,0.0,
47.471720000000644,0.0,,
47.51133000000035,,,0.0
47.54776000000041,,0.0,
47.571720000000646,0.0,,
47.61133000000035,,,0.0
47.64776000000041,,0.0,
47.67172000000065,0.0,,
47.71133000000035,,,0.0
47.74776000000041,,0.0,
47.77172000000065,0.0,,
47.81133000000035,,,0.0
47.84776000000041,,0.0,
47.87172000000065,0.0,,
47.911330000000355,,,0.0
47.947760000000414,,0.0,
47.97172000000065,0.0,,
48.0,1.0,,
48.011330000000356,,,0.0
48.047760000000416,,0.0,
48.07172000000065,1.0,,
48.07172000000065,0.0,,
48.07172000000065,0.0,,
48.07185000000066,0.0,,
48.11133000000036,,,0.0
48.14776000000042,,0.0,
48.17185000000066,0.0,,
48.21133000000036,,,0.0
48.24776000000042,,0.0,
48.27185000000066,0.0,,
48.31133000000036,,,0.0
48.34776000000042,,0.0,
48.37185000000066,0.0,,
48.41133000000036,,,0.0
48.44776000000042,,0.0,
48.471850000000664,0.0,,
48.5,1.0,,
48.51133000000036,,,0.0
48.54776000000042,,0.0,
48.571850000000666,1.0,,
48.571850000000666,0.0,,
48.571850000000666,0.0,,
48.57198000000067,0.0,,
48.611330000000365,,,0.0
48.647760000000424,,0.0,
48.67198000000067,0.0,,
48.711330000000366,,,0.0
48.747760000000426,,0.0,
48.771980000000674,0.0,,
48.81133000000037,,,0.0
48.84776000000043,,0.0,
48.871980000000676,0.0,,
48.91133000000037,,,0.0
48.94776000000043,,0.0,
48.97198000000068,0.0,,
49.01133000000037,,,0.0
49.04776000000043,,0.0,
49.07198000000068,0.0,,
49.11133000000037,,,0.0
49.14776000000043,,0.0,
49.17198000000068,0.0,,
49.21133000000037,,,0.0
49.24776000000043,,0.0,
49.27198000000068,0.0,,
49.311330000000375,,,0.0
49.347760000000434,,0.0,
49.37198000000068,0.0,,
49.411330000000376,,,0.0
49.447760000000436,,0.0,
49.471980000000684,0.0,,
49.5,1.0,,
49.51133000000038,,,0.0
49.54776000000044,,0.0,
49.571980000000686,1.0,,
49.571980000000686,0.0,,
49.571980000000686,0.0,,
49.57211000000069,0.0,,
49.61133000000038,,,0.0
49.64776000000044,,0.0,
49.67211000000069,0.0,,
49.71133000000038,,,0.0
49.74776000000044,,0.0,
49.772110000000694,0.0,,
49.81133000000038,,,0.0
49.84776000000044,,0.0,
49.872110000000696,0.0,,
49.91133000000038,,,0.0
49.94776000000044,,0.0,
49.9721100000007,0.0,,
50.0,1.0,,
50.011330000000385,,,0.0
50.047760000000444,,0.0,
50.0721100000007,1.0,,
50.0721100000007,0.0,,
50.0721100000007,0.0,,
50.072240000000704,0.0,,
50.111330000000386,,,0.0
50.147760000000446,,0.0,
50.172240000000706,0.0,,
50.21133000000039,,,0.0
50.24776000000045,,0.0,
50.27224000000071,0.0,,
50.31133000000039,,,0.0
50.34776000000045,,0.0,
50.37224000000071,0.0,,
50.41133000000039,,,0.0
50.44776000000045,,0.0,
50.47224000000071,0.0,,
50.51133000000039,,,0.0
50.54776000000045,,0.0,
50.57224000000071,0.0,,
50.61133000000039,,,0.0
50.64776000000045,,0.0,
50.67224000000071,0.0,,
50.711330000000395,,,0.0
50.747760000000454,,0.0,
50.772240000000714,0.0,,
50.811330000000396,,,0.0
50.847760000000456,,0.0,
50.872240000000716,0.0,,
50.9113300000004,,,0.0
50.94776000000046,,0.0,
50.97224000000072,0.0,,
51.0113300000004,,,0.0
51.04776000000046,,0.0,
51.07224000000072,0.0,,
51.1113300000004,,,0.0
51.14776000000046,,0.0,
51.17224000000072,0.0,,
51.2113300000004,,,0.0
51.24776000000046,,0.0,
51.27224000000072,0.0,,
51.3113300000004,,,0.0
51.34776000000046,,0.0,
51.37224000000072,0.0,,
51.411330000000405,,,0.0
51.447760000000464,,0.0,
51.472240000000724,0.0,,
51.5,1.0,,
51.511330000000406,,,0.0
51.547760000000466,,0.0,
51.572240000000726,1.0,,
51.572240000000726,0.0,,
51.572240000000726,0.0,,
51.57237000000073,0.0,,
51.61133000000041,,,0.0
51.64776000000047,,0.0,
51.67237000000073,0.0,,
51.71133000000041,,,0.0
51.74776000000047,,0.0,
51.772370000000734,0.0,,
51.81133000000041,,,0.0
51.84776000000047,,0.0,
51.872370000000736,0.0,,
51.91133000000041,,,0.0
51.94776000000047,,0.0,
51.97237000000074,0.0,,
52.01133000000041,,,0.0
52.04776000000047,,0.0,
52.07237000000074,0.0,,
52.111330000000414,,,0.0
52.147760000000474,,0.0,
52.17237000000074,0.0,,
52.211330000000416,,,0.0
52.247760000000476,,0.0,
52.27237000000074,0.0,,
52.31133000000042,,,0.0
52.34776000000048,,0.0,
52.37237000000074,0.0,,
52.41133000000042,,,0.0
52.44776000000048,,0.0,
52.472370000000744,0.0,,
52.51133000000042,,,0.0
52.54776000000048,,0.0,
52.572370000000745,0.0,,
52.61133000000042,,,0.0
52.64776000000048,,0.0,
52.67237000000075,0.0,,
52.71133000000042,,,0.0
52.74776000000048,,0.0,
52.77237000000075,0.0,,
52.811330000000424,,,0.0
52.847760000000484,,0.0,
52.87237000000075,0.0,,
52.911330000000426,,,0.0
52.947760000000486,,0.0,
52.97237000000075,0.0,,
53.01133000000043,,,0.0
53.04776000000049,,0.0,
53.07237000000075,0.0,,
53.11133000000043,,,0.0
53.14776000000049,,0.0,
53.172370000000754,0.0,,
53.21133000000043,,,0.0
53.24776000000049,,0.0,
53.272370000000755,0.0,,
53.31133000000043,,,0.0
53.34776000000049,,0.0,
53.37237000000076,0.0,,
53.41133000000043,,,0.0
53.44776000000049,,0.0,
53.47237000000076,0.0,,
53.511330000000434,,,0.0
53.547760000000494,,0.0,
53.57237000000076,0.0,,
53.611330000000436,,,0.0
53.647760000000495,,0.0,
53.67237000000076,0.0,,
53.71133000000044,,,0.0
53.7477600000005,,0.0,
53.77237000000076,0.0,,
53.81133000000044,,,0.0
53.8477600000005,,0.0,
53.872370000000764,0.0,,
53.91133000000044,,,0.0
53.9477600000005,,0.0,
53.972370000000765,0.0,,
54.01133000000044,,,0.0
54.0477600000005,,0.0,
54.07237000000077,0.0,,
54.11133000000044,,,0.0
54.1477600000005,,0.0,
54.17237000000077,0.0,,
54.211330000000444,,,0.0
54.247760000000504,,0.0,
54.27237000000077,0.0,,
54.311330000000446,,,0.0
54.347760000000505,,0.0,
54.37237000000077,0.0,,
54.41133000000045,,,0.0
54.44776000000051,,0.0,
54.47237000000077,0.0,,
54.5,1.0,,
54.51133000000045,,,0.0
54.54776000000051,,0.0,
54.572370000000774,1.0,,
54.572370000000774,0.0,,
54.572370000000774,0.0,,
54.57250000000078,0.0,,
54.61133000000045,,,0.0
54.64776000000051,,0.0,
54.67250000000078,0.0,,
54.71133000000045,,,0.0
54.74776000000051,,0.0,
54.77250000000078,0.0,,
54.81133000000045,,,0.0
54.84776000000051,,0.0,
54.872500000000784,0.0,,
54.911330000000454,,,0.0
54.947760000000514,,0.0,
54.972500000000785,0.0,,
55.0,1.0,,
55.011330000000456,,,0.0
55.047760000000515,,0.0,
55.07250000000079,1.0,,
55.07250000000079,0.0,,
55.07250000000079,0.0,,
55.11133000000046,,,0.0
55.14776000000052,,0.0,
55.21133000000046,,,0.0
55.24776000000052,,0.0,
55.31133000000046,,,0.0
55.34776000000052,,0.0,
55.41133000000046,,,0.0
55.44776000000052,,0.0,
55.51133000000046,,,0.0
55.54776000000052,,0.0,
55.611330000000464,,,0.0
55.647760000000524,,0.0,
55.711330000000466,,,0.0
55.747760000000525,,0.0,
55.81133000000047,,,0.0
55.84776000000053,,0.0,
55.91133000000047,,,0.0
55.94776000000053,,0.0,
55.968156018803754,1.0,,
56.01133000000047,,,0.0
56.04776000000053,,0.0,
56.11133000000047,,,0.0
56.14406000000076,1.0,,
56.14406000000076,0.0,,
56.14406000000076,0.0,,
56.14419000000077,0.0,,
56.14776000000053,,0.0,
56.21133000000047,,,0.0
56.24419000000077,0.0,,
56.24776000000053,,0.0,
56.311330000000474,,,0.0
56.34419000000077,0.0,,
56.347760000000534,,0.0,
56.411330000000476,,,0.0
56.44419000000077,0.0,,
56.447760000000535,,0.0,
56.51133000000048,,,0.0
56.544190000000775,0.0,,
56.54776000000054,,0.0,
56.61133000000048,,,0.0
56.644190000000776,0.0,,
56.64776000000054,,0.0,
56.71133000000048,,,0.0
56.74419000000078,0.0,,
56.74776000000054,,0.0,
56.81133000000048,,,0.0
56.84419000000078,0.0,,
56.84776000000054,,0.0,
56.91133000000048,,,0.0
56.94419000000078,0.0,,
56.94776000000054,,0.0,
57.011330000000484,,,0.0
57.04419000000078,0.0,,
57.047760000000544,,0.0,
57.111330000000486,,,0.0
57.14419000000078,0.0,,
57.147760000000545,,0.0,
57.21133000000049,,,0.0
57.244190000000785,0.0,,
57.24776000000055,,0.0,
57.31133000000049,,,0.0
57.344190000000786,0.0,,
57.34776000000055,,0.0,
57.41133000000049,,,0.0
57.44419000000079,0.0,,
57.44776000000055,,0.0,
57.51133000000049,,,0.0
57.54419000000079,0.0,,
57.54776000000055,,0.0,
57.61133000000049,,,0.0
57.64419000000079,0.0,,
57.64776000000055,,0.0,
57.711330000000494,,,0.0
57.74419000000079,0.0,,
57.747760000000554,,0.0,
57.811330000000495,,,0.0
57.84419000000079,0.0,,
57.847760000000555,,0.0,
57.9113300000005,,,0.0
57.944190000000795,0.0,,
57.94776000000056,,0.0,
58.0113300000005,,,0.0
58.044190000000796,0.0,,
58.04776000000056,,0.0,
58.1113300000005,,,0.0
58.1441900000008,0.0,,
58.14776000000056,,0.0,
58.2113300000005,,,0.0
58.2441900000008,0.0,,
58.24776000000056,,0.0,
58.3113300000005,,,0.0
58.3441900000008,0.0,,
58.34776000000056,,0.0,
58.411330000000504,,,0.0
58.4441900000008,0.0,,
58.447760000000564,,0.0,
58.511330000000505,,,0.0
58.5441900000008,0.0,,
58.547760000000565,,0.0,
58.61133000000051,,,0.0
58.644190000000805,0.0,,
58.64776000000057,,0.0,
58.71133000000051,,,0.0
58.744190000000806,0.0,,
58.74776000000057,,0.0,
58.81133000000051,,,0.0
58.84419000000081,0.0,,
58.84776000000057,,0.0,
58.91133000000051,,,0.0
58.94419000000081,0.0,,
58.94776000000057,,0.0,
59.0,1.0,,
59.01133000000051,,,0.0
59.04419000000081,1.0,,
59.04419000000081,0.0,,
59.04419000000081,0.0,,
59.044320000000816,0.0,,
59.04776000000057,,0.0,
59.111330000000514,,,0.0
59.14432000000082,0.0,,
59.147760000000574,,0.0,
59.211330000000515,,,0.0
59.24432000000082,0.0,,
59.247760000000575,,0.0,
59.31133000000052,,,0.0
59.34432000000082,0.0,,
59.34776000000058,,0.0,
59.41133000000052,,,0.0
59.44432000000082,0.0,,
59.44776000000058,,0.0,
59.468156018803754,1.0,,
59.51133000000052,,,0.0
59.54432000000082,1.0,,
59.54432000000082,0.0,,
59.54432000000082,0.0,,
59.54445000000083,0.0,,
59.54776000000058,,0.0,
59.61133000000052,,,0.0
59.64445000000083,0.0,,
59.64776000000058,,0.0,
59.71133000000052,,,0.0
59.74445000000083,0.0,,
59.74776000000058,,0.0,
59.811330000000524,,,0.0
59.84445000000083,0.0,,
59.847760000000584,,0.0,
59.911330000000525,,,0.0
59.944450000000835,0.0,,
59.947760000000585,,0.0,
60.01133000000053,,,0.0
60.044450000000836,0.0,,
60.047760000000586,,0.0,
60.11133000000053,,,0.0
60.14445000000084,0.0,,
60.14776000000059,,0.0,
60.21133000000053,,,0.0
60.24445000000084,0.0,,
60.24776000000059,,0.0,
60.31133000000053,,,0.0
60.34445000000084,0.0,,
60.34776000000059,,0.0,
60.41133000000053,,,0.0
60.44445000000084,0.0,,
60.44776000000059,,0.0,
60.511330000000534,,,0.0
60.54445000000084,0.0,,
60.54776000000059,,0.0,
60.611330000000535,,,0.0
60.644450000000845,0.0,,
60.647760000000595,,0.0,
60.71133000000054,,,0.0
60.744450000000846,0.0,,
60.747760000000596,,0.0,
60.81133000000054,,,0.0
60.84445000000085,0.0,,
60.8477600000006,,0.0,
60.91133000000054,,,0.0
60.94445000000085,0.0,,
60.9477600000006,,0.0,
61.01133000000054,,,0.0
61.04445000000085,0.0,,
61.0477600000006,,0.0,
61.11133000000054,,,0.0
61.14445000000085,0.0,,
61.1477600000006,,0.0,
61.211330000000544,,,0.0
61.24445000000085,0.0,,
61.2477600000006,,0.0,
61.311330000000545,,,0.0
61.344450000000855,0.0,,
61.347760000000605,,0.0,
61.41133000000055,,,0.0
61.444450000000856,0.0,,
61.447760000000606,,0.0,
61.51133000000055,,,0.0
61.54445000000086,0.0,,
61.54776000000061,,0.0,
61.61133000000055,,,0.0
61.64445000000086,0.0,,
61.64776000000061,,0.0,
61.71133000000055,,,0.0
61.74445000000086,0.0,,
61.74776000000061,,0.0,
61.81133000000055,,,0.0
61.84445000000086,0.0,,
61.84776000000061,,0.0,
61.911330000000554,,,0.0
61.94445000000086,0.0,,
61.94776000000061,,0.0,
62.011330000000555,,,0.0
62.044450000000865,0.0,,
62.047760000000615,,0.0,
62.11133000000056,,,0.0
62.144450000000866,0.0,,
62.147760000000616,,0.0,
62.21133000000056,,,0.0
62.24445000000087,0.0,,
62.24776000000062,,0.0,
62.31133000000056,,,0.0
62.34445000000087,0.0,,
62.34776000000062,,0.0,
62.41133000000056,,,0.0
62.44445000000087,0.0,,
62.44776000000062,,0.0,
62.51133000000056,,,0.0
62.54445000000087,0.0,,
62.54776000000062,,0.0,
62.611330000000564,,,0.0
62.64445000000087,0.0,,
62.64776000000062,,0.0,
62.711330000000565,,,0.0
62.744450000000874,0.0,,
62.747760000000625,,0.0,
62.81133000000057,,,0.0
62.844450000000876,0.0,,
62.847760000000626,,0.0,
62.91133000000057,,,0.0
62.94445000000088,0.0,,
62.94776000000063,,0.0,
63.0,1.0,,
63.01133000000057,,,0.0
63.04445000000088,1.0,,
63.04445000000088,0.0,,
63.04445000000088,0.0,,
63.04776000000063,,0.0,
63.11133000000057,,,0.0
63.14776000000063,,0.0,
63.21133000000057,,,0.0
63.24776000000063,,0.0,
63.311330000000574,,,0.0
63.34776000000063,,0.0,
63.411330000000575,,,0.0
63.447760000000635,,0.0,
63.468156018803754,1.0,,
63.51133000000058,,,0.0
63.547760000000636,,0.0,
63.61133000000058,,,0.0
63.64776000000064,,0.0,
63.71133000000058,,,0.0
63.74776000000064,,0.0,
63.81133000000058,,,0.0
63.84776000000064,,0.0,
63.91133000000058,,,0.0
63.94776000000064,,0.0,
63.968156018803754,2.0,,
64.01133000000058,,,0.0
64.04776000000064,,0.0,
64.11133000000058,,,0.0
64.14776000000063,,0.0,
64.17711000000088,2.0,,
64.17711000000088,1.0,,
64.17711000000088,1.0,,
64.17724000000088,1.0,,
64.17724000000088,0.0,,
64.17724000000088,0.0,,
64.21133000000057,,,0.0
64.24776000000062,,0.0,
64.31133000000057,,,0.0
64.34776000000062,,0.0,
64.41133000000056,,,0.0
64.44776000000061,,0.0,
64.51133000000056,,,0.0
64.54776000000061,,0.0,
64.61133000000055,,,0.0
64.6477600000006,,0.0,
64.71133000000054,,,0.0
64.7477600000006,,0.0,
64.81133000000054,,,0.0
64.84776000000059,,0.0,
64.91133000000053,,,0.0
64.94776000000059,,0.0,
65.01133000000053,,,0.0
65.04776000000058,,0.0,
65.11133000000052,,,0.0
65.14776000000057,,0.0,
65.21133000000052,,,0.0
65.24776000000057,,0.0,
65.31133000000051,,,0.0
65.34776000000056,,0.0,
65.4113300000005,,,0.0
65.44776000000056,,0.0,
65.5113300000005,,,0.0
65.54186000000088,0.0,,
65.54776000000055,,0.0,
65.61133000000049,,,0.0
65.64186000000088,0.0,,
65.64776000000055,,0.0,
65.71133000000049,,,0.0
65.74186000000087,0.0,,
65.74776000000054,,0.0,
65.81133000000048,,,0.0
65.84186000000086,0.0,,
65.84776000000053,,0.0,
65.91133000000048,,,0.0
65.94186000000086,0.0,,
65.94776000000053,,0.0,
66.01133000000047,,,0.0
66.04186000000085,0.0,,
66.04776000000052,,0.0,
66.11133000000046,,,0.0
66.14186000000085,0.0,,
66.14776000000052,,0.0,
66.21133000000046,,,0.0
66.24186000000084,0.0,,
66.24776000000051,,0.0,
66.31133000000045,,,0.0
66.34186000000084,0.0,,
66.3477600000005,,0.0,
66.41133000000045,,,0.0
66.44186000000083,0.0,,
66.4477600000005,,0.0,
66.51133000000044,,,0.0
66.54186000000082,0.0,,
66.5477600000005,,0.0,
66.61133000000044,,,0.0
66.64186000000082,0.0,,
66.64776000000049,,0.0,
66.71133000000043,,,0.0
66.74186000000081,0.0,,
66.74776000000048,,0.0,
66.81133000000042,,,0.0
66.8418600000008,0.0,,
66.84776000000048,,0.0,
66.91133000000042,,,0.0
66.9418600000008,0.0,,
66.94776000000047,,0.0,
66.96815601880375,1.0,,
67.01133000000041,,,0.0
67.0418600000008,1.0,,
67.0418600000008,0.0,,
67.0418600000008,0.0,,
67.0419900000008,0.0,,
67.04776000000047,,0.0,
67.11133000000041,,,0.0
67.14199000000079,0.0,,
67.14776000000046,,0.0,
67.2113300000004,,,0.0
67.24199000000078,0.0,,
67.24776000000045,,0.0,
67.3113300000004,,,0.0
67.34199000000078,0.0,,
67.34776000000045,,0.0,
67.41133000000039,,,0.0
67.44199000000077,0.0,,
67.44776000000044,,0.0,
67.51133000000038,,,0.0
67.54199000000077,0.0,,
67.54776000000044,,0.0,
67.61133000000038,,,0.0
67.64199000000076,0.0,,
67.64776000000043,,0.0,
67.71133000000037,,,0.0
67.74199000000075,0.0,,
67.74776000000043,,0.0,
67.81133000000037,,,0.0
67.84199000000075,0.0,,
67.84776000000042,,0.0,
67.91133000000036,,,0.0
67.94199000000074,0.0,,
67.94776000000041,,0.0,
68.01133000000036,,,0.0
68.04199000000074,0.0,,
68.04776000000041,,0.0,
68.11133000000035,,,0.0
68.14199000000073,0.0,,
68.1477600000004,,0.0,
68.21133000000034,,,0.0
68.24199000000073,0.0,,
68.2477600000004,,0.0,
68.31133000000034,,,0.0
68.34199000000072,0.0,,
68.34776000000039,,0.0,
68.41133000000033,,,0.0
68.44199000000071,0.0,,
68.44776000000039,,0.0,
68.51133000000033,,,0.0
68.54199000000071,0.0,,
68.54776000000038,,0.0,
68.61133000000032,,,0.0
68.6419900000007,0.0,,
68.64776000000037,,0.0,
68.71133000000032,,,0.0
68.7419900000007,0.0,,
68.74776000000037,,0.0,
68.81133000000031,,,0.0
68.84199000000069,0.0,,
68.84776000000036,,0.0,
68.9113300000003,,,0.0
68.94199000000069,0.0,,
68.94776000000036,,0.0,
69.0113300000003,,,0.0
69.04199000000068,0.0,,
69.04776000000035,,0.0,
69.1113300000003,,,0.0
69.14199000000067,0.0,,
69.14776000000035,,0.0,
69.21133000000029,,,0.0
69.24199000000067,0.0,,
69.24776000000034,,0.0,
69.31133000000028,,,0.0
69.34199000000066,0.0,,
69.34776000000033,,0.0,
69.41133000000028,,,0.0
69.44199000000066,0.0,,
69.44776000000033,,0.0,
69.51133000000027,,,0.0
69.54199000000065,0.0,,
69.54776000000032,,0.0,
69.61133000000027,,,0.0
69.64199000000065,0.0,,
69.64776000000032,,0.0,
69.71133000000026,,,0.0
69.74199000000064,0.0,,
69.74776000000031,,0.0,
69.81133000000025,,,0.0
69.84199000000064,0.0,,
69.8477600000003,,0.0,
69.91133000000025,,,0.0
69.94199000000063,0.0,,
69.9477600000003,,0.0,
70.0,1.0,,
70.01133000000024,,,0.0
70.04199000000062,1.0,,
70.04199000000062,0.0,,
70.04199000000062,0.0,,
70.04212000000062,0.0,,
70.0477600000003,,0.0,
70.11133000000024,,,0.0
70.14212000000062,0.0,,
70.14776000000029,,0.0,
70.21133000000023,,,0.0
70.24212000000061,0.0,,
70.24776000000028,,0.0,
70.31133000000023,,,0.0
70.3421200000006,0.0,,
70.34776000000028,,0.0,
70.41133000000022,,,0.0
70.4421200000006,0.0,,
70.44776000000027,,0.0,
70.46815601880375,1.0,,
70.5,2.0,,
70.51133000000021,,,0.0
70.5421200000006,2.0,,
70.5421200000006,1.0,,
70.5421200000006,1.0,,
70.54225000000059,1.0,,
70.54225000000059,0.0,,
70.54225000000059,0.0,,
70.54238000000059,0.0,,
70.54776000000027,,0.0,
70.61133000000021,,,0.0
70.64238000000059,0.0,,
70.64776000000026,,0.0,
70.7113300000002,,,0.0
70.74238000000058,0.0,,
70.74776000000026,,0.0,
70.8113300000002,,,0.0
70.84238000000057,0.0,,
70.84776000000025,,0.0,
70.91133000000019,,,0.0
70.94238000000057,0.0,,
70.94776000000024,,0.0,
71.0,1.0,,
71.01133000000019,,,0.0
71.04238000000056,1.0,,
71.04238000000056,0.0,,
71.04238000000056,0.0,,
71.04251000000056,0.0,,
71.04776000000024,,0.0,
71.11133000000018,,,0.0
71.14251000000056,0.0,,
71.14776000000023,,0.0,
71.21133000000017,,,0.0
71.24251000000055,0.0,,
71.24776000000023,,0.0,
71.31133000000017,,,0.0
71.34251000000054,0.0,,
71.34776000000022,,0.0,
71.41133000000016,,,0.0
71.44251000000054,0.0,,
71.44776000000022,,0.0,
71.51133000000016,,,0.0
71.54251000000053,0.0,,
71.54776000000021,,0.0,
71.61133000000015,,,0.0
71.64251000000053,0.0,,
71.6477600000002,,0.0,
71.71133000000015,,,0.0
71.74251000000052,0.0,,
71.7477600000002,,0.0,
71.81133000000014,,,0.0
71.84251000000052,0.0,,
71.84776000000019,,0.0,
71.91133000000013,,,0.0
71.94251000000051,0.0,,
71.94776000000019,,0.0,
72.01133000000013,,,0.0
72.0425100000005,0.0,,
72.04776000000018,,0.0,
72.11133000000012,,,0.0
72.1425100000005,0.0,,
72.14776000000018,,0.0,
72.21133000000012,,,0.0
72.2425100000005,0.0,,
72.24776000000017,,0.0,
72.31133000000011,,,0.0
72.34251000000049,0.0,,
72.34776000000016,,0.0,
72.4113300000001,,,0.0
72.44251000000048,0.0,,
72.44776000000016,,0.0,
72.5,1.0,,
72.5113300000001,,,0.0
72.54251000000048,1.0,,
72.54251000000048,0.0,,
72.54251000000048,0.0,,
72.54264000000047,0.0,,
72.54776000000015,,0.0,
72.6113300000001,,,0.0
72.64264000000047,0.0,,
72.64776000000015,,0.0,
72.71133000000009,,,0.0
72.74264000000046,0.0,,
72.74776000000014,,0.0,
72.81133000000008,,,0.0
72.84264000000046,0.0,,
72.84776000000014,,0.0,
72.91133000000008,,,0.0
72.94264000000045,0.0,,
72.94776000000013,,0.0,
73.01133000000007,,,0.0
73.04264000000045,0.0,,
73.04776000000012,,0.0,
73.11133000000007,,,0.0
73.14264000000044,0.0,,
73.14776000000012,,0.0,
73.21133000000006,,,0.0
73.24264000000043,0.0,,
73.24776000000011,,0.0,
73.31133000000005,,,0.0
73.34264000000043,0.0,,
73.34776000000011,,0.0,
73.41133000000005,,,0.0
73.44264000000042,0.0,,
73.4477600000001,,0.0,
73.51133000000004,,,0.0
73.54264000000042,0.0,,
73.5477600000001,,0.0,
73.61133000000004,,,0.0
73.64264000000041,0.0,,
73.64776000000009,,0.0,
73.71133000000003,,,0.0
73.7426400000004,0.0,,
73.74776000000008,,0.0,
73.81133000000003,,,0.0
73.8426400000004,0.0,,
73.84776000000008,,0.0,
73.91133000000002,,,0.0
73.9426400000004,0.0,,
73.94776000000007,,0.0,
74.01133000000002,,,0.0
74.04264000000039,0.0,,
74.04776000000007,,0.0,
74.11133000000001,,,0.0
74.14264000000038,0.0,,
74.14776000000006,,0.0,
74.21133,,,0.0
74.24264000000038,0.0,,
74.24776000000006,,0.0,
74.31133,,,0.0
74.34264000000037,0.0,,
74.34776000000005,,0.0,
74.41132999999999,,,0.0
74.44264000000037,0.0,,
74.44776000000005,,0.0,
74.51132999999999,,,0.0
74.54264000000036,0.0,,
74.54776000000004,,0.0,
74.61132999999998,,,0.0
74.64264000000036,0.0,,
74.64776000000003,,0.0,
74.71132999999998,,,0.0
74.74264000000035,0.0,,
74.74776000000003,,0.0,
74.81132999999997,,,0.0
74.84264000000034,0.0,,
74.84776000000002,,0.0,
74.91132999999996,,,0.0
74.94264000000034,0.0,,
74.94776000000002,,0.0,
75.01132999999996,,,0.0
75.04264000000033,0.0,,
75.04776000000001,,0.0,
75.11132999999995,,,0.0
75.14264000000033,0.0,,
75.14776,,0.0,
75.21132999999995,,,0.0
75.24264000000032,0.0,,
75.24776,,0.0,
75.31132999999994,,,0.0
75.34264000000032,0.0,,
75.34776,,0.0,
75.41132999999994,,,0.0
75.44264000000031,0.0,,
75.44775999999999,,0.0,
75.51132999999993,,,0.0
75.5426400000003,0.0,,
75.54775999999998,,0.0,
75.61132999999992,,,0.0
75.6426400000003,0.0,,
75.64775999999998,,0.0,
75.71132999999992,,,0.0
75.74264000000029,0.0,,
75.74775999999997,,0.0,
75.81132999999991,,,0.0
75.84264000000029,0.0,,
75.84775999999997,,0.0,
75.91132999999991,,,0.0
75.94264000000028,0.0,,
75.94775999999996,,0.0,
76.0113299999999,,,0.0
76.04264000000028,0.0,,
76.04775999999995,,0.0,
76.1113299999999,,,0.0
76.14264000000027,0.0,,
76.14775999999995,,0.0,
76.21132999999989,,,0.0
76.24264000000026,0.0,,
76.24775999999994,,0.0,
76.31132999999988,,,0.0
76.34264000000026,0.0,,
76.34775999999994,,0.0,
76.41132999999988,,,0.0
76.44264000000025,0.0,,
76.44775999999993,,0.0,
76.51132999999987,,,0.0
76.54264000000025,0.0,,
76.54775999999993,,0.0,
76.61132999999987,,,0.0
76.64264000000024,0.0,,
76.64775999999992,,0.0,
76.71132999999986,,,0.0
76.74264000000024,0.0,,
76.74775999999991,,0.0,
76.81132999999986,,,0.0
76.84264000000023,0.0,,
76.84775999999991,,0.0,
76.91132999999985,,,0.0
76.94264000000022,0.0,,
76.9477599999999,,0.0,
77.01132999999984,,,0.0
77.04264000000022,0.0,,
77.0477599999999,,0.0,
77.11132999999984,,,0.0
77.14264000000021,0.0,,
77.14775999999989,,0.0,
77.21132999999983,,,0.0
77.24264000000021,0.0,,
77.24775999999989,,0.0,
77.31132999999983,,,0.0
77.3426400000002,0.0,,
77.34775999999988,,0.0,
77.41132999999982,,,0.0
77.4426400000002,0.0,,
77.44775999999987,,0.0,
77.51132999999982,,,0.0
77.54264000000019,0.0,,
77.54775999999987,,0.0,
77.61132999999981,,,0.0
77.64264000000018,0.0,,
77.64775999999986,,0.0,
77.7113299999998,,,0.0
77.74264000000018,0.0,,
77.74775999999986,,0.0,
77.8113299999998,,,0.0
77.84264000000017,0.0,,
77.84775999999985,,0.0,
77.9113299999998,,,0.0
77.94264000000017,0.0,,
77.94775999999985,,0.0,
78.01132999999979,,,0.0
78.04264000000016,0.0,,
78.04775999999984,,0.0,
78.11132999999978,,,0.0
78.14264000000016,0.0,,
78.14775999999983,,0.0,
78.21132999999978,,,0.0
78.24264000000015,0.0,,
78.24775999999983,,0.0,
78.31132999999977,,,0.0
78.34264000000015,0.0,,
78.34775999999982,,0.0,
78.41132999999977,,,0.0
78.44264000000014,0.0,,
78.44775999999982,,0.0,
78.51132999999976,,,0.0
78.54264000000013,0.0,,
78.54775999999981,,0.0,
78.61132999999975,,,0.0
78.64264000000013,0.0,,
78.6477599999998,,0.0,
78.71132999999975,,,0.0
78.74264000000012,0.0,,
78.7477599999998,,0.0,
78.81132999999974,,,0.0
78.84264000000012,0.0,,
78.8477599999998,,0.0,
78.91132999999974,,,0.0
78.94264000000011,0.0,,
78.94775999999979,,0.0,
79.01132999999973,,,0.0
79.0426400000001,0.0,,
79.04775999999978,,0.0,
79.11132999999973,,,0.0
79.1426400000001,0.0,,
79.14775999999978,,0.0,
79.21132999999972,,,0.0
79.2426400000001,0.0,,
79.24775999999977,,0.0,
79.31132999999971,,,0.0
79.34264000000009,0.0,,
79.34775999999977,,0.0,
79.41132999999971,,,0.0
79.44264000000008,0.0,,
79.44775999999976,,0.0,
79.5113299999997,,,0.0
79.54264000000008,0.0,,
79.54775999999976,,0.0,
79.6113299999997,,,0.0
79.64264000000007,0.0,,
79.64775999999975,,0.0,
79.71132999999969,,,0.0
79.74264000000007,0.0,,
79.74775999999974,,0.0,
79.81132999999969,,,0.0
79.84264000000006,0.0,,
79.84775999999974,,0.0,
79.91132999999968,,,0.0
79.94264000000005,0.0,,
79.94775999999973,,0.0,
80.01132999999967,,,0.0
80.04264000000005,0.0,,
80.04775999999973,,0.0,
80.11132999999967,,,0.0
80.14264000000004,0.0,,
80.14775999999972,,0.0,
80.21132999999966,,,0.0
80.24264000000004,0.0,,
80.24775999999972,,0.0,
80.31132999999966,,,0.0
80.34264000000003,0.0,,
80.34775999999971,,0.0,
80.41132999999965,,,0.0
80.44264000000003,0.0,,
80.4477599999997,,0.0,
80.51132999999965,,,0.0
80.54264000000002,0.0,,
80.5477599999997,,0.0,
80.61132999999964,,,0.0
80.64264000000001,0.0,,
80.64775999999969,,0.0,
80.71132999999963,,,0.0
80.74264000000001,0.0,,
80.74775999999969,,0.0,
80.81132999999963,,,0.0
80.84264,0.0,,
80.84775999999968,,0.0,
80.91132999999962,,,0.0
80.94264,0.0,,
80.94775999999968,,0.0,
81.01132999999962,,,0.0
81.04263999999999,0.0,,
81.04775999999967,,0.0,
81.11132999999961,,,0.0
81.14263999999999,0.0,,
81.14775999999966,,0.0,
81.2113299999996,,,0.0
81.24263999999998,0.0,,
81.24775999999966,,0.0,
81.3113299999996,,,0.0
81.34263999999997,0.0,,
81.34775999999965,,0.0,
81.4113299999996,,,0.0
81.44263999999997,0.0,,
81.44775999999965,,0.0,
81.51132999999959,,,0.0
81.54263999999996,0.0,,
81.54775999999964,,0.0,
81.61132999999958,,,0.0
81.64263999999996,0.0,,
81.64775999999964,,0.0,
81.71132999999958,,,0.0
81.74263999999995,0.0,,
81.74775999999963,,0.0,
81.81132999999957,,,0.0
81.84263999999995,0.0,,
81.84775999999962,,0.0,
81.91132999999957,,,0.0
81.94263999999994,0.0,,
81.94775999999962,,0.0,
82.01132999999956,,,0.0
82.04263999999993,0.0,,
82.04775999999961,,0.0,
82.11132999999955,,,0.0
82.14263999999993,0.0,,
82.14775999999961,,0.0,
82.21132999999955,,,0.0
82.24263999999992,0.0,,
82.2477599999996,,0.0,
82.31132999999954,,,0.0
82.34263999999992,0.0,,
82.3477599999996,,0.0,
82.41132999999954,,,0.0
82.44263999999991,0.0,,
82.44775999999959,,0.0,
82.51132999999953,,,0.0
82.5426399999999,0.0,,
82.54775999999958,,0.0,
82.61132999999953,,,0.0
82.6426399999999,0.0,,
82.64775999999958,,0.0,
82.71132999999952,,,0.0
82.7426399999999,0.0,,
82.74775999999957,,0.0,
82.81132999999951,,,0.0
82.84263999999989,0.0,,
82.84775999999957,,0.0,
82.91132999999951,,,0.0
82.94263999999988,0.0,,
82.94775999999956,,0.0,
83.0113299999995,,,0.0
83.04263999999988,0.0,,
83.04775999999956,,0.0,
83.1113299999995,,,0.0
83.14263999999987,0.0,,
83.14775999999955,,0.0,
83.21132999999949,,,0.0
83.24263999999987,0.0,,
83.24775999999954,,0.0,
83.31132999999949,,,0.0
83.34263999999986,0.0,,
83.34775999999954,,0.0,
83.41132999999948,,,0.0
83.44263999999986,0.0,,
83.44775999999953,,0.0,
83.51132999999948,,,0.0
83.54263999999985,0.0,,
83.54775999999953,,0.0,
83.61132999999947,,,0.0
83.64263999999984,0.0,,
83.64775999999952,,0.0,
83.71132999999946,,,0.0
83.74263999999984,0.0,,
83.74775999999952,,0.0,
83.81132999999946,,,0.0
83.84263999999983,0.0,,
83.84775999999951,,0.0,
83.91132999999945,,,0.0
83.94263999999983,0.0,,
83.9477599999995,,0.0,
84.01132999999945,,,0.0
84.04263999999982,0.0,,
84.0477599999995,,0.0,
84.11132999999944,,,0.0
84.14263999999982,0.0,,
84.1477599999995,,0.0,
84.21132999999944,,,0.0
84.24263999999981,0.0,,
84.24775999999949,,0.0,
84.31132999999943,,,0.0
84.3426399999998,0.0,,
84.34775999999948,,0.0,
84.41132999999942,,,0.0
84.4426399999998,0.0,,
84.44775999999948,,0.0,
84.51132999999942,,,0.0
84.54263999999979,0.0,,
84.54775999999947,,0.0,
84.61132999999941,,,0.0
84.64263999999979,0.0,,
84.64775999999947,,0.0,
84.7113299999994,,,0.0
84.74263999999978,0.0,,
84.74775999999946,,0.0,
84.8113299999994,,,0.0
84.84263999999978,0.0,,
84.84775999999945,,0.0,
84.9113299999994,,,0.0
84.94263999999977,0.0,,
84.94775999999945,,0.0,
85.01132999999939,,,0.0
85.04263999999976,0.0,,
85.04775999999944,,0.0,
85.11132999999938,,,0.0
85.14263999999976,0.0,,
85.14775999999944,,0.0,
85.21132999999938,,,0.0
85.24263999999975,0.0,,
85.24775999999943,,0.0,
85.31132999999937,,,0.0
85.34263999999975,0.0,,
85.34775999999943,,0.0,
85.41132999999937,,,0.0
85.44263999999974,0.0,,
85.44775999999942,,0.0,
85.51132999999936,,,0.0
85.54263999999974,0.0,,
85.54775999999941,,0.0,
85.61132999999936,,,0.0
85.64263999999973,0.0,,
85.64775999999941,,0.0,
85.71132999999935,,,0.0
85.74263999999972,0.0,,
85.7477599999994,,0.0,
85.81132999999934,,,0.0
85.84263999999972,0.0,,
85.8477599999994,,0.0,
85.91132999999934,,,0.0
85.94263999999971,0.0,,
85.94775999999939,,0.0,
86.01132999999933,,,0.0
86.04263999999971,0.0,,
86.04775999999939,,0.0,
86.11132999999933,,,0.0
86.1426399999997,0.0,,
86.14775999999938,,0.0,
86.21132999999932,,,0.0
86.2426399999997,0.0,,
86.24775999999937,,0.0,
86.31132999999932,,,0.0
86.34263999999969,0.0,,
86.34775999999937,,0.0,
86.41132999999931,,,0.0
86.44263999999968,0.0,,
86.44775999999936,,0.0,
86.5113299999993,,,0.0
86.54263999999968,0.0,,
86.54775999999936,,0.0,
86.6113299999993,,,0.0
86.64263999999967,0.0,,
86.64775999999935,,0.0,
86.7113299999993,,,0.0
86.74263999999967,0.0,,
86.74775999999935,,0.0,
86.81132999999929,,,0.0
86.84263999999966,0.0,,
86.84775999999934,,0.0,
86.91132999999928,,,0.0
86.94263999999966,0.0,,
86.94775999999933,,0.0,
87.01132999999928,,,0.0
87.04263999999965,0.0,,
87.04775999999933,,0.0,
87.11132999999927,,,0.0
87.14263999999964,0.0,,
87.14775999999932,,0.0,
87.21132999999926,,,0.0
87.24263999999964,0.0,,
87.24775999999932,,0.0,
87.31132999999926,,,0.0
87.34263999999963,0.0,,
87.34775999999931,,0.0,
87.41132999999925,,,0.0
87.44263999999963,0.0,,
87.4477599999993,,0.0,
87.51132999999925,,,0.0
87.54263999999962,0.0,,
87.5477599999993,,0.0,
87.61132999999924,,,0.0
87.64263999999962,0.0,,
87.6477599999993,,0.0,
87.71132999999924,,,0.0
87.74263999999961,0.0,,
87.74775999999929,,0.0,
87.81132999999923,,,0.0
87.8426399999996,0.0,,
87.84775999999928,,0.0,
87.91132999999923,,,0.0
87.9426399999996,0.0,,
87.94775999999928,,0.0,
88.01132999999922,,,0.0
88.0426399999996,0.0,,
88.04775999999927,,0.0,
88.11132999999921,,,0.0
88.14263999999959,0.0,,
88.14775999999927,,0.0,
88.21132999999921,,,0.0
88.24263999999958,0.0,,
88.24775999999926,,0.0,
88.3113299999992,,,0.0
88.34263999999958,0.0,,
88.34775999999925,,0.0,
88.4113299999992,,,0.0
88.44263999999957,0.0,,
88.44775999999925,,0.0,
88.51132999999919,,,0.0
88.54263999999957,0.0,,
88.54775999999924,,0.0,
88.61132999999919,,,0.0
88.64263999999956,0.0,,
88.64775999999924,,0.0,
88.71132999999918,,,0.0
88.74263999999955,0.0,,
88.74775999999923,,0.0,
88.81132999999917,,,0.0
88.84263999999955,0.0,,
88.84775999999923,,0.0,
88.91132999999917,,,0.0
88.94263999999954,0.0,,
88.94775999999922,,0.0,
89.01132999999916,,,0.0
89.04263999999954,0.0,,
89.04775999999922,,0.0,
89.11132999999916,,,0.0
89.14263999999953,0.0,,
89.14775999999921,,0.0,
89.21132999999915,,,0.0
89.24263999999953,0.0,,
89.2477599999992,,0.0,
89.31132999999915,,,0.0
89.34263999999952,0.0,,
89.3477599999992,,0.0,
89.41132999999914,,,0.0
89.44263999999951,0.0,,
89.44775999999919,,0.0,
89.51132999999913,,,0.0
89.54263999999951,0.0,,
89.54775999999919,,0.0,
89.61132999999913,,,0.0
89.6426399999995,0.0,,
89.64775999999918,,0.0,
89.71132999999912,,,0.0
89.7426399999995,0.0,,
89.74775999999918,,0.0,
89.81132999999912,,,0.0
89.84263999999949,0.0,,
89.84775999999917,,0.0,
89.91132999999911,,,0.0
89.94263999999949,0.0,,
89.94775999999916,,0.0,
90.0113299999991,,,0.0
90.04263999999948,0.0,,
90.04775999999916,,0.0,
90.1113299999991,,,0.0
90.14263999999947,0.0,,
90.14775999999915,,0.0,
90.2113299999991,,,0.0
90.24263999999947,0.0,,
90.24775999999915,,0.0,
90.31132999999909,,,0.0
90.34263999999946,0.0,,
90.34775999999914,,0.0,
90.41132999999908,,,0.0
90.44263999999946,0.0,,
90.44775999999914,,0.0,
90.51132999999908,,,0.0
90.54263999999945,0.0,,
90.54775999999913,,0.0,
90.61132999999907,,,0.0
90.64263999999945,0.0,,
90.64775999999912,,0.0,
90.71132999999907,,,0.0
90.74263999999944,0.0,,
90.74775999999912,,0.0,
90.81132999999906,,,0.0
90.84263999999943,0.0,,
90.84775999999911,,0.0,
90.91132999999905,,,0.0
90.94263999999943,0.0,,
90.9477599999991,,0.0,
91.01132999999905,,,0.0
91.04263999999942,0.0,,
91.0477599999991,,0.0,
91.11132999999904,,,0.0
91.14263999999942,0.0,,
91.1477599999991,,0.0,
91.21132999999904,,,0.0
91.24263999999941,0.0,,
91.24775999999909,,0.0,
91.31132999999903,,,0.0
91.3426399999994,0.0,,
91.34775999999908,,0.0,
91.41132999999903,,,0.0
91.4426399999994,0.0,,
91.44775999999908,,0.0,
91.51132999999902,,,0.0
91.5426399999994,0.0,,
91.54775999999907,,0.0,
91.61132999999901,,,0.0
91.64263999999939,0.0,,
91.64775999999907,,0.0,
91.71132999999901,,,0.0
91.74263999999938,0.0,,
91.74775999999906,,0.0,
91.811329999999,,,0.0
91.84263999999938,0.0,,
91.84775999999906,,0.0,
91.911329999999,,,0.0
91.94263999999937,0.0,,
91.94775999999905,,0.0,
92.01132999999899,,,0.0
92.04263999999937,0.0,,
92.04775999999904,,0.0,
92.11132999999899,,,0.0
92.14263999999936,0.0,,
92.14775999999904,,0.0,
92.21132999999898,,,0.0
92.24263999999935,0.0,,
92.24775999999903,,0.0,
92.31132999999897,,,0.0
92.34263999999935,0.0,,
92.34775999999903,,0.0,
92.41132999999897,,,0.0
92.44263999999934,0.0,,
92.44775999999902,,0.0,
92.51132999999896,,,0.0
92.54263999999934,0.0,,
92.54775999999902,,0.0,
92.61132999999896,,,0.0
92.64263999999933,0.0,,
92.64775999999901,,0.0,
92.71132999999895,,,0.0
92.74263999999933,0.0,,
92.747759999999,,0.0,
92.81132999999895,,,0.0
92.84263999999932,0.0,,
92.847759999999,,0.0,
92.91132999999894,,,0.0
92.94263999999932,0.0,,
92.947759999999,,0.0,
93.01132999999894,,,0.0
93.04263999999931,0.0,,
93.04775999999899,,0.0,
93.11132999999893,,,0.0
93.1426399999993,0.0,,
93.14775999999898,,0.0,
93.21132999999892,,,0.0
93.2426399999993,0.0,,
93.24775999999898,,0.0,
93.31132999999892,,,0.0
93.34263999999929,0.0,,
93.34775999999897,,0.0,
93.41132999999891,,,0.0
93.44263999999929,0.0,,
93.44775999999896,,0.0,
93.5113299999989,,,0.0
93.54263999999928,0.0,,
93.54775999999896,,0.0,
93.6113299999989,,,0.0
93.64263999999928,0.0,,
93.64775999999895,,0.0,
93.7113299999989,,,0.0
93.74263999999927,0.0,,
93.74775999999895,,0.0,
93.81132999999889,,,0.0
93.84263999999926,0.0,,
93.84775999999894,,0.0,
93.91132999999888,,,0.0
93.94263999999926,0.0,,
93.94775999999894,,0.0,
94.01132999999888,,,0.0
94.04263999999925,0.0,,
94.04775999999893,,0.0,
94.11132999999887,,,0.0
94.14263999999925,0.0,,
94.14775999999893,,0.0,
94.21132999999887,,,0.0
94.24263999999924,0.0,,
94.24775999999892,,0.0,
94.31132999999886,,,0.0
94.34263999999924,0.0,,
94.34775999999891,,0.0,
94.41132999999886,,,0.0
94.44263999999923,0.0,,
94.44775999999891,,0.0,
94.51132999999885,,,0.0
94.54263999999922,0.0,,
94.5477599999989,,0.0,
94.61132999999884,,,0.0
94.64263999999922,0.0,,
94.6477599999989,,0.0,
94.71132999999884,,,0.0
94.74263999999921,0.0,,
94.74775999999889,,0.0,
94.81132999999883,,,0.0
94.84263999999921,0.0,,
94.84775999999889,,0.0,
94.91132999999883,,,0.0
94.9426399999992,0.0,,
94.94775999999888,,0.0,
95.01132999999882,,,0.0
95.0426399999992,0.0,,
95.04775999999887,,0.0,
95.11132999999882,,,0.0
95.14263999999919,0.0,,
95.14775999999887,,0.0,
95.21132999999881,,,0.0
95.24263999999918,0.0,,
95.24775999999886,,0.0,
95.3113299999988,,,0.0
95.34263999999918,0.0,,
95.34775999999886,,0.0,
95.4113299999988,,,0.0
95.44263999999917,0.0,,
95.44775999999885,,0.0,
95.5113299999988,,,0.0
95.54263999999917,0.0,,
95.54775999999885,,0.0,
95.61132999999879,,,0.0
95.64263999999916,0.0,,
95.64775999999884,,0.0,
95.71132999999878,,,0.0
95.74263999999916,0.0,,
95.74775999999883,,0.0,
95.81132999999878,,,0.0
95.84263999999915,0.0,,
95.84775999999883,,0.0,
95.91132999999877,,,0.0
95.94263999999914,0.0,,
95.94775999999882,,0.0,
96.01132999999876,,,0.0
96.04263999999914,0.0,,
96.04775999999882,,0.0,
96.11132999999876,,,0.0
96.14263999999913,0.0,,
96.14775999999881,,0.0,
96.21132999999875,,,0.0
96.24263999999913,0.0,,
96.2477599999988,,0.0,
96.31132999999875,,,0.0
96.34263999999912,0.0,,
96.3477599999988,,0.0,
96.41132999999874,,,0.0
96.44263999999912,0.0,,
96.4477599999988,,0.0,
96.51132999999874,,,0.0
96.54263999999911,0.0,,
96.54775999999879,,0.0,
96.61132999999873,,,0.0
96.6426399999991,0.0,,
96.64775999999878,,0.0,
96.71132999999872,,,0.0
96.7426399999991,0.0,,
96.74775999999878,,0.0,
96.81132999999872,,,0.0
96.8426399999991,0.0,,
96.84775999999877,,0.0,
96.91132999999871,,,0.0
96.94263999999909,0.0,,
96.94775999999877,,0.0,
97.01132999999871,,,0.0
97.04263999999908,0.0,,
97.04775999999876,,0.0,
97.1113299999987,,,0.0
97.14263999999908,0.0,,
97.14775999999875,,0.0,
97.2113299999987,,,0.0
97.24263999999907,0.0,,
97.24775999999875,,0.0,
97.31132999999869,,,0.0
97.34263999999907,0.0,,
97.34775999999874,,0.0,
97.41132999999869,,,0.0
97.44263999999906,0.0,,
97.44775999999874,,0.0,
97.51132999999868,,,0.0
97.54263999999905,0.0,,
97.54775999999873,,0.0,
97.61132999999867,,,0.0
97.64263999999905,0.0,,
97.64775999999873,,0.0,
97.71132999999867,,,0.0
97.74263999999904,0.0,,
97.74775999999872,,0.0,
97.81132999999866,,,0.0
97.84263999999904,0.0,,
97.84775999999871,,0.0,
97.91132999999866,,,0.0
97.94263999999903,0.0,,
97.94775999999871,,0.0,
98.01132999999865,,,0.0
98.04263999999903,0.0,,
98.0477599999987,,0.0,
98.11132999999865,,,0.0
98.14263999999902,0.0,,
98.1477599999987,,0.0,
98.21132999999864,,,0.0
98.24263999999901,0.0,,
98.24775999999869,,0.0,
98.31132999999863,,,0.0
98.34263999999901,0.0,,
98.34775999999869,,0.0,
98.41132999999863,,,0.0
98.442639999999,0.0,,
98.44775999999868,,0.0,
98.51132999999862,,,0.0
98.542639999999,0.0,,
98.54775999999868,,0.0,
98.61132999999862,,,0.0
98.64263999999899,0.0,,
98.64775999999867,,0.0,
98.71132999999861,,,0.0
98.74263999999899,0.0,,
98.74775999999866,,0.0,
98.8113299999986,,,0.0
98.84263999999898,0.0,,
98.84775999999866,,0.0,
98.9113299999986,,,0.0
98.94263999999897,0.0,,
98.94775999999865,,0.0,
99.0113299999986,,,0.0
99.04263999999897,0.0,,
99.04775999999865,,0.0,
99.11132999999859,,,0.0
99.14263999999896,0.0,,
99.14775999999864,,0.0,
99.21132999999858,,,0.0
99.24263999999896,0.0,,
99.24775999999864,,0.0,
99.31132999999858,,,0.0
99.34263999999895,0.0,,
99.34775999999863,,0.0,
99.41132999999857,,,0.0
99.44263999999895,0.0,,
99.44775999999862,,0.0,
99.51132999999857,,,0.0
99.54263999999894,0.0,,
99.54775999999862,,0.0,
99.61132999999856,,,0.0
99.64263999999893,0.0,,
99.64775999999861,,0.0,
99.71132999999855,,,0.0
99.74263999999893,0.0,,
99.7477599999986,,0.0,
99.81132999999855,,,0.0
99.84263999999892,0.0,,
99.8477599999986,,0.0,
99.91132999999854,,,0.0
99.94263999999892,0.0,,
99.9477599999986,,0.0,
100.01132999999854,,,0.0
100.04263999999891,0.0,,
100.04775999999859,,0.0,
100.11132999999853,,,0.0
100.1426399999989,0.0,,
100.14775999999858,,0.0,
100.21132999999853,,,0.0
100.2426399999989,0.0,,
100.24775999999858,,0.0,
100.31132999999852,,,0.0
100.3426399999989,0.0,,
100.34775999999857,,0.0,
100.41132999999851,,,0.0
100.44263999999889,0.0,,
100.44775999999857,,0.0,
100.51132999999851,,,0.0
100.54263999999888,0.0,,
100.54775999999856,,0.0,
100.6113299999985,,,0.0
100.64263999999888,0.0,,
100.64775999999856,,0.0,
100.7113299999985,,,0.0
100.74263999999887,0.0,,
100.74775999999855,,0.0,
100.81132999999849,,,0.0
100.84263999999887,0.0,,
100.84775999999854,,0.0,
100.91132999999849,,,0.0
100.94263999999886,0.0,,
100.94775999999854,,0.0,
101.01132999999848,,,0.0
101.04263999999885,0.0,,
101.04775999999853,,0.0,
101.11132999999847,,,0.0
101.14263999999885,0.0,,
101.14775999999853,,0.0,
101.21132999999847,,,0.0
101.24263999999884,0.0,,
101.24775999999852,,0.0,
101.31132999999846,,,0.0
101.34263999999884,0.0,,
101.34775999999852,,0.0,
101.41132999999846,,,0.0
101.44263999999883,0.0,,
101.44775999999851,,0.0,
101.51132999999845,,,0.0
101.54263999999883,0.0,,
101.5477599999985,,0.0,
101.61132999999845,,,0.0
101.64263999999882,0.0,,
101.6477599999985,,0.0,
101.71132999999844,,,0.0
101.74263999999881,0.0,,
101.7477599999985,,0.0,
101.81132999999843,,,0.0
101.84263999999881,0.0,,
101.84775999999849,,0.0,
101.91132999999843,,,0.0
101.9426399999988,0.0,,
101.94775999999848,,0.0,
102.01132999999842,,,0.0
102.0426399999988,0.0,,
102.04775999999848,,0.0,
102.11132999999842,,,0.0
102.14263999999879,0.0,,
102.14775999999847,,0.0,
102.21132999999841,,,0.0
102.24263999999879,0.0,,
102.24775999999846,,0.0,
102.3113299999984,,,0.0
102.34263999999878,0.0,,
102.34775999999846,,0.0,
102.4113299999984,,,0.0
102.44263999999878,0.0,,
102.44775999999845,,0.0,
102.5113299999984,,,0.0
102.54263999999877,0.0,,
102.54775999999845,,0.0,
102.61132999999839,,,0.0
102.64263999999876,0.0,,
102.64775999999844,,0.0,
102.71132999999838,,,0.0
102.74263999999876,0.0,,
102.74775999999844,,0.0,
102.81132999999838,,,0.0
102.84263999999875,0.0,,
102.84775999999843,,0.0,
102.91132999999837,,,0.0
102.94263999999875,0.0,,
102.94775999999842,,0.0,
103.01132999999837,,,0.0
103.04263999999874,0.0,,
103.04775999999842,,0.0,
103.11132999999836,,,0.0
103.14263999999874,0.0,,
103.14775999999841,,0.0,
103.21132999999836,,,0.0
103.24263999999873,0.0,,
103.24775999999841,,0.0,
103.31132999999835,,,0.0
103.34263999999872,0.0,,
103.3477599999984,,0.0,
103.41132999999834,,,0.0
103.44263999999872,0.0,,
103.4477599999984,,0.0,
103.51132999999834,,,0.0
103.54263999999871,0.0,,
103.54775999999839,,0.0,
103.61132999999833,,,0.0
103.6426399999987,0.0,,
103.64775999999839,,0.0,
103.71132999999833,,,0.0
103.7426399999987,0.0,,
103.74775999999838,,0.0,
103.81132999999832,,,0.0
103.8426399999987,0.0,,
103.84775999999837,,0.0,
103.91132999999832,,,0.0
103.94263999999869,0.0,,
103.94775999999837,,0.0,
104.01132999999831,,,0.0
104.04263999999868,0.0,,
104.04775999999836,,0.0,
104.1113299999983,,,0.0
104.14263999999868,0.0,,
104.14775999999836,,0.0,
104.2113299999983,,,0.0
104.24263999999867,0.0,,
104.24775999999835,,0.0,
104.31132999999829,,,0.0
104.34263999999867,0.0,,
104.34775999999835,,0.0,
104.41132999999829,,,0.0
104.44263999999866,0.0,,
104.44775999999834,,0.0,
104.51132999999828,,,0.0
104.54263999999866,0.0,,
104.54775999999833,,0.0,
104.61132999999828,,,0.0
104.64263999999865,0.0,,
104.64775999999833,,0.0,
104.71132999999827,,,0.0
104.74263999999864,0.0,,
104.74775999999832,,0.0,
104.81132999999826,,,0.0
104.84263999999864,0.0,,
104.84775999999832,,0.0,
104.91132999999826,,,0.0
104.94263999999863,0.0,,
104.94775999999831,,0.0,
105.01132999999825,,,0.0
105.04263999999863,0.0,,
105.0477599999983,,0.0,
105.11132999999825,,,0.0
105.14263999999862,0.0,,
105.1477599999983,,0.0,
105.21132999999824,,,0.0
105.24263999999862,0.0,,
105.2477599999983,,0.0,
105.31132999999824,,,0.0
105.34263999999861,0.0,,
105.34775999999829,,0.0,
105.41132999999823,,,0.0
105.4426399999986,0.0,,
105.44775999999828,,0.0,
105.51132999999822,,,0.0
105.5426399999986,0.0,,
105.54775999999828,,0.0,
105.61132999999822,,,0.0
105.6426399999986,0.0,,
105.64775999999827,,0.0,
105.71132999999821,,,0.0
105.74263999999859,0.0,,
105.74775999999827,,0.0,
105.81132999999821,,,0.0
105.84263999999858,0.0,,
105.84775999999826,,0.0,
105.9113299999982,,,0.0
105.94263999999858,0.0,,
105.94775999999825,,0.0,
106.0113299999982,,,0.0
106.04263999999857,0.0,,
106.04775999999825,,0.0,
106.11132999999819,,,0.0
106.14263999999856,0.0,,
106.14775999999824,,0.0,
106.21132999999818,,,0.0
106.24263999999856,0.0,,
106.24775999999824,,0.0,
106.31132999999818,,,0.0
106.34263999999855,0.0,,
106.34775999999823,,0.0,
106.41132999999817,,,0.0
106.44263999999855,0.0,,
106.44775999999823,,0.0,
106.51132999999817,,,0.0
106.54263999999854,0.0,,
106.54775999999822,,0.0,
106.61132999999816,,,0.0
106.64263999999854,0.0,,
106.64775999999821,,0.0,
106.71132999999816,,,0.0
106.74263999999853,0.0,,
106.74775999999821,,0.0,
106.81132999999815,,,0.0
106.84263999999853,0.0,,
106.8477599999982,,0.0,
106.91132999999815,,,0.0
106.94263999999852,0.0,,
106.9477599999982,,0.0,
107.01132999999814,,,0.0
107.04263999999851,0.0,,
107.04775999999819,,0.0,
107.11132999999813,,,0.0
107.14263999999851,0.0,,
107.14775999999819,,0.0,
107.21132999999813,,,0.0
107.2426399999985,0.0,,
107.24775999999818,,0.0,
107.31132999999812,,,0.0
107.3426399999985,0.0,,
107.34775999999817,,0.0,
107.41132999999812,,,0.0
107.44263999999849,0.0,,
107.44775999999817,,0.0,
107.51132999999811,,,0.0
107.54263999999849,0.0,,
107.54775999999816,,0.0,
107.6113299999981,,,0.0
107.64263999999848,0.0,,
107.64775999999816,,0.0,
107.7113299999981,,,0.0
107.74263999999847,0.0,,
107.74775999999815,,0.0,
107.8113299999981,,,0.0
107.84263999999847,0.0,,
107.84775999999815,,0.0,
107.91132999999809,,,0.0
107.94263999999846,0.0,,
107.94775999999814,,0.0,
108.01132999999808,,,0.0
108.04263999999846,0.0,,
108.04775999999814,,0.0,
108.11132999999808,,,0.0
108.14263999999845,0.0,,
108.14775999999813,,0.0,
108.21132999999807,,,0.0
108.24263999999845,0.0,,
108.24775999999812,,0.0,
108.31132999999807,,,0.0
108.34263999999844,0.0,,
108.34775999999812,,0.0,
108.41132999999806,,,0.0
108.44263999999843,0.0,,
108.44775999999811,,0.0,
108.51132999999805,,,0.0
108.54263999999843,0.0,,
108.5477599999981,,0.0,
108.61132999999805,,,0.0
108.64263999999842,0.0,,
108.6477599999981,,0.0,
108.71132999999804,,,0.0
108.74263999999842,0.0,,
108.7477599999981,,0.0,
108.81132999999804,,,0.0
108.84263999999841,0.0,,
108.84775999999809,,0.0,
108.91132999999803,,,0.0
108.9426399999984,0.0,,
108.94775999999808,,0.0,
109.01132999999803,,,0.0
109.0426399999984,0.0,,
109.04775999999808,,0.0,
109.11132999999802,,,0.0
109.1426399999984,0.0,,
109.14775999999807,,0.0,
109.21132999999801,,,0.0
109.24263999999839,0.0,,
109.24775999999807,,0.0,
109.31132999999801,,,0.0
109.34263999999838,0.0,,
109.34775999999806,,0.0,
109.411329999998,,,0.0
109.44263999999838,0.0,,
109.44775999999806,,0.0,
109.511329999998,,,0.0
109.54263999999837,0.0,,
109.54775999999805,,0.0,
109.61132999999799,,,0.0
109.64263999999837,0.0,,
109.64775999999804,,0.0,
109.71132999999799,,,0.0
109.74263999999836,0.0,,
109.74775999999804,,0.0,
109.81132999999798,,,0.0
109.84263999999835,0.0,,
109.84775999999803,,0.0,
109.91132999999797,,,0.0
109.94263999999835,0.0,,
109.94775999999803,,0.0,
110.01132999999797,,,0.0
110.04263999999834,0.0,,
110.04775999999802,,0.0,
110.11132999999796,,,0.0
110.14263999999834,0.0,,
110.14775999999802,,0.0,
110.21132999999796,,,0.0
110.24263999999833,0.0,,
110.24775999999801,,0.0,
110.31132999999795,,,0.0
110.34263999999833,0.0,,
110.347759999998,,0.0,
110.41132999999795,,,0.0
110.44263999999832,0.0,,
110.447759999998,,0.0,
110.51132999999794,,,0.0
110.54263999999831,0.0,,
110.547759999998,,0.0,
110.61132999999793,,,0.0
110.64263999999831,0.0,,
110.64775999999799,,0.0,
110.71132999999793,,,0.0
110.7426399999983,0.0,,
110.74775999999798,,0.0,
110.81132999999792,,,0.0
110.8426399999983,0.0,,
110.84775999999798,,0.0,
110.91132999999792,,,0.0
110.94263999999829,0.0,,
110.94775999999797,,0.0,
111.01132999999791,,,0.0
111.04263999999829,0.0,,
111.04775999999796,,0.0,
111.1113299999979,,,0.0
111.14263999999828,0.0,,
111.14775999999796,,0.0,
111.2113299999979,,,0.0
111.24263999999827,0.0,,
111.24775999999795,,0.0,
111.3113299999979,,,0.0
111.34263999999827,0.0,,
111.34775999999795,,0.0,
111.41132999999789,,,0.0
111.44263999999826,0.0,,
111.44775999999794,,0.0,
111.51132999999788,,,0.0
111.54263999999826,0.0,,
111.54775999999794,,0.0,
111.61132999999788,,,0.0
111.64263999999825,0.0,,
111.64775999999793,,0.0,
111.71132999999787,,,0.0
111.74263999999825,0.0,,
111.74775999999792,,0.0,
111.81132999999787,,,0.0
111.84263999999824,0.0,,
111.84775999999792,,0.0,
111.91132999999786,,,0.0
111.94263999999824,0.0,,
111.94775999999791,,0.0,
112.01132999999786,,,0.0
112.04263999999823,0.0,,
112.04775999999791,,0.0,
112.11132999999785,,,0.0
112.14263999999822,0.0,,
112.1477599999979,,0.0,
112.21132999999784,,,0.0
112.24263999999822,0.0,,
112.2477599999979,,0.0,
112.31132999999784,,,0.0
112.34263999999821,0.0,,
112.34775999999789,,0.0,
112.41132999999783,,,0.0
112.4426399999982,0.0,,
112.44775999999788,,0.0,
112.51132999999783,,,0.0
112.5426399999982,0.0,,
112.54775999999788,,0.0,
112.61132999999782,,,0.0
112.6426399999982,0.0,,
112.64775999999787,,0.0,
112.71132999999782,,,0.0
112.74263999999819,0.0,,
112.74775999999787,,0.0,
112.81132999999781,,,0.0
112.84263999999818,0.0,,
112.84775999999786,,0.0,
112.9113299999978,,,0.0
112.94263999999818,0.0,,
112.94775999999786,,0.0,
113.0113299999978,,,0.0
113.04263999999817,0.0,,
113.04775999999785,,0.0,
113.11132999999779,,,0.0
113.14263999999817,0.0,,
113.14775999999785,,0.0,
113.21132999999779,,,0.0
113.24263999999816,0.0,,
113.24775999999784,,0.0,
113.31132999999778,,,0.0
113.34263999999816,0.0,,
113.34775999999783,,0.0,
113.41132999999778,,,0.0
113.44263999999815,0.0,,
113.44775999999783,,0.0,
113.51132999999777,,,0.0
113.54263999999814,0.0,,
113.54775999999782,,0.0,
113.61132999999776,,,0.0
113.64263999999814,0.0,,
113.64775999999782,,0.0,
113.71132999999776,,,0.0
113.74263999999813,0.0,,
113.74775999999781,,0.0,
113.81132999999775,,,0.0
113.84263999999813,0.0,,
113.8477599999978,,0.0,
113.91132999999775,,,0.0
113.94263999999812,0.0,,
113.9477599999978,,0.0,
114.01132999999774,,,0.0
114.04263999999812,0.0,,
114.0477599999978,,0.0,
114.11132999999774,,,0.0
114.14263999999811,0.0,,
114.14775999999779,,0.0,
114.21132999999773,,,0.0
114.2426399999981,0.0,,
114.24775999999778,,0.0,
114.31132999999772,,,0.0
114.3426399999981,0.0,,
114.34775999999778,,0.0,
114.41132999999772,,,0.0
114.4426399999981,0.0,,
114.44775999999777,,0.0,
114.51132999999771,,,0.0
114.54263999999809,0.0,,
114.54775999999777,,0.0,
114.61132999999771,,,0.0
114.64263999999808,0.0,,
114.64775999999776,,0.0,
114.7113299999977,,,0.0
114.74263999999808,0.0,,
114.74775999999775,,0.0,
114.8113299999977,,,0.0
114.84263999999807,0.0,,
114.84775999999775,,0.0,
114.91132999999769,,,0.0
114.94263999999806,0.0,,
114.94775999999774,,0.0,
115.01132999999768,,,0.0
115.04263999999806,0.0,,
115.04775999999774,,0.0,
115.11132999999768,,,0.0
115.14263999999805,0.0,,
115.14775999999773,,0.0,
115.21132999999767,,,0.0
115.24263999999805,0.0,,
115.24775999999773,,0.0,
115.31132999999767,,,0.0
115.34263999999804,0.0,,
115.34775999999772,,0.0,
115.41132999999766,,,0.0
115.44263999999804,0.0,,
115.44775999999771,,0.0,
115.51132999999766,,,0.0
115.54263999999803,0.0,,
115.54775999999771,,0.0,
115.61132999999765,,,0.0
115.64263999999802,0.0,,
115.6477599999977,,0.0,
115.71132999999764,,,0.0
115.74263999999802,0.0,,
115.7477599999977,,0.0,
115.81132999999764,,,0.0
115.84263999999801,0.0,,
115.84775999999769,,0.0,
115.91132999999763,,,0.0
115.94263999999801,0.0,,
115.94775999999769,,0.0,
116.01132999999763,,,0.0
116.042639999998,0.0,,
116.04775999999768,,0.0,
116.11132999999762,,,0.0
116.142639999998,0.0,,
116.14775999999767,,0.0,
116.21132999999762,,,0.0
116.24263999999799,0.0,,
116.24775999999767,,0.0,
116.31132999999761,,,0.0
116.34263999999799,0.0,,
116.34775999999766,,0.0,
116.4113299999976,,,0.0
116.44263999999798,0.0,,
116.44775999999766,,0.0,
116.5113299999976,,,0.0
116.54263999999797,0.0,,
116.54775999999765,,0.0,
116.6113299999976,,,0.0
116.64263999999797,0.0,,
116.64775999999765,,0.0,
116.71132999999759,,,0.0
116.74263999999796,0.0,,
116.74775999999764,,0.0,
116.81132999999758,,,0.0
116.84263999999796,0.0,,
116.84775999999763,,0.0,
116.91132999999758,,,0.0
116.94263999999795,0.0,,
116.94775999999763,,0.0,
117.01132999999757,,,0.0
117.04263999999795,0.0,,
117.04775999999762,,0.0,
117.11132999999757,,,0.0
117.14263999999794,0.0,,
117.14775999999762,,0.0,
117.21132999999756,,,0.0
117.24263999999793,0.0,,
117.24775999999761,,0.0,
117.31132999999755,,,0.0
117.34263999999793,0.0,,
117.3477599999976,,0.0,
117.41132999999755,,,0.0
117.44263999999792,0.0,,
117.4477599999976,,0.0,
117.51132999999754,,,0.0
117.54263999999792,0.0,,
117.5477599999976,,0.0,
117.61132999999754,,,0.0
117.64263999999791,0.0,,
117.64775999999759,,0.0,
117.71132999999753,,,0.0
117.7426399999979,0.0,,
117.74775999999758,,0.0,
117.81132999999753,,,0.0
117.8426399999979,0.0,,
117.84775999999758,,0.0,
117.91132999999752,,,0.0
117.9426399999979,0.0,,
117.94775999999757,,0.0,
118.01132999999751,,,0.0
118.04263999999789,0.0,,
118.04775999999757,,0.0,
118.11132999999751,,,0.0
118.14263999999788,0.0,,
118.14775999999756,,0.0,
118.2113299999975,,,0.0
118.24263999999788,0.0,,
118.24775999999756,,0.0,
118.3113299999975,,,0.0
118.34263999999787,0.0,,
118.34775999999755,,0.0,
118.41132999999749,,,0.0
118.44263999999787,0.0,,
118.44775999999754,,0.0,
118.51132999999749,,,0.0
118.54263999999786,0.0,,
118.54775999999754,,0.0,
118.61132999999748,,,0.0
118.64263999999785,0.0,,
118.64775999999753,,0.0,
118.71132999999747,,,0.0
118.74263999999785,0.0,,
118.74775999999753,,0.0,
118.81132999999747,,,0.0
118.84263999999784,0.0,,
118.84775999999752,,0.0,
118.91132999999746,,,0.0
118.94263999999784,0.0,,
118.94775999999752,,0.0,
119.01132999999746,,,0.0
119.04263999999783,0.0,,
119.04775999999751,,0.0,
119.11132999999745,,,0.0
119.14263999999783,0.0,,
119.1477599999975,,0.0,
119.21132999999745,,,0.0
119.24263999999782,0.0,,
119.2477599999975,,0.0,
119.31132999999744,,,0.0
119.34263999999781,0.0,,
119.34775999999749,,0.0,
119.41132999999743,,,0.0
119.44263999999781,0.0,,
119.44775999999749,,0.0,
119.51132999999743,,,0.0
119.5426399999978,0.0,,
119.54775999999748,,0.0,
119.61132999999742,,,0.0
119.6426399999978,0.0,,
119.64775999999748,,0.0,
119.71132999999742,,,0.0
119.74263999999779,0.0,,
119.74775999999747,,0.0,
119.81132999999741,,,0.0
119.84263999999779,0.0,,
119.84775999999746,,0.0,
119.9113299999974,,,0.0
119.94263999999778,0.0,,
119.94775999999746,,0.0,
120.0113299999974,,,0.0
120.04263999999777,0.0,,
120.04775999999745,,0.0,
120.1113299999974,,,0.0
120.14263999999777,0.0,,
120.14775999999745,,0.0,
120.21132999999739,,,0.0
120.24263999999776,0.0,,
120.24775999999744,,0.0,
120.31132999999738,,,0.0
120.34263999999776,0.0,,
120.34775999999744,,0.0,
120.41132999999738,,,0.0
120.44263999999775,0.0,,
120.44775999999743,,0.0,
120.51132999999737,,,0.0
120.54263999999775,0.0,,
120.54775999999742,,0.0,
120.61132999999737,,,0.0
120.64263999999774,0.0,,
120.64775999999742,,0.0,
120.71132999999736,,,0.0
120.74263999999773,0.0,,
120.74775999999741,,0.0,
120.81132999999735,,,0.0
120.84263999999773,0.0,,
120.84775999999741,,0.0,
120.91132999999735,,,0.0
120.94263999999772,0.0,,
120.9477599999974,,0.0,
121.01132999999734,,,0.0
121.04263999999772,0.0,,
121.0477599999974,,0.0,
121.11132999999734,,,0.0
121.14263999999771,0.0,,
121.14775999999739,,0.0,
121.21132999999733,,,0.0
121.2426399999977,0.0,,
121.24775999999738,,0.0,
121.31132999999733,,,0.0
121.3426399999977,0.0,,
121.34775999999738,,0.0,
121.41132999999732,,,0.0
121.4426399999977,0.0,,
121.44775999999737,,0.0,
121.51132999999732,,,0.0
121.54263999999769,0.0,,
121.54775999999737,,0.0,
121.61132999999731,,,0.0
121.64263999999768,0.0,,
121.64775999999736,,0.0,
121.7113299999973,,,0.0
121.74263999999768,0.0,,
121.74775999999736,,0.0,
121.8113299999973,,,0.0
121.84263999999767,0.0,,
121.84775999999735,,0.0,
121.91132999999729,,,0.0
121.94263999999767,0.0,,
121.94775999999734,,0.0,
122.01132999999729,,,0.0
122.04263999999766,0.0,,
122.04775999999734,,0.0,
122.11132999999728,,,0.0
122.14263999999766,0.0,,
122.14775999999733,,0.0,
122.21132999999728,,,0.0
122.24263999999765,0.0,,
122.24775999999733,,0.0,
122.31132999999727,,,0.0
122.34263999999764,0.0,,
122.34775999999732,,0.0,
122.41132999999726,,,0.0
122.44263999999764,0.0,,
122.44775999999732,,0.0,
122.51132999999726,,,0.0
122.54263999999763,0.0,,
122.54775999999731,,0.0,
122.61132999999725,,,0.0
122.64263999999763,0.0,,
122.6477599999973,,0.0,
122.71132999999725,,,0.0
122.74263999999762,0.0,,
122.7477599999973,,0.0,
122.81132999999724,,,0.0
122.84263999999762,0.0,,
122.8477599999973,,0.0,
122.91132999999724,,,0.0
122.94263999999761,0.0,,
122.94775999999729,,0.0,
123.01132999999723,,,0.0
123.0426399999976,0.0,,
123.04775999999728,,0.0,
123.11132999999722,,,0.0
123.1426399999976,0.0,,
123.14775999999728,,0.0,
123.21132999999722,,,0.0
123.24263999999759,0.0,,
123.24775999999727,,0.0,
123.31132999999721,,,0.0
123.34263999999759,0.0,,
123.34775999999727,,0.0,
123.4113299999972,,,0.0
123.44263999999758,0.0,,
123.44775999999726,,0.0,
123.5113299999972,,,0.0
123.54263999999758,0.0,,
123.54775999999725,,0.0,
123.6113299999972,,,0.0
123.64263999999757,0.0,,
123.64775999999725,,0.0,
123.71132999999719,,,0.0
123.74263999999756,0.0,,
123.74775999999724,,0.0,
123.81132999999718,,,0.0
123.84263999999756,0.0,,
123.84775999999724,,0.0,
123.91132999999718,,,0.0
123.94263999999755,0.0,,
123.94775999999723,,0.0,
124.01132999999717,,,0.0
124.04263999999755,0.0,,
124.04775999999723,,0.0,
124.11132999999717,,,0.0
124.14263999999754,0.0,,
124.14775999999722,,0.0,
124.21132999999716,,,0.0
124.24263999999754,0.0,,
124.24775999999721,,0.0,
124.31132999999716,,,0.0
124.34263999999753,0.0,,
124.34775999999721,,0.0,
124.41132999999715,,,0.0
124.44263999999752,0.0,,
124.4477599999972,,0.0,
124.51132999999714,,,0.0
124.54263999999752,0.0,,
124.5477599999972,,0.0,
124.61132999999714,,,0.0
124.64263999999751,0.0,,
124.64775999999719,,0.0,
124.71132999999713,,,0.0
124.74263999999751,0.0,,
124.74775999999719,,0.0,
124.81132999999713,,,0.0
124.8426399999975,0.0,,
124.84775999999718,,0.0,
124.91132999999712,,,0.0
124.9426399999975,0.0,,
124.94775999999717,,0.0,
125.01132999999712,,,0.0
125.04263999999749,0.0,,
125.04775999999717,,0.0,
125.11132999999711,,,0.0
125.14263999999748,0.0,,
125.14775999999716,,0.0,
125.2113299999971,,,0.0
125.24263999999748,0.0,,
125.24775999999716,,0.0,
125.3113299999971,,,0.0
125.34263999999747,0.0,,
125.34775999999715,,0.0,
125.4113299999971,,,0.0
125.44263999999747,0.0,,
125.44775999999715,,0.0,
125.51132999999709,,,0.0
125.54263999999746,0.0,,
125.54775999999714,,0.0,
125.61132999999708,,,0.0
125.64263999999746,0.0,,
125.64775999999713,,0.0,
125.71132999999708,,,0.0
125.74263999999745,0.0,,
125.74775999999713,,0.0,
125.81132999999707,,,0.0
125.84263999999744,0.0,,
125.84775999999712,,0.0,
125.91132999999706,,,0.0
125.94263999999744,0.0,,
125.94775999999712,,0.0,
126.01132999999706,,,0.0
126.04263999999743,0.0,,
126.04775999999711,,0.0,
126.11132999999705,,,0.0
126.14263999999743,0.0,,
126.1477599999971,,0.0,
126.21132999999705,,,0.0
126.24263999999742,0.0,,
126.2477599999971,,0.0,
126.31132999999704,,,0.0
126.34263999999742,0.0,,
126.3477599999971,,0.0,
126.41132999999704,,,0.0
126.44263999999741,0.0,,
126.44775999999709,,0.0,
126.51132999999703,,,0.0
126.5426399999974,0.0,,
126.54775999999708,,0.0,
126.61132999999703,,,0.0
126.6426399999974,0.0,,
126.64775999999708,,0.0,
126.71132999999702,,,0.0
126.7426399999974,0.0,,
126.74775999999707,,0.0,
126.81132999999701,,,0.0
126.84263999999739,0.0,,
126.84775999999707,,0.0,
126.91132999999701,,,0.0
126.94263999999738,0.0,,
126.94775999999706,,0.0,
127.011329999997,,,0.0
127.04263999999738,0.0,,
127.04775999999706,,0.0,
127.111329999997,,,0.0
127.14263999999737,0.0,,
127.14775999999705,,0.0,
127.21132999999699,,,0.0
127.24263999999737,0.0,,
127.24775999999704,,0.0,
127.31132999999699,,,0.0
127.34263999999736,0.0,,
127.34775999999704,,0.0,
127.41132999999698,,,0.0
127.44263999999735,0.0,,
127.44775999999703,,0.0,
127.51132999999697,,,0.0
127.54263999999735,0.0,,
127.54775999999703,,0.0,
127.61132999999697,,,0.0
127.64263999999734,0.0,,
127.64775999999702,,0.0,
127.71132999999696,,,0.0
127.74263999999734,0.0,,
127.74775999999702,,0.0,
127.81132999999696,,,0.0
127.84263999999733,0.0,,
127.84775999999701,,0.0,
127.91132999999695,,,0.0
127.94263999999733,0.0,,
127.947759999997,,0.0,
128.01132999999695,,,0.0
128.04263999999733,0.0,,
128.047759999997,,0.0,
128.11132999999694,,,0.0
128.14263999999733,0.0,,
128.147759999997,,0.0,
128.21132999999693,,,0.0
128.24263999999732,0.0,,
128.247759999997,,0.0,
128.31132999999693,,,0.0
128.34263999999732,0.0,,
128.34775999999698,,0.0,
128.41132999999692,,,0.0
128.4426399999973,0.0,,
128.44775999999698,,0.0,
128.51132999999692,,,0.0
128.5426399999973,0.0,,
128.54775999999697,,0.0,
128.6113299999969,,,0.0
128.6426399999973,0.0,,
128.64775999999696,,0.0,
128.7113299999969,,,0.0
128.7426399999973,0.0,,
128.74775999999696,,0.0,
128.8113299999969,,,0.0
128.8426399999973,0.0,,
128.84775999999695,,0.0,
128.9113299999969,,,0.0
128.94263999999728,0.0,,
128.94775999999695,,0.0,
129.0113299999969,,,0.0
129.04263999999728,0.0,,
129.04775999999694,,0.0,
129.11132999999688,,,0.0
129.14263999999727,0.0,,
129.14775999999694,,0.0,
129.21132999999688,,,0.0
129.24263999999727,0.0,,
129.24775999999693,,0.0,
129.31132999999687,,,0.0
129.34263999999726,0.0,,
129.34775999999692,,0.0,
129.41132999999687,,,0.0
129.44263999999725,0.0,,
129.44775999999692,,0.0,
129.51132999999686,,,0.0
129.54263999999725,0.0,,
129.5477599999969,,0.0,
129.61132999999685,,,0.0
129.64263999999724,0.0,,
129.6477599999969,,0.0,
129.71132999999685,,,0.0
129.74263999999724,0.0,,
129.7477599999969,,0.0,
129.81132999999684,,,0.0
129.84263999999723,0.0,,
129.8477599999969,,0.0,
129.91132999999684,,,0.0
129.94263999999723,0.0,,
129.9477599999969,,0.0,
130.01132999999683,,,0.0
130.04263999999722,0.0,,
130.04775999999688,,0.0,
130.11132999999683,,,0.0
130.14263999999721,0.0,,
130.14775999999688,,0.0,
130.21132999999682,,,0.0
130.2426399999972,0.0,,
130.24775999999687,,0.0,
130.31132999999681,,,0.0
130.3426399999972,0.0,,
130.34775999999687,,0.0,
130.4113299999968,,,0.0
130.4426399999972,0.0,,
130.44775999999686,,0.0,
130.5113299999968,,,0.0
130.5426399999972,0.0,,
130.54775999999686,,0.0,
130.6113299999968,,,0.0
130.6426399999972,0.0,,
130.64775999999685,,0.0,
130.7113299999968,,,0.0
130.74263999999718,0.0,,
130.74775999999684,,0.0,
130.8113299999968,,,0.0
130.84263999999717,0.0,,
130.84775999999684,,0.0,
130.91132999999678,,,0.0
130.94263999999717,0.0,,
130.94775999999683,,0.0,
131.01132999999678,,,0.0
131.04263999999716,0.0,,
131.04775999999683,,0.0,
131.11132999999677,,,0.0
131.14263999999716,0.0,,
131.14775999999682,,0.0,
131.21132999999676,,,0.0
131.24263999999715,0.0,,
131.24775999999682,,0.0,
131.31132999999676,,,0.0
131.34263999999715,0.0,,
131.3477599999968,,0.0,
131.41132999999675,,,0.0
131.44263999999714,0.0,,
131.4477599999968,,0.0,
131.51132999999675,,,0.0
131.54263999999714,0.0,,
131.5477599999968,,0.0,
131.61132999999674,,,0.0
131.64263999999713,0.0,,
131.6477599999968,,0.0,
131.71132999999674,,,0.0
131.74263999999712,0.0,,
131.7477599999968,,0.0,
131.81132999999673,,,0.0
131.84263999999712,0.0,,
131.84775999999678,,0.0,
131.91132999999672,,,0.0
131.9426399999971,0.0,,
131.94775999999678,,0.0,
132.01132999999672,,,0.0
132.0426399999971,0.0,,
132.04775999999677,,0.0,
132.1113299999967,,,0.0
132.1426399999971,0.0,,
132.14775999999677,,0.0,
132.2113299999967,,,0.0
132.2426399999971,0.0,,
132.24775999999676,,0.0,
132.3113299999967,,,0.0
132.3426399999971,0.0,,
132.34775999999675,,0.0,
132.4113299999967,,,0.0
132.44263999999708,0.0,,
132.44775999999675,,0.0,
132.5113299999967,,,0.0
132.54263999999708,0.0,,
132.54775999999674,,0.0,
132.61132999999668,,,0.0
132.64263999999707,0.0,,
132.64775999999674,,0.0,
132.71132999999668,,,0.0
132.74263999999707,0.0,,
132.74775999999673,,0.0,
132.81132999999667,,,0.0
132.84263999999706,0.0,,
132.84775999999673,,0.0,
132.91132999999667,,,0.0
132.94263999999706,0.0,,
132.94775999999672,,0.0,
133.01132999999666,,,0.0
133.04263999999705,0.0,,
133.0477599999967,,0.0,
133.11132999999666,,,0.0
133.14263999999704,0.0,,
133.1477599999967,,0.0,
133.21132999999665,,,0.0
133.24263999999704,0.0,,
133.2477599999967,,0.0,
133.31132999999664,,,0.0
133.34263999999703,0.0,,
133.3477599999967,,0.0,
133.41132999999664,,,0.0
133.44263999999703,0.0,,
133.4477599999967,,0.0,
133.51132999999663,,,0.0
133.54263999999702,0.0,,
133.54775999999669,,0.0,
133.61132999999663,,,0.0
133.64263999999702,0.0,,
133.64775999999668,,0.0,
133.71132999999662,,,0.0
133.742639999997,0.0,,
133.74775999999667,,0.0,
133.81132999999662,,,0.0
133.842639999997,0.0,,
133.84775999999667,,0.0,
133.9113299999966,,,0.0
133.942639999997,0.0,,
133.94775999999666,,0.0,
134.0113299999966,,,0.0
134.042639999997,0.0,,
134.04775999999666,,0.0,
134.1113299999966,,,0.0
134.142639999997,0.0,,
134.14775999999665,,0.0,
134.2113299999966,,,0.0
134.24263999999698,0.0,,
134.24775999999665,,0.0,
134.3113299999966,,,0.0
134.34263999999698,0.0,,
134.34775999999664,,0.0,
134.41132999999658,,,0.0
134.44263999999697,0.0,,
134.44775999999663,,0.0,
134.51132999999658,,,0.0
134.54263999999696,0.0,,
134.54775999999663,,0.0,
134.61132999999657,,,0.0
134.64263999999696,0.0,,
134.64775999999662,,0.0,
134.71132999999656,,,0.0
134.74263999999695,0.0,,
134.74775999999662,,0.0,
134.81132999999656,,,0.0
134.84263999999695,0.0,,
134.8477599999966,,0.0,
134.91132999999655,,,0.0
134.94263999999694,0.0,,
134.9477599999966,,0.0,
135.01132999999655,,,0.0
135.04263999999694,0.0,,
135.0477599999966,,0.0,
135.11132999999654,,,0.0
135.14263999999693,0.0,,
135.1477599999966,,0.0,
135.21132999999654,,,0.0
135.24263999999692,0.0,,
135.2477599999966,,0.0,
135.31132999999653,,,0.0
135.34263999999692,0.0,,
135.34775999999658,,0.0,
135.41132999999652,,,0.0
135.4426399999969,0.0,,
135.44775999999658,,0.0,
135.51132999999652,,,0.0
135.5426399999969,0.0,,
135.54775999999657,,0.0,
135.6113299999965,,,0.0
135.6426399999969,0.0,,
135.64775999999657,,0.0,
135.7113299999965,,,0.0
135.7426399999969,0.0,,
135.74775999999656,,0.0,
135.8113299999965,,,0.0
135.8426399999969,0.0,,
135.84775999999655,,0.0,
135.9113299999965,,,0.0
135.94263999999689,0.0,,
135.94775999999655,,0.0,
136.0113299999965,,,0.0
136.04263999999688,0.0,,
136.04775999999654,,0.0,
136.11132999999649,,,0.0
136.14263999999687,0.0,,
136.14775999999654,,0.0,
136.21132999999648,,,0.0
136.24263999999687,0.0,,
136.24775999999653,,0.0,
136.31132999999647,,,0.0
136.34263999999686,0.0,,
136.34775999999653,,0.0,
136.41132999999647,,,0.0
136.44263999999686,0.0,,
136.44775999999652,,0.0,
136.51132999999646,,,0.0
136.54263999999685,0.0,,
136.54775999999652,,0.0,
136.61132999999646,,,0.0
136.64263999999685,0.0,,
136.6477599999965,,0.0,
136.71132999999645,,,0.0
136.74263999999684,0.0,,
136.7477599999965,,0.0,
136.81132999999645,,,0.0
136.84263999999683,0.0,,
136.8477599999965,,0.0,
136.91132999999644,,,0.0
136.94263999999683,0.0,,
136.9477599999965,,0.0,
137.01132999999643,,,0.0
137.04263999999682,0.0,,
137.0477599999965,,0.0,
137.11132999999643,,,0.0
137.14263999999682,0.0,,
137.14775999999648,,0.0,
137.21132999999642,,,0.0
137.2426399999968,0.0,,
137.24775999999648,,0.0,
137.31132999999642,,,0.0
137.3426399999968,0.0,,
137.34775999999647,,0.0,
137.4113299999964,,,0.0
137.4426399999968,0.0,,
137.44775999999646,,0.0,
137.5113299999964,,,0.0
137.5426399999968,0.0,,
137.54775999999646,,0.0,
137.6113299999964,,,0.0
137.6426399999968,0.0,,
137.64775999999645,,0.0,
137.7113299999964,,,0.0
137.74263999999678,0.0,,
137.74775999999645,,0.0,
137.8113299999964,,,0.0
137.84263999999678,0.0,,
137.84775999999644,,0.0,
137.91132999999638,,,0.0
137.94263999999677,0.0,,
137.94775999999644,,0.0,
138.01132999999638,,,0.0
138.04263999999677,0.0,,
138.04775999999643,,0.0,
138.11132999999637,,,0.0
138.14263999999676,0.0,,
138.14775999999642,,0.0,
138.21132999999637,,,0.0
138.24263999999675,0.0,,
138.24775999999642,,0.0,
138.31132999999636,,,0.0
138.34263999999675,0.0,,
138.3477599999964,,0.0,
138.41132999999635,,,0.0
138.44263999999674,0.0,,
138.4477599999964,,0.0,
138.51132999999635,,,0.0
138.54263999999674,0.0,,
138.5477599999964,,0.0,
138.61132999999634,,,0.0
138.64263999999673,0.0,,
138.6477599999964,,0.0,
138.71132999999634,,,0.0
138.74263999999673,0.0,,
138.7477599999964,,0.0,
138.81132999999633,,,0.0
138.84263999999672,0.0,,
138.84775999999638,,0.0,
138.91132999999633,,,0.0
138.94263999999671,0.0,,
138.94775999999638,,0.0,
139.01132999999632,,,0.0
139.0426399999967,0.0,,
139.04775999999637,,0.0,
139.11132999999631,,,0.0
139.1426399999967,0.0,,
139.14775999999637,,0.0,
139.2113299999963,,,0.0
139.2426399999967,0.0,,
139.24775999999636,,0.0,
139.3113299999963,,,0.0
139.3426399999967,0.0,,
139.34775999999636,,0.0,
139.4113299999963,,,0.0
139.4426399999967,0.0,,
139.44775999999635,,0.0,
139.5113299999963,,,0.0
139.54263999999668,0.0,,
139.54775999999634,,0.0,
139.6113299999963,,,0.0
139.64263999999667,0.0,,
139.64775999999634,,0.0,
139.71132999999628,,,0.0
139.74263999999667,0.0,,
139.74775999999633,,0.0,
139.81132999999627,,,0.0
139.84263999999666,0.0,,
139.84775999999633,,0.0,
139.91132999999627,,,0.0
139.94263999999666,0.0,,
139.94775999999632,,0.0,
140.01132999999626,,,0.0
140.04263999999665,0.0,,
140.04775999999632,,0.0,
140.11132999999626,,,0.0
140.14263999999665,0.0,,
140.1477599999963,,0.0,
140.21132999999625,,,0.0
140.24263999999664,0.0,,
140.2477599999963,,0.0,
140.31132999999625,,,0.0
140.34263999999663,0.0,,
140.3477599999963,,0.0,
140.41132999999624,,,0.0
140.44263999999663,0.0,,
140.4477599999963,,0.0,
140.51132999999624,,,0.0
140.54263999999662,0.0,,
140.5477599999963,,0.0,
140.61132999999623,,,0.0
140.64263999999662,0.0,,
140.64775999999628,,0.0,
140.71132999999622,,,0.0
140.7426399999966,0.0,,
140.74775999999628,,0.0,
140.81132999999622,,,0.0
140.8426399999966,0.0,,
140.84775999999627,,0.0,
140.9113299999962,,,0.0
140.9426399999966,0.0,,
140.94775999999626,,0.0,
141.0113299999962,,,0.0
141.0426399999966,0.0,,
141.04775999999626,,0.0,
141.1113299999962,,,0.0
141.1426399999966,0.0,,
141.14775999999625,,0.0,
141.2113299999962,,,0.0
141.24263999999658,0.0,,
141.24775999999625,,0.0,
141.3113299999962,,,0.0
141.34263999999658,0.0,,
141.34775999999624,,0.0,
141.41132999999618,,,0.0
141.44263999999657,0.0,,
141.44775999999624,,0.0,
141.51132999999618,,,0.0
141.54263999999657,0.0,,
141.54775999999623,,0.0,
141.61132999999617,,,0.0
141.64263999999656,0.0,,
141.64775999999623,,0.0,
141.71132999999617,,,0.0
141.74263999999656,0.0,,
141.74775999999622,,0.0,
141.81132999999616,,,0.0
141.84263999999655,0.0,,
141.8477599999962,,0.0,
141.91132999999616,,,0.0
141.94263999999654,0.0,,
141.9477599999962,,0.0,
142.01132999999615,,,0.0
142.04263999999654,0.0,,
142.0477599999962,,0.0,
142.11132999999614,,,0.0
142.14263999999653,0.0,,
142.1477599999962,,0.0,
142.21132999999614,,,0.0
142.24263999999653,0.0,,
142.2477599999962,,0.0,
142.31132999999613,,,0.0
142.34263999999652,0.0,,
142.34775999999619,,0.0,
142.41132999999613,,,0.0
142.44263999999652,0.0,,
142.44775999999618,,0.0,
142.51132999999612,,,0.0
142.5426399999965,0.0,,
142.54775999999617,,0.0,
142.61132999999612,,,0.0
142.6426399999965,0.0,,
142.64775999999617,,0.0,
142.7113299999961,,,0.0
142.7426399999965,0.0,,
142.74775999999616,,0.0,
142.8113299999961,,,0.0
142.8426399999965,0.0,,
142.84775999999616,,0.0,
142.9113299999961,,,0.0
142.9426399999965,0.0,,
142.94775999999615,,0.0,
143.0113299999961,,,0.0
143.04263999999648,0.0,,
143.04775999999615,,0.0,
143.1113299999961,,,0.0
143.14263999999648,0.0,,
143.14775999999614,,0.0,
143.21132999999608,,,0.0
143.24263999999647,0.0,,
143.24775999999613,,0.0,
143.31132999999608,,,0.0
143.34263999999646,0.0,,
143.34775999999613,,0.0,
143.41132999999607,,,0.0
143.44263999999646,0.0,,
143.44775999999612,,0.0,
143.51132999999606,,,0.0
143.54263999999645,0.0,,
143.54775999999612,,0.0,
143.61132999999606,,,0.0
143.64263999999645,0.0,,
143.6477599999961,,0.0,
143.71132999999605,,,0.0
143.74263999999644,0.0,,
143.7477599999961,,0.0,
143.81132999999605,,,0.0
143.84263999999644,0.0,,
143.8477599999961,,0.0,
143.91132999999604,,,0.0
143.94263999999643,0.0,,
143.9477599999961,,0.0,
144.01132999999604,,,0.0
144.04263999999642,0.0,,
144.0477599999961,,0.0,
144.11132999999603,,,0.0
144.14263999999642,0.0,,
144.14775999999608,,0.0,
144.21132999999602,,,0.0
144.2426399999964,0.0,,
144.24775999999608,,0.0,
144.31132999999602,,,0.0
144.3426399999964,0.0,,
144.34775999999607,,0.0,
144.411329999996,,,0.0
144.4426399999964,0.0,,
144.44775999999607,,0.0,
144.511329999996,,,0.0
144.5426399999964,0.0,,
144.54775999999606,,0.0,
144.611329999996,,,0.0
144.6426399999964,0.0,,
144.64775999999605,,0.0,
144.711329999996,,,0.0
144.74263999999638,0.0,,
144.74775999999605,,0.0,
144.811329999996,,,0.0
144.84263999999638,0.0,,
144.84775999999604,,0.0,
144.91132999999598,,,0.0
144.94263999999637,0.0,,
144.94775999999604,,0.0,
145.01132999999598,,,0.0
145.04263999999637,0.0,,
145.04775999999603,,0.0,
145.11132999999597,,,0.0
145.14263999999636,0.0,,
145.14775999999603,,0.0,
145.21132999999597,,,0.0
145.24263999999636,0.0,,
145.24775999999602,,0.0,
145.31132999999596,,,0.0
145.34263999999635,0.0,,
145.34775999999601,,0.0,
145.41132999999596,,,0.0
145.44263999999635,0.0,,
145.447759999996,,0.0,
145.51132999999595,,,0.0
145.54263999999634,0.0,,
145.547759999996,,0.0,
145.61132999999595,,,0.0
145.64263999999633,0.0,,
145.647759999996,,0.0,
145.71132999999594,,,0.0
145.74263999999633,0.0,,
145.747759999996,,0.0,
145.81132999999593,,,0.0
145.84263999999632,0.0,,
145.847759999996,,0.0,
145.91132999999593,,,0.0
145.94263999999632,0.0,,
145.94775999999598,,0.0,
146.01132999999592,,,0.0
146.0426399999963,0.0,,
146.04775999999598,,0.0,
146.11132999999592,,,0.0
146.1426399999963,0.0,,
146.14775999999597,,0.0,
146.2113299999959,,,0.0
146.2426399999963,0.0,,
146.24775999999596,,0.0,
146.3113299999959,,,0.0
146.3426399999963,0.0,,
146.34775999999596,,0.0,
146.4113299999959,,,0.0
146.4426399999963,0.0,,
146.44775999999595,,0.0,
146.5113299999959,,,0.0
146.54263999999628,0.0,,
146.54775999999595,,0.0,
146.6113299999959,,,0.0
146.64263999999628,0.0,,
146.64775999999594,,0.0,
146.71132999999588,,,0.0
146.74263999999627,0.0,,
146.74775999999594,,0.0,
146.81132999999588,,,0.0
146.84263999999627,0.0,,
146.84775999999593,,0.0,
146.91132999999587,,,0.0
146.94263999999626,0.0,,
146.94775999999592,,0.0,
147.01132999999587,,,0.0
147.04263999999625,0.0,,
147.04775999999592,,0.0,
147.11132999999586,,,0.0
147.14263999999625,0.0,,
147.1477599999959,,0.0,
147.21132999999585,,,0.0
147.24263999999624,0.0,,
147.2477599999959,,0.0,
147.31132999999585,,,0.0
147.34263999999624,0.0,,
147.3477599999959,,0.0,
147.41132999999584,,,0.0
147.44263999999623,0.0,,
147.4477599999959,,0.0,
147.51132999999584,,,0.0
147.54263999999623,0.0,,
147.5477599999959,,0.0,
147.61132999999583,,,0.0
147.64263999999622,0.0,,
147.64775999999588,,0.0,
147.71132999999583,,,0.0
147.74263999999621,0.0,,
147.74775999999588,,0.0,
147.81132999999582,,,0.0
147.8426399999962,0.0,,
147.84775999999587,,0.0,
147.91132999999581,,,0.0
147.9426399999962,0.0,,
147.94775999999587,,0.0,
148.0113299999958,,,0.0
148.0426399999962,0.0,,
148.04775999999586,,0.0,
148.1113299999958,,,0.0
148.1426399999962,0.0,,
148.14775999999586,,0.0,
148.2113299999958,,,0.0
148.2426399999962,0.0,,
148.24775999999585,,0.0,
148.3113299999958,,,0.0
148.34263999999618,0.0,,
148.34775999999584,,0.0,
148.4113299999958,,,0.0
148.44263999999617,0.0,,
148.44775999999584,,0.0,
148.51132999999578,,,0.0
148.54263999999617,0.0,,
148.54775999999583,,0.0,
148.61132999999577,,,0.0
148.64263999999616,0.0,,
148.64775999999583,,0.0,
148.71132999999577,,,0.0
148.74263999999616,0.0,,
148.74775999999582,,0.0,
148.81132999999576,,,0.0
148.84263999999615,0.0,,
148.84775999999582,,0.0,
148.91132999999576,,,0.0
148.94263999999615,0.0,,
148.9477599999958,,0.0,
149.01132999999575,,,0.0
149.04263999999614,0.0,,
149.0477599999958,,0.0,
149.11132999999575,,,0.0
149.14263999999613,0.0,,
149.1477599999958,,0.0,
149.21132999999574,,,0.0
149.24263999999613,0.0,,
149.2477599999958,,0.0,
149.31132999999573,,,0.0
149.34263999999612,0.0,,
149.3477599999958,,0.0,
149.41132999999573,,,0.0
149.44263999999612,0.0,,
149.44775999999578,,0.0,
149.51132999999572,,,0.0
149.5426399999961,0.0,,
149.54775999999578,,0.0,
149.61132999999572,,,0.0
149.6426399999961,0.0,,
149.64775999999577,,0.0,
149.7113299999957,,,0.0
149.7426399999961,0.0,,
149.74775999999576,,0.0,
149.8113299999957,,,0.0
149.8426399999961,0.0,,
149.84775999999576,,0.0,
149.9113299999957,,,0.0
149.9426399999961,0.0,,
149.94775999999575,,0.0,
150.0113299999957,,,0.0
150.04263999999608,0.0,,
150.04775999999575,,0.0,
150.1113299999957,,,0.0
150.14263999999608,0.0,,
150.14775999999574,,0.0,
150.21132999999568,,,0.0
150.24263999999607,0.0,,
150.24775999999574,,0.0,
150.31132999999568,,,0.0
150.34263999999607,0.0,,
150.34775999999573,,0.0,
150.41132999999567,,,0.0
150.44263999999606,0.0,,
150.44775999999572,,0.0,
150.51132999999567,,,0.0
150.54263999999606,0.0,,
150.54775999999572,,0.0,
150.61132999999566,,,0.0
150.64263999999605,0.0,,
150.6477599999957,,0.0,
150.71132999999566,,,0.0
150.74263999999604,0.0,,
150.7477599999957,,0.0,
150.81132999999565,,,0.0
150.84263999999604,0.0,,
150.8477599999957,,0.0,
150.91132999999564,,,0.0
150.94263999999603,0.0,,
150.9477599999957,,0.0,
151.01132999999564,,,0.0
151.04263999999603,0.0,,
151.0477599999957,,0.0,
151.11132999999563,,,0.0
151.14263999999602,0.0,,
151.14775999999569,,0.0,
151.21132999999563,,,0.0
151.24263999999602,0.0,,
151.24775999999568,,0.0,
151.31132999999562,,,0.0
151.342639999996,0.0,,
151.34775999999567,,0.0,
151.41132999999562,,,0.0
151.442639999996,0.0,,
151.44775999999567,,0.0,
151.5113299999956,,,0.0
151.542639999996,0.0,,
151.54775999999566,,0.0,
151.6113299999956,,,0.0
151.642639999996,0.0,,
151.64775999999566,,0.0,
151.7113299999956,,,0.0
151.742639999996,0.0,,
151.74775999999565,,0.0,
151.8113299999956,,,0.0
151.84263999999598,0.0,,
151.84775999999565,,0.0,
151.9113299999956,,,0.0
151.94263999999598,0.0,,
151.94775999999564,,0.0,
152.01132999999558,,,0.0
152.04263999999597,0.0,,
152.04775999999563,,0.0,
152.11132999999558,,,0.0
152.14263999999596,0.0,,
152.14775999999563,,0.0,
152.21132999999557,,,0.0
152.24263999999596,0.0,,
152.24775999999562,,0.0,
152.31132999999556,,,0.0
152.34263999999595,0.0,,
152.34775999999562,,0.0,
152.41132999999556,,,0.0
152.44263999999595,0.0,,
152.4477599999956,,0.0,
152.51132999999555,,,0.0
152.54263999999594,0.0,,
152.5477599999956,,0.0,
152.61132999999555,,,0.0
152.64263999999594,0.0,,
152.6477599999956,,0.0,
152.71132999999554,,,0.0
152.74263999999593,0.0,,
152.7477599999956,,0.0,
152.81132999999554,,,0.0
152.84263999999592,0.0,,
152.8477599999956,,0.0,
152.91132999999553,,,0.0
152.94263999999592,0.0,,
152.94775999999558,,0.0,
153.01132999999552,,,0.0
153.0426399999959,0.0,,
153.04775999999558,,0.0,
153.11132999999552,,,0.0
153.1426399999959,0.0,,
153.14775999999557,,0.0,
153.2113299999955,,,0.0
153.2426399999959,0.0,,
153.24775999999557,,0.0,
153.3113299999955,,,0.0
153.3426399999959,0.0,,
153.34775999999556,,0.0,
153.4113299999955,,,0.0
153.4426399999959,0.0,,
153.44775999999555,,0.0,
153.5113299999955,,,0.0
153.54263999999588,0.0,,
153.54775999999555,,0.0,
153.6113299999955,,,0.0
153.64263999999588,0.0,,
153.64775999999554,,0.0,
153.71132999999548,,,0.0
153.74263999999587,0.0,,
153.74775999999554,,0.0,
153.81132999999548,,,0.0
153.84263999999587,0.0,,
153.84775999999553,,0.0,
153.91132999999547,,,0.0
153.94263999999586,0.0,,
153.94775999999553,,0.0,
154.01132999999547,,,0.0
154.04263999999586,0.0,,
154.04775999999552,,0.0,
154.11132999999546,,,0.0
154.14263999999585,0.0,,
154.14775999999551,,0.0,
154.21132999999546,,,0.0
154.24263999999584,0.0,,
154.2477599999955,,0.0,
154.31132999999545,,,0.0
154.34263999999584,0.0,,
154.3477599999955,,0.0,
154.41132999999544,,,0.0
154.44263999999583,0.0,,
154.4477599999955,,0.0,
154.51132999999544,,,0.0
154.54263999999583,0.0,,
154.5477599999955,,0.0,
154.61132999999543,,,0.0
154.64263999999582,0.0,,
154.6477599999955,,0.0,
154.71132999999543,,,0.0
154.74263999999582,0.0,,
154.74775999999548,,0.0,
154.81132999999542,,,0.0
154.8426399999958,0.0,,
154.84775999999547,,0.0,
154.91132999999542,,,0.0
154.9426399999958,0.0,,
154.94775999999547,,0.0,
155.0113299999954,,,0.0
155.0426399999958,0.0,,
155.04775999999546,,0.0,
155.1113299999954,,,0.0
155.1426399999958,0.0,,
155.14775999999546,,0.0,
155.2113299999954,,,0.0
155.2426399999958,0.0,,
155.24775999999545,,0.0,
155.3113299999954,,,0.0
155.34263999999578,0.0,,
155.34775999999545,,0.0,
155.4113299999954,,,0.0
155.44263999999578,0.0,,
155.44775999999544,,0.0,
155.51132999999538,,,0.0
155.54263999999577,0.0,,
155.54775999999544,,0.0,
155.61132999999538,,,0.0
155.64263999999577,0.0,,
155.64775999999543,,0.0,
155.71132999999537,,,0.0
155.74263999999576,0.0,,
155.74775999999542,,0.0,
155.81132999999537,,,0.0
155.84263999999575,0.0,,
155.84775999999542,,0.0,
155.91132999999536,,,0.0
155.94263999999575,0.0,,
155.9477599999954,,0.0,
156.01132999999535,,,0.0
156.04263999999574,0.0,,
156.0477599999954,,0.0,
156.11132999999535,,,0.0
156.14263999999574,0.0,,
156.1477599999954,,0.0,
156.21132999999534,,,0.0
156.24263999999573,0.0,,
156.2477599999954,,0.0,
156.31132999999534,,,0.0
156.34263999999573,0.0,,
156.3477599999954,,0.0,
156.41132999999533,,,0.0
156.44263999999572,0.0,,
156.44775999999538,,0.0,
156.51132999999533,,,0.0
156.5426399999957,0.0,,
156.54775999999538,,0.0,
156.61132999999532,,,0.0
156.6426399999957,0.0,,
156.64775999999537,,0.0,
156.7113299999953,,,0.0
156.7426399999957,0.0,,
156.74775999999537,,0.0,
156.8113299999953,,,0.0
156.8426399999957,0.0,,
156.84775999999536,,0.0,
156.9113299999953,,,0.0
156.9426399999957,0.0,,
156.94775999999536,,0.0,
157.0113299999953,,,0.0
157.04263999999569,0.0,,
157.04775999999535,,0.0,
157.1113299999953,,,0.0
157.14263999999568,0.0,,
157.14775999999534,,0.0,
157.21132999999529,,,0.0
157.24263999999567,0.0,,
157.24775999999534,,0.0,
157.31132999999528,,,0.0
157.34263999999567,0.0,,
157.34775999999533,,0.0,
157.41132999999527,,,0.0
157.44263999999566,0.0,,
157.44775999999533,,0.0,
157.51132999999527,,,0.0
157.54263999999566,0.0,,
157.54775999999532,,0.0,
157.61132999999526,,,0.0
157.64263999999565,0.0,,
157.64775999999532,,0.0,
157.71132999999526,,,0.0
157.74263999999565,0.0,,
157.7477599999953,,0.0,
157.81132999999525,,,0.0
157.84263999999564,0.0,,
157.8477599999953,,0.0,
157.91132999999525,,,0.0
157.94263999999563,0.0,,
157.9477599999953,,0.0,
158.01132999999524,,,0.0
158.04263999999563,0.0,,
158.0477599999953,,0.0,
158.11132999999523,,,0.0
158.14263999999562,0.0,,
158.1477599999953,,0.0,
158.21132999999523,,,0.0
158.24263999999562,0.0,,
158.24775999999528,,0.0,
158.31132999999522,,,0.0
158.3426399999956,0.0,,
158.34775999999528,,0.0,
158.41132999999522,,,0.0
158.4426399999956,0.0,,
158.44775999999527,,0.0,
158.5113299999952,,,0.0
158.5426399999956,0.0,,
158.54775999999526,,0.0,
158.6113299999952,,,0.0
158.6426399999956,0.0,,
158.64775999999526,,0.0,
158.7113299999952,,,0.0
158.7426399999956,0.0,,
158.74775999999525,,0.0,
158.8113299999952,,,0.0
158.84263999999558,0.0,,
158.84775999999525,,0.0,
158.9113299999952,,,0.0
158.94263999999558,0.0,,
158.94775999999524,,0.0,
159.01132999999518,,,0.0
159.04263999999557,0.0,,
159.04775999999524,,0.0,
159.11132999999518,,,0.0
159.14263999999557,0.0,,
159.14775999999523,,0.0,
159.21132999999517,,,0.0
159.24263999999556,0.0,,
159.24775999999522,,0.0,
159.31132999999517,,,0.0
159.34263999999555,0.0,,
159.34775999999522,,0.0,
159.41132999999516,,,0.0
159.44263999999555,0.0,,
159.4477599999952,,0.0,
159.51132999999516,,,0.0
159.54263999999554,0.0,,
159.5477599999952,,0.0,
159.61132999999515,,,0.0
159.64263999999554,0.0,,
159.6477599999952,,0.0,
159.71132999999514,,,0.0
159.74263999999553,0.0,,
159.7477599999952,,0.0,
159.81132999999514,,,0.0
159.84263999999553,0.0,,
159.8477599999952,,0.0,
159.91132999999513,,,0.0
159.94263999999552,0.0,,
159.94775999999518,,0.0,
160.01132999999513,,,0.0
160.04263999999552,0.0,,
160.04775999999518,,0.0,
160.11132999999512,,,0.0
160.1426399999955,0.0,,
160.14775999999517,,0.0,
160.21132999999512,,,0.0
160.2426399999955,0.0,,
160.24775999999517,,0.0,
160.3113299999951,,,0.0
160.3426399999955,0.0,,
160.34775999999516,,0.0,
160.4113299999951,,,0.0
160.4426399999955,0.0,,
160.44775999999516,,0.0,
160.5113299999951,,,0.0
160.5426399999955,0.0,,
160.54775999999515,,0.0,
160.6113299999951,,,0.0
160.64263999999548,0.0,,
160.64775999999515,,0.0,
160.7113299999951,,,0.0
160.74263999999548,0.0,,
160.74775999999514,,0.0,
160.81132999999508,,,0.0
160.84263999999547,0.0,,
160.84775999999513,,0.0,
160.91132999999508,,,0.0
160.94263999999546,0.0,,
160.94775999999513,,0.0,
161.01132999999507,,,0.0
161.04263999999546,0.0,,
161.04775999999512,,0.0,
161.11132999999506,,,0.0
161.14263999999545,0.0,,
161.14775999999512,,0.0,
161.21132999999506,,,0.0
161.24263999999545,0.0,,
161.2477599999951,,0.0,
161.31132999999505,,,0.0
161.34263999999544,0.0,,
161.3477599999951,,0.0,
161.41132999999505,,,0.0
161.44263999999544,0.0,,
161.4477599999951,,0.0,
161.51132999999504,,,0.0
161.54263999999543,0.0,,
161.5477599999951,,0.0,
161.61132999999504,,,0.0
161.64263999999542,0.0,,
161.6477599999951,,0.0,
161.71132999999503,,,0.0
161.74263999999542,0.0,,
161.74775999999508,,0.0,
161.81132999999502,,,0.0
161.8426399999954,0.0,,
161.84775999999508,,0.0,
161.91132999999502,,,0.0
161.9426399999954,0.0,,
161.94775999999507,,0.0,
162.011329999995,,,0.0
162.0426399999954,0.0,,
162.04775999999507,,0.0,
162.111329999995,,,0.0
162.1426399999954,0.0,,
162.14775999999506,,0.0,
162.211329999995,,,0.0
162.2426399999954,0.0,,
162.24775999999505,,0.0,
162.311329999995,,,0.0
162.34263999999538,0.0,,
162.34775999999505,,0.0,
162.411329999995,,,0.0
162.44263999999538,0.0,,
162.44775999999504,,0.0,
162.51132999999498,,,0.0
162.54263999999537,0.0,,
162.54775999999504,,0.0,
162.61132999999498,,,0.0
162.64263999999537,0.0,,
162.64775999999503,,0.0,
162.71132999999497,,,0.0
162.74263999999536,0.0,,
162.74775999999503,,0.0,
162.81132999999497,,,0.0
162.84263999999536,0.0,,
162.84775999999502,,0.0,
162.91132999999496,,,0.0
162.94263999999535,0.0,,
162.94775999999501,,0.0,
163.01132999999496,,,0.0
163.04263999999534,0.0,,
163.047759999995,,0.0,
163.11132999999495,,,0.0
163.14263999999534,0.0,,
163.147759999995,,0.0,
163.21132999999494,,,0.0
163.24263999999533,0.0,,
163.247759999995,,0.0,
163.31132999999494,,,0.0
163.34263999999533,0.0,,
163.347759999995,,0.0,
163.41132999999493,,,0.0
163.44263999999532,0.0,,
163.447759999995,,0.0,
163.51132999999493,,,0.0
163.54263999999532,0.0,,
163.54775999999498,,0.0,
163.61132999999492,,,0.0
163.6426399999953,0.0,,
163.64775999999497,,0.0,
163.71132999999492,,,0.0
163.7426399999953,0.0,,
163.74775999999497,,0.0,
163.8113299999949,,,0.0
163.8426399999953,0.0,,
163.84775999999496,,0.0,
163.9113299999949,,,0.0
163.9426399999953,0.0,,
163.94775999999496,,0.0,
164.0113299999949,,,0.0
164.0426399999953,0.0,,
164.04775999999495,,0.0,
164.1113299999949,,,0.0
164.14263999999528,0.0,,
164.14775999999495,,0.0,
164.2113299999949,,,0.0
164.24263999999528,0.0,,
164.24775999999494,,0.0,
164.31132999999488,,,0.0
164.34263999999527,0.0,,
164.34775999999493,,0.0,
164.41132999999488,,,0.0
164.44263999999527,0.0,,
164.44775999999493,,0.0,
164.51132999999487,,,0.0
164.54263999999526,0.0,,
164.54775999999492,,0.0,
164.61132999999487,,,0.0
164.64263999999525,0.0,,
164.64775999999492,,0.0,
164.71132999999486,,,0.0
164.74263999999525,0.0,,
164.7477599999949,,0.0,
164.81132999999485,,,0.0
164.84263999999524,0.0,,
164.8477599999949,,0.0,
164.91132999999485,,,0.0
164.94263999999524,0.0,,
164.9477599999949,,0.0,
165.01132999999484,,,0.0
165.04263999999523,0.0,,
165.0477599999949,,0.0,
165.11132999999484,,,0.0
165.14263999999523,0.0,,
165.1477599999949,,0.0,
165.21132999999483,,,0.0
165.24263999999522,0.0,,
165.24775999999488,,0.0,
165.31132999999483,,,0.0
165.3426399999952,0.0,,
165.34775999999488,,0.0,
165.41132999999482,,,0.0
165.4426399999952,0.0,,
165.44775999999487,,0.0,
165.5113299999948,,,0.0
165.5426399999952,0.0,,
165.54775999999487,,0.0,
165.6113299999948,,,0.0
165.6426399999952,0.0,,
165.64775999999486,,0.0,
165.7113299999948,,,0.0
165.7426399999952,0.0,,
165.74775999999486,,0.0,
165.8113299999948,,,0.0
165.84263999999519,0.0,,
165.84775999999485,,0.0,
165.9113299999948,,,0.0
165.94263999999518,0.0,,
165.94775999999484,,0.0,
166.01132999999479,,,0.0
166.04263999999517,0.0,,
166.04775999999484,,0.0,
166.11132999999478,,,0.0
166.14263999999517,0.0,,
166.14775999999483,,0.0,
166.21132999999477,,,0.0
166.24263999999516,0.0,,
166.24775999999483,,0.0,
166.31132999999477,,,0.0
166.34263999999516,0.0,,
166.34775999999482,,0.0,
166.41132999999476,,,0.0
166.44263999999515,0.0,,
166.44775999999482,,0.0,
166.51132999999476,,,0.0
166.54263999999515,0.0,,
166.5477599999948,,0.0,
166.61132999999475,,,0.0
166.64263999999514,0.0,,
166.6477599999948,,0.0,
166.71132999999475,,,0.0
166.74263999999513,0.0,,
166.7477599999948,,0.0,
166.81132999999474,,,0.0
166.84263999999513,0.0,,
166.8477599999948,,0.0,
166.91132999999473,,,0.0
166.94263999999512,0.0,,
166.9477599999948,,0.0,
167.01132999999473,,,0.0
167.04263999999512,0.0,,
167.04775999999478,,0.0,
167.11132999999472,,,0.0
167.1426399999951,0.0,,
167.14775999999478,,0.0,
167.21132999999472,,,0.0
167.2426399999951,0.0,,
167.24775999999477,,0.0,
167.3113299999947,,,0.0
167.3426399999951,0.0,,
167.34775999999476,,0.0,
167.4113299999947,,,0.0
167.4426399999951,0.0,,
167.44775999999476,,0.0,
167.5113299999947,,,0.0
167.5426399999951,0.0,,
167.54775999999475,,0.0,
167.6113299999947,,,0.0
167.64263999999508,0.0,,
167.64775999999475,,0.0,
167.7113299999947,,,0.0
167.74263999999508,0.0,,
167.74775999999474,,0.0,
167.81132999999468,,,0.0
167.84263999999507,0.0,,
167.84775999999474,,0.0,
167.91132999999468,,,0.0
167.94263999999507,0.0,,
167.94775999999473,,0.0,
168.01132999999467,,,0.0
168.04263999999506,0.0,,
168.04775999999472,,0.0,
168.11132999999467,,,0.0
168.14263999999505,0.0,,
168.14775999999472,,0.0,
168.21132999999466,,,0.0
168.24263999999505,0.0,,
168.2477599999947,,0.0,
168.31132999999465,,,0.0
168.34263999999504,0.0,,
168.3477599999947,,0.0,
168.41132999999465,,,0.0
168.44263999999504,0.0,,
168.4477599999947,,0.0,
168.51132999999464,,,0.0
168.54263999999503,0.0,,
168.5477599999947,,0.0,
168.61132999999464,,,0.0
168.64263999999503,0.0,,
168.6477599999947,,0.0,
168.71132999999463,,,0.0
168.74263999999502,0.0,,
168.74775999999468,,0.0,
168.81132999999463,,,0.0
168.84263999999501,0.0,,
168.84775999999468,,0.0,
168.91132999999462,,,0.0
168.942639999995,0.0,,
168.94775999999467,,0.0,
169.01132999999462,,,0.0
169.042639999995,0.0,,
169.04775999999467,,0.0,
169.1113299999946,,,0.0
169.142639999995,0.0,,
169.14775999999466,,0.0,
169.2113299999946,,,0.0
169.242639999995,0.0,,
169.24775999999466,,0.0,
169.3113299999946,,,0.0
169.342639999995,0.0,,
169.34775999999465,,0.0,
169.4113299999946,,,0.0
169.44263999999498,0.0,,
169.44775999999464,,0.0,
169.5113299999946,,,0.0
169.54263999999498,0.0,,
169.54775999999464,,0.0,
169.61132999999458,,,0.0
169.64263999999497,0.0,,
169.64775999999463,,0.0,
169.71132999999458,,,0.0
169.74263999999496,0.0,,
169.74775999999463,,0.0,
169.81132999999457,,,0.0
169.84263999999496,0.0,,
169.84775999999462,,0.0,
169.91132999999456,,,0.0
169.94263999999495,0.0,,
169.94775999999462,,0.0,
170.01132999999456,,,0.0
170.04263999999495,0.0,,
170.0477599999946,,0.0,
170.11132999999455,,,0.0
170.14263999999494,0.0,,
170.1477599999946,,0.0,
170.21132999999455,,,0.0
170.24263999999494,0.0,,
170.2477599999946,,0.0,
170.31132999999454,,,0.0
170.34263999999493,0.0,,
170.3477599999946,,0.0,
170.41132999999454,,,0.0
170.44263999999492,0.0,,
170.4477599999946,,0.0,
170.51132999999453,,,0.0
170.54263999999492,0.0,,
170.54775999999458,,0.0,
170.61132999999452,,,0.0
170.6426399999949,0.0,,
170.64775999999458,,0.0,
170.71132999999452,,,0.0
170.7426399999949,0.0,,
170.74775999999457,,0.0,
170.8113299999945,,,0.0
170.8426399999949,0.0,,
170.84775999999457,,0.0,
170.9113299999945,,,0.0
170.9426399999949,0.0,,
170.94775999999456,,0.0,
171.0113299999945,,,0.0
171.0426399999949,0.0,,
171.04775999999455,,0.0,
171.1113299999945,,,0.0
171.14263999999488,0.0,,
171.14775999999455,,0.0,
171.2113299999945,,,0.0
171.24263999999488,0.0,,
171.24775999999454,,0.0,
171.31132999999448,,,0.0
171.34263999999487,0.0,,
171.34775999999454,,0.0,
171.41132999999448,,,0.0
171.44263999999487,0.0,,
171.44775999999453,,0.0,
171.51132999999447,,,0.0
171.54263999999486,0.0,,
171.54775999999453,,0.0,
171.61132999999447,,,0.0
171.64263999999486,0.0,,
171.64775999999452,,0.0,
171.71132999999446,,,0.0
171.74263999999485,0.0,,
171.7477599999945,,0.0,
171.81132999999446,,,0.0
171.84263999999484,0.0,,
171.8477599999945,,0.0,
171.91132999999445,,,0.0
171.94263999999484,0.0,,
171.9477599999945,,0.0,
172.01132999999444,,,0.0
172.04263999999483,0.0,,
172.0477599999945,,0.0,
172.11132999999444,,,0.0
172.14263999999483,0.0,,
172.1477599999945,,0.0,
172.21132999999443,,,0.0
172.24263999999482,0.0,,
172.24775999999449,,0.0,
172.31132999999443,,,0.0
172.34263999999482,0.0,,
172.34775999999448,,0.0,
172.41132999999442,,,0.0
172.4426399999948,0.0,,
172.44775999999447,,0.0,
172.51132999999442,,,0.0
172.5426399999948,0.0,,
172.54775999999447,,0.0,
172.6113299999944,,,0.0
172.6426399999948,0.0,,
172.64775999999446,,0.0,
172.7113299999944,,,0.0
172.7426399999948,0.0,,
172.74775999999446,,0.0,
172.8113299999944,,,0.0
172.8426399999948,0.0,,
172.84775999999445,,0.0,
172.9113299999944,,,0.0
172.94263999999478,0.0,,
172.94775999999445,,0.0,
173.0113299999944,,,0.0
173.04263999999478,0.0,,
173.04775999999444,,0.0,
173.11132999999438,,,0.0
173.14263999999477,0.0,,
173.14775999999443,,0.0,
173.21132999999438,,,0.0
173.24263999999476,0.0,,
173.24775999999443,,0.0,
173.31132999999437,,,0.0
173.34263999999476,0.0,,
173.34775999999442,,0.0,
173.41132999999436,,,0.0
173.44263999999475,0.0,,
173.44775999999442,,0.0,
173.51132999999436,,,0.0
173.54263999999475,0.0,,
173.5477599999944,,0.0,
173.61132999999435,,,0.0
173.64263999999474,0.0,,
173.6477599999944,,0.0,
173.71132999999435,,,0.0
173.74263999999474,0.0,,
173.7477599999944,,0.0,
173.81132999999434,,,0.0
173.84263999999473,0.0,,
173.8477599999944,,0.0,
173.91132999999434,,,0.0
173.94263999999473,0.0,,
173.9477599999944,,0.0,
174.01132999999433,,,0.0
174.04263999999472,0.0,,
174.04775999999438,,0.0,
174.11132999999433,,,0.0
174.1426399999947,0.0,,
174.14775999999438,,0.0,
174.21132999999432,,,0.0
174.2426399999947,0.0,,
174.24775999999437,,0.0,
174.3113299999943,,,0.0
174.3426399999947,0.0,,
174.34775999999437,,0.0,
174.4113299999943,,,0.0
174.4426399999947,0.0,,
174.44775999999436,,0.0,
174.5113299999943,,,0.0
174.5426399999947,0.0,,
174.54775999999435,,0.0,
174.6113299999943,,,0.0
174.64263999999469,0.0,,
174.64775999999435,,0.0,
174.7113299999943,,,0.0
174.74263999999468,0.0,,
174.74775999999434,,0.0,
174.81132999999429,,,0.0
174.84263999999467,0.0,,
174.84775999999434,,0.0,
174.91132999999428,,,0.0
174.94263999999467,0.0,,
174.94775999999433,,0.0,
175.01132999999427,,,0.0
175.04263999999466,0.0,,
175.04775999999433,,0.0,
175.11132999999427,,,0.0
175.14263999999466,0.0,,
175.14775999999432,,0.0,
175.21132999999426,,,0.0
175.24263999999465,0.0,,
175.24775999999432,,0.0,
175.31132999999426,,,0.0
175.34263999999465,0.0,,
175.3477599999943,,0.0,
175.41132999999425,,,0.0
175.44263999999464,0.0,,
175.4477599999943,,0.0,
175.51132999999425,,,0.0
175.54263999999463,0.0,,
175.5477599999943,,0.0,
175.61132999999424,,,0.0
175.64263999999463,0.0,,
175.6477599999943,,0.0,
175.71132999999423,,,0.0
175.74263999999462,0.0,,
175.7477599999943,,0.0,
175.81132999999423,,,0.0
175.84263999999462,0.0,,
175.84775999999428,,0.0,
175.91132999999422,,,0.0
175.9426399999946,0.0,,
175.94775999999428,,0.0,
176.01132999999422,,,0.0
176.0426399999946,0.0,,
176.04775999999427,,0.0,
176.1113299999942,,,0.0
176.1426399999946,0.0,,
176.14775999999426,,0.0,
176.2113299999942,,,0.0
176.2426399999946,0.0,,
176.24775999999426,,0.0,
176.3113299999942,,,0.0
176.3426399999946,0.0,,
176.34775999999425,,0.0,
176.4113299999942,,,0.0
176.44263999999458,0.0,,
176.44775999999425,,0.0,
176.5113299999942,,,0.0
176.54263999999458,0.0,,
176.54775999999424,,0.0,
176.61132999999418,,,0.0
176.64263999999457,0.0,,
176.64775999999424,,0.0,
176.71132999999418,,,0.0
176.74263999999457,0.0,,
176.74775999999423,,0.0,
176.81132999999417,,,0.0
176.84263999999456,0.0,,
176.84775999999422,,0.0,
176.91132999999417,,,0.0
176.94263999999455,0.0,,
176.94775999999422,,0.0,
177.01132999999416,,,0.0
177.04263999999455,0.0,,
177.0477599999942,,0.0,
177.11132999999415,,,0.0
177.14263999999454,0.0,,
177.1477599999942,,0.0,
177.21132999999415,,,0.0
177.24263999999454,0.0,,
177.2477599999942,,0.0,
177.31132999999414,,,0.0
177.34263999999453,0.0,,
177.3477599999942,,0.0,
177.41132999999414,,,0.0
177.44263999999453,0.0,,
177.4477599999942,,0.0,
177.51132999999413,,,0.0
177.54263999999452,0.0,,
177.54775999999418,,0.0,
177.61132999999413,,,0.0
177.64263999999451,0.0,,
177.64775999999418,,0.0,
177.71132999999412,,,0.0
177.7426399999945,0.0,,
177.74775999999417,,0.0,
177.81132999999411,,,0.0
177.8426399999945,0.0,,
177.84775999999417,,0.0,
177.9113299999941,,,0.0
177.9426399999945,0.0,,
177.94775999999416,,0.0,
178.0113299999941,,,0.0
178.0426399999945,0.0,,
178.04775999999416,,0.0,
178.1113299999941,,,0.0
178.1426399999945,0.0,,
178.14775999999415,,0.0,
178.2113299999941,,,0.0
178.24263999999448,0.0,,
178.24775999999414,,0.0,
178.3113299999941,,,0.0
178.34263999999447,0.0,,
178.34775999999414,,0.0,
178.41132999999408,,,0.0
178.44263999999447,0.0,,
178.44775999999413,,0.0,
178.51132999999408,,,0.0
178.54263999999446,0.0,,
178.54775999999413,,0.0,
178.61132999999407,,,0.0
178.64263999999446,0.0,,
178.64775999999412,,0.0,
178.71132999999406,,,0.0
178.74263999999445,0.0,,
178.74775999999412,,0.0,
178.81132999999406,,,0.0
178.84263999999445,0.0,,
178.8477599999941,,0.0,
178.91132999999405,,,0.0
178.94263999999444,0.0,,
178.9477599999941,,0.0,
179.01132999999405,,,0.0
179.04263999999444,0.0,,
179.0477599999941,,0.0,
179.11132999999404,,,0.0
179.14263999999443,0.0,,
179.1477599999941,,0.0,
179.21132999999404,,,0.0
179.24263999999442,0.0,,
179.2477599999941,,0.0,
179.31132999999403,,,0.0
179.34263999999442,0.0,,
179.34775999999408,,0.0,
179.41132999999402,,,0.0
179.4426399999944,0.0,,
179.44775999999408,,0.0,
179.51132999999402,,,0.0
179.5426399999944,0.0,,
179.54775999999407,,0.0,
179.611329999994,,,0.0
179.6426399999944,0.0,,
179.64775999999407,,0.0,
179.711329999994,,,0.0
179.7426399999944,0.0,,
179.74775999999406,,0.0,
179.811329999994,,,0.0
179.8426399999944,0.0,,
179.84775999999405,,0.0,
179.911329999994,,,0.0
179.94263999999438,0.0,,
179.94775999999405,,0.0,
180.011329999994,,,0.0
180.04263999999438,0.0,,
180.04775999999404,,0.0,
180.11132999999398,,,0.0
180.14263999999437,0.0,,
180.14775999999404,,0.0,
180.21132999999398,,,0.0
180.24263999999437,0.0,,
180.24775999999403,,0.0,
180.31132999999397,,,0.0
180.34263999999436,0.0,,
180.34775999999403,,0.0,
180.41132999999397,,,0.0
180.44263999999436,0.0,,
180.44775999999402,,0.0,
180.51132999999396,,,0.0
180.54263999999435,0.0,,
180.547759999994,,0.0,
180.61132999999396,,,0.0
180.64263999999434,0.0,,
180.647759999994,,0.0,
180.71132999999395,,,0.0
180.74263999999434,0.0,,
180.747759999994,,0.0,
180.81132999999394,,,0.0
180.84263999999433,0.0,,
180.847759999994,,0.0,
180.91132999999394,,,0.0
180.94263999999433,0.0,,
180.947759999994,,0.0,
181.01132999999393,,,0.0
181.04263999999432,0.0,,
181.04775999999399,,0.0,
181.11132999999393,,,0.0
181.14263999999432,0.0,,
181.14775999999398,,0.0,
181.21132999999392,,,0.0
181.2426399999943,0.0,,
181.24775999999397,,0.0,
181.31132999999392,,,0.0
181.3426399999943,0.0,,
181.34775999999397,,0.0,
181.4113299999939,,,0.0
181.4426399999943,0.0,,
181.44775999999396,,0.0,
181.5113299999939,,,0.0
181.5426399999943,0.0,,
181.54775999999396,,0.0,
181.6113299999939,,,0.0
181.6426399999943,0.0,,
181.64775999999395,,0.0,
181.7113299999939,,,0.0
181.74263999999428,0.0,,
181.74775999999395,,0.0,
181.8113299999939,,,0.0
181.84263999999428,0.0,,
181.84775999999394,,0.0,
181.91132999999388,,,0.0
181.94263999999427,0.0,,
181.94775999999393,,0.0,
182.01132999999388,,,0.0
182.04263999999426,0.0,,
182.04775999999393,,0.0,
182.11132999999387,,,0.0
182.14263999999426,0.0,,
182.14775999999392,,0.0,
182.21132999999386,,,0.0
182.24263999999425,0.0,,
182.24775999999392,,0.0,
182.31132999999386,,,0.0
182.34263999999425,0.0,,
182.3477599999939,,0.0,
182.41132999999385,,,0.0
182.44263999999424,0.0,,
182.4477599999939,,0.0,
182.51132999999385,,,0.0
182.54263999999424,0.0,,
182.5477599999939,,0.0,
182.61132999999384,,,0.0
182.64263999999423,0.0,,
182.6477599999939,,0.0,
182.71132999999384,,,0.0
182.74263999999422,0.0,,
182.7477599999939,,0.0,
182.81132999999383,,,0.0
182.84263999999422,0.0,,
182.84775999999388,,0.0,
182.91132999999382,,,0.0
182.9426399999942,0.0,,
182.94775999999388,,0.0,
183.01132999999382,,,0.0
183.0426399999942,0.0,,
183.04775999999387,,0.0,
183.1113299999938,,,0.0
183.1426399999942,0.0,,
183.14775999999387,,0.0,
183.2113299999938,,,0.0
183.2426399999942,0.0,,
183.24775999999386,,0.0,
183.3113299999938,,,0.0
183.3426399999942,0.0,,
183.34775999999385,,0.0,
183.4113299999938,,,0.0
183.44263999999419,0.0,,
183.44775999999385,,0.0,
183.5113299999938,,,0.0
183.54263999999418,0.0,,
183.54775999999384,,0.0,
183.61132999999379,,,0.0
183.64263999999417,0.0,,
183.64775999999384,,0.0,
183.71132999999378,,,0.0
183.74263999999417,0.0,,
183.74775999999383,,0.0,
183.81132999999377,,,0.0
183.84263999999416,0.0,,
183.84775999999383,,0.0,
183.91132999999377,,,0.0
183.94263999999416,0.0,,
183.94775999999382,,0.0,
184.01132999999376,,,0.0
184.04263999999415,0.0,,
184.04775999999381,,0.0,
184.11132999999376,,,0.0
184.14263999999415,0.0,,
184.1477599999938,,0.0,
184.21132999999375,,,0.0
184.24263999999414,0.0,,
184.2477599999938,,0.0,
184.31132999999375,,,0.0
184.34263999999413,0.0,,
184.3477599999938,,0.0,
184.41132999999374,,,0.0
184.44263999999413,0.0,,
184.4477599999938,,0.0,
184.51132999999373,,,0.0
184.54263999999412,0.0,,
184.5477599999938,,0.0,
184.61132999999373,,,0.0
184.64263999999412,0.0,,
184.64775999999378,,0.0,
184.71132999999372,,,0.0
184.7426399999941,0.0,,
184.74775999999378,,0.0,
184.81132999999372,,,0.0
184.8426399999941,0.0,,
184.84775999999377,,0.0,
184.9113299999937,,,0.0
184.9426399999941,0.0,,
184.94775999999376,,0.0,
185.0113299999937,,,0.0
185.0426399999941,0.0,,
185.04775999999376,,0.0,
185.1113299999937,,,0.0
185.1426399999941,0.0,,
185.14775999999375,,0.0,
185.2113299999937,,,0.0
185.24263999999408,0.0,,
185.24775999999375,,0.0,
185.3113299999937,,,0.0
185.34263999999408,0.0,,
185.34775999999374,,0.0,
185.41132999999368,,,0.0
185.44263999999407,0.0,,
185.44775999999374,,0.0,
185.51132999999368,,,0.0
185.54263999999407,0.0,,
185.54775999999373,,0.0,
185.61132999999367,,,0.0
185.64263999999406,0.0,,
185.64775999999372,,0.0,
185.71132999999367,,,0.0
185.74263999999405,0.0,,
185.74775999999372,,0.0,
185.81132999999366,,,0.0
185.84263999999405,0.0,,
185.8477599999937,,0.0,
185.91132999999365,,,0.0
185.94263999999404,0.0,,
185.9477599999937,,0.0,
186.01132999999365,,,0.0
186.04263999999404,0.0,,
186.0477599999937,,0.0,
186.11132999999364,,,0.0
186.14263999999403,0.0,,
186.1477599999937,,0.0,
186.21132999999364,,,0.0
186.24263999999403,0.0,,
186.2477599999937,,0.0,
186.31132999999363,,,0.0
186.34263999999402,0.0,,
186.34775999999368,,0.0,
186.41132999999363,,,0.0
186.44263999999401,0.0,,
186.44775999999368,,0.0,
186.51132999999362,,,0.0
186.542639999994,0.0,,
186.54775999999367,,0.0,
186.61132999999361,,,0.0
186.642639999994,0.0,,
186.64775999999367,,0.0,
186.7113299999936,,,0.0
186.742639999994,0.0,,
186.74775999999366,,0.0,
186.8113299999936,,,0.0
186.842639999994,0.0,,
186.84775999999366,,0.0,
186.9113299999936,,,0.0
186.942639999994,0.0,,
186.94775999999365,,0.0,
187.0113299999936,,,0.0
187.04263999999398,0.0,,
187.04775999999364,,0.0,
187.1113299999936,,,0.0
187.14263999999397,0.0,,
187.14775999999364,,0.0,
187.21132999999358,,,0.0
187.24263999999397,0.0,,
187.24775999999363,,0.0,
187.31132999999357,,,0.0
187.34263999999396,0.0,,
187.34775999999363,,0.0,
187.41132999999357,,,0.0
187.44263999999396,0.0,,
187.44775999999362,,0.0,
187.51132999999356,,,0.0
187.54263999999395,0.0,,
187.54775999999362,,0.0,
187.61132999999356,,,0.0
187.64263999999395,0.0,,
187.6477599999936,,0.0,
187.71132999999355,,,0.0
187.74263999999394,0.0,,
187.7477599999936,,0.0,
187.81132999999355,,,0.0
187.84263999999393,0.0,,
187.8477599999936,,0.0,
187.91132999999354,,,0.0
187.94263999999393,0.0,,
187.9477599999936,,0.0,
188.01132999999354,,,0.0
188.04263999999392,0.0,,
188.0477599999936,,0.0,
188.11132999999353,,,0.0
188.14263999999392,0.0,,
188.14775999999358,,0.0,
188.21132999999352,,,0.0
188.2426399999939,0.0,,
188.24775999999358,,0.0,
188.31132999999352,,,0.0
188.3426399999939,0.0,,
188.34775999999357,,0.0,
188.4113299999935,,,0.0
188.4426399999939,0.0,,
188.44775999999356,,0.0,
188.5113299999935,,,0.0
188.5426399999939,0.0,,
188.54775999999356,,0.0,
188.6113299999935,,,0.0
188.6426399999939,0.0,,
188.64775999999355,,0.0,
188.7113299999935,,,0.0
188.74263999999388,0.0,,
188.74775999999355,,0.0,
188.8113299999935,,,0.0
188.84263999999388,0.0,,
188.84775999999354,,0.0,
188.91132999999348,,,0.0
188.94263999999387,0.0,,
188.94775999999354,,0.0,
189.01132999999348,,,0.0
189.04263999999387,0.0,,
189.04775999999353,,0.0,
189.11132999999347,,,0.0
189.14263999999386,0.0,,
189.14775999999353,,0.0,
189.21132999999347,,,0.0
189.24263999999386,0.0,,
189.24775999999352,,0.0,
189.31132999999346,,,0.0
189.34263999999385,0.0,,
189.3477599999935,,0.0,
189.41132999999346,,,0.0
189.44263999999384,0.0,,
189.4477599999935,,0.0,
189.51132999999345,,,0.0
189.54263999999384,0.0,,
189.5477599999935,,0.0,
189.61132999999344,,,0.0
189.64263999999383,0.0,,
189.6477599999935,,0.0,
189.71132999999344,,,0.0
189.74263999999383,0.0,,
189.7477599999935,,0.0,
189.81132999999343,,,0.0
189.84263999999382,0.0,,
189.84775999999349,,0.0,
189.91132999999343,,,0.0
189.94263999999382,0.0,,
189.94775999999348,,0.0,
190.01132999999342,,,0.0
190.0426399999938,0.0,,
190.04775999999347,,0.0,
190.11132999999342,,,0.0
190.1426399999938,0.0,,
190.14775999999347,,0.0,
190.2113299999934,,,0.0
190.2426399999938,0.0,,
190.24775999999346,,0.0,
190.3113299999934,,,0.0
190.3426399999938,0.0,,
190.34775999999346,,0.0,
190.4113299999934,,,0.0
190.4426399999938,0.0,,
190.44775999999345,,0.0,
190.5113299999934,,,0.0
190.54263999999378,0.0,,
190.54775999999345,,0.0,
190.6113299999934,,,0.0
190.64263999999378,0.0,,
190.64775999999344,,0.0,
190.71132999999338,,,0.0
190.74263999999377,0.0,,
190.74775999999343,,0.0,
190.81132999999338,,,0.0
190.84263999999376,0.0,,
190.84775999999343,,0.0,
190.91132999999337,,,0.0
190.94263999999376,0.0,,
190.94775999999342,,0.0,
191.01132999999336,,,0.0
191.04263999999375,0.0,,
191.04775999999342,,0.0,
191.11132999999336,,,0.0
191.14263999999375,0.0,,
191.1477599999934,,0.0,
191.21132999999335,,,0.0
191.24263999999374,0.0,,
191.2477599999934,,0.0,
191.31132999999335,,,0.0
191.34263999999374,0.0,,
191.3477599999934,,0.0,
191.41132999999334,,,0.0
191.44263999999373,0.0,,
191.4477599999934,,0.0,
191.51132999999334,,,0.0
191.54263999999372,0.0,,
191.5477599999934,,0.0,
191.61132999999333,,,0.0
191.64263999999372,0.0,,
191.64775999999338,,0.0,
191.71132999999332,,,0.0
191.7426399999937,0.0,,
191.74775999999338,,0.0,
191.81132999999332,,,0.0
191.8426399999937,0.0,,
191.84775999999337,,0.0,
191.9113299999933,,,0.0
191.9426399999937,0.0,,
191.94775999999337,,0.0,
192.0113299999933,,,0.0
192.0426399999937,0.0,,
192.04775999999336,,0.0,
192.1113299999933,,,0.0
192.1426399999937,0.0,,
192.14775999999335,,0.0,
192.2113299999933,,,0.0
192.24263999999368,0.0,,
192.24775999999335,,0.0,
192.3113299999933,,,0.0
192.34263999999368,0.0,,
192.34775999999334,,0.0,
192.41132999999328,,,0.0
192.44263999999367,0.0,,
192.44775999999334,,0.0,
192.51132999999328,,,0.0
192.54263999999367,0.0,,
192.54775999999333,,0.0,
192.61132999999327,,,0.0
192.64263999999366,0.0,,
192.64775999999333,,0.0,
192.71132999999327,,,0.0
192.74263999999366,0.0,,
192.74775999999332,,0.0,
192.81132999999326,,,0.0
192.84263999999365,0.0,,
192.84775999999331,,0.0,
192.91132999999326,,,0.0
192.94263999999365,0.0,,
192.9477599999933,,0.0,
193.01132999999325,,,0.0
193.04263999999364,0.0,,
193.0477599999933,,0.0,
193.11132999999325,,,0.0
193.14263999999363,0.0,,
193.1477599999933,,0.0,
193.21132999999324,,,0.0
193.24263999999363,0.0,,
193.2477599999933,,0.0,
193.31132999999323,,,0.0
193.34263999999362,0.0,,
193.3477599999933,,0.0,
193.41132999999323,,,0.0
193.44263999999362,0.0,,
193.44775999999328,,0.0,
193.51132999999322,,,0.0
193.5426399999936,0.0,,
193.54775999999327,,0.0,
193.61132999999322,,,0.0
193.6426399999936,0.0,,
193.64775999999327,,0.0,
193.7113299999932,,,0.0
193.7426399999936,0.0,,
193.74775999999326,,0.0,
193.8113299999932,,,0.0
193.8426399999936,0.0,,
193.84775999999326,,0.0,
193.9113299999932,,,0.0
193.9426399999936,0.0,,
193.94775999999325,,0.0,
194.0113299999932,,,0.0
194.04263999999358,0.0,,
194.04775999999325,,0.0,
194.1113299999932,,,0.0
194.14263999999358,0.0,,
194.14775999999324,,0.0,
194.21132999999318,,,0.0
194.24263999999357,0.0,,
194.24775999999324,,0.0,
194.31132999999318,,,0.0
194.34263999999357,0.0,,
194.34775999999323,,0.0,
194.41132999999317,,,0.0
194.44263999999356,0.0,,
194.44775999999322,,0.0,
194.51132999999317,,,0.0
194.54263999999355,0.0,,
194.54775999999322,,0.0,
194.61132999999316,,,0.0
194.64263999999355,0.0,,
194.6477599999932,,0.0,
194.71132999999315,,,0.0
194.74263999999354,0.0,,
194.7477599999932,,0.0,
194.81132999999315,,,0.0
194.84263999999354,0.0,,
194.8477599999932,,0.0,
194.91132999999314,,,0.0
194.94263999999353,0.0,,
194.9477599999932,,0.0,
195.01132999999314,,,0.0
195.04263999999353,0.0,,
195.0477599999932,,0.0,
195.11132999999313,,,0.0
195.14263999999352,0.0,,
195.14775999999318,,0.0,
195.21132999999313,,,0.0
195.24263999999351,0.0,,
195.24775999999318,,0.0,
195.31132999999312,,,0.0
195.3426399999935,0.0,,
195.34775999999317,,0.0,
195.41132999999311,,,0.0
195.4426399999935,0.0,,
195.44775999999317,,0.0,
195.5113299999931,,,0.0
195.5426399999935,0.0,,
195.54775999999316,,0.0,
195.6113299999931,,,0.0
195.6426399999935,0.0,,
195.64775999999316,,0.0,
195.7113299999931,,,0.0
195.7426399999935,0.0,,
195.74775999999315,,0.0,
195.8113299999931,,,0.0
195.84263999999348,0.0,,
195.84775999999314,,0.0,
195.9113299999931,,,0.0
195.94263999999347,0.0,,
195.94775999999314,,0.0,
196.01132999999308,,,0.0
196.04263999999347,0.0,,
196.04775999999313,,0.0,
196.11132999999307,,,0.0
196.14263999999346,0.0,,
196.14775999999313,,0.0,
196.21132999999307,,,0.0
196.24263999999346,0.0,,
196.24775999999312,,0.0,
196.31132999999306,,,0.0
196.34263999999345,0.0,,
196.34775999999312,,0.0,
196.41132999999306,,,0.0
196.44263999999345,0.0,,
196.4477599999931,,0.0,
196.51132999999305,,,0.0
196.54263999999344,0.0,,
196.5477599999931,,0.0,
196.61132999999305,,,0.0
196.64263999999343,0.0,,
196.6477599999931,,0.0,
196.71132999999304,,,0.0
196.74263999999343,0.0,,
196.7477599999931,,0.0,
196.81132999999303,,,0.0
196.84263999999342,0.0,,
196.8477599999931,,0.0,
196.91132999999303,,,0.0
196.94263999999342,0.0,,
196.94775999999308,,0.0,
197.01132999999302,,,0.0
197.0426399999934,0.0,,
197.04775999999308,,0.0,
197.11132999999302,,,0.0
197.1426399999934,0.0,,
197.14775999999307,,0.0,
197.211329999993,,,0.0
197.2426399999934,0.0,,
197.24775999999306,,0.0,
197.311329999993,,,0.0
197.3426399999934,0.0,,
197.34775999999306,,0.0,
197.411329999993,,,0.0
197.4426399999934,0.0,,
197.44775999999305,,0.0,
197.511329999993,,,0.0
197.54263999999338,0.0,,
197.54775999999305,,0.0,
197.611329999993,,,0.0
197.64263999999338,0.0,,
197.64775999999304,,0.0,
197.71132999999298,,,0.0
197.74263999999337,0.0,,
197.74775999999304,,0.0,
197.81132999999298,,,0.0
197.84263999999337,0.0,,
197.84775999999303,,0.0,
197.91132999999297,,,0.0
197.94263999999336,0.0,,
197.94775999999302,,0.0,
198.01132999999297,,,0.0
198.04263999999336,0.0,,
198.04775999999302,,0.0,
198.11132999999296,,,0.0
198.14263999999335,0.0,,
198.147759999993,,0.0,
198.21132999999296,,,0.0
198.24263999999334,0.0,,
198.247759999993,,0.0,
198.31132999999295,,,0.0
198.34263999999334,0.0,,
198.347759999993,,0.0,
198.41132999999294,,,0.0
198.44263999999333,0.0,,
198.447759999993,,0.0,
198.51132999999294,,,0.0
198.54263999999333,0.0,,
198.547759999993,,0.0,
198.61132999999293,,,0.0
198.64263999999332,0.0,,
198.64775999999299,,0.0,
198.71132999999293,,,0.0
198.74263999999332,0.0,,
198.74775999999298,,0.0,
198.81132999999292,,,0.0
198.8426399999933,0.0,,
198.84775999999297,,0.0,
198.91132999999292,,,0.0
198.9426399999933,0.0,,
198.94775999999297,,0.0,
199.0113299999929,,,0.0
199.0426399999933,0.0,,
199.04775999999296,,0.0,
199.1113299999929,,,0.0
199.1426399999933,0.0,,
199.14775999999296,,0.0,
199.2113299999929,,,0.0
199.2426399999933,0.0,,
199.24775999999295,,0.0,
199.3113299999929,,,0.0
199.34263999999328,0.0,,
199.34775999999295,,0.0,
199.4113299999929,,,0.0
199.44263999999328,0.0,,
199.44775999999294,,0.0,
199.51132999999288,,,0.0
199.54263999999327,0.0,,
199.54775999999293,,0.0,
199.61132999999288,,,0.0
199.64263999999326,0.0,,
199.64775999999293,,0.0,
199.71132999999287,,,0.0
199.74263999999326,0.0,,
199.74775999999292,,0.0,
199.81132999999286,,,0.0
199.84263999999325,0.0,,
199.84775999999292,,0.0,
199.91132999999286,,,0.0
199.94263999999325,0.0,,
199.9477599999929,,0.0,
