job_times,data_arrival_times
3.242,0.23605999999999946
2.0519999999999996,0.4094600000001023
5.457999999999998,0.2623100000017544
4.125999999999998,3.1438300000032413
2.378,1.6747450000016926
4.052000000000007,0.2592700000012087
5.813999999999993,1.240160000001282
3.5819999999999936,1.7189699999997288
4.072000000000003,0.288954999999504
5.187999999999988,0.16810500000011075
2.7079999999999984,0.24349499999993895
5.689999999999998,0.1583800000002782
