job_times,data_arrival_times
4.25,0.16855999999940252
3.7775000000000034,0.2820050000009644
5.666250000000005,3.3789800000045958
4.316249999999997,0.18452000000368685
3.9825000000000017,0.43752000000145586
2.8587500000000006,8.312024999999679
3.332499999999996,0.30254499999828965
5.271250000000009,16.48621000007239
3.9325000000000045,0.24929000008435764
2.2687500000000114,11.963020000032373
