time_bin_mid,avg_data_arrival_time
7.5,2.101000000000071
105.5,1.876999999998361
121.5,1.6013723734038763
171.5,2.2689999999929285
