task_times,data_arrival_times
5.9025,1.8546000000000271
4.015000000000001,2.332800000000425
3.9962500000000034,2.183749999999108
5.441249999999997,3.0858499999611126
3.623750000000001,2.7059499999525087
5.344999999999999,2.060499999946302
2.4350000000000023,2.0805005861794825
