task_times,data_arrival_times
2.780000000000001,2.167799999996518
3.4666666666666686,2.202299999990089
4.093333333333334,1.7674188561042854
2.6866666666666674,2.1431999999875586
3.0500000000000114,1.8382999999863614
