job_times,data_arrival_times
3.501999999999999,2.303929999999939
4.016000000000002,1.1262100000000395
2.8500000000000014,0.37353999999977106
2.3059999999999974,0.2778700000021388
2.239999999999995,9.044190000001606
5.058000000000007,3.953370000001712
4.626000000000005,0.3083700000003091
3.156000000000006,3.5751200000002825
2.4879999999999995,0.12785999999954356
3.6200000000000045,0.24073999999902185
2.210000000000008,0.368949999999046
