job_times,data_arrival_times
3.4139999999999997,0.18954000000001336
3.4200000000000017,0.20322999999978109
5.216000000000001,0.4846599999998986
3.165999999999997,0.23199000000140302
3.769999999999996,12.927120000002034
2.926000000000002,0.26895000000141067
4.994,4.820055000002753
5.132000000000005,0.20472000000032153
4.659999999999997,0.20878999999942494
3.156000000000006,0.3465599999992719
