job_times,data_arrival_times
4.526666666666667,0.2476849999999633
3.086666666666666,1.2302950000032098
3.0633333333333326,0.3252250000070802
2.2333333333333343,16.458094999993122
5.359999999999999,0.3195049999904711
4.236666666666665,5.07308499999948
3.1899999999999977,6.880745000001497
5.013333333333321,0.25959500000053026
5.123333333333335,0.30764500000353223
3.2466666666666697,0.3202300000065179
5.173333333333346,0.29272000000469234
