job_times,data_arrival_times
5.2875,0.1854800000000334
3.5074999999999985,0.291799999999915
4.963750000000001,0.2628399999995139
3.1225000000000023,2.915390000002702
2.051249999999996,18.642949999998493
3.605000000000004,0.2689499999981848
3.426249999999996,0.18042999999649112
2.6787499999999937,0.2879899999947355
2.991250000000008,37.29362000005679
