time,Router_11_load
0.0,0
0.1,0
0.10013000000000001,1
0.2,1
0.2,0
0.2,0
0.30000000000000004,0
0.4,0
0.5,0
0.6,0
0.7,0
0.7999999999999999,0
0.8999999999999999,0
0.9999999999999999,0
1.0999999999999999,0
1.10016,1
1.2,1
1.2,0
1.2,0
1.3,0
1.4000000000000001,0
1.5000000000000002,0
1.6000000000000003,0
1.6100000000000003,1
1.7000000000000004,1
1.7000000000000004,0
1.7000000000000004,0
1.7161100000000005,1
1.7161100000000005,1
1.7161100000000005,0
1.7161100000000005,0
1.7261850000000005,0
1.8261850000000006,0
1.8300750000000006,0
1.8401050000000005,1
1.8401350000000005,2
1.9261850000000007,2
1.9261850000000007,1
1.9261850000000007,1
1.9362600000000008,1
1.9362600000000008,0
1.9362600000000008,0
1.9463350000000008,0
2.0401500000000006,0
2.046335000000001,0
2.0501800000000006,1
2.0502100000000008,2
2.0502250000000006,2
2.0602550000000006,3
2.060285000000001,4
2.146335000000001,4
2.146335000000001,3
2.146335000000001,3
2.156410000000001,3
2.156410000000001,2
2.156410000000001,2
2.166485000000001,2
2.166485000000001,1
2.166485000000001,1
2.176560000000001,1
2.176560000000001,0
2.176560000000001,0
2.186635000000001,0
2.260300000000001,0
2.270330000000001,1
2.270360000000001,2
2.270375000000001,2
2.280405000000001,3
2.280435000000001,4
2.280450000000001,4
2.2866350000000013,4
2.2866350000000013,3
2.2866350000000013,3
2.290480000000001,4
2.290510000000001,5
2.290525000000001,5
2.2967100000000014,5
2.2967100000000014,4
2.2967100000000014,4
2.300555000000001,5
2.300585000000001,6
2.3067850000000014,6
2.3067850000000014,5
2.3067850000000014,5
2.3168600000000015,5
2.3168600000000015,4
2.3168600000000015,4
2.3269350000000015,4
2.3269350000000015,3
2.3269350000000015,3
2.3370100000000016,3
2.3370100000000016,2
2.3370100000000016,2
2.3470850000000016,2
2.3470850000000016,1
2.3470850000000016,1
2.3571600000000017,1
2.3571600000000017,0
2.3571600000000017,0
2.3672350000000018,0
2.400600000000001,0
2.410630000000001,1
2.4106600000000014,2
2.4106750000000012,2
2.420705000000001,3
2.4207350000000014,4
2.4207500000000013,4
2.4307800000000013,5
2.4308100000000015,6
2.4308250000000013,6
2.4408550000000013,7
2.4408850000000015,8
2.4409000000000014,8
2.4509300000000014,9
2.4509600000000016,10
2.4509750000000015,10
2.4610050000000014,11
2.4610350000000016,12
2.4610500000000015,12
2.467235000000002,12
2.467235000000002,11
2.467235000000002,11
2.4710800000000015,12
2.4711100000000017,13
2.4711250000000016,13
2.477310000000002,13
2.477310000000002,12
2.477310000000002,12
2.4811550000000016,13
2.4811850000000018,14
2.487385000000002,14
2.487385000000002,13
2.487385000000002,13
2.497460000000002,13
2.497460000000002,12
2.497460000000002,12
2.507535000000002,12
2.507535000000002,11
2.507535000000002,11
2.517610000000002,11
2.517610000000002,10
2.517610000000002,10
2.527685000000002,10
2.527685000000002,9
2.527685000000002,9
2.5377600000000022,9
2.5377600000000022,8
2.5377600000000022,8
2.5478350000000023,8
2.5478350000000023,7
2.5478350000000023,7
2.5579100000000023,7
2.5579100000000023,6
2.5579100000000023,6
2.5679850000000024,6
2.5679850000000024,5
2.5679850000000024,5
2.5780600000000025,5
2.5780600000000025,4
2.5780600000000025,4
2.5812000000000017,4
2.5881350000000025,4
2.5881350000000025,3
2.5881350000000025,3
2.5912300000000017,4
2.591260000000002,5
2.5912750000000018,5
2.5982100000000026,5
2.5982100000000026,4
2.5982100000000026,4
2.6013050000000018,5
2.601335000000002,6
2.601350000000002,6
2.6082850000000026,6
2.6082850000000026,5
2.6082850000000026,5
2.611380000000002,6
2.611410000000002,7
2.611425000000002,7
2.6183600000000027,7
2.6183600000000027,6
2.6183600000000027,6
2.621455000000002,7
2.621485000000002,8
2.621500000000002,8
2.6284350000000027,8
2.6284350000000027,7
2.6284350000000027,7
2.631530000000002,8
2.631560000000002,9
2.631575000000002,9
2.638510000000003,9
2.638510000000003,8
2.638510000000003,8
2.641605000000002,9
2.641635000000002,10
2.641650000000002,10
2.648585000000003,10
2.648585000000003,9
2.648585000000003,9
2.651680000000002,10
2.6517100000000022,11
2.651725000000002,11
2.658660000000003,11
2.658660000000003,10
2.658660000000003,10
2.661755000000002,11
2.6617850000000023,12
2.661800000000002,12
2.668735000000003,12
2.668735000000003,11
2.668735000000003,11
2.671830000000002,12
2.6718600000000023,13
2.671875000000002,13
2.678810000000003,13
2.678810000000003,12
2.678810000000003,12
2.681905000000002,13
2.6819350000000024,14
2.6819500000000023,14
2.688885000000003,14
2.688885000000003,13
2.688885000000003,13
2.6919800000000023,14
2.6920100000000025,15
2.6920250000000023,15
2.698960000000003,15
2.698960000000003,14
2.698960000000003,14
2.7020550000000023,15
2.7020850000000025,16
2.7021000000000024,16
2.709035000000003,16
2.709035000000003,15
2.709035000000003,15
2.7121300000000024,16
2.7121600000000026,17
2.7121750000000024,17
2.7191100000000032,17
2.7191100000000032,16
2.7191100000000032,16
2.7222050000000024,17
2.7222350000000026,18
2.7222500000000025,18
2.7291850000000033,18
2.7291850000000033,17
2.7291850000000033,17
2.7322800000000025,18
2.7323100000000027,19
2.7323250000000026,19
2.7392600000000034,19
2.7392600000000034,18
2.7392600000000034,18
2.7423550000000025,19
2.7423850000000027,20
2.7424000000000026,20
2.7493350000000034,20
2.7493350000000034,19
2.7493350000000034,19
2.7524300000000026,20
2.752460000000003,21
2.7524750000000027,21
2.7594100000000035,21
2.7594100000000035,20
2.7594100000000035,20
2.7625050000000027,21
2.762535000000003,22
2.7625500000000027,22
2.7694850000000035,22
2.7694850000000035,21
2.7694850000000035,21
2.7725800000000027,22
2.772610000000003,23
2.772625000000003,23
2.7795600000000036,23
2.7795600000000036,22
2.7795600000000036,22
2.7826550000000028,23
2.782685000000003,24
2.782700000000003,24
2.7896350000000036,24
2.7896350000000036,23
2.7896350000000036,23
2.792730000000003,24
2.792760000000003,25
2.792775000000003,25
2.7997100000000037,25
2.7997100000000037,24
2.7997100000000037,24
2.802805000000003,25
2.802835000000003,26
2.802850000000003,26
2.8097850000000038,26
2.8097850000000038,25
2.8097850000000038,25
2.812880000000003,26
2.812910000000003,27
2.812925000000003,27
2.819860000000004,27
2.819860000000004,26
2.819860000000004,26
2.822955000000003,27
2.822985000000003,28
2.823000000000003,28
2.829935000000004,28
2.829935000000004,27
2.829935000000004,27
2.833030000000003,28
2.8330600000000032,29
2.833075000000003,29
2.840010000000004,29
2.840010000000004,28
2.840010000000004,28
2.843105000000003,29
2.8431350000000033,30
2.843150000000003,30
2.850085000000004,30
2.850085000000004,29
2.850085000000004,29
2.853180000000003,30
2.8532100000000034,31
2.8532250000000032,31
2.860160000000004,31
2.860160000000004,30
2.860160000000004,30
2.863255000000003,31
2.8632850000000034,32
2.8633000000000033,32
2.870235000000004,32
2.870235000000004,31
2.870235000000004,31
2.8733300000000033,32
2.8733600000000035,33
2.8733750000000033,33
2.880310000000004,33
2.880310000000004,32
2.880310000000004,32
2.8834050000000033,33
2.8834350000000035,34
2.8834500000000034,34
2.890385000000004,34
2.890385000000004,33
2.890385000000004,33
2.8934800000000034,34
2.8935100000000036,35
2.8935250000000035,35
2.9004600000000043,35
2.9004600000000043,34
2.9004600000000043,34
2.9035550000000034,35
2.9035850000000036,36
2.9036000000000035,36
2.9105350000000043,36
2.9105350000000043,35
2.9105350000000043,35
2.9136300000000035,36
2.9136600000000037,37
2.9136750000000036,37
2.9206100000000044,37
2.9206100000000044,36
2.9206100000000044,36
2.9237050000000036,37
2.9237350000000037,38
2.9237500000000036,38
2.9306850000000044,38
2.9306850000000044,37
2.9306850000000044,37
2.9337800000000036,38
2.933810000000004,39
2.9338250000000037,39
2.9407600000000045,39
2.9407600000000045,38
2.9407600000000045,38
2.9438350000000035,39
2.9439000000000037,39
2.9508350000000045,39
2.9508350000000045,38
2.9508350000000045,38
2.953975000000004,38
2.9609100000000046,38
2.9609100000000046,37
2.9609100000000046,37
2.964050000000004,37
2.9709850000000046,37
2.9709850000000046,36
2.9709850000000046,36
2.974125000000004,36
2.9810600000000047,36
2.9810600000000047,35
2.9810600000000047,35
2.984200000000004,35
2.9911350000000048,35
2.9911350000000048,34
2.9911350000000048,34
2.994275000000004,34
3.001210000000005,34
3.001210000000005,33
3.001210000000005,33
3.004350000000004,33
3.011285000000005,33
3.011285000000005,32
3.011285000000005,32
3.014425000000004,32
3.021360000000005,32
3.021360000000005,31
3.021360000000005,31
3.024500000000004,31
3.031435000000005,31
3.031435000000005,30
3.031435000000005,30
3.0345750000000042,30
3.041510000000005,30
3.041510000000005,29
3.041510000000005,29
3.0446500000000043,29
3.051585000000005,29
3.051585000000005,28
3.051585000000005,28
3.0547250000000044,28
3.061660000000005,28
3.061660000000005,27
3.061660000000005,27
3.0648000000000044,27
3.071735000000005,27
3.071735000000005,26
3.071735000000005,26
3.0748750000000045,26
3.0818100000000053,26
3.0818100000000053,25
3.0818100000000053,25
3.0849500000000045,25
3.0918850000000053,25
3.0918850000000053,24
3.0918850000000053,24
3.0950250000000046,24
3.10019,25
3.1019600000000054,25
3.1019600000000054,24
3.1019600000000054,24
3.1051000000000046,24
3.1120350000000054,24
3.1120350000000054,23
3.1120350000000054,23
3.1151750000000047,23
3.1221100000000055,23
3.1221100000000055,22
3.1221100000000055,22
3.1252500000000047,22
3.1321850000000055,22
3.1321850000000055,21
3.1321850000000055,21
3.135325000000005,21
3.1422600000000056,21
3.1422600000000056,20
3.1422600000000056,20
3.145400000000005,20
3.1523350000000057,20
3.1523350000000057,19
3.1523350000000057,19
3.155475000000005,19
3.1624100000000057,19
3.1624100000000057,18
3.1624100000000057,18
3.165550000000005,18
3.1724850000000058,18
3.1724850000000058,17
3.1724850000000058,17
3.175625000000005,17
3.182560000000006,17
3.182560000000006,16
3.182560000000006,16
3.185700000000005,16
3.192635000000006,16
3.192635000000006,15
3.192635000000006,15
3.195775000000005,15
3.202710000000006,15
3.202710000000006,14
3.202710000000006,14
3.205850000000005,14
3.212785000000006,14
3.212785000000006,13
3.212785000000006,13
3.2159250000000053,13
3.222860000000006,13
3.222860000000006,12
3.222860000000006,12
3.2260000000000053,12
3.232935000000006,12
3.232935000000006,11
3.232935000000006,11
3.2360750000000054,11
3.243010000000006,11
3.243010000000006,10
3.243010000000006,10
3.2461500000000054,10
3.253085000000006,10
3.253085000000006,9
3.253085000000006,9
3.2562250000000055,9
3.2631600000000063,9
3.2631600000000063,8
3.2631600000000063,8
3.2663000000000055,8
3.2732350000000063,8
3.2732350000000063,7
3.2732350000000063,7
3.2763750000000056,7
3.2833100000000064,7
3.2833100000000064,6
3.2833100000000064,6
3.2864500000000056,6
3.2933850000000064,6
3.2933850000000064,5
3.2933850000000064,5
3.2965250000000057,5
3.3034600000000065,5
3.3034600000000065,4
3.3034600000000065,4
3.3066000000000058,4
3.3135350000000066,4
3.3135350000000066,3
3.3135350000000066,3
3.316675000000006,3
3.3236100000000066,3
3.3236100000000066,2
3.3236100000000066,2
3.326750000000006,2
3.3336850000000067,2
3.3336850000000067,1
3.3336850000000067,1
3.336825000000006,1
3.343710000000007,1
3.343710000000007,0
3.343710000000007,0
3.346900000000006,0
3.356975000000006,0
3.367050000000006,0
3.377125000000006,0
3.387200000000006,0
3.3972750000000063,0
3.4073500000000063,0
3.4174250000000064,0
3.4275000000000064,0
3.4375750000000065,0
3.443710000000007,0
3.4476000000000067,0
3.4576000000000064,1
3.543710000000007,1
3.543710000000007,0
3.543710000000007,0
3.553710000000007,0
3.653710000000007,0
3.753710000000007,0
3.853710000000007,0
3.953710000000007,0
4.053710000000007,0
4.1537100000000065,0
4.253710000000006,0
4.353710000000006,0
4.453710000000005,0
4.553710000000005,0
4.653710000000005,0
4.753710000000004,0
4.853710000000004,0
4.953710000000004,0
5.053710000000003,0
5.057600000000003,1
5.153710000000003,1
5.153710000000003,0
5.153710000000003,0
5.174700000000002,1
5.174700000000002,1
5.174700000000002,0
5.174700000000002,0
5.184775000000002,0
5.277675000000002,0
5.2847750000000016,0
5.287705000000002,1
5.287735000000001,2
5.384775000000001,2
5.384775000000001,1
5.384775000000001,1
5.394850000000001,1
5.394850000000001,0
5.394850000000001,0
5.404925,0
5.487750000000001,0
5.4977800000000006,1
5.49781,2
5.497825000000001,2
5.504925,2
5.504925,1
5.504925,1
5.507855,2
5.507885,3
5.515,3
5.515,2
5.515,2
5.525074999999999,2
5.525074999999999,1
5.525074999999999,1
5.535149999999999,1
5.535149999999999,0
5.535149999999999,0
5.5452249999999985,0
5.6079,0
5.617929999999999,1
5.617959999999999,2
5.6179749999999995,2
5.628004999999999,3
5.628034999999999,4
5.628049999999999,4
5.638079999999999,5
5.638109999999998,6
5.638124999999999,6
5.645224999999998,6
5.645224999999998,5
5.645224999999998,5
5.648154999999998,6
5.648184999999998,7
5.655299999999998,7
5.655299999999998,6
5.655299999999998,6
5.665374999999997,6
5.665374999999997,5
5.665374999999997,5
5.675449999999997,5
5.675449999999997,4
5.675449999999997,4
5.685524999999997,4
5.685524999999997,3
5.685524999999997,3
5.695599999999996,3
5.695599999999996,2
5.695599999999996,2
5.705674999999996,2
5.705674999999996,1
5.705674999999996,1
5.7157499999999954,1
5.7157499999999954,0
5.7157499999999954,0
5.725824999999995,0
5.748199999999998,0
5.7582299999999975,1
5.758259999999997,2
5.758274999999998,2
5.768304999999997,3
5.768334999999997,4
5.768349999999997,4
5.778379999999997,5
5.7784099999999965,6
5.778424999999997,6
5.788454999999996,7
5.788484999999996,8
5.788499999999996,8
5.798529999999996,9
5.798559999999996,10
5.798574999999996,10
5.808604999999996,11
5.808634999999995,12
5.808649999999996,12
5.818679999999995,13
5.818709999999995,14
5.818724999999995,14
5.825824999999995,14
5.825824999999995,13
5.825824999999995,13
5.828754999999995,14
5.8287849999999946,15
5.835899999999994,15
5.835899999999994,14
5.835899999999994,14
5.845974999999994,14
5.845974999999994,13
5.845974999999994,13
5.8560499999999935,13
5.8560499999999935,12
5.8560499999999935,12
5.866124999999993,12
5.866124999999993,11
5.866124999999993,11
5.876199999999993,11
5.876199999999993,10
5.876199999999993,10
5.886274999999992,10
5.886274999999992,9
5.886274999999992,9
5.896349999999992,9
5.896349999999992,8
5.896349999999992,8
5.906424999999992,8
5.906424999999992,7
5.906424999999992,7
5.916499999999991,7
5.916499999999991,6
5.916499999999991,6
5.926574999999991,6
5.926574999999991,5
5.926574999999991,5
5.9287999999999945,5
5.93664999999999,5
5.93664999999999,4
5.93664999999999,4
5.938829999999994,5
5.938859999999994,6
5.938874999999994,6
5.94672499999999,6
5.94672499999999,5
5.94672499999999,5
5.948904999999994,6
5.948934999999993,7
5.948949999999994,7
5.95679999999999,7
5.95679999999999,6
5.95679999999999,6
5.958979999999993,7
5.959009999999993,8
5.959024999999993,8
5.966874999999989,8
5.966874999999989,7
5.966874999999989,7
5.969054999999993,8
5.969084999999993,9
5.969099999999993,9
5.976949999999989,9
5.976949999999989,8
5.976949999999989,8
5.9791299999999925,9
5.979159999999992,10
5.979174999999993,10
5.9870249999999885,10
5.9870249999999885,9
5.9870249999999885,9
5.989204999999992,10
5.989234999999992,11
5.989249999999992,11
5.997099999999988,11
5.997099999999988,10
5.997099999999988,10
5.999279999999992,11
5.9993099999999915,12
5.999324999999992,12
6.007174999999988,12
6.007174999999988,11
6.007174999999988,11
6.009354999999991,12
6.009384999999991,13
6.009399999999991,13
6.017249999999987,13
6.017249999999987,12
6.017249999999987,12
6.019429999999991,13
6.019459999999991,14
6.019474999999991,14
6.027324999999987,14
6.027324999999987,13
6.027324999999987,13
6.029504999999991,14
6.02953499999999,15
6.029549999999991,15
6.0373999999999866,15
6.0373999999999866,14
6.0373999999999866,14
6.03957999999999,15
6.03960999999999,16
6.03962499999999,16
6.047474999999986,16
6.047474999999986,15
6.047474999999986,15
6.04965499999999,16
6.0496849999999895,17
6.04969999999999,17
6.057549999999986,17
6.057549999999986,16
6.057549999999986,16
6.059729999999989,17
6.059759999999989,18
6.0597749999999895,18
6.067624999999985,18
6.067624999999985,17
6.067624999999985,17
6.069804999999989,18
6.069834999999989,19
6.069849999999989,19
6.077699999999985,19
6.077699999999985,18
6.077699999999985,18
6.079879999999989,19
6.079909999999988,20
6.079924999999989,20
6.087774999999985,20
6.087774999999985,19
6.087774999999985,19
6.089954999999988,20
6.089984999999988,21
6.089999999999988,21
6.097849999999984,21
6.097849999999984,20
6.097849999999984,20
6.100029999999988,21
6.100059999999988,22
6.100074999999988,22
6.107924999999984,22
6.107924999999984,21
6.107924999999984,21
6.1101049999999875,22
6.110134999999987,23
6.1101499999999875,23
6.1179999999999835,23
6.1179999999999835,22
6.1179999999999835,22
6.120179999999987,23
6.120209999999987,24
6.120224999999987,24
6.128074999999983,24
6.128074999999983,23
6.128074999999983,23
6.130254999999987,24
6.130284999999986,25
6.130299999999987,25
6.138149999999983,25
6.138149999999983,24
6.138149999999983,24
6.140329999999986,25
6.140359999999986,26
6.140374999999986,26
6.148224999999982,26
6.148224999999982,25
6.148224999999982,25
6.150404999999986,26
6.150434999999986,27
6.150449999999986,27
6.158299999999982,27
6.158299999999982,26
6.158299999999982,26
6.1604799999999855,27
6.160509999999985,28
6.160524999999986,28
6.1683749999999815,28
6.1683749999999815,27
6.1683749999999815,27
6.170554999999985,28
6.170584999999985,29
6.170599999999985,29
6.178449999999981,29
6.178449999999981,28
6.178449999999981,28
6.180629999999985,29
6.1806599999999845,30
6.180674999999985,30
6.188524999999981,30
6.188524999999981,29
6.188524999999981,29
6.190704999999984,30
6.190734999999984,31
6.190749999999984,31
6.19859999999998,31
6.19859999999998,30
6.19859999999998,30
6.200779999999984,31
6.200809999999984,32
6.200824999999984,32
6.20867499999998,32
6.20867499999998,31
6.20867499999998,31
6.210854999999984,32
6.210884999999983,33
6.210899999999984,33
6.21874999999998,33
6.21874999999998,32
6.21874999999998,32
6.220929999999983,33
6.220959999999983,34
6.220974999999983,34
6.228824999999979,34
6.228824999999979,33
6.228824999999979,33
6.231004999999983,34
6.231034999999983,35
6.231049999999983,35
6.238899999999979,35
6.238899999999979,34
6.238899999999979,34
6.241079999999982,35
6.241109999999982,36
6.2411249999999825,36
6.248974999999978,36
6.248974999999978,35
6.248974999999978,35
6.251154999999982,36
6.251184999999982,37
6.251199999999982,37
6.259049999999978,37
6.259049999999978,36
6.259049999999978,36
6.261229999999982,37
6.261259999999981,38
6.261274999999982,38
6.269124999999978,38
6.269124999999978,37
6.269124999999978,37
6.271304999999981,38
6.271334999999981,39
6.271349999999981,39
6.279199999999977,39
6.279199999999977,38
6.279199999999977,38
6.281379999999981,39
6.281409999999981,40
6.281424999999981,40
6.289274999999977,40
6.289274999999977,39
6.289274999999977,39
6.2914549999999805,40
6.29148499999998,41
6.2914999999999806,41
6.2993499999999765,41
6.2993499999999765,40
6.2993499999999765,40
6.30152999999998,41
6.30155999999998,42
6.30157499999998,42
6.309424999999976,42
6.309424999999976,41
6.309424999999976,41
6.31160499999998,42
6.3116349999999795,43
6.31164999999998,43
6.319499999999976,43
6.319499999999976,42
6.319499999999976,42
6.321679999999979,43
6.321709999999979,44
6.321724999999979,44
6.329574999999975,44
6.329574999999975,43
6.329574999999975,43
6.331754999999979,44
6.331784999999979,45
6.331799999999979,45
6.339649999999975,45
6.339649999999975,44
6.339649999999975,44
6.3418299999999785,45
6.341859999999978,46
6.341874999999979,46
6.3497249999999745,46
6.3497249999999745,45
6.3497249999999745,45
6.351904999999978,46
6.351934999999978,47
6.351949999999978,47
6.359799999999974,47
6.359799999999974,46
6.359799999999974,46
6.361979999999978,47
6.3620099999999775,48
6.362024999999978,48
6.369874999999974,48
6.369874999999974,47
6.369874999999974,47
6.372054999999977,48
6.372084999999977,49
6.3720999999999774,49
6.379949999999973,49
6.379949999999973,48
6.379949999999973,48
6.382129999999977,49
6.382159999999977,50
6.382174999999977,50
6.390024999999973,50
6.390024999999973,49
6.390024999999973,49
6.392204999999977,50
6.392234999999976,51
6.392249999999977,51
6.400099999999973,51
6.400099999999973,50
6.400099999999973,50
6.402279999999976,51
6.402309999999976,52
6.402324999999976,52
6.410174999999972,52
6.410174999999972,51
6.410174999999972,51
6.412354999999976,52
6.412384999999976,53
6.412399999999976,53
6.420249999999972,53
6.420249999999972,52
6.420249999999972,52
6.422429999999975,53
6.422459999999975,54
6.4224749999999755,54
6.430324999999971,54
6.430324999999971,53
6.430324999999971,53
6.432504999999975,54
6.432549999999975,54
6.440399999999971,54
6.440399999999971,53
6.440399999999971,53
6.442579999999975,54
6.442624999999975,54
6.450474999999971,54
6.450474999999971,53
6.450474999999971,53
6.452654999999974,54
6.452699999999974,54
6.46054999999997,54
6.46054999999997,53
6.46054999999997,53
6.462729999999974,54
6.462774999999974,54
6.47062499999997,54
6.47062499999997,53
6.47062499999997,53
6.4728049999999735,54
6.472849999999974,54
6.4806999999999695,54
6.4806999999999695,53
6.4806999999999695,53
6.482879999999973,54
6.482924999999973,54
6.490774999999969,54
6.490774999999969,53
6.490774999999969,53
6.492954999999973,54
6.492999999999973,54
6.500849999999969,54
6.500849999999969,53
6.500849999999969,53
6.503029999999972,54
6.503074999999972,54
6.510924999999968,54
6.510924999999968,53
6.510924999999968,53
6.513104999999972,54
6.513149999999972,54
6.520999999999968,54
6.520999999999968,53
6.520999999999968,53
6.523179999999972,54
6.523224999999972,54
6.5310749999999675,54
6.5310749999999675,53
6.5310749999999675,53
6.533254999999971,54
6.533299999999971,54
6.541149999999967,54
6.541149999999967,53
6.541149999999967,53
6.543329999999971,54
6.543374999999971,54
6.551224999999967,54
6.551224999999967,53
6.551224999999967,53
6.55340499999997,54
6.5534499999999705,54
6.561299999999966,54
6.561299999999966,53
6.561299999999966,53
6.56347999999997,54
6.56352499999997,54
6.571374999999966,54
6.571374999999966,53
6.571374999999966,53
6.57355499999997,54
6.57359999999997,54
6.581449999999966,54
6.581449999999966,53
6.581449999999966,53
6.583629999999969,54
6.583674999999969,54
6.591524999999965,54
6.591524999999965,53
6.591524999999965,53
6.593704999999969,54
6.593749999999969,54
6.601599999999965,54
6.601599999999965,53
6.601599999999965,53
6.6037799999999685,54
6.6038249999999685,54
6.611674999999964,54
6.611674999999964,53
6.611674999999964,53
6.613854999999968,54
6.613899999999968,54
6.621749999999964,54
6.621749999999964,53
6.621749999999964,53
6.623929999999968,54
6.623959999999967,55
6.623974999999968,55
6.631824999999964,55
6.631824999999964,54
6.631824999999964,54
6.634004999999967,55
6.634049999999967,55
6.641899999999963,55
6.641899999999963,54
6.641899999999963,54
6.644079999999967,55
6.644124999999967,55
6.651974999999963,55
6.651974999999963,54
6.651974999999963,54
6.6541549999999665,55
6.654199999999967,55
6.6620499999999625,55
6.6620499999999625,54
6.6620499999999625,54
6.664229999999966,55
6.664274999999966,55
6.672124999999962,55
6.672124999999962,54
6.672124999999962,54
6.674304999999966,55
6.674349999999966,55
6.682199999999962,55
6.682199999999962,54
6.682199999999962,54
6.684379999999965,55
6.684424999999965,55
6.692274999999961,55
6.692274999999961,54
6.692274999999961,54
6.694454999999965,55
6.694499999999965,55
6.702349999999961,55
6.702349999999961,54
6.702349999999961,54
6.704529999999965,55
6.704574999999965,55
6.712424999999961,55
6.712424999999961,54
6.712424999999961,54
6.714604999999964,55
6.714649999999964,55
6.72249999999996,55
6.72249999999996,54
6.72249999999996,54
6.724679999999964,55
6.724724999999964,55
6.73257499999996,55
6.73257499999996,54
6.73257499999996,54
6.734754999999963,55
6.7347999999999635,55
6.742649999999959,55
6.742649999999959,54
6.742649999999959,54
6.744829999999963,55
6.744874999999963,55
6.752724999999959,55
6.752724999999959,54
6.752724999999959,54
6.754904999999963,55
6.754949999999963,55
6.762799999999959,55
6.762799999999959,54
6.762799999999959,54
6.764979999999962,55
6.765024999999962,55
6.772874999999958,55
6.772874999999958,54
6.772874999999958,54
6.775054999999962,55
6.775099999999962,55
6.782949999999958,55
6.782949999999958,54
6.782949999999958,54
6.7851299999999615,55
6.7851749999999615,55
6.7930249999999575,55
6.7930249999999575,54
6.7930249999999575,54
6.795204999999961,55
6.795249999999961,55
6.803099999999957,55
6.803099999999957,54
6.803099999999957,54
6.805279999999961,55
6.805324999999961,55
6.813174999999957,55
6.813174999999957,54
6.813174999999957,54
6.81535499999996,55
6.81539999999996,55
6.823249999999956,55
6.823249999999956,54
6.823249999999956,54
6.82542999999996,55
6.82545999999996,56
6.82547499999996,56
6.833324999999956,56
6.833324999999956,55
6.833324999999956,55
6.8355049999999595,56
6.83554999999996,56
6.8433999999999555,56
6.8433999999999555,55
6.8433999999999555,55
6.845579999999959,56
6.845624999999959,56
6.853474999999955,56
6.853474999999955,55
6.853474999999955,55
6.855654999999959,56
6.855699999999959,56
6.863549999999955,56
6.863549999999955,55
6.863549999999955,55
6.865729999999958,56
6.865774999999958,56
6.873624999999954,56
6.873624999999954,55
6.873624999999954,55
6.875804999999958,56
6.875849999999958,56
6.883699999999954,56
6.883699999999954,55
6.883699999999954,55
6.885879999999958,56
6.885924999999958,56
6.893774999999954,56
6.893774999999954,55
6.893774999999954,55
6.895954999999957,56
6.895999999999957,56
6.900129999999991,57
6.903849999999953,57
6.903849999999953,56
6.903849999999953,56
6.906029999999957,57
6.906074999999957,57
6.913924999999953,57
6.913924999999953,56
6.913924999999953,56
6.916104999999956,57
6.9161499999999565,57
6.923999999999952,57
6.923999999999952,56
6.923999999999952,56
6.926179999999956,57
6.926224999999956,57
6.934074999999952,57
6.934074999999952,56
6.934074999999952,56
6.936254999999956,57
6.936299999999956,57
6.944149999999952,57
6.944149999999952,56
6.944149999999952,56
6.946319999999956,57
6.946374999999955,57
6.954224999999951,57
6.954224999999951,56
6.954224999999951,56
6.956449999999955,56
6.964299999999951,56
6.964299999999951,55
6.964299999999951,55
6.966524999999955,55
6.9743749999999505,55
6.9743749999999505,54
6.9743749999999505,54
6.976599999999954,54
6.98444999999995,54
6.98444999999995,53
6.98444999999995,53
6.986674999999954,53
6.99452499999995,53
6.99452499999995,52
6.99452499999995,52
6.996749999999953,52
7.004599999999949,52
7.004599999999949,51
7.004599999999949,51
7.006824999999953,51
7.014674999999949,51
7.014674999999949,50
7.014674999999949,50
7.016899999999953,50
7.0247499999999485,50
7.0247499999999485,49
7.0247499999999485,49
7.026974999999952,49
7.034824999999948,49
7.034824999999948,48
7.034824999999948,48
7.037049999999952,48
7.044899999999948,48
7.044899999999948,47
7.044899999999948,47
7.0471249999999515,47
7.054974999999947,47
7.054974999999947,46
7.054974999999947,46
7.057199999999951,46
7.065049999999947,46
7.065049999999947,45
7.065049999999947,45
7.067274999999951,45
7.075124999999947,45
7.075124999999947,44
7.075124999999947,44
7.07734999999995,44
7.085199999999946,44
7.085199999999946,43
7.085199999999946,43
7.08742499999995,43
7.095274999999946,43
7.095274999999946,42
7.095274999999946,42
7.0974999999999495,42
7.100219999999999,43
7.105349999999945,43
7.105349999999945,42
7.105349999999945,42
7.107574999999949,42
7.115424999999945,42
7.115424999999945,41
7.115424999999945,41
7.117649999999949,41
7.125499999999945,41
7.125499999999945,40
7.125499999999945,40
7.127724999999948,40
7.135574999999944,40
7.135574999999944,39
7.135574999999944,39
7.137799999999948,39
7.145649999999944,39
7.145649999999944,38
7.145649999999944,38
7.147874999999948,38
7.1557249999999435,38
7.1557249999999435,37
7.1557249999999435,37
7.157949999999947,37
7.165799999999943,37
7.165799999999943,36
7.165799999999943,36
7.168024999999947,36
7.175874999999943,36
7.175874999999943,35
7.175874999999943,35
7.178099999999946,35
7.185949999999942,35
7.185949999999942,34
7.185949999999942,34
7.188174999999946,34
7.196024999999942,34
7.196024999999942,33
7.196024999999942,33
7.198249999999946,33
7.2060999999999416,33
7.2060999999999416,32
7.2060999999999416,32
7.208324999999945,32
7.216174999999941,32
7.216174999999941,31
7.216174999999941,31
7.218399999999945,31
7.226249999999941,31
7.226249999999941,30
7.226249999999941,30
7.2284749999999445,30
7.23632499999994,30
7.23632499999994,29
7.23632499999994,29
7.238549999999944,29
7.24639999999994,29
7.24639999999994,28
7.24639999999994,28
7.248624999999944,28
7.25647499999994,28
7.25647499999994,27
7.25647499999994,27
7.258699999999943,27
7.266549999999939,27
7.266549999999939,26
7.266549999999939,26
7.268774999999943,26
7.276624999999939,26
7.276624999999939,25
7.276624999999939,25
7.2788499999999425,25
7.2866999999999384,25
7.2866999999999384,24
7.2866999999999384,24
7.288924999999942,24
7.296774999999938,24
7.296774999999938,23
7.296774999999938,23
7.298999999999942,23
7.306849999999938,23
7.306849999999938,22
7.306849999999938,22
7.309074999999941,22
7.316924999999937,22
7.316924999999937,21
7.316924999999937,21
7.319149999999941,21
7.326999999999937,21
7.326999999999937,20
7.326999999999937,20
7.329224999999941,20
7.3370749999999365,20
7.3370749999999365,19
7.3370749999999365,19
7.33929999999994,19
7.347149999999936,19
7.347149999999936,18
7.347149999999936,18
7.34937499999994,18
7.357224999999936,18
7.357224999999936,17
7.357224999999936,17
7.359449999999939,17
7.367299999999935,17
7.367299999999935,16
7.367299999999935,16
7.369524999999939,16
7.377374999999935,16
7.377374999999935,15
7.377374999999935,15
7.379599999999939,15
7.387449999999935,15
7.387449999999935,14
7.387449999999935,14
7.389674999999938,14
7.397524999999934,14
7.397524999999934,13
7.397524999999934,13
7.399749999999938,13
7.407599999999934,13
7.407599999999934,12
7.407599999999934,12
7.4098249999999375,12
7.417674999999933,12
7.417674999999933,11
7.417674999999933,11
7.419899999999937,11
7.427749999999933,11
7.427749999999933,10
7.427749999999933,10
7.429974999999937,10
7.437824999999933,10
7.437824999999933,9
7.437824999999933,9
7.440049999999936,9
7.447899999999932,9
7.447899999999932,8
7.447899999999932,8
7.450124999999936,8
7.457974999999932,8
7.457974999999932,7
7.457974999999932,7
7.4601999999999355,7
7.4680499999999315,7
7.4680499999999315,6
7.4680499999999315,6
7.4680499999999315,5
7.4680499999999315,5
7.470274999999935,5
7.478124999999931,5
7.478124999999931,4
7.478124999999931,4
7.480349999999935,4
7.488199999999931,4
7.488199999999931,3
7.488199999999931,3
7.490424999999934,3
7.49827499999993,3
7.49827499999993,2
7.49827499999993,2
7.500499999999934,2
7.50834999999993,2
7.50834999999993,1
7.50834999999993,1
7.510574999999934,1
7.51839999999993,1
7.51839999999993,0
7.51839999999993,0
7.520649999999933,0
7.530724999999933,0
7.5407999999999324,0
7.550874999999932,0
7.560949999999932,0
7.571024999999931,0
7.581099999999931,0
7.5911749999999305,0
7.60124999999993,0
7.61129999999993,0
7.618399999999929,0
7.62129999999993,1
7.718399999999929,1
7.718399999999929,0
7.718399999999929,0
7.728399999999929,0
7.828399999999928,0
7.900159999999991,1
7.928399999999928,1
7.928399999999928,0
7.928399999999928,0
8.028399999999928,0
8.128399999999928,0
8.228399999999928,0
8.328399999999927,0
8.428399999999927,0
8.528399999999927,0
8.628399999999926,0
8.728399999999926,0
8.828399999999926,0
8.928399999999925,0
9.028399999999925,0
9.128399999999925,0
9.228399999999924,0
9.328399999999924,0
9.428399999999924,0
9.528399999999923,0
9.628399999999923,0
9.728399999999922,0
9.828399999999922,0
9.900189999999991,1
9.928399999999922,1
9.928399999999922,0
9.928399999999922,0
10.000259999999981,1
10.028399999999921,1
10.028399999999921,0
10.028399999999921,0
10.128399999999921,0
10.22839999999992,0
10.32839999999992,0
10.42839999999992,0
10.52839999999992,0
10.62839999999992,0
10.728399999999919,0
10.828399999999919,0
10.928399999999918,0
11.000289999999982,1
11.028399999999918,1
11.028399999999918,0
11.028399999999918,0
11.128399999999917,0
11.228399999999917,0
11.328399999999917,0
11.428399999999916,0
11.528399999999916,0
11.628399999999916,0
11.728399999999915,0
11.828399999999915,0
11.928399999999915,0
12.000259999999974,1
12.028399999999914,1
12.028399999999914,0
12.028399999999914,0
12.128399999999914,0
12.228399999999914,0
12.328399999999913,0
12.428399999999913,0
12.528399999999912,0
12.628399999999912,0
12.728399999999912,0
12.828399999999911,0
12.928399999999911,0
13.000289999999975,1
13.000319999999983,2
13.02839999999991,2
13.02839999999991,1
13.02839999999991,1
13.02839999999991,0
13.02839999999991,0
13.10012999999997,1
13.10022999999997,2
13.12839999999991,2
13.12839999999991,1
13.12839999999991,1
13.12839999999991,0
13.12839999999991,0
13.13839999999991,0
13.23839999999991,0
13.241804999999912,1
13.33839999999991,1
13.33839999999991,0
13.33839999999991,0
13.34847499999991,0
13.34847499999991,0
13.44847499999991,0
13.451879999999912,1
13.461954999999913,2
13.54847499999991,2
13.54847499999991,1
13.54847499999991,1
13.55854999999991,1
13.55854999999991,1
13.55854999999991,0
13.55854999999991,0
13.56862499999991,0
13.56862499999991,0
13.66862499999991,0
13.672029999999912,1
13.682104999999913,2
13.692179999999913,3
13.702254999999914,4
13.76862499999991,4
13.76862499999991,3
13.76862499999991,3
13.77869999999991,3
13.77869999999991,3
13.77869999999991,2
13.77869999999991,2
13.78877499999991,2
13.78877499999991,2
13.78877499999991,1
13.78877499999991,1
13.798849999999911,1
13.798849999999911,1
13.798849999999911,0
13.798849999999911,0
13.808924999999912,0
13.808924999999912,0
13.812329999999914,1
13.822404999999915,2
13.832479999999915,3
13.842554999999916,4
13.852629999999916,5
13.862704999999917,6
13.872779999999917,7
13.882854999999918,8
13.900219999999992,9
13.908924999999911,9
13.908924999999911,8
13.908924999999911,8
13.918999999999912,8
13.918999999999912,8
13.918999999999912,7
13.918999999999912,7
13.929074999999912,7
13.929074999999912,7
13.929074999999912,6
13.929074999999912,6
13.939149999999913,6
13.939149999999913,6
13.939149999999913,5
13.939149999999913,5
13.949224999999913,5
13.949224999999913,5
13.949224999999913,4
13.949224999999913,4
13.959299999999914,4
13.959299999999914,4
13.959299999999914,3
13.959299999999914,3
13.969374999999914,3
13.969374999999914,3
13.969374999999914,2
13.969374999999914,2
13.979449999999915,2
13.979449999999915,2
13.979449999999915,1
13.979449999999915,1
13.989524999999915,1
13.989524999999915,1
13.989524999999915,0
13.989524999999915,0
13.992929999999918,1
14.000389999999967,2
14.003004999999918,3
14.013079999999919,4
14.02315499999992,5
14.03322999999992,6
14.04330499999992,7
14.05337999999992,8
14.063454999999921,9
14.073529999999922,10
14.083604999999922,11
14.089524999999915,11
14.089524999999915,10
14.089524999999915,10
14.093679999999923,11
14.099599999999915,11
14.099599999999915,11
14.099599999999915,10
14.099599999999915,10
14.099599999999915,9
14.099599999999915,9
14.10015999999997,10
14.103754999999923,11
14.109674999999916,11
14.109674999999916,11
14.109674999999916,10
14.109674999999916,10
14.113829999999924,11
14.119749999999916,11
14.119749999999916,11
14.119749999999916,10
14.119749999999916,10
14.123904999999924,11
14.129824999999917,11
14.129824999999917,11
14.129824999999917,10
14.129824999999917,10
14.133979999999925,11
14.139899999999917,11
14.139899999999917,11
14.139899999999917,10
14.139899999999917,10
14.144054999999925,11
14.149974999999918,11
14.149974999999918,11
14.149974999999918,10
14.149974999999918,10
14.154129999999926,11
14.160049999999918,11
14.160049999999918,11
14.160049999999918,10
14.160049999999918,10
14.164204999999926,11
14.170124999999919,11
14.170124999999919,11
14.170124999999919,10
14.170124999999919,10
14.174279999999927,11
14.18019999999992,11
14.18019999999992,11
14.18019999999992,10
14.18019999999992,10
14.184354999999927,11
14.19027499999992,11
14.19027499999992,11
14.19027499999992,10
14.19027499999992,10
14.194429999999928,11
14.20034999999992,11
14.20034999999992,11
14.20034999999992,10
14.20034999999992,10
14.20034999999992,9
14.20034999999992,9
14.204504999999928,10
14.21042499999992,10
14.21042499999992,10
14.21042499999992,9
14.21042499999992,9
14.214579999999929,10
14.220499999999921,10
14.220499999999921,10
14.220499999999921,9
14.220499999999921,9
14.22465499999993,10
14.230574999999922,10
14.230574999999922,10
14.230574999999922,9
14.230574999999922,9
14.23472999999993,10
14.240649999999922,10
14.240649999999922,10
14.240649999999922,9
14.240649999999922,9
14.24480499999993,10
14.250724999999923,10
14.250724999999923,10
14.250724999999923,9
14.250724999999923,9
14.25487999999993,10
14.260799999999923,10
14.260799999999923,10
14.260799999999923,9
14.260799999999923,9
14.264954999999931,10
14.270874999999924,10
14.270874999999924,10
14.270874999999924,9
14.270874999999924,9
14.275029999999932,10
14.280949999999924,10
14.280949999999924,10
14.280949999999924,9
14.280949999999924,9
14.285104999999932,10
14.291024999999925,10
14.291024999999925,10
14.291024999999925,9
14.291024999999925,9
14.295179999999933,10
14.301099999999925,10
14.301099999999925,10
14.301099999999925,9
14.301099999999925,9
14.305254999999933,10
14.311174999999926,10
14.311174999999926,10
14.311174999999926,9
14.311174999999926,9
14.315329999999934,10
14.321249999999926,10
14.321249999999926,10
14.321249999999926,9
14.321249999999926,9
14.325404999999934,10
14.331324999999927,10
14.331324999999927,10
14.331324999999927,9
14.331324999999927,9
14.335479999999935,10
14.341399999999927,10
14.341399999999927,10
14.341399999999927,9
14.341399999999927,9
14.345554999999935,10
14.351474999999928,10
14.351474999999928,10
14.351474999999928,9
14.351474999999928,9
14.355629999999936,10
14.361549999999928,10
14.361549999999928,10
14.361549999999928,9
14.361549999999928,9
14.365704999999936,10
14.371624999999929,10
14.371624999999929,10
14.371624999999929,9
14.371624999999929,9
14.375779999999937,10
14.38169999999993,10
14.38169999999993,10
14.38169999999993,9
14.38169999999993,9
14.385854999999937,10
14.39177499999993,10
14.39177499999993,10
14.39177499999993,9
14.39177499999993,9
14.395929999999938,10
14.40184999999993,10
14.40184999999993,10
14.40184999999993,9
14.40184999999993,9
14.406004999999938,10
14.41192499999993,10
14.41192499999993,10
14.41192499999993,9
14.41192499999993,9
14.416079999999939,10
14.421999999999931,10
14.421999999999931,10
14.421999999999931,9
14.421999999999931,9
14.42615499999994,10
14.432074999999932,10
14.432074999999932,10
14.432074999999932,9
14.432074999999932,9
14.43622999999994,10
14.442149999999932,10
14.442149999999932,10
14.442149999999932,9
14.442149999999932,9
14.44630499999994,10
14.452224999999933,10
14.452224999999933,10
14.452224999999933,9
14.452224999999933,9
14.45637999999994,10
14.462299999999933,10
14.462299999999933,10
14.462299999999933,9
14.462299999999933,9
14.466454999999941,10
14.472374999999934,10
14.472374999999934,10
14.472374999999934,9
14.472374999999934,9
14.476529999999942,10
14.482449999999934,10
14.482449999999934,10
14.482449999999934,9
14.482449999999934,9
14.486604999999942,10
14.492524999999935,10
14.492524999999935,10
14.492524999999935,9
14.492524999999935,9
14.496679999999943,10
14.502599999999935,10
14.502599999999935,10
14.502599999999935,9
14.502599999999935,9
14.506754999999943,10
14.512674999999936,10
14.512674999999936,10
14.512674999999936,9
14.512674999999936,9
14.516829999999944,10
14.522749999999936,10
14.522749999999936,10
14.522749999999936,9
14.522749999999936,9
14.526904999999944,10
14.532824999999937,10
14.532824999999937,10
14.532824999999937,9
14.532824999999937,9
14.536979999999945,10
14.542899999999937,10
14.542899999999937,10
14.542899999999937,9
14.542899999999937,9
14.547054999999945,10
14.552974999999938,10
14.552974999999938,10
14.552974999999938,9
14.552974999999938,9
14.557129999999946,10
14.563049999999938,10
14.563049999999938,10
14.563049999999938,9
14.563049999999938,9
14.567204999999946,10
14.573124999999939,10
14.573124999999939,10
14.573124999999939,9
14.573124999999939,9
14.577279999999947,10
14.58319999999994,10
14.58319999999994,10
14.58319999999994,9
14.58319999999994,9
14.587354999999947,10
14.59327499999994,10
14.59327499999994,10
14.59327499999994,9
14.59327499999994,9
14.597429999999948,10
14.60334999999994,10
14.60334999999994,10
14.60334999999994,9
14.60334999999994,9
14.607504999999948,10
14.61342499999994,10
14.61342499999994,10
14.61342499999994,9
14.61342499999994,9
14.617579999999949,10
14.623499999999941,10
14.623499999999941,10
14.623499999999941,9
14.623499999999941,9
14.62765499999995,10
14.633574999999942,10
14.633574999999942,10
14.633574999999942,9
14.633574999999942,9
14.63772999999995,10
14.643649999999942,10
14.643649999999942,10
14.643649999999942,9
14.643649999999942,9
14.64780499999995,10
14.653724999999943,10
14.653724999999943,10
14.653724999999943,9
14.653724999999943,9
14.65787999999995,10
14.663799999999943,10
14.663799999999943,10
14.663799999999943,9
14.663799999999943,9
14.667954999999951,10
14.673874999999944,10
14.673874999999944,10
14.673874999999944,9
14.673874999999944,9
14.678029999999952,10
14.683949999999944,10
14.683949999999944,10
14.683949999999944,9
14.683949999999944,9
14.688104999999952,10
14.694024999999945,10
14.694024999999945,10
14.694024999999945,9
14.694024999999945,9
14.698179999999953,10
14.704099999999945,10
14.704099999999945,10
14.704099999999945,9
14.704099999999945,9
14.708254999999953,10
14.714174999999946,10
14.714174999999946,10
14.714174999999946,9
14.714174999999946,9
14.718329999999954,10
14.724249999999946,10
14.724249999999946,10
14.724249999999946,9
14.724249999999946,9
14.728404999999954,10
14.734324999999947,10
14.734324999999947,10
14.734324999999947,9
14.734324999999947,9
14.738479999999955,10
14.744399999999947,10
14.744399999999947,10
14.744399999999947,9
14.744399999999947,9
14.748554999999955,10
14.754474999999948,10
14.754474999999948,10
14.754474999999948,9
14.754474999999948,9
14.758629999999956,10
14.764549999999948,10
14.764549999999948,10
14.764549999999948,9
14.764549999999948,9
14.768704999999956,10
14.774624999999949,10
14.774624999999949,10
14.774624999999949,9
14.774624999999949,9
14.778779999999957,10
14.78469999999995,10
14.78469999999995,10
14.78469999999995,9
14.78469999999995,9
14.788854999999957,10
14.79477499999995,10
14.79477499999995,10
14.79477499999995,9
14.79477499999995,9
14.798929999999958,10
14.80484999999995,10
14.80484999999995,10
14.80484999999995,9
14.80484999999995,9
14.809004999999958,10
14.81492499999995,10
14.81492499999995,10
14.81492499999995,9
14.81492499999995,9
14.819079999999959,10
14.824999999999951,10
14.824999999999951,10
14.824999999999951,9
14.824999999999951,9
14.82915499999996,10
14.835074999999952,10
14.835074999999952,10
14.835074999999952,9
14.835074999999952,9
14.83922999999996,10
14.845149999999952,10
14.845149999999952,10
14.845149999999952,9
14.845149999999952,9
14.84930499999996,10
14.855224999999953,10
14.855224999999953,10
14.855224999999953,9
14.855224999999953,9
14.85937999999996,10
14.865299999999953,10
14.865299999999953,10
14.865299999999953,9
14.865299999999953,9
14.869454999999961,10
14.875374999999954,10
14.875374999999954,10
14.875374999999954,9
14.875374999999954,9
14.879529999999962,10
14.885449999999954,10
14.885449999999954,10
14.885449999999954,9
14.885449999999954,9
14.889604999999962,10
14.895524999999955,10
14.895524999999955,10
14.895524999999955,9
14.895524999999955,9
14.899679999999963,10
14.905599999999955,10
14.905599999999955,10
14.905599999999955,9
14.905599999999955,9
14.909754999999963,10
14.915674999999956,10
14.915674999999956,10
14.915674999999956,9
14.915674999999956,9
14.919829999999964,10
14.925749999999956,10
14.925749999999956,10
14.925749999999956,9
14.925749999999956,9
14.929904999999964,10
14.935824999999957,10
14.935824999999957,10
14.935824999999957,9
14.935824999999957,9
14.939979999999965,10
14.945899999999957,10
14.945899999999957,10
14.945899999999957,9
14.945899999999957,9
14.950054999999965,10
14.955974999999958,10
14.955974999999958,10
14.955974999999958,9
14.955974999999958,9
14.960129999999966,10
14.966049999999958,10
14.966049999999958,10
14.966049999999958,9
14.966049999999958,9
14.970204999999966,10
14.976124999999959,10
14.976124999999959,10
14.976124999999959,9
14.976124999999959,9
14.980279999999967,10
14.98619999999996,10
14.98619999999996,10
14.98619999999996,9
14.98619999999996,9
14.990354999999967,10
14.99627499999996,10
14.99627499999996,10
14.99627499999996,9
14.99627499999996,9
15.000319999999975,10
15.000419999999968,11
15.000429999999968,12
15.00634999999996,12
15.00634999999996,12
15.00634999999996,11
15.00634999999996,11
15.010504999999968,12
15.01642499999996,12
15.01642499999996,12
15.01642499999996,11
15.01642499999996,11
15.020579999999969,12
15.026499999999961,12
15.026499999999961,12
15.026499999999961,11
15.026499999999961,11
15.03065499999997,12
15.036574999999962,12
15.036574999999962,12
15.036574999999962,11
15.036574999999962,11
15.04072999999997,12
15.046649999999962,12
15.046649999999962,12
15.046649999999962,11
15.046649999999962,11
15.05080499999997,12
15.056724999999963,12
15.056724999999963,12
15.056724999999963,11
15.056724999999963,11
15.06087999999997,12
15.066799999999963,12
15.066799999999963,12
15.066799999999963,11
15.066799999999963,11
15.070954999999971,12
15.076874999999964,12
15.076874999999964,12
15.076874999999964,11
15.076874999999964,11
15.081029999999972,12
15.086949999999964,12
15.086949999999964,12
15.086949999999964,11
15.086949999999964,11
15.091104999999972,12
15.097024999999965,12
15.097024999999965,12
15.097024999999965,11
15.097024999999965,11
15.097024999999965,10
15.097024999999965,10
15.097024999999965,9
15.097024999999965,9
15.10025,10
15.101179999999973,11
15.107099999999965,11
15.107099999999965,11
15.107099999999965,10
15.107099999999965,10
15.111254999999973,11
15.117174999999966,11
15.117174999999966,11
15.117174999999966,10
15.117174999999966,10
15.121329999999974,11
15.127249999999966,11
15.127249999999966,11
15.127249999999966,10
15.127249999999966,10
15.131404999999974,11
15.137324999999967,11
15.137324999999967,11
15.137324999999967,10
15.137324999999967,10
15.141479999999975,11
15.147399999999967,11
15.147399999999967,11
15.147399999999967,10
15.147399999999967,10
15.151554999999975,11
15.157474999999968,11
15.157474999999968,11
15.157474999999968,10
15.157474999999968,10
15.161629999999976,11
15.167549999999968,11
15.167549999999968,11
15.167549999999968,10
15.167549999999968,10
15.171704999999976,11
15.177624999999969,11
15.177624999999969,11
15.177624999999969,10
15.177624999999969,10
15.181779999999977,11
15.18769999999997,11
15.18769999999997,11
15.18769999999997,10
15.18769999999997,10
15.191854999999977,11
15.19777499999997,11
15.19777499999997,11
15.19777499999997,10
15.19777499999997,10
15.19777499999997,9
15.19777499999997,9
15.201929999999978,10
15.20784999999997,10
15.20784999999997,10
15.20784999999997,9
15.20784999999997,9
15.212004999999978,10
15.21792499999997,10
15.21792499999997,10
15.21792499999997,9
15.21792499999997,9
15.222079999999979,10
15.227999999999971,10
15.227999999999971,10
15.227999999999971,9
15.227999999999971,9
15.23215499999998,10
15.238074999999972,10
15.238074999999972,10
15.238074999999972,9
15.238074999999972,9
15.24222999999998,10
15.248149999999972,10
15.248149999999972,10
15.248149999999972,9
15.248149999999972,9
15.25230499999998,10
15.258224999999973,10
15.258224999999973,10
15.258224999999973,9
15.258224999999973,9
15.26237999999998,10
15.268299999999973,10
15.268299999999973,10
15.268299999999973,9
15.268299999999973,9
15.272454999999981,10
15.278374999999974,10
15.278374999999974,10
15.278374999999974,9
15.278374999999974,9
15.282529999999982,10
15.288449999999974,10
15.288449999999974,10
15.288449999999974,9
15.288449999999974,9
15.292604999999982,10
15.298524999999975,10
15.298524999999975,10
15.298524999999975,9
15.298524999999975,9
15.302679999999983,10
15.308599999999975,10
15.308599999999975,10
15.308599999999975,9
15.308599999999975,9
15.312754999999983,10
15.318674999999976,10
15.318674999999976,10
15.318674999999976,9
15.318674999999976,9
15.322829999999984,10
15.328749999999976,10
15.328749999999976,10
15.328749999999976,9
15.328749999999976,9
15.332904999999984,10
15.338824999999977,10
15.338824999999977,10
15.338824999999977,9
15.338824999999977,9
15.342979999999985,10
15.348899999999977,10
15.348899999999977,10
15.348899999999977,9
15.348899999999977,9
15.353054999999985,10
15.358974999999978,10
15.358974999999978,10
15.358974999999978,9
15.358974999999978,9
15.363129999999986,10
15.369049999999978,10
15.369049999999978,10
15.369049999999978,9
15.369049999999978,9
15.373204999999986,10
15.379124999999979,10
15.379124999999979,10
15.379124999999979,9
15.379124999999979,9
15.383279999999987,10
15.38919999999998,10
15.38919999999998,10
15.38919999999998,9
15.38919999999998,9
15.393354999999987,10
15.39927499999998,10
15.39927499999998,10
15.39927499999998,9
15.39927499999998,9
15.403429999999988,10
15.40934999999998,10
15.40934999999998,10
15.40934999999998,9
15.40934999999998,9
15.413504999999988,10
15.41942499999998,10
15.41942499999998,10
15.41942499999998,9
15.41942499999998,9
15.423579999999989,10
15.429499999999981,10
15.429499999999981,10
15.429499999999981,9
15.429499999999981,9
15.43365499999999,10
15.439574999999982,10
15.439574999999982,10
15.439574999999982,9
15.439574999999982,9
15.44372999999999,10
15.449649999999982,10
15.449649999999982,10
15.449649999999982,9
15.449649999999982,9
15.45380499999999,10
15.459724999999983,10
15.459724999999983,10
15.459724999999983,9
15.459724999999983,9
15.46387999999999,10
15.469799999999983,10
15.469799999999983,10
15.469799999999983,9
15.469799999999983,9
15.473954999999991,10
15.479874999999984,10
15.479874999999984,10
15.479874999999984,9
15.479874999999984,9
15.484029999999992,10
15.489949999999984,10
15.489949999999984,10
15.489949999999984,9
15.489949999999984,9
15.494104999999992,10
15.500024999999985,10
15.500024999999985,10
15.500024999999985,9
15.500024999999985,9
15.500359999999962,10
15.504179999999993,11
15.510099999999985,11
15.510099999999985,11
15.510099999999985,10
15.510099999999985,10
15.514254999999993,11
15.520174999999986,11
15.520174999999986,11
15.520174999999986,10
15.520174999999986,10
15.524329999999994,11
15.530249999999986,11
15.530249999999986,11
15.530249999999986,10
15.530249999999986,10
15.534404999999994,11
15.540324999999987,11
15.540324999999987,11
15.540324999999987,10
15.540324999999987,10
15.544479999999995,11
15.550399999999987,11
15.550399999999987,11
15.550399999999987,10
15.550399999999987,10
15.554554999999995,11
15.560474999999988,11
15.560474999999988,11
15.560474999999988,10
15.560474999999988,10
15.564629999999996,11
15.570549999999988,11
15.570549999999988,11
15.570549999999988,10
15.570549999999988,10
15.574704999999996,11
15.580624999999989,11
15.580624999999989,11
15.580624999999989,10
15.580624999999989,10
15.584729999999997,11
15.59069999999999,11
15.59069999999999,11
15.59069999999999,10
15.59069999999999,10
15.60077499999999,10
15.60077499999999,10
15.60077499999999,9
15.60077499999999,9
15.61077499999999,9
15.61077499999999,8
15.61077499999999,8
15.62084999999999,8
15.62084999999999,8
15.62084999999999,7
15.62084999999999,7
15.63092499999999,7
15.63092499999999,7
15.63092499999999,6
15.63092499999999,6
15.640999999999991,6
15.640999999999991,6
15.640999999999991,5
15.640999999999991,5
15.651074999999992,5
15.651074999999992,5
15.651074999999992,4
15.651074999999992,4
15.661149999999992,4
15.661149999999992,4
15.661149999999992,3
15.661149999999992,3
15.671224999999993,3
15.671224999999993,3
15.671224999999993,2
15.671224999999993,2
15.681299999999993,2
15.681299999999993,2
15.681299999999993,1
15.681299999999993,1
15.691374999999994,1
15.691374999999994,1
15.691374999999994,0
15.691374999999994,0
15.701399999999994,0
15.701399999999994,0
15.72406499999996,1
15.794729999999996,2
15.801399999999994,2
15.801399999999994,1
15.801399999999994,1
15.811474999999994,1
15.811474999999994,1
15.811474999999994,0
15.811474999999994,0
15.821474999999994,0
15.821504999999995,1
15.821634999999995,2
15.921474999999994,2
15.921474999999994,1
15.921474999999994,1
15.921474999999994,0
15.921474999999994,0
15.93413999999996,1
15.94421499999996,2
16.021474999999995,2
16.021474999999995,1
16.021474999999995,1
16.031549999999996,1
16.031549999999996,1
16.031549999999996,0
16.031549999999996,0
16.041624999999996,0
16.041624999999996,0
16.10018999999997,1
16.141624999999998,1
16.141624999999998,0
16.141624999999998,0
16.154289999999964,1
16.164364999999965,2
16.174439999999965,3
16.184514999999966,4
16.241625,4
16.241625,3
16.241625,3
16.2517,3
16.2517,3
16.2517,2
16.2517,2
16.261775,2
16.261775,2
16.261775,1
16.261775,1
16.27185,1
16.27185,1
16.27185,0
16.27185,0
16.281925,0
16.281925,0
16.294589999999967,1
16.304664999999968,2
16.31473999999997,3
16.32481499999997,4
16.33488999999997,5
16.34496499999997,6
16.35503999999997,7
16.36511499999997,8
16.381925000000003,8
16.381925000000003,7
16.381925000000003,7
16.392000000000003,7
16.392000000000003,7
16.392000000000003,6
16.392000000000003,6
16.402075000000004,6
16.402075000000004,6
16.402075000000004,5
16.402075000000004,5
16.412150000000004,5
16.412150000000004,5
16.412150000000004,4
16.412150000000004,4
16.422225000000005,4
16.422225000000005,4
16.422225000000005,3
16.422225000000005,3
16.432300000000005,3
16.432300000000005,3
16.432300000000005,2
16.432300000000005,2
16.442375000000006,2
16.442375000000006,2
16.442375000000006,1
16.442375000000006,1
16.452450000000006,1
16.452450000000006,1
16.452450000000006,0
16.452450000000006,0
16.462525000000007,0
16.462525000000007,0
16.475189999999973,1
16.485264999999973,2
16.495339999999974,3
16.505414999999974,4
16.515489999999975,5
16.525564999999975,6
16.535639999999976,7
16.545714999999976,8
16.555789999999977,9
16.562525000000008,9
16.562525000000008,8
16.562525000000008,8
16.565864999999977,9
16.57260000000001,9
16.57260000000001,9
16.57260000000001,8
16.57260000000001,8
16.575939999999978,9
16.58267500000001,9
16.58267500000001,9
16.58267500000001,8
16.58267500000001,8
16.58601499999998,9
16.59275000000001,9
16.59275000000001,9
16.59275000000001,8
16.59275000000001,8
16.59608999999998,9
16.60282500000001,9
16.60282500000001,9
16.60282500000001,8
16.60282500000001,8
16.60616499999998,9
16.61290000000001,9
16.61290000000001,9
16.61290000000001,8
16.61290000000001,8
16.61623999999998,9
16.62297500000001,9
16.62297500000001,9
16.62297500000001,8
16.62297500000001,8
16.62631499999998,9
16.63305000000001,9
16.63305000000001,9
16.63305000000001,8
16.63305000000001,8
16.63638999999998,9
16.643125000000012,9
16.643125000000012,9
16.643125000000012,8
16.643125000000012,8
16.64646499999998,9
16.653200000000012,9
16.653200000000012,9
16.653200000000012,8
16.653200000000012,8
16.656539999999982,9
16.663275000000013,9
16.663275000000013,9
16.663275000000013,8
16.663275000000013,8
16.666614999999982,9
16.673350000000013,9
16.673350000000013,9
16.673350000000013,8
16.673350000000013,8
16.676689999999983,9
16.683425000000014,9
16.683425000000014,9
16.683425000000014,8
16.683425000000014,8
16.686764999999983,9
16.693500000000014,9
16.693500000000014,9
16.693500000000014,8
16.693500000000014,8
16.696839999999984,9
16.703575000000015,9
16.703575000000015,9
16.703575000000015,8
16.703575000000015,8
16.706914999999984,9
16.713650000000015,9
16.713650000000015,9
16.713650000000015,8
16.713650000000015,8
16.716989999999985,9
16.723725000000016,9
16.723725000000016,9
16.723725000000016,8
16.723725000000016,8
16.727064999999985,9
16.733800000000016,9
16.733800000000016,9
16.733800000000016,8
16.733800000000016,8
16.737139999999986,9
16.743875000000017,9
16.743875000000017,9
16.743875000000017,8
16.743875000000017,8
16.747214999999986,9
16.753950000000017,9
16.753950000000017,9
16.753950000000017,8
16.753950000000017,8
16.757289999999987,9
16.764025000000018,9
16.764025000000018,9
16.764025000000018,8
16.764025000000018,8
16.767364999999987,9
16.77410000000002,9
16.77410000000002,9
16.77410000000002,8
16.77410000000002,8
16.777439999999988,9
16.78417500000002,9
16.78417500000002,9
16.78417500000002,8
16.78417500000002,8
16.78751499999999,9
16.79425000000002,9
16.79425000000002,9
16.79425000000002,8
16.79425000000002,8
16.79758999999999,9
16.80432500000002,9
16.80432500000002,9
16.80432500000002,8
16.80432500000002,8
16.80766499999999,9
16.81440000000002,9
16.81440000000002,9
16.81440000000002,8
16.81440000000002,8
16.81773999999999,9
16.821534999999994,10
16.821664999999992,11
16.82447500000002,11
16.82447500000002,11
16.82447500000002,10
16.82447500000002,10
16.82781499999999,11
16.83455000000002,11
16.83455000000002,11
16.83455000000002,10
16.83455000000002,10
16.83788999999999,11
16.844625000000022,11
16.844625000000022,11
16.844625000000022,10
16.844625000000022,10
16.84796499999999,11
16.854700000000022,11
16.854700000000022,11
16.854700000000022,10
16.854700000000022,10
16.858039999999992,11
16.864775000000023,11
16.864775000000023,11
16.864775000000023,10
16.864775000000023,10
16.868114999999992,11
16.874850000000023,11
16.874850000000023,11
16.874850000000023,10
16.874850000000023,10
16.878189999999993,11
16.884925000000024,11
16.884925000000024,11
16.884925000000024,10
16.884925000000024,10
16.888264999999993,11
16.895000000000024,11
16.895000000000024,11
16.895000000000024,10
16.895000000000024,10
16.898339999999994,11
16.905075000000025,11
16.905075000000025,11
16.905075000000025,10
16.905075000000025,10
16.908414999999994,11
16.915150000000025,11
16.915150000000025,11
16.915150000000025,10
16.915150000000025,10
16.915150000000025,9
16.915150000000025,9
16.915150000000025,8
16.915150000000025,8
16.918489999999995,9
16.925225000000026,9
16.925225000000026,9
16.925225000000026,8
16.925225000000026,8
16.928564999999995,9
16.935300000000026,9
16.935300000000026,9
16.935300000000026,8
16.935300000000026,8
16.938639999999996,9
16.945375000000027,9
16.945375000000027,9
16.945375000000027,8
16.945375000000027,8
16.948714999999996,9
16.955450000000027,9
16.955450000000027,9
16.955450000000027,8
16.955450000000027,8
16.958789999999997,9
16.965525000000028,9
16.965525000000028,9
16.965525000000028,8
16.965525000000028,8
16.968864999999997,9
16.97560000000003,9
16.97560000000003,9
16.97560000000003,8
16.97560000000003,8
16.978939999999998,9
16.98567500000003,9
16.98567500000003,9
16.98567500000003,8
16.98567500000003,8
16.99575000000003,8
16.99575000000003,8
16.99575000000003,7
16.99575000000003,7
17.00034999999998,8
17.00044999999997,9
17.00582500000003,9
17.00582500000003,9
17.00582500000003,8
17.00582500000003,8
17.01590000000003,8
17.01590000000003,8
17.01590000000003,7
17.01590000000003,7
17.02597500000003,7
17.02597500000003,7
17.02597500000003,6
17.02597500000003,6
17.03605000000003,6
17.03605000000003,6
17.03605000000003,5
17.03605000000003,5
17.046125000000032,5
17.046125000000032,5
17.046125000000032,4
17.046125000000032,4
17.056200000000032,4
17.056200000000032,4
17.056200000000032,3
17.056200000000032,3
17.066275000000033,3
17.066275000000033,3
17.066275000000033,2
17.066275000000033,2
17.076350000000033,2
17.076350000000033,2
17.076350000000033,1
17.076350000000033,1
17.076350000000033,0
17.076350000000033,0
17.176350000000035,0
17.188940000000002,1
17.276350000000036,1
17.276350000000036,0
17.276350000000036,0
17.286350000000038,0
17.286380000000037,1
17.38635000000004,1
17.38635000000004,0
17.38635000000004,0
17.48635000000004,0
17.586350000000042,0
17.686350000000044,0
17.786350000000045,0
17.886350000000046,0
17.986350000000048,0
18.08635000000005,0
18.18635000000005,0
18.286350000000052,0
18.286410000000036,1
18.386350000000053,1
18.386350000000053,0
18.386350000000053,0
18.486350000000055,0
18.586350000000056,0
18.686350000000058,0
18.78635000000006,0
18.821564999999993,1
18.82169499999999,2
18.88635000000006,2
18.88635000000006,1
18.88635000000006,1
18.88635000000006,0
18.88635000000006,0
18.986350000000062,0
19.000349999999973,1
19.086350000000063,1
19.086350000000063,0
19.086350000000063,0
19.186350000000065,0
19.286350000000066,0
19.386350000000068,0
19.48635000000007,0
19.58635000000007,0
19.686350000000072,0
19.786350000000073,0
19.886350000000075,0
19.986350000000076,0
20.086350000000078,0
20.100219999999968,1
20.18635000000008,1
20.18635000000008,0
20.18635000000008,0
20.28635000000008,0
20.286440000000034,1
20.386350000000082,1
20.386350000000082,0
20.386350000000082,0
20.486350000000083,0
20.586350000000085,0
20.686350000000086,0
20.786350000000088,0
20.88635000000009,0
20.98635000000009,0
21.000479999999968,1
21.086350000000092,1
21.086350000000092,0
21.086350000000092,0
21.186350000000093,0
21.286350000000095,0
21.386350000000096,0
21.486350000000098,0
21.5863500000001,0
21.6863500000001,0
21.786350000000102,0
21.886350000000103,0
21.90024999999999,1
21.986350000000105,1
21.986350000000105,0
21.986350000000105,0
22.086350000000106,0
22.186350000000107,0
22.28635000000011,0
22.38635000000011,0
22.48635000000011,0
22.586350000000113,0
22.686350000000115,0
22.786350000000116,0
22.82159499999999,1
22.82172499999999,2
22.886350000000117,2
22.886350000000117,1
22.886350000000117,1
22.886350000000117,0
22.886350000000117,0
22.98635000000012,0
23.08635000000012,0
23.18635000000012,0
23.286350000000123,0
23.386350000000125,0
23.486350000000126,0
23.586350000000127,0
23.68635000000013,0
23.78635000000013,0
23.88635000000013,0
23.986350000000133,0
24.086350000000134,0
24.186350000000136,0
24.286350000000137,0
24.286470000000033,1
24.38635000000014,1
24.38635000000014,0
24.38635000000014,0
24.48635000000014,0
24.58635000000014,0
24.686350000000143,0
24.786350000000144,0
24.886350000000146,0
24.986350000000147,0
25.00037999999998,1
25.08635000000015,1
25.08635000000015,0
25.08635000000015,0
25.18635000000015,0
25.28635000000015,0
25.386350000000153,0
25.486350000000154,0
25.586350000000156,0
25.686350000000157,0
25.78635000000016,0
25.88635000000016,0
25.98635000000016,0
26.086350000000163,0
26.186350000000164,0
26.286350000000166,0
26.386350000000167,0
26.48635000000017,0
26.58635000000017,0
26.68635000000017,0
26.786350000000173,0
26.886350000000174,0
26.986350000000176,0
27.00037999999997,1
27.086350000000177,1
27.086350000000177,0
27.086350000000177,0
27.18635000000018,0
27.28635000000018,0
27.38635000000018,0
27.486350000000183,0
27.586350000000184,0
27.686350000000186,0
27.786350000000187,0
27.88635000000019,0
27.98635000000019,0
28.08635000000019,0
28.100249999999967,1
28.186350000000193,1
28.186350000000193,0
28.186350000000193,0
28.286350000000194,0
28.386350000000196,0
28.486350000000197,0
28.5863500000002,0
28.6863500000002,0
28.7863500000002,0
28.886350000000203,0
28.986350000000204,0
29.000509999999966,1
29.086350000000206,1
29.086350000000206,0
29.086350000000206,0
29.186350000000207,0
29.28635000000021,0
29.38635000000021,0
29.48635000000021,0
29.586350000000213,0
29.686350000000214,0
29.786350000000215,0
29.886350000000217,0
29.98635000000022,0
30.08635000000022,0
30.18635000000022,0
30.286350000000223,0
30.386350000000224,0
30.486350000000225,0
30.586350000000227,0
30.68635000000023,0
30.78635000000023,0
30.82162499999999,1
30.82175499999999,2
30.88635000000023,2
30.88635000000023,1
30.88635000000023,1
30.88635000000023,0
30.88635000000023,0
30.986350000000233,0
31.086350000000234,0
31.10028,1
31.186350000000235,1
31.186350000000235,0
31.186350000000235,0
31.286350000000237,0
31.38635000000024,0
31.48635000000024,0
31.58635000000024,0
31.686350000000242,0
31.786350000000244,0
31.886350000000245,0
31.986350000000247,0
32.086350000000245,0
32.186350000000246,0
32.28635000000025,0
32.28650000000004,1
32.38635000000025,1
32.38635000000025,0
32.38635000000025,0
32.48635000000025,0
32.58635000000025,0
32.68635000000025,0
32.786350000000255,0
32.886350000000256,0
32.98635000000026,0
33.08635000000026,0
33.18635000000026,0
33.28635000000026,0
33.38635000000026,0
33.486350000000265,0
33.586350000000266,0
33.68635000000027,0
33.78635000000027,0
33.88635000000027,0
33.98635000000027,0
34.08635000000027,0
34.186350000000274,0
34.286350000000276,0
34.38635000000028,0
34.48635000000028,0
34.58635000000028,0
34.68635000000028,0
34.78635000000028,0
34.886350000000284,0
34.986350000000286,0
35.08635000000029,0
35.18635000000029,0
35.28635000000029,0
35.38635000000029,0
35.48635000000029,0
35.586350000000294,0
35.686350000000296,0
35.7863500000003,0
35.8863500000003,0
35.9863500000003,0
36.0863500000003,0
36.1863500000003,0
36.286350000000304,0
36.386350000000306,0
36.48635000000031,0
36.58635000000031,0
36.68635000000031,0
36.78635000000031,0
36.88635000000031,0
36.986350000000314,0
37.086350000000316,0
37.18635000000032,0
37.28635000000032,0
37.38635000000032,0
37.48635000000032,0
37.58635000000032,0
37.686350000000324,0
37.786350000000326,0
37.88635000000033,0
37.90027999999999,1
37.98635000000033,1
37.98635000000033,0
37.98635000000033,0
38.08635000000033,0
38.18635000000033,0
38.28635000000033,0
38.386350000000334,0
38.486350000000336,0
38.58635000000034,0
38.68635000000034,0
38.78635000000034,0
38.88635000000034,0
38.98635000000034,0
39.086350000000344,0
39.186350000000346,0
39.28635000000035,0
39.38635000000035,0
39.48635000000035,0
39.58635000000035,0
39.68635000000035,0
39.786350000000354,0
39.886350000000355,0
39.98635000000036,0
40.08635000000036,0
40.18635000000036,0
40.28635000000036,0
40.38635000000036,0
40.45828000000044,1
40.486350000000364,1
40.486350000000364,0
40.486350000000364,0
40.49946000000036,1
40.49946000000036,1
40.49946000000036,0
40.49946000000036,0
40.50953500000036,0
40.57835500000044,0
40.58838500000044,1
40.588415000000445,2
40.60953500000036,2
40.60953500000036,1
40.60953500000036,1
40.619610000000364,1
40.619610000000364,0
40.619610000000364,0
40.629685000000364,0
40.688430000000444,0
40.698460000000445,1
40.69849000000045,2
40.698505000000445,2
40.708535000000445,3
40.70856500000045,4
40.729685000000366,4
40.729685000000366,3
40.729685000000366,3
40.739760000000366,3
40.739760000000366,2
40.739760000000366,2
40.74983500000037,2
40.74983500000037,1
40.74983500000037,1
40.75991000000037,1
40.75991000000037,0
40.75991000000037,0
40.76998500000037,0
40.80858000000045,0
40.81861000000045,1
40.81864000000045,2
40.81865500000045,2
40.82868500000045,3
40.82871500000045,4
40.82873000000045,4
40.83876000000045,5
40.83879000000045,6
40.83880500000045,6
40.84883500000045,7
40.84886500000045,8
40.86998500000037,8
40.86998500000037,7
40.86998500000037,7
40.88006000000037,7
40.88006000000037,6
40.88006000000037,6
40.89013500000037,6
40.89013500000037,5
40.89013500000037,5
40.90021000000037,5
40.90021000000037,4
40.90021000000037,4
40.91028500000037,4
40.91028500000037,3
40.91028500000037,3
40.92036000000037,3
40.92036000000037,2
40.92036000000037,2
40.93043500000037,2
40.93043500000037,1
40.93043500000037,1
40.94051000000037,1
40.94051000000037,0
40.94051000000037,0
40.94888000000045,0
40.95058500000037,0
40.95891000000045,1
40.95894000000045,2
40.95895500000045,2
40.96898500000045,3
40.969015000000454,4
40.96903000000045,4
40.97906000000045,5
40.979090000000454,6
40.97910500000045,6
40.98913500000045,7
40.989165000000455,8
40.98918000000045,8
40.99921000000045,9
40.999240000000455,10
40.99925500000045,10
41.00040999999998,11
41.00928500000045,12
41.009315000000456,13
41.00933000000045,13
41.019360000000454,14
41.019390000000456,15
41.019405000000454,15
41.029435000000454,16
41.02946500000046,17
41.050585000000375,17
41.050585000000375,16
41.050585000000375,16
41.060660000000375,16
41.060660000000375,15
41.060660000000375,15
41.070735000000376,15
41.070735000000376,14
41.070735000000376,14
41.080810000000376,14
41.080810000000376,13
41.080810000000376,13
41.09088500000038,13
41.09088500000038,12
41.09088500000038,12
41.10096000000038,12
41.10096000000038,11
41.10096000000038,11
41.11103500000038,11
41.11103500000038,10
41.11103500000038,10
41.12111000000038,10
41.12111000000038,9
41.12111000000038,9
41.129480000000456,9
41.13118500000038,9
41.13118500000038,8
41.13118500000038,8
41.139510000000456,9
41.13954000000046,10
41.139555000000456,10
41.14126000000038,10
41.14126000000038,9
41.14126000000038,9
41.14958500000046,10
41.14961500000046,11
41.14963000000046,11
41.15133500000038,11
41.15133500000038,10
41.15133500000038,10
41.15133500000038,9
41.15133500000038,9
41.15966000000046,10
41.15969000000046,11
41.15970500000046,11
41.16141000000038,11
41.16141000000038,10
41.16141000000038,10
41.16973500000046,11
41.16976500000046,12
41.16978000000046,12
41.17148500000038,12
41.17148500000038,11
41.17148500000038,11
41.17981000000046,12
41.17984000000046,13
41.17985500000046,13
41.18156000000038,13
41.18156000000038,12
41.18156000000038,12
41.18988500000046,13
41.18991500000046,14
41.18993000000046,14
41.19163500000038,14
41.19163500000038,13
41.19163500000038,13
41.19996000000046,14
41.19999000000046,15
41.20000500000046,15
41.20171000000038,15
41.20171000000038,14
41.20171000000038,14
41.21003500000046,15
41.21006500000046,16
41.21008000000046,16
41.21178500000038,16
41.21178500000038,15
41.21178500000038,15
41.22011000000046,16
41.22014000000046,17
41.22015500000046,17
41.22186000000038,17
41.22186000000038,16
41.22186000000038,16
41.23018500000046,17
41.23021500000046,18
41.23023000000046,18
41.231935000000384,18
41.231935000000384,17
41.231935000000384,17
41.24024000000046,18
41.24030500000046,18
41.242010000000384,18
41.242010000000384,17
41.242010000000384,17
41.25038000000046,17
41.252085000000385,17
41.252085000000385,16
41.252085000000385,16
41.26045500000046,16
41.262160000000385,16
41.262160000000385,15
41.262160000000385,15
41.27053000000046,15
41.272235000000386,15
41.272235000000386,14
41.272235000000386,14
41.28060500000046,14
41.282310000000386,14
41.282310000000386,13
41.282310000000386,13
41.290680000000464,13
41.29238500000039,13
41.29238500000039,12
41.29238500000039,12
41.300755000000464,12
41.30246000000039,12
41.30246000000039,11
41.30246000000039,11
41.310830000000465,11
41.31253500000039,11
41.31253500000039,10
41.31253500000039,10
41.320905000000465,10
41.32261000000039,10
41.32261000000039,9
41.32261000000039,9
41.330980000000466,9
41.33268500000039,9
41.33268500000039,8
41.33268500000039,8
41.341055000000466,8
41.34276000000039,8
41.34276000000039,7
41.34276000000039,7
41.35113000000047,7
41.35283500000039,7
41.35283500000039,6
41.35283500000039,6
41.36120500000047,6
41.36291000000039,6
41.36291000000039,5
41.36291000000039,5
41.37128000000047,5
41.37298500000039,5
41.37298500000039,4
41.37298500000039,4
41.38135500000047,4
41.38306000000039,4
41.38306000000039,3
41.38306000000039,3
41.39143000000047,3
41.39313500000039,3
41.39313500000039,2
41.39313500000039,2
41.40150500000047,2
41.40321000000039,2
41.40321000000039,1
41.40321000000039,1
41.41158000000047,1
41.41328500000039,1
41.41328500000039,0
41.41328500000039,0
41.42165500000047,0
41.42331000000039,0
41.43173000000047,0
41.44180500000047,0
41.45188000000047,0
41.46195500000047,0
41.47203000000047,0
41.48210500000047,0
41.49213000000047,0
41.50213000000047,1
41.52331000000039,1
41.52331000000039,0
41.52331000000039,0
41.53331000000039,0
41.63331000000039,0
41.733310000000394,0
41.833310000000395,0
41.9333100000004,0
42.0333100000004,0
42.1333100000004,0
42.2333100000004,0
42.3333100000004,0
42.433310000000404,0
42.533310000000405,0
42.63331000000041,0
42.73331000000041,0
42.83331000000041,0
42.93331000000041,0
43.000409999999974,1
43.03331000000041,1
43.03331000000041,0
43.03331000000041,0
43.133310000000414,0
43.233310000000415,0
43.33331000000042,0
43.43331000000042,0
43.53331000000042,0
43.63331000000042,0
43.73331000000042,0
43.833310000000424,0
43.933310000000425,0
44.03331000000043,0
44.10027999999997,1
44.13331000000043,1
44.13331000000043,0
44.13331000000043,0
44.23331000000043,0
44.33331000000043,0
44.43331000000043,0
44.533310000000434,0
44.633310000000435,0
44.733310000000436,0
44.83331000000044,0
44.856330000000575,1
44.93331000000044,1
44.93331000000044,0
44.93331000000044,0
44.94538000000044,1
44.94538000000044,1
44.94538000000044,0
44.94538000000044,0
44.95545500000044,0
44.976405000000575,0
44.986435000000576,1
44.98646500000058,2
45.000539999999965,3
45.05545500000044,3
45.05545500000044,2
45.05545500000044,2
45.06553000000044,2
45.06553000000044,1
45.06553000000044,1
45.075605000000444,1
45.075605000000444,0
45.075605000000444,0
45.08648000000058,0
45.09651000000058,1
45.09654000000058,2
45.09655500000058,2
45.10658500000058,3
45.10661500000058,4
45.175605000000445,4
45.175605000000445,3
45.175605000000445,3
45.185680000000445,3
45.185680000000445,2
45.185680000000445,2
45.195755000000446,2
45.195755000000446,1
45.195755000000446,1
45.20583000000045,1
45.20583000000045,0
45.20583000000045,0
45.20663000000058,0
45.21590500000045,0
45.21666000000058,1
45.21669000000058,2
45.21670500000058,2
45.22673500000058,3
45.22676500000058,4
45.22678000000058,4
45.23681000000058,5
45.23684000000058,6
45.23685500000058,6
45.24688500000058,7
45.246915000000584,8
45.31590500000045,8
45.31590500000045,7
45.31590500000045,7
45.32598000000045,7
45.32598000000045,6
45.32598000000045,6
45.33605500000045,6
45.33605500000045,5
45.33605500000045,5
45.34613000000045,5
45.34613000000045,4
45.34613000000045,4
45.34693000000058,4
45.35620500000045,4
45.35620500000045,3
45.35620500000045,3
45.35696000000058,4
45.356990000000586,5
45.35700500000058,5
45.36628000000045,5
45.36628000000045,4
45.36628000000045,4
45.367035000000584,5
45.367065000000586,6
45.367080000000584,6
45.37635500000045,6
45.37635500000045,5
45.37635500000045,5
45.377110000000584,6
45.37714000000059,7
45.377155000000585,7
45.38643000000045,7
45.38643000000045,6
45.38643000000045,6
45.387185000000585,7
45.38721500000059,8
45.387230000000585,8
45.39650500000045,8
45.39650500000045,7
45.39650500000045,7
45.397260000000585,8
45.39729000000059,9
45.397305000000586,9
45.40658000000045,9
45.40658000000045,8
45.40658000000045,8
45.407335000000586,9
45.40736500000059,10
45.407380000000586,10
45.41665500000045,10
45.41665500000045,9
45.41665500000045,9
45.41741000000059,10
45.41744000000059,11
45.41745500000059,11
45.426730000000454,11
45.426730000000454,10
45.426730000000454,10
45.42748500000059,11
45.42751500000059,12
45.42753000000059,12
45.436805000000454,12
45.436805000000454,11
45.436805000000454,11
45.43756000000059,12
45.43759000000059,13
45.43760500000059,13
45.446880000000455,13
45.446880000000455,12
45.446880000000455,12
45.44763500000059,13
45.44768000000059,13
45.456955000000455,13
45.456955000000455,12
45.456955000000455,12
45.45775500000059,12
45.467030000000456,12
45.467030000000456,11
45.467030000000456,11
45.46783000000059,11
45.477105000000456,11
45.477105000000456,10
45.477105000000456,10
45.47790500000059,10
45.48718000000046,10
45.48718000000046,9
45.48718000000046,9
45.48798000000059,9
45.49725500000046,9
45.49725500000046,8
45.49725500000046,8
45.49805500000059,8
45.50733000000046,8
45.50733000000046,7
45.50733000000046,7
45.50813000000059,7
45.51740500000046,7
45.51740500000046,6
45.51740500000046,6
45.51820500000059,6
45.52748000000046,6
45.52748000000046,5
45.52748000000046,5
45.52828000000059,5
45.53755500000046,5
45.53755500000046,4
45.53755500000046,4
45.53835500000059,4
45.54763000000046,4
45.54763000000046,3
45.54763000000046,3
45.54843000000059,3
45.55770500000046,3
45.55770500000046,2
45.55770500000046,2
45.558505000000594,2
45.56778000000046,2
45.56778000000046,1
45.56778000000046,1
45.568580000000594,1
45.57785500000046,1
45.57785500000046,0
45.57785500000046,0
45.578655000000595,0
45.58793000000046,0
45.588730000000595,0
45.598805000000596,0
45.608880000000596,0
45.618880000000594,1
45.68793000000046,1
45.68793000000046,0
45.68793000000046,0
45.69793000000046,0
45.79793000000046,0
45.897930000000464,0
45.997930000000466,0
46.09793000000047,0
46.19793000000047,0
46.29793000000047,0
46.39793000000047,0
46.49793000000047,0
46.597930000000474,0
46.697930000000476,0
46.79793000000048,0
46.82165499999999,1
46.82178499999999,2
46.89793000000048,2
46.89793000000048,1
46.89793000000048,1
46.89793000000048,0
46.89793000000048,0
46.99793000000048,0
47.09793000000048,0
47.19793000000048,0
47.297930000000484,0
47.397930000000486,0
47.49793000000049,0
47.59793000000049,0
47.69793000000049,0
47.79793000000049,0
47.89793000000049,0
47.997930000000494,0
48.097930000000495,0
48.1979300000005,0
48.28653000000004,1
48.2979300000005,1
48.2979300000005,0
48.2979300000005,0
48.3979300000005,0
48.4979300000005,0
48.5979300000005,0
48.697930000000504,0
48.797930000000505,0
48.89793000000051,0
48.99793000000051,0
49.09793000000051,0
49.19793000000051,0
49.29793000000051,0
49.397930000000514,0
49.497930000000515,0
49.59793000000052,0
49.69793000000052,0
49.79793000000052,0
49.89793000000052,0
49.99793000000052,0
50.097930000000524,0
50.197930000000525,0
50.29793000000053,0
50.39793000000053,0
50.49793000000053,0
50.59793000000053,0
50.69793000000053,0
50.797930000000534,0
50.897930000000535,0
50.99793000000054,0
51.09793000000054,0
51.19793000000054,0
51.29793000000054,0
51.39793000000054,0
51.497930000000544,0
51.597930000000545,0
51.69793000000055,0
51.79793000000055,0
51.89793000000055,0
51.99793000000055,0
52.09793000000055,0
52.197930000000554,0
52.297930000000555,0
52.39793000000056,0
52.49793000000056,0
52.59793000000056,0
52.69793000000056,0
52.79793000000056,0
52.897930000000564,0
52.997930000000565,0
53.09793000000057,0
53.19793000000057,0
53.29793000000057,0
53.39793000000057,0
53.49793000000057,0
53.597930000000574,0
53.697930000000575,0
53.79793000000058,0
53.89793000000058,0
53.99793000000058,0
54.09793000000058,0
54.19793000000058,0
54.297930000000584,0
54.397930000000585,0
54.497930000000586,0
54.59793000000059,0
54.69793000000059,0
54.79793000000059,0
54.89793000000059,0
54.99793000000059,0
55.097930000000595,0
55.197930000000596,0
55.2979300000006,0
55.3979300000006,0
55.4979300000006,0
55.5979300000006,0
55.6979300000006,0
55.797930000000605,0
55.897930000000606,0
55.99793000000061,0
56.09793000000061,0
56.19793000000061,0
56.29793000000061,0
56.39793000000061,0
56.497930000000615,0
56.597930000000616,0
56.69793000000062,0
56.79793000000062,0
56.89793000000062,0
56.99793000000062,0
57.09793000000062,0
57.197930000000625,0
57.297930000000626,0
57.39793000000063,0
57.49793000000063,0
57.59793000000063,0
57.69793000000063,0
57.79793000000063,0
57.897930000000635,0
57.997930000000636,0
58.09793000000064,0
58.19793000000064,0
58.29793000000064,0
58.39793000000064,0
58.49793000000064,0
58.597930000000645,0
58.697930000000646,0
58.79793000000065,0
58.89793000000065,0
58.99793000000065,0
59.09793000000065,0
59.19793000000065,0
59.297930000000655,0
59.397930000000656,0
59.49793000000066,0
59.59793000000066,0
59.69793000000066,0
59.79793000000066,0
59.89793000000066,0
59.997930000000665,0
60.097930000000666,0
60.19793000000067,0
60.29793000000067,0
60.39793000000067,0
60.49793000000067,0
60.59793000000067,0
60.697930000000675,0
60.797930000000676,0
60.89793000000068,0
60.99793000000068,0
61.09793000000068,0
61.19793000000068,0
61.29793000000068,0
61.397930000000684,0
61.497930000000686,0
61.59793000000069,0
61.69793000000069,0
61.79793000000069,0
61.89793000000069,0
61.99793000000069,0
62.097930000000694,0
62.197930000000696,0
62.2979300000007,0
62.3979300000007,0
62.4979300000007,0
62.5979300000007,0
62.6979300000007,0
62.797930000000704,0
62.897930000000706,0
62.99793000000071,0
63.09793000000071,0
63.10031,1
63.19793000000071,1
63.19793000000071,0
63.19793000000071,0
63.29793000000071,0
63.39793000000071,0
63.497930000000714,0
63.597930000000716,0
63.69793000000072,0
63.79793000000072,0
63.89793000000072,0
63.99793000000072,0
64.09793000000072,0
64.19793000000071,0
64.2979300000007,0
64.3979300000007,0
64.4979300000007,0
64.59793000000069,0
64.69793000000068,0
64.79793000000068,0
64.89793000000067,0
64.99793000000066,0
65.09793000000066,0
65.19793000000065,0
65.29793000000065,0
65.39793000000064,0
65.49793000000064,0
65.59793000000063,0
65.69793000000062,0
65.79793000000062,0
65.89793000000061,0
65.99793000000061,0
66.0979300000006,0
66.1979300000006,0
66.29793000000059,0
66.39793000000058,0
66.49793000000058,0
66.59793000000057,0
66.69793000000057,0
66.79793000000056,0
66.89793000000056,0
66.99793000000055,0
67.09793000000055,0
67.19793000000054,0
67.29793000000053,0
67.39793000000053,0
67.49793000000052,0
67.59793000000052,0
67.69793000000051,0
67.7979300000005,0
67.8979300000005,0
67.9979300000005,0
68.09793000000049,0
68.19793000000048,0
68.29793000000048,0
68.39793000000047,0
68.49793000000047,0
68.59793000000046,0
68.69793000000045,0
68.79793000000045,0
68.89793000000044,0
68.99793000000044,0
69.09793000000043,0
69.19793000000043,0
69.29793000000042,0
69.39793000000041,0
69.49793000000041,0
69.5979300000004,0
69.6979300000004,0
69.79793000000039,0
69.89793000000039,0
69.90030999999998,1
69.99793000000038,1
69.99793000000038,0
69.99793000000038,0
70.09793000000037,0
70.19793000000037,0
70.29793000000036,0
70.39793000000036,0
70.49793000000035,0
70.59793000000035,0
70.69793000000034,0
70.79793000000033,0
70.89793000000033,0
70.99793000000032,0
71.09793000000032,0
71.19793000000031,0
71.2979300000003,0
71.3979300000003,0
71.4979300000003,0
71.59793000000029,0
71.69793000000028,0
71.79793000000028,0
71.89793000000027,0
71.99793000000027,0
72.09793000000026,0
72.19793000000026,0
72.29793000000025,0
72.39793000000024,0
72.49793000000024,0
72.59793000000023,0
72.69793000000023,0
72.79793000000022,0
72.89793000000022,0
72.99793000000021,0
73.00043999999998,1
73.0979300000002,1
73.0979300000002,0
73.0979300000002,0
73.1979300000002,0
73.29793000000019,0
73.39793000000019,0
73.49793000000018,0
73.59793000000018,0
73.69793000000017,0
73.79793000000016,0
73.89793000000016,0
73.99793000000015,0
74.09793000000015,0
74.19793000000014,0
74.29793000000014,0
74.39793000000013,0
74.49793000000012,0
74.59793000000012,0
74.69793000000011,0
74.79793000000011,0
74.8979300000001,0
74.9979300000001,0
75.00043999999997,1
75.09793000000009,1
75.09793000000009,0
75.09793000000009,0
75.19793000000008,0
75.29793000000008,0
75.39793000000007,0
75.49793000000007,0
75.59793000000006,0
75.69793000000006,0
75.79793000000005,0
75.89793000000004,0
75.99793000000004,0
76.09793000000003,0
76.10030999999996,1
76.19793000000003,1
76.19793000000003,0
76.19793000000003,0
76.29793000000002,0
76.39793000000002,0
76.49793000000001,0
76.59793,0
76.69793,0
76.79793,0
76.89792999999999,0
76.99792999999998,0
77.00056999999997,1
77.09792999999998,1
77.09792999999998,0
77.09792999999998,0
77.19792999999997,0
77.29792999999997,0
77.39792999999996,0
77.49792999999995,0
77.59792999999995,0
77.69792999999994,0
77.79792999999994,0
77.89792999999993,0
77.99792999999993,0
78.09792999999992,0
78.19792999999991,0
78.29792999999991,0
78.3979299999999,0
78.4979299999999,0
78.59792999999989,0
78.69792999999989,0
78.79792999999988,0
78.82168499999999,1
78.82181499999999,2
78.89792999999987,2
78.89792999999987,1
78.89792999999987,1
78.89792999999987,0
78.89792999999987,0
78.99792999999987,0
79.09792999999986,0
79.19792999999986,0
79.29792999999985,0
79.39792999999985,0
79.49792999999984,0
79.59792999999983,0
79.69792999999983,0
79.79792999999982,0
79.89792999999982,0
79.99792999999981,0
80.0979299999998,0
80.1979299999998,0
80.28656000000004,1
80.2979299999998,1
80.2979299999998,0
80.2979299999998,0
80.39792999999979,0
80.49792999999978,0
80.59792999999978,0
80.69792999999977,0
80.79792999999977,0
80.89792999999976,0
80.99792999999976,0
81.09792999999975,0
81.19792999999974,0
81.29792999999974,0
81.39792999999973,0
81.49792999999973,0
81.59792999999972,0
81.69792999999972,0
81.79792999999971,0
81.8979299999997,0
81.9979299999997,0
82.09792999999969,0
82.19792999999969,0
82.29792999999968,0
82.39792999999968,0
82.49792999999967,0
82.59792999999966,0
82.69792999999966,0
82.79792999999965,0
82.89792999999965,0
82.99792999999964,0
83.09792999999964,0
83.19792999999963,0
83.29792999999962,0
83.39792999999962,0
83.49792999999961,0
83.59792999999961,0
83.6979299999996,0
83.7979299999996,0
83.89792999999959,0
83.99792999999958,0
84.09792999999958,0
84.19792999999957,0
84.29792999999957,0
84.39792999999956,0
84.49792999999956,0
84.59792999999955,0
84.69792999999954,0
84.79792999999954,0
84.89792999999953,0
84.99792999999953,0
85.09792999999952,0
85.19792999999952,0
85.29792999999951,0
85.3979299999995,0
85.4979299999995,0
85.5979299999995,0
85.69792999999949,0
85.79792999999948,0
85.89792999999948,0
85.99792999999947,0
86.09792999999947,0
86.19792999999946,0
86.29792999999945,0
86.39792999999945,0
86.49792999999944,0
86.59792999999944,0
86.69792999999943,0
86.79792999999943,0
86.89792999999942,0
86.99792999999941,0
87.09792999999941,0
87.1979299999994,0
87.2979299999994,0
87.39792999999939,0
87.49792999999939,0
87.59792999999938,0
87.69792999999937,0
87.79792999999937,0
87.89792999999936,0
87.99792999999936,0
88.09792999999935,0
88.19792999999935,0
88.29792999999934,0
88.39792999999933,0
88.49792999999933,0
88.59792999999932,0
88.69792999999932,0
88.79792999999931,0
88.8979299999993,0
88.9979299999993,0
89.0979299999993,0
89.19792999999929,0
89.29792999999928,0
89.39792999999928,0
89.49792999999927,0
89.59792999999927,0
89.69792999999926,0
89.79792999999925,0
89.89792999999925,0
89.99792999999924,0
90.09792999999924,0
90.19792999999923,0
90.29792999999923,0
90.39792999999922,0
90.49792999999922,0
90.59792999999921,0
90.6979299999992,0
90.7979299999992,0
90.89792999999919,0
90.99792999999919,0
91.09792999999918,0
91.19792999999918,0
91.29792999999917,0
91.39792999999916,0
91.49792999999916,0
91.59792999999915,0
91.69792999999915,0
91.79792999999914,0
91.89792999999914,0
91.99792999999913,0
92.09792999999912,0
92.19792999999912,0
92.29792999999911,0
92.3979299999991,0
92.4979299999991,0
92.5979299999991,0
92.69792999999909,0
92.79792999999908,0
92.89792999999908,0
92.99792999999907,0
93.09792999999907,0
93.19792999999906,0
93.29792999999906,0
93.39792999999905,0
93.49792999999904,0
93.59792999999904,0
93.69792999999903,0
93.79792999999903,0
93.89792999999902,0
93.99792999999902,0
94.09792999999901,0
94.197929999999,0
94.297929999999,0
94.397929999999,0
94.49792999999899,0
94.59792999999898,0
94.69792999999898,0
94.79792999999897,0
94.89792999999896,0
94.99792999999896,0
95.09792999999895,0
95.19792999999895,0
95.29792999999894,0
95.39792999999894,0
95.49792999999893,0
95.59792999999893,0
95.69792999999892,0
95.79792999999891,0
95.89792999999891,0
95.9979299999989,0
96.0979299999989,0
96.19792999999889,0
96.29792999999889,0
96.39792999999888,0
96.49792999999887,0
96.59792999999887,0
96.69792999999886,0
96.79792999999886,0
96.89792999999885,0
96.99792999999885,0
97.09792999999884,0
97.19792999999883,0
97.29792999999883,0
97.39792999999882,0
97.49792999999882,0
97.59792999999881,0
97.6979299999988,0
97.7979299999988,0
97.8979299999988,0
97.99792999999879,0
98.09792999999878,0
98.19792999999878,0
98.29792999999877,0
98.39792999999877,0
98.49792999999876,0
98.59792999999875,0
98.69792999999875,0
98.79792999999874,0
98.89792999999874,0
98.99792999999873,0
99.09792999999873,0
99.19792999999872,0
99.29792999999871,0
99.39792999999871,0
99.4979299999987,0
99.5979299999987,0
99.69792999999869,0
99.79792999999869,0
99.89792999999868,0
99.99792999999868,0
100.09792999999867,0
100.19792999999866,0
100.29792999999866,0
100.39792999999865,0
100.49792999999865,0
100.59792999999864,0
100.69792999999864,0
100.79792999999863,0
100.89792999999862,0
100.99792999999862,0
101.09792999999861,0
101.1979299999986,0
101.2979299999986,0
101.3979299999986,0
101.49792999999859,0
101.59792999999858,0
101.69792999999858,0
101.79792999999857,0
101.89792999999857,0
101.99792999999856,0
102.09792999999856,0
102.19792999999855,0
102.29792999999854,0
102.39792999999854,0
102.49792999999853,0
102.59792999999853,0
102.69792999999852,0
102.79792999999852,0
102.89792999999851,0
102.9979299999985,0
103.0979299999985,0
103.1979299999985,0
103.29792999999849,0
103.39792999999848,0
103.49792999999848,0
103.59792999999847,0
103.69792999999846,0
103.79792999999846,0
103.89792999999845,0
103.99792999999845,0
104.09792999999844,0
104.19792999999844,0
104.29792999999843,0
104.39792999999842,0
104.49792999999842,0
104.59792999999841,0
104.69792999999841,0
104.7979299999984,0
104.8979299999984,0
104.99792999999839,0
105.09792999999839,0
105.19792999999838,0
105.29792999999837,0
105.39792999999837,0
105.49792999999836,0
105.59792999999836,0
105.69792999999835,0
105.79792999999835,0
105.89792999999834,0
105.99792999999833,0
106.09792999999833,0
106.19792999999832,0
106.29792999999832,0
106.39792999999831,0
106.4979299999983,0
106.5979299999983,0
106.6979299999983,0
106.79792999999829,0
106.89792999999828,0
106.99792999999828,0
107.09792999999827,0
107.19792999999827,0
107.29792999999826,0
107.39792999999825,0
107.49792999999825,0
107.59792999999824,0
107.69792999999824,0
107.79792999999823,0
107.89792999999823,0
107.99792999999822,0
108.09792999999821,0
108.19792999999821,0
108.2979299999982,0
108.3979299999982,0
108.49792999999819,0
108.59792999999819,0
108.69792999999818,0
108.79792999999817,0
108.89792999999817,0
108.99792999999816,0
109.09792999999816,0
109.19792999999815,0
109.29792999999815,0
109.39792999999814,0
109.49792999999814,0
109.59792999999813,0
109.69792999999812,0
109.79792999999812,0
109.89792999999811,0
109.9979299999981,0
110.0979299999981,0
110.1979299999981,0
110.29792999999809,0
110.39792999999808,0
110.49792999999808,0
110.59792999999807,0
110.69792999999807,0
110.79792999999806,0
110.89792999999806,0
110.99792999999805,0
111.09792999999804,0
111.19792999999804,0
111.29792999999803,0
111.39792999999803,0
111.49792999999802,0
111.59792999999802,0
111.69792999999801,0
111.797929999998,0
111.897929999998,0
111.997929999998,0
112.09792999999799,0
112.19792999999798,0
112.29792999999798,0
112.39792999999797,0
112.49792999999796,0
112.59792999999796,0
112.69792999999795,0
112.79792999999795,0
112.89792999999794,0
112.99792999999794,0
113.09792999999793,0
113.19792999999792,0
113.29792999999792,0
113.39792999999791,0
113.49792999999791,0
113.5979299999979,0
113.6979299999979,0
113.79792999999789,0
113.89792999999788,0
113.99792999999788,0
114.09792999999787,0
114.19792999999787,0
114.29792999999786,0
114.39792999999786,0
114.49792999999785,0
114.59792999999785,0
114.69792999999784,0
114.79792999999783,0
114.89792999999783,0
114.99792999999782,0
115.09792999999782,0
115.19792999999781,0
115.2979299999978,0
115.3979299999978,0
115.4979299999978,0
115.59792999999779,0
115.69792999999778,0
115.79792999999778,0
115.89792999999777,0
115.99792999999777,0
116.09792999999776,0
116.19792999999775,0
116.29792999999775,0
116.39792999999774,0
116.49792999999774,0
116.59792999999773,0
116.69792999999773,0
116.79792999999772,0
116.89792999999771,0
116.99792999999771,0
117.0979299999977,0
117.1979299999977,0
117.29792999999769,0
117.39792999999769,0
117.49792999999768,0
117.59792999999767,0
117.69792999999767,0
117.79792999999766,0
117.89792999999766,0
117.99792999999765,0
118.09792999999765,0
118.19792999999764,0
118.29792999999763,0
118.39792999999763,0
118.49792999999762,0
118.59792999999762,0
118.69792999999761,0
118.7979299999976,0
118.8979299999976,0
118.9979299999976,0
119.09792999999759,0
119.19792999999758,0
119.29792999999758,0
119.39792999999757,0
119.49792999999757,0
119.59792999999756,0
119.69792999999756,0
119.79792999999755,0
119.89792999999754,0
119.99792999999754,0
120.09792999999753,0
120.19792999999753,0
120.29792999999752,0
120.39792999999752,0
120.49792999999751,0
120.5979299999975,0
120.6979299999975,0
120.79792999999749,0
120.89792999999749,0
120.99792999999748,0
121.09792999999748,0
121.19792999999747,0
121.29792999999746,0
121.39792999999746,0
121.49792999999745,0
121.59792999999745,0
121.69792999999744,0
121.79792999999744,0
121.89792999999743,0
121.99792999999742,0
122.09792999999742,0
122.19792999999741,0
122.29792999999741,0
122.3979299999974,0
122.4979299999974,0
122.59792999999739,0
122.69792999999738,0
122.79792999999738,0
122.89792999999737,0
122.99792999999737,0
123.09792999999736,0
123.10034,1
123.19792999999736,1
123.19792999999736,0
123.19792999999736,0
123.29792999999735,0
123.39792999999734,0
123.49792999999734,0
123.59792999999733,0
123.69792999999733,0
123.79792999999732,0
123.89792999999732,0
123.99792999999731,0
124.0979299999973,0
124.1979299999973,0
124.2979299999973,0
124.39792999999729,0
124.49792999999728,0
124.59792999999728,0
124.69792999999727,0
124.79792999999727,0
124.89792999999726,0
124.99792999999725,0
125.09792999999725,0
125.19792999999724,0
125.29792999999724,0
125.39792999999723,0
125.49792999999723,0
125.59792999999722,0
125.69792999999721,0
125.79792999999721,0
125.8979299999972,0
125.9979299999972,0
126.09792999999719,0
126.19792999999719,0
126.29792999999718,0
126.39792999999717,0
126.49792999999717,0
126.59792999999716,0
126.69792999999716,0
126.79792999999715,0
126.89792999999715,0
126.99792999999714,0
127.09792999999713,0
127.19792999999713,0
127.29792999999712,0
127.39792999999712,0
127.49792999999711,0
127.5979299999971,0
127.6979299999971,0
127.7979299999971,0
127.89792999999709,0
127.99792999999708,0
128.0979299999971,0
128.1979299999971,0
128.29792999999708,0
128.39792999999707,0
128.49792999999707,0
128.59792999999706,0
128.69792999999706,0
128.79792999999705,0
128.89792999999705,0
128.99792999999704,0
129.09792999999704,0
129.19792999999703,0
129.29792999999702,0
129.39792999999702,0
129.497929999997,0
129.597929999997,0
129.697929999997,0
129.797929999997,0
129.897929999997,0
129.90034,1
129.99792999999698,1
129.99792999999698,0
129.99792999999698,0
130.09792999999698,0
130.19792999999697,0
130.29792999999697,0
130.39792999999696,0
130.49792999999696,0
130.59792999999695,0
130.69792999999694,0
130.79792999999694,0
130.89792999999693,0
130.99792999999693,0
131.09792999999692,0
131.19792999999692,0
131.2979299999969,0
131.3979299999969,0
131.4979299999969,0
131.5979299999969,0
131.6979299999969,0
131.79792999999688,0
131.89792999999688,0
131.99792999999687,0
132.09792999999686,0
132.19792999999686,0
132.29792999999685,0
132.39792999999685,0
132.49792999999684,0
132.59792999999684,0
132.69792999999683,0
132.79792999999682,0
132.89792999999682,0
132.9979299999968,0
133.00046999999998,1
133.0979299999968,1
133.0979299999968,0
133.0979299999968,0
133.1979299999968,0
133.2979299999968,0
133.3979299999968,0
133.49792999999678,0
133.59792999999678,0
133.69792999999677,0
133.79792999999677,0
133.89792999999676,0
133.99792999999676,0
134.09792999999675,0
134.19792999999675,0
134.29792999999674,0
134.39792999999673,0
134.49792999999673,0
134.59792999999672,0
134.69792999999672,0
134.7979299999967,0
134.8979299999967,0
134.9979299999967,0
135.00046999999998,1
135.0979299999967,1
135.0979299999967,0
135.0979299999967,0
135.1979299999967,0
135.29792999999668,0
135.39792999999668,0
135.49792999999667,0
135.59792999999667,0
135.69792999999666,0
135.79792999999665,0
135.89792999999665,0
135.99792999999664,0
136.09792999999664,0
136.10034,1
136.19792999999663,1
136.19792999999663,0
136.19792999999663,0
136.29792999999663,0
136.39792999999662,0
136.49792999999661,0
136.5979299999966,0
136.6979299999966,0
136.7979299999966,0
136.8979299999966,0
136.9979299999966,0
137.0006,1
137.09792999999658,1
137.09792999999658,0
137.09792999999658,0
137.19792999999657,0
137.29792999999657,0
137.39792999999656,0
137.49792999999656,0
137.59792999999655,0
137.69792999999655,0
137.79792999999654,0
137.89792999999653,0
137.99792999999653,0
138.09792999999652,0
138.19792999999652,0
138.2979299999965,0
138.3979299999965,0
138.4979299999965,0
138.5979299999965,0
138.6979299999965,0
138.79792999999648,0
138.821715,1
138.821845,2
138.89792999999648,2
138.89792999999648,1
138.89792999999648,1
138.89792999999648,0
138.89792999999648,0
138.99792999999647,0
139.09792999999647,0
139.19792999999646,0
139.29792999999646,0
139.39792999999645,0
139.49792999999644,0
139.59792999999644,0
139.69792999999643,0
139.79792999999643,0
139.89792999999642,0
139.99792999999642,0
140.0979299999964,0
140.1979299999964,0
140.28659000000005,1
140.2979299999964,1
140.2979299999964,0
140.2979299999964,0
140.3979299999964,0
140.4979299999964,0
140.59792999999638,0
140.69792999999638,0
140.79792999999637,0
140.89792999999636,0
140.99792999999636,0
141.09792999999635,0
141.19792999999635,0
141.29792999999634,0
141.39792999999634,0
141.49792999999633,0
141.59792999999632,0
141.69792999999632,0
141.7979299999963,0
141.8979299999963,0
141.9979299999963,0
142.0979299999963,0
142.1979299999963,0
142.29792999999628,0
142.39792999999628,0
142.49792999999627,0
142.59792999999627,0
142.69792999999626,0
142.79792999999626,0
142.89792999999625,0
142.99792999999624,0
143.09792999999624,0
143.19792999999623,0
143.29792999999623,0
143.39792999999622,0
143.49792999999622,0
143.5979299999962,0
143.6979299999962,0
143.7979299999962,0
143.8979299999962,0
143.9979299999962,0
144.09792999999618,0
144.19792999999618,0
144.29792999999617,0
144.39792999999617,0
144.49792999999616,0
144.59792999999615,0
144.69792999999615,0
144.79792999999614,0
144.89792999999614,0
144.99792999999613,0
145.09792999999613,0
145.19792999999612,0
145.29792999999611,0
145.3979299999961,0
145.4979299999961,0
145.5979299999961,0
145.6979299999961,0
145.7979299999961,0
145.89792999999608,0
145.99792999999607,0
146.09792999999607,0
146.19792999999606,0
146.29792999999606,0
146.39792999999605,0
146.49792999999605,0
146.59792999999604,0
146.69792999999603,0
146.79792999999603,0
146.89792999999602,0
146.99792999999602,0
147.097929999996,0
147.197929999996,0
147.297929999996,0
147.397929999996,0
147.497929999996,0
147.59792999999598,0
147.69792999999598,0
147.79792999999597,0
147.89792999999597,0
147.99792999999596,0
148.09792999999596,0
148.19792999999595,0
148.29792999999594,0
148.39792999999594,0
148.49792999999593,0
148.59792999999593,0
148.69792999999592,0
148.79792999999592,0
148.8979299999959,0
148.9979299999959,0
149.0979299999959,0
149.1979299999959,0
149.2979299999959,0
149.39792999999588,0
149.49792999999588,0
149.59792999999587,0
149.69792999999586,0
149.79792999999586,0
149.89792999999585,0
149.99792999999585,0
150.09792999999584,0
150.19792999999584,0
150.29792999999583,0
150.39792999999582,0
150.49792999999582,0
150.5979299999958,0
150.6979299999958,0
150.7979299999958,0
150.8979299999958,0
150.9979299999958,0
151.09792999999578,0
151.19792999999578,0
151.29792999999577,0
151.39792999999577,0
151.49792999999576,0
151.59792999999576,0
151.69792999999575,0
151.79792999999574,0
151.89792999999574,0
151.99792999999573,0
152.09792999999573,0
152.19792999999572,0
152.29792999999572,0
152.3979299999957,0
152.4979299999957,0
152.5979299999957,0
152.6979299999957,0
152.7979299999957,0
152.89792999999568,0
152.99792999999568,0
153.09792999999567,0
153.19792999999567,0
153.29792999999566,0
153.39792999999565,0
153.49792999999565,0
153.59792999999564,0
153.69792999999564,0
153.79792999999563,0
153.89792999999563,0
153.99792999999562,0
154.0979299999956,0
154.1979299999956,0
154.2979299999956,0
154.3979299999956,0
154.4979299999956,0
154.59792999999559,0
154.69792999999558,0
154.79792999999557,0
154.89792999999557,0
154.99792999999556,0
155.09792999999556,0
155.19792999999555,0
155.29792999999555,0
155.39792999999554,0
155.49792999999553,0
155.59792999999553,0
155.69792999999552,0
155.79792999999552,0
155.8979299999955,0
155.9979299999955,0
156.0979299999955,0
156.1979299999955,0
156.2979299999955,0
156.39792999999548,0
156.49792999999548,0
156.59792999999547,0
156.69792999999547,0
156.79792999999546,0
156.89792999999545,0
156.99792999999545,0
157.09792999999544,0
157.19792999999544,0
157.29792999999543,0
157.39792999999543,0
157.49792999999542,0
157.59792999999542,0
157.6979299999954,0
157.7979299999954,0
157.8979299999954,0
157.9979299999954,0
158.0979299999954,0
158.19792999999538,0
158.29792999999538,0
158.39792999999537,0
158.49792999999536,0
158.59792999999536,0
158.69792999999535,0
158.79792999999535,0
158.89792999999534,0
158.99792999999534,0
159.09792999999533,0
159.19792999999532,0
159.29792999999532,0
159.3979299999953,0
159.4979299999953,0
159.5979299999953,0
159.6979299999953,0
159.7979299999953,0
159.89792999999528,0
159.99792999999528,0
160.09792999999527,0
160.19792999999527,0
160.29792999999526,0
160.39792999999526,0
160.49792999999525,0
160.59792999999524,0
160.69792999999524,0
160.79792999999523,0
160.89792999999523,0
160.99792999999522,0
161.09792999999522,0
161.1979299999952,0
161.2979299999952,0
161.3979299999952,0
161.4979299999952,0
161.5979299999952,0
161.69792999999518,0
161.79792999999518,0
161.89792999999517,0
161.99792999999516,0
162.09792999999516,0
162.19792999999515,0
162.29792999999515,0
162.39792999999514,0
162.49792999999514,0
162.59792999999513,0
162.69792999999513,0
162.79792999999512,0
162.8979299999951,0
162.9979299999951,0
163.0979299999951,0
163.1979299999951,0
163.2979299999951,0
163.39792999999509,0
163.49792999999508,0
163.59792999999507,0
163.69792999999507,0
163.79792999999506,0
163.89792999999506,0
163.99792999999505,0
164.09792999999505,0
164.19792999999504,0
164.29792999999503,0
164.39792999999503,0
164.49792999999502,0
164.59792999999502,0
164.697929999995,0
164.797929999995,0
164.897929999995,0
164.997929999995,0
165.097929999995,0
165.19792999999498,0
165.29792999999498,0
165.39792999999497,0
165.49792999999497,0
165.59792999999496,0
165.69792999999495,0
165.79792999999495,0
165.89792999999494,0
165.99792999999494,0
166.09792999999493,0
166.19792999999493,0
166.29792999999492,0
166.39792999999491,0
166.4979299999949,0
166.5979299999949,0
166.6979299999949,0
166.7979299999949,0
166.8979299999949,0
166.99792999999488,0
167.09792999999488,0
167.19792999999487,0
167.29792999999486,0
167.39792999999486,0
167.49792999999485,0
167.59792999999485,0
167.69792999999484,0
167.79792999999484,0
167.89792999999483,0
167.99792999999482,0
168.09792999999482,0
168.1979299999948,0
168.2979299999948,0
168.3979299999948,0
168.4979299999948,0
168.5979299999948,0
168.69792999999478,0
168.79792999999478,0
168.89792999999477,0
168.99792999999477,0
169.09792999999476,0
169.19792999999476,0
169.29792999999475,0
169.39792999999474,0
169.49792999999474,0
169.59792999999473,0
169.69792999999473,0
169.79792999999472,0
169.89792999999472,0
169.9979299999947,0
170.0979299999947,0
170.1979299999947,0
170.2979299999947,0
170.3979299999947,0
170.49792999999468,0
170.59792999999468,0
170.69792999999467,0
170.79792999999466,0
170.89792999999466,0
170.99792999999465,0
171.09792999999465,0
171.19792999999464,0
171.29792999999464,0
171.39792999999463,0
171.49792999999462,0
171.59792999999462,0
171.6979299999946,0
171.7979299999946,0
171.8979299999946,0
171.9979299999946,0
172.0979299999946,0
172.19792999999459,0
172.29792999999458,0
172.39792999999457,0
172.49792999999457,0
172.59792999999456,0
172.69792999999456,0
172.79792999999455,0
172.89792999999455,0
172.99792999999454,0
173.09792999999453,0
173.19792999999453,0
173.29792999999452,0
173.39792999999452,0
173.4979299999945,0
173.5979299999945,0
173.6979299999945,0
173.7979299999945,0
173.8979299999945,0
173.99792999999448,0
174.09792999999448,0
174.19792999999447,0
174.29792999999447,0
174.39792999999446,0
174.49792999999445,0
174.59792999999445,0
174.69792999999444,0
174.79792999999444,0
174.89792999999443,0
174.99792999999443,0
175.09792999999442,0
175.19792999999441,0
175.2979299999944,0
175.3979299999944,0
175.4979299999944,0
175.5979299999944,0
175.6979299999944,0
175.79792999999438,0
175.89792999999437,0
175.99792999999437,0
176.09792999999436,0
176.19792999999436,0
176.29792999999435,0
176.39792999999435,0
176.49792999999434,0
176.59792999999434,0
176.69792999999433,0
176.79792999999432,0
176.89792999999432,0
176.9979299999943,0
177.0979299999943,0
177.1979299999943,0
177.2979299999943,0
177.3979299999943,0
177.49792999999428,0
177.59792999999428,0
177.69792999999427,0
177.79792999999427,0
177.89792999999426,0
177.99792999999426,0
178.09792999999425,0
178.19792999999424,0
178.29792999999424,0
178.39792999999423,0
178.49792999999423,0
178.59792999999422,0
178.69792999999422,0
178.7979299999942,0
178.8979299999942,0
178.9979299999942,0
179.0979299999942,0
179.1979299999942,0
179.29792999999418,0
179.39792999999418,0
179.49792999999417,0
179.59792999999416,0
179.69792999999416,0
179.79792999999415,0
179.89792999999415,0
179.99792999999414,0
180.09792999999414,0
180.19792999999413,0
180.29792999999412,0
180.39792999999412,0
180.4979299999941,0
180.5979299999941,0
180.6979299999941,0
180.7979299999941,0
180.8979299999941,0
180.99792999999408,0
181.09792999999408,0
181.19792999999407,0
181.29792999999407,0
181.39792999999406,0
181.49792999999406,0
181.59792999999405,0
181.69792999999405,0
181.79792999999404,0
181.89792999999403,0
181.99792999999403,0
182.09792999999402,0
182.19792999999402,0
182.297929999994,0
182.397929999994,0
182.497929999994,0
182.597929999994,0
182.697929999994,0
182.79792999999398,0
182.89792999999398,0
182.99792999999397,0
183.09792999999397,0
183.10037000000003,1
183.19792999999396,1
183.19792999999396,0
183.19792999999396,0
183.29792999999395,0
183.39792999999395,0
183.49792999999394,0
183.59792999999394,0
183.69792999999393,0
183.79792999999393,0
183.89792999999392,0
183.99792999999391,0
184.0979299999939,0
184.1979299999939,0
184.2979299999939,0
184.3979299999939,0
184.4979299999939,0
184.59792999999388,0
184.69792999999387,0
184.79792999999387,0
184.89792999999386,0
184.99792999999386,0
185.09792999999385,0
185.19792999999385,0
185.29792999999384,0
185.39792999999383,0
185.49792999999383,0
185.59792999999382,0
185.69792999999382,0
185.7979299999938,0
185.8979299999938,0
185.9979299999938,0
186.0979299999938,0
186.1979299999938,0
186.29792999999378,0
186.39792999999378,0
186.49792999999377,0
186.59792999999377,0
186.69792999999376,0
186.79792999999376,0
186.89792999999375,0
186.99792999999374,0
187.09792999999374,0
187.19792999999373,0
187.29792999999373,0
187.39792999999372,0
187.49792999999372,0
187.5979299999937,0
187.6979299999937,0
187.7979299999937,0
187.8979299999937,0
187.9979299999937,0
188.09792999999368,0
188.19792999999368,0
188.29792999999367,0
188.39792999999366,0
188.49792999999366,0
188.59792999999365,0
188.69792999999365,0
188.79792999999364,0
188.89792999999364,0
188.99792999999363,0
189.09792999999362,0
189.19792999999362,0
189.2979299999936,0
189.3979299999936,0
189.4979299999936,0
189.5979299999936,0
189.6979299999936,0
189.79792999999358,0
189.89792999999358,0
189.90037,1
189.99792999999357,1
189.99792999999357,0
189.99792999999357,0
190.09792999999357,0
190.19792999999356,0
190.29792999999356,0
190.39792999999355,0
190.49792999999354,0
190.59792999999354,0
190.69792999999353,0
190.79792999999353,0
190.89792999999352,0
190.99792999999352,0
191.0979299999935,0
191.1979299999935,0
191.2979299999935,0
191.3979299999935,0
191.4979299999935,0
191.59792999999348,0
191.69792999999348,0
191.79792999999347,0
191.89792999999347,0
191.99792999999346,0
192.09792999999345,0
192.19792999999345,0
192.29792999999344,0
192.39792999999344,0
192.49792999999343,0
192.59792999999343,0
192.69792999999342,0
192.7979299999934,0
192.8979299999934,0
192.9979299999934,0
193.0005,1
193.0979299999934,1
193.0979299999934,0
193.0979299999934,0
193.1979299999934,0
193.29792999999339,0
193.39792999999338,0
193.49792999999337,0
193.59792999999337,0
193.69792999999336,0
193.79792999999336,0
193.89792999999335,0
193.99792999999335,0
194.09792999999334,0
194.19792999999333,0
194.29792999999333,0
194.39792999999332,0
194.49792999999332,0
194.5979299999933,0
194.6979299999933,0
194.7979299999933,0
194.8979299999933,0
194.9979299999933,0
195.0005,1
195.09792999999328,1
195.09792999999328,0
195.09792999999328,0
195.19792999999328,0
195.29792999999327,0
195.39792999999327,0
195.49792999999326,0
195.59792999999326,0
195.69792999999325,0
195.79792999999324,0
195.89792999999324,0
195.99792999999323,0
196.09792999999323,0
196.10037,1
196.19792999999322,1
196.19792999999322,0
196.19792999999322,0
196.29792999999322,0
196.3979299999932,0
196.4979299999932,0
196.5979299999932,0
196.6979299999932,0
196.7979299999932,0
196.89792999999318,0
196.99792999999318,0
197.00063,1
197.09792999999317,1
197.09792999999317,0
197.09792999999317,0
197.19792999999316,0
197.29792999999316,0
197.39792999999315,0
197.49792999999315,0
197.59792999999314,0
197.69792999999314,0
197.79792999999313,0
197.89792999999312,0
197.99792999999312,0
198.0979299999931,0
198.1979299999931,0
198.2979299999931,0
198.3979299999931,0
198.4979299999931,0
198.59792999999308,0
198.69792999999308,0
198.79792999999307,0
198.82174500000002,1
198.821875,2
198.89792999999307,2
198.89792999999307,1
198.89792999999307,1
198.89792999999307,0
198.89792999999307,0
198.99792999999306,0
199.09792999999306,0
199.19792999999305,0
199.29792999999304,0
199.39792999999304,0
199.49792999999303,0
199.59792999999303,0
199.69792999999302,0
199.79792999999302,0
199.897929999993,0
199.997929999993,0
