job_times,data_arrival_times
2.206666666666667,3.601299999999977
5.75333333333333,11.201000000000661
4.953333333333333,1.5343000000012808
3.769999999999996,1.6969000000020387
2.2333333333333343,4.215000000000089
4.780000000000001,2.653099999999
2.623333333333335,2.6383999999981143
3.0900000000000034,9.221499999996098
4.653333333333336,2.6296999999951254
2.2533333333333303,3.74149999999338
2.0066666666666606,1.6173999999920454
4.526666666666671,4.064499999990829
