job_times,data_arrival_times
4.526666666666667,1.565299999999958
4.183333333333337,4.887100000000835
5.769999999999996,2.59820000000186
3.213333333333331,4.116300000002745
2.096666666666664,9.244200000001527
2.3400000000000034,1.2084000000005943
2.9866666666666646,2.1728999999989753
4.25,1.2682999999978222
5.006666666666675,1.738899999996164
5.916666666666657,1.9579999999939162
2.0999999999999943,3.289699999992507
2.3966666666666754,5.257099999991254
5.409999999999997,3.663999999989784
