Site,Category,Total Jobs,Completed Jobs,Average Completion Time,Average Waiting Time
0,0,44,32,9.203249999999997,7.177984489069644
0,1,25,19,12.94285323421165,12.324649483981167
0,2,35,16,16.97765625,13.117509376441742
