time_bin_mid,avg_data_arrival_time
82.5,1.0817699999942931
93.5,1.1500699999842396
124.5,1.079619999958311
131.5,1.1717999999685844
