task_times,data_arrival_times
5.9025,1.1387199999998918
4.015000000000001,1.1262700000036645
5.134999999999998,1.1411100000072736
2.906250000000007,1.1415400000103588
4.643749999999997,1.1366699999970251
2.1912499999999966,1.1628399999892167
3.9962500000000034,1.1218999999800587
2.6912499999999966,1.1687499999716238
4.480000000000004,1.1671999999658027
3.2649999999999864,1.0803605863125654
2.6399999999999864,1.1036000000856063
5.271250000000009,1.125370000099366
