task_times,data_arrival_times
5.287500000000001,1.0884399999992667
5.1175,1.0653200000049026
4.058750000000003,1.1634714055830813
3.5500000000000114,1.1678481045377396
3.0512500000000102,1.2279714056563478
2.0962499999999977,1.0930714056866009
4.052500000000009,1.1049414056993214
5.344999999999999,1.138261405714303
2.4350000000000023,1.109091405733551
