job_times,data_arrival_times
2.710000000000001,1.4711000000000034
5.366666666666667,13.449700000000952
5.899999999999999,1.6283000000016514
5.0433333333333366,1.2045000000006354
3.373333333333335,1.1795999999995246
5.3700000000000045,4.253899999997785
2.2533333333333303,4.450699999996317
5.860000000000014,4.918199999994783
4.403333333333336,6.861599999993331
5.930000000000007,1.8476999999920736
2.8666666666666742,3.165399999990086
