job_times,data_arrival_times
2.6566666666666663,3.0370000000000488
4.713333333333331,3.8605000000009966
3.1566666666666663,1.5610000000018616
2.7133333333333383,2.1681000000004786
2.9866666666666646,4.754199999998818
2.026666666666671,4.651999999997443
5.010000000000005,3.3732999999959503
2.9499999999999886,1.718299999994656
4.513333333333321,4.7560999999925
3.163333333333327,6.432799999989612
3.0500000000000114,3.615899999987704
