Category,Total Jobs,Completed Jobs,Average Completion Time,Average Waiting Time
0,120,78,9.413307692307693,7.748841840647724
1,86,56,15.54393177023962,11.547548996642435
2,116,53,15.963278301886787,19.4923813806566
