job_times,data_arrival_times
5.2875,0.1854800000000334
4.8375,0.26435999999992355
3.8212500000000063,44.445369999996785
