job_times,data_arrival_times
3.4139999999999997,0.18954000000001336
3.4200000000000017,0.20322999999978109
3.024000000000001,0.216959999999915
5.774000000000001,0.19427500000212916
5.188000000000002,0.21448898119864168
