job_times,data_arrival_times
3.501999999999999,2.303929999999939
4.016000000000002,1.1262100000000395
3.2959999999999994,2.923165000001248
3.7659999999999982,5.435885000001861
