job_times,data_arrival_times
4.359999999999999,0.1755350000000675
4.463333333333338,0.4530900000053961
2.796666666666667,0.2806800000037839
2.3400000000000034,4.1683100000015685
4.296666666666667,4.509529999997071
3.010000000000005,5.717375000001994
5.826666666666668,0.35904499999976736
3.6500000000000057,0.5001249999968849
5.153333333333336,48.01732000001911
