job_times,data_arrival_times
4.33,0.41693999999999554
5.940000000000001,0.26817999999983044
2.9800000000000004,0.34960999999995934
4.43,0.16568500000171582
