time_bin_mid,avg_data_arrival_time
4.5,0.30931999999987614
15.5,0.22939999999993965
73.5,42.30672999999683
155.5,76.96349500007088
161.5,0.43046500011001854
