processor_ids,avg_processing_times,avg_data_arrival_times
0,4.42,0.30010375000037526
1,4.1640000000000015,0.20369879624009607
2,3.6449999999999996,2.9472975000007717
3,3.9630000000000023,7.145848000002891
4,3.653703703703703,7.909637777780532
5,3.988518518518521,7.131223333336184
6,3.9487500000000013,24.598164000033677
7,4.648750000000002,14.965069999998915
8,3.9790000000000005,24.047882000035507
