job_times,data_arrival_times
2.206666666666667,1.7512950000000331
2.1400000000000006,7.212280000004121
2.1666666666666714,0.30745000000456457
5.099999999999994,0.29804000000213193
4.060000000000002,6.821109999997603
4.900000000000006,6.688265000000669
5.536666666666662,0.2923449999983774
2.0533333333333275,0.29419499999605137
4.719999999999999,47.52176000002123
