job_times,data_arrival_times
3.7025000000000006,0.30931999999987614
4.210000000000001,0.22939999999993965
5.051249999999996,42.30672999999683
4.746250000000003,76.96349500007088
2.1850000000000023,0.43046500011001854
