job_times,data_arrival_times
2.0133333333333336,2.0021350000000675
3.3900000000000006,10.155490000006473
3.7733333333333405,0.324550000005587
4.219999999999999,0.37050000000279226
5.49666666666667,0.7310100000015751
3.469999999999999,1.9311499999965065
3.276666666666671,6.666045000000693
5.353333333333339,0.2635849999991393
2.8033333333333275,0.5417249999968732
5.833333333333343,48.4722900000192
