job_times,data_arrival_times
3.1712500000000006,0.21331999999999574
4.623750000000001,0.18389999999989293
5.053749999999994,45.077869999997745
4.867500000000007,77.08536500006073
2.0275000000000034,0.4303650001100152
