job_times,data_arrival_times
5.526,0.7282999999999689
2.041999999999998,2.557100000000151
4.3359999999999985,2.161900000000685
5.5,2.0060000000005545
4.25,0.8663999999995156
2.048000000000002,0.9701999999981155
4.259999999999991,2.2122999999959916
2.1759999999999877,2.7451999999932752
