job_times,data_arrival_times
4.359999999999999,0.27340000000000053
3.8900000000000006,0.2603450000014007
5.829999999999998,0.29520000000300683
5.420000000000002,3.86403999999672
3.5,1.3035950000000724
3.5333333333333314,0.22100499999598355
4.290000000000006,5.352914999995761
5.866666666666674,2.9670650000048227
5.916666666666657,3.488330000001582
2.816666666666663,0.18709000000367837
2.0800000000000125,3.5585900000004074
