job_times,data_arrival_times
5.646666666666668,3.328634999999977
3.4966666666666697,1.862980000001528
2.4633333333333383,0.2549600000039476
2.5833333333333286,2.4620999999966244
4.526666666666671,4.810895000000087
3.760000000000005,0.33427499999719146
5.7266666666666595,7.170164999996146
5.423333333333346,4.279085000003988
4.163333333333327,0.31247500000640116
5.50333333333333,0.3107400000030509
3.433333333333337,0.26472500000198806
