job_times,data_arrival_times
5.431249999999999,7.079790000000255
4.05875,0.23397999999967212
5.271250000000002,0.26336000000188164
3.9612499999999997,0.22512000000521226
2.757499999999993,3.799224999997321
4.896249999999995,0.2632249999962113
3.148750000000007,3.547879999999978
3.168750000000003,0.26821999999854995
4.977499999999992,0.42680000001215035
3.758749999999992,0.2839000000212195
5.1512500000000045,0.28512000003664184
