job_times,data_arrival_times
4.556249999999999,6.432240000000119
4.643750000000001,0.2461399999999223
5.530000000000001,0.23828000000055027
3.512500000000003,0.2444000000041484
5.636250000000004,7.0616949999974565
4.178749999999994,0.19648499999659919
5.117500000000007,4.349410000000219
2.6212500000000034,0.2600599999990578
3.969999999999999,0.2818600000029221
2.2037500000000136,0.1916800000161345
4.02000000000001,0.2894400000319024
