time_bin_mid,avg_data_arrival_time
11.5,4.932340000000119
30.5,3.804060000000092
50.5,9.722645000010253
57.5,0.191985000013581
