job_times,data_arrival_times
4.556249999999999,6.432240000000119
4.643750000000001,0.2461399999999223
2.456249999999997,0.1867400000012367
2.427500000000002,6.733985000007905
3.592500000000001,0.22270500001143034
5.771250000000002,0.2602250000145432
