job_times,data_arrival_times
3.356666666666669,4.18194500000169
2.096666666666664,56.334679999993114
5.426666666666662,0.24468999999049856
2.826666666666654,0.27940999999034943
