job_times,data_arrival_times
5.453333333333333,2.9256850000000547
4.576666666666668,59.10984999999175
5.780000000000001,0.2423099999897147
