time_bin_mid,avg_data_arrival_time
14.5,0.26274000000007725
30.5,0.2712799999992974
37.5,0.21565369990308625
48.5,6.395988699914781
52.5,0.2033850000152384
109.5,51.15467869989555
146.5,31.411580000051657
153.5,0.2611736999910761
