job_times,data_arrival_times
5.733750000000001,0.260720000000056
2.15625,0.2790599999994079
4.243749999999999,0.2901400000029071
5.515000000000001,4.18378500001387
4.991249999999994,53.73379499999582
4.291249999999991,32.870480000050975
4.462500000000006,0.21614000008426615
2.6825000000000045,0.26222000009897783
