job_times,data_arrival_times
3.0380000000000003,0.3796299999999988
5.3919999999999995,4.2227699999999615
5.660000000000004,0.20484000000142544
2.671999999999997,8.303215000004258
3.9799999999999898,57.733680000004455
3.8760000000000048,0.12146000000490176
2.8540000000000134,6.826340000003825
2.9960000000000093,0.32141000000424924
