job_times,data_arrival_times
4.5266666666666655,0.2730947833545825
5.646666666666665,2.883404783354642
4.373333333333335,100.20484978339331
2.4466666666666583,1.7402050000726774
2.569999999999993,0.2726997834318752
4.456666666666678,13.31081000000853
5.693333333333328,10.324514783359405
3.586666666666673,2.842204783360529
