job_times,data_arrival_times
5.606666666666655,92.47827500003231
5.759999999999991,1.55758500007164
2.2566666666666606,12.85507000000598
4.289999999999992,13.171520000007234
2.0999999999999943,0.29535000000814193
4.930000000000007,0.714760000005839
