job_times,data_arrival_times
3.5700000000000003,1.3845999999999652
5.5120000000000005,1.8749000000000287
5.967999999999996,2.2616000000008114
4.921999999999997,0.8354000000008028
3.9639999999999986,2.1600999999997867
5.674000000000007,3.189699999998979
4.437999999999988,1.737899999996472
2.2700000000000102,0.655899999994574
3.6260000000000048,1.95349999999263
