time,Queue_1_load,Queue_2_load,Queue_3_load,Queue_4_load,Queue_5_load,Queue_6_load
0.0,0.0,0.0,0.0,0.0,0.0,0.0
0.1,0.0,0.0,0.0,0.0,0.0,0.0
0.2,0.0,0.0,0.0,0.0,0.0,0.0
0.30000000000000004,0.0,0.0,0.0,0.0,0.0,0.0
0.4,0.0,0.0,0.0,0.0,0.0,0.0
0.5,0.0,0.0,0.0,0.0,0.0,0.0
0.6,0.0,0.0,0.0,0.0,0.0,0.0
0.7,0.0,0.0,0.0,0.0,0.0,0.0
0.7999999999999999,0.0,0.0,0.0,0.0,0.0,0.0
0.8999999999999999,0.0,0.0,0.0,0.0,0.0,0.0
0.9999999999999999,0.0,0.0,0.0,0.0,0.0,0.0
1.0999999999999999,0.0,0.0,0.0,0.0,0.0,0.0
1.2,0.0,0.0,0.0,0.0,0.0,0.0
1.3,0.0,0.0,0.0,0.0,0.0,0.0
1.4000000000000001,0.0,0.0,0.0,0.0,0.0,0.0
1.5000000000000002,0.0,0.0,0.0,0.0,0.0,0.0
1.6000000000000003,0.0,0.0,0.0,0.0,0.0,0.0
1.7000000000000004,0.0,0.0,0.0,0.0,0.0,0.0
1.8000000000000005,0.0,0.0,0.0,0.0,0.0,0.0
1.9000000000000006,0.0,0.0,0.0,0.0,0.0,0.0
2.0000000000000004,0.0,0.0,0.0,0.0,0.0,0.0
2.1000000000000005,0.0,0.0,0.0,0.0,0.0,0.0
2.2000000000000006,0.0,0.0,0.0,0.0,0.0,0.0
2.3000000000000007,0.0,0.0,0.0,0.0,0.0,0.0
2.400000000000001,0.0,0.0,0.0,0.0,0.0,0.0
2.500000000000001,0.0,0.0,0.0,0.0,0.0,0.0
2.600000000000001,0.0,0.0,0.0,0.0,0.0,0.0
2.700000000000001,0.0,0.0,0.0,0.0,0.0,0.0
2.800000000000001,0.0,0.0,0.0,0.0,0.0,0.0
2.9000000000000012,0.0,0.0,0.0,0.0,0.0,0.0
3.0000000000000013,0.0,0.0,0.0,0.0,0.0,0.0
3.1000000000000014,0.0,0.0,0.0,0.0,0.0,0.0
3.2000000000000015,0.0,0.0,0.0,0.0,0.0,0.0
3.3000000000000016,0.0,0.0,0.0,0.0,0.0,0.0
3.4000000000000017,0.0,0.0,0.0,0.0,0.0,0.0
3.5000000000000018,0.0,0.0,0.0,0.0,0.0,0.0
3.600000000000002,0.0,0.0,0.0,0.0,0.0,0.0
3.700000000000002,0.0,0.0,0.0,0.0,0.0,0.0
3.800000000000002,0.0,0.0,0.0,0.0,0.0,0.0
3.900000000000002,0.0,0.0,0.0,0.0,0.0,0.0
4.000000000000002,0.0,0.0,0.0,0.0,0.0,0.0
4.100000000000001,0.0,0.0,0.0,0.0,0.0,0.0
4.200000000000001,0.0,0.0,0.0,0.0,0.0,0.0
4.300000000000001,0.0,0.0,0.0,0.0,0.0,0.0
4.4,0.0,0.0,0.0,0.0,0.0,0.0
4.5,0.0,0.0,0.0,0.0,0.0,0.0
4.6,0.0,0.0,0.0,0.0,0.0,0.0
4.699999999999999,0.0,0.0,0.0,0.0,0.0,0.0
4.799999999999999,0.0,0.0,0.0,0.0,0.0,0.0
4.899999999999999,0.0,0.0,0.0,0.0,0.0,0.0
4.999999999999998,0.0,0.0,0.0,0.0,0.0,0.0
5.099999999999998,0.0,0.0,0.0,0.0,0.0,0.0
5.1999999999999975,0.0,0.0,0.0,0.0,0.0,0.0
5.299999999999997,0.0,0.0,0.0,0.0,0.0,0.0
5.399999999999997,0.0,0.0,0.0,0.0,0.0,0.0
5.4999999999999964,0.0,0.0,0.0,0.0,0.0,0.0
5.599999999999996,0.0,0.0,0.0,0.0,0.0,0.0
5.699999999999996,0.0,0.0,0.0,0.0,0.0,0.0
5.799999999999995,0.0,0.0,0.0,0.0,0.0,0.0
5.899999999999995,0.0,0.0,0.0,0.0,0.0,0.0
5.999999999999995,0.0,0.0,0.0,0.0,0.0,0.0
6.099999999999994,0.0,0.0,0.0,0.0,0.0,0.0
6.199999999999994,0.0,0.0,0.0,0.0,0.0,0.0
6.299999999999994,0.0,0.0,0.0,0.0,0.0,0.0
6.399999999999993,0.0,0.0,0.0,0.0,0.0,0.0
6.499999999999993,0.0,0.0,0.0,0.0,0.0,0.0
6.5999999999999925,0.0,0.0,0.0,0.0,0.0,0.0
6.699999999999992,0.0,0.0,0.0,0.0,0.0,0.0
6.799999999999992,0.0,0.0,0.0,0.0,0.0,0.0
6.8999999999999915,0.0,0.0,0.0,0.0,0.0,0.0
6.999999999999991,0.0,0.0,0.0,0.0,0.0,0.0
7.099999999999991,0.0,0.0,0.0,0.0,0.0,0.0
7.19999999999999,0.0,0.0,0.0,0.0,0.0,0.0
7.29999999999999,0.0,0.0,0.0,0.0,0.0,0.0
7.39999999999999,0.0,0.0,0.0,0.0,0.0,0.0
7.499999999999989,0.0,0.0,0.0,0.0,0.0,0.0
7.599999999999989,0.0,0.0,0.0,0.0,0.0,0.0
7.699999999999989,0.0,0.0,0.0,0.0,0.0,0.0
7.799999999999988,0.0,0.0,0.0,0.0,0.0,0.0
7.899999999999988,0.0,0.0,0.0,0.0,0.0,0.0
7.999999999999988,0.0,0.0,0.0,0.0,0.0,0.0
8.099999999999987,0.0,0.0,0.0,0.0,0.0,0.0
8.199999999999987,0.0,0.0,0.0,0.0,0.0,0.0
8.299999999999986,0.0,0.0,0.0,0.0,0.0,0.0
8.399999999999986,0.0,0.0,0.0,0.0,0.0,0.0
8.499999999999986,0.0,0.0,0.0,0.0,0.0,0.0
8.599999999999985,0.0,0.0,0.0,0.0,0.0,0.0
8.699999999999985,0.0,0.0,0.0,0.0,0.0,0.0
8.799999999999985,0.0,0.0,0.0,0.0,0.0,0.0
8.899999999999984,0.0,0.0,0.0,0.0,0.0,0.0
8.999999999999984,0.0,0.0,0.0,0.0,0.0,0.0
9.099999999999984,0.0,0.0,0.0,0.0,0.0,0.0
9.199999999999983,0.0,0.0,0.0,0.0,0.0,0.0
9.299999999999983,0.0,0.0,0.0,0.0,0.0,0.0
9.399999999999983,0.0,0.0,0.0,0.0,0.0,0.0
9.499999999999982,0.0,0.0,0.0,0.0,0.0,0.0
9.599999999999982,0.0,0.0,0.0,0.0,0.0,0.0
9.699999999999982,0.0,0.0,0.0,0.0,0.0,0.0
9.799999999999981,0.0,0.0,0.0,0.0,0.0,0.0
9.89999999999998,0.0,0.0,0.0,0.0,0.0,0.0
9.99999999999998,0.0,0.0,0.0,0.0,0.0,0.0
10.09999999999998,0.0,0.0,0.0,0.0,0.0,0.0
10.19999999999998,0.0,0.0,0.0,0.0,0.0,0.0
10.29999999999998,0.0,0.0,0.0,0.0,0.0,0.0
10.399999999999979,0.0,0.0,0.0,0.0,0.0,0.0
10.499999999999979,0.0,0.0,0.0,0.0,0.0,0.0
10.599999999999978,0.0,0.0,0.0,0.0,0.0,0.0
10.699999999999978,0.0,0.0,0.0,0.0,0.0,0.0
10.799999999999978,0.0,0.0,0.0,0.0,0.0,0.0
10.899999999999977,0.0,0.0,0.0,0.0,0.0,0.0
10.999999999999977,0.0,0.0,0.0,0.0,0.0,0.0
11.099999999999977,0.0,0.0,0.0,0.0,0.0,0.0
11.199999999999976,0.0,0.0,0.0,0.0,0.0,0.0
11.299999999999976,0.0,0.0,0.0,0.0,0.0,0.0
11.399999999999975,0.0,0.0,0.0,0.0,0.0,0.0
11.499999999999975,0.0,0.0,0.0,0.0,0.0,0.0
11.599999999999975,0.0,0.0,0.0,0.0,0.0,0.0
11.699999999999974,0.0,0.0,0.0,0.0,0.0,0.0
11.799999999999974,0.0,0.0,0.0,0.0,0.0,0.0
11.899999999999974,0.0,0.0,0.0,0.0,0.0,0.0
11.999999999999973,0.0,0.0,0.0,0.0,0.0,0.0
12.099999999999973,0.0,0.0,0.0,0.0,0.0,0.0
12.199999999999973,0.0,0.0,0.0,0.0,0.0,0.0
12.299999999999972,0.0,0.0,0.0,0.0,0.0,0.0
12.399999999999972,0.0,0.0,0.0,0.0,0.0,0.0
12.499999999999972,0.0,0.0,0.0,0.0,0.0,0.0
12.599999999999971,0.0,0.0,0.0,0.0,0.0,0.0
12.69999999999997,0.0,0.0,0.0,0.0,0.0,0.0
12.79999999999997,0.0,0.0,0.0,0.0,0.0,0.0
12.89999999999997,0.0,0.0,0.0,0.0,0.0,0.0
12.99999999999997,0.0,0.0,0.0,0.0,0.0,0.0
13.09999999999997,0.0,0.0,0.0,0.0,0.0,0.0
13.199999999999969,0.0,0.0,0.0,0.0,0.0,0.0
13.299999999999969,0.0,0.0,0.0,0.0,0.0,0.0
13.399999999999968,0.0,0.0,0.0,0.0,0.0,0.0
13.499999999999968,0.0,0.0,0.0,0.0,0.0,0.0
13.599999999999968,0.0,0.0,0.0,0.0,0.0,0.0
13.699999999999967,0.0,0.0,0.0,0.0,0.0,0.0
13.799999999999967,0.0,0.0,0.0,0.0,0.0,0.0
13.899999999999967,0.0,0.0,0.0,0.0,0.0,0.0
13.999999999999966,0.0,0.0,0.0,0.0,0.0,0.0
14.0,1.0,,,,,
14.099999999999966,1.0,0.0,0.0,0.0,0.0,0.0
14.099999999999966,0.0,0.0,0.0,0.0,0.0,0.0
14.100129999999966,0.0,,,,,
14.110279999999966,,1.0,,,,
14.199999999999966,,1.0,0.0,0.0,0.0,0.0
14.199999999999966,,0.0,0.0,0.0,0.0,0.0
14.200129999999966,0.0,,,,,
14.201599999999965,,0.0,,,,
14.211879999999965,,1.0,,,,
14.211909999999966,,2.0,,,,
14.299999999999965,,,0.0,0.0,0.0,0.0
14.300129999999966,0.0,,,,,
14.301599999999965,,2.0,,,,
14.301599999999965,,1.0,,,,
14.303199999999965,,1.0,,,,
14.303199999999965,,0.0,,,,
14.304799999999965,,0.0,,,,
14.313479999999965,,1.0,,,,
14.313509999999965,,2.0,,,,
14.315079999999964,,3.0,,,,
14.315109999999965,,4.0,,,,
14.399999999999965,,,0.0,0.0,0.0,0.0
14.400129999999965,0.0,,,,,
14.404799999999964,,4.0,,,,
14.404799999999964,,3.0,,,,
14.406399999999964,,3.0,,,,
14.406399999999964,,2.0,,,,
14.407999999999964,,2.0,,,,
14.407999999999964,,1.0,,,,
14.409599999999964,,1.0,,,,
14.409599999999964,,0.0,,,,
14.411199999999964,,0.0,,,,
14.416679999999964,,1.0,,,,
14.416709999999965,,2.0,,,,
14.418279999999964,,3.0,,,,
14.418309999999964,,4.0,,,,
14.419879999999964,,5.0,,,,
14.419909999999964,,6.0,,,,
14.421479999999963,,7.0,,,,
14.421509999999964,,8.0,,,,
14.499999999999964,,,0.0,0.0,0.0,0.0
14.500129999999965,0.0,,,,,
14.511199999999963,,8.0,,,,
14.511199999999963,,7.0,,,,
14.512799999999963,,7.0,,,,
14.512799999999963,,6.0,,,,
14.514399999999963,,6.0,,,,
14.514399999999963,,5.0,,,,
14.515999999999963,,5.0,,,,
14.515999999999963,,4.0,,,,
14.517599999999963,,4.0,,,,
14.517599999999963,,3.0,,,,
14.519199999999962,,3.0,,,,
14.519199999999962,,2.0,,,,
14.520799999999962,,2.0,,,,
14.520799999999962,,1.0,,,,
14.522399999999962,,1.0,,,,
14.522399999999962,,0.0,,,,
14.523079999999963,,1.0,,,,
14.523109999999964,,2.0,,,,
14.523999999999962,,2.0,,,,
14.523999999999962,,1.0,,,,
14.524679999999963,,2.0,,,,
14.524709999999963,,3.0,,,,
14.525599999999962,,3.0,,,,
14.525599999999962,,2.0,,,,
14.526279999999963,,3.0,,,,
14.526309999999963,,4.0,,,,
14.527199999999961,,4.0,,,,
14.527199999999961,,3.0,,,,
14.527879999999962,,4.0,,,,
14.527909999999963,,5.0,,,,
14.528799999999961,,5.0,,,,
14.528799999999961,,4.0,,,,
14.529479999999962,,5.0,,,,
14.529509999999963,,6.0,,,,
14.530399999999961,,6.0,,,,
14.530399999999961,,5.0,,,,
14.531079999999962,,6.0,,,,
14.531109999999963,,7.0,,,,
14.531999999999961,,7.0,,,,
14.531999999999961,,6.0,,,,
14.532679999999962,,7.0,,,,
14.532709999999962,,8.0,,,,
14.53359999999996,,8.0,,,,
14.53359999999996,,7.0,,,,
14.534279999999962,,8.0,,,,
14.534309999999962,,9.0,,,,
14.53519999999996,,9.0,,,,
14.53519999999996,,8.0,,,,
14.535879999999961,,9.0,,,,
14.535909999999962,,10.0,,,,
14.53679999999996,,10.0,,,,
14.53679999999996,,9.0,,,,
14.537479999999961,,10.0,,,,
14.537509999999962,,11.0,,,,
14.53839999999996,,11.0,,,,
14.53839999999996,,10.0,,,,
14.539079999999961,,11.0,,,,
14.539109999999962,,12.0,,,,
14.53999999999996,,12.0,,,,
14.53999999999996,,11.0,,,,
14.540679999999961,,12.0,,,,
14.540709999999962,,13.0,,,,
14.54159999999996,,13.0,,,,
14.54159999999996,,12.0,,,,
14.54227999999996,,13.0,,,,
14.542309999999961,,14.0,,,,
14.54319999999996,,14.0,,,,
14.54319999999996,,13.0,,,,
14.54387999999996,,14.0,,,,
14.543909999999961,,15.0,,,,
14.54479999999996,,15.0,,,,
14.54479999999996,,14.0,,,,
14.54547999999996,,15.0,,,,
14.545509999999961,,16.0,,,,
14.54639999999996,,16.0,,,,
14.54639999999996,,15.0,,,,
14.54707999999996,,16.0,,,,
14.547109999999961,,17.0,,,,
14.54799999999996,,17.0,,,,
14.54799999999996,,16.0,,,,
14.54867999999996,,17.0,,,,
14.54870999999996,,18.0,,,,
14.549599999999959,,18.0,,,,
14.549599999999959,,17.0,,,,
14.55027999999996,,18.0,,,,
14.55030999999996,,19.0,,,,
14.551199999999959,,19.0,,,,
14.551199999999959,,18.0,,,,
14.55187999999996,,19.0,,,,
14.55190999999996,,20.0,,,,
14.552799999999959,,20.0,,,,
14.552799999999959,,19.0,,,,
14.55347999999996,,20.0,,,,
14.55350999999996,,21.0,,,,
14.554399999999958,,21.0,,,,
14.554399999999958,,20.0,,,,
14.55507999999996,,21.0,,,,
14.55510999999996,,22.0,,,,
14.555999999999958,,22.0,,,,
14.555999999999958,,21.0,,,,
14.55667999999996,,22.0,,,,
14.55670999999996,,23.0,,,,
14.557599999999958,,23.0,,,,
14.557599999999958,,22.0,,,,
14.558279999999959,,23.0,,,,
14.55830999999996,,24.0,,,,
14.559199999999958,,24.0,,,,
14.559199999999958,,23.0,,,,
14.559879999999959,,24.0,,,,
14.55990999999996,,25.0,,,,
14.560799999999958,,25.0,,,,
14.560799999999958,,24.0,,,,
14.561479999999959,,25.0,,,,
14.56150999999996,,26.0,,,,
14.562399999999958,,26.0,,,,
14.562399999999958,,25.0,,,,
14.563079999999959,,26.0,,,,
14.56310999999996,,27.0,,,,
14.563999999999957,,27.0,,,,
14.563999999999957,,26.0,,,,
14.564679999999958,,27.0,,,,
14.564709999999959,,28.0,,,,
14.565599999999957,,28.0,,,,
14.565599999999957,,27.0,,,,
14.566279999999958,,28.0,,,,
14.566309999999959,,29.0,,,,
14.567199999999957,,29.0,,,,
14.567199999999957,,28.0,,,,
14.567879999999958,,29.0,,,,
14.567909999999959,,30.0,,,,
14.568799999999957,,30.0,,,,
14.568799999999957,,29.0,,,,
14.569479999999958,,30.0,,,,
14.569509999999958,,31.0,,,,
14.570399999999957,,31.0,,,,
14.570399999999957,,30.0,,,,
14.571079999999958,,31.0,,,,
14.571109999999958,,32.0,,,,
14.571999999999957,,32.0,,,,
14.571999999999957,,31.0,,,,
14.572679999999957,,32.0,,,,
14.572709999999958,,33.0,,,,
14.573599999999956,,33.0,,,,
14.573599999999956,,32.0,,,,
14.574279999999957,,33.0,,,,
14.574309999999958,,34.0,,,,
14.575199999999956,,34.0,,,,
14.575199999999956,,33.0,,,,
14.575879999999957,,34.0,,,,
14.575909999999958,,35.0,,,,
14.576799999999956,,35.0,,,,
14.576799999999956,,34.0,,,,
14.577479999999957,,35.0,,,,
14.577509999999958,,36.0,,,,
14.578399999999956,,36.0,,,,
14.578399999999956,,35.0,,,,
14.579079999999957,,36.0,,,,
14.579109999999957,,37.0,,,,
14.579999999999956,,37.0,,,,
14.579999999999956,,36.0,,,,
14.580679999999957,,37.0,,,,
14.580709999999957,,38.0,,,,
14.581599999999955,,38.0,,,,
14.581599999999955,,37.0,,,,
14.582279999999956,,38.0,,,,
14.582309999999957,,39.0,,,,
14.583199999999955,,39.0,,,,
14.583199999999955,,38.0,,,,
14.583879999999956,,39.0,,,,
14.583909999999957,,40.0,,,,
14.584799999999955,,40.0,,,,
14.584799999999955,,39.0,,,,
14.585479999999956,,40.0,,,,
14.585509999999957,,41.0,,,,
14.586399999999955,,41.0,,,,
14.586399999999955,,40.0,,,,
14.587079999999956,,41.0,,,,
14.587999999999955,,41.0,,,,
14.587999999999955,,40.0,,,,
14.588679999999956,,41.0,,,,
14.589599999999955,,41.0,,,,
14.589599999999955,,40.0,,,,
14.590279999999956,,41.0,,,,
14.591199999999954,,41.0,,,,
14.591199999999954,,40.0,,,,
14.591879999999955,,41.0,,,,
14.592799999999954,,41.0,,,,
14.592799999999954,,40.0,,,,
14.593479999999955,,41.0,,,,
14.594399999999954,,41.0,,,,
14.594399999999954,,40.0,,,,
14.595079999999955,,41.0,,,,
14.595999999999954,,41.0,,,,
14.595999999999954,,40.0,,,,
14.596679999999955,,41.0,,,,
14.597599999999954,,41.0,,,,
14.597599999999954,,40.0,,,,
14.598279999999955,,41.0,,,,
14.599199999999954,,41.0,,,,
14.599199999999954,,40.0,,,,
14.599879999999954,,41.0,,,,
14.599999999999964,,,0.0,0.0,0.0,0.0
14.600129999999965,0.0,,,,,
14.600799999999953,,41.0,,,,
14.600799999999953,,40.0,,,,
14.601479999999954,,41.0,,,,
14.602399999999953,,41.0,,,,
14.602399999999953,,40.0,,,,
14.603079999999954,,41.0,,,,
14.603999999999953,,41.0,,,,
14.603999999999953,,40.0,,,,
14.604679999999954,,41.0,,,,
14.605599999999953,,41.0,,,,
14.605599999999953,,40.0,,,,
14.606279999999954,,41.0,,,,
14.607199999999953,,41.0,,,,
14.607199999999953,,40.0,,,,
14.607879999999954,,41.0,,,,
14.608799999999952,,41.0,,,,
14.608799999999952,,40.0,,,,
14.609479999999953,,41.0,,,,
14.610399999999952,,41.0,,,,
14.610399999999952,,40.0,,,,
14.611079999999953,,41.0,,,,
14.611999999999952,,41.0,,,,
14.611999999999952,,40.0,,,,
14.612679999999953,,41.0,,,,
14.613599999999952,,41.0,,,,
14.613599999999952,,40.0,,,,
14.614279999999953,,41.0,,,,
14.615199999999952,,41.0,,,,
14.615199999999952,,40.0,,,,
14.615879999999953,,41.0,,,,
14.616799999999952,,41.0,,,,
14.616799999999952,,40.0,,,,
14.617479999999953,,41.0,,,,
14.618399999999951,,41.0,,,,
14.618399999999951,,40.0,,,,
14.619079999999952,,41.0,,,,
14.619999999999951,,41.0,,,,
14.619999999999951,,40.0,,,,
14.620679999999952,,41.0,,,,
14.621599999999951,,41.0,,,,
14.621599999999951,,40.0,,,,
14.622279999999952,,41.0,,,,
14.623199999999951,,41.0,,,,
14.623199999999951,,40.0,,,,
14.623879999999952,,41.0,,,,
14.62479999999995,,41.0,,,,
14.62479999999995,,40.0,,,,
14.625479999999952,,41.0,,,,
14.62639999999995,,41.0,,,,
14.62639999999995,,40.0,,,,
14.627079999999951,,41.0,,,,
14.62799999999995,,41.0,,,,
14.62799999999995,,40.0,,,,
14.628679999999951,,41.0,,,,
14.62959999999995,,41.0,,,,
14.62959999999995,,40.0,,,,
14.630279999999951,,41.0,,,,
14.63119999999995,,41.0,,,,
14.63119999999995,,40.0,,,,
14.631879999999951,,41.0,,,,
14.63279999999995,,41.0,,,,
14.63279999999995,,40.0,,,,
14.63347999999995,,41.0,,,,
14.63439999999995,,41.0,,,,
14.63439999999995,,40.0,,,,
14.63507999999995,,41.0,,,,
14.63599999999995,,41.0,,,,
14.63599999999995,,40.0,,,,
14.63667999999995,,41.0,,,,
14.63759999999995,,41.0,,,,
14.63759999999995,,40.0,,,,
14.63827999999995,,41.0,,,,
14.63919999999995,,41.0,,,,
14.63919999999995,,40.0,,,,
14.63987999999995,,41.0,,,,
14.640799999999949,,41.0,,,,
14.640799999999949,,40.0,,,,
14.64147999999995,,41.0,,,,
14.642399999999949,,41.0,,,,
14.642399999999949,,40.0,,,,
14.64307999999995,,41.0,,,,
14.643999999999949,,41.0,,,,
14.643999999999949,,40.0,,,,
14.64467999999995,,41.0,,,,
14.645599999999948,,41.0,,,,
14.645599999999948,,40.0,,,,
14.64627999999995,,41.0,,,,
14.647199999999948,,41.0,,,,
14.647199999999948,,40.0,,,,
14.64787999999995,,41.0,,,,
14.648799999999948,,41.0,,,,
14.648799999999948,,40.0,,,,
14.649479999999949,,41.0,,,,
14.650399999999948,,41.0,,,,
14.650399999999948,,40.0,,,,
14.651079999999949,,41.0,,,,
14.651999999999948,,41.0,,,,
14.651999999999948,,40.0,,,,
14.652679999999949,,41.0,,,,
14.653599999999948,,41.0,,,,
14.653599999999948,,40.0,,,,
14.654279999999948,,41.0,,,,
14.655199999999947,,41.0,,,,
14.655199999999947,,40.0,,,,
14.655879999999948,,41.0,,,,
14.656799999999947,,41.0,,,,
14.656799999999947,,40.0,,,,
14.657479999999948,,41.0,,,,
14.658399999999947,,41.0,,,,
14.658399999999947,,40.0,,,,
14.659079999999948,,41.0,,,,
14.659999999999947,,41.0,,,,
14.659999999999947,,40.0,,,,
14.660679999999948,,41.0,,,,
14.661599999999947,,41.0,,,,
14.661599999999947,,40.0,,,,
14.662279999999948,,41.0,,,,
14.663199999999946,,41.0,,,,
14.663199999999946,,40.0,,,,
14.663879999999947,,41.0,,,,
14.664799999999946,,41.0,,,,
14.664799999999946,,40.0,,,,
14.665359999999946,,41.0,,,,
14.666399999999946,,41.0,,,,
14.666399999999946,,40.0,,,,
14.667999999999946,,40.0,,,,
14.667999999999946,,39.0,,,,
14.669599999999946,,39.0,,,,
14.669599999999946,,38.0,,,,
14.670279999999947,,39.0,,,,
14.671199999999946,,39.0,,,,
14.671199999999946,,38.0,,,,
14.671879999999947,,39.0,,,,
14.672799999999945,,39.0,,,,
14.672799999999945,,38.0,,,,
14.673479999999946,,39.0,,,,
14.674399999999945,,39.0,,,,
14.674399999999945,,38.0,,,,
14.675079999999946,,39.0,,,,
14.675999999999945,,39.0,,,,
14.675999999999945,,38.0,,,,
14.677599999999945,,38.0,,,,
14.677599999999945,,37.0,,,,
14.679199999999945,,37.0,,,,
14.679199999999945,,36.0,,,,
14.679879999999946,,37.0,,,,
14.680799999999945,,37.0,,,,
14.680799999999945,,36.0,,,,
14.681479999999945,,37.0,,,,
14.682399999999944,,37.0,,,,
14.682399999999944,,36.0,,,,
14.683079999999945,,37.0,,,,
14.683999999999944,,37.0,,,,
14.683999999999944,,36.0,,,,
14.684679999999945,,37.0,,,,
14.685599999999944,,37.0,,,,
14.685599999999944,,36.0,,,,
14.686279999999945,,37.0,,,,
14.687199999999944,,37.0,,,,
14.687199999999944,,36.0,,,,
14.687879999999945,,37.0,,,,
14.688799999999944,,37.0,,,,
14.688799999999944,,36.0,,,,
14.689479999999945,,37.0,,,,
14.690399999999944,,37.0,,,,
14.690399999999944,,36.0,,,,
14.691079999999944,,37.0,,,,
14.691999999999943,,37.0,,,,
14.691999999999943,,36.0,,,,
14.692679999999944,,37.0,,,,
14.693599999999943,,37.0,,,,
14.693599999999943,,36.0,,,,
14.694279999999944,,37.0,,,,
14.695199999999943,,37.0,,,,
14.695199999999943,,36.0,,,,
14.696799999999943,,36.0,,,,
14.696799999999943,,35.0,,,,
14.698399999999943,,35.0,,,,
14.698399999999943,,34.0,,,,
14.699079999999944,,35.0,,,,
14.699999999999942,,35.0,,,,
14.699999999999942,,34.0,,,,
14.699999999999964,,,0.0,0.0,0.0,0.0
14.700129999999964,0.0,,,,,
14.700679999999943,,35.0,,,,
14.701599999999942,,35.0,,,,
14.701599999999942,,34.0,,,,
14.702279999999943,,35.0,,,,
14.703199999999942,,35.0,,,,
14.703199999999942,,34.0,,,,
14.703879999999943,,35.0,,,,
14.704799999999942,,35.0,,,,
14.704799999999942,,34.0,,,,
14.705479999999943,,35.0,,,,
14.706399999999942,,35.0,,,,
14.706399999999942,,34.0,,,,
14.707079999999943,,35.0,,,,
14.707999999999942,,35.0,,,,
14.707999999999942,,34.0,,,,
14.708679999999942,,35.0,,,,
14.709599999999941,,35.0,,,,
14.709599999999941,,34.0,,,,
14.710279999999942,,35.0,,,,
14.711199999999941,,35.0,,,,
14.711199999999941,,34.0,,,,
14.711879999999942,,35.0,,,,
14.712799999999941,,35.0,,,,
14.712799999999941,,34.0,,,,
14.713479999999942,,35.0,,,,
14.71439999999994,,35.0,,,,
14.71439999999994,,34.0,,,,
14.715079999999942,,35.0,,,,
14.71599999999994,,35.0,,,,
14.71599999999994,,34.0,,,,
14.716679999999942,,35.0,,,,
14.71759999999994,,35.0,,,,
14.71759999999994,,34.0,,,,
14.718279999999941,,35.0,,,,
14.71919999999994,,35.0,,,,
14.71919999999994,,34.0,,,,
14.719879999999941,,35.0,,,,
14.72079999999994,,35.0,,,,
14.72079999999994,,34.0,,,,
14.721479999999941,,35.0,,,,
14.72239999999994,,35.0,,,,
14.72239999999994,,34.0,,,,
14.72307999999994,,35.0,,,,
14.72399999999994,,35.0,,,,
14.72399999999994,,34.0,,,,
14.72467999999994,,35.0,,,,
14.72559999999994,,35.0,,,,
14.72559999999994,,34.0,,,,
14.72719999999994,,34.0,,,,
14.72719999999994,,33.0,,,,
14.72879999999994,,33.0,,,,
14.72879999999994,,32.0,,,,
14.72947999999994,,33.0,,,,
14.730399999999939,,33.0,,,,
14.730399999999939,,32.0,,,,
14.73099999999994,,32.0,,,,
14.73099999999994,,31.0,,,,
14.73107999999994,,32.0,,,,
14.73259999999994,,32.0,,,,
14.73259999999994,,31.0,,,,
14.73267999999994,,32.0,,,,
14.73419999999994,,32.0,,,,
14.73419999999994,,31.0,,,,
14.73427999999994,,32.0,,,,
14.735799999999939,,32.0,,,,
14.735799999999939,,31.0,,,,
14.73587999999994,,32.0,,,,
14.737399999999939,,32.0,,,,
14.737399999999939,,31.0,,,,
14.73747999999994,,32.0,,,,
14.738999999999939,,32.0,,,,
14.738999999999939,,31.0,,,,
14.73907999999994,,32.0,,,,
14.740599999999938,,32.0,,,,
14.740599999999938,,31.0,,,,
14.740679999999939,,32.0,,,,
14.742199999999938,,32.0,,,,
14.742199999999938,,31.0,,,,
14.743799999999938,,31.0,,,,
14.743799999999938,,30.0,,,,
14.745399999999938,,30.0,,,,
14.745399999999938,,29.0,,,,
14.746999999999938,,29.0,,,,
14.746999999999938,,28.0,,,,
14.748599999999938,,28.0,,,,
14.748599999999938,,27.0,,,,
14.750199999999937,,27.0,,,,
14.750199999999937,,26.0,,,,
14.751799999999937,,26.0,,,,
14.751799999999937,,25.0,,,,
14.753399999999937,,25.0,,,,
14.753399999999937,,24.0,,,,
14.754999999999937,,24.0,,,,
14.754999999999937,,23.0,,,,
14.756599999999937,,23.0,,,,
14.756599999999937,,22.0,,,,
14.758199999999936,,22.0,,,,
14.758199999999936,,21.0,,,,
14.759799999999936,,21.0,,,,
14.759799999999936,,20.0,,,,
14.761399999999936,,20.0,,,,
14.761399999999936,,19.0,,,,
14.762999999999936,,19.0,,,,
14.762999999999936,,18.0,,,,
14.764599999999936,,18.0,,,,
14.764599999999936,,17.0,,,,
14.766199999999936,,17.0,,,,
14.766199999999936,,16.0,,,,
14.767799999999935,,16.0,,,,
14.767799999999935,,15.0,,,,
14.769399999999935,,15.0,,,,
14.769399999999935,,14.0,,,,
14.770999999999935,,14.0,,,,
14.770999999999935,,13.0,,,,
14.772599999999935,,13.0,,,,
14.772599999999935,,12.0,,,,
14.774199999999935,,12.0,,,,
14.774199999999935,,11.0,,,,
14.775799999999935,,11.0,,,,
14.775799999999935,,10.0,,,,
14.777399999999934,,10.0,,,,
14.777399999999934,,9.0,,,,
14.778999999999934,,9.0,,,,
14.778999999999934,,8.0,,,,
14.780599999999934,,8.0,,,,
14.780599999999934,,7.0,,,,
14.782199999999934,,7.0,,,,
14.782199999999934,,6.0,,,,
14.783799999999934,,6.0,,,,
14.783799999999934,,5.0,,,,
14.785399999999933,,5.0,,,,
14.785399999999933,,4.0,,,,
14.786999999999933,,4.0,,,,
14.786999999999933,,3.0,,,,
14.788599999999933,,3.0,,,,
14.788599999999933,,2.0,,,,
14.790199999999933,,2.0,,,,
14.790199999999933,,1.0,,,,
14.791799999999933,,1.0,,,,
14.791799999999933,,0.0,,,,
14.793399999999933,,0.0,,,,
14.799999999999963,,,0.0,0.0,0.0,0.0
14.800129999999964,0.0,,,,,
14.893399999999932,,0.0,,,,
14.899999999999963,,,0.0,0.0,0.0,0.0
14.900129999999963,0.0,,,,,
14.993399999999932,,0.0,,,,
14.999999999999963,,,0.0,0.0,0.0,0.0
15.0,1.0,,,,,
15.000129999999963,1.0,,,,,
15.000129999999963,0.0,,,,,
15.000259999999964,0.0,,,,,
15.010409999999963,,,1.0,,,
15.093399999999932,,0.0,,,,
15.099999999999962,,,1.0,0.0,0.0,0.0
15.099999999999962,,,0.0,0.0,0.0,0.0
15.100259999999963,0.0,,,,,
15.101599999999962,,,0.0,,,
15.111879999999962,,,1.0,,,
15.111909999999963,,,2.0,,,
15.193399999999931,,0.0,,,,
15.199999999999962,,,,0.0,0.0,0.0
15.200259999999963,0.0,,,,,
15.201599999999962,,,2.0,,,
15.201599999999962,,,1.0,,,
15.203199999999962,,,1.0,,,
15.203199999999962,,,0.0,,,
15.204799999999961,,,0.0,,,
15.213479999999961,,,1.0,,,
15.213509999999962,,,2.0,,,
15.215079999999961,,,3.0,,,
15.215109999999962,,,4.0,,,
15.29339999999993,,0.0,,,,
15.299999999999962,,,,0.0,0.0,0.0
15.300259999999962,0.0,,,,,
15.304799999999961,,,4.0,,,
15.304799999999961,,,3.0,,,
15.306399999999961,,,3.0,,,
15.306399999999961,,,2.0,,,
15.30799999999996,,,2.0,,,
15.30799999999996,,,1.0,,,
15.30959999999996,,,1.0,,,
15.30959999999996,,,0.0,,,
15.31119999999996,,,0.0,,,
15.31667999999996,,,1.0,,,
15.316709999999961,,,2.0,,,
15.31827999999996,,,3.0,,,
15.318309999999961,,,4.0,,,
15.31987999999996,,,5.0,,,
15.319909999999961,,,6.0,,,
15.32147999999996,,,7.0,,,
15.32150999999996,,,8.0,,,
15.39339999999993,,0.0,,,,
15.399999999999961,,,,0.0,0.0,0.0
15.400259999999962,0.0,,,,,
15.41119999999996,,,8.0,,,
15.41119999999996,,,7.0,,,
15.41279999999996,,,7.0,,,
15.41279999999996,,,6.0,,,
15.41439999999996,,,6.0,,,
15.41439999999996,,,5.0,,,
15.41599999999996,,,5.0,,,
15.41599999999996,,,4.0,,,
15.41759999999996,,,4.0,,,
15.41759999999996,,,3.0,,,
15.41919999999996,,,3.0,,,
15.41919999999996,,,2.0,,,
15.420799999999959,,,2.0,,,
15.420799999999959,,,1.0,,,
15.422399999999959,,,1.0,,,
15.422399999999959,,,0.0,,,
15.42307999999996,,,1.0,,,
15.42310999999996,,,2.0,,,
15.423999999999959,,,2.0,,,
15.423999999999959,,,1.0,,,
15.42467999999996,,,2.0,,,
15.42470999999996,,,3.0,,,
15.425599999999958,,,3.0,,,
15.425599999999958,,,2.0,,,
15.42627999999996,,,3.0,,,
15.42630999999996,,,4.0,,,
15.427199999999958,,,4.0,,,
15.427199999999958,,,3.0,,,
15.42787999999996,,,4.0,,,
15.42790999999996,,,5.0,,,
15.428799999999958,,,5.0,,,
15.428799999999958,,,4.0,,,
15.429479999999959,,,5.0,,,
15.42950999999996,,,6.0,,,
15.430399999999958,,,6.0,,,
15.430399999999958,,,5.0,,,
15.431079999999959,,,6.0,,,
15.43110999999996,,,7.0,,,
15.431999999999958,,,7.0,,,
15.431999999999958,,,6.0,,,
15.432679999999959,,,7.0,,,
15.43270999999996,,,8.0,,,
15.433599999999958,,,8.0,,,
15.433599999999958,,,7.0,,,
15.434279999999958,,,8.0,,,
15.43430999999996,,,9.0,,,
15.435199999999957,,,9.0,,,
15.435199999999957,,,8.0,,,
15.435879999999958,,,9.0,,,
15.435909999999959,,,10.0,,,
15.436799999999957,,,10.0,,,
15.436799999999957,,,9.0,,,
15.437479999999958,,,10.0,,,
15.437509999999959,,,11.0,,,
15.438399999999957,,,11.0,,,
15.438399999999957,,,10.0,,,
15.439079999999958,,,11.0,,,
15.439109999999959,,,12.0,,,
15.439999999999957,,,12.0,,,
15.439999999999957,,,11.0,,,
15.440679999999958,,,12.0,,,
15.440709999999958,,,13.0,,,
15.441599999999957,,,13.0,,,
15.441599999999957,,,12.0,,,
15.442279999999958,,,13.0,,,
15.442309999999958,,,14.0,,,
15.443199999999957,,,14.0,,,
15.443199999999957,,,13.0,,,
15.443879999999957,,,14.0,,,
15.443909999999958,,,15.0,,,
15.444799999999956,,,15.0,,,
15.444799999999956,,,14.0,,,
15.445479999999957,,,15.0,,,
15.445509999999958,,,16.0,,,
15.446399999999956,,,16.0,,,
15.446399999999956,,,15.0,,,
15.447079999999957,,,16.0,,,
15.447109999999958,,,17.0,,,
15.447999999999956,,,17.0,,,
15.447999999999956,,,16.0,,,
15.448679999999957,,,17.0,,,
15.448709999999958,,,18.0,,,
15.449599999999956,,,18.0,,,
15.449599999999956,,,17.0,,,
15.450279999999957,,,18.0,,,
15.450309999999957,,,19.0,,,
15.451199999999956,,,19.0,,,
15.451199999999956,,,18.0,,,
15.451879999999957,,,19.0,,,
15.451909999999957,,,20.0,,,
15.452799999999955,,,20.0,,,
15.452799999999955,,,19.0,,,
15.453479999999956,,,20.0,,,
15.453509999999957,,,21.0,,,
15.454399999999955,,,21.0,,,
15.454399999999955,,,20.0,,,
15.455079999999956,,,21.0,,,
15.455109999999957,,,22.0,,,
15.455999999999955,,,22.0,,,
15.455999999999955,,,21.0,,,
15.456679999999956,,,22.0,,,
15.456709999999957,,,23.0,,,
15.457599999999955,,,23.0,,,
15.457599999999955,,,22.0,,,
15.458279999999956,,,23.0,,,
15.458309999999956,,,24.0,,,
15.459199999999955,,,24.0,,,
15.459199999999955,,,23.0,,,
15.459879999999956,,,24.0,,,
15.459909999999956,,,25.0,,,
15.460799999999955,,,25.0,,,
15.460799999999955,,,24.0,,,
15.461479999999955,,,25.0,,,
15.461509999999956,,,26.0,,,
15.462399999999954,,,26.0,,,
15.462399999999954,,,25.0,,,
15.463079999999955,,,26.0,,,
15.463109999999956,,,27.0,,,
15.463999999999954,,,27.0,,,
15.463999999999954,,,26.0,,,
15.464679999999955,,,27.0,,,
15.464709999999956,,,28.0,,,
15.465599999999954,,,28.0,,,
15.465599999999954,,,27.0,,,
15.466279999999955,,,28.0,,,
15.466309999999956,,,29.0,,,
15.467199999999954,,,29.0,,,
15.467199999999954,,,28.0,,,
15.467879999999955,,,29.0,,,
15.467909999999955,,,30.0,,,
15.468799999999954,,,30.0,,,
15.468799999999954,,,29.0,,,
15.469479999999955,,,30.0,,,
15.469509999999955,,,31.0,,,
15.470399999999954,,,31.0,,,
15.470399999999954,,,30.0,,,
15.471079999999954,,,31.0,,,
15.471109999999955,,,32.0,,,
15.471999999999953,,,32.0,,,
15.471999999999953,,,31.0,,,
15.472679999999954,,,32.0,,,
15.472709999999955,,,33.0,,,
15.473599999999953,,,33.0,,,
15.473599999999953,,,32.0,,,
15.474279999999954,,,33.0,,,
15.474309999999955,,,34.0,,,
15.475199999999953,,,34.0,,,
15.475199999999953,,,33.0,,,
15.475879999999954,,,34.0,,,
15.475909999999955,,,35.0,,,
15.476799999999953,,,35.0,,,
15.476799999999953,,,34.0,,,
15.477479999999954,,,35.0,,,
15.477509999999954,,,36.0,,,
15.478399999999953,,,36.0,,,
15.478399999999953,,,35.0,,,
15.479079999999954,,,36.0,,,
15.479109999999954,,,37.0,,,
15.479999999999952,,,37.0,,,
15.479999999999952,,,36.0,,,
15.480679999999953,,,37.0,,,
15.480709999999954,,,38.0,,,
15.481599999999952,,,38.0,,,
15.481599999999952,,,37.0,,,
15.482279999999953,,,38.0,,,
15.482309999999954,,,39.0,,,
15.483199999999952,,,39.0,,,
15.483199999999952,,,38.0,,,
15.483879999999953,,,39.0,,,
15.483909999999954,,,40.0,,,
15.484799999999952,,,40.0,,,
15.484799999999952,,,39.0,,,
15.485479999999953,,,40.0,,,
15.485509999999953,,,41.0,,,
15.486399999999952,,,41.0,,,
15.486399999999952,,,40.0,,,
15.487079999999953,,,41.0,,,
15.487999999999952,,,41.0,,,
15.487999999999952,,,40.0,,,
15.488679999999952,,,41.0,,,
15.489599999999951,,,41.0,,,
15.489599999999951,,,40.0,,,
15.490279999999952,,,41.0,,,
15.491199999999951,,,41.0,,,
15.491199999999951,,,40.0,,,
15.491879999999952,,,41.0,,,
15.492799999999951,,,41.0,,,
15.492799999999951,,,40.0,,,
15.49339999999993,,0.0,,,,
15.493479999999952,,,41.0,,,
15.49439999999995,,,41.0,,,
15.49439999999995,,,40.0,,,
15.495079999999952,,,41.0,,,
15.49599999999995,,,41.0,,,
15.49599999999995,,,40.0,,,
15.496679999999952,,,41.0,,,
15.49759999999995,,,41.0,,,
15.49759999999995,,,40.0,,,
15.498279999999951,,,41.0,,,
15.49919999999995,,,41.0,,,
15.49919999999995,,,40.0,,,
15.499879999999951,,,41.0,,,
15.499999999999961,,,,0.0,0.0,0.0
15.500259999999962,0.0,,,,,
15.50079999999995,,,41.0,,,
15.50079999999995,,,40.0,,,
15.501479999999951,,,41.0,,,
15.50239999999995,,,41.0,,,
15.50239999999995,,,40.0,,,
15.503079999999951,,,41.0,,,
15.50399999999995,,,41.0,,,
15.50399999999995,,,40.0,,,
15.50467999999995,,,41.0,,,
15.50559999999995,,,41.0,,,
15.50559999999995,,,40.0,,,
15.50627999999995,,,41.0,,,
15.50719999999995,,,41.0,,,
15.50719999999995,,,40.0,,,
15.50787999999995,,,41.0,,,
15.50879999999995,,,41.0,,,
15.50879999999995,,,40.0,,,
15.50947999999995,,,41.0,,,
15.51039999999995,,,41.0,,,
15.51039999999995,,,40.0,,,
15.51107999999995,,,41.0,,,
15.511999999999949,,,41.0,,,
15.511999999999949,,,40.0,,,
15.51267999999995,,,41.0,,,
15.513599999999949,,,41.0,,,
15.513599999999949,,,40.0,,,
15.51427999999995,,,41.0,,,
15.515199999999949,,,41.0,,,
15.515199999999949,,,40.0,,,
15.51587999999995,,,41.0,,,
15.516799999999948,,,41.0,,,
15.516799999999948,,,40.0,,,
15.51747999999995,,,41.0,,,
15.518399999999948,,,41.0,,,
15.518399999999948,,,40.0,,,
15.51907999999995,,,41.0,,,
15.519999999999948,,,41.0,,,
15.519999999999948,,,40.0,,,
15.520679999999949,,,41.0,,,
15.521599999999948,,,41.0,,,
15.521599999999948,,,40.0,,,
15.522279999999949,,,41.0,,,
15.523199999999948,,,41.0,,,
15.523199999999948,,,40.0,,,
15.523879999999949,,,41.0,,,
15.524799999999948,,,41.0,,,
15.524799999999948,,,40.0,,,
15.525479999999948,,,41.0,,,
15.526399999999947,,,41.0,,,
15.526399999999947,,,40.0,,,
15.527079999999948,,,41.0,,,
15.527999999999947,,,41.0,,,
15.527999999999947,,,40.0,,,
15.528679999999948,,,41.0,,,
15.529599999999947,,,41.0,,,
15.529599999999947,,,40.0,,,
15.530279999999948,,,41.0,,,
15.531199999999947,,,41.0,,,
15.531199999999947,,,40.0,,,
15.531879999999948,,,41.0,,,
15.532799999999947,,,41.0,,,
15.532799999999947,,,40.0,,,
15.533479999999948,,,41.0,,,
15.534399999999946,,,41.0,,,
15.534399999999946,,,40.0,,,
15.535079999999947,,,41.0,,,
15.535999999999946,,,41.0,,,
15.535999999999946,,,40.0,,,
15.536679999999947,,,41.0,,,
15.537599999999946,,,41.0,,,
15.537599999999946,,,40.0,,,
15.538279999999947,,,41.0,,,
15.539199999999946,,,41.0,,,
15.539199999999946,,,40.0,,,
15.539879999999947,,,41.0,,,
15.540799999999946,,,41.0,,,
15.540799999999946,,,40.0,,,
15.541479999999947,,,41.0,,,
15.542399999999946,,,41.0,,,
15.542399999999946,,,40.0,,,
15.543079999999946,,,41.0,,,
15.543999999999945,,,41.0,,,
15.543999999999945,,,40.0,,,
15.544679999999946,,,41.0,,,
15.545599999999945,,,41.0,,,
15.545599999999945,,,40.0,,,
15.546279999999946,,,41.0,,,
15.547199999999945,,,41.0,,,
15.547199999999945,,,40.0,,,
15.547879999999946,,,41.0,,,
15.548799999999945,,,41.0,,,
15.548799999999945,,,40.0,,,
15.549359999999945,,,41.0,,,
15.550399999999945,,,41.0,,,
15.550399999999945,,,40.0,,,
15.551999999999945,,,40.0,,,
15.551999999999945,,,39.0,,,
15.553599999999944,,,39.0,,,
15.553599999999944,,,38.0,,,
15.555199999999944,,,38.0,,,
15.555199999999944,,,37.0,,,
15.556799999999944,,,37.0,,,
15.556799999999944,,,36.0,,,
15.558399999999944,,,36.0,,,
15.558399999999944,,,35.0,,,
15.559999999999944,,,35.0,,,
15.559999999999944,,,34.0,,,
15.561599999999943,,,34.0,,,
15.561599999999943,,,33.0,,,
15.563199999999943,,,33.0,,,
15.563199999999943,,,32.0,,,
15.564799999999943,,,32.0,,,
15.564799999999943,,,31.0,,,
15.566399999999943,,,31.0,,,
15.566399999999943,,,30.0,,,
15.567999999999943,,,30.0,,,
15.567999999999943,,,29.0,,,
15.569599999999943,,,29.0,,,
15.569599999999943,,,28.0,,,
15.570279999999943,,,29.0,,,
15.571199999999942,,,29.0,,,
15.571199999999942,,,28.0,,,
15.571879999999943,,,29.0,,,
15.572799999999942,,,29.0,,,
15.572799999999942,,,28.0,,,
15.573479999999943,,,29.0,,,
15.574399999999942,,,29.0,,,
15.574399999999942,,,28.0,,,
15.575079999999943,,,29.0,,,
15.575999999999942,,,29.0,,,
15.575999999999942,,,28.0,,,
15.577599999999942,,,28.0,,,
15.577599999999942,,,27.0,,,
15.579199999999942,,,27.0,,,
15.579199999999942,,,26.0,,,
15.579879999999942,,,27.0,,,
15.580799999999941,,,27.0,,,
15.580799999999941,,,26.0,,,
15.581479999999942,,,27.0,,,
15.582399999999941,,,27.0,,,
15.582399999999941,,,26.0,,,
15.583079999999942,,,27.0,,,
15.583999999999941,,,27.0,,,
15.583999999999941,,,26.0,,,
15.584679999999942,,,27.0,,,
15.58559999999994,,,27.0,,,
15.58559999999994,,,26.0,,,
15.586279999999942,,,27.0,,,
15.58719999999994,,,27.0,,,
15.58719999999994,,,26.0,,,
15.587879999999942,,,27.0,,,
15.58879999999994,,,27.0,,,
15.58879999999994,,,26.0,,,
15.589479999999941,,,27.0,,,
15.59039999999994,,,27.0,,,
15.59039999999994,,,26.0,,,
15.591079999999941,,,27.0,,,
15.59199999999994,,,27.0,,,
15.59199999999994,,,26.0,,,
15.592679999999941,,,27.0,,,
15.59339999999993,,0.0,,,,
15.59359999999994,,,27.0,,,
15.59359999999994,,,26.0,,,
15.59427999999994,,,27.0,,,
15.59519999999994,,,27.0,,,
15.59519999999994,,,26.0,,,
15.59679999999994,,,26.0,,,
15.59679999999994,,,25.0,,,
15.59839999999994,,,25.0,,,
15.59839999999994,,,24.0,,,
15.59907999999994,,,25.0,,,
15.59999999999994,,,25.0,,,
15.59999999999994,,,24.0,,,
15.59999999999996,,,,0.0,0.0,0.0
15.600259999999961,0.0,,,,,
15.60067999999994,,,25.0,,,
15.601599999999939,,,25.0,,,
15.601599999999939,,,24.0,,,
15.60227999999994,,,25.0,,,
15.603199999999939,,,25.0,,,
15.603199999999939,,,24.0,,,
15.60387999999994,,,25.0,,,
15.604799999999939,,,25.0,,,
15.604799999999939,,,24.0,,,
15.60547999999994,,,25.0,,,
15.606399999999939,,,25.0,,,
15.606399999999939,,,24.0,,,
15.60707999999994,,,25.0,,,
15.607999999999938,,,25.0,,,
15.607999999999938,,,24.0,,,
15.60867999999994,,,25.0,,,
15.609599999999938,,,25.0,,,
15.609599999999938,,,24.0,,,
15.610279999999939,,,25.0,,,
15.611199999999938,,,25.0,,,
15.611199999999938,,,24.0,,,
15.611879999999939,,,25.0,,,
15.612799999999938,,,25.0,,,
15.612799999999938,,,24.0,,,
15.613479999999939,,,25.0,,,
15.614399999999938,,,25.0,,,
15.614399999999938,,,24.0,,,
15.614999999999938,,,24.0,,,
15.614999999999938,,,23.0,,,
15.615079999999939,,,24.0,,,
15.616599999999938,,,24.0,,,
15.616599999999938,,,23.0,,,
15.616679999999938,,,24.0,,,
15.618199999999938,,,24.0,,,
15.618199999999938,,,23.0,,,
15.618279999999938,,,24.0,,,
15.619799999999938,,,24.0,,,
15.619799999999938,,,23.0,,,
15.619879999999938,,,24.0,,,
15.621399999999937,,,24.0,,,
15.621399999999937,,,23.0,,,
15.621479999999938,,,24.0,,,
15.622999999999937,,,24.0,,,
15.622999999999937,,,23.0,,,
15.623079999999938,,,24.0,,,
15.624599999999937,,,24.0,,,
15.624599999999937,,,23.0,,,
15.624679999999938,,,24.0,,,
15.626199999999937,,,24.0,,,
15.626199999999937,,,23.0,,,
15.627799999999937,,,23.0,,,
15.627799999999937,,,22.0,,,
15.629399999999936,,,22.0,,,
15.629399999999936,,,21.0,,,
15.630999999999936,,,21.0,,,
15.630999999999936,,,20.0,,,
15.632599999999936,,,20.0,,,
15.632599999999936,,,19.0,,,
15.634199999999936,,,19.0,,,
15.634199999999936,,,18.0,,,
15.635799999999936,,,18.0,,,
15.635799999999936,,,17.0,,,
15.637399999999936,,,17.0,,,
15.637399999999936,,,16.0,,,
15.638999999999935,,,16.0,,,
15.638999999999935,,,15.0,,,
15.640599999999935,,,15.0,,,
15.640599999999935,,,14.0,,,
15.642199999999935,,,14.0,,,
15.642199999999935,,,13.0,,,
15.643799999999935,,,13.0,,,
15.643799999999935,,,12.0,,,
15.645399999999935,,,12.0,,,
15.645399999999935,,,11.0,,,
15.646999999999935,,,11.0,,,
15.646999999999935,,,10.0,,,
15.648599999999934,,,10.0,,,
15.648599999999934,,,9.0,,,
15.650199999999934,,,9.0,,,
15.650199999999934,,,8.0,,,
15.651799999999934,,,8.0,,,
15.651799999999934,,,7.0,,,
15.653399999999934,,,7.0,,,
15.653399999999934,,,6.0,,,
15.654999999999934,,,6.0,,,
15.654999999999934,,,5.0,,,
15.656599999999933,,,5.0,,,
15.656599999999933,,,4.0,,,
15.658199999999933,,,4.0,,,
15.658199999999933,,,3.0,,,
15.659799999999933,,,3.0,,,
15.659799999999933,,,2.0,,,
15.661399999999933,,,2.0,,,
15.661399999999933,,,1.0,,,
15.662999999999933,,,1.0,,,
15.662999999999933,,,0.0,,,
15.664599999999933,,,0.0,,,
15.69339999999993,,0.0,,,,
15.69999999999996,,,,0.0,0.0,0.0
15.700259999999961,0.0,,,,,
15.764599999999932,,,0.0,,,
15.793399999999929,,0.0,,,,
15.79999999999996,,,,0.0,0.0,0.0
15.80025999999996,0.0,,,,,
15.864599999999932,,,0.0,,,
15.893399999999929,,0.0,,,,
15.89999999999996,,,,0.0,0.0,0.0
15.90025999999996,0.0,,,,,
15.964599999999932,,,0.0,,,
15.993399999999928,,0.0,,,,
15.99999999999996,,,,0.0,0.0,0.0
16.00025999999996,0.0,,,,,
16.06459999999993,,,0.0,,,
16.093399999999928,,0.0,,,,
16.09999999999996,,,,0.0,0.0,0.0
16.100259999999963,0.0,,,,,
16.164599999999933,,,0.0,,,
16.19339999999993,,0.0,,,,
16.19999999999996,,,,0.0,0.0,0.0
16.200259999999965,0.0,,,,,
16.264599999999934,,,0.0,,,
16.29339999999993,,0.0,,,,
16.29999999999996,,,,0.0,0.0,0.0
16.300259999999966,0.0,,,,,
16.364599999999935,,,0.0,,,
16.393399999999932,,0.0,,,,
16.399999999999963,,,,0.0,0.0,0.0
16.400259999999967,0.0,,,,,
16.464599999999937,,,0.0,,,
16.493399999999934,,0.0,,,,
16.499999999999964,,,,0.0,0.0,0.0
16.5,1.0,,,,,
16.50025999999997,1.0,,,,,
16.50025999999997,0.0,,,,,
16.56459999999994,,,0.0,,,
16.593399999999935,,0.0,,,,
16.599999999999966,,,,0.0,0.0,0.0
16.66459999999994,,,0.0,,,
16.693399999999937,,0.0,,,,
16.699999999999967,,,,0.0,0.0,0.0
16.76459999999994,,,0.0,,,
16.793399999999938,,0.0,,,,
16.79999999999997,,,,0.0,0.0,0.0
16.864599999999943,,,0.0,,,
16.89339999999994,,0.0,,,,
16.89999999999997,,,,0.0,0.0,0.0
16.964599999999944,,,0.0,,,
16.99339999999994,,0.0,,,,
16.99999999999997,,,,0.0,0.0,0.0
17.064599999999945,,,0.0,,,
17.093399999999942,,0.0,,,,
17.099999999999973,,,,0.0,0.0,0.0
17.164599999999947,,,0.0,,,
17.193399999999944,,0.0,,,,
17.199999999999974,,,,0.0,0.0,0.0
17.264599999999948,,,0.0,,,
17.293399999999945,,0.0,,,,
17.299999999999976,,,,0.0,0.0,0.0
17.36459999999995,,,0.0,,,
17.393399999999946,,0.0,,,,
17.399999999999977,,,,0.0,0.0,0.0
17.46459999999995,,,0.0,,,
17.493399999999948,,0.0,,,,
17.49999999999998,,,,0.0,0.0,0.0
17.557730000000017,0.0,,,,,
17.564599999999952,,,0.0,,,
17.567880000000017,,,,1.0,,
17.59339999999995,,0.0,,,,
17.59999999999998,,,,1.0,0.0,0.0
17.59999999999998,,,,0.0,0.0,0.0
17.60159999999998,,,,0.0,,
17.611879999999978,,,,1.0,,
17.611909999999977,,,,2.0,,
17.65773000000002,0.0,,,,,
17.664599999999954,,,0.0,,,
17.69339999999995,,0.0,,,,
17.69999999999998,,,,,0.0,0.0
17.70159999999998,,,,2.0,,
17.70159999999998,,,,1.0,,
17.70319999999998,,,,1.0,,
17.70319999999998,,,,0.0,,
17.70479999999998,,,,0.0,,
17.71347999999998,,,,1.0,,
17.713509999999978,,,,2.0,,
17.71507999999998,,,,3.0,,
17.715109999999978,,,,4.0,,
17.75773000000002,0.0,,,,,
17.764599999999955,,,0.0,,,
17.793399999999952,,0.0,,,,
17.799999999999983,,,,,0.0,0.0
17.804799999999982,,,,4.0,,
17.804799999999982,,,,3.0,,
17.806399999999982,,,,3.0,,
17.806399999999982,,,,2.0,,
17.807999999999982,,,,2.0,,
17.807999999999982,,,,1.0,,
17.809599999999982,,,,1.0,,
17.809599999999982,,,,0.0,,
17.81119999999998,,,,0.0,,
17.81667999999998,,,,1.0,,
17.81670999999998,,,,2.0,,
17.81827999999998,,,,3.0,,
17.81830999999998,,,,4.0,,
17.81987999999998,,,,5.0,,
17.81990999999998,,,,6.0,,
17.82147999999998,,,,7.0,,
17.82150999999998,,,,8.0,,
17.85773000000002,0.0,,,,,
17.864599999999957,,,0.0,,,
17.893399999999954,,0.0,,,,
17.899999999999984,,,,,0.0,0.0
17.911199999999983,,,,8.0,,
17.911199999999983,,,,7.0,,
17.912799999999983,,,,7.0,,
17.912799999999983,,,,6.0,,
17.914399999999983,,,,6.0,,
17.914399999999983,,,,5.0,,
17.915999999999983,,,,5.0,,
17.915999999999983,,,,4.0,,
17.917599999999982,,,,4.0,,
17.917599999999982,,,,3.0,,
17.919199999999982,,,,3.0,,
17.919199999999982,,,,2.0,,
17.920799999999982,,,,2.0,,
17.920799999999982,,,,1.0,,
17.922399999999982,,,,1.0,,
17.922399999999982,,,,0.0,,
17.92307999999998,,,,1.0,,
17.92310999999998,,,,2.0,,
17.92399999999998,,,,2.0,,
17.92399999999998,,,,1.0,,
17.92467999999998,,,,2.0,,
17.92470999999998,,,,3.0,,
17.92559999999998,,,,3.0,,
17.92559999999998,,,,2.0,,
17.92627999999998,,,,3.0,,
17.92630999999998,,,,4.0,,
17.92719999999998,,,,4.0,,
17.92719999999998,,,,3.0,,
17.92787999999998,,,,4.0,,
17.92790999999998,,,,5.0,,
17.92879999999998,,,,5.0,,
17.92879999999998,,,,4.0,,
17.92947999999998,,,,5.0,,
17.92950999999998,,,,6.0,,
17.93039999999998,,,,6.0,,
17.93039999999998,,,,5.0,,
17.93107999999998,,,,6.0,,
17.93110999999998,,,,7.0,,
17.93199999999998,,,,7.0,,
17.93199999999998,,,,6.0,,
17.93267999999998,,,,7.0,,
17.93270999999998,,,,8.0,,
17.93359999999998,,,,8.0,,
17.93359999999998,,,,7.0,,
17.93427999999998,,,,8.0,,
17.93430999999998,,,,9.0,,
17.93519999999998,,,,9.0,,
17.93519999999998,,,,8.0,,
17.93587999999998,,,,9.0,,
17.93590999999998,,,,10.0,,
17.93679999999998,,,,10.0,,
17.93679999999998,,,,9.0,,
17.93747999999998,,,,10.0,,
17.93750999999998,,,,11.0,,
17.93839999999998,,,,11.0,,
17.93839999999998,,,,10.0,,
17.93907999999998,,,,11.0,,
17.939109999999978,,,,12.0,,
17.93999999999998,,,,12.0,,
17.93999999999998,,,,11.0,,
17.94067999999998,,,,12.0,,
17.940709999999978,,,,13.0,,
17.94159999999998,,,,13.0,,
17.94159999999998,,,,12.0,,
17.94227999999998,,,,13.0,,
17.942309999999978,,,,14.0,,
17.94319999999998,,,,14.0,,
17.94319999999998,,,,13.0,,
17.94387999999998,,,,14.0,,
17.943909999999978,,,,15.0,,
17.94479999999998,,,,15.0,,
17.94479999999998,,,,14.0,,
17.94547999999998,,,,15.0,,
17.945509999999977,,,,16.0,,
17.94639999999998,,,,16.0,,
17.94639999999998,,,,15.0,,
17.94707999999998,,,,16.0,,
17.947109999999977,,,,17.0,,
17.94799999999998,,,,17.0,,
17.94799999999998,,,,16.0,,
17.948679999999978,,,,17.0,,
17.948709999999977,,,,18.0,,
17.94959999999998,,,,18.0,,
17.94959999999998,,,,17.0,,
17.950279999999978,,,,18.0,,
17.950309999999977,,,,19.0,,
17.95119999999998,,,,19.0,,
17.95119999999998,,,,18.0,,
17.951879999999978,,,,19.0,,
17.951909999999977,,,,20.0,,
17.95279999999998,,,,20.0,,
17.95279999999998,,,,19.0,,
17.953479999999978,,,,20.0,,
17.953509999999977,,,,21.0,,
17.95439999999998,,,,21.0,,
17.95439999999998,,,,20.0,,
17.955079999999978,,,,21.0,,
17.955109999999976,,,,22.0,,
17.955999999999978,,,,22.0,,
17.955999999999978,,,,21.0,,
17.956679999999977,,,,22.0,,
17.956709999999976,,,,23.0,,
17.957599999999978,,,,23.0,,
17.957599999999978,,,,22.0,,
17.957730000000023,0.0,,,,,
17.958279999999977,,,,23.0,,
17.958309999999976,,,,24.0,,
17.959199999999978,,,,24.0,,
17.959199999999978,,,,23.0,,
17.959879999999977,,,,24.0,,
17.959909999999976,,,,25.0,,
17.960799999999978,,,,25.0,,
17.960799999999978,,,,24.0,,
17.961479999999977,,,,25.0,,
17.961509999999976,,,,26.0,,
17.962399999999977,,,,26.0,,
17.962399999999977,,,,25.0,,
17.963079999999977,,,,26.0,,
17.963109999999975,,,,27.0,,
17.963999999999977,,,,27.0,,
17.963999999999977,,,,26.0,,
17.964599999999958,,,0.0,,,
17.964679999999976,,,,27.0,,
17.964709999999975,,,,28.0,,
17.965599999999977,,,,28.0,,
17.965599999999977,,,,27.0,,
17.966279999999976,,,,28.0,,
17.966309999999975,,,,29.0,,
17.967199999999977,,,,29.0,,
17.967199999999977,,,,28.0,,
17.967879999999976,,,,29.0,,
17.967909999999975,,,,30.0,,
17.968799999999977,,,,30.0,,
17.968799999999977,,,,29.0,,
17.969479999999976,,,,30.0,,
17.969509999999975,,,,31.0,,
17.970399999999977,,,,31.0,,
17.970399999999977,,,,30.0,,
17.971079999999976,,,,31.0,,
17.971109999999975,,,,32.0,,
17.971999999999976,,,,32.0,,
17.971999999999976,,,,31.0,,
17.972679999999976,,,,32.0,,
17.972709999999974,,,,33.0,,
17.973599999999976,,,,33.0,,
17.973599999999976,,,,32.0,,
17.974279999999975,,,,33.0,,
17.974309999999974,,,,34.0,,
17.975199999999976,,,,34.0,,
17.975199999999976,,,,33.0,,
17.975879999999975,,,,34.0,,
17.975909999999974,,,,35.0,,
17.976799999999976,,,,35.0,,
17.976799999999976,,,,34.0,,
17.977479999999975,,,,35.0,,
17.977509999999974,,,,36.0,,
17.978399999999976,,,,36.0,,
17.978399999999976,,,,35.0,,
17.979079999999975,,,,36.0,,
17.979109999999974,,,,37.0,,
17.979999999999976,,,,37.0,,
17.979999999999976,,,,36.0,,
17.980679999999975,,,,37.0,,
17.980709999999974,,,,38.0,,
17.981599999999975,,,,38.0,,
17.981599999999975,,,,37.0,,
17.982279999999975,,,,38.0,,
17.982309999999973,,,,39.0,,
17.983199999999975,,,,39.0,,
17.983199999999975,,,,38.0,,
17.983879999999974,,,,39.0,,
17.983909999999973,,,,40.0,,
17.984799999999975,,,,40.0,,
17.984799999999975,,,,39.0,,
17.985479999999974,,,,40.0,,
17.985509999999973,,,,41.0,,
17.986399999999975,,,,41.0,,
17.986399999999975,,,,40.0,,
17.987079999999974,,,,41.0,,
17.987999999999975,,,,41.0,,
17.987999999999975,,,,40.0,,
17.988679999999974,,,,41.0,,
17.989599999999975,,,,41.0,,
17.989599999999975,,,,40.0,,
17.990279999999974,,,,41.0,,
17.991199999999974,,,,41.0,,
17.991199999999974,,,,40.0,,
17.991879999999973,,,,41.0,,
17.992799999999974,,,,41.0,,
17.992799999999974,,,,40.0,,
17.993399999999955,,0.0,,,,
17.993449999999974,,,,41.0,,
17.994399999999974,,,,41.0,,
17.994399999999974,,,,40.0,,
17.995999999999974,,,,40.0,,
17.995999999999974,,,,39.0,,
17.997599999999974,,,,39.0,,
17.997599999999974,,,,38.0,,
17.999199999999973,,,,38.0,,
17.999199999999973,,,,37.0,,
17.999999999999986,,,,,0.0,0.0
18.000799999999973,,,,37.0,,
18.000799999999973,,,,36.0,,
18.002399999999973,,,,36.0,,
18.002399999999973,,,,35.0,,
18.003999999999973,,,,35.0,,
18.003999999999973,,,,34.0,,
18.005599999999973,,,,34.0,,
18.005599999999973,,,,33.0,,
18.007199999999973,,,,33.0,,
18.007199999999973,,,,32.0,,
18.008799999999972,,,,32.0,,
18.008799999999972,,,,31.0,,
18.010399999999972,,,,31.0,,
18.010399999999972,,,,30.0,,
18.011999999999972,,,,30.0,,
18.011999999999972,,,,29.0,,
18.013599999999972,,,,29.0,,
18.013599999999972,,,,28.0,,
18.01519999999997,,,,28.0,,
18.01519999999997,,,,27.0,,
18.01679999999997,,,,27.0,,
18.01679999999997,,,,26.0,,
18.01839999999997,,,,26.0,,
18.01839999999997,,,,25.0,,
18.01999999999997,,,,25.0,,
18.01999999999997,,,,24.0,,
18.02159999999997,,,,24.0,,
18.02159999999997,,,,23.0,,
18.02319999999997,,,,23.0,,
18.02319999999997,,,,22.0,,
18.02479999999997,,,,22.0,,
18.02479999999997,,,,21.0,,
18.02639999999997,,,,21.0,,
18.02639999999997,,,,20.0,,
18.02799999999997,,,,20.0,,
18.02799999999997,,,,19.0,,
18.02959999999997,,,,19.0,,
18.02959999999997,,,,18.0,,
18.03119999999997,,,,18.0,,
18.03119999999997,,,,17.0,,
18.03279999999997,,,,17.0,,
18.03279999999997,,,,16.0,,
18.03439999999997,,,,16.0,,
18.03439999999997,,,,15.0,,
18.03599999999997,,,,15.0,,
18.03599999999997,,,,14.0,,
18.03759999999997,,,,14.0,,
18.03759999999997,,,,13.0,,
18.03919999999997,,,,13.0,,
18.03919999999997,,,,12.0,,
18.04079999999997,,,,12.0,,
18.04079999999997,,,,11.0,,
18.04239999999997,,,,11.0,,
18.04239999999997,,,,10.0,,
18.04399999999997,,,,10.0,,
18.04399999999997,,,,9.0,,
18.04559999999997,,,,9.0,,
18.04559999999997,,,,8.0,,
18.047199999999968,,,,8.0,,
18.047199999999968,,,,7.0,,
18.048799999999968,,,,7.0,,
18.048799999999968,,,,6.0,,
18.050399999999968,,,,6.0,,
18.050399999999968,,,,5.0,,
18.051999999999968,,,,5.0,,
18.051999999999968,,,,4.0,,
18.053599999999967,,,,4.0,,
18.053599999999967,,,,3.0,,
18.055199999999967,,,,3.0,,
18.055199999999967,,,,2.0,,
18.056799999999967,,,,2.0,,
18.056799999999967,,,,1.0,,
18.057730000000024,0.0,,,,,
18.058399999999967,,,,1.0,,
18.058399999999967,,,,0.0,,
18.059499999999968,,,,0.0,,
18.06459999999996,,,0.0,,,
18.093399999999956,,0.0,,,,
18.099999999999987,,,,,0.0,0.0
18.157730000000026,0.0,,,,,
18.15949999999997,,,,0.0,,
18.16459999999996,,,0.0,,,
18.193399999999958,,0.0,,,,
18.19999999999999,,,,,0.0,0.0
18.257730000000027,0.0,,,,,
18.25949999999997,,,,0.0,,
18.264599999999962,,,0.0,,,
18.29339999999996,,0.0,,,,
18.29999999999999,,,,,0.0,0.0
18.35773000000003,0.0,,,,,
18.359499999999972,,,,0.0,,
18.364599999999964,,,0.0,,,
18.39339999999996,,0.0,,,,
18.39999999999999,,,,,0.0,0.0
18.45773000000003,0.0,,,,,
18.459499999999974,,,,0.0,,
18.464599999999965,,,0.0,,,
18.493399999999962,,0.0,,,,
18.499999999999993,,,,,0.0,0.0
18.55773000000003,0.0,,,,,
18.559499999999975,,,,0.0,,
18.564599999999967,,,0.0,,,
18.593399999999964,,0.0,,,,
18.599999999999994,,,,,0.0,0.0
18.657730000000033,0.0,,,,,
18.659499999999976,,,,0.0,,
18.664599999999968,,,0.0,,,
18.693399999999965,,0.0,,,,
18.699999999999996,,,,,0.0,0.0
18.757730000000034,0.0,,,,,
18.759499999999978,,,,0.0,,
18.76459999999997,,,0.0,,,
18.793399999999966,,0.0,,,,
18.799999999999997,,,,,0.0,0.0
18.857730000000036,0.0,,,,,
18.85949999999998,,,,0.0,,
18.86459999999997,,,0.0,,,
18.893399999999968,,0.0,,,,
18.9,,,,,0.0,0.0
18.957730000000037,0.0,,,,,
18.95949999999998,,,,0.0,,
18.964599999999972,,,0.0,,,
18.99339999999997,,0.0,,,,
19.0,,,,,0.0,0.0
19.023051991713256,,,,1.0,,
19.023081991713255,,,,2.0,,
19.025362992749095,,,,3.0,,
19.025392992749094,,,,4.0,,
19.027588868655453,,,,5.0,,
19.027618868655452,,,,6.0,,
19.02989276007352,,,,7.0,,
19.029932760073518,,,,8.0,,
19.05773000000004,0.0,,,,,
19.059499999999982,,,,8.0,,
19.059499999999982,,,,7.0,,
19.061099999999982,,,,7.0,,
19.061099999999982,,,,6.0,,
19.06269999999998,,,,6.0,,
19.06269999999998,,,,5.0,,
19.06429999999998,,,,5.0,,
19.06429999999998,,,,4.0,,
19.064599999999974,,,0.0,,,
19.06589999999998,,,,4.0,,
19.06589999999998,,,,3.0,,
19.06749999999998,,,,3.0,,
19.06749999999998,,,,2.0,,
19.06909999999998,,,,2.0,,
19.06909999999998,,,,1.0,,
19.070199999999982,,,,1.0,,
19.070199999999982,,,,0.0,,
19.071799999999982,,,,0.0,,
19.09339999999997,,0.0,,,,
19.1,,,,,0.0,0.0
19.15773000000004,0.0,,,,,
19.164599999999975,,,0.0,,,
19.171799999999983,,,,0.0,,
19.193399999999972,,0.0,,,,
19.200000000000003,,,,,0.0,0.0
19.25773000000004,0.0,,,,,
19.264599999999977,,,0.0,,,
19.271799999999985,,,,0.0,,
19.293399999999973,,0.0,,,,
19.300000000000004,,,,,0.0,0.0
19.357730000000043,0.0,,,,,
19.364599999999978,,,0.0,,,
19.371799999999986,,,,0.0,,
19.393399999999975,,0.0,,,,
19.400000000000006,,,,,0.0,0.0
19.457730000000044,0.0,,,,,
19.46459999999998,,,0.0,,,
19.471799999999988,,,,0.0,,
19.493399999999976,,0.0,,,,
19.500000000000007,,,,,0.0,0.0
19.557730000000046,0.0,,,,,
19.56459999999998,,,0.0,,,
19.57179999999999,,,,0.0,,
19.593399999999978,,0.0,,,,
19.60000000000001,,,,,0.0,0.0
19.657730000000047,0.0,,,,,
19.664599999999982,,,0.0,,,
19.67179999999999,,,,0.0,,
19.69339999999998,,0.0,,,,
19.70000000000001,,,,,0.0,0.0
19.75773000000005,0.0,,,,,
19.764599999999984,,,0.0,,,
19.771799999999992,,,,0.0,,
19.79339999999998,,0.0,,,,
19.80000000000001,,,,,0.0,0.0
19.85773000000005,0.0,,,,,
19.864599999999985,,,0.0,,,
19.871799999999993,,,,0.0,,
19.893399999999982,,0.0,,,,
19.900000000000013,,,,,0.0,0.0
19.95773000000005,0.0,,,,,
19.964599999999987,,,0.0,,,
19.971799999999995,,,,0.0,,
19.993399999999983,,0.0,,,,
20.000000000000014,,,,,0.0,0.0
20.057730000000053,0.0,,,,,
20.064599999999988,,,0.0,,,
20.071799999999996,,,,0.0,,
20.093399999999985,,0.0,,,,
20.100000000000016,,,,,0.0,0.0
20.157730000000054,0.0,,,,,
20.16459999999999,,,0.0,,,
20.171799999999998,,,,0.0,,
20.193399999999986,,0.0,,,,
20.200000000000017,,,,,0.0,0.0
20.257730000000056,0.0,,,,,
20.26459999999999,,,0.0,,,
20.2718,,,,0.0,,
20.293399999999988,,0.0,,,,
20.30000000000002,,,,,0.0,0.0
20.357730000000057,0.0,,,,,
20.364599999999992,,,0.0,,,
20.3718,,,,0.0,,
20.39339999999999,,0.0,,,,
20.40000000000002,,,,,0.0,0.0
20.45773000000006,0.0,,,,,
20.464599999999994,,,0.0,,,
20.4718,,,,0.0,,
20.49339999999999,,0.0,,,,
20.50000000000002,,,,,0.0,0.0
20.55773000000006,0.0,,,,,
20.564599999999995,,,0.0,,,
20.571800000000003,,,,0.0,,
20.593399999999992,,0.0,,,,
20.600000000000023,,,,,0.0,0.0
20.65773000000006,0.0,,,,,
20.664599999999997,,,0.0,,,
20.671800000000005,,,,0.0,,
20.693399999999993,,0.0,,,,
20.700000000000024,,,,,0.0,0.0
20.757730000000063,0.0,,,,,
20.764599999999998,,,0.0,,,
20.771800000000006,,,,0.0,,
20.793399999999995,,0.0,,,,
20.800000000000026,,,,,0.0,0.0
20.857730000000064,0.0,,,,,
20.8646,,,0.0,,,
20.871800000000007,,,,0.0,,
20.893399999999996,,0.0,,,,
20.900000000000027,,,,,0.0,0.0
20.957730000000065,0.0,,,,,
20.9646,,,0.0,,,
20.97180000000001,,,,0.0,,
20.993399999999998,,0.0,,,,
21.00000000000003,,,,,0.0,0.0
21.057730000000067,0.0,,,,,
21.064600000000002,,,0.0,,,
21.07180000000001,,,,0.0,,
21.0934,,0.0,,,,
21.10000000000003,,,,,0.0,0.0
21.15773000000007,0.0,,,,,
21.164600000000004,,,0.0,,,
21.17180000000001,,,,0.0,,
21.1934,,0.0,,,,
21.20000000000003,,,,,0.0,0.0
21.25773000000007,0.0,,,,,
21.264600000000005,,,0.0,,,
21.271800000000013,,,,0.0,,
21.293400000000002,,0.0,,,,
21.300000000000033,,,,,0.0,0.0
21.35773000000007,0.0,,,,,
21.364600000000006,,,0.0,,,
21.371800000000015,,,,0.0,,
21.393400000000003,,0.0,,,,
21.400000000000034,,,,,0.0,0.0
21.457730000000073,0.0,,,,,
21.464600000000008,,,0.0,,,
21.471800000000016,,,,0.0,,
21.493400000000005,,0.0,,,,
21.500000000000036,,,,,0.0,0.0
21.557730000000074,0.0,,,,,
21.56460000000001,,,0.0,,,
21.571800000000017,,,,0.0,,
21.593400000000006,,0.0,,,,
21.600000000000037,,,,,0.0,0.0
21.657730000000075,0.0,,,,,
21.66460000000001,,,0.0,,,
21.67180000000002,,,,0.0,,
21.693400000000008,,0.0,,,,
21.70000000000004,,,,,0.0,0.0
21.757730000000077,0.0,,,,,
21.764600000000012,,,0.0,,,
21.77180000000002,,,,0.0,,
21.79340000000001,,0.0,,,,
21.80000000000004,,,,,0.0,0.0
21.85773000000008,0.0,,,,,
21.864600000000014,,,0.0,,,
21.87180000000002,,,,0.0,,
21.89340000000001,,0.0,,,,
21.90000000000004,,,,,0.0,0.0
21.95773000000008,0.0,,,,,
21.964600000000015,,,0.0,,,
21.971800000000023,,,,0.0,,
21.993400000000012,,0.0,,,,
22.000000000000043,,,,,0.0,0.0
22.05773000000008,0.0,,,,,
22.064600000000016,,,0.0,,,
22.071800000000025,,,,0.0,,
22.093400000000013,,0.0,,,,
22.100000000000044,,,,,0.0,0.0
22.157730000000083,0.0,,,,,
22.164600000000018,,,0.0,,,
22.171800000000026,,,,0.0,,
22.193400000000015,,0.0,,,,
22.200000000000045,,,,,0.0,0.0
22.257730000000084,0.0,,,,,
22.26460000000002,,,0.0,,,
22.271800000000027,,,,0.0,,
22.293400000000016,,0.0,,,,
22.300000000000047,,,,,0.0,0.0
22.357730000000085,0.0,,,,,
22.36460000000002,,,0.0,,,
22.37180000000003,,,,0.0,,
22.393400000000018,,0.0,,,,
22.40000000000005,,,,,0.0,0.0
22.457730000000087,0.0,,,,,
22.464600000000022,,,0.0,,,
22.47180000000003,,,,0.0,,
22.49340000000002,,0.0,,,,
22.50000000000005,,,,,0.0,0.0
22.557730000000088,0.0,,,,,
22.564600000000024,,,0.0,,,
22.57180000000003,,,,0.0,,
22.59340000000002,,0.0,,,,
22.60000000000005,,,,,0.0,0.0
22.65773000000009,0.0,,,,,
22.664600000000025,,,0.0,,,
22.671800000000033,,,,0.0,,
22.693400000000022,,0.0,,,,
22.700000000000053,,,,,0.0,0.0
22.75773000000009,0.0,,,,,
22.764600000000026,,,0.0,,,
22.771800000000034,,,,0.0,,
22.793400000000023,,0.0,,,,
22.800000000000054,,,,,0.0,0.0
22.857730000000092,0.0,,,,,
22.864600000000028,,,0.0,,,
22.871800000000036,,,,0.0,,
22.893400000000025,,0.0,,,,
22.900000000000055,,,,,0.0,0.0
22.957730000000094,0.0,,,,,
22.96460000000003,,,0.0,,,
22.971800000000037,,,,0.0,,
22.993400000000026,,0.0,,,,
23.000000000000057,,,,,0.0,0.0
23.057730000000095,0.0,,,,,
23.06460000000003,,,0.0,,,
23.07180000000004,,,,0.0,,
23.093400000000027,,0.0,,,,
23.10000000000006,,,,,0.0,0.0
23.157730000000097,0.0,,,,,
23.164600000000032,,,0.0,,,
23.17180000000004,,,,0.0,,
23.19340000000003,,0.0,,,,
23.20000000000006,,,,,0.0,0.0
23.257730000000098,0.0,,,,,
23.264600000000033,,,0.0,,,
23.27180000000004,,,,0.0,,
23.29340000000003,,0.0,,,,
23.30000000000006,,,,,0.0,0.0
23.3577300000001,0.0,,,,,
23.364600000000035,,,0.0,,,
23.371800000000043,,,,0.0,,
23.39340000000003,,0.0,,,,
23.400000000000063,,,,,0.0,0.0
23.4577300000001,0.0,,,,,
23.464600000000036,,,0.0,,,
23.471800000000044,,,,0.0,,
23.493400000000033,,0.0,,,,
23.500000000000064,,,,,0.0,0.0
23.557730000000102,0.0,,,,,
23.564600000000038,,,0.0,,,
23.571800000000046,,,,0.0,,
23.593400000000035,,0.0,,,,
23.600000000000065,,,,,0.0,0.0
23.657730000000104,0.0,,,,,
23.66460000000004,,,0.0,,,
23.671800000000047,,,,0.0,,
23.693400000000036,,0.0,,,,
23.700000000000067,,,,,0.0,0.0
23.757730000000105,0.0,,,,,
23.76460000000004,,,0.0,,,
23.77180000000005,,,,0.0,,
23.793400000000037,,0.0,,,,
23.800000000000068,,,,,0.0,0.0
23.857730000000107,0.0,,,,,
23.864600000000042,,,0.0,,,
23.87180000000005,,,,0.0,,
23.89340000000004,,0.0,,,,
23.90000000000007,,,,,0.0,0.0
23.957730000000108,0.0,,,,,
23.964600000000043,,,0.0,,,
23.97180000000005,,,,0.0,,
23.99340000000004,,0.0,,,,
24.00000000000007,,,,,0.0,0.0
24.05773000000011,0.0,,,,,
24.064600000000045,,,0.0,,,
24.071800000000053,,,,0.0,,
24.09340000000004,,0.0,,,,
24.100000000000072,,,,,0.0,0.0
24.15773000000011,0.0,,,,,
24.164600000000046,,,0.0,,,
24.171800000000054,,,,0.0,,
24.193400000000043,,0.0,,,,
24.200000000000074,,,,,0.0,0.0
24.257730000000112,0.0,,,,,
24.264600000000048,,,0.0,,,
24.271800000000056,,,,0.0,,
24.293400000000045,,0.0,,,,
24.300000000000075,,,,,0.0,0.0
24.357730000000114,0.0,,,,,
24.36460000000005,,,0.0,,,
24.371800000000057,,,,0.0,,
24.393400000000046,,0.0,,,,
24.400000000000077,,,,,0.0,0.0
24.457730000000115,0.0,,,,,
24.46460000000005,,,0.0,,,
24.47180000000006,,,,0.0,,
24.493400000000047,,0.0,,,,
24.500000000000078,,,,,0.0,0.0
24.557730000000117,0.0,,,,,
24.564600000000052,,,0.0,,,
24.57180000000006,,,,0.0,,
24.59340000000005,,0.0,,,,
24.60000000000008,,,,,0.0,0.0
24.657730000000118,0.0,,,,,
24.664600000000053,,,0.0,,,
24.67180000000006,,,,0.0,,
24.69340000000005,,0.0,,,,
24.70000000000008,,,,,0.0,0.0
24.75773000000012,0.0,,,,,
24.764600000000055,,,0.0,,,
24.771800000000063,,,,0.0,,
24.79340000000005,,0.0,,,,
24.800000000000082,,,,,0.0,0.0
24.85773000000012,0.0,,,,,
24.864600000000056,,,0.0,,,
24.871800000000064,,,,0.0,,
24.893400000000053,,0.0,,,,
24.900000000000084,,,,,0.0,0.0
24.957730000000122,0.0,,,,,
24.964600000000058,,,0.0,,,
24.971800000000066,,,,0.0,,
24.993400000000054,,0.0,,,,
25.000000000000085,,,,,0.0,0.0
25.057730000000124,0.0,,,,,
25.06460000000006,,,0.0,,,
25.071800000000067,,,,0.0,,
25.093400000000056,,0.0,,,,
25.100000000000087,,,,,0.0,0.0
25.157730000000125,0.0,,,,,
25.16460000000006,,,0.0,,,
25.17180000000007,,,,0.0,,
25.193400000000057,,0.0,,,,
25.200000000000088,,,,,0.0,0.0
25.257730000000127,0.0,,,,,
25.264600000000062,,,0.0,,,
25.27180000000007,,,,0.0,,
25.29340000000006,,0.0,,,,
25.30000000000009,,,,,0.0,0.0
25.357730000000128,0.0,,,,,
25.364600000000063,,,0.0,,,
25.37180000000007,,,,0.0,,
25.39340000000006,,0.0,,,,
25.40000000000009,,,,,0.0,0.0
25.45773000000013,0.0,,,,,
25.464600000000065,,,0.0,,,
25.471800000000073,,,,0.0,,
25.49340000000006,,0.0,,,,
25.500000000000092,,,,,0.0,0.0
25.55773000000013,0.0,,,,,
25.564600000000066,,,0.0,,,
25.571800000000074,,,,0.0,,
25.593400000000063,,0.0,,,,
25.600000000000094,,,,,0.0,0.0
25.657730000000132,0.0,,,,,
25.664600000000068,,,0.0,,,
25.671800000000076,,,,0.0,,
25.693400000000064,,0.0,,,,
25.700000000000095,,,,,0.0,0.0
25.757730000000134,0.0,,,,,
25.76460000000007,,,0.0,,,
25.771800000000077,,,,0.0,,
25.793400000000066,,0.0,,,,
25.800000000000097,,,,,0.0,0.0
25.857730000000135,0.0,,,,,
25.86460000000007,,,0.0,,,
25.87180000000008,,,,0.0,,
25.893400000000067,,0.0,,,,
25.900000000000098,,,,,0.0,0.0
25.957730000000137,0.0,,,,,
25.964600000000072,,,0.0,,,
25.97180000000008,,,,0.0,,
25.99340000000007,,0.0,,,,
26.0000000000001,,,,,0.0,0.0
26.057730000000138,0.0,,,,,
26.064600000000073,,,0.0,,,
26.07180000000008,,,,0.0,,
26.09340000000007,,0.0,,,,
26.1000000000001,,,,,0.0,0.0
26.15773000000014,0.0,,,,,
26.164600000000075,,,0.0,,,
26.171800000000083,,,,0.0,,
26.19340000000007,,0.0,,,,
26.200000000000102,,,,,0.0,0.0
26.25773000000014,0.0,,,,,
26.264600000000076,,,0.0,,,
26.271800000000084,,,,0.0,,
26.293400000000073,,0.0,,,,
26.300000000000104,,,,,0.0,0.0
26.357730000000142,0.0,,,,,
26.364600000000078,,,0.0,,,
26.371800000000086,,,,0.0,,
26.393400000000074,,0.0,,,,
26.400000000000105,,,,,0.0,0.0
26.457730000000144,0.0,,,,,
26.46460000000008,,,0.0,,,
26.471800000000087,,,,0.0,,
26.493400000000076,,0.0,,,,
26.500000000000107,,,,,0.0,0.0
26.557730000000145,0.0,,,,,
26.56460000000008,,,0.0,,,
26.57180000000009,,,,0.0,,
26.593400000000077,,0.0,,,,
26.600000000000108,,,,,0.0,0.0
26.657730000000146,0.0,,,,,
26.664600000000082,,,0.0,,,
26.67180000000009,,,,0.0,,
26.69340000000008,,0.0,,,,
26.70000000000011,,,,,0.0,0.0
26.757730000000148,0.0,,,,,
26.764600000000083,,,0.0,,,
26.77180000000009,,,,0.0,,
26.79340000000008,,0.0,,,,
26.80000000000011,,,,,0.0,0.0
26.85773000000015,0.0,,,,,
26.864600000000085,,,0.0,,,
26.871800000000093,,,,0.0,,
26.89340000000008,,0.0,,,,
26.900000000000112,,,,,0.0,0.0
26.95773000000015,0.0,,,,,
26.964600000000086,,,0.0,,,
26.971800000000094,,,,0.0,,
26.993400000000083,,0.0,,,,
27.000000000000114,,,,,0.0,0.0
27.057730000000152,0.0,,,,,
27.064600000000087,,,0.0,,,
27.071800000000096,,,,0.0,,
27.093400000000084,,0.0,,,,
27.100000000000115,,,,,0.0,0.0
27.157730000000154,0.0,,,,,
27.16460000000009,,,0.0,,,
27.171800000000097,,,,0.0,,
27.193400000000086,,0.0,,,,
27.200000000000117,,,,,0.0,0.0
27.257730000000155,0.0,,,,,
27.26460000000009,,,0.0,,,
27.2718000000001,,,,0.0,,
27.293400000000087,,0.0,,,,
27.300000000000118,,,,,0.0,0.0
27.357730000000156,0.0,,,,,
27.36460000000009,,,0.0,,,
27.3718000000001,,,,0.0,,
27.39340000000009,,0.0,,,,
27.40000000000012,,,,,0.0,0.0
27.457730000000158,0.0,,,,,
27.464600000000093,,,0.0,,,
27.4718000000001,,,,0.0,,
27.49340000000009,,0.0,,,,
27.50000000000012,,,,,0.0,0.0
27.55773000000016,0.0,,,,,
27.564600000000095,,,0.0,,,
27.571800000000103,,,,0.0,,
27.59340000000009,,0.0,,,,
27.600000000000122,,,,,0.0,0.0
27.65773000000016,0.0,,,,,
27.664600000000096,,,0.0,,,
27.671800000000104,,,,0.0,,
27.693400000000093,,0.0,,,,
27.700000000000124,,,,,0.0,0.0
27.757730000000162,0.0,,,,,
27.764600000000097,,,0.0,,,
27.771800000000106,,,,0.0,,
27.793400000000094,,0.0,,,,
27.800000000000125,,,,,0.0,0.0
27.857730000000164,0.0,,,,,
27.8646000000001,,,0.0,,,
27.871800000000107,,,,0.0,,
27.893400000000096,,0.0,,,,
27.900000000000126,,,,,0.0,0.0
27.957730000000165,0.0,,,,,
27.9646000000001,,,0.0,,,
27.97180000000011,,,,0.0,,
27.993400000000097,,0.0,,,,
28.000000000000128,,,,,0.0,0.0
28.057730000000166,0.0,,,,,
28.0646000000001,,,0.0,,,
28.07180000000011,,,,0.0,,
28.0934000000001,,0.0,,,,
28.10000000000013,,,,,0.0,0.0
28.157730000000168,0.0,,,,,
28.164600000000103,,,0.0,,,
28.17180000000011,,,,0.0,,
28.1934000000001,,0.0,,,,
28.20000000000013,,,,,0.0,0.0
28.25773000000017,0.0,,,,,
28.264600000000105,,,0.0,,,
28.271800000000113,,,,0.0,,
28.2934000000001,,0.0,,,,
28.300000000000132,,,,,0.0,0.0
28.35773000000017,0.0,,,,,
28.364600000000106,,,0.0,,,
28.371800000000114,,,,0.0,,
28.393400000000103,,0.0,,,,
28.400000000000134,,,,,0.0,0.0
28.457730000000172,0.0,,,,,
28.464600000000107,,,0.0,,,
28.471800000000115,,,,0.0,,
28.493400000000104,,0.0,,,,
28.500000000000135,,,,,0.0,0.0
28.557730000000173,0.0,,,,,
28.56460000000011,,,0.0,,,
28.571800000000117,,,,0.0,,
28.593400000000106,,0.0,,,,
28.600000000000136,,,,,0.0,0.0
28.657730000000175,0.0,,,,,
28.66460000000011,,,0.0,,,
28.67180000000012,,,,0.0,,
28.693400000000107,,0.0,,,,
28.700000000000138,,,,,0.0,0.0
28.757730000000176,0.0,,,,,
28.76460000000011,,,0.0,,,
28.77180000000012,,,,0.0,,
28.79340000000011,,0.0,,,,
28.80000000000014,,,,,0.0,0.0
28.857730000000178,0.0,,,,,
28.864600000000113,,,0.0,,,
28.87180000000012,,,,0.0,,
28.89340000000011,,0.0,,,,
28.90000000000014,,,,,0.0,0.0
28.95773000000018,0.0,,,,,
28.964600000000114,,,0.0,,,
28.971800000000123,,,,0.0,,
28.99340000000011,,0.0,,,,
29.000000000000142,,,,,0.0,0.0
29.05773000000018,0.0,,,,,
29.064600000000116,,,0.0,,,
29.071800000000124,,,,0.0,,
29.093400000000113,,0.0,,,,
29.100000000000144,,,,,0.0,0.0
29.157730000000182,0.0,,,,,
29.164600000000117,,,0.0,,,
29.171800000000125,,,,0.0,,
29.193400000000114,,0.0,,,,
29.200000000000145,,,,,0.0,0.0
29.257730000000183,0.0,,,,,
29.26460000000012,,,0.0,,,
29.271800000000127,,,,0.0,,
29.293400000000116,,0.0,,,,
29.300000000000146,,,,,0.0,0.0
29.357730000000185,0.0,,,,,
29.36460000000012,,,0.0,,,
29.37180000000013,,,,0.0,,
29.393400000000117,,0.0,,,,
29.400000000000148,,,,,0.0,0.0
29.457730000000186,0.0,,,,,
29.46460000000012,,,0.0,,,
29.47180000000013,,,,0.0,,
29.49340000000012,,0.0,,,,
29.50000000000015,,,,,0.0,0.0
29.557730000000188,0.0,,,,,
29.564600000000123,,,0.0,,,
29.57180000000013,,,,0.0,,
29.59340000000012,,0.0,,,,
29.60000000000015,,,,,0.0,0.0
29.65773000000019,0.0,,,,,
29.664600000000124,,,0.0,,,
29.671800000000133,,,,0.0,,
29.69340000000012,,0.0,,,,
29.700000000000152,,,,,0.0,0.0
29.75773000000019,0.0,,,,,
29.764600000000126,,,0.0,,,
29.771800000000134,,,,0.0,,
29.793400000000123,,0.0,,,,
29.800000000000153,,,,,0.0,0.0
29.857730000000192,0.0,,,,,
29.864600000000127,,,0.0,,,
29.871800000000135,,,,0.0,,
29.893400000000124,,0.0,,,,
29.900000000000155,,,,,0.0,0.0
29.957730000000193,0.0,,,,,
29.96460000000013,,,0.0,,,
29.971800000000137,,,,0.0,,
29.993400000000126,,0.0,,,,
30.000000000000156,,,,,0.0,0.0
30.057730000000195,0.0,,,,,
30.06460000000013,,,0.0,,,
30.071800000000138,,,,0.0,,
30.093400000000127,,0.0,,,,
30.100000000000158,,,,,0.0,0.0
30.157730000000196,0.0,,,,,
30.16460000000013,,,0.0,,,
30.17180000000014,,,,0.0,,
30.19340000000013,,0.0,,,,
30.20000000000016,,,,,0.0,0.0
30.257730000000198,0.0,,,,,
30.264600000000133,,,0.0,,,
30.27180000000014,,,,0.0,,
30.29340000000013,,0.0,,,,
30.30000000000016,,,,,0.0,0.0
30.3577300000002,0.0,,,,,
30.364600000000134,,,0.0,,,
30.371800000000142,,,,0.0,,
30.39340000000013,,0.0,,,,
30.400000000000162,,,,,0.0,0.0
30.4577300000002,0.0,,,,,
30.464600000000136,,,0.0,,,
30.471800000000144,,,,0.0,,
30.493400000000133,,0.0,,,,
30.500000000000163,,,,,0.0,0.0
30.557730000000202,0.0,,,,,
30.564600000000137,,,0.0,,,
30.571800000000145,,,,0.0,,
30.593400000000134,,0.0,,,,
30.600000000000165,,,,,0.0,0.0
30.657730000000203,0.0,,,,,
30.66460000000014,,,0.0,,,
30.671800000000147,,,,0.0,,
30.693400000000135,,0.0,,,,
30.700000000000166,,,,,0.0,0.0
30.757730000000205,0.0,,,,,
30.76460000000014,,,0.0,,,
30.771800000000148,,,,0.0,,
30.793400000000137,,0.0,,,,
30.800000000000168,,,,,0.0,0.0
30.857730000000206,0.0,,,,,
30.86460000000014,,,0.0,,,
30.87180000000015,,,,0.0,,
30.89340000000014,,0.0,,,,
30.90000000000017,,,,,0.0,0.0
30.957730000000208,0.0,,,,,
30.964600000000143,,,0.0,,,
30.97180000000015,,,,0.0,,
30.99340000000014,,0.0,,,,
31.00000000000017,,,,,0.0,0.0
31.05773000000021,0.0,,,,,
31.064600000000144,,,0.0,,,
31.071800000000152,,,,0.0,,
31.09340000000014,,0.0,,,,
31.100000000000172,,,,,0.0,0.0
31.15773000000021,0.0,,,,,
31.164600000000146,,,0.0,,,
31.171800000000154,,,,0.0,,
31.193400000000143,,0.0,,,,
31.200000000000173,,,,,0.0,0.0
31.257730000000212,0.0,,,,,
31.264600000000147,,,0.0,,,
31.271800000000155,,,,0.0,,
31.293400000000144,,0.0,,,,
31.300000000000175,,,,,0.0,0.0
31.357730000000213,0.0,,,,,
31.36460000000015,,,0.0,,,
31.371800000000157,,,,0.0,,
31.393400000000145,,0.0,,,,
31.400000000000176,,,,,0.0,0.0
31.457730000000215,0.0,,,,,
31.46460000000015,,,0.0,,,
31.471800000000158,,,,0.0,,
31.493400000000147,,0.0,,,,
31.500000000000178,,,,,0.0,0.0
31.557730000000216,0.0,,,,,
31.56460000000015,,,0.0,,,
31.57180000000016,,,,0.0,,
31.59340000000015,,0.0,,,,
31.60000000000018,,,,,0.0,0.0
31.657730000000218,0.0,,,,,
31.664600000000153,,,0.0,,,
31.67180000000016,,,,0.0,,
31.69340000000015,,0.0,,,,
31.70000000000018,,,,,0.0,0.0
31.75773000000022,0.0,,,,,
31.764600000000154,,,0.0,,,
31.771800000000162,,,,0.0,,
31.79340000000015,,0.0,,,,
31.800000000000182,,,,,0.0,0.0
31.85773000000022,0.0,,,,,
31.864600000000156,,,0.0,,,
31.871800000000164,,,,0.0,,
31.893400000000153,,0.0,,,,
31.900000000000183,,,,,0.0,0.0
31.957730000000222,0.0,,,,,
31.964600000000157,,,0.0,,,
31.971800000000165,,,,0.0,,
31.993400000000154,,0.0,,,,
32.000000000000185,,,,,0.0,0.0
32.05773000000022,0.0,,,,,
32.064600000000155,,,0.0,,,
32.07180000000017,,,,0.0,,
32.09340000000015,,0.0,,,,
32.100000000000186,,,,,0.0,0.0
32.15773000000022,0.0,,,,,
32.164600000000156,,,0.0,,,
32.17180000000017,,,,0.0,,
32.19340000000015,,0.0,,,,
32.20000000000019,,,,,0.0,0.0
32.25773000000022,0.0,,,,,
32.26460000000016,,,0.0,,,
32.27180000000017,,,,0.0,,
32.293400000000155,,0.0,,,,
32.30000000000019,,,,,0.0,0.0
32.357730000000224,0.0,,,,,
32.36460000000016,,,0.0,,,
32.37180000000017,,,,0.0,,
32.393400000000156,,0.0,,,,
32.40000000000019,,,,,0.0,0.0
32.457730000000225,0.0,,,,,
32.46460000000016,,,0.0,,,
32.47180000000017,,,,0.0,,
32.49340000000016,,0.0,,,,
32.50000000000019,,,,,0.0,0.0
32.55773000000023,0.0,,,,,
32.56460000000016,,,0.0,,,
32.571800000000174,,,,0.0,,
32.59340000000016,,0.0,,,,
32.60000000000019,,,,,0.0,0.0
32.65773000000023,0.0,,,,,
32.66460000000016,,,0.0,,,
32.671800000000175,,,,0.0,,
32.69340000000016,,0.0,,,,
32.700000000000195,,,,,0.0,0.0
32.75773000000023,0.0,,,,,
32.764600000000165,,,0.0,,,
32.77180000000018,,,,0.0,,
32.79340000000016,,0.0,,,,
32.800000000000196,,,,,0.0,0.0
32.85773000000023,0.0,,,,,
32.864600000000166,,,0.0,,,
32.87180000000018,,,,0.0,,
32.89340000000016,,0.0,,,,
32.9000000000002,,,,,0.0,0.0
32.95773000000023,0.0,,,,,
32.96460000000017,,,0.0,,,
32.97180000000018,,,,0.0,,
32.993400000000165,,0.0,,,,
33.0000000000002,,,,,0.0,0.0
33.057730000000234,0.0,,,,,
33.06460000000017,,,0.0,,,
33.07180000000018,,,,0.0,,
33.093400000000166,,0.0,,,,
33.1000000000002,,,,,0.0,0.0
33.157730000000235,0.0,,,,,
33.16460000000017,,,0.0,,,
33.17180000000018,,,,0.0,,
33.19340000000017,,0.0,,,,
33.2000000000002,,,,,0.0,0.0
33.25773000000024,0.0,,,,,
33.26460000000017,,,0.0,,,
33.271800000000184,,,,0.0,,
33.29340000000017,,0.0,,,,
33.3000000000002,,,,,0.0,0.0
33.35773000000024,0.0,,,,,
33.36460000000017,,,0.0,,,
33.371800000000185,,,,0.0,,
33.39340000000017,,0.0,,,,
33.400000000000205,,,,,0.0,0.0
33.45773000000024,0.0,,,,,
33.464600000000175,,,0.0,,,
33.47180000000019,,,,0.0,,
33.49340000000017,,0.0,,,,
33.500000000000206,,,,,0.0,0.0
33.55773000000024,0.0,,,,,
33.564600000000176,,,0.0,,,
33.57180000000019,,,,0.0,,
33.59340000000017,,0.0,,,,
33.60000000000021,,,,,0.0,0.0
33.65773000000024,0.0,,,,,
33.66460000000018,,,0.0,,,
33.67180000000019,,,,0.0,,
33.693400000000175,,0.0,,,,
33.70000000000021,,,,,0.0,0.0
33.757730000000244,0.0,,,,,
33.76460000000018,,,0.0,,,
33.77180000000019,,,,0.0,,
33.793400000000176,,0.0,,,,
33.80000000000021,,,,,0.0,0.0
33.857730000000245,0.0,,,,,
33.86460000000018,,,0.0,,,
33.87180000000019,,,,0.0,,
33.89340000000018,,0.0,,,,
33.90000000000021,,,,,0.0,0.0
33.95773000000025,0.0,,,,,
33.96460000000018,,,0.0,,,
33.971800000000194,,,,0.0,,
33.99340000000018,,0.0,,,,
34.00000000000021,,,,,0.0,0.0
34.05773000000025,0.0,,,,,
34.06460000000018,,,0.0,,,
34.071800000000195,,,,0.0,,
34.09340000000018,,0.0,,,,
34.100000000000215,,,,,0.0,0.0
34.15773000000025,0.0,,,,,
34.164600000000185,,,0.0,,,
34.1718000000002,,,,0.0,,
34.19340000000018,,0.0,,,,
34.200000000000216,,,,,0.0,0.0
34.25773000000025,0.0,,,,,
34.264600000000186,,,0.0,,,
34.2718000000002,,,,0.0,,
34.29340000000018,,0.0,,,,
34.30000000000022,,,,,0.0,0.0
34.35773000000025,0.0,,,,,
34.36460000000019,,,0.0,,,
34.3718000000002,,,,0.0,,
34.393400000000184,,0.0,,,,
34.40000000000022,,,,,0.0,0.0
34.457730000000254,0.0,,,,,
34.46460000000019,,,0.0,,,
34.4718000000002,,,,0.0,,
34.493400000000186,,0.0,,,,
34.50000000000022,,,,,0.0,0.0
34.557730000000255,0.0,,,,,
34.56460000000019,,,0.0,,,
34.5718000000002,,,,0.0,,
34.59340000000019,,0.0,,,,
34.60000000000022,,,,,0.0,0.0
34.65773000000026,0.0,,,,,
34.66460000000019,,,0.0,,,
34.671800000000204,,,,0.0,,
34.69340000000019,,0.0,,,,
34.70000000000022,,,,,0.0,0.0
34.75773000000026,0.0,,,,,
34.76460000000019,,,0.0,,,
34.771800000000205,,,,0.0,,
34.79340000000019,,0.0,,,,
34.800000000000225,,,,,0.0,0.0
34.85773000000026,0.0,,,,,
34.864600000000195,,,0.0,,,
34.871800000000206,,,,0.0,,
34.89340000000019,,0.0,,,,
34.900000000000226,,,,,0.0,0.0
34.95773000000026,0.0,,,,,
34.964600000000196,,,0.0,,,
34.97180000000021,,,,0.0,,
34.99340000000019,,0.0,,,,
35.00000000000023,,,,,0.0,0.0
35.05773000000026,0.0,,,,,
35.0646000000002,,,0.0,,,
35.07180000000021,,,,0.0,,
35.093400000000194,,0.0,,,,
35.10000000000023,,,,,0.0,0.0
35.157730000000264,0.0,,,,,
35.1646000000002,,,0.0,,,
35.17180000000021,,,,0.0,,
35.193400000000196,,0.0,,,,
35.20000000000023,,,,,0.0,0.0
35.257730000000265,0.0,,,,,
35.2646000000002,,,0.0,,,
35.27180000000021,,,,0.0,,
35.2934000000002,,0.0,,,,
35.30000000000023,,,,,0.0,0.0
35.35773000000027,0.0,,,,,
35.3646000000002,,,0.0,,,
35.37180000000021,,,,0.0,,
35.3934000000002,,0.0,,,,
35.40000000000023,,,,,0.0,0.0
35.45773000000027,0.0,,,,,
35.4646000000002,,,0.0,,,
35.471800000000215,,,,0.0,,
35.4934000000002,,0.0,,,,
35.500000000000234,,,,,0.0,0.0
35.55773000000027,0.0,,,,,
35.564600000000205,,,0.0,,,
35.571800000000216,,,,0.0,,
35.5934000000002,,0.0,,,,
35.600000000000236,,,,,0.0,0.0
35.65773000000027,0.0,,,,,
35.664600000000206,,,0.0,,,
35.67180000000022,,,,0.0,,
35.6934000000002,,0.0,,,,
35.70000000000024,,,,,0.0,0.0
35.75773000000027,0.0,,,,,
35.76460000000021,,,0.0,,,
35.77180000000022,,,,0.0,,
35.793400000000204,,0.0,,,,
35.80000000000024,,,,,0.0,0.0
35.857730000000274,0.0,,,,,
35.86460000000021,,,0.0,,,
35.87180000000022,,,,0.0,,
35.893400000000206,,0.0,,,,
35.90000000000024,,,,,0.0,0.0
35.957730000000275,0.0,,,,,
35.96460000000021,,,0.0,,,
35.97180000000022,,,,0.0,,
35.99340000000021,,0.0,,,,
36.00000000000024,,,,,0.0,0.0
36.05773000000028,0.0,,,,,
36.06460000000021,,,0.0,,,
36.07180000000022,,,,0.0,,
36.09340000000021,,0.0,,,,
36.10000000000024,,,,,0.0,0.0
36.15773000000028,0.0,,,,,
36.16460000000021,,,0.0,,,
36.171800000000225,,,,0.0,,
36.19340000000021,,0.0,,,,
36.200000000000244,,,,,0.0,0.0
36.25773000000028,0.0,,,,,
36.264600000000215,,,0.0,,,
36.271800000000226,,,,0.0,,
36.29340000000021,,0.0,,,,
36.300000000000246,,,,,0.0,0.0
36.35773000000028,0.0,,,,,
36.364600000000216,,,0.0,,,
36.37180000000023,,,,0.0,,
36.39340000000021,,0.0,,,,
36.40000000000025,,,,,0.0,0.0
36.45773000000028,0.0,,,,,
36.46460000000022,,,0.0,,,
36.47180000000023,,,,0.0,,
36.493400000000214,,0.0,,,,
36.50000000000025,,,,,0.0,0.0
36.557730000000284,0.0,,,,,
36.56460000000022,,,0.0,,,
36.57180000000023,,,,0.0,,
36.593400000000216,,0.0,,,,
36.60000000000025,,,,,0.0,0.0
36.657730000000285,0.0,,,,,
36.66460000000022,,,0.0,,,
36.67180000000023,,,,0.0,,
36.69340000000022,,0.0,,,,
36.70000000000025,,,,,0.0,0.0
36.75773000000029,0.0,,,,,
36.76460000000022,,,0.0,,,
36.77180000000023,,,,0.0,,
36.79340000000022,,0.0,,,,
36.80000000000025,,,,,0.0,0.0
36.85773000000029,0.0,,,,,
36.86460000000022,,,0.0,,,
36.871800000000235,,,,0.0,,
36.89340000000022,,0.0,,,,
36.900000000000254,,,,,0.0,0.0
36.95773000000029,0.0,,,,,
36.964600000000225,,,0.0,,,
36.971800000000236,,,,0.0,,
36.99340000000022,,0.0,,,,
37.000000000000256,,,,,0.0,0.0
37.05773000000029,0.0,,,,,
37.064600000000226,,,0.0,,,
37.07180000000024,,,,0.0,,
37.09340000000022,,0.0,,,,
37.10000000000026,,,,,0.0,0.0
37.15773000000029,0.0,,,,,
37.16460000000023,,,0.0,,,
37.17180000000024,,,,0.0,,
37.193400000000224,,0.0,,,,
37.20000000000026,,,,,0.0,0.0
37.257730000000294,0.0,,,,,
37.26460000000023,,,0.0,,,
37.27180000000024,,,,0.0,,
37.293400000000226,,0.0,,,,
37.30000000000026,,,,,0.0,0.0
37.357730000000295,0.0,,,,,
37.36460000000023,,,0.0,,,
37.37180000000024,,,,0.0,,
37.39340000000023,,0.0,,,,
37.40000000000026,,,,,0.0,0.0
37.457730000000296,0.0,,,,,
37.46460000000023,,,0.0,,,
37.47180000000024,,,,0.0,,
37.49340000000023,,0.0,,,,
37.50000000000026,,,,,0.0,0.0
37.5577300000003,0.0,,,,,
37.56460000000023,,,0.0,,,
37.571800000000245,,,,0.0,,
37.59340000000023,,0.0,,,,
37.600000000000264,,,,,0.0,0.0
37.6577300000003,0.0,,,,,
37.664600000000235,,,0.0,,,
37.671800000000246,,,,0.0,,
37.69340000000023,,0.0,,,,
37.700000000000266,,,,,0.0,0.0
37.7577300000003,0.0,,,,,
37.764600000000236,,,0.0,,,
37.77180000000025,,,,0.0,,
37.79340000000023,,0.0,,,,
37.80000000000027,,,,,0.0,0.0
37.8577300000003,0.0,,,,,
37.86460000000024,,,0.0,,,
37.87180000000025,,,,0.0,,
37.893400000000234,,0.0,,,,
37.90000000000027,,,,,0.0,0.0
37.9577300000003,0.0,,,,,
37.96460000000024,,,0.0,,,
37.97180000000025,,,,0.0,,
37.993400000000236,,0.0,,,,
38.00000000000027,,,,,0.0,0.0
38.057730000000305,0.0,,,,,
38.06460000000024,,,0.0,,,
38.07180000000025,,,,0.0,,
38.09340000000024,,0.0,,,,
38.10000000000027,,,,,0.0,0.0
38.157730000000306,0.0,,,,,
38.16460000000024,,,0.0,,,
38.17180000000025,,,,0.0,,
38.19340000000024,,0.0,,,,
38.20000000000027,,,,,0.0,0.0
38.25773000000031,0.0,,,,,
38.26460000000024,,,0.0,,,
38.271800000000255,,,,0.0,,
38.29340000000024,,0.0,,,,
38.300000000000274,,,,,0.0,0.0
38.35773000000031,0.0,,,,,
38.364600000000245,,,0.0,,,
38.371800000000256,,,,0.0,,
38.39340000000024,,0.0,,,,
38.400000000000276,,,,,0.0,0.0
38.45773000000031,0.0,,,,,
38.464600000000246,,,0.0,,,
38.47180000000026,,,,0.0,,
38.49340000000024,,0.0,,,,
38.50000000000028,,,,,0.0,0.0
38.55773000000031,0.0,,,,,
38.56460000000025,,,0.0,,,
38.57180000000026,,,,0.0,,
38.593400000000244,,0.0,,,,
38.60000000000028,,,,,0.0,0.0
38.65773000000031,0.0,,,,,
38.66460000000025,,,0.0,,,
38.67180000000026,,,,0.0,,
38.693400000000246,,0.0,,,,
38.70000000000028,,,,,0.0,0.0
38.757730000000315,0.0,,,,,
38.76460000000025,,,0.0,,,
38.77180000000026,,,,0.0,,
38.79340000000025,,0.0,,,,
38.80000000000028,,,,,0.0,0.0
38.857730000000316,0.0,,,,,
38.86460000000025,,,0.0,,,
38.87180000000026,,,,0.0,,
38.89340000000025,,0.0,,,,
38.90000000000028,,,,,0.0,0.0
38.95773000000032,0.0,,,,,
38.96460000000025,,,0.0,,,
38.971800000000265,,,,0.0,,
38.99340000000025,,0.0,,,,
39.000000000000284,,,,,0.0,0.0
39.05773000000032,0.0,,,,,
39.064600000000254,,,0.0,,,
39.071800000000266,,,,0.0,,
39.09340000000025,,0.0,,,,
39.100000000000286,,,,,0.0,0.0
39.15773000000032,0.0,,,,,
39.164600000000256,,,0.0,,,
39.17180000000027,,,,0.0,,
39.19340000000025,,0.0,,,,
39.20000000000029,,,,,0.0,0.0
39.25773000000032,0.0,,,,,
39.26460000000026,,,0.0,,,
39.27180000000027,,,,0.0,,
39.293400000000254,,0.0,,,,
39.30000000000029,,,,,0.0,0.0
39.35773000000032,0.0,,,,,
39.36460000000026,,,0.0,,,
39.37180000000027,,,,0.0,,
39.393400000000256,,0.0,,,,
39.40000000000029,,,,,0.0,0.0
39.457730000000325,0.0,,,,,
39.46460000000026,,,0.0,,,
39.47180000000027,,,,0.0,,
39.49340000000026,,0.0,,,,
39.50000000000029,,,,,0.0,0.0
39.557730000000326,0.0,,,,,
39.56460000000026,,,0.0,,,
39.57180000000027,,,,0.0,,
39.59340000000026,,0.0,,,,
39.60000000000029,,,,,0.0,0.0
39.65773000000033,0.0,,,,,
39.66460000000026,,,0.0,,,
39.671800000000275,,,,0.0,,
39.69340000000026,,0.0,,,,
39.700000000000294,,,,,0.0,0.0
39.75773000000033,0.0,,,,,
39.764600000000264,,,0.0,,,
39.771800000000276,,,,0.0,,
39.79340000000026,,0.0,,,,
39.800000000000296,,,,,0.0,0.0
39.85773000000033,0.0,,,,,
39.864600000000266,,,0.0,,,
39.87180000000028,,,,0.0,,
39.89340000000026,,0.0,,,,
39.9000000000003,,,,,0.0,0.0
39.95773000000033,0.0,,,,,
39.96460000000027,,,0.0,,,
39.97180000000028,,,,0.0,,
39.993400000000264,,0.0,,,,
40.0000000000003,,,,,0.0,0.0
40.05773000000033,0.0,,,,,
40.06460000000027,,,0.0,,,
40.07180000000028,,,,0.0,,
40.093400000000265,,0.0,,,,
40.1000000000003,,,,,0.0,0.0
40.157730000000335,0.0,,,,,
40.16460000000027,,,0.0,,,
40.17180000000028,,,,0.0,,
40.19340000000027,,0.0,,,,
40.2000000000003,,,,,0.0,0.0
40.257730000000336,0.0,,,,,
40.26460000000027,,,0.0,,,
40.27180000000028,,,,0.0,,
40.29340000000027,,0.0,,,,
40.3000000000003,,,,,0.0,0.0
40.35773000000034,0.0,,,,,
40.36460000000027,,,0.0,,,
40.371800000000285,,,,0.0,,
40.39340000000027,,0.0,,,,
40.400000000000304,,,,,0.0,0.0
40.45773000000034,0.0,,,,,
40.464600000000274,,,0.0,,,
40.471800000000286,,,,0.0,,
40.49340000000027,,0.0,,,,
40.500000000000306,,,,,0.0,0.0
40.55773000000034,0.0,,,,,
40.564600000000276,,,0.0,,,
40.57180000000029,,,,0.0,,
40.59340000000027,,0.0,,,,
40.60000000000031,,,,,0.0,0.0
40.65773000000034,0.0,,,,,
40.66460000000028,,,0.0,,,
40.67180000000029,,,,0.0,,
40.693400000000274,,0.0,,,,
40.70000000000031,,,,,0.0,0.0
40.75773000000034,0.0,,,,,
40.76460000000028,,,0.0,,,
40.77180000000029,,,,0.0,,
40.793400000000275,,0.0,,,,
40.80000000000031,,,,,0.0,0.0
40.857730000000345,0.0,,,,,
40.86460000000028,,,0.0,,,
40.87180000000029,,,,0.0,,
40.89340000000028,,0.0,,,,
40.90000000000031,,,,,0.0,0.0
40.957730000000346,0.0,,,,,
40.96460000000028,,,0.0,,,
40.97180000000029,,,,0.0,,
40.99340000000028,,0.0,,,,
41.00000000000031,,,,,0.0,0.0
41.05773000000035,0.0,,,,,
41.06460000000028,,,0.0,,,
41.071800000000295,,,,0.0,,
41.09340000000028,,0.0,,,,
41.100000000000314,,,,,0.0,0.0
41.15773000000035,0.0,,,,,
41.164600000000284,,,0.0,,,
41.171800000000296,,,,0.0,,
41.19340000000028,,0.0,,,,
41.200000000000315,,,,,0.0,0.0
41.25773000000035,0.0,,,,,
41.264600000000286,,,0.0,,,
41.2718000000003,,,,0.0,,
41.29340000000028,,0.0,,,,
41.30000000000032,,,,,0.0,0.0
41.35773000000035,0.0,,,,,
41.36460000000029,,,0.0,,,
41.3718000000003,,,,0.0,,
41.393400000000284,,0.0,,,,
41.40000000000032,,,,,0.0,0.0
41.45773000000035,0.0,,,,,
41.46460000000029,,,0.0,,,
41.4718000000003,,,,0.0,,
41.493400000000285,,0.0,,,,
41.50000000000032,,,,,0.0,0.0
41.557730000000355,0.0,,,,,
41.56460000000029,,,0.0,,,
41.5718000000003,,,,0.0,,
41.59340000000029,,0.0,,,,
41.60000000000032,,,,,0.0,0.0
41.657730000000356,0.0,,,,,
41.66460000000029,,,0.0,,,
41.6718000000003,,,,0.0,,
41.69340000000029,,0.0,,,,
41.70000000000032,,,,,0.0,0.0
41.75773000000036,0.0,,,,,
41.76460000000029,,,0.0,,,
41.771800000000304,,,,0.0,,
41.79340000000029,,0.0,,,,
41.800000000000324,,,,,0.0,0.0
41.85773000000036,0.0,,,,,
41.864600000000294,,,0.0,,,
41.871800000000306,,,,0.0,,
41.89340000000029,,0.0,,,,
41.900000000000325,,,,,0.0,0.0
41.95773000000036,0.0,,,,,
41.964600000000296,,,0.0,,,
41.97180000000031,,,,0.0,,
41.99340000000029,,0.0,,,,
42.00000000000033,,,,,0.0,0.0
42.05773000000036,0.0,,,,,
42.0646000000003,,,0.0,,,
42.07180000000031,,,,0.0,,
42.093400000000294,,0.0,,,,
42.10000000000033,,,,,0.0,0.0
42.15773000000036,0.0,,,,,
42.1646000000003,,,0.0,,,
42.17180000000031,,,,0.0,,
42.193400000000295,,0.0,,,,
42.20000000000033,,,,,0.0,0.0
42.257730000000365,0.0,,,,,
42.2646000000003,,,0.0,,,
42.27180000000031,,,,0.0,,
42.2934000000003,,0.0,,,,
42.30000000000033,,,,,0.0,0.0
42.357730000000366,0.0,,,,,
42.3646000000003,,,0.0,,,
42.37180000000031,,,,0.0,,
42.3934000000003,,0.0,,,,
42.40000000000033,,,,,0.0,0.0
42.45773000000037,0.0,,,,,
42.4646000000003,,,0.0,,,
42.471800000000314,,,,0.0,,
42.4934000000003,,0.0,,,,
42.500000000000334,,,,,0.0,0.0
42.55773000000037,0.0,,,,,
42.564600000000304,,,0.0,,,
42.571800000000316,,,,0.0,,
42.5934000000003,,0.0,,,,
42.600000000000335,,,,,0.0,0.0
42.65773000000037,0.0,,,,,
42.664600000000306,,,0.0,,,
42.67180000000032,,,,0.0,,
42.6934000000003,,0.0,,,,
42.70000000000034,,,,,0.0,0.0
42.75773000000037,0.0,,,,,
42.76460000000031,,,0.0,,,
42.77180000000032,,,,0.0,,
42.793400000000304,,0.0,,,,
42.80000000000034,,,,,0.0,0.0
42.85773000000037,0.0,,,,,
42.86460000000031,,,0.0,,,
42.87180000000032,,,,0.0,,
42.893400000000305,,0.0,,,,
42.90000000000034,,,,,0.0,0.0
42.957730000000375,0.0,,,,,
42.96460000000031,,,0.0,,,
42.97180000000032,,,,0.0,,
42.99340000000031,,0.0,,,,
43.00000000000034,,,,,0.0,0.0
43.057730000000376,0.0,,,,,
43.06460000000031,,,0.0,,,
43.07180000000032,,,,0.0,,
43.09340000000031,,0.0,,,,
43.10000000000034,,,,,0.0,0.0
43.15773000000038,0.0,,,,,
43.16460000000031,,,0.0,,,
43.171800000000324,,,,0.0,,
43.19340000000031,,0.0,,,,
43.200000000000344,,,,,0.0,0.0
43.25773000000038,0.0,,,,,
43.264600000000314,,,0.0,,,
43.271800000000326,,,,0.0,,
43.29340000000031,,0.0,,,,
43.300000000000345,,,,,0.0,0.0
43.35773000000038,0.0,,,,,
43.364600000000316,,,0.0,,,
43.37180000000033,,,,0.0,,
43.39340000000031,,0.0,,,,
43.40000000000035,,,,,0.0,0.0
43.45773000000038,0.0,,,,,
43.46460000000032,,,0.0,,,
43.47180000000033,,,,0.0,,
43.493400000000314,,0.0,,,,
43.50000000000035,,,,,0.0,0.0
43.55773000000038,0.0,,,,,
43.56460000000032,,,0.0,,,
43.57180000000033,,,,0.0,,
43.593400000000315,,0.0,,,,
43.60000000000035,,,,,0.0,0.0
43.657730000000385,0.0,,,,,
43.66460000000032,,,0.0,,,
43.67180000000033,,,,0.0,,
43.69340000000032,,0.0,,,,
43.70000000000035,,,,,0.0,0.0
43.757730000000386,0.0,,,,,
43.76460000000032,,,0.0,,,
43.77180000000033,,,,0.0,,
43.79340000000032,,0.0,,,,
43.80000000000035,,,,,0.0,0.0
43.85773000000039,0.0,,,,,
43.86460000000032,,,0.0,,,
43.871800000000334,,,,0.0,,
43.89340000000032,,0.0,,,,
43.900000000000354,,,,,0.0,0.0
43.95773000000039,0.0,,,,,
43.964600000000324,,,0.0,,,
43.971800000000336,,,,0.0,,
43.99340000000032,,0.0,,,,
44.000000000000355,,,,,0.0,0.0
44.05773000000039,0.0,,,,,
44.064600000000326,,,0.0,,,
44.07180000000034,,,,0.0,,
44.09340000000032,,0.0,,,,
44.10000000000036,,,,,0.0,0.0
44.15773000000039,0.0,,,,,
44.16460000000033,,,0.0,,,
44.17180000000034,,,,0.0,,
44.193400000000324,,0.0,,,,
44.20000000000036,,,,,0.0,0.0
44.25773000000039,0.0,,,,,
44.26460000000033,,,0.0,,,
44.27180000000034,,,,0.0,,
44.293400000000325,,0.0,,,,
44.30000000000036,,,,,0.0,0.0
44.357730000000394,0.0,,,,,
44.36460000000033,,,0.0,,,
44.37180000000034,,,,0.0,,
44.39340000000033,,0.0,,,,
44.40000000000036,,,,,0.0,0.0
44.457730000000396,0.0,,,,,
44.46460000000033,,,0.0,,,
44.47180000000034,,,,0.0,,
44.49340000000033,,0.0,,,,
44.50000000000036,,,,,0.0,0.0
44.5577300000004,0.0,,,,,
44.56460000000033,,,0.0,,,
44.571800000000344,,,,0.0,,
44.59340000000033,,0.0,,,,
44.600000000000364,,,,,0.0,0.0
44.6577300000004,0.0,,,,,
44.664600000000334,,,0.0,,,
44.671800000000346,,,,0.0,,
44.69340000000033,,0.0,,,,
44.700000000000365,,,,,0.0,0.0
44.7577300000004,0.0,,,,,
44.764600000000335,,,0.0,,,
44.77180000000035,,,,0.0,,
44.79340000000033,,0.0,,,,
44.80000000000037,,,,,0.0,0.0
44.8577300000004,0.0,,,,,
44.86460000000034,,,0.0,,,
44.87180000000035,,,,0.0,,
44.893400000000334,,0.0,,,,
44.90000000000037,,,,,0.0,0.0
44.9577300000004,0.0,,,,,
44.96460000000034,,,0.0,,,
44.97180000000035,,,,0.0,,
44.993400000000335,,0.0,,,,
45.00000000000037,,,,,0.0,0.0
45.057730000000404,0.0,,,,,
45.06460000000034,,,0.0,,,
45.07180000000035,,,,0.0,,
45.09340000000034,,0.0,,,,
45.10000000000037,,,,,0.0,0.0
45.157730000000406,0.0,,,,,
45.16460000000034,,,0.0,,,
45.17180000000035,,,,0.0,,
45.19340000000034,,0.0,,,,
45.20000000000037,,,,,0.0,0.0
45.25773000000041,0.0,,,,,
45.26460000000034,,,0.0,,,
45.271800000000354,,,,0.0,,
45.29340000000034,,0.0,,,,
45.300000000000374,,,,,0.0,0.0
45.35773000000041,0.0,,,,,
45.364600000000344,,,0.0,,,
45.371800000000356,,,,0.0,,
45.39340000000034,,0.0,,,,
45.400000000000375,,,,,0.0,0.0
45.45773000000041,0.0,,,,,
45.464600000000345,,,0.0,,,
45.47180000000036,,,,0.0,,
45.49340000000034,,0.0,,,,
45.50000000000038,,,,,0.0,0.0
45.55773000000041,0.0,,,,,
45.56460000000035,,,0.0,,,
45.57180000000036,,,,0.0,,
45.593400000000344,,0.0,,,,
45.60000000000038,,,,,0.0,0.0
45.65773000000041,0.0,,,,,
45.66460000000035,,,0.0,,,
45.67180000000036,,,,0.0,,
45.693400000000345,,0.0,,,,
45.70000000000038,,,,,0.0,0.0
45.757730000000414,0.0,,,,,
45.76460000000035,,,0.0,,,
45.77180000000036,,,,0.0,,
45.79340000000035,,0.0,,,,
45.80000000000038,,,,,0.0,0.0
45.857730000000416,0.0,,,,,
45.86460000000035,,,0.0,,,
45.87180000000036,,,,0.0,,
45.89340000000035,,0.0,,,,
45.90000000000038,,,,,0.0,0.0
45.95773000000042,0.0,,,,,
45.96460000000035,,,0.0,,,
45.971800000000364,,,,0.0,,
45.99340000000035,,0.0,,,,
46.000000000000384,,,,,0.0,0.0
46.05773000000042,0.0,,,,,
46.064600000000354,,,0.0,,,
46.071800000000366,,,,0.0,,
46.09340000000035,,0.0,,,,
46.100000000000385,,,,,0.0,0.0
46.15773000000042,0.0,,,,,
46.164600000000355,,,0.0,,,
46.17180000000037,,,,0.0,,
46.19340000000035,,0.0,,,,
46.20000000000039,,,,,0.0,0.0
46.25773000000042,0.0,,,,,
46.26460000000036,,,0.0,,,
46.27180000000037,,,,0.0,,
46.293400000000354,,0.0,,,,
46.30000000000039,,,,,0.0,0.0
46.35773000000042,0.0,,,,,
46.36460000000036,,,0.0,,,
46.37180000000037,,,,0.0,,
46.393400000000355,,0.0,,,,
46.40000000000039,,,,,0.0,0.0
46.457730000000424,0.0,,,,,
46.46460000000036,,,0.0,,,
46.47180000000037,,,,0.0,,
46.493400000000356,,0.0,,,,
46.50000000000039,,,,,0.0,0.0
46.557730000000426,0.0,,,,,
46.56460000000036,,,0.0,,,
46.57180000000037,,,,0.0,,
46.59340000000036,,0.0,,,,
46.60000000000039,,,,,0.0,0.0
46.65773000000043,0.0,,,,,
46.66460000000036,,,0.0,,,
46.671800000000374,,,,0.0,,
46.69340000000036,,0.0,,,,
46.700000000000394,,,,,0.0,0.0
46.75773000000043,0.0,,,,,
46.764600000000364,,,0.0,,,
46.771800000000376,,,,0.0,,
46.79340000000036,,0.0,,,,
46.800000000000395,,,,,0.0,0.0
46.85773000000043,0.0,,,,,
46.864600000000365,,,0.0,,,
46.87180000000038,,,,0.0,,
46.89340000000036,,0.0,,,,
46.9000000000004,,,,,0.0,0.0
46.95773000000043,0.0,,,,,
46.96460000000037,,,0.0,,,
46.97180000000038,,,,0.0,,
46.99340000000036,,0.0,,,,
47.0000000000004,,,,,0.0,0.0
47.05773000000043,0.0,,,,,
47.06460000000037,,,0.0,,,
47.07180000000038,,,,0.0,,
47.093400000000365,,0.0,,,,
47.1000000000004,,,,,0.0,0.0
47.157730000000434,0.0,,,,,
47.16460000000037,,,0.0,,,
47.17180000000038,,,,0.0,,
47.193400000000366,,0.0,,,,
47.2000000000004,,,,,0.0,0.0
47.257730000000436,0.0,,,,,
47.26460000000037,,,0.0,,,
47.27180000000038,,,,0.0,,
47.29340000000037,,0.0,,,,
47.3000000000004,,,,,0.0,0.0
47.35773000000044,0.0,,,,,
47.36460000000037,,,0.0,,,
47.371800000000384,,,,0.0,,
47.39340000000037,,0.0,,,,
47.400000000000404,,,,,0.0,0.0
47.45773000000044,0.0,,,,,
47.464600000000374,,,0.0,,,
47.471800000000385,,,,0.0,,
47.49340000000037,,0.0,,,,
47.500000000000405,,,,,0.0,0.0
47.55773000000044,0.0,,,,,
47.564600000000375,,,0.0,,,
47.57180000000039,,,,0.0,,
47.59340000000037,,0.0,,,,
47.600000000000406,,,,,0.0,0.0
47.65773000000044,0.0,,,,,
47.66460000000038,,,0.0,,,
47.67180000000039,,,,0.0,,
47.69340000000037,,0.0,,,,
47.70000000000041,,,,,0.0,0.0
47.75773000000044,0.0,,,,,
47.76460000000038,,,0.0,,,
47.77180000000039,,,,0.0,,
47.793400000000375,,0.0,,,,
47.80000000000041,,,,,0.0,0.0
47.857730000000444,0.0,,,,,
47.86460000000038,,,0.0,,,
47.87180000000039,,,,0.0,,
47.893400000000376,,0.0,,,,
47.90000000000041,,,,,0.0,0.0
47.957730000000446,0.0,,,,,
47.96460000000038,,,0.0,,,
47.97180000000039,,,,0.0,,
47.99340000000038,,0.0,,,,
48.00000000000041,,,,,0.0,0.0
48.05773000000045,0.0,,,,,
48.06460000000038,,,0.0,,,
48.071800000000394,,,,0.0,,
48.09340000000038,,0.0,,,,
48.10000000000041,,,,,0.0,0.0
48.15773000000045,0.0,,,,,
48.164600000000384,,,0.0,,,
48.171800000000395,,,,0.0,,
48.19340000000038,,0.0,,,,
48.200000000000415,,,,,0.0,0.0
48.25773000000045,0.0,,,,,
48.264600000000385,,,0.0,,,
48.2718000000004,,,,0.0,,
48.29340000000038,,0.0,,,,
48.300000000000416,,,,,0.0,0.0
48.35773000000045,0.0,,,,,
48.36460000000039,,,0.0,,,
48.3718000000004,,,,0.0,,
48.39340000000038,,0.0,,,,
48.40000000000042,,,,,0.0,0.0
48.45773000000045,0.0,,,,,
48.46460000000039,,,0.0,,,
48.4718000000004,,,,0.0,,
48.493400000000385,,0.0,,,,
48.50000000000042,,,,,0.0,0.0
48.557730000000454,0.0,,,,,
48.56460000000039,,,0.0,,,
48.5718000000004,,,,0.0,,
48.593400000000386,,0.0,,,,
48.60000000000042,,,,,0.0,0.0
48.657730000000456,0.0,,,,,
48.66460000000039,,,0.0,,,
48.6718000000004,,,,0.0,,
48.69340000000039,,0.0,,,,
48.70000000000042,,,,,0.0,0.0
48.75773000000046,0.0,,,,,
48.76460000000039,,,0.0,,,
48.771800000000404,,,,0.0,,
48.79340000000039,,0.0,,,,
48.80000000000042,,,,,0.0,0.0
48.85773000000046,0.0,,,,,
48.864600000000394,,,0.0,,,
48.871800000000405,,,,0.0,,
48.89340000000039,,0.0,,,,
48.900000000000425,,,,,0.0,0.0
48.95773000000046,0.0,,,,,
48.964600000000395,,,0.0,,,
48.97180000000041,,,,0.0,,
48.99340000000039,,0.0,,,,
49.000000000000426,,,,,0.0,0.0
49.05773000000046,0.0,,,,,
49.0646000000004,,,0.0,,,
49.07180000000041,,,,0.0,,
49.09340000000039,,0.0,,,,
49.10000000000043,,,,,0.0,0.0
49.15773000000046,0.0,,,,,
49.1646000000004,,,0.0,,,
49.17180000000041,,,,0.0,,
49.193400000000395,,0.0,,,,
49.20000000000043,,,,,0.0,0.0
49.257730000000464,0.0,,,,,
49.2646000000004,,,0.0,,,
49.27180000000041,,,,0.0,,
49.293400000000396,,0.0,,,,
49.30000000000043,,,,,0.0,0.0
49.357730000000466,0.0,,,,,
49.3646000000004,,,0.0,,,
49.37180000000041,,,,0.0,,
49.3934000000004,,0.0,,,,
49.40000000000043,,,,,0.0,0.0
49.45773000000047,0.0,,,,,
49.4646000000004,,,0.0,,,
49.471800000000414,,,,0.0,,
49.4934000000004,,0.0,,,,
49.50000000000043,,,,,0.0,0.0
49.55773000000047,0.0,,,,,
49.564600000000404,,,0.0,,,
49.571800000000415,,,,0.0,,
49.5934000000004,,0.0,,,,
49.600000000000435,,,,,0.0,0.0
49.65773000000047,0.0,,,,,
49.664600000000405,,,0.0,,,
49.67180000000042,,,,0.0,,
49.6934000000004,,0.0,,,,
49.700000000000436,,,,,0.0,0.0
49.75773000000047,0.0,,,,,
49.76460000000041,,,0.0,,,
49.77180000000042,,,,0.0,,
49.7934000000004,,0.0,,,,
49.80000000000044,,,,,0.0,0.0
49.85773000000047,0.0,,,,,
49.86460000000041,,,0.0,,,
49.87180000000042,,,,0.0,,
49.893400000000405,,0.0,,,,
49.90000000000044,,,,,0.0,0.0
49.957730000000474,0.0,,,,,
49.96460000000041,,,0.0,,,
49.97180000000042,,,,0.0,,
49.993400000000406,,0.0,,,,
50.00000000000044,,,,,0.0,0.0
50.057730000000475,0.0,,,,,
50.06460000000041,,,0.0,,,
50.07180000000042,,,,0.0,,
50.09340000000041,,0.0,,,,
50.10000000000044,,,,,0.0,0.0
50.15773000000048,0.0,,,,,
50.16460000000041,,,0.0,,,
50.171800000000424,,,,0.0,,
50.19340000000041,,0.0,,,,
50.20000000000044,,,,,0.0,0.0
50.25773000000048,0.0,,,,,
50.264600000000414,,,0.0,,,
50.271800000000425,,,,0.0,,
50.29340000000041,,0.0,,,,
50.300000000000445,,,,,0.0,0.0
50.35773000000048,0.0,,,,,
50.364600000000415,,,0.0,,,
50.37180000000043,,,,0.0,,
50.39340000000041,,0.0,,,,
50.400000000000446,,,,,0.0,0.0
50.45773000000048,0.0,,,,,
50.46460000000042,,,0.0,,,
50.47180000000043,,,,0.0,,
50.49340000000041,,0.0,,,,
50.50000000000045,,,,,0.0,0.0
50.55773000000048,0.0,,,,,
50.56460000000042,,,0.0,,,
50.57180000000043,,,,0.0,,
50.593400000000415,,0.0,,,,
50.60000000000045,,,,,0.0,0.0
50.657730000000484,0.0,,,,,
50.66460000000042,,,0.0,,,
50.67180000000043,,,,0.0,,
50.693400000000416,,0.0,,,,
50.70000000000045,,,,,0.0,0.0
50.757730000000485,0.0,,,,,
50.76460000000042,,,0.0,,,
50.77180000000043,,,,0.0,,
50.79340000000042,,0.0,,,,
50.80000000000045,,,,,0.0,0.0
50.85773000000049,0.0,,,,,
50.86460000000042,,,0.0,,,
50.871800000000434,,,,0.0,,
50.89340000000042,,0.0,,,,
50.90000000000045,,,,,0.0,0.0
50.95773000000049,0.0,,,,,
50.964600000000424,,,0.0,,,
50.971800000000435,,,,0.0,,
50.99340000000042,,0.0,,,,
51.000000000000455,,,,,0.0,0.0
51.05773000000049,0.0,,,,,
51.064600000000425,,,0.0,,,
51.07180000000044,,,,0.0,,
51.09340000000042,,0.0,,,,
51.100000000000456,,,,,0.0,0.0
51.15773000000049,0.0,,,,,
51.164600000000426,,,0.0,,,
51.17180000000044,,,,0.0,,
51.19340000000042,,0.0,,,,
51.20000000000046,,,,,0.0,0.0
51.25773000000049,0.0,,,,,
51.26460000000043,,,0.0,,,
51.27180000000044,,,,0.0,,
51.293400000000425,,0.0,,,,
51.30000000000046,,,,,0.0,0.0
51.357730000000494,0.0,,,,,
51.36460000000043,,,0.0,,,
51.37180000000044,,,,0.0,,
51.393400000000426,,0.0,,,,
51.40000000000046,,,,,0.0,0.0
51.457730000000495,0.0,,,,,
51.46460000000043,,,0.0,,,
51.47180000000044,,,,0.0,,
51.49340000000043,,0.0,,,,
51.50000000000046,,,,,0.0,0.0
51.5577300000005,0.0,,,,,
51.56460000000043,,,0.0,,,
51.571800000000444,,,,0.0,,
51.59340000000043,,0.0,,,,
51.60000000000046,,,,,0.0,0.0
51.6577300000005,0.0,,,,,
51.66460000000043,,,0.0,,,
51.671800000000445,,,,0.0,,
51.69340000000043,,0.0,,,,
51.700000000000465,,,,,0.0,0.0
51.7577300000005,0.0,,,,,
51.764600000000435,,,0.0,,,
51.77180000000045,,,,0.0,,
51.79340000000043,,0.0,,,,
51.800000000000466,,,,,0.0,0.0
51.8577300000005,0.0,,,,,
51.864600000000436,,,0.0,,,
51.87180000000045,,,,0.0,,
51.89340000000043,,0.0,,,,
51.90000000000047,,,,,0.0,0.0
51.9577300000005,0.0,,,,,
51.96460000000044,,,0.0,,,
51.97180000000045,,,,0.0,,
51.993400000000435,,0.0,,,,
52.00000000000047,,,,,0.0,0.0
52.057730000000504,0.0,,,,,
52.06460000000044,,,0.0,,,
52.07180000000045,,,,0.0,,
52.093400000000436,,0.0,,,,
52.10000000000047,,,,,0.0,0.0
52.157730000000505,0.0,,,,,
52.16460000000044,,,0.0,,,
52.17180000000045,,,,0.0,,
52.19340000000044,,0.0,,,,
52.20000000000047,,,,,0.0,0.0
52.25773000000051,0.0,,,,,
52.26460000000044,,,0.0,,,
52.271800000000454,,,,0.0,,
52.29340000000044,,0.0,,,,
52.30000000000047,,,,,0.0,0.0
52.35773000000051,0.0,,,,,
52.36460000000044,,,0.0,,,
52.371800000000455,,,,0.0,,
52.39340000000044,,0.0,,,,
52.400000000000475,,,,,0.0,0.0
52.45773000000051,0.0,,,,,
52.464600000000445,,,0.0,,,
52.47180000000046,,,,0.0,,
52.49340000000044,,0.0,,,,
52.500000000000476,,,,,0.0,0.0
52.55773000000051,0.0,,,,,
52.564600000000446,,,0.0,,,
52.57180000000046,,,,0.0,,
52.59340000000044,,0.0,,,,
52.60000000000048,,,,,0.0,0.0
52.65773000000051,0.0,,,,,
52.66460000000045,,,0.0,,,
52.67180000000046,,,,0.0,,
52.693400000000445,,0.0,,,,
52.70000000000048,,,,,0.0,0.0
52.757730000000514,0.0,,,,,
52.76460000000045,,,0.0,,,
52.77180000000046,,,,0.0,,
52.793400000000446,,0.0,,,,
52.80000000000048,,,,,0.0,0.0
52.857730000000515,0.0,,,,,
52.86460000000045,,,0.0,,,
52.87180000000046,,,,0.0,,
52.89340000000045,,0.0,,,,
52.90000000000048,,,,,0.0,0.0
52.95773000000052,0.0,,,,,
52.96460000000045,,,0.0,,,
52.971800000000464,,,,0.0,,
52.99340000000045,,0.0,,,,
53.00000000000048,,,,,0.0,0.0
53.05773000000052,0.0,,,,,
53.06460000000045,,,0.0,,,
53.071800000000465,,,,0.0,,
53.09340000000045,,0.0,,,,
53.100000000000485,,,,,0.0,0.0
53.15773000000052,0.0,,,,,
53.164600000000455,,,0.0,,,
53.17180000000047,,,,0.0,,
53.19340000000045,,0.0,,,,
53.200000000000486,,,,,0.0,0.0
53.25773000000052,0.0,,,,,
53.264600000000456,,,0.0,,,
53.27180000000047,,,,0.0,,
53.29340000000045,,0.0,,,,
53.30000000000049,,,,,0.0,0.0
53.35773000000052,0.0,,,,,
53.36460000000046,,,0.0,,,
53.37180000000047,,,,0.0,,
53.393400000000454,,0.0,,,,
53.40000000000049,,,,,0.0,0.0
53.457730000000524,0.0,,,,,
53.46460000000046,,,0.0,,,
53.47180000000047,,,,0.0,,
53.493400000000456,,0.0,,,,
53.50000000000049,,,,,0.0,0.0
53.557730000000525,0.0,,,,,
53.56460000000046,,,0.0,,,
53.57180000000047,,,,0.0,,
53.59340000000046,,0.0,,,,
53.60000000000049,,,,,0.0,0.0
53.65773000000053,0.0,,,,,
53.66460000000046,,,0.0,,,
53.671800000000474,,,,0.0,,
53.69340000000046,,0.0,,,,
53.70000000000049,,,,,0.0,0.0
53.75773000000053,0.0,,,,,
53.76460000000046,,,0.0,,,
53.771800000000475,,,,0.0,,
53.79340000000046,,0.0,,,,
53.800000000000495,,,,,0.0,0.0
53.85773000000053,0.0,,,,,
53.864600000000465,,,0.0,,,
53.871800000000476,,,,0.0,,
53.89340000000046,,0.0,,,,
53.900000000000496,,,,,0.0,0.0
53.95773000000053,0.0,,,,,
53.964600000000466,,,0.0,,,
53.97180000000048,,,,0.0,,
53.99340000000046,,0.0,,,,
54.0000000000005,,,,,0.0,0.0
54.05773000000053,0.0,,,,,
54.06460000000047,,,0.0,,,
54.07180000000048,,,,0.0,,
54.093400000000464,,0.0,,,,
54.1000000000005,,,,,0.0,0.0
54.157730000000534,0.0,,,,,
54.16460000000047,,,0.0,,,
54.17180000000048,,,,0.0,,
54.193400000000466,,0.0,,,,
54.2000000000005,,,,,0.0,0.0
54.257730000000535,0.0,,,,,
54.26460000000047,,,0.0,,,
54.27180000000048,,,,0.0,,
54.29340000000047,,0.0,,,,
54.3000000000005,,,,,0.0,0.0
54.35773000000054,0.0,,,,,
54.36460000000047,,,0.0,,,
54.37180000000048,,,,0.0,,
54.39340000000047,,0.0,,,,
54.4000000000005,,,,,0.0,0.0
54.45773000000054,0.0,,,,,
54.46460000000047,,,0.0,,,
54.471800000000485,,,,0.0,,
54.49340000000047,,0.0,,,,
54.500000000000504,,,,,0.0,0.0
54.55773000000054,0.0,,,,,
54.564600000000475,,,0.0,,,
54.571800000000486,,,,0.0,,
54.59340000000047,,0.0,,,,
54.600000000000506,,,,,0.0,0.0
54.65773000000054,0.0,,,,,
54.664600000000476,,,0.0,,,
54.67180000000049,,,,0.0,,
54.69340000000047,,0.0,,,,
54.70000000000051,,,,,0.0,0.0
54.75773000000054,0.0,,,,,
54.76460000000048,,,0.0,,,
54.77180000000049,,,,0.0,,
54.793400000000474,,0.0,,,,
54.80000000000051,,,,,0.0,0.0
54.857730000000544,0.0,,,,,
54.86460000000048,,,0.0,,,
54.87180000000049,,,,0.0,,
54.893400000000476,,0.0,,,,
54.90000000000051,,,,,0.0,0.0
54.957730000000545,0.0,,,,,
54.96460000000048,,,0.0,,,
54.97180000000049,,,,0.0,,
54.99340000000048,,0.0,,,,
55.00000000000051,,,,,0.0,0.0
55.05773000000055,0.0,,,,,
55.06460000000048,,,0.0,,,
55.07180000000049,,,,0.0,,
55.09340000000048,,0.0,,,,
55.10000000000051,,,,,0.0,0.0
55.15773000000055,0.0,,,,,
55.16460000000048,,,0.0,,,
55.171800000000495,,,,0.0,,
55.19340000000048,,0.0,,,,
55.200000000000514,,,,,0.0,0.0
55.25773000000055,0.0,,,,,
55.264600000000485,,,0.0,,,
55.271800000000496,,,,0.0,,
55.29340000000048,,0.0,,,,
55.300000000000516,,,,,0.0,0.0
55.35773000000055,0.0,,,,,
55.364600000000486,,,0.0,,,
55.3718000000005,,,,0.0,,
55.39340000000048,,0.0,,,,
55.40000000000052,,,,,0.0,0.0
55.45773000000055,0.0,,,,,
55.46460000000049,,,0.0,,,
55.4718000000005,,,,0.0,,
55.493400000000484,,0.0,,,,
55.50000000000052,,,,,0.0,0.0
55.557730000000554,0.0,,,,,
55.56460000000049,,,0.0,,,
55.5718000000005,,,,0.0,,
55.593400000000486,,0.0,,,,
55.60000000000052,,,,,0.0,0.0
55.657730000000555,0.0,,,,,
55.66460000000049,,,0.0,,,
55.6718000000005,,,,0.0,,
55.69340000000049,,0.0,,,,
55.70000000000052,,,,,0.0,0.0
55.75773000000056,0.0,,,,,
55.76460000000049,,,0.0,,,
55.7718000000005,,,,0.0,,
55.79340000000049,,0.0,,,,
55.80000000000052,,,,,0.0,0.0
55.85773000000056,0.0,,,,,
55.86460000000049,,,0.0,,,
55.871800000000505,,,,0.0,,
55.89340000000049,,0.0,,,,
55.900000000000524,,,,,0.0,0.0
55.95773000000056,0.0,,,,,
55.964600000000495,,,0.0,,,
55.971800000000506,,,,0.0,,
55.99340000000049,,0.0,,,,
56.000000000000526,,,,,0.0,0.0
56.05773000000056,0.0,,,,,
56.064600000000496,,,0.0,,,
56.07180000000051,,,,0.0,,
56.09340000000049,,0.0,,,,
56.10000000000053,,,,,0.0,0.0
56.15773000000056,0.0,,,,,
56.1646000000005,,,0.0,,,
56.17180000000051,,,,0.0,,
56.193400000000494,,0.0,,,,
56.20000000000053,,,,,0.0,0.0
56.257730000000564,0.0,,,,,
56.2646000000005,,,0.0,,,
56.27180000000051,,,,0.0,,
56.293400000000496,,0.0,,,,
56.30000000000053,,,,,0.0,0.0
56.357730000000565,0.0,,,,,
56.3646000000005,,,0.0,,,
56.37180000000051,,,,0.0,,
56.3934000000005,,0.0,,,,
56.40000000000053,,,,,0.0,0.0
56.457730000000566,0.0,,,,,
56.4646000000005,,,0.0,,,
56.47180000000051,,,,0.0,,
56.4934000000005,,0.0,,,,
56.50000000000053,,,,,0.0,0.0
56.55773000000057,0.0,,,,,
56.5646000000005,,,0.0,,,
56.571800000000515,,,,0.0,,
56.5934000000005,,0.0,,,,
56.600000000000534,,,,,0.0,0.0
56.65773000000057,0.0,,,,,
56.664600000000505,,,0.0,,,
56.671800000000516,,,,0.0,,
56.6934000000005,,0.0,,,,
56.700000000000536,,,,,0.0,0.0
56.75773000000057,0.0,,,,,
56.764600000000506,,,0.0,,,
56.77180000000052,,,,0.0,,
56.7934000000005,,0.0,,,,
56.80000000000054,,,,,0.0,0.0
56.85773000000057,0.0,,,,,
56.86460000000051,,,0.0,,,
56.87180000000052,,,,0.0,,
56.893400000000504,,0.0,,,,
56.90000000000054,,,,,0.0,0.0
56.95773000000057,0.0,,,,,
56.96460000000051,,,0.0,,,
56.97180000000052,,,,0.0,,
56.993400000000506,,0.0,,,,
57.00000000000054,,,,,0.0,0.0
57.057730000000575,0.0,,,,,
57.06460000000051,,,0.0,,,
57.07180000000052,,,,0.0,,
57.09340000000051,,0.0,,,,
57.10000000000054,,,,,0.0,0.0
57.157730000000576,0.0,,,,,
57.16460000000051,,,0.0,,,
57.17180000000052,,,,0.0,,
57.19340000000051,,0.0,,,,
57.20000000000054,,,,,0.0,0.0
57.25773000000058,0.0,,,,,
57.26460000000051,,,0.0,,,
57.271800000000525,,,,0.0,,
57.29340000000051,,0.0,,,,
57.300000000000544,,,,,0.0,0.0
57.35773000000058,0.0,,,,,
57.364600000000515,,,0.0,,,
57.371800000000526,,,,0.0,,
57.39340000000051,,0.0,,,,
57.400000000000546,,,,,0.0,0.0
57.45773000000058,0.0,,,,,
57.464600000000516,,,0.0,,,
57.47180000000053,,,,0.0,,
57.49340000000051,,0.0,,,,
57.50000000000055,,,,,0.0,0.0
57.55773000000058,0.0,,,,,
57.56460000000052,,,0.0,,,
57.57180000000053,,,,0.0,,
57.593400000000514,,0.0,,,,
57.60000000000055,,,,,0.0,0.0
57.65773000000058,0.0,,,,,
57.66460000000052,,,0.0,,,
57.67180000000053,,,,0.0,,
57.693400000000516,,0.0,,,,
57.70000000000055,,,,,0.0,0.0
57.757730000000585,0.0,,,,,
57.76460000000052,,,0.0,,,
57.77180000000053,,,,0.0,,
57.79340000000052,,0.0,,,,
57.80000000000055,,,,,0.0,0.0
57.857730000000586,0.0,,,,,
57.86460000000052,,,0.0,,,
57.87180000000053,,,,0.0,,
57.89340000000052,,0.0,,,,
57.90000000000055,,,,,0.0,0.0
57.95773000000059,0.0,,,,,
57.96460000000052,,,0.0,,,
57.971800000000535,,,,0.0,,
57.99340000000052,,0.0,,,,
58.000000000000554,,,,,0.0,0.0
58.05773000000059,0.0,,,,,
58.064600000000524,,,0.0,,,
58.071800000000536,,,,0.0,,
58.09340000000052,,0.0,,,,
58.100000000000556,,,,,0.0,0.0
58.15773000000059,0.0,,,,,
58.164600000000526,,,0.0,,,
58.17180000000054,,,,0.0,,
58.19340000000052,,0.0,,,,
58.20000000000056,,,,,0.0,0.0
58.25773000000059,0.0,,,,,
58.26460000000053,,,0.0,,,
58.27180000000054,,,,0.0,,
58.293400000000524,,0.0,,,,
58.30000000000056,,,,,0.0,0.0
58.35773000000059,0.0,,,,,
58.36460000000053,,,0.0,,,
58.37180000000054,,,,0.0,,
58.393400000000526,,0.0,,,,
58.40000000000056,,,,,0.0,0.0
58.457730000000595,0.0,,,,,
58.46460000000053,,,0.0,,,
58.47180000000054,,,,0.0,,
58.49340000000053,,0.0,,,,
58.50000000000056,,,,,0.0,0.0
58.557730000000596,0.0,,,,,
58.56460000000053,,,0.0,,,
58.57180000000054,,,,0.0,,
58.59340000000053,,0.0,,,,
58.60000000000056,,,,,0.0,0.0
58.6577300000006,0.0,,,,,
58.66460000000053,,,0.0,,,
58.671800000000545,,,,0.0,,
58.69340000000053,,0.0,,,,
58.700000000000564,,,,,0.0,0.0
58.7577300000006,0.0,,,,,
58.764600000000534,,,0.0,,,
58.771800000000546,,,,0.0,,
58.79340000000053,,0.0,,,,
58.800000000000566,,,,,0.0,0.0
58.8577300000006,0.0,,,,,
58.864600000000536,,,0.0,,,
58.87180000000055,,,,0.0,,
58.89340000000053,,0.0,,,,
58.90000000000057,,,,,0.0,0.0
58.9577300000006,0.0,,,,,
58.96460000000054,,,0.0,,,
58.97180000000055,,,,0.0,,
58.993400000000534,,0.0,,,,
59.00000000000057,,,,,0.0,0.0
59.0577300000006,0.0,,,,,
59.06460000000054,,,0.0,,,
59.07180000000055,,,,0.0,,
59.093400000000535,,0.0,,,,
59.10000000000057,,,,,0.0,0.0
59.157730000000605,0.0,,,,,
59.16460000000054,,,0.0,,,
59.17180000000055,,,,0.0,,
59.19340000000054,,0.0,,,,
59.20000000000057,,,,,0.0,0.0
59.257730000000606,0.0,,,,,
59.26460000000054,,,0.0,,,
59.27180000000055,,,,0.0,,
59.29340000000054,,0.0,,,,
59.30000000000057,,,,,0.0,0.0
59.35773000000061,0.0,,,,,
59.36460000000054,,,0.0,,,
59.371800000000555,,,,0.0,,
59.39340000000054,,0.0,,,,
59.400000000000574,,,,,0.0,0.0
59.45773000000061,0.0,,,,,
59.464600000000544,,,0.0,,,
59.471800000000556,,,,0.0,,
59.49340000000054,,0.0,,,,
59.500000000000576,,,,,0.0,0.0
59.55773000000061,0.0,,,,,
59.564600000000546,,,0.0,,,
59.57180000000056,,,,0.0,,
59.59340000000054,,0.0,,,,
59.60000000000058,,,,,0.0,0.0
59.65773000000061,0.0,,,,,
59.66460000000055,,,0.0,,,
59.67180000000056,,,,0.0,,
59.693400000000544,,0.0,,,,
59.70000000000058,,,,,0.0,0.0
59.75773000000061,0.0,,,,,
59.76460000000055,,,0.0,,,
59.77180000000056,,,,0.0,,
59.793400000000545,,0.0,,,,
59.80000000000058,,,,,0.0,0.0
59.857730000000615,0.0,,,,,
59.86460000000055,,,0.0,,,
59.87180000000056,,,,0.0,,
59.89340000000055,,0.0,,,,
59.90000000000058,,,,,0.0,0.0
59.957730000000616,0.0,,,,,
59.96460000000055,,,0.0,,,
59.97180000000056,,,,0.0,,
59.99340000000055,,0.0,,,,
60.00000000000058,,,,,0.0,0.0
60.05773000000062,0.0,,,,,
60.06460000000055,,,0.0,,,
60.071800000000565,,,,0.0,,
60.09340000000055,,0.0,,,,
60.100000000000584,,,,,0.0,0.0
60.15773000000062,0.0,,,,,
60.164600000000554,,,0.0,,,
60.171800000000566,,,,0.0,,
60.19340000000055,,0.0,,,,
60.200000000000585,,,,,0.0,0.0
60.25773000000062,0.0,,,,,
60.264600000000556,,,0.0,,,
60.27180000000057,,,,0.0,,
60.29340000000055,,0.0,,,,
60.30000000000059,,,,,0.0,0.0
60.35773000000062,0.0,,,,,
60.36460000000056,,,0.0,,,
60.37180000000057,,,,0.0,,
60.393400000000554,,0.0,,,,
60.40000000000059,,,,,0.0,0.0
60.45773000000062,0.0,,,,,
60.46460000000056,,,0.0,,,
60.47180000000057,,,,0.0,,
60.493400000000555,,0.0,,,,
60.50000000000059,,,,,0.0,0.0
60.557730000000625,0.0,,,,,
60.56460000000056,,,0.0,,,
60.57180000000057,,,,0.0,,
60.59340000000056,,0.0,,,,
60.60000000000059,,,,,0.0,0.0
60.657730000000626,0.0,,,,,
60.66460000000056,,,0.0,,,
60.67180000000057,,,,0.0,,
60.69340000000056,,0.0,,,,
60.70000000000059,,,,,0.0,0.0
60.75773000000063,0.0,,,,,
60.76460000000056,,,0.0,,,
60.771800000000574,,,,0.0,,
60.79340000000056,,0.0,,,,
60.800000000000594,,,,,0.0,0.0
60.85773000000063,0.0,,,,,
60.864600000000564,,,0.0,,,
60.871800000000576,,,,0.0,,
60.89340000000056,,0.0,,,,
60.900000000000595,,,,,0.0,0.0
60.95773000000063,0.0,,,,,
60.964600000000566,,,0.0,,,
60.97180000000058,,,,0.0,,
60.99340000000056,,0.0,,,,
61.0000000000006,,,,,0.0,0.0
61.05773000000063,0.0,,,,,
61.06460000000057,,,0.0,,,
61.07180000000058,,,,0.0,,
61.093400000000564,,0.0,,,,
61.1000000000006,,,,,0.0,0.0
61.15773000000063,0.0,,,,,
61.16460000000057,,,0.0,,,
61.17180000000058,,,,0.0,,
61.193400000000565,,0.0,,,,
61.2000000000006,,,,,0.0,0.0
61.257730000000635,0.0,,,,,
61.26460000000057,,,0.0,,,
61.27180000000058,,,,0.0,,
61.29340000000057,,0.0,,,,
61.3000000000006,,,,,0.0,0.0
61.357730000000636,0.0,,,,,
61.36460000000057,,,0.0,,,
61.37180000000058,,,,0.0,,
61.39340000000057,,0.0,,,,
61.4000000000006,,,,,0.0,0.0
61.45773000000064,0.0,,,,,
61.46460000000057,,,0.0,,,
61.471800000000584,,,,0.0,,
61.49340000000057,,0.0,,,,
61.500000000000604,,,,,0.0,0.0
61.55773000000064,0.0,,,,,
61.564600000000574,,,0.0,,,
61.571800000000586,,,,0.0,,
61.59340000000057,,0.0,,,,
61.600000000000605,,,,,0.0,0.0
61.65773000000064,0.0,,,,,
61.664600000000576,,,0.0,,,
61.67180000000059,,,,0.0,,
61.69340000000057,,0.0,,,,
61.70000000000061,,,,,0.0,0.0
61.75773000000064,0.0,,,,,
61.76460000000058,,,0.0,,,
61.77180000000059,,,,0.0,,
61.793400000000574,,0.0,,,,
61.80000000000061,,,,,0.0,0.0
61.85773000000064,0.0,,,,,
61.86460000000058,,,0.0,,,
61.87180000000059,,,,0.0,,
61.893400000000575,,0.0,,,,
61.90000000000061,,,,,0.0,0.0
61.957730000000645,0.0,,,,,
61.96460000000058,,,0.0,,,
61.97180000000059,,,,0.0,,
61.99340000000058,,0.0,,,,
62.00000000000061,,,,,0.0,0.0
62.057730000000646,0.0,,,,,
62.06460000000058,,,0.0,,,
62.07180000000059,,,,0.0,,
62.09340000000058,,0.0,,,,
62.10000000000061,,,,,0.0,0.0
62.15773000000065,0.0,,,,,
62.16460000000058,,,0.0,,,
62.171800000000594,,,,0.0,,
62.19340000000058,,0.0,,,,
62.200000000000614,,,,,0.0,0.0
62.25773000000065,0.0,,,,,
62.264600000000584,,,0.0,,,
62.271800000000596,,,,0.0,,
62.29340000000058,,0.0,,,,
62.300000000000615,,,,,0.0,0.0
62.35773000000065,0.0,,,,,
62.364600000000586,,,0.0,,,
62.3718000000006,,,,0.0,,
62.39340000000058,,0.0,,,,
62.40000000000062,,,,,0.0,0.0
62.45773000000065,0.0,,,,,
62.46460000000059,,,0.0,,,
62.4718000000006,,,,0.0,,
62.493400000000584,,0.0,,,,
62.50000000000062,,,,,0.0,0.0
62.55773000000065,0.0,,,,,
62.56460000000059,,,0.0,,,
62.5718000000006,,,,0.0,,
62.593400000000585,,0.0,,,,
62.60000000000062,,,,,0.0,0.0
62.657730000000655,0.0,,,,,
62.66460000000059,,,0.0,,,
62.6718000000006,,,,0.0,,
62.69340000000059,,0.0,,,,
62.70000000000062,,,,,0.0,0.0
62.757730000000656,0.0,,,,,
62.76460000000059,,,0.0,,,
62.7718000000006,,,,0.0,,
62.79340000000059,,0.0,,,,
62.80000000000062,,,,,0.0,0.0
62.85773000000066,0.0,,,,,
62.86460000000059,,,0.0,,,
62.871800000000604,,,,0.0,,
62.89340000000059,,0.0,,,,
62.900000000000624,,,,,0.0,0.0
62.95773000000066,0.0,,,,,
62.964600000000594,,,0.0,,,
62.971800000000606,,,,0.0,,
62.99340000000059,,0.0,,,,
63.000000000000625,,,,,0.0,0.0
63.05773000000066,0.0,,,,,
63.064600000000596,,,0.0,,,
63.07180000000061,,,,0.0,,
63.09340000000059,,0.0,,,,
63.10000000000063,,,,,0.0,0.0
63.15773000000066,0.0,,,,,
63.1646000000006,,,0.0,,,
63.17180000000061,,,,0.0,,
63.193400000000594,,0.0,,,,
63.20000000000063,,,,,0.0,0.0
63.25773000000066,0.0,,,,,
63.2646000000006,,,0.0,,,
63.27180000000061,,,,0.0,,
63.293400000000595,,0.0,,,,
63.30000000000063,,,,,0.0,0.0
63.357730000000664,0.0,,,,,
63.3646000000006,,,0.0,,,
63.37180000000061,,,,0.0,,
63.3934000000006,,0.0,,,,
63.40000000000063,,,,,0.0,0.0
63.457730000000666,0.0,,,,,
63.4646000000006,,,0.0,,,
63.47180000000061,,,,0.0,,
63.4934000000006,,0.0,,,,
63.50000000000063,,,,,0.0,0.0
63.55773000000067,0.0,,,,,
63.5646000000006,,,0.0,,,
63.571800000000614,,,,0.0,,
63.5934000000006,,0.0,,,,
63.600000000000634,,,,,0.0,0.0
63.65773000000067,0.0,,,,,
63.664600000000604,,,0.0,,,
63.671800000000616,,,,0.0,,
63.6934000000006,,0.0,,,,
63.700000000000635,,,,,0.0,0.0
63.75773000000067,0.0,,,,,
63.764600000000605,,,0.0,,,
63.77180000000062,,,,0.0,,
63.7934000000006,,0.0,,,,
63.80000000000064,,,,,0.0,0.0
63.85773000000067,0.0,,,,,
63.86460000000061,,,0.0,,,
63.87180000000062,,,,0.0,,
63.893400000000604,,0.0,,,,
63.90000000000064,,,,,0.0,0.0
63.95773000000067,0.0,,,,,
63.96460000000061,,,0.0,,,
63.97180000000062,,,,0.0,,
63.993400000000605,,0.0,,,,
64.00000000000064,,,,,0.0,0.0
64.05773000000067,0.0,,,,,
64.06460000000061,,,0.0,,,
64.07180000000062,,,,0.0,,
64.0934000000006,,0.0,,,,
64.10000000000063,,,,,0.0,0.0
64.15773000000067,0.0,,,,,
64.1646000000006,,,0.0,,,
64.17180000000062,,,,0.0,,
64.1934000000006,,0.0,,,,
64.20000000000063,,,,,0.0,0.0
64.25773000000066,0.0,,,,,
64.2646000000006,,,0.0,,,
64.27180000000061,,,,0.0,,
64.29340000000059,,0.0,,,,
64.30000000000062,,,,,0.0,0.0
64.35773000000066,0.0,,,,,
64.36460000000059,,,0.0,,,
64.3718000000006,,,,0.0,,
64.39340000000058,,0.0,,,,
64.40000000000062,,,,,0.0,0.0
64.45773000000065,0.0,,,,,
64.46460000000059,,,0.0,,,
64.4718000000006,,,,0.0,,
64.49340000000058,,0.0,,,,
64.50000000000061,,,,,0.0,0.0
64.55773000000065,0.0,,,,,
64.56460000000058,,,0.0,,,
64.5718000000006,,,,0.0,,
64.59340000000057,,0.0,,,,
64.6000000000006,,,,,0.0,0.0
64.65773000000064,0.0,,,,,
64.66460000000058,,,0.0,,,
64.67180000000059,,,,0.0,,
64.69340000000057,,0.0,,,,
64.7000000000006,,,,,0.0,0.0
64.75773000000063,0.0,,,,,
64.76460000000057,,,0.0,,,
64.77180000000058,,,,0.0,,
64.79340000000056,,0.0,,,,
64.8000000000006,,,,,0.0,0.0
64.85773000000063,0.0,,,,,
64.86460000000056,,,0.0,,,
64.87180000000058,,,,0.0,,
64.89340000000055,,0.0,,,,
64.90000000000059,,,,,0.0,0.0
64.95773000000062,0.0,,,,,
64.96460000000056,,,0.0,,,
64.97180000000057,,,,0.0,,
64.99340000000055,,0.0,,,,
65.00000000000058,,,,,0.0,0.0
65.05773000000062,0.0,,,,,
65.06460000000055,,,0.0,,,
65.07180000000056,,,,0.0,,
65.09340000000054,,0.0,,,,
65.10000000000058,,,,,0.0,0.0
65.15773000000061,0.0,,,,,
65.16460000000055,,,0.0,,,
65.17180000000056,,,,0.0,,
65.19340000000054,,0.0,,,,
65.20000000000057,,,,,0.0,0.0
65.2577300000006,0.0,,,,,
65.26460000000054,,,0.0,,,
65.27180000000055,,,,0.0,,
65.29340000000053,,0.0,,,,
65.30000000000057,,,,,0.0,0.0
65.3577300000006,0.0,,,,,
65.36460000000054,,,0.0,,,
65.37180000000055,,,,0.0,,
65.39340000000053,,0.0,,,,
65.40000000000056,,,,,0.0,0.0
65.4577300000006,0.0,,,,,
65.46460000000053,,,0.0,,,
65.47180000000054,,,,0.0,,
65.49340000000052,,0.0,,,,
65.50000000000055,,,,,0.0,0.0
65.55773000000059,0.0,,,,,
65.56460000000052,,,0.0,,,
65.57180000000054,,,,0.0,,
65.59340000000051,,0.0,,,,
65.60000000000055,,,,,0.0,0.0
65.65773000000058,0.0,,,,,
65.66460000000052,,,0.0,,,
65.67180000000053,,,,0.0,,
65.69340000000051,,0.0,,,,
65.70000000000054,,,,,0.0,0.0
65.75773000000058,0.0,,,,,
65.76460000000051,,,0.0,,,
65.77180000000052,,,,0.0,,
65.7934000000005,,0.0,,,,
65.80000000000054,,,,,0.0,0.0
65.85773000000057,0.0,,,,,
65.86460000000051,,,0.0,,,
65.87180000000052,,,,0.0,,
65.8934000000005,,0.0,,,,
65.90000000000053,,,,,0.0,0.0
65.95773000000057,0.0,,,,,
65.9646000000005,,,0.0,,,
65.97180000000051,,,,0.0,,
65.99340000000049,,0.0,,,,
66.00000000000053,,,,,0.0,0.0
66.05773000000056,0.0,,,,,
66.0646000000005,,,0.0,,,
66.07180000000051,,,,0.0,,
66.09340000000049,,0.0,,,,
66.10000000000052,,,,,0.0,0.0
66.15773000000056,0.0,,,,,
66.16460000000049,,,0.0,,,
66.1718000000005,,,,0.0,,
66.19340000000048,,0.0,,,,
66.20000000000051,,,,,0.0,0.0
66.25773000000055,0.0,,,,,
66.26460000000048,,,0.0,,,
66.2718000000005,,,,0.0,,
66.29340000000047,,0.0,,,,
66.30000000000051,,,,,0.0,0.0
66.35773000000054,0.0,,,,,
66.36460000000048,,,0.0,,,
66.37180000000049,,,,0.0,,
66.39340000000047,,0.0,,,,
66.4000000000005,,,,,0.0,0.0
66.45773000000054,0.0,,,,,
66.46460000000047,,,0.0,,,
66.47180000000048,,,,0.0,,
66.49340000000046,,0.0,,,,
66.5000000000005,,,,,0.0,0.0
66.55773000000053,0.0,,,,,
66.56460000000047,,,0.0,,,
66.57180000000048,,,,0.0,,
66.59340000000046,,0.0,,,,
66.60000000000049,,,,,0.0,0.0
66.65773000000053,0.0,,,,,
66.66460000000046,,,0.0,,,
66.67180000000047,,,,0.0,,
66.69340000000045,,0.0,,,,
66.70000000000049,,,,,0.0,0.0
66.75773000000052,0.0,,,,,
66.76460000000046,,,0.0,,,
66.77180000000047,,,,0.0,,
66.79340000000045,,0.0,,,,
66.80000000000048,,,,,0.0,0.0
66.85773000000052,0.0,,,,,
66.86460000000045,,,0.0,,,
66.87180000000046,,,,0.0,,
66.89340000000044,,0.0,,,,
66.90000000000047,,,,,0.0,0.0
66.95773000000051,0.0,,,,,
66.96460000000044,,,0.0,,,
66.97180000000046,,,,0.0,,
66.99340000000043,,0.0,,,,
67.00000000000047,,,,,0.0,0.0
67.0577300000005,0.0,,,,,
67.06460000000044,,,0.0,,,
67.07180000000045,,,,0.0,,
67.09340000000043,,0.0,,,,
67.10000000000046,,,,,0.0,0.0
67.1577300000005,0.0,,,,,
67.16460000000043,,,0.0,,,
67.17180000000045,,,,0.0,,
67.19340000000042,,0.0,,,,
67.20000000000046,,,,,0.0,0.0
67.25773000000049,0.0,,,,,
67.26460000000043,,,0.0,,,
67.27180000000044,,,,0.0,,
67.29340000000042,,0.0,,,,
67.30000000000045,,,,,0.0,0.0
67.35773000000049,0.0,,,,,
67.36460000000042,,,0.0,,,
67.37180000000043,,,,0.0,,
67.39340000000041,,0.0,,,,
67.40000000000045,,,,,0.0,0.0
67.45773000000048,0.0,,,,,
67.46460000000042,,,0.0,,,
67.47180000000043,,,,0.0,,
67.4934000000004,,0.0,,,,
67.50000000000044,,,,,0.0,0.0
67.55773000000048,0.0,,,,,
67.56460000000041,,,0.0,,,
67.57180000000042,,,,0.0,,
67.5934000000004,,0.0,,,,
67.60000000000043,,,,,0.0,0.0
67.65773000000047,0.0,,,,,
67.6646000000004,,,0.0,,,
67.67180000000042,,,,0.0,,
67.6934000000004,,0.0,,,,
67.70000000000043,,,,,0.0,0.0
67.75773000000046,0.0,,,,,
67.7646000000004,,,0.0,,,
67.77180000000041,,,,0.0,,
67.79340000000039,,0.0,,,,
67.80000000000042,,,,,0.0,0.0
67.85773000000046,0.0,,,,,
67.8646000000004,,,0.0,,,
67.8718000000004,,,,0.0,,
67.89340000000038,,0.0,,,,
67.90000000000042,,,,,0.0,0.0
67.95773000000045,0.0,,,,,
67.96460000000039,,,0.0,,,
67.9718000000004,,,,0.0,,
67.99340000000038,,0.0,,,,
68.00000000000041,,,,,0.0,0.0
68.05773000000045,0.0,,,,,
68.06460000000038,,,0.0,,,
68.0718000000004,,,,0.0,,
68.09340000000037,,0.0,,,,
68.1000000000004,,,,,0.0,0.0
68.15773000000044,0.0,,,,,
68.16460000000038,,,0.0,,,
68.17180000000039,,,,0.0,,
68.19340000000037,,0.0,,,,
68.2000000000004,,,,,0.0,0.0
68.25773000000044,0.0,,,,,
68.26460000000037,,,0.0,,,
68.27180000000038,,,,0.0,,
68.29340000000036,,0.0,,,,
68.3000000000004,,,,,0.0,0.0
68.35773000000043,0.0,,,,,
68.36460000000037,,,0.0,,,
68.37180000000038,,,,0.0,,
68.39340000000036,,0.0,,,,
68.40000000000039,,,,,0.0,0.0
68.45773000000042,0.0,,,,,
68.46460000000036,,,0.0,,,
68.47180000000037,,,,0.0,,
68.49340000000035,,0.0,,,,
68.50000000000038,,,,,0.0,0.0
68.55773000000042,0.0,,,,,
68.56460000000035,,,0.0,,,
68.57180000000037,,,,0.0,,
68.59340000000034,,0.0,,,,
68.60000000000038,,,,,0.0,0.0
68.65773000000041,0.0,,,,,
68.66460000000035,,,0.0,,,
68.67180000000036,,,,0.0,,
68.69340000000034,,0.0,,,,
68.70000000000037,,,,,0.0,0.0
68.75773000000041,0.0,,,,,
68.76460000000034,,,0.0,,,
68.77180000000035,,,,0.0,,
68.79340000000033,,0.0,,,,
68.80000000000037,,,,,0.0,0.0
68.8577300000004,0.0,,,,,
68.86460000000034,,,0.0,,,
68.87180000000035,,,,0.0,,
68.89340000000033,,0.0,,,,
68.90000000000036,,,,,0.0,0.0
68.9577300000004,0.0,,,,,
68.96460000000033,,,0.0,,,
68.97180000000034,,,,0.0,,
68.99340000000032,,0.0,,,,
69.00000000000036,,,,,0.0,0.0
69.05773000000039,0.0,,,,,
69.06460000000033,,,0.0,,,
69.07180000000034,,,,0.0,,
69.09340000000032,,0.0,,,,
69.10000000000035,,,,,0.0,0.0
69.15773000000038,0.0,,,,,
69.16460000000032,,,0.0,,,
69.17180000000033,,,,0.0,,
69.19340000000031,,0.0,,,,
69.20000000000034,,,,,0.0,0.0
69.25773000000038,0.0,,,,,
69.26460000000031,,,0.0,,,
69.27180000000033,,,,0.0,,
69.2934000000003,,0.0,,,,
69.30000000000034,,,,,0.0,0.0
69.35773000000037,0.0,,,,,
69.36460000000031,,,0.0,,,
69.37180000000032,,,,0.0,,
69.3934000000003,,0.0,,,,
69.40000000000033,,,,,0.0,0.0
69.45773000000037,0.0,,,,,
69.4646000000003,,,0.0,,,
69.47180000000031,,,,0.0,,
69.49340000000029,,0.0,,,,
69.50000000000033,,,,,0.0,0.0
69.55773000000036,0.0,,,,,
69.5646000000003,,,0.0,,,
69.57180000000031,,,,0.0,,
69.59340000000029,,0.0,,,,
69.60000000000032,,,,,0.0,0.0
69.65773000000036,0.0,,,,,
69.66460000000029,,,0.0,,,
69.6718000000003,,,,0.0,,
69.69340000000028,,0.0,,,,
69.70000000000032,,,,,0.0,0.0
69.75773000000035,0.0,,,,,
69.76460000000029,,,0.0,,,
69.7718000000003,,,,0.0,,
69.79340000000028,,0.0,,,,
69.80000000000031,,,,,0.0,0.0
69.85773000000034,0.0,,,,,
69.86460000000028,,,0.0,,,
69.87180000000029,,,,0.0,,
69.89340000000027,,0.0,,,,
69.9000000000003,,,,,0.0,0.0
69.95773000000034,0.0,,,,,
69.96460000000027,,,0.0,,,
69.97180000000029,,,,0.0,,
69.99340000000026,,0.0,,,,
70.0000000000003,,,,,0.0,0.0
70.05773000000033,0.0,,,,,
70.06460000000027,,,0.0,,,
70.07180000000028,,,,0.0,,
70.09340000000026,,0.0,,,,
70.10000000000029,,,,,0.0,0.0
70.15773000000033,0.0,,,,,
70.16460000000026,,,0.0,,,
70.17180000000027,,,,0.0,,
70.19340000000025,,0.0,,,,
70.20000000000029,,,,,0.0,0.0
70.25773000000032,0.0,,,,,
70.26460000000026,,,0.0,,,
70.27180000000027,,,,0.0,,
70.29340000000025,,0.0,,,,
70.30000000000028,,,,,0.0,0.0
70.35773000000032,0.0,,,,,
70.36460000000025,,,0.0,,,
70.37180000000026,,,,0.0,,
70.39340000000024,,0.0,,,,
70.40000000000028,,,,,0.0,0.0
70.45773000000031,0.0,,,,,
70.46460000000025,,,0.0,,,
70.47180000000026,,,,0.0,,
70.49340000000024,,0.0,,,,
70.50000000000027,,,,,0.0,0.0
70.5577300000003,0.0,,,,,
70.56460000000024,,,0.0,,,
70.57180000000025,,,,0.0,,
70.59340000000023,,0.0,,,,
70.60000000000026,,,,,0.0,0.0
70.6577300000003,0.0,,,,,
70.66460000000023,,,0.0,,,
70.67180000000025,,,,0.0,,
70.69340000000022,,0.0,,,,
70.70000000000026,,,,,0.0,0.0
70.7577300000003,0.0,,,,,
70.76460000000023,,,0.0,,,
70.77180000000024,,,,0.0,,
70.79340000000022,,0.0,,,,
70.80000000000025,,,,,0.0,0.0
70.85773000000029,0.0,,,,,
70.86460000000022,,,0.0,,,
70.87180000000023,,,,0.0,,
70.89340000000021,,0.0,,,,
70.90000000000025,,,,,0.0,0.0
70.95773000000028,0.0,,,,,
70.96460000000022,,,0.0,,,
70.97180000000023,,,,0.0,,
70.99340000000021,,0.0,,,,
71.00000000000024,,,,,0.0,0.0
71.05773000000028,0.0,,,,,
71.06460000000021,,,0.0,,,
71.07180000000022,,,,0.0,,
71.0934000000002,,0.0,,,,
71.10000000000024,,,,,0.0,0.0
71.15773000000027,0.0,,,,,
71.1646000000002,,,0.0,,,
71.17180000000022,,,,0.0,,
71.1934000000002,,0.0,,,,
71.20000000000023,,,,,0.0,0.0
71.25773000000027,0.0,,,,,
71.2646000000002,,,0.0,,,
71.27180000000021,,,,0.0,,
71.29340000000019,,0.0,,,,
71.30000000000022,,,,,0.0,0.0
71.35773000000026,0.0,,,,,
71.3646000000002,,,0.0,,,
71.3718000000002,,,,0.0,,
71.39340000000018,,0.0,,,,
71.40000000000022,,,,,0.0,0.0
71.45773000000025,0.0,,,,,
71.46460000000019,,,0.0,,,
71.4718000000002,,,,0.0,,
71.49340000000018,,0.0,,,,
71.50000000000021,,,,,0.0,0.0
71.55773000000025,0.0,,,,,
71.56460000000018,,,0.0,,,
71.5718000000002,,,,0.0,,
71.59340000000017,,0.0,,,,
71.60000000000021,,,,,0.0,0.0
71.65773000000024,0.0,,,,,
71.66460000000018,,,0.0,,,
71.67180000000019,,,,0.0,,
71.69340000000017,,0.0,,,,
71.7000000000002,,,,,0.0,0.0
71.75773000000024,0.0,,,,,
71.76460000000017,,,0.0,,,
71.77180000000018,,,,0.0,,
71.79340000000016,,0.0,,,,
71.8000000000002,,,,,0.0,0.0
71.85773000000023,0.0,,,,,
71.86460000000017,,,0.0,,,
71.87180000000018,,,,0.0,,
71.89340000000016,,0.0,,,,
71.90000000000019,,,,,0.0,0.0
71.95773000000023,0.0,,,,,
71.96460000000016,,,0.0,,,
71.97180000000017,,,,0.0,,
71.99340000000015,,0.0,,,,
72.00000000000018,,,,,0.0,0.0
72.05773000000022,0.0,,,,,
72.06460000000015,,,0.0,,,
72.07180000000017,,,,0.0,,
72.09340000000014,,0.0,,,,
72.10000000000018,,,,,0.0,0.0
72.15773000000021,0.0,,,,,
72.16460000000015,,,0.0,,,
72.17180000000016,,,,0.0,,
72.19340000000014,,0.0,,,,
72.20000000000017,,,,,0.0,0.0
72.25773000000021,0.0,,,,,
72.26460000000014,,,0.0,,,
72.27180000000016,,,,0.0,,
72.29340000000013,,0.0,,,,
72.30000000000017,,,,,0.0,0.0
72.3577300000002,0.0,,,,,
72.36460000000014,,,0.0,,,
72.37180000000015,,,,0.0,,
72.39340000000013,,0.0,,,,
72.40000000000016,,,,,0.0,0.0
72.4577300000002,0.0,,,,,
72.46460000000013,,,0.0,,,
72.47180000000014,,,,0.0,,
72.49340000000012,,0.0,,,,
72.50000000000016,,,,,0.0,0.0
72.55773000000019,0.0,,,,,
72.56460000000013,,,0.0,,,
72.57180000000014,,,,0.0,,
72.59340000000012,,0.0,,,,
72.60000000000015,,,,,0.0,0.0
72.65773000000019,0.0,,,,,
72.66460000000012,,,0.0,,,
72.67180000000013,,,,0.0,,
72.69340000000011,,0.0,,,,
72.70000000000014,,,,,0.0,0.0
72.75773000000018,0.0,,,,,
72.76460000000012,,,0.0,,,
72.77180000000013,,,,0.0,,
72.7934000000001,,0.0,,,,
72.80000000000014,,,,,0.0,0.0
72.85773000000017,0.0,,,,,
72.86460000000011,,,0.0,,,
72.87180000000012,,,,0.0,,
72.8934000000001,,0.0,,,,
72.90000000000013,,,,,0.0,0.0
72.95773000000017,0.0,,,,,
72.9646000000001,,,0.0,,,
72.97180000000012,,,,0.0,,
72.9934000000001,,0.0,,,,
73.00000000000013,,,,,0.0,0.0
73.05773000000016,0.0,,,,,
73.0646000000001,,,0.0,,,
73.07180000000011,,,,0.0,,
73.09340000000009,,0.0,,,,
73.10000000000012,,,,,0.0,0.0
73.15773000000016,0.0,,,,,
73.16460000000009,,,0.0,,,
73.1718000000001,,,,0.0,,
73.19340000000008,,0.0,,,,
73.20000000000012,,,,,0.0,0.0
73.25773000000015,0.0,,,,,
73.26460000000009,,,0.0,,,
73.2718000000001,,,,0.0,,
73.29340000000008,,0.0,,,,
73.30000000000011,,,,,0.0,0.0
73.35773000000015,0.0,,,,,
73.36460000000008,,,0.0,,,
73.37180000000009,,,,0.0,,
73.39340000000007,,0.0,,,,
73.4000000000001,,,,,0.0,0.0
73.45773000000014,0.0,,,,,
73.46460000000008,,,0.0,,,
73.47180000000009,,,,0.0,,
73.49340000000007,,0.0,,,,
73.5000000000001,,,,,0.0,0.0
73.55773000000013,0.0,,,,,
73.56460000000007,,,0.0,,,
73.57180000000008,,,,0.0,,
73.59340000000006,,0.0,,,,
73.6000000000001,,,,,0.0,0.0
73.65773000000013,0.0,,,,,
73.66460000000006,,,0.0,,,
73.67180000000008,,,,0.0,,
73.69340000000005,,0.0,,,,
73.70000000000009,,,,,0.0,0.0
73.75773000000012,0.0,,,,,
73.76460000000006,,,0.0,,,
73.77180000000007,,,,0.0,,
73.79340000000005,,0.0,,,,
73.80000000000008,,,,,0.0,0.0
73.85773000000012,0.0,,,,,
73.86460000000005,,,0.0,,,
73.87180000000006,,,,0.0,,
73.89340000000004,,0.0,,,,
73.90000000000008,,,,,0.0,0.0
73.95773000000011,0.0,,,,,
73.96460000000005,,,0.0,,,
73.97180000000006,,,,0.0,,
73.99340000000004,,0.0,,,,
74.00000000000007,,,,,0.0,0.0
74.0577300000001,0.0,,,,,
74.06460000000004,,,0.0,,,
74.07180000000005,,,,0.0,,
74.09340000000003,,0.0,,,,
74.10000000000007,,,,,0.0,0.0
74.1577300000001,0.0,,,,,
74.16460000000004,,,0.0,,,
74.17180000000005,,,,0.0,,
74.19340000000003,,0.0,,,,
74.20000000000006,,,,,0.0,0.0
74.2577300000001,0.0,,,,,
74.26460000000003,,,0.0,,,
74.27180000000004,,,,0.0,,
74.29340000000002,,0.0,,,,
74.30000000000005,,,,,0.0,0.0
74.35773000000009,0.0,,,,,
74.36460000000002,,,0.0,,,
74.37180000000004,,,,0.0,,
74.39340000000001,,0.0,,,,
74.40000000000005,,,,,0.0,0.0
74.45773000000008,0.0,,,,,
74.46460000000002,,,0.0,,,
74.47180000000003,,,,0.0,,
74.49340000000001,,0.0,,,,
74.50000000000004,,,,,0.0,0.0
74.55773000000008,0.0,,,,,
74.56460000000001,,,0.0,,,
74.57180000000002,,,,0.0,,
74.5934,,0.0,,,,
74.60000000000004,,,,,0.0,0.0
74.65773000000007,0.0,,,,,
74.66460000000001,,,0.0,,,
74.67180000000002,,,,0.0,,
74.6934,,0.0,,,,
74.70000000000003,,,,,0.0,0.0
74.75773000000007,0.0,,,,,
74.7646,,,0.0,,,
74.77180000000001,,,,0.0,,
74.79339999999999,,0.0,,,,
74.80000000000003,,,,,0.0,0.0
74.85773000000006,0.0,,,,,
74.8646,,,0.0,,,
74.87180000000001,,,,0.0,,
74.89339999999999,,0.0,,,,
74.90000000000002,,,,,0.0,0.0
74.95773000000005,0.0,,,,,
74.96459999999999,,,0.0,,,
74.9718,,,,0.0,,
74.99339999999998,,0.0,,,,
75.00000000000001,,,,,0.0,0.0
75.05773000000005,0.0,,,,,
75.06459999999998,,,0.0,,,
75.0718,,,,0.0,,
75.09339999999997,,0.0,,,,
75.10000000000001,,,,,0.0,0.0
75.15773000000004,0.0,,,,,
75.16459999999998,,,0.0,,,
75.17179999999999,,,,0.0,,
75.19339999999997,,0.0,,,,
75.2,,,,,0.0,0.0
75.25773000000004,0.0,,,,,
75.26459999999997,,,0.0,,,
75.27179999999998,,,,0.0,,
75.29339999999996,,0.0,,,,
75.3,,,,,0.0,0.0
75.35773000000003,0.0,,,,,
75.36459999999997,,,0.0,,,
75.37179999999998,,,,0.0,,
75.39339999999996,,0.0,,,,
75.39999999999999,,,,,0.0,0.0
75.45773000000003,0.0,,,,,
75.46459999999996,,,0.0,,,
75.47179999999997,,,,0.0,,
75.49339999999995,,0.0,,,,
75.49999999999999,,,,,0.0,0.0
75.55773000000002,0.0,,,,,
75.56459999999996,,,0.0,,,
75.57179999999997,,,,0.0,,
75.59339999999995,,0.0,,,,
75.59999999999998,,,,,0.0,0.0
75.65773000000002,0.0,,,,,
75.66459999999995,,,0.0,,,
75.67179999999996,,,,0.0,,
75.69339999999994,,0.0,,,,
75.69999999999997,,,,,0.0,0.0
75.75773000000001,0.0,,,,,
75.76459999999994,,,0.0,,,
75.77179999999996,,,,0.0,,
75.79339999999993,,0.0,,,,
75.79999999999997,,,,,0.0,0.0
75.85773,0.0,,,,,
75.86459999999994,,,0.0,,,
75.87179999999995,,,,0.0,,
75.89339999999993,,0.0,,,,
75.89999999999996,,,,,0.0,0.0
75.95773,0.0,,,,,
75.96459999999993,,,0.0,,,
75.97179999999994,,,,0.0,,
75.99339999999992,,0.0,,,,
75.99999999999996,,,,,0.0,0.0
76.05772999999999,0.0,,,,,
76.06459999999993,,,0.0,,,
76.07179999999994,,,,0.0,,
76.09339999999992,,0.0,,,,
76.09999999999995,,,,,0.0,0.0
76.15772999999999,0.0,,,,,
76.16459999999992,,,0.0,,,
76.17179999999993,,,,0.0,,
76.19339999999991,,0.0,,,,
76.19999999999995,,,,,0.0,0.0
76.25772999999998,0.0,,,,,
76.26459999999992,,,0.0,,,
76.27179999999993,,,,0.0,,
76.2933999999999,,0.0,,,,
76.29999999999994,,,,,0.0,0.0
76.35772999999998,0.0,,,,,
76.36459999999991,,,0.0,,,
76.37179999999992,,,,0.0,,
76.3933999999999,,0.0,,,,
76.39999999999993,,,,,0.0,0.0
76.45772999999997,0.0,,,,,
76.4645999999999,,,0.0,,,
76.47179999999992,,,,0.0,,
76.4933999999999,,0.0,,,,
76.49999999999993,,,,,0.0,0.0
76.55772999999996,0.0,,,,,
76.5645999999999,,,0.0,,,
76.57179999999991,,,,0.0,,
76.59339999999989,,0.0,,,,
76.59999999999992,,,,,0.0,0.0
76.65772999999996,0.0,,,,,
76.6645999999999,,,0.0,,,
76.6717999999999,,,,0.0,,
76.69339999999988,,0.0,,,,
76.69999999999992,,,,,0.0,0.0
76.75772999999995,0.0,,,,,
76.76459999999989,,,0.0,,,
76.7717999999999,,,,0.0,,
76.79339999999988,,0.0,,,,
76.79999999999991,,,,,0.0,0.0
76.85772999999995,0.0,,,,,
76.86459999999988,,,0.0,,,
76.8717999999999,,,,0.0,,
76.89339999999987,,0.0,,,,
76.8999999999999,,,,,0.0,0.0
76.95772999999994,0.0,,,,,
76.96459999999988,,,0.0,,,
76.97179999999989,,,,0.0,,
76.99339999999987,,0.0,,,,
76.9999999999999,,,,,0.0,0.0
77.05772999999994,0.0,,,,,
77.06459999999987,,,0.0,,,
77.07179999999988,,,,0.0,,
77.09339999999986,,0.0,,,,
77.0999999999999,,,,,0.0,0.0
77.15772999999993,0.0,,,,,
77.16459999999987,,,0.0,,,
77.17179999999988,,,,0.0,,
77.19339999999985,,0.0,,,,
77.19999999999989,,,,,0.0,0.0
77.25772999999992,0.0,,,,,
77.26459999999986,,,0.0,,,
77.27179999999987,,,,0.0,,
77.29339999999985,,0.0,,,,
77.29999999999988,,,,,0.0,0.0
77.35772999999992,0.0,,,,,
77.36459999999985,,,0.0,,,
77.37179999999987,,,,0.0,,
77.39339999999984,,0.0,,,,
77.39999999999988,,,,,0.0,0.0
77.45772999999991,0.0,,,,,
77.46459999999985,,,0.0,,,
77.47179999999986,,,,0.0,,
77.49339999999984,,0.0,,,,
77.49999999999987,,,,,0.0,0.0
77.5577299999999,0.0,,,,,
77.56459999999984,,,0.0,,,
77.57179999999985,,,,0.0,,
77.59339999999983,,0.0,,,,
77.59999999999987,,,,,0.0,0.0
77.6577299999999,0.0,,,,,
77.66459999999984,,,0.0,,,
77.67179999999985,,,,0.0,,
77.69339999999983,,0.0,,,,
77.69999999999986,,,,,0.0,0.0
77.7577299999999,0.0,,,,,
77.76459999999983,,,0.0,,,
77.77179999999984,,,,0.0,,
77.79339999999982,,0.0,,,,
77.79999999999986,,,,,0.0,0.0
77.85772999999989,0.0,,,,,
77.86459999999983,,,0.0,,,
77.87179999999984,,,,0.0,,
77.89339999999982,,0.0,,,,
77.89999999999985,,,,,0.0,0.0
77.95772999999988,0.0,,,,,
77.96459999999982,,,0.0,,,
77.97179999999983,,,,0.0,,
77.99339999999981,,0.0,,,,
77.99999999999984,,,,,0.0,0.0
78.05772999999988,0.0,,,,,
78.06459999999981,,,0.0,,,
78.07179999999983,,,,0.0,,
78.0933999999998,,0.0,,,,
78.09999999999984,,,,,0.0,0.0
78.15772999999987,0.0,,,,,
78.16459999999981,,,0.0,,,
78.17179999999982,,,,0.0,,
78.1933999999998,,0.0,,,,
78.19999999999983,,,,,0.0,0.0
78.25772999999987,0.0,,,,,
78.2645999999998,,,0.0,,,
78.27179999999981,,,,0.0,,
78.29339999999979,,0.0,,,,
78.29999999999983,,,,,0.0,0.0
78.35772999999986,0.0,,,,,
78.3645999999998,,,0.0,,,
78.37179999999981,,,,0.0,,
78.39339999999979,,0.0,,,,
78.39999999999982,,,,,0.0,0.0
78.45772999999986,0.0,,,,,
78.46459999999979,,,0.0,,,
78.4717999999998,,,,0.0,,
78.49339999999978,,0.0,,,,
78.49999999999982,,,,,0.0,0.0
78.55772999999985,0.0,,,,,
78.56459999999979,,,0.0,,,
78.5717999999998,,,,0.0,,
78.59339999999978,,0.0,,,,
78.59999999999981,,,,,0.0,0.0
78.65772999999984,0.0,,,,,
78.66459999999978,,,0.0,,,
78.67179999999979,,,,0.0,,
78.69339999999977,,0.0,,,,
78.6999999999998,,,,,0.0,0.0
78.75772999999984,0.0,,,,,
78.76459999999977,,,0.0,,,
78.77179999999979,,,,0.0,,
78.79339999999976,,0.0,,,,
78.7999999999998,,,,,0.0,0.0
78.85772999999983,0.0,,,,,
78.86459999999977,,,0.0,,,
78.87179999999978,,,,0.0,,
78.89339999999976,,0.0,,,,
78.89999999999979,,,,,0.0,0.0
78.95772999999983,0.0,,,,,
78.96459999999976,,,0.0,,,
78.97179999999977,,,,0.0,,
78.99339999999975,,0.0,,,,
78.99999999999979,,,,,0.0,0.0
79.05772999999982,0.0,,,,,
79.06459999999976,,,0.0,,,
79.07179999999977,,,,0.0,,
79.09339999999975,,0.0,,,,
79.09999999999978,,,,,0.0,0.0
79.15772999999982,0.0,,,,,
79.16459999999975,,,0.0,,,
79.17179999999976,,,,0.0,,
79.19339999999974,,0.0,,,,
79.19999999999978,,,,,0.0,0.0
79.25772999999981,0.0,,,,,
79.26459999999975,,,0.0,,,
79.27179999999976,,,,0.0,,
79.29339999999974,,0.0,,,,
79.29999999999977,,,,,0.0,0.0
79.3577299999998,0.0,,,,,
79.36459999999974,,,0.0,,,
79.37179999999975,,,,0.0,,
79.39339999999973,,0.0,,,,
79.39999999999976,,,,,0.0,0.0
79.4577299999998,0.0,,,,,
79.46459999999973,,,0.0,,,
79.47179999999975,,,,0.0,,
79.49339999999972,,0.0,,,,
79.49999999999976,,,,,0.0,0.0
79.5577299999998,0.0,,,,,
79.56459999999973,,,0.0,,,
79.57179999999974,,,,0.0,,
79.59339999999972,,0.0,,,,
79.59999999999975,,,,,0.0,0.0
79.65772999999979,0.0,,,,,
79.66459999999972,,,0.0,,,
79.67179999999973,,,,0.0,,
79.69339999999971,,0.0,,,,
79.69999999999975,,,,,0.0,0.0
79.75772999999978,0.0,,,,,
79.76459999999972,,,0.0,,,
79.77179999999973,,,,0.0,,
79.7933999999997,,0.0,,,,
79.79999999999974,,,,,0.0,0.0
79.85772999999978,0.0,,,,,
79.86459999999971,,,0.0,,,
79.87179999999972,,,,0.0,,
79.8933999999997,,0.0,,,,
79.89999999999974,,,,,0.0,0.0
79.95772999999977,0.0,,,,,
79.9645999999997,,,0.0,,,
79.97179999999972,,,,0.0,,
79.9933999999997,,0.0,,,,
79.99999999999973,,,,,0.0,0.0
80.05772999999976,0.0,,,,,
80.0645999999997,,,0.0,,,
80.07179999999971,,,,0.0,,
80.09339999999969,,0.0,,,,
80.09999999999972,,,,,0.0,0.0
80.15772999999976,0.0,,,,,
80.1645999999997,,,0.0,,,
80.1717999999997,,,,0.0,,
80.19339999999968,,0.0,,,,
80.19999999999972,,,,,0.0,0.0
80.25772999999975,0.0,,,,,
80.26459999999969,,,0.0,,,
80.2717999999997,,,,0.0,,
80.29339999999968,,0.0,,,,
80.29999999999971,,,,,0.0,0.0
80.35772999999975,0.0,,,,,
80.36459999999968,,,0.0,,,
80.3717999999997,,,,0.0,,
80.39339999999967,,0.0,,,,
80.39999999999971,,,,,0.0,0.0
80.45772999999974,0.0,,,,,
80.46459999999968,,,0.0,,,
80.47179999999969,,,,0.0,,
80.49339999999967,,0.0,,,,
80.4999999999997,,,,,0.0,0.0
80.55772999999974,0.0,,,,,
80.56459999999967,,,0.0,,,
80.57179999999968,,,,0.0,,
80.59339999999966,,0.0,,,,
80.5999999999997,,,,,0.0,0.0
80.65772999999973,0.0,,,,,
80.66459999999967,,,0.0,,,
80.67179999999968,,,,0.0,,
80.69339999999966,,0.0,,,,
80.69999999999969,,,,,0.0,0.0
80.75772999999973,0.0,,,,,
80.76459999999966,,,0.0,,,
80.77179999999967,,,,0.0,,
80.79339999999965,,0.0,,,,
80.79999999999968,,,,,0.0,0.0
80.85772999999972,0.0,,,,,
80.86459999999965,,,0.0,,,
80.87179999999967,,,,0.0,,
80.89339999999964,,0.0,,,,
80.89999999999968,,,,,0.0,0.0
80.95772999999971,0.0,,,,,
80.96459999999965,,,0.0,,,
80.97179999999966,,,,0.0,,
80.99339999999964,,0.0,,,,
80.99999999999967,,,,,0.0,0.0
81.05772999999971,0.0,,,,,
81.06459999999964,,,0.0,,,
81.07179999999966,,,,0.0,,
81.09339999999963,,0.0,,,,
81.09999999999967,,,,,0.0,0.0
81.1577299999997,0.0,,,,,
81.16459999999964,,,0.0,,,
81.17179999999965,,,,0.0,,
81.19339999999963,,0.0,,,,
81.19999999999966,,,,,0.0,0.0
81.2577299999997,0.0,,,,,
81.26459999999963,,,0.0,,,
81.27179999999964,,,,0.0,,
81.29339999999962,,0.0,,,,
81.29999999999966,,,,,0.0,0.0
81.35772999999969,0.0,,,,,
81.36459999999963,,,0.0,,,
81.37179999999964,,,,0.0,,
81.39339999999962,,0.0,,,,
81.39999999999965,,,,,0.0,0.0
81.45772999999969,0.0,,,,,
81.46459999999962,,,0.0,,,
81.47179999999963,,,,0.0,,
81.49339999999961,,0.0,,,,
81.49999999999964,,,,,0.0,0.0
81.55772999999968,0.0,,,,,
81.56459999999961,,,0.0,,,
81.57179999999963,,,,0.0,,
81.5933999999996,,0.0,,,,
81.59999999999964,,,,,0.0,0.0
81.65772999999967,0.0,,,,,
81.66459999999961,,,0.0,,,
81.67179999999962,,,,0.0,,
81.6933999999996,,0.0,,,,
81.69999999999963,,,,,0.0,0.0
81.75772999999967,0.0,,,,,
81.7645999999996,,,0.0,,,
81.77179999999962,,,,0.0,,
81.7933999999996,,0.0,,,,
81.79999999999963,,,,,0.0,0.0
81.85772999999966,0.0,,,,,
81.8645999999996,,,0.0,,,
81.87179999999961,,,,0.0,,
81.89339999999959,,0.0,,,,
81.89999999999962,,,,,0.0,0.0
81.95772999999966,0.0,,,,,
81.96459999999959,,,0.0,,,
81.9717999999996,,,,0.0,,
81.99339999999958,,0.0,,,,
81.99999999999962,,,,,0.0,0.0
82.05772999999965,0.0,,,,,
82.06459999999959,,,0.0,,,
82.0717999999996,,,,0.0,,
82.09339999999958,,0.0,,,,
82.09999999999961,,,,,0.0,0.0
82.15772999999965,0.0,,,,,
82.16459999999958,,,0.0,,,
82.17179999999959,,,,0.0,,
82.19339999999957,,0.0,,,,
82.1999999999996,,,,,0.0,0.0
82.25772999999964,0.0,,,,,
82.26459999999958,,,0.0,,,
82.27179999999959,,,,0.0,,
82.29339999999956,,0.0,,,,
82.2999999999996,,,,,0.0,0.0
82.35772999999963,0.0,,,,,
82.36459999999957,,,0.0,,,
82.37179999999958,,,,0.0,,
82.39339999999956,,0.0,,,,
82.3999999999996,,,,,0.0,0.0
82.45772999999963,0.0,,,,,
82.46459999999956,,,0.0,,,
82.47179999999958,,,,0.0,,
82.49339999999955,,0.0,,,,
82.49999999999959,,,,,0.0,0.0
82.55772999999962,0.0,,,,,
82.56459999999956,,,0.0,,,
82.57179999999957,,,,0.0,,
82.59339999999955,,0.0,,,,
82.59999999999958,,,,,0.0,0.0
82.65772999999962,0.0,,,,,
82.66459999999955,,,0.0,,,
82.67179999999956,,,,0.0,,
82.69339999999954,,0.0,,,,
82.69999999999958,,,,,0.0,0.0
82.75772999999961,0.0,,,,,
82.76459999999955,,,0.0,,,
82.77179999999956,,,,0.0,,
82.79339999999954,,0.0,,,,
82.79999999999957,,,,,0.0,0.0
82.8577299999996,0.0,,,,,
82.86459999999954,,,0.0,,,
82.87179999999955,,,,0.0,,
82.89339999999953,,0.0,,,,
82.89999999999957,,,,,0.0,0.0
82.9577299999996,0.0,,,,,
82.96459999999954,,,0.0,,,
82.97179999999955,,,,0.0,,
82.99339999999953,,0.0,,,,
82.99999999999956,,,,,0.0,0.0
83.0577299999996,0.0,,,,,
83.06459999999953,,,0.0,,,
83.07179999999954,,,,0.0,,
83.09339999999952,,0.0,,,,
83.09999999999955,,,,,0.0,0.0
83.15772999999959,0.0,,,,,
83.16459999999952,,,0.0,,,
83.17179999999954,,,,0.0,,
83.19339999999951,,0.0,,,,
83.19999999999955,,,,,0.0,0.0
83.25772999999958,0.0,,,,,
83.26459999999952,,,0.0,,,
83.27179999999953,,,,0.0,,
83.29339999999951,,0.0,,,,
83.29999999999954,,,,,0.0,0.0
83.35772999999958,0.0,,,,,
83.36459999999951,,,0.0,,,
83.37179999999952,,,,0.0,,
83.3933999999995,,0.0,,,,
83.39999999999954,,,,,0.0,0.0
83.45772999999957,0.0,,,,,
83.4645999999995,,,0.0,,,
83.47179999999952,,,,0.0,,
83.4933999999995,,0.0,,,,
83.49999999999953,,,,,0.0,0.0
83.55772999999957,0.0,,,,,
83.5645999999995,,,0.0,,,
83.57179999999951,,,,0.0,,
83.59339999999949,,0.0,,,,
83.59999999999953,,,,,0.0,0.0
83.65772999999956,0.0,,,,,
83.6645999999995,,,0.0,,,
83.67179999999951,,,,0.0,,
83.69339999999949,,0.0,,,,
83.69999999999952,,,,,0.0,0.0
83.75772999999955,0.0,,,,,
83.76459999999949,,,0.0,,,
83.7717999999995,,,,0.0,,
83.79339999999948,,0.0,,,,
83.79999999999951,,,,,0.0,0.0
83.85772999999955,0.0,,,,,
83.86459999999948,,,0.0,,,
83.8717999999995,,,,0.0,,
83.89339999999947,,0.0,,,,
83.89999999999951,,,,,0.0,0.0
83.95772999999954,0.0,,,,,
83.96459999999948,,,0.0,,,
83.97179999999949,,,,0.0,,
83.99339999999947,,0.0,,,,
83.9999999999995,,,,,0.0,0.0
84.05772999999954,0.0,,,,,
84.06459999999947,,,0.0,,,
84.07179999999948,,,,0.0,,
84.09339999999946,,0.0,,,,
84.0999999999995,,,,,0.0,0.0
84.15772999999953,0.0,,,,,
84.16459999999947,,,0.0,,,
84.17179999999948,,,,0.0,,
84.19339999999946,,0.0,,,,
84.19999999999949,,,,,0.0,0.0
84.25772999999953,0.0,,,,,
84.26459999999946,,,0.0,,,
84.27179999999947,,,,0.0,,
84.29339999999945,,0.0,,,,
84.29999999999949,,,,,0.0,0.0
84.35772999999952,0.0,,,,,
84.36459999999946,,,0.0,,,
84.37179999999947,,,,0.0,,
84.39339999999945,,0.0,,,,
84.39999999999948,,,,,0.0,0.0
84.45772999999951,0.0,,,,,
84.46459999999945,,,0.0,,,
84.47179999999946,,,,0.0,,
84.49339999999944,,0.0,,,,
84.49999999999947,,,,,0.0,0.0
84.55772999999951,0.0,,,,,
84.56459999999944,,,0.0,,,
84.57179999999946,,,,0.0,,
84.59339999999943,,0.0,,,,
84.59999999999947,,,,,0.0,0.0
84.6577299999995,0.0,,,,,
84.66459999999944,,,0.0,,,
84.67179999999945,,,,0.0,,
84.69339999999943,,0.0,,,,
84.69999999999946,,,,,0.0,0.0
84.7577299999995,0.0,,,,,
84.76459999999943,,,0.0,,,
84.77179999999944,,,,0.0,,
84.79339999999942,,0.0,,,,
84.79999999999946,,,,,0.0,0.0
84.85772999999949,0.0,,,,,
84.86459999999943,,,0.0,,,
84.87179999999944,,,,0.0,,
84.89339999999942,,0.0,,,,
84.89999999999945,,,,,0.0,0.0
84.95772999999949,0.0,,,,,
84.96459999999942,,,0.0,,,
84.97179999999943,,,,0.0,,
84.99339999999941,,0.0,,,,
84.99999999999945,,,,,0.0,0.0
85.05772999999948,0.0,,,,,
85.06459999999942,,,0.0,,,
85.07179999999943,,,,0.0,,
85.0933999999994,,0.0,,,,
85.09999999999944,,,,,0.0,0.0
85.15772999999948,0.0,,,,,
85.16459999999941,,,0.0,,,
85.17179999999942,,,,0.0,,
85.1933999999994,,0.0,,,,
85.19999999999943,,,,,0.0,0.0
85.25772999999947,0.0,,,,,
85.2645999999994,,,0.0,,,
85.27179999999942,,,,0.0,,
85.2933999999994,,0.0,,,,
85.29999999999943,,,,,0.0,0.0
85.35772999999946,0.0,,,,,
85.3645999999994,,,0.0,,,
85.37179999999941,,,,0.0,,
85.39339999999939,,0.0,,,,
85.39999999999942,,,,,0.0,0.0
85.45772999999946,0.0,,,,,
85.4645999999994,,,0.0,,,
85.4717999999994,,,,0.0,,
85.49339999999938,,0.0,,,,
85.49999999999942,,,,,0.0,0.0
85.55772999999945,0.0,,,,,
85.56459999999939,,,0.0,,,
85.5717999999994,,,,0.0,,
85.59339999999938,,0.0,,,,
85.59999999999941,,,,,0.0,0.0
85.65772999999945,0.0,,,,,
85.66459999999938,,,0.0,,,
85.6717999999994,,,,0.0,,
85.69339999999937,,0.0,,,,
85.6999999999994,,,,,0.0,0.0
85.75772999999944,0.0,,,,,
85.76459999999938,,,0.0,,,
85.77179999999939,,,,0.0,,
85.79339999999937,,0.0,,,,
85.7999999999994,,,,,0.0,0.0
85.85772999999944,0.0,,,,,
85.86459999999937,,,0.0,,,
85.87179999999938,,,,0.0,,
85.89339999999936,,0.0,,,,
85.8999999999994,,,,,0.0,0.0
85.95772999999943,0.0,,,,,
85.96459999999936,,,0.0,,,
85.97179999999938,,,,0.0,,
85.99339999999935,,0.0,,,,
85.99999999999939,,,,,0.0,0.0
86.05772999999942,0.0,,,,,
86.06459999999936,,,0.0,,,
86.07179999999937,,,,0.0,,
86.09339999999935,,0.0,,,,
86.09999999999938,,,,,0.0,0.0
86.15772999999942,0.0,,,,,
86.16459999999935,,,0.0,,,
86.17179999999937,,,,0.0,,
86.19339999999934,,0.0,,,,
86.19999999999938,,,,,0.0,0.0
86.25772999999941,0.0,,,,,
86.26459999999935,,,0.0,,,
86.27179999999936,,,,0.0,,
86.29339999999934,,0.0,,,,
86.29999999999937,,,,,0.0,0.0
86.3577299999994,0.0,,,,,
86.36459999999934,,,0.0,,,
86.37179999999935,,,,0.0,,
86.39339999999933,,0.0,,,,
86.39999999999937,,,,,0.0,0.0
86.4577299999994,0.0,,,,,
86.46459999999934,,,0.0,,,
86.47179999999935,,,,0.0,,
86.49339999999933,,0.0,,,,
86.49999999999936,,,,,0.0,0.0
86.5577299999994,0.0,,,,,
86.56459999999933,,,0.0,,,
86.57179999999934,,,,0.0,,
86.59339999999932,,0.0,,,,
86.59999999999935,,,,,0.0,0.0
86.65772999999939,0.0,,,,,
86.66459999999933,,,0.0,,,
86.67179999999934,,,,0.0,,
86.69339999999931,,0.0,,,,
86.69999999999935,,,,,0.0,0.0
86.75772999999938,0.0,,,,,
86.76459999999932,,,0.0,,,
86.77179999999933,,,,0.0,,
86.79339999999931,,0.0,,,,
86.79999999999934,,,,,0.0,0.0
86.85772999999938,0.0,,,,,
86.86459999999931,,,0.0,,,
86.87179999999933,,,,0.0,,
86.8933999999993,,0.0,,,,
86.89999999999934,,,,,0.0,0.0
86.95772999999937,0.0,,,,,
86.96459999999931,,,0.0,,,
86.97179999999932,,,,0.0,,
86.9933999999993,,0.0,,,,
86.99999999999933,,,,,0.0,0.0
87.05772999999937,0.0,,,,,
87.0645999999993,,,0.0,,,
87.07179999999931,,,,0.0,,
87.09339999999929,,0.0,,,,
87.09999999999933,,,,,0.0,0.0
87.15772999999936,0.0,,,,,
87.1645999999993,,,0.0,,,
87.17179999999931,,,,0.0,,
87.19339999999929,,0.0,,,,
87.19999999999932,,,,,0.0,0.0
87.25772999999936,0.0,,,,,
87.26459999999929,,,0.0,,,
87.2717999999993,,,,0.0,,
87.29339999999928,,0.0,,,,
87.29999999999932,,,,,0.0,0.0
87.35772999999935,0.0,,,,,
87.36459999999929,,,0.0,,,
87.3717999999993,,,,0.0,,
87.39339999999927,,0.0,,,,
87.39999999999931,,,,,0.0,0.0
87.45772999999934,0.0,,,,,
87.46459999999928,,,0.0,,,
87.47179999999929,,,,0.0,,
87.49339999999927,,0.0,,,,
87.4999999999993,,,,,0.0,0.0
87.55772999999934,0.0,,,,,
87.56459999999927,,,0.0,,,
87.57179999999929,,,,0.0,,
87.59339999999926,,0.0,,,,
87.5999999999993,,,,,0.0,0.0
87.65772999999933,0.0,,,,,
87.66459999999927,,,0.0,,,
87.67179999999928,,,,0.0,,
87.69339999999926,,0.0,,,,
87.69999999999929,,,,,0.0,0.0
87.75772999999933,0.0,,,,,
87.76459999999926,,,0.0,,,
87.77179999999927,,,,0.0,,
87.79339999999925,,0.0,,,,
87.79999999999929,,,,,0.0,0.0
87.85772999999932,0.0,,,,,
87.86459999999926,,,0.0,,,
87.87179999999927,,,,0.0,,
87.89339999999925,,0.0,,,,
87.89999999999928,,,,,0.0,0.0
87.95772999999932,0.0,,,,,
87.96459999999925,,,0.0,,,
87.97179999999926,,,,0.0,,
87.99339999999924,,0.0,,,,
87.99999999999928,,,,,0.0,0.0
88.05772999999931,0.0,,,,,
88.06459999999925,,,0.0,,,
88.07179999999926,,,,0.0,,
88.09339999999924,,0.0,,,,
88.09999999999927,,,,,0.0,0.0
88.1577299999993,0.0,,,,,
88.16459999999924,,,0.0,,,
88.17179999999925,,,,0.0,,
88.19339999999923,,0.0,,,,
88.19999999999926,,,,,0.0,0.0
88.2577299999993,0.0,,,,,
88.26459999999923,,,0.0,,,
88.27179999999925,,,,0.0,,
88.29339999999922,,0.0,,,,
88.29999999999926,,,,,0.0,0.0
88.3577299999993,0.0,,,,,
88.36459999999923,,,0.0,,,
88.37179999999924,,,,0.0,,
88.39339999999922,,0.0,,,,
88.39999999999925,,,,,0.0,0.0
88.45772999999929,0.0,,,,,
88.46459999999922,,,0.0,,,
88.47179999999923,,,,0.0,,
88.49339999999921,,0.0,,,,
88.49999999999925,,,,,0.0,0.0
88.55772999999928,0.0,,,,,
88.56459999999922,,,0.0,,,
88.57179999999923,,,,0.0,,
88.5933999999992,,0.0,,,,
88.59999999999924,,,,,0.0,0.0
88.65772999999928,0.0,,,,,
88.66459999999921,,,0.0,,,
88.67179999999922,,,,0.0,,
88.6933999999992,,0.0,,,,
88.69999999999924,,,,,0.0,0.0
88.75772999999927,0.0,,,,,
88.7645999999992,,,0.0,,,
88.77179999999922,,,,0.0,,
88.7933999999992,,0.0,,,,
88.79999999999923,,,,,0.0,0.0
88.85772999999926,0.0,,,,,
88.8645999999992,,,0.0,,,
88.87179999999921,,,,0.0,,
88.89339999999919,,0.0,,,,
88.89999999999922,,,,,0.0,0.0
88.95772999999926,0.0,,,,,
88.9645999999992,,,0.0,,,
88.9717999999992,,,,0.0,,
88.99339999999918,,0.0,,,,
88.99999999999922,,,,,0.0,0.0
89.05772999999925,0.0,,,,,
89.06459999999919,,,0.0,,,
89.0717999999992,,,,0.0,,
89.09339999999918,,0.0,,,,
89.09999999999921,,,,,0.0,0.0
89.15772999999925,0.0,,,,,
89.16459999999918,,,0.0,,,
89.1717999999992,,,,0.0,,
89.19339999999917,,0.0,,,,
89.1999999999992,,,,,0.0,0.0
89.25772999999924,0.0,,,,,
89.26459999999918,,,0.0,,,
89.27179999999919,,,,0.0,,
89.29339999999917,,0.0,,,,
89.2999999999992,,,,,0.0,0.0
89.35772999999924,0.0,,,,,
89.36459999999917,,,0.0,,,
89.37179999999918,,,,0.0,,
89.39339999999916,,0.0,,,,
89.3999999999992,,,,,0.0,0.0
89.45772999999923,0.0,,,,,
89.46459999999917,,,0.0,,,
89.47179999999918,,,,0.0,,
89.49339999999916,,0.0,,,,
89.49999999999919,,,,,0.0,0.0
89.55772999999922,0.0,,,,,
89.56459999999916,,,0.0,,,
89.57179999999917,,,,0.0,,
89.59339999999915,,0.0,,,,
89.59999999999918,,,,,0.0,0.0
89.65772999999922,0.0,,,,,
89.66459999999915,,,0.0,,,
89.67179999999917,,,,0.0,,
89.69339999999914,,0.0,,,,
89.69999999999918,,,,,0.0,0.0
89.75772999999921,0.0,,,,,
89.76459999999915,,,0.0,,,
89.77179999999916,,,,0.0,,
89.79339999999914,,0.0,,,,
89.79999999999917,,,,,0.0,0.0
89.85772999999921,0.0,,,,,
89.86459999999914,,,0.0,,,
89.87179999999915,,,,0.0,,
89.89339999999913,,0.0,,,,
89.89999999999917,,,,,0.0,0.0
89.9577299999992,0.0,,,,,
89.96459999999914,,,0.0,,,
89.97179999999915,,,,0.0,,
89.99339999999913,,0.0,,,,
89.99999999999916,,,,,0.0,0.0
90.0577299999992,0.0,,,,,
90.06459999999913,,,0.0,,,
90.07179999999914,,,,0.0,,
90.09339999999912,,0.0,,,,
90.09999999999916,,,,,0.0,0.0
90.15772999999919,0.0,,,,,
90.16459999999913,,,0.0,,,
90.17179999999914,,,,0.0,,
90.19339999999912,,0.0,,,,
90.19999999999915,,,,,0.0,0.0
90.25772999999919,0.0,,,,,
90.26459999999912,,,0.0,,,
90.27179999999913,,,,0.0,,
90.29339999999911,,0.0,,,,
90.29999999999914,,,,,0.0,0.0
90.35772999999918,0.0,,,,,
90.36459999999911,,,0.0,,,
90.37179999999913,,,,0.0,,
90.3933999999991,,0.0,,,,
90.39999999999914,,,,,0.0,0.0
90.45772999999917,0.0,,,,,
90.46459999999911,,,0.0,,,
90.47179999999912,,,,0.0,,
90.4933999999991,,0.0,,,,
90.49999999999913,,,,,0.0,0.0
90.55772999999917,0.0,,,,,
90.5645999999991,,,0.0,,,
90.57179999999912,,,,0.0,,
90.5933999999991,,0.0,,,,
90.59999999999913,,,,,0.0,0.0
90.65772999999916,0.0,,,,,
90.6645999999991,,,0.0,,,
90.67179999999911,,,,0.0,,
90.69339999999909,,0.0,,,,
90.69999999999912,,,,,0.0,0.0
90.75772999999916,0.0,,,,,
90.76459999999909,,,0.0,,,
90.7717999999991,,,,0.0,,
90.79339999999908,,0.0,,,,
90.79999999999912,,,,,0.0,0.0
90.85772999999915,0.0,,,,,
90.86459999999909,,,0.0,,,
90.8717999999991,,,,0.0,,
90.89339999999908,,0.0,,,,
90.89999999999911,,,,,0.0,0.0
90.95772999999915,0.0,,,,,
90.96459999999908,,,0.0,,,
90.97179999999909,,,,0.0,,
90.99339999999907,,0.0,,,,
90.9999999999991,,,,,0.0,0.0
91.05772999999914,0.0,,,,,
91.06459999999907,,,0.0,,,
91.07179999999909,,,,0.0,,
91.09339999999906,,0.0,,,,
91.0999999999991,,,,,0.0,0.0
91.15772999999913,0.0,,,,,
91.16459999999907,,,0.0,,,
91.17179999999908,,,,0.0,,
91.19339999999906,,0.0,,,,
91.1999999999991,,,,,0.0,0.0
91.25772999999913,0.0,,,,,
91.26459999999906,,,0.0,,,
91.27179999999908,,,,0.0,,
91.29339999999905,,0.0,,,,
91.29999999999909,,,,,0.0,0.0
91.35772999999912,0.0,,,,,
91.36459999999906,,,0.0,,,
91.37179999999907,,,,0.0,,
91.39339999999905,,0.0,,,,
91.39999999999908,,,,,0.0,0.0
91.45772999999912,0.0,,,,,
91.46459999999905,,,0.0,,,
91.47179999999906,,,,0.0,,
91.49339999999904,,0.0,,,,
91.49999999999908,,,,,0.0,0.0
91.55772999999911,0.0,,,,,
91.56459999999905,,,0.0,,,
91.57179999999906,,,,0.0,,
91.59339999999904,,0.0,,,,
91.59999999999907,,,,,0.0,0.0
91.6577299999991,0.0,,,,,
91.66459999999904,,,0.0,,,
91.67179999999905,,,,0.0,,
91.69339999999903,,0.0,,,,
91.69999999999906,,,,,0.0,0.0
91.7577299999991,0.0,,,,,
91.76459999999904,,,0.0,,,
91.77179999999905,,,,0.0,,
91.79339999999902,,0.0,,,,
91.79999999999906,,,,,0.0,0.0
91.8577299999991,0.0,,,,,
91.86459999999903,,,0.0,,,
91.87179999999904,,,,0.0,,
91.89339999999902,,0.0,,,,
91.89999999999905,,,,,0.0,0.0
91.95772999999909,0.0,,,,,
91.96459999999902,,,0.0,,,
91.97179999999904,,,,0.0,,
91.99339999999901,,0.0,,,,
91.99999999999905,,,,,0.0,0.0
92.05772999999908,0.0,,,,,
92.06459999999902,,,0.0,,,
92.07179999999903,,,,0.0,,
92.09339999999901,,0.0,,,,
92.09999999999904,,,,,0.0,0.0
92.15772999999908,0.0,,,,,
92.16459999999901,,,0.0,,,
92.17179999999902,,,,0.0,,
92.193399999999,,0.0,,,,
92.19999999999904,,,,,0.0,0.0
92.25772999999907,0.0,,,,,
92.264599999999,,,0.0,,,
92.27179999999902,,,,0.0,,
92.293399999999,,0.0,,,,
92.29999999999903,,,,,0.0,0.0
92.35772999999907,0.0,,,,,
92.364599999999,,,0.0,,,
92.37179999999901,,,,0.0,,
92.39339999999899,,0.0,,,,
92.39999999999903,,,,,0.0,0.0
92.45772999999906,0.0,,,,,
92.464599999999,,,0.0,,,
92.471799999999,,,,0.0,,
92.49339999999899,,0.0,,,,
92.49999999999902,,,,,0.0,0.0
92.55772999999905,0.0,,,,,
92.56459999999899,,,0.0,,,
92.571799999999,,,,0.0,,
92.59339999999898,,0.0,,,,
92.59999999999901,,,,,0.0,0.0
92.65772999999905,0.0,,,,,
92.66459999999898,,,0.0,,,
92.671799999999,,,,0.0,,
92.69339999999897,,0.0,,,,
92.69999999999901,,,,,0.0,0.0
92.75772999999904,0.0,,,,,
92.76459999999898,,,0.0,,,
92.77179999999899,,,,0.0,,
92.79339999999897,,0.0,,,,
92.799999999999,,,,,0.0,0.0
92.85772999999904,0.0,,,,,
92.86459999999897,,,0.0,,,
92.87179999999898,,,,0.0,,
92.89339999999896,,0.0,,,,
92.899999999999,,,,,0.0,0.0
92.95772999999903,0.0,,,,,
92.96459999999897,,,0.0,,,
92.97179999999898,,,,0.0,,
92.99339999999896,,0.0,,,,
92.99999999999899,,,,,0.0,0.0
93.05772999999903,0.0,,,,,
93.06459999999896,,,0.0,,,
93.07179999999897,,,,0.0,,
93.09339999999895,,0.0,,,,
93.09999999999899,,,,,0.0,0.0
93.15772999999902,0.0,,,,,
93.16459999999896,,,0.0,,,
93.17179999999897,,,,0.0,,
93.19339999999895,,0.0,,,,
93.19999999999898,,,,,0.0,0.0
93.25772999999901,0.0,,,,,
93.26459999999895,,,0.0,,,
93.27179999999896,,,,0.0,,
93.29339999999894,,0.0,,,,
93.29999999999897,,,,,0.0,0.0
93.35772999999901,0.0,,,,,
93.36459999999894,,,0.0,,,
93.37179999999896,,,,0.0,,
93.39339999999893,,0.0,,,,
93.39999999999897,,,,,0.0,0.0
93.457729999999,0.0,,,,,
93.46459999999894,,,0.0,,,
93.47179999999895,,,,0.0,,
93.49339999999893,,0.0,,,,
93.49999999999896,,,,,0.0,0.0
93.557729999999,0.0,,,,,
93.56459999999893,,,0.0,,,
93.57179999999894,,,,0.0,,
93.59339999999892,,0.0,,,,
93.59999999999896,,,,,0.0,0.0
93.65772999999899,0.0,,,,,
93.66459999999893,,,0.0,,,
93.67179999999894,,,,0.0,,
93.69339999999892,,0.0,,,,
93.69999999999895,,,,,0.0,0.0
93.75772999999899,0.0,,,,,
93.76459999999892,,,0.0,,,
93.77179999999893,,,,0.0,,
93.79339999999891,,0.0,,,,
93.79999999999895,,,,,0.0,0.0
93.85772999999898,0.0,,,,,
93.86459999999892,,,0.0,,,
93.87179999999893,,,,0.0,,
93.8933999999989,,0.0,,,,
93.89999999999894,,,,,0.0,0.0
93.95772999999897,0.0,,,,,
93.96459999999891,,,0.0,,,
93.97179999999892,,,,0.0,,
93.9933999999989,,0.0,,,,
93.99999999999893,,,,,0.0,0.0
94.05772999999897,0.0,,,,,
94.0645999999989,,,0.0,,,
94.07179999999892,,,,0.0,,
94.0933999999989,,0.0,,,,
94.09999999999893,,,,,0.0,0.0
94.15772999999896,0.0,,,,,
94.1645999999989,,,0.0,,,
94.17179999999891,,,,0.0,,
94.19339999999889,,0.0,,,,
94.19999999999892,,,,,0.0,0.0
94.25772999999896,0.0,,,,,
94.2645999999989,,,0.0,,,
94.2717999999989,,,,0.0,,
94.29339999999888,,0.0,,,,
94.29999999999892,,,,,0.0,0.0
94.35772999999895,0.0,,,,,
94.36459999999889,,,0.0,,,
94.3717999999989,,,,0.0,,
94.39339999999888,,0.0,,,,
94.39999999999891,,,,,0.0,0.0
94.45772999999895,0.0,,,,,
94.46459999999888,,,0.0,,,
94.4717999999989,,,,0.0,,
94.49339999999887,,0.0,,,,
94.4999999999989,,,,,0.0,0.0
94.55772999999894,0.0,,,,,
94.56459999999888,,,0.0,,,
94.57179999999889,,,,0.0,,
94.59339999999887,,0.0,,,,
94.5999999999989,,,,,0.0,0.0
94.65772999999893,0.0,,,,,
94.66459999999887,,,0.0,,,
94.67179999999888,,,,0.0,,
94.69339999999886,,0.0,,,,
94.6999999999989,,,,,0.0,0.0
94.75772999999893,0.0,,,,,
94.76459999999886,,,0.0,,,
94.77179999999888,,,,0.0,,
94.79339999999885,,0.0,,,,
94.79999999999889,,,,,0.0,0.0
94.85772999999892,0.0,,,,,
94.86459999999886,,,0.0,,,
94.87179999999887,,,,0.0,,
94.89339999999885,,0.0,,,,
94.89999999999888,,,,,0.0,0.0
94.95772999999892,0.0,,,,,
94.96459999999885,,,0.0,,,
94.97179999999886,,,,0.0,,
94.99339999999884,,0.0,,,,
94.99999999999888,,,,,0.0,0.0
95.05772999999891,0.0,,,,,
95.06459999999885,,,0.0,,,
95.07179999999886,,,,0.0,,
95.09339999999884,,0.0,,,,
95.09999999999887,,,,,0.0,0.0
95.1577299999989,0.0,,,,,
95.16459999999884,,,0.0,,,
95.17179999999885,,,,0.0,,
95.19339999999883,,0.0,,,,
95.19999999999887,,,,,0.0,0.0
95.2577299999989,0.0,,,,,
95.26459999999884,,,0.0,,,
95.27179999999885,,,,0.0,,
95.29339999999883,,0.0,,,,
95.29999999999886,,,,,0.0,0.0
95.3577299999989,0.0,,,,,
95.36459999999883,,,0.0,,,
95.37179999999884,,,,0.0,,
95.39339999999882,,0.0,,,,
95.39999999999885,,,,,0.0,0.0
95.45772999999889,0.0,,,,,
95.46459999999882,,,0.0,,,
95.47179999999884,,,,0.0,,
95.49339999999881,,0.0,,,,
95.49999999999885,,,,,0.0,0.0
95.55772999999888,0.0,,,,,
95.56459999999882,,,0.0,,,
95.57179999999883,,,,0.0,,
95.59339999999881,,0.0,,,,
95.59999999999884,,,,,0.0,0.0
95.65772999999888,0.0,,,,,
95.66459999999881,,,0.0,,,
95.67179999999883,,,,0.0,,
95.6933999999988,,0.0,,,,
95.69999999999884,,,,,0.0,0.0
95.75772999999887,0.0,,,,,
95.76459999999881,,,0.0,,,
95.77179999999882,,,,0.0,,
95.7933999999988,,0.0,,,,
95.79999999999883,,,,,0.0,0.0
95.85772999999887,0.0,,,,,
95.8645999999988,,,0.0,,,
95.87179999999881,,,,0.0,,
95.89339999999879,,0.0,,,,
95.89999999999883,,,,,0.0,0.0
95.95772999999886,0.0,,,,,
95.9645999999988,,,0.0,,,
95.97179999999881,,,,0.0,,
95.99339999999879,,0.0,,,,
95.99999999999882,,,,,0.0,0.0
96.05772999999886,0.0,,,,,
96.06459999999879,,,0.0,,,
96.0717999999988,,,,0.0,,
96.09339999999878,,0.0,,,,
96.09999999999881,,,,,0.0,0.0
96.15772999999885,0.0,,,,,
96.16459999999879,,,0.0,,,
96.1717999999988,,,,0.0,,
96.19339999999877,,0.0,,,,
96.19999999999881,,,,,0.0,0.0
96.25772999999884,0.0,,,,,
96.26459999999878,,,0.0,,,
96.27179999999879,,,,0.0,,
96.29339999999877,,0.0,,,,
96.2999999999988,,,,,0.0,0.0
96.35772999999884,0.0,,,,,
96.36459999999877,,,0.0,,,
96.37179999999879,,,,0.0,,
96.39339999999876,,0.0,,,,
96.3999999999988,,,,,0.0,0.0
96.45772999999883,0.0,,,,,
96.46459999999877,,,0.0,,,
96.47179999999878,,,,0.0,,
96.49339999999876,,0.0,,,,
96.49999999999879,,,,,0.0,0.0
96.55772999999883,0.0,,,,,
96.56459999999876,,,0.0,,,
96.57179999999877,,,,0.0,,
96.59339999999875,,0.0,,,,
96.59999999999879,,,,,0.0,0.0
96.65772999999882,0.0,,,,,
96.66459999999876,,,0.0,,,
96.67179999999877,,,,0.0,,
96.69339999999875,,0.0,,,,
96.69999999999878,,,,,0.0,0.0
96.75772999999882,0.0,,,,,
96.76459999999875,,,0.0,,,
96.77179999999876,,,,0.0,,
96.79339999999874,,0.0,,,,
96.79999999999878,,,,,0.0,0.0
96.85772999999881,0.0,,,,,
96.86459999999875,,,0.0,,,
96.87179999999876,,,,0.0,,
96.89339999999873,,0.0,,,,
96.89999999999877,,,,,0.0,0.0
96.9577299999988,0.0,,,,,
96.96459999999874,,,0.0,,,
96.97179999999875,,,,0.0,,
96.99339999999873,,0.0,,,,
96.99999999999876,,,,,0.0,0.0
97.0577299999988,0.0,,,,,
97.06459999999873,,,0.0,,,
97.07179999999875,,,,0.0,,
97.09339999999872,,0.0,,,,
97.09999999999876,,,,,0.0,0.0
97.15772999999879,0.0,,,,,
97.16459999999873,,,0.0,,,
97.17179999999874,,,,0.0,,
97.19339999999872,,0.0,,,,
97.19999999999875,,,,,0.0,0.0
97.25772999999879,0.0,,,,,
97.26459999999872,,,0.0,,,
97.27179999999873,,,,0.0,,
97.29339999999871,,0.0,,,,
97.29999999999875,,,,,0.0,0.0
97.35772999999878,0.0,,,,,
97.36459999999872,,,0.0,,,
97.37179999999873,,,,0.0,,
97.3933999999987,,0.0,,,,
97.39999999999874,,,,,0.0,0.0
97.45772999999878,0.0,,,,,
97.46459999999871,,,0.0,,,
97.47179999999872,,,,0.0,,
97.4933999999987,,0.0,,,,
97.49999999999874,,,,,0.0,0.0
97.55772999999877,0.0,,,,,
97.5645999999987,,,0.0,,,
97.57179999999872,,,,0.0,,
97.5933999999987,,0.0,,,,
97.59999999999873,,,,,0.0,0.0
97.65772999999876,0.0,,,,,
97.6645999999987,,,0.0,,,
97.67179999999871,,,,0.0,,
97.69339999999869,,0.0,,,,
97.69999999999872,,,,,0.0,0.0
97.75772999999876,0.0,,,,,
97.7645999999987,,,0.0,,,
97.7717999999987,,,,0.0,,
97.79339999999868,,0.0,,,,
97.79999999999872,,,,,0.0,0.0
97.85772999999875,0.0,,,,,
97.86459999999869,,,0.0,,,
97.8717999999987,,,,0.0,,
97.89339999999868,,0.0,,,,
97.89999999999871,,,,,0.0,0.0
97.95772999999875,0.0,,,,,
97.96459999999868,,,0.0,,,
97.9717999999987,,,,0.0,,
97.99339999999867,,0.0,,,,
97.9999999999987,,,,,0.0,0.0
98.05772999999874,0.0,,,,,
98.06459999999868,,,0.0,,,
98.07179999999869,,,,0.0,,
98.09339999999867,,0.0,,,,
98.0999999999987,,,,,0.0,0.0
98.15772999999874,0.0,,,,,
98.16459999999867,,,0.0,,,
98.17179999999868,,,,0.0,,
98.19339999999866,,0.0,,,,
98.1999999999987,,,,,0.0,0.0
98.25772999999873,0.0,,,,,
98.26459999999867,,,0.0,,,
98.27179999999868,,,,0.0,,
98.29339999999866,,0.0,,,,
98.29999999999869,,,,,0.0,0.0
98.35772999999872,0.0,,,,,
98.36459999999866,,,0.0,,,
98.37179999999867,,,,0.0,,
98.39339999999865,,0.0,,,,
98.39999999999868,,,,,0.0,0.0
98.45772999999872,0.0,,,,,
98.46459999999865,,,0.0,,,
98.47179999999867,,,,0.0,,
98.49339999999864,,0.0,,,,
98.49999999999868,,,,,0.0,0.0
98.55772999999871,0.0,,,,,
98.56459999999865,,,0.0,,,
98.57179999999866,,,,0.0,,
98.59339999999864,,0.0,,,,
98.59999999999867,,,,,0.0,0.0
98.65772999999871,0.0,,,,,
98.66459999999864,,,0.0,,,
98.67179999999865,,,,0.0,,
98.69339999999863,,0.0,,,,
98.69999999999867,,,,,0.0,0.0
98.7577299999987,0.0,,,,,
98.76459999999864,,,0.0,,,
98.77179999999865,,,,0.0,,
98.79339999999863,,0.0,,,,
98.79999999999866,,,,,0.0,0.0
98.8577299999987,0.0,,,,,
98.86459999999863,,,0.0,,,
98.87179999999864,,,,0.0,,
98.89339999999862,,0.0,,,,
98.89999999999866,,,,,0.0,0.0
98.95772999999869,0.0,,,,,
98.96459999999863,,,0.0,,,
98.97179999999864,,,,0.0,,
98.99339999999862,,0.0,,,,
98.99999999999865,,,,,0.0,0.0
99.05772999999868,0.0,,,,,
99.06459999999862,,,0.0,,,
99.07179999999863,,,,0.0,,
99.09339999999861,,0.0,,,,
99.09999999999864,,,,,0.0,0.0
99.15772999999868,0.0,,,,,
99.16459999999861,,,0.0,,,
99.17179999999863,,,,0.0,,
99.1933999999986,,0.0,,,,
99.19999999999864,,,,,0.0,0.0
99.25772999999867,0.0,,,,,
99.26459999999861,,,0.0,,,
99.27179999999862,,,,0.0,,
99.2933999999986,,0.0,,,,
99.29999999999863,,,,,0.0,0.0
99.35772999999867,0.0,,,,,
99.3645999999986,,,0.0,,,
99.37179999999861,,,,0.0,,
99.39339999999859,,0.0,,,,
99.39999999999863,,,,,0.0,0.0
99.45772999999866,0.0,,,,,
99.4645999999986,,,0.0,,,
99.47179999999861,,,,0.0,,
99.49339999999859,,0.0,,,,
99.49999999999862,,,,,0.0,0.0
99.55772999999866,0.0,,,,,
99.56459999999859,,,0.0,,,
99.5717999999986,,,,0.0,,
99.59339999999858,,0.0,,,,
99.59999999999862,,,,,0.0,0.0
99.65772999999865,0.0,,,,,
99.66459999999859,,,0.0,,,
99.6717999999986,,,,0.0,,
99.69339999999858,,0.0,,,,
99.69999999999861,,,,,0.0,0.0
99.75772999999865,0.0,,,,,
99.76459999999858,,,0.0,,,
99.77179999999859,,,,0.0,,
99.79339999999857,,0.0,,,,
99.7999999999986,,,,,0.0,0.0
99.85772999999864,0.0,,,,,
99.86459999999857,,,0.0,,,
99.87179999999859,,,,0.0,,
99.89339999999856,,0.0,,,,
99.8999999999986,,,,,0.0,0.0
99.95772999999863,0.0,,,,,
99.96459999999857,,,0.0,,,
99.97179999999858,,,,0.0,,
99.99339999999856,,0.0,,,,
99.9999999999986,,,,,0.0,0.0
