time,Queue_1_load,Queue_2_load,Queue_3_load,Queue_4_load
0.0,0.0,0.0,0.0,0.0
0.1,0.0,0.0,0.0,0.0
0.2,0.0,0.0,0.0,0.0
0.30000000000000004,0.0,0.0,0.0,0.0
0.4,0.0,0.0,0.0,0.0
0.5,0.0,0.0,0.0,0.0
0.6,0.0,0.0,0.0,0.0
0.7,0.0,0.0,0.0,0.0
0.7999999999999999,0.0,0.0,0.0,0.0
0.8999999999999999,0.0,0.0,0.0,0.0
0.9999999999999999,0.0,0.0,0.0,0.0
1.0,1.0,,,
1.0999999999999999,1.0,0.0,0.0,0.0
1.0999999999999999,0.0,0.0,0.0,0.0
1.2,,0.0,0.0,0.0
1.3,,0.0,0.0,0.0
1.4000000000000001,,0.0,0.0,0.0
1.5000000000000002,,0.0,0.0,0.0
1.6000000000000003,,0.0,0.0,0.0
1.7000000000000004,,0.0,0.0,0.0
1.8000000000000005,,0.0,0.0,0.0
1.9000000000000006,,0.0,0.0,0.0
2.0000000000000004,,0.0,0.0,0.0
2.1000000000000005,,0.0,0.0,0.0
2.2000000000000006,,0.0,0.0,0.0
2.3000000000000007,,0.0,0.0,0.0
2.400000000000001,,0.0,0.0,0.0
2.500000000000001,,0.0,0.0,0.0
2.600000000000001,,0.0,0.0,0.0
2.700000000000001,,0.0,0.0,0.0
2.800000000000001,,0.0,0.0,0.0
2.9000000000000012,,0.0,0.0,0.0
3.0000000000000013,,0.0,0.0,0.0
3.1000000000000014,,0.0,0.0,0.0
3.2000000000000015,,0.0,0.0,0.0
3.3000000000000016,,0.0,0.0,0.0
3.4000000000000017,,0.0,0.0,0.0
3.5000000000000018,,0.0,0.0,0.0
3.600000000000002,,0.0,0.0,0.0
3.700000000000002,,0.0,0.0,0.0
3.800000000000002,,0.0,0.0,0.0
3.900000000000002,,0.0,0.0,0.0
4.000000000000002,,0.0,0.0,0.0
4.100000000000001,,0.0,0.0,0.0
4.200000000000001,,0.0,0.0,0.0
4.300000000000001,,0.0,0.0,0.0
4.4,,0.0,0.0,0.0
4.5,,0.0,0.0,0.0
4.6,,0.0,0.0,0.0
4.699999999999999,,0.0,0.0,0.0
4.799999999999999,,0.0,0.0,0.0
4.899999999999999,,0.0,0.0,0.0
4.999999999999998,,0.0,0.0,0.0
5.099999999999998,,0.0,0.0,0.0
5.1999999999999975,,0.0,0.0,0.0
5.299999999999997,,0.0,0.0,0.0
5.399999999999997,,0.0,0.0,0.0
5.4999999999999964,,0.0,0.0,0.0
5.599999999999996,,0.0,0.0,0.0
5.699999999999996,,0.0,0.0,0.0
5.799999999999995,,0.0,0.0,0.0
5.899999999999995,,0.0,0.0,0.0
5.999999999999995,,0.0,0.0,0.0
6.099999999999994,,0.0,0.0,0.0
6.199999999999994,,0.0,0.0,0.0
6.299999999999994,,0.0,0.0,0.0
6.399999999999993,,0.0,0.0,0.0
6.499999999999993,,0.0,0.0,0.0
6.5999999999999925,,0.0,0.0,0.0
6.699999999999992,,0.0,0.0,0.0
6.799999999999992,,0.0,0.0,0.0
6.8999999999999915,,0.0,0.0,0.0
6.999999999999991,,0.0,0.0,0.0
7.099999999999991,,0.0,0.0,0.0
7.19999999999999,,0.0,0.0,0.0
7.29999999999999,,0.0,0.0,0.0
7.39999999999999,,0.0,0.0,0.0
7.499999999999989,,0.0,0.0,0.0
7.599999999999989,,0.0,0.0,0.0
7.699999999999989,,0.0,0.0,0.0
7.799999999999988,,0.0,0.0,0.0
7.899999999999988,,0.0,0.0,0.0
7.999999999999988,,0.0,0.0,0.0
8.099999999999987,,0.0,0.0,0.0
8.199999999999987,,0.0,0.0,0.0
8.299999999999986,,0.0,0.0,0.0
8.399999999999986,,0.0,0.0,0.0
8.499999999999986,,0.0,0.0,0.0
8.599999999999985,,0.0,0.0,0.0
8.699999999999985,,0.0,0.0,0.0
8.799999999999985,,0.0,0.0,0.0
8.899999999999984,,0.0,0.0,0.0
8.999999999999984,,0.0,0.0,0.0
9.099999999999984,,0.0,0.0,0.0
9.199999999999983,,0.0,0.0,0.0
9.299999999999983,,0.0,0.0,0.0
9.399999999999983,,0.0,0.0,0.0
9.499999999999982,,0.0,0.0,0.0
9.599999999999982,,0.0,0.0,0.0
9.699999999999982,,0.0,0.0,0.0
9.799999999999981,,0.0,0.0,0.0
9.89999999999998,,0.0,0.0,0.0
9.99999999999998,,0.0,0.0,0.0
10.09999999999998,,0.0,0.0,0.0
10.19999999999998,,0.0,0.0,0.0
10.29999999999998,,0.0,0.0,0.0
10.399999999999979,,0.0,0.0,0.0
10.499999999999979,,0.0,0.0,0.0
10.599999999999978,,0.0,0.0,0.0
10.699999999999978,,0.0,0.0,0.0
10.799999999999978,,0.0,0.0,0.0
10.899999999999977,,0.0,0.0,0.0
10.999999999999977,,0.0,0.0,0.0
11.099999999999977,,0.0,0.0,0.0
11.199999999999976,,0.0,0.0,0.0
11.299999999999976,,0.0,0.0,0.0
11.399999999999975,,0.0,0.0,0.0
11.499999999999975,,0.0,0.0,0.0
11.599999999999975,,0.0,0.0,0.0
11.699999999999974,,0.0,0.0,0.0
11.799999999999974,,0.0,0.0,0.0
11.899999999999974,,0.0,0.0,0.0
11.999999999999973,,0.0,0.0,0.0
12.099999999999973,,0.0,0.0,0.0
12.199999999999973,,0.0,0.0,0.0
12.299999999999972,,0.0,0.0,0.0
12.399999999999972,,0.0,0.0,0.0
12.499999999999972,,0.0,0.0,0.0
12.599999999999971,,0.0,0.0,0.0
12.69999999999997,,0.0,0.0,0.0
12.79999999999997,,0.0,0.0,0.0
12.89999999999997,,0.0,0.0,0.0
12.99999999999997,,0.0,0.0,0.0
13.09999999999997,,0.0,0.0,0.0
13.199999999999969,,0.0,0.0,0.0
13.299999999999969,,0.0,0.0,0.0
13.399999999999968,,0.0,0.0,0.0
13.499999999999968,,0.0,0.0,0.0
13.599999999999968,,0.0,0.0,0.0
13.699999999999967,,0.0,0.0,0.0
13.799999999999967,,0.0,0.0,0.0
13.899999999999967,,0.0,0.0,0.0
13.999999999999966,,0.0,0.0,0.0
14.099999999999966,,0.0,0.0,0.0
14.199999999999966,,0.0,0.0,0.0
14.299999999999965,,0.0,0.0,0.0
14.399999999999965,,0.0,0.0,0.0
14.499999999999964,,0.0,0.0,0.0
14.599999999999964,,0.0,0.0,0.0
14.699999999999964,,0.0,0.0,0.0
14.799999999999963,,0.0,0.0,0.0
14.899999999999963,,0.0,0.0,0.0
14.999999999999963,,0.0,0.0,0.0
15.099999999999962,,0.0,0.0,0.0
15.199999999999962,,0.0,0.0,0.0
15.299999999999962,,0.0,0.0,0.0
15.399999999999961,,0.0,0.0,0.0
15.499999999999961,,0.0,0.0,0.0
15.59999999999996,,0.0,0.0,0.0
15.69999999999996,,0.0,0.0,0.0
15.79999999999996,,0.0,0.0,0.0
15.89999999999996,,0.0,0.0,0.0
15.99999999999996,,0.0,0.0,0.0
16.09999999999996,,0.0,0.0,0.0
16.19999999999996,,0.0,0.0,0.0
16.29999999999996,,0.0,0.0,0.0
16.399999999999963,,0.0,0.0,0.0
16.499999999999964,,0.0,0.0,0.0
16.599999999999966,,0.0,0.0,0.0
16.699999999999967,,0.0,0.0,0.0
16.79999999999997,,0.0,0.0,0.0
16.89999999999997,,0.0,0.0,0.0
16.99999999999997,,0.0,0.0,0.0
17.099999999999973,,0.0,0.0,0.0
17.199999999999974,,0.0,0.0,0.0
17.299999999999976,,0.0,0.0,0.0
17.399999999999977,,0.0,0.0,0.0
17.49999999999998,,0.0,0.0,0.0
17.59999999999998,,0.0,0.0,0.0
17.69999999999998,,0.0,0.0,0.0
17.799999999999983,,0.0,0.0,0.0
17.899999999999984,,0.0,0.0,0.0
17.999999999999986,,0.0,0.0,0.0
18.099999999999987,,0.0,0.0,0.0
18.19999999999999,,0.0,0.0,0.0
18.29999999999999,,0.0,0.0,0.0
18.39999999999999,,0.0,0.0,0.0
18.499999999999993,,0.0,0.0,0.0
18.599999999999994,,0.0,0.0,0.0
18.699999999999996,,0.0,0.0,0.0
18.799999999999997,,0.0,0.0,0.0
18.9,,0.0,0.0,0.0
19.0,,0.0,0.0,0.0
19.1,,0.0,0.0,0.0
19.200000000000003,,0.0,0.0,0.0
19.300000000000004,,0.0,0.0,0.0
19.400000000000006,,0.0,0.0,0.0
19.500000000000007,,0.0,0.0,0.0
19.60000000000001,,0.0,0.0,0.0
19.70000000000001,,0.0,0.0,0.0
19.80000000000001,,0.0,0.0,0.0
19.900000000000013,,0.0,0.0,0.0
20.000000000000014,,0.0,0.0,0.0
20.100000000000016,,0.0,0.0,0.0
20.200000000000017,,0.0,0.0,0.0
20.30000000000002,,0.0,0.0,0.0
20.40000000000002,,0.0,0.0,0.0
20.50000000000002,,0.0,0.0,0.0
20.600000000000023,,0.0,0.0,0.0
20.700000000000024,,0.0,0.0,0.0
20.800000000000026,,0.0,0.0,0.0
20.900000000000027,,0.0,0.0,0.0
21.00000000000003,,0.0,0.0,0.0
21.10000000000003,,0.0,0.0,0.0
21.20000000000003,,0.0,0.0,0.0
21.300000000000033,,0.0,0.0,0.0
21.400000000000034,,0.0,0.0,0.0
21.500000000000036,,0.0,0.0,0.0
21.600000000000037,,0.0,0.0,0.0
21.70000000000004,,0.0,0.0,0.0
21.80000000000004,,0.0,0.0,0.0
21.90000000000004,,0.0,0.0,0.0
22.000000000000043,,0.0,0.0,0.0
22.100000000000044,,0.0,0.0,0.0
22.200000000000045,,0.0,0.0,0.0
22.232805000000564,0.0,,,
22.300000000000047,,0.0,0.0,0.0
22.310150000000046,,1.0,,
22.332805000000565,0.0,,,
22.40000000000005,,1.0,0.0,0.0
22.40000000000005,,0.0,0.0,0.0
22.403100000000048,,0.0,,
22.420300000000047,,1.0,,
22.430450000000047,,2.0,,
22.432805000000567,0.0,,,
22.50000000000005,,,0.0,0.0
22.50310000000005,,2.0,,
22.50310000000005,,1.0,,
22.50620000000005,,1.0,,
22.50620000000005,,0.0,,
22.50930000000005,,0.0,,
22.532805000000568,0.0,,,
22.540600000000047,,1.0,,
22.550750000000047,,2.0,,
22.560900000000046,,3.0,,
22.571050000000046,,4.0,,
22.60000000000005,,,0.0,0.0
22.60930000000005,,4.0,,
22.60930000000005,,3.0,,
22.61240000000005,,3.0,,
22.61240000000005,,2.0,,
22.61550000000005,,2.0,,
22.61550000000005,,1.0,,
22.61860000000005,,1.0,,
22.61860000000005,,0.0,,
22.62170000000005,,0.0,,
22.63280500000057,0.0,,,
22.681200000000047,,1.0,,
22.691350000000046,,2.0,,
22.700000000000053,,,0.0,0.0
22.701500000000046,,3.0,,
22.711650000000045,,4.0,,
22.72170000000005,,4.0,,
22.72170000000005,,3.0,,
22.721800000000044,,4.0,,
22.72480000000005,,4.0,,
22.72480000000005,,3.0,,
22.72790000000005,,3.0,,
22.72790000000005,,2.0,,
22.73100000000005,,2.0,,
22.73100000000005,,1.0,,
22.731950000000044,,2.0,,
22.73280500000057,0.0,,,
22.73410000000005,,2.0,,
22.73410000000005,,1.0,,
22.73720000000005,,1.0,,
22.73720000000005,,0.0,,
22.74030000000005,,0.0,,
22.742100000000043,,1.0,,
22.752250000000043,,2.0,,
22.762400000000042,,3.0,,
22.77255000000004,,4.0,,
22.78270000000004,,5.0,,
22.79285000000004,,6.0,,
22.800000000000054,,,0.0,0.0
22.80300000000004,,7.0,,
22.81315000000004,,8.0,,
22.82330000000004,,9.0,,
22.832805000000572,0.0,,,
22.833450000000038,,10.0,,
22.840300000000052,,10.0,,
22.840300000000052,,9.0,,
22.843400000000052,,9.0,,
22.843400000000052,,8.0,,
22.843600000000038,,9.0,,
22.846500000000052,,9.0,,
22.846500000000052,,8.0,,
22.849600000000052,,8.0,,
22.849600000000052,,7.0,,
22.852700000000052,,7.0,,
22.852700000000052,,6.0,,
22.853750000000037,,7.0,,
22.855800000000052,,7.0,,
22.855800000000052,,6.0,,
22.85890000000005,,6.0,,
22.85890000000005,,5.0,,
22.86200000000005,,5.0,,
22.86200000000005,,4.0,,
22.863900000000037,,5.0,,
22.86510000000005,,5.0,,
22.86510000000005,,4.0,,
22.86820000000005,,4.0,,
22.86820000000005,,3.0,,
22.87130000000005,,3.0,,
22.87130000000005,,2.0,,
22.874050000000036,,3.0,,
22.87440000000005,,3.0,,
22.87440000000005,,2.0,,
22.87750000000005,,2.0,,
22.87750000000005,,1.0,,
22.88060000000005,,1.0,,
22.88060000000005,,0.0,,
22.88370000000005,,0.0,,
22.884200000000035,,1.0,,
22.894350000000035,,2.0,,
22.900000000000055,,,0.0,0.0
22.904500000000034,,3.0,,
22.914650000000034,,4.0,,
22.924800000000033,,5.0,,
22.932805000000574,0.0,,,
22.934950000000033,,6.0,,
22.945100000000032,,7.0,,
22.95525000000003,,8.0,,
22.96540000000003,,9.0,,
22.97555000000003,,10.0,,
22.983700000000052,,10.0,,
22.983700000000052,,9.0,,
22.98570000000003,,10.0,,
22.986800000000052,,10.0,,
22.986800000000052,,9.0,,
22.989900000000052,,9.0,,
22.989900000000052,,8.0,,
22.993000000000052,,8.0,,
22.993000000000052,,7.0,,
22.99585000000003,,8.0,,
22.99610000000005,,8.0,,
22.99610000000005,,7.0,,
22.99920000000005,,7.0,,
22.99920000000005,,6.0,,
23.000000000000057,,,0.0,0.0
23.00230000000005,,6.0,,
23.00230000000005,,5.0,,
23.00540000000005,,5.0,,
23.00540000000005,,4.0,,
23.00600000000003,,5.0,,
23.00850000000005,,5.0,,
23.00850000000005,,4.0,,
23.01160000000005,,4.0,,
23.01160000000005,,3.0,,
23.01470000000005,,3.0,,
23.01470000000005,,2.0,,
23.016150000000028,,3.0,,
23.01780000000005,,3.0,,
23.01780000000005,,2.0,,
23.02090000000005,,2.0,,
23.02090000000005,,1.0,,
23.02400000000005,,1.0,,
23.02400000000005,,0.0,,
23.026300000000028,,1.0,,
23.02710000000005,,1.0,,
23.02710000000005,,0.0,,
23.03020000000005,,0.0,,
23.032805000000575,0.0,,,
23.036450000000027,,1.0,,
23.046600000000026,,2.0,,
23.056750000000026,,3.0,,
23.066900000000025,,4.0,,
23.077050000000025,,5.0,,
23.087200000000024,,6.0,,
23.097350000000024,,7.0,,
23.10000000000006,,,0.0,0.0
23.107500000000023,,8.0,,
23.117650000000022,,9.0,,
23.127800000000022,,10.0,,
23.130200000000052,,10.0,,
23.130200000000052,,9.0,,
23.132805000000577,0.0,,,
23.13330000000005,,9.0,,
23.13330000000005,,8.0,,
23.13640000000005,,8.0,,
23.13640000000005,,7.0,,
23.13795000000002,,8.0,,
23.13950000000005,,8.0,,
23.13950000000005,,7.0,,
23.14260000000005,,7.0,,
23.14260000000005,,6.0,,
23.14570000000005,,6.0,,
23.14570000000005,,5.0,,
23.14810000000002,,6.0,,
23.14880000000005,,6.0,,
23.14880000000005,,5.0,,
23.15190000000005,,5.0,,
23.15190000000005,,4.0,,
23.15500000000005,,4.0,,
23.15500000000005,,3.0,,
23.15810000000005,,3.0,,
23.15810000000005,,2.0,,
23.15825000000002,,3.0,,
23.16120000000005,,3.0,,
23.16120000000005,,2.0,,
23.16430000000005,,2.0,,
23.16430000000005,,1.0,,
23.16740000000005,,1.0,,
23.16740000000005,,0.0,,
23.16840000000002,,1.0,,
23.17050000000005,,1.0,,
23.17050000000005,,0.0,,
23.17360000000005,,0.0,,
23.17855000000002,,1.0,,
23.18870000000002,,2.0,,
23.198850000000018,,3.0,,
23.20000000000006,,,0.0,0.0
23.209000000000017,,4.0,,
23.219150000000017,,5.0,,
23.229300000000016,,6.0,,
23.232805000000578,0.0,,,
23.239450000000016,,7.0,,
23.249600000000015,,8.0,,
23.259750000000015,,9.0,,
23.269900000000014,,10.0,,
23.27360000000005,,10.0,,
23.27360000000005,,9.0,,
23.27670000000005,,9.0,,
23.27670000000005,,8.0,,
23.27980000000005,,8.0,,
23.27980000000005,,7.0,,
23.280050000000013,,8.0,,
23.28290000000005,,8.0,,
23.28290000000005,,7.0,,
23.28600000000005,,7.0,,
23.28600000000005,,6.0,,
23.28910000000005,,6.0,,
23.28910000000005,,5.0,,
23.290200000000013,,6.0,,
23.29220000000005,,6.0,,
23.29220000000005,,5.0,,
23.29530000000005,,5.0,,
23.29530000000005,,4.0,,
23.29840000000005,,4.0,,
23.29840000000005,,3.0,,
23.30000000000006,,,0.0,0.0
23.300350000000012,,4.0,,
23.30150000000005,,4.0,,
23.30150000000005,,3.0,,
23.30460000000005,,3.0,,
23.30460000000005,,2.0,,
23.30770000000005,,2.0,,
23.30770000000005,,1.0,,
23.31050000000001,,2.0,,
23.31080000000005,,2.0,,
23.31080000000005,,1.0,,
23.31390000000005,,1.0,,
23.31390000000005,,0.0,,
23.31700000000005,,0.0,,
23.32065000000001,,1.0,,
23.33080000000001,,2.0,,
23.33280500000058,0.0,,,
23.34095000000001,,3.0,,
23.35110000000001,,4.0,,
23.36125000000001,,5.0,,
23.37140000000001,,6.0,,
23.381550000000008,,7.0,,
23.391700000000007,,8.0,,
23.400000000000063,,,0.0,0.0
23.401850000000007,,9.0,,
23.412000000000006,,10.0,,
23.41700000000005,,10.0,,
23.41700000000005,,9.0,,
23.42010000000005,,9.0,,
23.42010000000005,,8.0,,
23.422150000000006,,9.0,,
23.42320000000005,,9.0,,
23.42320000000005,,8.0,,
23.42630000000005,,8.0,,
23.42630000000005,,7.0,,
23.42940000000005,,7.0,,
23.42940000000005,,6.0,,
23.432300000000005,,7.0,,
23.43250000000005,,7.0,,
23.43250000000005,,6.0,,
23.43280500000058,0.0,,,
23.43560000000005,,6.0,,
23.43560000000005,,5.0,,
23.43870000000005,,5.0,,
23.43870000000005,,4.0,,
23.44180000000005,,4.0,,
23.44180000000005,,3.0,,
23.442450000000004,,4.0,,
23.44490000000005,,4.0,,
23.44490000000005,,3.0,,
23.44800000000005,,3.0,,
23.44800000000005,,2.0,,
23.45110000000005,,2.0,,
23.45110000000005,,1.0,,
23.452600000000004,,2.0,,
23.45420000000005,,2.0,,
23.45420000000005,,1.0,,
23.45730000000005,,1.0,,
23.45730000000005,,0.0,,
23.46040000000005,,0.0,,
23.462750000000003,,1.0,,
23.472900000000003,,2.0,,
23.483050000000002,,3.0,,
23.4932,,4.0,,
23.500000000000064,,,0.0,0.0
23.50335,,5.0,,
23.5135,,6.0,,
23.52365,,7.0,,
23.532805000000582,0.0,,,
23.5338,,8.0,,
23.54395,,9.0,,
23.5541,,10.0,,
23.56040000000005,,10.0,,
23.56040000000005,,9.0,,
23.56350000000005,,9.0,,
23.56350000000005,,8.0,,
23.564249999999998,,9.0,,
23.56660000000005,,9.0,,
23.56660000000005,,8.0,,
23.56970000000005,,8.0,,
23.56970000000005,,7.0,,
23.57280000000005,,7.0,,
23.57280000000005,,6.0,,
23.574399999999997,,7.0,,
23.57590000000005,,7.0,,
23.57590000000005,,6.0,,
23.57900000000005,,6.0,,
23.57900000000005,,5.0,,
23.58210000000005,,5.0,,
23.58210000000005,,4.0,,
23.584549999999997,,5.0,,
23.58520000000005,,5.0,,
23.58520000000005,,4.0,,
23.58830000000005,,4.0,,
23.58830000000005,,3.0,,
23.59140000000005,,3.0,,
23.59140000000005,,2.0,,
23.59450000000005,,2.0,,
23.59450000000005,,1.0,,
23.594699999999996,,2.0,,
23.59760000000005,,2.0,,
23.59760000000005,,1.0,,
23.600000000000065,,,0.0,0.0
23.60070000000005,,1.0,,
23.60070000000005,,0.0,,
23.60380000000005,,0.0,,
23.604849999999995,,1.0,,
23.614999999999995,,2.0,,
23.625149999999994,,3.0,,
23.632805000000584,0.0,,,
23.635299999999994,,4.0,,
23.645449999999993,,5.0,,
23.655599999999993,,6.0,,
23.665749999999992,,7.0,,
23.67589999999999,,8.0,,
23.68604999999999,,9.0,,
23.69619999999999,,10.0,,
23.700000000000067,,,0.0,0.0
23.70380000000005,,10.0,,
23.70380000000005,,9.0,,
23.70634999999999,,10.0,,
23.70690000000005,,10.0,,
23.70690000000005,,9.0,,
23.71000000000005,,9.0,,
23.71000000000005,,8.0,,
23.71310000000005,,8.0,,
23.71310000000005,,7.0,,
23.71620000000005,,7.0,,
23.71620000000005,,6.0,,
23.71649999999999,,7.0,,
23.71930000000005,,7.0,,
23.71930000000005,,6.0,,
23.72240000000005,,6.0,,
23.72240000000005,,5.0,,
23.72550000000005,,5.0,,
23.72550000000005,,4.0,,
23.72664999999999,,5.0,,
23.72860000000005,,5.0,,
23.72860000000005,,4.0,,
23.73170000000005,,4.0,,
23.73170000000005,,3.0,,
23.732805000000585,0.0,,,
23.73480000000005,,3.0,,
23.73480000000005,,2.0,,
23.736799999999988,,3.0,,
23.73790000000005,,3.0,,
23.73790000000005,,2.0,,
23.74100000000005,,2.0,,
23.74100000000005,,1.0,,
23.74410000000005,,1.0,,
23.74410000000005,,0.0,,
23.746949999999988,,1.0,,
23.74720000000005,,1.0,,
23.74720000000005,,0.0,,
23.75030000000005,,0.0,,
23.757099999999987,,1.0,,
23.767249999999986,,2.0,,
23.777399999999986,,3.0,,
23.787549999999985,,4.0,,
23.797699999999985,,5.0,,
23.800000000000068,,,0.0,0.0
23.807849999999984,,6.0,,
23.817999999999984,,7.0,,
23.828149999999983,,8.0,,
23.832805000000587,0.0,,,
23.838299999999983,,9.0,,
23.848449999999982,,10.0,,
23.85030000000005,,10.0,,
23.85030000000005,,9.0,,
23.85340000000005,,9.0,,
23.85340000000005,,8.0,,
23.85650000000005,,8.0,,
23.85650000000005,,7.0,,
23.85859999999998,,8.0,,
23.85960000000005,,8.0,,
23.85960000000005,,7.0,,
23.86270000000005,,7.0,,
23.86270000000005,,6.0,,
23.86580000000005,,6.0,,
23.86580000000005,,5.0,,
23.86874999999998,,6.0,,
23.86890000000005,,6.0,,
23.86890000000005,,5.0,,
23.87200000000005,,5.0,,
23.87200000000005,,4.0,,
23.87510000000005,,4.0,,
23.87510000000005,,3.0,,
23.87820000000005,,3.0,,
23.87820000000005,,2.0,,
23.87889999999998,,3.0,,
23.88130000000005,,3.0,,
23.88130000000005,,2.0,,
23.88440000000005,,2.0,,
23.88440000000005,,1.0,,
23.88750000000005,,1.0,,
23.88750000000005,,0.0,,
23.88904999999998,,1.0,,
23.89060000000005,,1.0,,
23.89060000000005,,0.0,,
23.89370000000005,,0.0,,
23.89919999999998,,1.0,,
23.90000000000007,,,0.0,0.0
23.90934999999998,,2.0,,
23.919499999999978,,3.0,,
23.929649999999977,,4.0,,
23.932805000000588,0.0,,,
23.939799999999977,,5.0,,
23.949949999999976,,6.0,,
23.960099999999976,,7.0,,
23.970249999999975,,8.0,,
23.980399999999975,,9.0,,
23.990549999999974,,10.0,,
23.99370000000005,,10.0,,
23.99370000000005,,9.0,,
23.99680000000005,,9.0,,
23.99680000000005,,8.0,,
23.99990000000005,,8.0,,
23.99990000000005,,7.0,,
24.00000000000007,,,0.0,0.0
24.000699999999973,,8.0,,
24.00300000000005,,8.0,,
24.00300000000005,,7.0,,
24.00610000000005,,7.0,,
24.00610000000005,,6.0,,
24.00920000000005,,6.0,,
24.00920000000005,,5.0,,
24.010849999999973,,6.0,,
24.01230000000005,,6.0,,
24.01230000000005,,5.0,,
24.01540000000005,,5.0,,
24.01540000000005,,4.0,,
24.01850000000005,,4.0,,
24.01850000000005,,3.0,,
24.020999999999972,,4.0,,
24.02160000000005,,4.0,,
24.02160000000005,,3.0,,
24.02470000000005,,3.0,,
24.02470000000005,,2.0,,
24.02780000000005,,2.0,,
24.02780000000005,,1.0,,
24.03090000000005,,1.0,,
24.03090000000005,,0.0,,
24.031149999999972,,1.0,,
24.03280500000059,0.0,,,
24.03400000000005,,1.0,,
24.03400000000005,,0.0,,
24.03710000000005,,0.0,,
24.04129999999997,,1.0,,
24.05144999999997,,2.0,,
24.06159999999997,,3.0,,
24.07174999999997,,4.0,,
24.08189999999997,,5.0,,
24.09204999999997,,6.0,,
24.100000000000072,,,0.0,0.0
24.102199999999968,,7.0,,
24.112349999999967,,8.0,,
24.122499999999967,,9.0,,
24.132649999999966,,10.0,,
24.13280500000059,0.0,,,
24.13710000000005,,10.0,,
24.13710000000005,,9.0,,
24.14020000000005,,9.0,,
24.14020000000005,,8.0,,
24.142799999999966,,9.0,,
24.14330000000005,,9.0,,
24.14330000000005,,8.0,,
24.14640000000005,,8.0,,
24.14640000000005,,7.0,,
24.14950000000005,,7.0,,
24.14950000000005,,6.0,,
24.15260000000005,,6.0,,
24.15260000000005,,5.0,,
24.152949999999965,,6.0,,
24.15570000000005,,6.0,,
24.15570000000005,,5.0,,
24.15880000000005,,5.0,,
24.15880000000005,,4.0,,
24.16190000000005,,4.0,,
24.16190000000005,,3.0,,
24.163099999999964,,4.0,,
24.16500000000005,,4.0,,
24.16500000000005,,3.0,,
24.16810000000005,,3.0,,
24.16810000000005,,2.0,,
24.17120000000005,,2.0,,
24.17120000000005,,1.0,,
24.173249999999964,,2.0,,
24.17430000000005,,2.0,,
24.17430000000005,,1.0,,
24.17740000000005,,1.0,,
24.17740000000005,,0.0,,
24.18050000000005,,0.0,,
24.183399999999963,,1.0,,
24.193549999999963,,2.0,,
24.200000000000074,,,0.0,0.0
24.203699999999962,,3.0,,
24.21384999999996,,4.0,,
24.22399999999996,,5.0,,
24.232805000000592,0.0,,,
24.23414999999996,,6.0,,
24.24429999999996,,7.0,,
24.25444999999996,,8.0,,
24.26459999999996,,9.0,,
24.27474999999996,,10.0,,
24.28050000000005,,10.0,,
24.28050000000005,,9.0,,
24.28360000000005,,9.0,,
24.28360000000005,,8.0,,
24.284899999999958,,9.0,,
24.28670000000005,,9.0,,
24.28670000000005,,8.0,,
24.28980000000005,,8.0,,
24.28980000000005,,7.0,,
24.29290000000005,,7.0,,
24.29290000000005,,6.0,,
24.295049999999957,,7.0,,
24.29600000000005,,7.0,,
24.29600000000005,,6.0,,
24.29910000000005,,6.0,,
24.29910000000005,,5.0,,
24.300000000000075,,,0.0,0.0
24.30220000000005,,5.0,,
24.30220000000005,,4.0,,
24.305199999999957,,5.0,,
24.30530000000005,,5.0,,
24.30530000000005,,4.0,,
24.30840000000005,,4.0,,
24.30840000000005,,3.0,,
24.31150000000005,,3.0,,
24.31150000000005,,2.0,,
24.31460000000005,,2.0,,
24.31460000000005,,1.0,,
24.315349999999956,,2.0,,
24.31770000000005,,2.0,,
24.31770000000005,,1.0,,
24.320800000000048,,1.0,,
24.320800000000048,,0.0,,
24.323900000000048,,0.0,,
24.325499999999955,,1.0,,
24.332805000000594,0.0,,,
24.335649999999955,,2.0,,
24.345799999999954,,3.0,,
24.355949999999954,,4.0,,
24.366099999999953,,5.0,,
24.376249999999953,,6.0,,
24.386399999999952,,7.0,,
24.39654999999995,,8.0,,
24.400000000000077,,,0.0,0.0
24.40669999999995,,9.0,,
24.41684999999995,,10.0,,
24.42390000000005,,10.0,,
24.42390000000005,,9.0,,
24.42699999999995,,10.0,,
24.42700000000005,,10.0,,
24.42700000000005,,9.0,,
24.43010000000005,,9.0,,
24.43010000000005,,8.0,,
24.432805000000595,0.0,,,
24.43320000000005,,8.0,,
24.43320000000005,,7.0,,
24.43630000000005,,7.0,,
24.43630000000005,,6.0,,
24.43714999999995,,7.0,,
24.43940000000005,,7.0,,
24.43940000000005,,6.0,,
24.44250000000005,,6.0,,
24.44250000000005,,5.0,,
24.44560000000005,,5.0,,
24.44560000000005,,4.0,,
24.44729999999995,,5.0,,
24.44870000000005,,5.0,,
24.44870000000005,,4.0,,
24.45180000000005,,4.0,,
24.45180000000005,,3.0,,
24.45490000000005,,3.0,,
24.45490000000005,,2.0,,
24.457449999999948,,3.0,,
24.458000000000048,,3.0,,
24.458000000000048,,2.0,,
24.461100000000048,,2.0,,
24.461100000000048,,1.0,,
24.464200000000048,,1.0,,
24.464200000000048,,0.0,,
24.467300000000048,,0.0,,
24.467599999999948,,1.0,,
24.477749999999947,,2.0,,
24.487899999999946,,3.0,,
24.498049999999946,,4.0,,
24.500000000000078,,,0.0,0.0
24.508199999999945,,5.0,,
24.518349999999945,,6.0,,
24.528499999999944,,7.0,,
24.532805000000597,0.0,,,
24.538649999999944,,8.0,,
24.548799999999943,,9.0,,
24.558949999999943,,10.0,,
24.56730000000005,,10.0,,
24.56730000000005,,9.0,,
24.569099999999942,,10.0,,
24.57040000000005,,10.0,,
24.57040000000005,,9.0,,
24.57350000000005,,9.0,,
24.57350000000005,,8.0,,
24.57660000000005,,8.0,,
24.57660000000005,,7.0,,
24.57924999999994,,8.0,,
24.57970000000005,,8.0,,
24.57970000000005,,7.0,,
24.58280000000005,,7.0,,
24.58280000000005,,6.0,,
24.58590000000005,,6.0,,
24.58590000000005,,5.0,,
24.58900000000005,,5.0,,
24.58900000000005,,4.0,,
24.58939999999994,,5.0,,
24.59210000000005,,5.0,,
24.59210000000005,,4.0,,
24.595200000000048,,4.0,,
24.595200000000048,,3.0,,
24.598300000000048,,3.0,,
24.598300000000048,,2.0,,
24.59954999999994,,3.0,,
24.60000000000008,,,0.0,0.0
24.601400000000048,,3.0,,
24.601400000000048,,2.0,,
24.604500000000048,,2.0,,
24.604500000000048,,1.0,,
24.607600000000048,,1.0,,
24.607600000000048,,0.0,,
24.60969999999994,,1.0,,
24.610700000000048,,1.0,,
24.610700000000048,,0.0,,
24.613800000000047,,0.0,,
24.61984999999994,,1.0,,
24.62999999999994,,2.0,,
24.632805000000598,0.0,,,
24.640149999999938,,3.0,,
24.650299999999937,,4.0,,
24.660449999999937,,5.0,,
24.670599999999936,,6.0,,
24.680749999999936,,7.0,,
24.690899999999935,,8.0,,
24.70000000000008,,,0.0,0.0
24.701049999999935,,9.0,,
24.711199999999934,,10.0,,
24.71380000000005,,10.0,,
24.71380000000005,,9.0,,
24.71690000000005,,9.0,,
24.71690000000005,,8.0,,
24.72000000000005,,8.0,,
24.72000000000005,,7.0,,
24.721349999999934,,8.0,,
24.72310000000005,,8.0,,
24.72310000000005,,7.0,,
24.72620000000005,,7.0,,
24.72620000000005,,6.0,,
24.72930000000005,,6.0,,
24.72930000000005,,5.0,,
24.731499999999933,,6.0,,
24.732400000000048,,6.0,,
24.732400000000048,,5.0,,
24.7328050000006,0.0,,,
24.735500000000048,,5.0,,
24.735500000000048,,4.0,,
24.738600000000048,,4.0,,
24.738600000000048,,3.0,,
24.741649999999932,,4.0,,
24.741700000000048,,4.0,,
24.741700000000048,,3.0,,
24.744800000000048,,3.0,,
24.744800000000048,,2.0,,
24.747900000000048,,2.0,,
24.747900000000048,,1.0,,
24.751000000000047,,1.0,,
24.751000000000047,,0.0,,
24.751799999999932,,1.0,,
24.754100000000047,,1.0,,
24.754100000000047,,0.0,,
24.757200000000047,,0.0,,
24.76194999999993,,1.0,,
24.77209999999993,,2.0,,
24.78224999999993,,3.0,,
24.79239999999993,,4.0,,
24.800000000000082,,,0.0,0.0
24.80254999999993,,5.0,,
24.81269999999993,,6.0,,
24.822849999999928,,7.0,,
24.8328050000006,0.0,,,
24.832999999999927,,8.0,,
24.843149999999927,,9.0,,
24.853299999999926,,10.0,,
24.85720000000005,,10.0,,
24.85720000000005,,9.0,,
24.86030000000005,,9.0,,
24.86030000000005,,8.0,,
24.86340000000005,,8.0,,
24.86340000000005,,7.0,,
24.863449999999926,,8.0,,
24.86650000000005,,8.0,,
24.86650000000005,,7.0,,
24.869600000000048,,7.0,,
24.869600000000048,,6.0,,
24.872700000000048,,6.0,,
24.872700000000048,,5.0,,
24.873599999999925,,6.0,,
24.875800000000048,,6.0,,
24.875800000000048,,5.0,,
24.878900000000048,,5.0,,
24.878900000000048,,4.0,,
24.882000000000048,,4.0,,
24.882000000000048,,3.0,,
24.883749999999925,,4.0,,
24.885100000000048,,4.0,,
24.885100000000048,,3.0,,
24.888200000000047,,3.0,,
24.888200000000047,,2.0,,
24.891300000000047,,2.0,,
24.891300000000047,,1.0,,
24.893899999999924,,2.0,,
24.894400000000047,,2.0,,
24.894400000000047,,1.0,,
24.897500000000047,,1.0,,
24.897500000000047,,0.0,,
24.900000000000084,,,0.0,0.0
24.900600000000047,,0.0,,
24.904049999999923,,1.0,,
24.914199999999923,,2.0,,
24.924349999999922,,3.0,,
24.932805000000602,0.0,,,
24.93449999999992,,4.0,,
24.94464999999992,,5.0,,
24.95479999999992,,6.0,,
24.96494999999992,,7.0,,
24.97509999999992,,8.0,,
24.98524999999992,,9.0,,
24.99539999999992,,10.0,,
25.000000000000085,,,0.0,0.0
25.00060000000005,,10.0,,
25.00060000000005,,9.0,,
25.003700000000048,,9.0,,
25.003700000000048,,8.0,,
25.005549999999918,,9.0,,
25.006800000000048,,9.0,,
25.006800000000048,,8.0,,
25.009900000000048,,8.0,,
25.009900000000048,,7.0,,
25.013000000000048,,7.0,,
25.013000000000048,,6.0,,
25.015699999999917,,7.0,,
25.016100000000048,,7.0,,
25.016100000000048,,6.0,,
25.019200000000048,,6.0,,
25.019200000000048,,5.0,,
25.022300000000048,,5.0,,
25.022300000000048,,4.0,,
25.025400000000047,,4.0,,
25.025400000000047,,3.0,,
25.025849999999917,,4.0,,
25.028500000000047,,4.0,,
25.028500000000047,,3.0,,
25.031600000000047,,3.0,,
25.031600000000047,,2.0,,
25.032805000000604,0.0,,,
25.034700000000047,,2.0,,
25.034700000000047,,1.0,,
25.035999999999916,,2.0,,
25.037800000000047,,2.0,,
25.037800000000047,,1.0,,
25.040900000000047,,1.0,,
25.040900000000047,,0.0,,
25.044000000000047,,0.0,,
25.046149999999916,,1.0,,
25.056299999999915,,2.0,,
25.066449999999914,,3.0,,
25.076599999999914,,4.0,,
25.086749999999913,,5.0,,
25.096899999999913,,6.0,,
25.100000000000087,,,0.0,0.0
25.107049999999912,,7.0,,
25.11719999999991,,8.0,,
25.12734999999991,,9.0,,
25.132805000000605,0.0,,,
25.13749999999991,,10.0,,
25.144000000000048,,10.0,,
25.144000000000048,,9.0,,
25.147100000000048,,9.0,,
25.147100000000048,,8.0,,
25.14764999999991,,9.0,,
25.150200000000048,,9.0,,
25.150200000000048,,8.0,,
25.153300000000048,,8.0,,
25.153300000000048,,7.0,,
25.156400000000048,,7.0,,
25.156400000000048,,6.0,,
25.15779999999991,,7.0,,
25.159500000000047,,7.0,,
25.159500000000047,,6.0,,
25.162600000000047,,6.0,,
25.162600000000047,,5.0,,
25.165700000000047,,5.0,,
25.165700000000047,,4.0,,
25.16794999999991,,5.0,,
25.168800000000047,,5.0,,
25.168800000000047,,4.0,,
25.171900000000047,,4.0,,
25.171900000000047,,3.0,,
25.175000000000047,,3.0,,
25.175000000000047,,2.0,,
25.178099999999908,,3.0,,
25.178100000000047,,3.0,,
25.178100000000047,,2.0,,
25.181200000000047,,2.0,,
25.181200000000047,,1.0,,
25.184300000000047,,1.0,,
25.184300000000047,,0.0,,
25.187400000000046,,0.0,,
25.188249999999908,,1.0,,
25.198399999999907,,2.0,,
25.200000000000088,,,0.0,0.0
25.208549999999907,,3.0,,
25.218699999999906,,4.0,,
25.228849999999905,,5.0,,
25.232805000000607,0.0,,,
25.238999999999905,,6.0,,
25.249149999999904,,7.0,,
25.259299999999904,,8.0,,
25.269449999999903,,9.0,,
25.279599999999903,,10.0,,
25.287400000000048,,10.0,,
25.287400000000048,,9.0,,
25.289749999999902,,10.0,,
25.290500000000048,,10.0,,
25.290500000000048,,9.0,,
25.293600000000048,,9.0,,
25.293600000000048,,8.0,,
25.296700000000047,,8.0,,
25.296700000000047,,7.0,,
25.299800000000047,,7.0,,
25.299800000000047,,6.0,,
25.2998999999999,,7.0,,
25.30000000000009,,,0.0,0.0
25.302900000000047,,7.0,,
25.302900000000047,,6.0,,
25.306000000000047,,6.0,,
25.306000000000047,,5.0,,
25.309100000000047,,5.0,,
25.309100000000047,,4.0,,
25.3100499999999,,5.0,,
25.312200000000047,,5.0,,
25.312200000000047,,4.0,,
25.315300000000047,,4.0,,
25.315300000000047,,3.0,,
25.318400000000047,,3.0,,
25.318400000000047,,2.0,,
25.3201999999999,,3.0,,
25.321500000000047,,3.0,,
25.321500000000047,,2.0,,
25.324600000000046,,2.0,,
25.324600000000046,,1.0,,
25.327700000000046,,1.0,,
25.327700000000046,,0.0,,
25.3303499999999,,1.0,,
25.330800000000046,,1.0,,
25.330800000000046,,0.0,,
25.332805000000608,0.0,,,
25.333900000000046,,0.0,,
25.3404999999999,,1.0,,
25.3506499999999,,2.0,,
25.360799999999898,,3.0,,
25.370949999999898,,4.0,,
25.381099999999897,,5.0,,
25.391249999999896,,6.0,,
25.40000000000009,,,0.0,0.0
25.401399999999896,,7.0,,
25.411549999999895,,8.0,,
25.421699999999895,,9.0,,
25.431849999999894,,10.0,,
25.43280500000061,0.0,,,
25.433900000000047,,10.0,,
25.433900000000047,,9.0,,
25.437000000000047,,9.0,,
25.437000000000047,,8.0,,
25.440100000000047,,8.0,,
25.440100000000047,,7.0,,
25.441999999999894,,8.0,,
25.443200000000047,,8.0,,
25.443200000000047,,7.0,,
25.446300000000047,,7.0,,
25.446300000000047,,6.0,,
25.449400000000047,,6.0,,
25.449400000000047,,5.0,,
25.452149999999893,,6.0,,
25.452500000000047,,6.0,,
25.452500000000047,,5.0,,
25.455600000000047,,5.0,,
25.455600000000047,,4.0,,
25.458700000000047,,4.0,,
25.458700000000047,,3.0,,
25.461800000000046,,3.0,,
25.461800000000046,,2.0,,
25.462299999999892,,3.0,,
25.464900000000046,,3.0,,
25.464900000000046,,2.0,,
25.468000000000046,,2.0,,
25.468000000000046,,1.0,,
25.471100000000046,,1.0,,
25.471100000000046,,0.0,,
25.472449999999892,,1.0,,
25.474200000000046,,1.0,,
25.474200000000046,,0.0,,
25.477300000000046,,0.0,,
25.48259999999989,,1.0,,
25.49274999999989,,2.0,,
25.500000000000092,,,0.0,0.0
25.50289999999989,,3.0,,
25.51304999999989,,4.0,,
25.52319999999989,,5.0,,
25.53280500000061,0.0,,,
25.53334999999989,,6.0,,
25.543499999999888,,7.0,,
25.553649999999887,,8.0,,
25.563799999999887,,9.0,,
25.573949999999886,,10.0,,
25.577300000000047,,10.0,,
25.577300000000047,,9.0,,
25.580400000000047,,9.0,,
25.580400000000047,,8.0,,
25.583500000000047,,8.0,,
25.583500000000047,,7.0,,
25.584099999999886,,8.0,,
25.586600000000047,,8.0,,
25.586600000000047,,7.0,,
25.589700000000047,,7.0,,
25.589700000000047,,6.0,,
25.592800000000047,,6.0,,
25.592800000000047,,5.0,,
25.594249999999885,,6.0,,
25.595900000000047,,6.0,,
25.595900000000047,,5.0,,
25.599000000000046,,5.0,,
25.599000000000046,,4.0,,
25.600000000000094,,,0.0,0.0
25.602100000000046,,4.0,,
25.602100000000046,,3.0,,
25.604399999999885,,4.0,,
25.605200000000046,,4.0,,
25.605200000000046,,3.0,,
25.608300000000046,,3.0,,
25.608300000000046,,2.0,,
25.611400000000046,,2.0,,
25.611400000000046,,1.0,,
25.614500000000046,,1.0,,
25.614500000000046,,0.0,,
25.614549999999884,,1.0,,
25.617600000000046,,1.0,,
25.617600000000046,,0.0,,
25.620700000000046,,0.0,,
25.624699999999883,,1.0,,
25.632805000000612,0.0,,,
25.634849999999883,,2.0,,
25.644999999999882,,3.0,,
25.65514999999988,,4.0,,
25.66529999999988,,5.0,,
25.67544999999988,,6.0,,
25.68559999999988,,7.0,,
25.69574999999988,,8.0,,
25.700000000000095,,,0.0,0.0
25.70589999999988,,9.0,,
25.71604999999988,,10.0,,
25.720700000000047,,10.0,,
25.720700000000047,,9.0,,
25.723800000000047,,9.0,,
25.723800000000047,,8.0,,
25.726199999999878,,9.0,,
25.726900000000047,,9.0,,
25.726900000000047,,8.0,,
25.730000000000047,,8.0,,
25.730000000000047,,7.0,,
25.732805000000614,0.0,,,
25.733100000000046,,7.0,,
25.733100000000046,,6.0,,
25.736200000000046,,6.0,,
25.736200000000046,,5.0,,
25.736349999999877,,6.0,,
25.739300000000046,,6.0,,
25.739300000000046,,5.0,,
25.742400000000046,,5.0,,
25.742400000000046,,4.0,,
25.745500000000046,,4.0,,
25.745500000000046,,3.0,,
25.746499999999877,,4.0,,
25.748600000000046,,4.0,,
25.748600000000046,,3.0,,
25.751700000000046,,3.0,,
25.751700000000046,,2.0,,
25.754800000000046,,2.0,,
25.754800000000046,,1.0,,
25.756649999999876,,2.0,,
25.757900000000046,,2.0,,
25.757900000000046,,1.0,,
25.761000000000045,,1.0,,
25.761000000000045,,0.0,,
25.764100000000045,,0.0,,
25.766799999999876,,1.0,,
25.776949999999875,,2.0,,
25.787099999999874,,3.0,,
25.797249999999874,,4.0,,
25.800000000000097,,,0.0,0.0
25.807399999999873,,5.0,,
25.817549999999873,,6.0,,
25.827699999999872,,7.0,,
25.832805000000615,0.0,,,
25.83784999999987,,8.0,,
25.84799999999987,,9.0,,
25.85814999999987,,10.0,,
25.864100000000047,,10.0,,
25.864100000000047,,9.0,,
25.867200000000047,,9.0,,
25.867200000000047,,8.0,,
25.86829999999987,,9.0,,
25.870300000000046,,9.0,,
25.870300000000046,,8.0,,
25.873400000000046,,8.0,,
25.873400000000046,,7.0,,
25.876500000000046,,7.0,,
25.876500000000046,,6.0,,
25.87844999999987,,7.0,,
25.879600000000046,,7.0,,
25.879600000000046,,6.0,,
25.882700000000046,,6.0,,
25.882700000000046,,5.0,,
25.885800000000046,,5.0,,
25.885800000000046,,4.0,,
25.88859999999987,,5.0,,
25.888900000000046,,5.0,,
25.888900000000046,,4.0,,
25.892000000000046,,4.0,,
25.892000000000046,,3.0,,
25.895100000000046,,3.0,,
25.895100000000046,,2.0,,
25.898200000000045,,2.0,,
25.898200000000045,,1.0,,
25.89874999999987,,2.0,,
25.900000000000098,,,0.0,0.0
25.901300000000045,,2.0,,
25.901300000000045,,1.0,,
25.904400000000045,,1.0,,
25.904400000000045,,0.0,,
25.907500000000045,,0.0,,
25.908899999999868,,1.0,,
25.919049999999867,,2.0,,
25.929199999999867,,3.0,,
25.932805000000617,0.0,,,
25.939349999999866,,4.0,,
25.949499999999865,,5.0,,
25.959649999999865,,6.0,,
25.969799999999864,,7.0,,
25.979949999999864,,8.0,,
25.990099999999863,,9.0,,
26.0000000000001,,,0.0,0.0
26.000249999999863,,10.0,,
26.007500000000046,,10.0,,
26.007500000000046,,9.0,,
26.010399999999862,,10.0,,
26.010600000000046,,10.0,,
26.010600000000046,,9.0,,
26.013700000000046,,9.0,,
26.013700000000046,,8.0,,
26.016800000000046,,8.0,,
26.016800000000046,,7.0,,
26.019900000000046,,7.0,,
26.019900000000046,,6.0,,
26.02054999999986,,7.0,,
26.023000000000046,,7.0,,
26.023000000000046,,6.0,,
26.026100000000046,,6.0,,
26.026100000000046,,5.0,,
26.029200000000046,,5.0,,
26.029200000000046,,4.0,,
26.03069999999986,,5.0,,
26.032300000000046,,5.0,,
26.032300000000046,,4.0,,
26.032805000000618,0.0,,,
26.035400000000045,,4.0,,
26.035400000000045,,3.0,,
26.038500000000045,,3.0,,
26.038500000000045,,2.0,,
26.04084999999986,,3.0,,
26.041600000000045,,3.0,,
26.041600000000045,,2.0,,
26.044700000000045,,2.0,,
26.044700000000045,,1.0,,
26.047800000000045,,1.0,,
26.047800000000045,,0.0,,
26.050900000000045,,0.0,,
26.05099999999986,,1.0,,
26.06114999999986,,2.0,,
26.07129999999986,,3.0,,
26.081449999999858,,4.0,,
26.091599999999858,,5.0,,
26.1000000000001,,,0.0,0.0
26.101749999999857,,6.0,,
26.111899999999856,,7.0,,
26.122049999999856,,8.0,,
26.132199999999855,,9.0,,
26.13280500000062,0.0,,,
26.142349999999855,,10.0,,
26.150900000000046,,10.0,,
26.150900000000046,,9.0,,
26.152499999999854,,10.0,,
26.154000000000046,,10.0,,
26.154000000000046,,9.0,,
26.157100000000046,,9.0,,
26.157100000000046,,8.0,,
26.160200000000046,,8.0,,
26.160200000000046,,7.0,,
26.162649999999854,,8.0,,
26.163300000000046,,8.0,,
26.163300000000046,,7.0,,
26.166400000000046,,7.0,,
26.166400000000046,,6.0,,
26.169500000000046,,6.0,,
26.169500000000046,,5.0,,
26.172600000000045,,5.0,,
26.172600000000045,,4.0,,
26.172799999999853,,5.0,,
26.175700000000045,,5.0,,
26.175700000000045,,4.0,,
26.178800000000045,,4.0,,
26.178800000000045,,3.0,,
26.181900000000045,,3.0,,
26.181900000000045,,2.0,,
26.182949999999853,,3.0,,
26.185000000000045,,3.0,,
26.185000000000045,,2.0,,
26.188100000000045,,2.0,,
26.188100000000045,,1.0,,
26.191200000000045,,1.0,,
26.191200000000045,,0.0,,
26.193099999999852,,1.0,,
26.194300000000045,,1.0,,
26.194300000000045,,0.0,,
26.197400000000044,,0.0,,
26.200000000000102,,,0.0,0.0
26.20324999999985,,1.0,,
26.21339999999985,,2.0,,
26.22354999999985,,3.0,,
26.23280500000062,0.0,,,
26.23369999999985,,4.0,,
26.24384999999985,,5.0,,
26.25399999999985,,6.0,,
26.264149999999848,,7.0,,
26.274299999999847,,8.0,,
26.284449999999847,,9.0,,
26.294599999999846,,10.0,,
26.297400000000046,,10.0,,
26.297400000000046,,9.0,,
26.300000000000104,,,0.0,0.0
26.300500000000046,,9.0,,
26.300500000000046,,8.0,,
26.303600000000046,,8.0,,
26.303600000000046,,7.0,,
26.304749999999846,,8.0,,
26.306700000000045,,8.0,,
26.306700000000045,,7.0,,
26.309800000000045,,7.0,,
26.309800000000045,,6.0,,
26.312900000000045,,6.0,,
26.312900000000045,,5.0,,
26.314899999999845,,6.0,,
26.316000000000045,,6.0,,
26.316000000000045,,5.0,,
26.319100000000045,,5.0,,
26.319100000000045,,4.0,,
26.322200000000045,,4.0,,
26.322200000000045,,3.0,,
26.325049999999845,,4.0,,
26.325300000000045,,4.0,,
26.325300000000045,,3.0,,
26.328400000000045,,3.0,,
26.328400000000045,,2.0,,
26.331500000000045,,2.0,,
26.331500000000045,,1.0,,
26.332805000000622,0.0,,,
26.334600000000044,,1.0,,
26.334600000000044,,0.0,,
26.335199999999844,,1.0,,
26.337700000000044,,1.0,,
26.337700000000044,,0.0,,
26.340800000000044,,0.0,,
26.345349999999844,,1.0,,
26.355499999999843,,2.0,,
26.365649999999842,,3.0,,
26.375799999999842,,4.0,,
26.38594999999984,,5.0,,
26.39609999999984,,6.0,,
26.400000000000105,,,0.0,0.0
26.40624999999984,,7.0,,
26.41639999999984,,8.0,,
26.42654999999984,,9.0,,
26.432805000000624,0.0,,,
26.43669999999984,,10.0,,
26.440800000000046,,10.0,,
26.440800000000046,,9.0,,
26.443900000000045,,9.0,,
26.443900000000045,,8.0,,
26.446849999999838,,9.0,,
26.447000000000045,,9.0,,
26.447000000000045,,8.0,,
26.450100000000045,,8.0,,
26.450100000000045,,7.0,,
26.453200000000045,,7.0,,
26.453200000000045,,6.0,,
26.456300000000045,,6.0,,
26.456300000000045,,5.0,,
26.456999999999837,,6.0,,
26.459400000000045,,6.0,,
26.459400000000045,,5.0,,
26.462500000000045,,5.0,,
26.462500000000045,,4.0,,
26.465600000000045,,4.0,,
26.465600000000045,,3.0,,
26.467149999999837,,4.0,,
26.468700000000045,,4.0,,
26.468700000000045,,3.0,,
26.471800000000044,,3.0,,
26.471800000000044,,2.0,,
26.474900000000044,,2.0,,
26.474900000000044,,1.0,,
26.477299999999836,,2.0,,
26.478000000000044,,2.0,,
26.478000000000044,,1.0,,
26.481100000000044,,1.0,,
26.481100000000044,,0.0,,
26.484200000000044,,0.0,,
26.487449999999836,,1.0,,
26.497599999999835,,2.0,,
26.500000000000107,,,0.0,0.0
26.507749999999835,,3.0,,
26.517899999999834,,4.0,,
26.528049999999833,,5.0,,
26.532805000000625,0.0,,,
26.538199999999833,,6.0,,
26.548349999999832,,7.0,,
26.55849999999983,,8.0,,
26.56864999999983,,9.0,,
26.57879999999983,,10.0,,
26.584200000000045,,10.0,,
26.584200000000045,,9.0,,
26.587300000000045,,9.0,,
26.587300000000045,,8.0,,
26.58894999999983,,9.0,,
26.590400000000045,,9.0,,
26.590400000000045,,8.0,,
26.593500000000045,,8.0,,
26.593500000000045,,7.0,,
26.596600000000045,,7.0,,
26.596600000000045,,6.0,,
26.59909999999983,,7.0,,
26.599700000000045,,7.0,,
26.599700000000045,,6.0,,
26.600000000000108,,,0.0,0.0
26.602800000000045,,6.0,,
26.602800000000045,,5.0,,
26.605900000000045,,5.0,,
26.605900000000045,,4.0,,
26.609000000000044,,4.0,,
26.609000000000044,,3.0,,
26.60924999999983,,4.0,,
26.612100000000044,,4.0,,
26.612100000000044,,3.0,,
26.615200000000044,,3.0,,
26.615200000000044,,2.0,,
26.618300000000044,,2.0,,
26.618300000000044,,1.0,,
26.61939999999983,,2.0,,
26.621400000000044,,2.0,,
26.621400000000044,,1.0,,
26.624500000000044,,1.0,,
26.624500000000044,,0.0,,
26.627600000000044,,0.0,,
26.629549999999828,,1.0,,
26.632805000000626,0.0,,,
26.639699999999827,,2.0,,
26.649849999999827,,3.0,,
26.659999999999826,,4.0,,
26.670149999999825,,5.0,,
26.680299999999825,,6.0,,
26.690449999999824,,7.0,,
26.70000000000011,,,0.0,0.0
26.700599999999824,,8.0,,
26.710749999999823,,9.0,,
26.720899999999823,,10.0,,
26.727600000000045,,10.0,,
26.727600000000045,,9.0,,
26.730700000000045,,9.0,,
26.730700000000045,,8.0,,
26.731049999999822,,9.0,,
26.732805000000628,0.0,,,
26.733800000000045,,9.0,,
26.733800000000045,,8.0,,
26.736900000000045,,8.0,,
26.736900000000045,,7.0,,
26.740000000000045,,7.0,,
26.740000000000045,,6.0,,
26.74119999999982,,7.0,,
26.743100000000045,,7.0,,
26.743100000000045,,6.0,,
26.746200000000044,,6.0,,
26.746200000000044,,5.0,,
26.749300000000044,,5.0,,
26.749300000000044,,4.0,,
26.75134999999982,,5.0,,
26.752400000000044,,5.0,,
26.752400000000044,,4.0,,
26.755500000000044,,4.0,,
26.755500000000044,,3.0,,
26.758600000000044,,3.0,,
26.758600000000044,,2.0,,
26.76149999999982,,3.0,,
26.761700000000044,,3.0,,
26.761700000000044,,2.0,,
26.764800000000044,,2.0,,
26.764800000000044,,1.0,,
26.767900000000044,,1.0,,
26.767900000000044,,0.0,,
26.771000000000043,,0.0,,
26.77164999999982,,1.0,,
26.78179999999982,,2.0,,
26.79194999999982,,3.0,,
26.80000000000011,,,0.0,0.0
26.802099999999818,,4.0,,
26.812249999999818,,5.0,,
26.822399999999817,,6.0,,
26.832549999999816,,7.0,,
26.83280500000063,0.0,,,
26.842699999999816,,8.0,,
26.852849999999815,,9.0,,
26.862999999999815,,10.0,,
26.871000000000045,,10.0,,
26.871000000000045,,9.0,,
26.873149999999814,,10.0,,
26.874100000000045,,10.0,,
26.874100000000045,,9.0,,
26.877200000000045,,9.0,,
26.877200000000045,,8.0,,
26.880300000000044,,8.0,,
26.880300000000044,,7.0,,
26.883299999999814,,8.0,,
26.883400000000044,,8.0,,
26.883400000000044,,7.0,,
26.886500000000044,,7.0,,
26.886500000000044,,6.0,,
26.889600000000044,,6.0,,
26.889600000000044,,5.0,,
26.892700000000044,,5.0,,
26.892700000000044,,4.0,,
26.893449999999813,,5.0,,
26.895800000000044,,5.0,,
26.895800000000044,,4.0,,
26.898900000000044,,4.0,,
26.898900000000044,,3.0,,
26.900000000000112,,,0.0,0.0
26.902000000000044,,3.0,,
26.902000000000044,,2.0,,
26.903599999999813,,3.0,,
26.905100000000044,,3.0,,
26.905100000000044,,2.0,,
26.908200000000043,,2.0,,
26.908200000000043,,1.0,,
26.911300000000043,,1.0,,
26.911300000000043,,0.0,,
26.913749999999812,,1.0,,
26.914400000000043,,1.0,,
26.914400000000043,,0.0,,
26.917500000000043,,0.0,,
26.92389999999981,,1.0,,
26.93280500000063,0.0,,,
26.93404999999981,,2.0,,
26.94419999999981,,3.0,,
26.95434999999981,,4.0,,
26.96449999999981,,5.0,,
26.97464999999981,,6.0,,
26.984799999999808,,7.0,,
26.994949999999807,,8.0,,
27.000000000000114,,,0.0,0.0
27.005099999999807,,9.0,,
27.015249999999806,,10.0,,
27.017500000000044,,10.0,,
27.017500000000044,,9.0,,
27.020600000000044,,9.0,,
27.020600000000044,,8.0,,
27.023700000000044,,8.0,,
27.023700000000044,,7.0,,
27.025399999999806,,8.0,,
27.026800000000044,,8.0,,
27.026800000000044,,7.0,,
27.029900000000044,,7.0,,
27.029900000000044,,6.0,,
27.032805000000632,0.0,,,
27.033000000000044,,6.0,,
27.033000000000044,,5.0,,
27.035549999999805,,6.0,,
27.036100000000044,,6.0,,
27.036100000000044,,5.0,,
27.039200000000044,,5.0,,
27.039200000000044,,4.0,,
27.042300000000044,,4.0,,
27.042300000000044,,3.0,,
27.045400000000043,,3.0,,
27.045400000000043,,2.0,,
27.045699999999805,,3.0,,
27.048500000000043,,3.0,,
27.048500000000043,,2.0,,
27.051600000000043,,2.0,,
27.051600000000043,,1.0,,
27.054700000000043,,1.0,,
27.054700000000043,,0.0,,
27.055849999999804,,1.0,,
27.057800000000043,,1.0,,
27.057800000000043,,0.0,,
27.060900000000043,,0.0,,
27.065999999999804,,1.0,,
27.076149999999803,,2.0,,
27.086299999999802,,3.0,,
27.096449999999802,,4.0,,
27.100000000000115,,,0.0,0.0
27.1065999999998,,5.0,,
27.1167499999998,,6.0,,
27.1268999999998,,7.0,,
27.132805000000634,0.0,,,
27.1370499999998,,8.0,,
27.1471999999998,,9.0,,
27.1573499999998,,10.0,,
27.160900000000044,,10.0,,
27.160900000000044,,9.0,,
27.164000000000044,,9.0,,
27.164000000000044,,8.0,,
27.167100000000044,,8.0,,
27.167100000000044,,7.0,,
27.167499999999798,,8.0,,
27.170200000000044,,8.0,,
27.170200000000044,,7.0,,
27.173300000000044,,7.0,,
27.173300000000044,,6.0,,
27.176400000000044,,6.0,,
27.176400000000044,,5.0,,
27.177649999999797,,6.0,,
27.179500000000044,,6.0,,
27.179500000000044,,5.0,,
27.182600000000043,,5.0,,
27.182600000000043,,4.0,,
27.185700000000043,,4.0,,
27.185700000000043,,3.0,,
27.187799999999797,,4.0,,
27.188800000000043,,4.0,,
27.188800000000043,,3.0,,
27.191900000000043,,3.0,,
27.191900000000043,,2.0,,
27.195000000000043,,2.0,,
27.195000000000043,,1.0,,
27.197949999999796,,2.0,,
27.198100000000043,,2.0,,
27.198100000000043,,1.0,,
27.200000000000117,,,0.0,0.0
27.201200000000043,,1.0,,
27.201200000000043,,0.0,,
27.204300000000043,,0.0,,
27.208099999999796,,1.0,,
27.218249999999795,,2.0,,
27.228399999999795,,3.0,,
27.232805000000635,0.0,,,
27.238549999999794,,4.0,,
27.248699999999793,,5.0,,
27.258849999999793,,6.0,,
27.268999999999792,,7.0,,
27.27914999999979,,8.0,,
27.28929999999979,,9.0,,
27.29944999999979,,10.0,,
27.300000000000118,,,0.0,0.0
27.304300000000044,,10.0,,
27.304300000000044,,9.0,,
27.307400000000044,,9.0,,
27.307400000000044,,8.0,,
27.30959999999979,,9.0,,
27.310500000000044,,9.0,,
27.310500000000044,,8.0,,
27.313600000000044,,8.0,,
27.313600000000044,,7.0,,
27.316700000000044,,7.0,,
27.316700000000044,,6.0,,
27.31974999999979,,7.0,,
27.319800000000043,,7.0,,
27.319800000000043,,6.0,,
27.322900000000043,,6.0,,
27.322900000000043,,5.0,,
27.326000000000043,,5.0,,
27.326000000000043,,4.0,,
27.329100000000043,,4.0,,
27.329100000000043,,3.0,,
27.32989999999979,,4.0,,
27.332200000000043,,4.0,,
27.332200000000043,,3.0,,
27.332805000000636,0.0,,,
27.335300000000043,,3.0,,
27.335300000000043,,2.0,,
27.338400000000043,,2.0,,
27.338400000000043,,1.0,,
27.34004999999979,,2.0,,
27.341500000000043,,2.0,,
27.341500000000043,,1.0,,
27.344600000000042,,1.0,,
27.344600000000042,,0.0,,
27.347700000000042,,0.0,,
27.350199999999788,,1.0,,
27.360349999999787,,2.0,,
27.370499999999787,,3.0,,
27.380649999999786,,4.0,,
27.390799999999786,,5.0,,
27.40000000000012,,,0.0,0.0
27.400949999999785,,6.0,,
27.411099999999784,,7.0,,
27.421249999999784,,8.0,,
27.431399999999783,,9.0,,
27.432805000000638,0.0,,,
27.441549999999783,,10.0,,
27.447700000000044,,10.0,,
27.447700000000044,,9.0,,
27.450800000000044,,9.0,,
27.450800000000044,,8.0,,
27.451699999999782,,9.0,,
27.453900000000043,,9.0,,
27.453900000000043,,8.0,,
27.457000000000043,,8.0,,
27.457000000000043,,7.0,,
27.460100000000043,,7.0,,
27.460100000000043,,6.0,,
27.46184999999978,,7.0,,
27.463200000000043,,7.0,,
27.463200000000043,,6.0,,
27.466300000000043,,6.0,,
27.466300000000043,,5.0,,
27.469400000000043,,5.0,,
27.469400000000043,,4.0,,
27.47199999999978,,5.0,,
27.472500000000043,,5.0,,
27.472500000000043,,4.0,,
27.475600000000043,,4.0,,
27.475600000000043,,3.0,,
27.478700000000043,,3.0,,
27.478700000000043,,2.0,,
27.481800000000042,,2.0,,
27.481800000000042,,1.0,,
27.48214999999978,,2.0,,
27.484900000000042,,2.0,,
27.484900000000042,,1.0,,
27.488000000000042,,1.0,,
27.488000000000042,,0.0,,
27.491100000000042,,0.0,,
27.49229999999978,,1.0,,
27.50000000000012,,,0.0,0.0
27.50244999999978,,2.0,,
27.51259999999978,,3.0,,
27.52274999999978,,4.0,,
27.53280500000064,0.0,,,
27.532899999999778,,5.0,,
27.543049999999777,,6.0,,
27.553199999999777,,7.0,,
27.563349999999776,,8.0,,
27.573499999999775,,9.0,,
27.583649999999775,,10.0,,
27.591100000000043,,10.0,,
27.591100000000043,,9.0,,
27.593799999999774,,10.0,,
27.594200000000043,,10.0,,
27.594200000000043,,9.0,,
27.597300000000043,,9.0,,
27.597300000000043,,8.0,,
27.600000000000122,,,0.0,0.0
27.600400000000043,,8.0,,
27.600400000000043,,7.0,,
27.603500000000043,,7.0,,
27.603500000000043,,6.0,,
27.603949999999774,,7.0,,
27.606600000000043,,7.0,,
27.606600000000043,,6.0,,
27.609700000000043,,6.0,,
27.609700000000043,,5.0,,
27.612800000000043,,5.0,,
27.612800000000043,,4.0,,
27.614099999999773,,5.0,,
27.615900000000043,,5.0,,
27.615900000000043,,4.0,,
27.619000000000042,,4.0,,
27.619000000000042,,3.0,,
27.622100000000042,,3.0,,
27.622100000000042,,2.0,,
27.624249999999773,,3.0,,
27.625200000000042,,3.0,,
27.625200000000042,,2.0,,
27.628300000000042,,2.0,,
27.628300000000042,,1.0,,
27.631400000000042,,1.0,,
27.631400000000042,,0.0,,
27.63280500000064,0.0,,,
27.634399999999772,,1.0,,
27.634500000000042,,1.0,,
27.634500000000042,,0.0,,
27.63760000000004,,0.0,,
27.64454999999977,,1.0,,
27.65469999999977,,2.0,,
27.66484999999977,,3.0,,
27.67499999999977,,4.0,,
27.68514999999977,,5.0,,
27.69529999999977,,6.0,,
27.700000000000124,,,0.0,0.0
27.705449999999768,,7.0,,
27.715599999999768,,8.0,,
27.725749999999767,,9.0,,
27.732805000000642,0.0,,,
27.735899999999766,,10.0,,
27.737600000000043,,10.0,,
27.737600000000043,,9.0,,
27.740700000000043,,9.0,,
27.740700000000043,,8.0,,
27.743800000000043,,8.0,,
27.743800000000043,,7.0,,
27.746049999999766,,8.0,,
27.746900000000043,,8.0,,
27.746900000000043,,7.0,,
27.750000000000043,,7.0,,
27.750000000000043,,6.0,,
27.753100000000043,,6.0,,
27.753100000000043,,5.0,,
27.756199999999765,,6.0,,
27.756200000000042,,6.0,,
27.756200000000042,,5.0,,
27.759300000000042,,5.0,,
27.759300000000042,,4.0,,
27.762400000000042,,4.0,,
27.762400000000042,,3.0,,
27.765500000000042,,3.0,,
27.765500000000042,,2.0,,
27.766349999999765,,3.0,,
27.768600000000042,,3.0,,
27.768600000000042,,2.0,,
27.771700000000042,,2.0,,
27.771700000000042,,1.0,,
27.77480000000004,,1.0,,
27.77480000000004,,0.0,,
27.776499999999764,,1.0,,
27.77790000000004,,1.0,,
27.77790000000004,,0.0,,
27.78100000000004,,0.0,,
27.786649999999764,,1.0,,
27.796799999999763,,2.0,,
27.800000000000125,,,0.0,0.0
27.806949999999762,,3.0,,
27.817099999999762,,4.0,,
27.82724999999976,,5.0,,
27.832805000000644,0.0,,,
27.83739999999976,,6.0,,
27.84754999999976,,7.0,,
27.85769999999976,,8.0,,
27.86784999999976,,9.0,,
27.87799999999976,,10.0,,
27.881000000000043,,10.0,,
27.881000000000043,,9.0,,
27.884100000000043,,9.0,,
27.884100000000043,,8.0,,
27.887200000000043,,8.0,,
27.887200000000043,,7.0,,
27.888149999999758,,8.0,,
27.890300000000043,,8.0,,
27.890300000000043,,7.0,,
27.893400000000042,,7.0,,
27.893400000000042,,6.0,,
27.896500000000042,,6.0,,
27.896500000000042,,5.0,,
27.898299999999757,,6.0,,
27.899600000000042,,6.0,,
27.899600000000042,,5.0,,
27.900000000000126,,,0.0,0.0
27.902700000000042,,5.0,,
27.902700000000042,,4.0,,
27.905800000000042,,4.0,,
27.905800000000042,,3.0,,
27.908449999999757,,4.0,,
27.908900000000042,,4.0,,
27.908900000000042,,3.0,,
27.91200000000004,,3.0,,
27.91200000000004,,2.0,,
27.91510000000004,,2.0,,
27.91510000000004,,1.0,,
27.91820000000004,,1.0,,
27.91820000000004,,0.0,,
27.918599999999756,,1.0,,
27.92130000000004,,1.0,,
27.92130000000004,,0.0,,
27.92440000000004,,0.0,,
27.928749999999756,,1.0,,
27.932805000000645,0.0,,,
27.938899999999755,,2.0,,
27.949049999999755,,3.0,,
27.959199999999754,,4.0,,
27.969349999999753,,5.0,,
27.979499999999753,,6.0,,
27.989649999999752,,7.0,,
27.99979999999975,,8.0,,
28.000000000000128,,,0.0,0.0
28.00994999999975,,9.0,,
28.02009999999975,,10.0,,
28.024400000000043,,10.0,,
28.024400000000043,,9.0,,
28.027500000000042,,9.0,,
28.027500000000042,,8.0,,
28.03024999999975,,9.0,,
28.030600000000042,,9.0,,
28.030600000000042,,8.0,,
28.032805000000646,0.0,,,
28.033700000000042,,8.0,,
28.033700000000042,,7.0,,
28.036800000000042,,7.0,,
28.036800000000042,,6.0,,
28.039900000000042,,6.0,,
28.039900000000042,,5.0,,
28.04039999999975,,6.0,,
28.043000000000042,,6.0,,
28.043000000000042,,5.0,,
28.04610000000004,,5.0,,
28.04610000000004,,4.0,,
28.04920000000004,,4.0,,
28.04920000000004,,3.0,,
28.05054999999975,,4.0,,
28.05230000000004,,4.0,,
28.05230000000004,,3.0,,
28.05540000000004,,3.0,,
28.05540000000004,,2.0,,
28.05850000000004,,2.0,,
28.05850000000004,,1.0,,
28.06069999999975,,2.0,,
28.06160000000004,,2.0,,
28.06160000000004,,1.0,,
28.06470000000004,,1.0,,
28.06470000000004,,0.0,,
28.06780000000004,,0.0,,
28.070849999999748,,1.0,,
28.080999999999747,,2.0,,
28.091149999999747,,3.0,,
28.10000000000013,,,0.0,0.0
28.101299999999746,,4.0,,
28.111449999999746,,5.0,,
28.121599999999745,,6.0,,
28.131749999999744,,7.0,,
28.132805000000648,0.0,,,
28.141899999999744,,8.0,,
28.152049999999743,,9.0,,
28.162199999999743,,10.0,,
28.167800000000042,,10.0,,
28.167800000000042,,9.0,,
28.170900000000042,,9.0,,
28.170900000000042,,8.0,,
28.172349999999742,,9.0,,
28.174000000000042,,9.0,,
28.174000000000042,,8.0,,
28.177100000000042,,8.0,,
28.177100000000042,,7.0,,
28.180200000000042,,7.0,,
28.180200000000042,,6.0,,
28.18249999999974,,7.0,,
28.18330000000004,,7.0,,
28.18330000000004,,6.0,,
28.18640000000004,,6.0,,
28.18640000000004,,5.0,,
28.18950000000004,,5.0,,
28.18950000000004,,4.0,,
28.19260000000004,,4.0,,
28.19260000000004,,3.0,,
28.19264999999974,,4.0,,
28.19570000000004,,4.0,,
28.19570000000004,,3.0,,
28.19880000000004,,3.0,,
28.19880000000004,,2.0,,
28.20000000000013,,,0.0,0.0
28.20190000000004,,2.0,,
28.20190000000004,,1.0,,
28.20279999999974,,2.0,,
28.20500000000004,,2.0,,
28.20500000000004,,1.0,,
28.20810000000004,,1.0,,
28.20810000000004,,0.0,,
28.21120000000004,,0.0,,
28.21294999999974,,1.0,,
28.22309999999974,,2.0,,
28.23280500000065,0.0,,,
28.23324999999974,,3.0,,
28.24339999999974,,4.0,,
28.253549999999738,,5.0,,
28.263699999999737,,6.0,,
28.273849999999737,,7.0,,
28.283999999999736,,8.0,,
28.294149999999735,,9.0,,
28.300000000000132,,,0.0,0.0
28.304299999999735,,10.0,,
28.311200000000042,,10.0,,
28.311200000000042,,9.0,,
28.314300000000042,,9.0,,
28.314300000000042,,8.0,,
28.314449999999734,,9.0,,
28.317400000000042,,9.0,,
28.317400000000042,,8.0,,
28.32050000000004,,8.0,,
28.32050000000004,,7.0,,
28.32360000000004,,7.0,,
28.32360000000004,,6.0,,
28.324599999999734,,7.0,,
28.32670000000004,,7.0,,
28.32670000000004,,6.0,,
28.32980000000004,,6.0,,
28.32980000000004,,5.0,,
28.33280500000065,0.0,,,
28.33290000000004,,5.0,,
28.33290000000004,,4.0,,
28.334749999999733,,5.0,,
28.33600000000004,,5.0,,
28.33600000000004,,4.0,,
28.33910000000004,,4.0,,
28.33910000000004,,3.0,,
28.34220000000004,,3.0,,
28.34220000000004,,2.0,,
28.344899999999733,,3.0,,
28.34530000000004,,3.0,,
28.34530000000004,,2.0,,
28.34840000000004,,2.0,,
28.34840000000004,,1.0,,
28.35150000000004,,1.0,,
28.35150000000004,,0.0,,
28.35460000000004,,0.0,,
28.355049999999732,,1.0,,
28.36519999999973,,2.0,,
28.37534999999973,,3.0,,
28.38549999999973,,4.0,,
28.39564999999973,,5.0,,
28.400000000000134,,,0.0,0.0
28.40579999999973,,6.0,,
28.41594999999973,,7.0,,
28.426099999999728,,8.0,,
28.432805000000652,0.0,,,
28.436249999999728,,9.0,,
28.446399999999727,,10.0,,
28.454600000000042,,10.0,,
28.454600000000042,,9.0,,
28.456549999999726,,10.0,,
28.45770000000004,,10.0,,
28.45770000000004,,9.0,,
28.46080000000004,,9.0,,
28.46080000000004,,8.0,,
28.46390000000004,,8.0,,
28.46390000000004,,7.0,,
28.466699999999726,,8.0,,
28.46700000000004,,8.0,,
28.46700000000004,,7.0,,
28.47010000000004,,7.0,,
28.47010000000004,,6.0,,
28.47320000000004,,6.0,,
28.47320000000004,,5.0,,
28.47630000000004,,5.0,,
28.47630000000004,,4.0,,
28.476849999999725,,5.0,,
28.47940000000004,,5.0,,
28.47940000000004,,4.0,,
28.48250000000004,,4.0,,
28.48250000000004,,3.0,,
28.48560000000004,,3.0,,
28.48560000000004,,2.0,,
28.486999999999725,,3.0,,
28.48870000000004,,3.0,,
28.48870000000004,,2.0,,
28.49180000000004,,2.0,,
28.49180000000004,,1.0,,
28.49490000000004,,1.0,,
28.49490000000004,,0.0,,
28.497149999999724,,1.0,,
28.49800000000004,,1.0,,
28.49800000000004,,0.0,,
28.500000000000135,,,0.0,0.0
28.50110000000004,,0.0,,
28.507299999999724,,1.0,,
28.517449999999723,,2.0,,
28.527599999999723,,3.0,,
28.532805000000653,0.0,,,
28.537749999999722,,4.0,,
28.54789999999972,,5.0,,
28.55804999999972,,6.0,,
28.56819999999972,,7.0,,
28.57834999999972,,8.0,,
28.58849999999972,,9.0,,
28.59864999999972,,10.0,,
28.600000000000136,,,0.0,0.0
28.60110000000004,,10.0,,
28.60110000000004,,9.0,,
28.60420000000004,,9.0,,
28.60420000000004,,8.0,,
28.60730000000004,,8.0,,
28.60730000000004,,7.0,,
28.608799999999718,,8.0,,
28.61040000000004,,8.0,,
28.61040000000004,,7.0,,
28.61350000000004,,7.0,,
28.61350000000004,,6.0,,
28.61660000000004,,6.0,,
28.61660000000004,,5.0,,
28.618949999999717,,6.0,,
28.61970000000004,,6.0,,
28.61970000000004,,5.0,,
28.62280000000004,,5.0,,
28.62280000000004,,4.0,,
28.62590000000004,,4.0,,
28.62590000000004,,3.0,,
28.62900000000004,,3.0,,
28.62900000000004,,2.0,,
28.629099999999717,,3.0,,
28.63210000000004,,3.0,,
28.63210000000004,,2.0,,
28.632805000000655,0.0,,,
28.63520000000004,,2.0,,
28.63520000000004,,1.0,,
28.63830000000004,,1.0,,
28.63830000000004,,0.0,,
28.639249999999716,,1.0,,
28.64140000000004,,1.0,,
28.64140000000004,,0.0,,
28.64450000000004,,0.0,,
28.649399999999716,,1.0,,
28.659549999999715,,2.0,,
28.669699999999715,,3.0,,
28.679849999999714,,4.0,,
28.689999999999714,,5.0,,
28.700000000000138,,,0.0,0.0
28.700149999999713,,6.0,,
28.710299999999712,,7.0,,
28.720449999999712,,8.0,,
28.73059999999971,,9.0,,
28.732805000000656,0.0,,,
28.74074999999971,,10.0,,
28.74450000000004,,10.0,,
28.74450000000004,,9.0,,
28.74760000000004,,9.0,,
28.74760000000004,,8.0,,
28.75070000000004,,8.0,,
28.75070000000004,,7.0,,
28.75089999999971,,8.0,,
28.75380000000004,,8.0,,
28.75380000000004,,7.0,,
28.75690000000004,,7.0,,
28.75690000000004,,6.0,,
28.76000000000004,,6.0,,
28.76000000000004,,5.0,,
28.76104999999971,,6.0,,
28.76310000000004,,6.0,,
28.76310000000004,,5.0,,
28.76620000000004,,5.0,,
28.76620000000004,,4.0,,
28.76930000000004,,4.0,,
28.76930000000004,,3.0,,
28.77119999999971,,4.0,,
28.77240000000004,,4.0,,
28.77240000000004,,3.0,,
28.77550000000004,,3.0,,
28.77550000000004,,2.0,,
28.77860000000004,,2.0,,
28.77860000000004,,1.0,,
28.78134999999971,,2.0,,
28.78170000000004,,2.0,,
28.78170000000004,,1.0,,
28.78480000000004,,1.0,,
28.78480000000004,,0.0,,
28.78790000000004,,0.0,,
28.791499999999708,,1.0,,
28.80000000000014,,,0.0,0.0
28.801649999999707,,2.0,,
28.811799999999707,,3.0,,
28.821949999999706,,4.0,,
28.832099999999706,,5.0,,
28.832805000000658,0.0,,,
28.842249999999705,,6.0,,
28.852399999999705,,7.0,,
28.862549999999704,,8.0,,
28.872699999999703,,9.0,,
28.882849999999703,,10.0,,
28.88790000000004,,10.0,,
28.88790000000004,,9.0,,
28.89100000000004,,9.0,,
28.89100000000004,,8.0,,
28.892999999999702,,9.0,,
28.89410000000004,,9.0,,
28.89410000000004,,8.0,,
28.89720000000004,,8.0,,
28.89720000000004,,7.0,,
28.90000000000014,,,0.0,0.0
28.90030000000004,,7.0,,
28.90030000000004,,6.0,,
28.9031499999997,,7.0,,
28.90340000000004,,7.0,,
28.90340000000004,,6.0,,
28.90650000000004,,6.0,,
28.90650000000004,,5.0,,
28.90960000000004,,5.0,,
28.90960000000004,,4.0,,
28.91270000000004,,4.0,,
28.91270000000004,,3.0,,
28.9132999999997,,4.0,,
28.91580000000004,,4.0,,
28.91580000000004,,3.0,,
28.91890000000004,,3.0,,
28.91890000000004,,2.0,,
28.92200000000004,,2.0,,
28.92200000000004,,1.0,,
28.9234499999997,,2.0,,
28.92510000000004,,2.0,,
28.92510000000004,,1.0,,
28.92820000000004,,1.0,,
28.92820000000004,,0.0,,
28.93130000000004,,0.0,,
28.93280500000066,0.0,,,
28.9335999999997,,1.0,,
28.9437499999997,,2.0,,
28.9538999999997,,3.0,,
28.9640499999997,,4.0,,
28.974199999999698,,5.0,,
28.984349999999697,,6.0,,
28.994499999999697,,7.0,,
29.000000000000142,,,0.0,0.0
29.004649999999696,,8.0,,
29.014799999999696,,9.0,,
29.024949999999695,,10.0,,
29.03130000000004,,10.0,,
29.03130000000004,,9.0,,
29.03280500000066,0.0,,,
29.03440000000004,,9.0,,
29.03440000000004,,8.0,,
29.035099999999694,,9.0,,
29.03750000000004,,9.0,,
29.03750000000004,,8.0,,
29.04060000000004,,8.0,,
29.04060000000004,,7.0,,
29.04370000000004,,7.0,,
29.04370000000004,,6.0,,
29.045249999999694,,7.0,,
29.04680000000004,,7.0,,
29.04680000000004,,6.0,,
29.04990000000004,,6.0,,
29.04990000000004,,5.0,,
29.05300000000004,,5.0,,
29.05300000000004,,4.0,,
29.055399999999693,,5.0,,
29.05610000000004,,5.0,,
29.05610000000004,,4.0,,
29.05920000000004,,4.0,,
29.05920000000004,,3.0,,
29.06230000000004,,3.0,,
29.06230000000004,,2.0,,
29.06540000000004,,2.0,,
29.06540000000004,,1.0,,
29.065549999999693,,2.0,,
29.06850000000004,,2.0,,
29.06850000000004,,1.0,,
29.07160000000004,,1.0,,
29.07160000000004,,0.0,,
29.07470000000004,,0.0,,
29.075699999999692,,1.0,,
29.08584999999969,,2.0,,
29.09599999999969,,3.0,,
29.100000000000144,,,0.0,0.0
29.10614999999969,,4.0,,
29.11629999999969,,5.0,,
29.12644999999969,,6.0,,
29.132805000000662,0.0,,,
29.13659999999969,,7.0,,
29.146749999999688,,8.0,,
29.156899999999688,,9.0,,
29.167049999999687,,10.0,,
29.17470000000004,,10.0,,
29.17470000000004,,9.0,,
29.177199999999686,,10.0,,
29.17780000000004,,10.0,,
29.17780000000004,,9.0,,
29.18090000000004,,9.0,,
29.18090000000004,,8.0,,
29.18400000000004,,8.0,,
29.18400000000004,,7.0,,
29.18710000000004,,7.0,,
29.18710000000004,,6.0,,
29.187349999999686,,7.0,,
29.19020000000004,,7.0,,
29.19020000000004,,6.0,,
29.19330000000004,,6.0,,
29.19330000000004,,5.0,,
29.19640000000004,,5.0,,
29.19640000000004,,4.0,,
29.197499999999685,,5.0,,
29.19950000000004,,5.0,,
29.19950000000004,,4.0,,
29.200000000000145,,,0.0,0.0
29.20260000000004,,4.0,,
29.20260000000004,,3.0,,
29.20570000000004,,3.0,,
29.20570000000004,,2.0,,
29.207649999999685,,3.0,,
29.20880000000004,,3.0,,
29.20880000000004,,2.0,,
29.21190000000004,,2.0,,
29.21190000000004,,1.0,,
29.21500000000004,,1.0,,
29.21500000000004,,0.0,,
29.217799999999684,,1.0,,
29.21810000000004,,1.0,,
29.21810000000004,,0.0,,
29.22120000000004,,0.0,,
29.227949999999684,,1.0,,
29.232805000000663,0.0,,,
29.238099999999683,,2.0,,
29.248249999999683,,3.0,,
29.258399999999682,,4.0,,
29.26854999999968,,5.0,,
29.27869999999968,,6.0,,
29.28884999999968,,7.0,,
29.29899999999968,,8.0,,
29.300000000000146,,,0.0,0.0
29.30914999999968,,9.0,,
29.31929999999968,,10.0,,
29.32120000000004,,10.0,,
29.32120000000004,,9.0,,
29.32430000000004,,9.0,,
29.32430000000004,,8.0,,
29.32740000000004,,8.0,,
29.32740000000004,,7.0,,
29.329449999999678,,8.0,,
29.33050000000004,,8.0,,
29.33050000000004,,7.0,,
29.332805000000665,0.0,,,
29.33360000000004,,7.0,,
29.33360000000004,,6.0,,
29.33670000000004,,6.0,,
29.33670000000004,,5.0,,
29.339599999999677,,6.0,,
29.33980000000004,,6.0,,
29.33980000000004,,5.0,,
29.34290000000004,,5.0,,
29.34290000000004,,4.0,,
29.34600000000004,,4.0,,
29.34600000000004,,3.0,,
29.34910000000004,,3.0,,
29.34910000000004,,2.0,,
29.349749999999677,,3.0,,
29.35220000000004,,3.0,,
29.35220000000004,,2.0,,
29.35530000000004,,2.0,,
29.35530000000004,,1.0,,
29.35840000000004,,1.0,,
29.35840000000004,,0.0,,
29.359899999999676,,1.0,,
29.36150000000004,,1.0,,
29.36150000000004,,0.0,,
29.36460000000004,,0.0,,
29.370049999999676,,1.0,,
29.380199999999675,,2.0,,
29.390349999999675,,3.0,,
29.400000000000148,,,0.0,0.0
29.400499999999674,,4.0,,
29.410649999999674,,5.0,,
29.420799999999673,,6.0,,
29.430949999999672,,7.0,,
29.432805000000666,0.0,,,
29.441099999999672,,8.0,,
29.45124999999967,,9.0,,
29.46139999999967,,10.0,,
29.46460000000004,,10.0,,
29.46460000000004,,9.0,,
29.46770000000004,,9.0,,
29.46770000000004,,8.0,,
29.47080000000004,,8.0,,
29.47080000000004,,7.0,,
29.47154999999967,,8.0,,
29.47390000000004,,8.0,,
29.47390000000004,,7.0,,
29.47700000000004,,7.0,,
29.47700000000004,,6.0,,
29.48010000000004,,6.0,,
29.48010000000004,,5.0,,
29.48169999999967,,6.0,,
29.48320000000004,,6.0,,
29.48320000000004,,5.0,,
29.48630000000004,,5.0,,
29.48630000000004,,4.0,,
29.48940000000004,,4.0,,
29.48940000000004,,3.0,,
29.49184999999967,,4.0,,
29.49250000000004,,4.0,,
29.49250000000004,,3.0,,
29.49560000000004,,3.0,,
29.49560000000004,,2.0,,
29.49870000000004,,2.0,,
29.49870000000004,,1.0,,
29.50000000000015,,,0.0,0.0
29.50180000000004,,1.0,,
29.50180000000004,,0.0,,
29.50199999999967,,1.0,,
29.50490000000004,,1.0,,
29.50490000000004,,0.0,,
29.508000000000038,,0.0,,
29.512149999999668,,1.0,,
29.522299999999667,,2.0,,
29.532449999999667,,3.0,,
29.532805000000668,0.0,,,
29.542599999999666,,4.0,,
29.552749999999666,,5.0,,
29.562899999999665,,6.0,,
29.573049999999665,,7.0,,
29.583199999999664,,8.0,,
29.593349999999663,,9.0,,
29.60000000000015,,,0.0,0.0
29.603499999999663,,10.0,,
29.60800000000004,,10.0,,
29.60800000000004,,9.0,,
29.61110000000004,,9.0,,
29.61110000000004,,8.0,,
29.613649999999662,,9.0,,
29.61420000000004,,9.0,,
29.61420000000004,,8.0,,
29.61730000000004,,8.0,,
29.61730000000004,,7.0,,
29.62040000000004,,7.0,,
29.62040000000004,,6.0,,
29.62350000000004,,6.0,,
29.62350000000004,,5.0,,
29.62379999999966,,6.0,,
29.62660000000004,,6.0,,
29.62660000000004,,5.0,,
29.62970000000004,,5.0,,
29.62970000000004,,4.0,,
29.63280000000004,,4.0,,
29.63280000000004,,3.0,,
29.63280500000067,0.0,,,
29.63394999999966,,4.0,,
29.63590000000004,,4.0,,
29.63590000000004,,3.0,,
29.63900000000004,,3.0,,
29.63900000000004,,2.0,,
29.64210000000004,,2.0,,
29.64210000000004,,1.0,,
29.64409999999966,,2.0,,
29.645200000000038,,2.0,,
29.645200000000038,,1.0,,
29.648300000000038,,1.0,,
29.648300000000038,,0.0,,
29.651400000000038,,0.0,,
29.65424999999966,,1.0,,
29.66439999999966,,2.0,,
29.67454999999966,,3.0,,
29.68469999999966,,4.0,,
29.694849999999658,,5.0,,
29.700000000000152,,,0.0,0.0
29.704999999999657,,6.0,,
29.715149999999657,,7.0,,
29.725299999999656,,8.0,,
29.73280500000067,0.0,,,
29.735449999999656,,9.0,,
29.745599999999655,,10.0,,
29.75140000000004,,10.0,,
29.75140000000004,,9.0,,
29.75450000000004,,9.0,,
29.75450000000004,,8.0,,
29.755749999999654,,9.0,,
29.75760000000004,,9.0,,
29.75760000000004,,8.0,,
29.76070000000004,,8.0,,
29.76070000000004,,7.0,,
29.76380000000004,,7.0,,
29.76380000000004,,6.0,,
29.765899999999654,,7.0,,
29.76690000000004,,7.0,,
29.76690000000004,,6.0,,
29.77000000000004,,6.0,,
29.77000000000004,,5.0,,
29.77310000000004,,5.0,,
29.77310000000004,,4.0,,
29.776049999999653,,5.0,,
29.77620000000004,,5.0,,
29.77620000000004,,4.0,,
29.77930000000004,,4.0,,
29.77930000000004,,3.0,,
29.782400000000038,,3.0,,
29.782400000000038,,2.0,,
29.785500000000038,,2.0,,
29.785500000000038,,1.0,,
29.786199999999653,,2.0,,
29.788600000000038,,2.0,,
29.788600000000038,,1.0,,
29.791700000000038,,1.0,,
29.791700000000038,,0.0,,
29.794800000000038,,0.0,,
29.796349999999652,,1.0,,
29.800000000000153,,,0.0,0.0
29.80649999999965,,2.0,,
29.81664999999965,,3.0,,
29.82679999999965,,4.0,,
29.832805000000672,0.0,,,
29.83694999999965,,5.0,,
29.84709999999965,,6.0,,
29.85724999999965,,7.0,,
29.86739999999965,,8.0,,
29.877549999999648,,9.0,,
29.887699999999647,,10.0,,
29.89480000000004,,10.0,,
29.89480000000004,,9.0,,
29.897849999999647,,10.0,,
29.89790000000004,,10.0,,
29.89790000000004,,9.0,,
29.900000000000155,,,0.0,0.0
29.90100000000004,,9.0,,
29.90100000000004,,8.0,,
29.90410000000004,,8.0,,
29.90410000000004,,7.0,,
29.90720000000004,,7.0,,
29.90720000000004,,6.0,,
29.907999999999646,,7.0,,
29.91030000000004,,7.0,,
29.91030000000004,,6.0,,
29.91340000000004,,6.0,,
29.91340000000004,,5.0,,
29.91650000000004,,5.0,,
29.91650000000004,,4.0,,
29.918149999999645,,5.0,,
29.919600000000038,,5.0,,
29.919600000000038,,4.0,,
29.922700000000038,,4.0,,
29.922700000000038,,3.0,,
29.925800000000038,,3.0,,
29.925800000000038,,2.0,,
29.928299999999645,,3.0,,
29.928900000000038,,3.0,,
29.928900000000038,,2.0,,
29.932000000000038,,2.0,,
29.932000000000038,,1.0,,
29.932805000000673,0.0,,,
29.935100000000038,,1.0,,
29.935100000000038,,0.0,,
29.938200000000037,,0.0,,
29.938449999999644,,1.0,,
29.948599999999644,,2.0,,
29.958749999999643,,3.0,,
29.968899999999643,,4.0,,
29.979049999999642,,5.0,,
29.98919999999964,,6.0,,
29.99934999999964,,7.0,,
30.000000000000156,,,0.0,0.0
30.00949999999964,,8.0,,
30.01964999999964,,9.0,,
30.02979999999964,,10.0,,
30.032805000000675,0.0,,,
30.03820000000004,,10.0,,
30.03820000000004,,9.0,,
30.03994999999964,,10.0,,
30.04130000000004,,10.0,,
30.04130000000004,,9.0,,
30.04440000000004,,9.0,,
30.04440000000004,,8.0,,
30.04750000000004,,8.0,,
30.04750000000004,,7.0,,
30.050099999999638,,8.0,,
30.05060000000004,,8.0,,
30.05060000000004,,7.0,,
30.05370000000004,,7.0,,
30.05370000000004,,6.0,,
30.056800000000038,,6.0,,
30.056800000000038,,5.0,,
30.059900000000038,,5.0,,
30.059900000000038,,4.0,,
30.060249999999638,,5.0,,
30.063000000000038,,5.0,,
30.063000000000038,,4.0,,
30.066100000000038,,4.0,,
30.066100000000038,,3.0,,
30.069200000000038,,3.0,,
30.069200000000038,,2.0,,
30.070399999999637,,3.0,,
30.072300000000038,,3.0,,
30.072300000000038,,2.0,,
30.075400000000037,,2.0,,
30.075400000000037,,1.0,,
30.078500000000037,,1.0,,
30.078500000000037,,0.0,,
30.080549999999636,,1.0,,
30.081600000000037,,1.0,,
30.081600000000037,,0.0,,
30.084700000000037,,0.0,,
30.090699999999636,,1.0,,
30.100000000000158,,,0.0,0.0
30.100849999999635,,2.0,,
30.110999999999635,,3.0,,
30.121149999999634,,4.0,,
30.131299999999634,,5.0,,
30.132805000000676,0.0,,,
30.141449999999633,,6.0,,
30.151599999999632,,7.0,,
30.161749999999632,,8.0,,
30.17189999999963,,9.0,,
30.18204999999963,,10.0,,
30.18470000000004,,10.0,,
30.18470000000004,,9.0,,
30.18780000000004,,9.0,,
30.18780000000004,,8.0,,
30.19090000000004,,8.0,,
30.19090000000004,,7.0,,
30.19219999999963,,8.0,,
30.194000000000038,,8.0,,
30.194000000000038,,7.0,,
30.197100000000038,,7.0,,
30.197100000000038,,6.0,,
30.20000000000016,,,0.0,0.0
30.200200000000038,,6.0,,
30.200200000000038,,5.0,,
30.20234999999963,,6.0,,
30.203300000000038,,6.0,,
30.203300000000038,,5.0,,
30.206400000000038,,5.0,,
30.206400000000038,,4.0,,
30.209500000000038,,4.0,,
30.209500000000038,,3.0,,
30.21249999999963,,4.0,,
30.212600000000037,,4.0,,
30.212600000000037,,3.0,,
30.215700000000037,,3.0,,
30.215700000000037,,2.0,,
30.218800000000037,,2.0,,
30.218800000000037,,1.0,,
30.221900000000037,,1.0,,
30.221900000000037,,0.0,,
30.22264999999963,,1.0,,
30.225000000000037,,1.0,,
30.225000000000037,,0.0,,
30.228100000000037,,0.0,,
30.232799999999628,,1.0,,
30.232805000000678,0.0,,,
30.242949999999627,,2.0,,
30.253099999999627,,3.0,,
30.263249999999626,,4.0,,
30.273399999999626,,5.0,,
30.283549999999625,,6.0,,
30.293699999999625,,7.0,,
30.30000000000016,,,0.0,0.0
30.303849999999624,,8.0,,
30.313999999999623,,9.0,,
30.324149999999623,,10.0,,
30.32810000000004,,10.0,,
30.32810000000004,,9.0,,
30.331200000000038,,9.0,,
30.331200000000038,,8.0,,
30.33280500000068,0.0,,,
30.334299999999622,,9.0,,
30.334300000000038,,9.0,,
30.334300000000038,,8.0,,
30.337400000000038,,8.0,,
30.337400000000038,,7.0,,
30.340500000000038,,7.0,,
30.340500000000038,,6.0,,
30.343600000000038,,6.0,,
30.343600000000038,,5.0,,
30.344449999999622,,6.0,,
30.346700000000038,,6.0,,
30.346700000000038,,5.0,,
30.349800000000037,,5.0,,
30.349800000000037,,4.0,,
30.352900000000037,,4.0,,
30.352900000000037,,3.0,,
30.35459999999962,,4.0,,
30.356000000000037,,4.0,,
30.356000000000037,,3.0,,
30.359100000000037,,3.0,,
30.359100000000037,,2.0,,
30.362200000000037,,2.0,,
30.362200000000037,,1.0,,
30.36474999999962,,2.0,,
30.365300000000037,,2.0,,
30.365300000000037,,1.0,,
30.368400000000037,,1.0,,
30.368400000000037,,0.0,,
30.371500000000037,,0.0,,
30.37489999999962,,1.0,,
30.38504999999962,,2.0,,
30.39519999999962,,3.0,,
30.400000000000162,,,0.0,0.0
30.40534999999962,,4.0,,
30.415499999999618,,5.0,,
30.425649999999617,,6.0,,
30.43280500000068,0.0,,,
30.435799999999617,,7.0,,
30.445949999999616,,8.0,,
30.456099999999616,,9.0,,
30.466249999999615,,10.0,,
30.471500000000038,,10.0,,
30.471500000000038,,9.0,,
30.474600000000038,,9.0,,
30.474600000000038,,8.0,,
30.476399999999614,,9.0,,
30.477700000000038,,9.0,,
30.477700000000038,,8.0,,
30.480800000000038,,8.0,,
30.480800000000038,,7.0,,
30.483900000000038,,7.0,,
30.483900000000038,,6.0,,
30.486549999999614,,7.0,,
30.487000000000037,,7.0,,
30.487000000000037,,6.0,,
30.490100000000037,,6.0,,
30.490100000000037,,5.0,,
30.493200000000037,,5.0,,
30.493200000000037,,4.0,,
30.496300000000037,,4.0,,
30.496300000000037,,3.0,,
30.496699999999613,,4.0,,
30.499400000000037,,4.0,,
30.499400000000037,,3.0,,
30.500000000000163,,,0.0,0.0
30.502500000000037,,3.0,,
30.502500000000037,,2.0,,
30.505600000000037,,2.0,,
30.505600000000037,,1.0,,
30.506849999999613,,2.0,,
30.508700000000037,,2.0,,
30.508700000000037,,1.0,,
30.511800000000036,,1.0,,
30.511800000000036,,0.0,,
30.514900000000036,,0.0,,
30.516999999999612,,1.0,,
30.52714999999961,,2.0,,
30.532805000000682,0.0,,,
30.53729999999961,,3.0,,
30.54744999999961,,4.0,,
30.55759999999961,,5.0,,
30.56774999999961,,6.0,,
30.57789999999961,,7.0,,
30.58804999999961,,8.0,,
30.598199999999608,,9.0,,
30.600000000000165,,,0.0,0.0
30.608349999999607,,10.0,,
30.614900000000038,,10.0,,
30.614900000000038,,9.0,,
30.618000000000038,,9.0,,
30.618000000000038,,8.0,,
30.618499999999607,,9.0,,
30.621100000000038,,9.0,,
30.621100000000038,,8.0,,
30.624200000000037,,8.0,,
30.624200000000037,,7.0,,
30.627300000000037,,7.0,,
30.627300000000037,,6.0,,
30.628649999999606,,7.0,,
30.630400000000037,,7.0,,
30.630400000000037,,6.0,,
30.632805000000683,0.0,,,
30.633500000000037,,6.0,,
30.633500000000037,,5.0,,
30.636600000000037,,5.0,,
30.636600000000037,,4.0,,
30.638799999999605,,5.0,,
30.639700000000037,,5.0,,
30.639700000000037,,4.0,,
30.642800000000037,,4.0,,
30.642800000000037,,3.0,,
30.645900000000037,,3.0,,
30.645900000000037,,2.0,,
30.648949999999605,,3.0,,
30.649000000000036,,3.0,,
30.649000000000036,,2.0,,
30.652100000000036,,2.0,,
30.652100000000036,,1.0,,
30.655200000000036,,1.0,,
30.655200000000036,,0.0,,
30.658300000000036,,0.0,,
30.659099999999604,,1.0,,
30.669249999999604,,2.0,,
30.679399999999603,,3.0,,
30.689549999999603,,4.0,,
30.699699999999602,,5.0,,
30.700000000000166,,,0.0,0.0
30.7098499999996,,6.0,,
30.7199999999996,,7.0,,
30.7301499999996,,8.0,,
30.732805000000685,0.0,,,
30.7402999999996,,9.0,,
30.7504499999996,,10.0,,
30.758300000000037,,10.0,,
30.758300000000037,,9.0,,
30.7605999999996,,10.0,,
30.761400000000037,,10.0,,
30.761400000000037,,9.0,,
30.764500000000037,,9.0,,
30.764500000000037,,8.0,,
30.767600000000037,,8.0,,
30.767600000000037,,7.0,,
30.770700000000037,,7.0,,
30.770700000000037,,6.0,,
30.770749999999598,,7.0,,
30.773800000000037,,7.0,,
30.773800000000037,,6.0,,
30.776900000000037,,6.0,,
30.776900000000037,,5.0,,
30.780000000000037,,5.0,,
30.780000000000037,,4.0,,
30.780899999999598,,5.0,,
30.783100000000037,,5.0,,
30.783100000000037,,4.0,,
30.786200000000036,,4.0,,
30.786200000000036,,3.0,,
30.789300000000036,,3.0,,
30.789300000000036,,2.0,,
30.791049999999597,,3.0,,
30.792400000000036,,3.0,,
30.792400000000036,,2.0,,
30.795500000000036,,2.0,,
30.795500000000036,,1.0,,
30.798600000000036,,1.0,,
30.798600000000036,,0.0,,
30.800000000000168,,,0.0,0.0
30.801199999999596,,1.0,,
30.801700000000036,,1.0,,
30.801700000000036,,0.0,,
30.804800000000036,,0.0,,
30.811349999999596,,1.0,,
30.821499999999595,,2.0,,
30.831649999999595,,3.0,,
30.832805000000686,0.0,,,
30.841799999999594,,4.0,,
30.851949999999594,,5.0,,
30.862099999999593,,6.0,,
30.872249999999593,,7.0,,
30.882399999999592,,8.0,,
30.89254999999959,,9.0,,
30.90000000000017,,,0.0,0.0
30.90269999999959,,10.0,,
30.904800000000037,,10.0,,
30.904800000000037,,9.0,,
30.907900000000037,,9.0,,
30.907900000000037,,8.0,,
30.911000000000037,,8.0,,
30.911000000000037,,7.0,,
30.91284999999959,,8.0,,
30.914100000000037,,8.0,,
30.914100000000037,,7.0,,
30.917200000000037,,7.0,,
30.917200000000037,,6.0,,
30.920300000000037,,6.0,,
30.920300000000037,,5.0,,
30.92299999999959,,6.0,,
30.923400000000036,,6.0,,
30.923400000000036,,5.0,,
30.926500000000036,,5.0,,
30.926500000000036,,4.0,,
30.929600000000036,,4.0,,
30.929600000000036,,3.0,,
30.932700000000036,,3.0,,
30.932700000000036,,2.0,,
30.932805000000688,0.0,,,
30.93314999999959,,3.0,,
30.935800000000036,,3.0,,
30.935800000000036,,2.0,,
30.938900000000036,,2.0,,
30.938900000000036,,1.0,,
30.942000000000036,,1.0,,
30.942000000000036,,0.0,,
30.94329999999959,,1.0,,
30.945100000000036,,1.0,,
30.945100000000036,,0.0,,
30.948200000000035,,0.0,,
30.953449999999588,,1.0,,
30.963599999999587,,2.0,,
30.973749999999587,,3.0,,
30.983899999999586,,4.0,,
30.994049999999586,,5.0,,
31.00000000000017,,,0.0,0.0
31.004199999999585,,6.0,,
31.014349999999585,,7.0,,
31.024499999999584,,8.0,,
31.03280500000069,0.0,,,
31.034649999999584,,9.0,,
31.044799999999583,,10.0,,
31.048200000000037,,10.0,,
31.048200000000037,,9.0,,
31.051300000000037,,9.0,,
31.051300000000037,,8.0,,
31.054400000000037,,8.0,,
31.054400000000037,,7.0,,
31.054949999999582,,8.0,,
31.057500000000037,,8.0,,
31.057500000000037,,7.0,,
31.060600000000036,,7.0,,
31.060600000000036,,6.0,,
31.063700000000036,,6.0,,
31.063700000000036,,5.0,,
31.065099999999582,,6.0,,
31.066800000000036,,6.0,,
31.066800000000036,,5.0,,
31.069900000000036,,5.0,,
31.069900000000036,,4.0,,
31.073000000000036,,4.0,,
31.073000000000036,,3.0,,
31.07524999999958,,4.0,,
31.076100000000036,,4.0,,
31.076100000000036,,3.0,,
31.079200000000036,,3.0,,
31.079200000000036,,2.0,,
31.082300000000036,,2.0,,
31.082300000000036,,1.0,,
31.08539999999958,,2.0,,
31.085400000000035,,2.0,,
31.085400000000035,,1.0,,
31.088500000000035,,1.0,,
31.088500000000035,,0.0,,
31.091600000000035,,0.0,,
31.09554999999958,,1.0,,
31.100000000000172,,,0.0,0.0
31.10569999999958,,2.0,,
31.11584999999958,,3.0,,
31.12599999999958,,4.0,,
31.13280500000069,0.0,,,
31.136149999999578,,5.0,,
31.146299999999577,,6.0,,
31.156449999999577,,7.0,,
31.166599999999576,,8.0,,
31.176749999999576,,9.0,,
31.186899999999575,,10.0,,
31.191600000000037,,10.0,,
31.191600000000037,,9.0,,
31.194700000000037,,9.0,,
31.194700000000037,,8.0,,
31.197049999999575,,9.0,,
31.197800000000036,,9.0,,
31.197800000000036,,8.0,,
31.200000000000173,,,0.0,0.0
31.200900000000036,,8.0,,
31.200900000000036,,7.0,,
31.204000000000036,,7.0,,
31.204000000000036,,6.0,,
31.207100000000036,,6.0,,
31.207100000000036,,5.0,,
31.207199999999574,,6.0,,
31.210200000000036,,6.0,,
31.210200000000036,,5.0,,
31.213300000000036,,5.0,,
31.213300000000036,,4.0,,
31.216400000000036,,4.0,,
31.216400000000036,,3.0,,
31.217349999999573,,4.0,,
31.219500000000036,,4.0,,
31.219500000000036,,3.0,,
31.222600000000035,,3.0,,
31.222600000000035,,2.0,,
31.225700000000035,,2.0,,
31.225700000000035,,1.0,,
31.227499999999573,,2.0,,
31.228800000000035,,2.0,,
31.228800000000035,,1.0,,
31.231900000000035,,1.0,,
31.231900000000035,,0.0,,
31.232805000000692,0.0,,,
31.235000000000035,,0.0,,
31.237649999999572,,1.0,,
31.24779999999957,,2.0,,
31.25794999999957,,3.0,,
31.26809999999957,,4.0,,
31.27824999999957,,5.0,,
31.28839999999957,,6.0,,
31.29854999999957,,7.0,,
31.300000000000175,,,0.0,0.0
31.30869999999957,,8.0,,
31.318849999999568,,9.0,,
31.328999999999567,,10.0,,
31.332805000000693,0.0,,,
31.335000000000036,,10.0,,
31.335000000000036,,9.0,,
31.338100000000036,,9.0,,
31.338100000000036,,8.0,,
31.339149999999567,,9.0,,
31.341200000000036,,9.0,,
31.341200000000036,,8.0,,
31.344300000000036,,8.0,,
31.344300000000036,,7.0,,
31.347400000000036,,7.0,,
31.347400000000036,,6.0,,
31.349299999999566,,7.0,,
31.350500000000036,,7.0,,
31.350500000000036,,6.0,,
31.353600000000036,,6.0,,
31.353600000000036,,5.0,,
31.356700000000036,,5.0,,
31.356700000000036,,4.0,,
31.359449999999566,,5.0,,
31.359800000000035,,5.0,,
31.359800000000035,,4.0,,
31.362900000000035,,4.0,,
31.362900000000035,,3.0,,
31.366000000000035,,3.0,,
31.366000000000035,,2.0,,
31.369100000000035,,2.0,,
31.369100000000035,,1.0,,
31.369599999999565,,2.0,,
31.372200000000035,,2.0,,
31.372200000000035,,1.0,,
31.375300000000035,,1.0,,
31.375300000000035,,0.0,,
31.378400000000035,,0.0,,
31.379749999999564,,1.0,,
31.389899999999564,,2.0,,
31.400000000000176,,,0.0,0.0
31.400049999999563,,3.0,,
31.410199999999563,,4.0,,
31.420349999999562,,5.0,,
31.43049999999956,,6.0,,
31.432805000000695,0.0,,,
31.44064999999956,,7.0,,
31.45079999999956,,8.0,,
31.46094999999956,,9.0,,
31.47109999999956,,10.0,,
31.478400000000036,,10.0,,
31.478400000000036,,9.0,,
31.48124999999956,,10.0,,
31.481500000000036,,10.0,,
31.481500000000036,,9.0,,
31.484600000000036,,9.0,,
31.484600000000036,,8.0,,
31.487700000000036,,8.0,,
31.487700000000036,,7.0,,
31.490800000000036,,7.0,,
31.490800000000036,,6.0,,
31.491399999999558,,7.0,,
31.493900000000036,,7.0,,
31.493900000000036,,6.0,,
31.497000000000035,,6.0,,
31.497000000000035,,5.0,,
31.500000000000178,,,0.0,0.0
31.500100000000035,,5.0,,
31.500100000000035,,4.0,,
31.501549999999558,,5.0,,
31.503200000000035,,5.0,,
31.503200000000035,,4.0,,
31.506300000000035,,4.0,,
31.506300000000035,,3.0,,
31.509400000000035,,3.0,,
31.509400000000035,,2.0,,
31.511699999999557,,3.0,,
31.512500000000035,,3.0,,
31.512500000000035,,2.0,,
31.515600000000035,,2.0,,
31.515600000000035,,1.0,,
31.518700000000035,,1.0,,
31.518700000000035,,0.0,,
31.521800000000034,,0.0,,
31.521849999999557,,1.0,,
31.531999999999556,,2.0,,
31.532805000000696,0.0,,,
31.542149999999555,,3.0,,
31.552299999999555,,4.0,,
31.562449999999554,,5.0,,
31.572599999999554,,6.0,,
31.582749999999553,,7.0,,
31.592899999999553,,8.0,,
31.60000000000018,,,0.0,0.0
31.603049999999552,,9.0,,
31.61319999999955,,10.0,,
31.621800000000036,,10.0,,
31.621800000000036,,9.0,,
31.62334999999955,,10.0,,
31.624900000000036,,10.0,,
31.624900000000036,,9.0,,
31.628000000000036,,9.0,,
31.628000000000036,,8.0,,
31.631100000000036,,8.0,,
31.631100000000036,,7.0,,
31.632805000000698,0.0,,,
31.63349999999955,,8.0,,
31.634200000000035,,8.0,,
31.634200000000035,,7.0,,
31.637300000000035,,7.0,,
31.637300000000035,,6.0,,
31.640400000000035,,6.0,,
31.640400000000035,,5.0,,
31.643500000000035,,5.0,,
31.643500000000035,,4.0,,
31.64364999999955,,5.0,,
31.646600000000035,,5.0,,
31.646600000000035,,4.0,,
31.649700000000035,,4.0,,
31.649700000000035,,3.0,,
31.652800000000035,,3.0,,
31.652800000000035,,2.0,,
31.65379999999955,,3.0,,
31.655900000000035,,3.0,,
31.655900000000035,,2.0,,
31.659000000000034,,2.0,,
31.659000000000034,,1.0,,
31.662100000000034,,1.0,,
31.662100000000034,,0.0,,
31.66394999999955,,1.0,,
31.665200000000034,,1.0,,
31.665200000000034,,0.0,,
31.668300000000034,,0.0,,
31.674099999999548,,1.0,,
31.684249999999547,,2.0,,
31.694399999999547,,3.0,,
31.70000000000018,,,0.0,0.0
31.704549999999546,,4.0,,
31.714699999999546,,5.0,,
31.724849999999545,,6.0,,
31.7328050000007,0.0,,,
31.734999999999545,,7.0,,
31.745149999999544,,8.0,,
31.755299999999544,,9.0,,
31.765449999999543,,10.0,,
31.768300000000036,,10.0,,
31.768300000000036,,9.0,,
31.771400000000035,,9.0,,
31.771400000000035,,8.0,,
31.774500000000035,,8.0,,
31.774500000000035,,7.0,,
31.775599999999542,,8.0,,
31.777600000000035,,8.0,,
31.777600000000035,,7.0,,
31.780700000000035,,7.0,,
31.780700000000035,,6.0,,
31.783800000000035,,6.0,,
31.783800000000035,,5.0,,
31.785749999999542,,6.0,,
31.786900000000035,,6.0,,
31.786900000000035,,5.0,,
31.790000000000035,,5.0,,
31.790000000000035,,4.0,,
31.793100000000035,,4.0,,
31.793100000000035,,3.0,,
31.79589999999954,,4.0,,
31.796200000000034,,4.0,,
31.796200000000034,,3.0,,
31.799300000000034,,3.0,,
31.799300000000034,,2.0,,
31.800000000000182,,,0.0,0.0
31.802400000000034,,2.0,,
31.802400000000034,,1.0,,
31.805500000000034,,1.0,,
31.805500000000034,,0.0,,
31.80604999999954,,1.0,,
31.808600000000034,,1.0,,
31.808600000000034,,0.0,,
31.811700000000034,,0.0,,
31.81619999999954,,1.0,,
31.82634999999954,,2.0,,
31.8328050000007,0.0,,,
31.83649999999954,,3.0,,
31.84664999999954,,4.0,,
31.856799999999538,,5.0,,
31.866949999999537,,6.0,,
31.877099999999537,,7.0,,
31.887249999999536,,8.0,,
31.897399999999536,,9.0,,
31.900000000000183,,,0.0,0.0
31.907549999999535,,10.0,,
31.911700000000035,,10.0,,
31.911700000000035,,9.0,,
31.914800000000035,,9.0,,
31.914800000000035,,8.0,,
31.917699999999535,,9.0,,
31.917900000000035,,9.0,,
31.917900000000035,,8.0,,
31.921000000000035,,8.0,,
31.921000000000035,,7.0,,
31.924100000000035,,7.0,,
31.924100000000035,,6.0,,
31.927200000000035,,6.0,,
31.927200000000035,,5.0,,
31.927849999999534,,6.0,,
31.930300000000035,,6.0,,
31.930300000000035,,5.0,,
31.9328050000007,0.0,,,
31.933400000000034,,5.0,,
31.933400000000034,,4.0,,
31.936500000000034,,4.0,,
31.936500000000034,,3.0,,
31.937999999999533,,4.0,,
31.939600000000034,,4.0,,
31.939600000000034,,3.0,,
31.942700000000034,,3.0,,
31.942700000000034,,2.0,,
31.945800000000034,,2.0,,
31.945800000000034,,1.0,,
31.948149999999533,,2.0,,
31.948900000000034,,2.0,,
31.948900000000034,,1.0,,
31.952000000000034,,1.0,,
31.952000000000034,,0.0,,
31.955100000000034,,0.0,,
31.958299999999532,,1.0,,
31.96844999999953,,2.0,,
31.97859999999953,,3.0,,
31.98874999999953,,4.0,,
31.99889999999953,,5.0,,
32.000000000000185,,,0.0,0.0
32.00904999999953,,6.0,,
32.019199999999536,,7.0,,
32.02934999999954,,8.0,,
32.0328050000007,0.0,,,
32.03949999999954,,9.0,,
32.049649999999545,,10.0,,
32.05510000000003,,10.0,,
32.05510000000003,,9.0,,
32.058200000000035,,9.0,,
32.058200000000035,,8.0,,
32.05979999999955,,9.0,,
32.06130000000004,,9.0,,
32.06130000000004,,8.0,,
32.06440000000004,,8.0,,
32.06440000000004,,7.0,,
32.067500000000045,,7.0,,
32.067500000000045,,6.0,,
32.06994999999955,,7.0,,
32.07060000000005,,7.0,,
32.07060000000005,,6.0,,
32.07370000000005,,6.0,,
32.07370000000005,,5.0,,
32.076800000000055,,5.0,,
32.076800000000055,,4.0,,
32.07990000000006,,4.0,,
32.07990000000006,,3.0,,
32.080099999999554,,4.0,,
32.08300000000006,,4.0,,
32.08300000000006,,3.0,,
32.086100000000066,,3.0,,
32.086100000000066,,2.0,,
32.08920000000007,,2.0,,
32.08920000000007,,1.0,,
32.09024999999956,,2.0,,
32.09230000000007,,2.0,,
32.09230000000007,,1.0,,
32.095400000000076,,1.0,,
32.095400000000076,,0.0,,
32.09850000000008,,0.0,,
32.100000000000186,,,0.0,0.0
32.10039999999956,,1.0,,
32.11054999999956,,2.0,,
32.120699999999566,,3.0,,
32.13084999999957,,4.0,,
32.1328050000007,0.0,,,
32.14099999999957,,5.0,,
32.151149999999575,,6.0,,
32.16129999999958,,7.0,,
32.17144999999958,,8.0,,
32.181599999999584,,9.0,,
32.19174999999959,,10.0,,
32.19850000000008,,10.0,,
32.19850000000008,,9.0,,
32.20000000000019,,,0.0,0.0
32.201600000000084,,9.0,,
32.201600000000084,,8.0,,
32.20189999999959,,9.0,,
32.20470000000009,,9.0,,
32.20470000000009,,8.0,,
32.20780000000009,,8.0,,
32.20780000000009,,7.0,,
32.210900000000095,,7.0,,
32.210900000000095,,6.0,,
32.21204999999959,,7.0,,
32.2140000000001,,7.0,,
32.2140000000001,,6.0,,
32.2171000000001,,6.0,,
32.2171000000001,,5.0,,
32.220200000000105,,5.0,,
32.220200000000105,,4.0,,
32.222199999999596,,5.0,,
32.22330000000011,,5.0,,
32.22330000000011,,4.0,,
32.22640000000011,,4.0,,
32.22640000000011,,3.0,,
32.229500000000115,,3.0,,
32.229500000000115,,2.0,,
32.2323499999996,,3.0,,
32.23260000000012,,3.0,,
32.23260000000012,,2.0,,
32.2328050000007,0.0,,,
32.23570000000012,,2.0,,
32.23570000000012,,1.0,,
32.238800000000126,,1.0,,
32.238800000000126,,0.0,,
32.24190000000013,,0.0,,
32.2424999999996,,1.0,,
32.252649999999605,,2.0,,
32.26279999999961,,3.0,,
32.27294999999961,,4.0,,
32.283099999999614,,5.0,,
32.29324999999962,,6.0,,
32.30000000000019,,,0.0,0.0
32.30339999999962,,7.0,,
32.31354999999962,,8.0,,
32.323699999999626,,9.0,,
32.332805000000704,0.0,,,
32.33384999999963,,10.0,,
32.34190000000013,,10.0,,
32.34190000000013,,9.0,,
32.34399999999963,,10.0,,
32.345000000000134,,10.0,,
32.345000000000134,,9.0,,
32.34810000000014,,9.0,,
32.34810000000014,,8.0,,
32.35120000000014,,8.0,,
32.35120000000014,,7.0,,
32.354149999999635,,8.0,,
32.354300000000144,,8.0,,
32.354300000000144,,7.0,,
32.35740000000015,,7.0,,
32.35740000000015,,6.0,,
32.36050000000015,,6.0,,
32.36050000000015,,5.0,,
32.363600000000154,,5.0,,
32.363600000000154,,4.0,,
32.36429999999964,,5.0,,
32.36670000000016,,5.0,,
32.36670000000016,,4.0,,
32.36980000000016,,4.0,,
32.36980000000016,,3.0,,
32.372900000000165,,3.0,,
32.372900000000165,,2.0,,
32.37444999999964,,3.0,,
32.37600000000017,,3.0,,
32.37600000000017,,2.0,,
32.37910000000017,,2.0,,
32.37910000000017,,1.0,,
32.382200000000175,,1.0,,
32.382200000000175,,0.0,,
32.384599999999644,,1.0,,
32.38530000000018,,1.0,,
32.38530000000018,,0.0,,
32.38840000000018,,0.0,,
32.39474999999965,,1.0,,
32.40000000000019,,,0.0,0.0
32.40489999999965,,2.0,,
32.41504999999965,,3.0,,
32.425199999999656,,4.0,,
32.432805000000705,0.0,,,
32.43534999999966,,5.0,,
32.44549999999966,,6.0,,
32.455649999999665,,7.0,,
32.46579999999967,,8.0,,
32.47594999999967,,9.0,,
32.486099999999674,,10.0,,
32.48840000000018,,10.0,,
32.48840000000018,,9.0,,
32.49150000000019,,9.0,,
32.49150000000019,,8.0,,
32.49460000000019,,8.0,,
32.49460000000019,,7.0,,
32.49624999999968,,8.0,,
32.497700000000194,,8.0,,
32.497700000000194,,7.0,,
32.50000000000019,,,0.0,0.0
32.5008000000002,,7.0,,
32.5008000000002,,6.0,,
32.5039000000002,,6.0,,
32.5039000000002,,5.0,,
32.50639999999968,,6.0,,
32.507000000000204,,6.0,,
32.507000000000204,,5.0,,
32.51010000000021,,5.0,,
32.51010000000021,,4.0,,
32.51320000000021,,4.0,,
32.51320000000021,,3.0,,
32.516300000000214,,3.0,,
32.516300000000214,,2.0,,
32.51654999999968,,3.0,,
32.51940000000022,,3.0,,
32.51940000000022,,2.0,,
32.52250000000022,,2.0,,
32.52250000000022,,1.0,,
32.525600000000225,,1.0,,
32.525600000000225,,0.0,,
32.526699999999686,,1.0,,
32.52870000000023,,1.0,,
32.52870000000023,,0.0,,
32.53180000000023,,0.0,,
32.53280500000071,0.0,,,
32.53684999999969,,1.0,,
32.54699999999969,,2.0,,
32.557149999999695,,3.0,,
32.5672999999997,,4.0,,
32.5774499999997,,5.0,,
32.5875999999997,,6.0,,
32.59774999999971,,7.0,,
32.60000000000019,,,0.0,0.0
32.60789999999971,,8.0,,
32.61804999999971,,9.0,,
32.628199999999715,,10.0,,
32.63180000000023,,10.0,,
32.63180000000023,,9.0,,
32.63280500000071,0.0,,,
32.634900000000236,,9.0,,
32.634900000000236,,8.0,,
32.63800000000024,,8.0,,
32.63800000000024,,7.0,,
32.63834999999972,,8.0,,
32.64110000000024,,8.0,,
32.64110000000024,,7.0,,
32.64420000000025,,7.0,,
32.64420000000025,,6.0,,
32.64730000000025,,6.0,,
32.64730000000025,,5.0,,
32.64849999999972,,6.0,,
32.65040000000025,,6.0,,
32.65040000000025,,5.0,,
32.65350000000026,,5.0,,
32.65350000000026,,4.0,,
32.65660000000026,,4.0,,
32.65660000000026,,3.0,,
32.658649999999724,,4.0,,
32.659700000000264,,4.0,,
32.659700000000264,,3.0,,
32.66280000000027,,3.0,,
32.66280000000027,,2.0,,
32.66590000000027,,2.0,,
32.66590000000027,,1.0,,
32.66879999999973,,2.0,,
32.669000000000274,,2.0,,
32.669000000000274,,1.0,,
32.67210000000028,,1.0,,
32.67210000000028,,0.0,,
32.67520000000028,,0.0,,
32.67894999999973,,1.0,,
32.68909999999973,,2.0,,
32.699249999999736,,3.0,,
32.700000000000195,,,0.0,0.0
32.70939999999974,,4.0,,
32.71954999999974,,5.0,,
32.729699999999745,,6.0,,
32.73280500000071,0.0,,,
32.73984999999975,,7.0,,
32.74999999999975,,8.0,,
32.760149999999754,,9.0,,
32.77029999999976,,10.0,,
32.77520000000028,,10.0,,
32.77520000000028,,9.0,,
32.778300000000286,,9.0,,
32.778300000000286,,8.0,,
32.78044999999976,,9.0,,
32.78140000000029,,9.0,,
32.78140000000029,,8.0,,
32.78450000000029,,8.0,,
32.78450000000029,,7.0,,
32.787600000000296,,7.0,,
32.787600000000296,,6.0,,
32.79059999999976,,7.0,,
32.7907000000003,,7.0,,
32.7907000000003,,6.0,,
32.7938000000003,,6.0,,
32.7938000000003,,5.0,,
32.796900000000306,,5.0,,
32.796900000000306,,4.0,,
32.800000000000196,,,0.0,0.0
32.80000000000031,,4.0,,
32.80000000000031,,3.0,,
32.800749999999766,,4.0,,
32.80310000000031,,4.0,,
32.80310000000031,,3.0,,
32.80620000000032,,3.0,,
32.80620000000032,,2.0,,
32.80930000000032,,2.0,,
32.80930000000032,,1.0,,
32.81089999999977,,2.0,,
32.81240000000032,,2.0,,
32.81240000000032,,1.0,,
32.81550000000033,,1.0,,
32.81550000000033,,0.0,,
32.81860000000033,,0.0,,
32.82104999999977,,1.0,,
32.831199999999775,,2.0,,
32.83280500000071,0.0,,,
32.84134999999978,,3.0,,
32.85149999999978,,4.0,,
32.861649999999784,,5.0,,
32.87179999999979,,6.0,,
32.88194999999979,,7.0,,
32.89209999999979,,8.0,,
32.9000000000002,,,0.0,0.0
32.902249999999796,,9.0,,
32.9123999999998,,10.0,,
32.91860000000033,,10.0,,
32.91860000000033,,9.0,,
32.921700000000335,,9.0,,
32.921700000000335,,8.0,,
32.9225499999998,,9.0,,
32.92480000000034,,9.0,,
32.92480000000034,,8.0,,
32.92790000000034,,8.0,,
32.92790000000034,,7.0,,
32.931000000000346,,7.0,,
32.931000000000346,,6.0,,
32.932699999999805,,7.0,,
32.93280500000071,0.0,,,
32.93410000000035,,7.0,,
32.93410000000035,,6.0,,
32.93720000000035,,6.0,,
32.93720000000035,,5.0,,
32.940300000000356,,5.0,,
32.940300000000356,,4.0,,
32.94284999999981,,5.0,,
32.94340000000036,,5.0,,
32.94340000000036,,4.0,,
32.94650000000036,,4.0,,
32.94650000000036,,3.0,,
32.949600000000366,,3.0,,
32.949600000000366,,2.0,,
32.95270000000037,,2.0,,
32.95270000000037,,1.0,,
32.95299999999981,,2.0,,
32.95580000000037,,2.0,,
32.95580000000037,,1.0,,
32.95890000000038,,1.0,,
32.95890000000038,,0.0,,
32.96200000000038,,0.0,,
32.963149999999814,,1.0,,
32.97329999999982,,2.0,,
32.98344999999982,,3.0,,
32.99359999999982,,4.0,,
33.0000000000002,,,0.0,0.0
33.003749999999826,,5.0,,
33.01389999999983,,6.0,,
33.02404999999983,,7.0,,
33.032805000000714,0.0,,,
33.034199999999835,,8.0,,
33.04434999999984,,9.0,,
33.05449999999984,,10.0,,
33.06200000000038,,10.0,,
33.06200000000038,,9.0,,
33.064649999999844,,10.0,,
33.065100000000385,,10.0,,
33.065100000000385,,9.0,,
33.06820000000039,,9.0,,
33.06820000000039,,8.0,,
33.07130000000039,,8.0,,
33.07130000000039,,7.0,,
33.074400000000395,,7.0,,
33.074400000000395,,6.0,,
33.07479999999985,,7.0,,
33.0775000000004,,7.0,,
33.0775000000004,,6.0,,
33.0806000000004,,6.0,,
33.0806000000004,,5.0,,
33.083700000000405,,5.0,,
33.083700000000405,,4.0,,
33.08494999999985,,5.0,,
33.08680000000041,,5.0,,
33.08680000000041,,4.0,,
33.08990000000041,,4.0,,
33.08990000000041,,3.0,,
33.093000000000416,,3.0,,
33.093000000000416,,2.0,,
33.09509999999985,,3.0,,
33.09610000000042,,3.0,,
33.09610000000042,,2.0,,
33.09920000000042,,2.0,,
33.09920000000042,,1.0,,
33.1000000000002,,,0.0,0.0
33.102300000000426,,1.0,,
33.102300000000426,,0.0,,
33.105249999999856,,1.0,,
33.10540000000043,,1.0,,
33.10540000000043,,0.0,,
33.10850000000043,,0.0,,
33.11539999999986,,1.0,,
33.12554999999986,,2.0,,
33.132805000000715,0.0,,,
33.135699999999865,,3.0,,
33.14584999999987,,4.0,,
33.15599999999987,,5.0,,
33.166149999999874,,6.0,,
33.17629999999988,,7.0,,
33.18644999999988,,8.0,,
33.19659999999988,,9.0,,
33.2000000000002,,,0.0,0.0
33.206749999999886,,10.0,,
33.208500000000434,,10.0,,
33.208500000000434,,9.0,,
33.21160000000044,,9.0,,
33.21160000000044,,8.0,,
33.21470000000044,,8.0,,
33.21470000000044,,7.0,,
33.21689999999989,,8.0,,
33.217800000000445,,8.0,,
33.217800000000445,,7.0,,
33.22090000000045,,7.0,,
33.22090000000045,,6.0,,
33.22400000000045,,6.0,,
33.22400000000045,,5.0,,
33.22704999999989,,6.0,,
33.227100000000455,,6.0,,
33.227100000000455,,5.0,,
33.23020000000046,,5.0,,
33.23020000000046,,4.0,,
33.23280500000072,0.0,,,
33.23330000000046,,4.0,,
33.23330000000046,,3.0,,
33.236400000000465,,3.0,,
33.236400000000465,,2.0,,
33.237199999999895,,3.0,,
33.23950000000047,,3.0,,
33.23950000000047,,2.0,,
33.24260000000047,,2.0,,
33.24260000000047,,1.0,,
33.245700000000475,,1.0,,
33.245700000000475,,0.0,,
33.2473499999999,,1.0,,
33.24880000000048,,1.0,,
33.24880000000048,,0.0,,
33.25190000000048,,0.0,,
33.2574999999999,,1.0,,
33.267649999999904,,2.0,,
33.27779999999991,,3.0,,
33.28794999999991,,4.0,,
33.29809999999991,,5.0,,
33.3000000000002,,,0.0,0.0
33.308249999999916,,6.0,,
33.31839999999992,,7.0,,
33.32854999999992,,8.0,,
33.33280500000072,0.0,,,
33.338699999999925,,9.0,,
33.34884999999993,,10.0,,
33.351900000000484,,10.0,,
33.351900000000484,,9.0,,
33.35500000000049,,9.0,,
33.35500000000049,,8.0,,
33.35810000000049,,8.0,,
33.35810000000049,,7.0,,
33.35899999999993,,8.0,,
33.361200000000494,,8.0,,
33.361200000000494,,7.0,,
33.3643000000005,,7.0,,
33.3643000000005,,6.0,,
33.3674000000005,,6.0,,
33.3674000000005,,5.0,,
33.369149999999934,,6.0,,
33.370500000000504,,6.0,,
33.370500000000504,,5.0,,
33.37360000000051,,5.0,,
33.37360000000051,,4.0,,
33.37670000000051,,4.0,,
33.37670000000051,,3.0,,
33.37929999999994,,4.0,,
33.379800000000515,,4.0,,
33.379800000000515,,3.0,,
33.38290000000052,,3.0,,
33.38290000000052,,2.0,,
33.38600000000052,,2.0,,
33.38600000000052,,1.0,,
33.389100000000525,,1.0,,
33.389100000000525,,0.0,,
33.38944999999994,,1.0,,
33.39220000000053,,1.0,,
33.39220000000053,,0.0,,
33.39530000000053,,0.0,,
33.39959999999994,,1.0,,
33.400000000000205,,,0.0,0.0
33.409749999999946,,2.0,,
33.41989999999995,,3.0,,
33.43004999999995,,4.0,,
33.43280500000072,0.0,,,
33.440199999999955,,5.0,,
33.45034999999996,,6.0,,
33.46049999999996,,7.0,,
33.470649999999964,,8.0,,
33.48079999999997,,9.0,,
33.49094999999997,,10.0,,
33.49530000000053,,10.0,,
33.49530000000053,,9.0,,
33.49840000000054,,9.0,,
33.49840000000054,,8.0,,
33.500000000000206,,,0.0,0.0
33.50109999999997,,9.0,,
33.50150000000054,,9.0,,
33.50150000000054,,8.0,,
33.50460000000054,,8.0,,
33.50460000000054,,7.0,,
33.50770000000055,,7.0,,
33.50770000000055,,6.0,,
33.51080000000055,,6.0,,
33.51080000000055,,5.0,,
33.511249999999976,,6.0,,
33.513900000000554,,6.0,,
33.513900000000554,,5.0,,
33.51700000000056,,5.0,,
33.51700000000056,,4.0,,
33.52010000000056,,4.0,,
33.52010000000056,,3.0,,
33.52139999999998,,4.0,,
33.523200000000564,,4.0,,
33.523200000000564,,3.0,,
33.52630000000057,,3.0,,
33.52630000000057,,2.0,,
33.52940000000057,,2.0,,
33.52940000000057,,1.0,,
33.53154999999998,,2.0,,
33.532500000000574,,2.0,,
33.532500000000574,,1.0,,
33.53280500000072,0.0,,,
33.53560000000058,,1.0,,
33.53560000000058,,0.0,,
33.53870000000058,,0.0,,
33.541699999999985,,1.0,,
33.55184999999999,,2.0,,
33.56199999999999,,3.0,,
33.57214999999999,,4.0,,
33.5823,,5.0,,
33.59245,,6.0,,
33.60000000000021,,,0.0,0.0
33.6026,,7.0,,
33.612750000000005,,8.0,,
33.62290000000001,,9.0,,
33.63280500000072,0.0,,,
33.63305000000001,,10.0,,
33.63870000000058,,10.0,,
33.63870000000058,,9.0,,
33.641800000000586,,9.0,,
33.641800000000586,,8.0,,
33.643200000000014,,9.0,,
33.64490000000059,,9.0,,
33.64490000000059,,8.0,,
33.64800000000059,,8.0,,
33.64800000000059,,7.0,,
33.651100000000596,,7.0,,
33.651100000000596,,6.0,,
33.65335000000002,,7.0,,
33.6542000000006,,7.0,,
33.6542000000006,,6.0,,
33.6573000000006,,6.0,,
33.6573000000006,,5.0,,
33.66040000000061,,5.0,,
33.66040000000061,,4.0,,
33.66350000000002,,5.0,,
33.66350000000061,,5.0,,
33.66350000000061,,4.0,,
33.666600000000614,,4.0,,
33.666600000000614,,3.0,,
33.66970000000062,,3.0,,
33.66970000000062,,2.0,,
33.67280000000062,,2.0,,
33.67280000000062,,1.0,,
33.67365000000002,,2.0,,
33.675900000000624,,2.0,,
33.675900000000624,,1.0,,
33.67900000000063,,1.0,,
33.67900000000063,,0.0,,
33.68210000000063,,0.0,,
33.683800000000026,,1.0,,
33.69395000000003,,2.0,,
33.70000000000021,,,0.0,0.0
33.70410000000003,,3.0,,
33.714250000000035,,4.0,,
33.72440000000004,,5.0,,
33.732805000000724,0.0,,,
33.73455000000004,,6.0,,
33.744700000000044,,7.0,,
33.75485000000005,,8.0,,
33.76500000000005,,9.0,,
33.77515000000005,,10.0,,
33.78210000000063,,10.0,,
33.78210000000063,,9.0,,
33.785200000000636,,9.0,,
33.785200000000636,,8.0,,
33.785300000000056,,9.0,,
33.78830000000064,,9.0,,
33.78830000000064,,8.0,,
33.79140000000064,,8.0,,
33.79140000000064,,7.0,,
33.794500000000646,,7.0,,
33.794500000000646,,6.0,,
33.79545000000006,,7.0,,
33.79760000000065,,7.0,,
33.79760000000065,,6.0,,
33.80000000000021,,,0.0,0.0
33.80070000000065,,6.0,,
33.80070000000065,,5.0,,
33.803800000000656,,5.0,,
33.803800000000656,,4.0,,
33.80560000000006,,5.0,,
33.80690000000066,,5.0,,
33.80690000000066,,4.0,,
33.81000000000066,,4.0,,
33.81000000000066,,3.0,,
33.81310000000067,,3.0,,
33.81310000000067,,2.0,,
33.815750000000065,,3.0,,
33.81620000000067,,3.0,,
33.81620000000067,,2.0,,
33.81930000000067,,2.0,,
33.81930000000067,,1.0,,
33.82240000000068,,1.0,,
33.82240000000068,,0.0,,
33.82550000000068,,0.0,,
33.82590000000007,,1.0,,
33.832805000000725,0.0,,,
33.83605000000007,,2.0,,
33.846200000000074,,3.0,,
33.85635000000008,,4.0,,
33.86650000000008,,5.0,,
33.87665000000008,,6.0,,
33.886800000000086,,7.0,,
33.89695000000009,,8.0,,
33.90000000000021,,,0.0,0.0
33.90710000000009,,9.0,,
33.917250000000095,,10.0,,
33.92550000000068,,10.0,,
33.92550000000068,,9.0,,
33.9274000000001,,10.0,,
33.928600000000685,,10.0,,
33.928600000000685,,9.0,,
33.93170000000069,,9.0,,
33.93170000000069,,8.0,,
33.93280500000073,0.0,,,
33.93480000000069,,8.0,,
33.93480000000069,,7.0,,
33.9375500000001,,8.0,,
33.937900000000695,,8.0,,
33.937900000000695,,7.0,,
33.9410000000007,,7.0,,
33.9410000000007,,6.0,,
33.9441000000007,,6.0,,
33.9441000000007,,5.0,,
33.947200000000706,,5.0,,
33.947200000000706,,4.0,,
33.947700000000104,,5.0,,
33.95030000000071,,5.0,,
33.95030000000071,,4.0,,
33.95340000000071,,4.0,,
33.95340000000071,,3.0,,
33.956500000000716,,3.0,,
33.956500000000716,,2.0,,
33.95785000000011,,3.0,,
33.95960000000072,,3.0,,
33.95960000000072,,2.0,,
33.96270000000072,,2.0,,
33.96270000000072,,1.0,,
33.965800000000726,,1.0,,
33.965800000000726,,0.0,,
33.96800000000011,,1.0,,
33.96890000000073,,1.0,,
33.96890000000073,,0.0,,
33.97200000000073,,0.0,,
33.97815000000011,,1.0,,
33.988300000000116,,2.0,,
33.99845000000012,,3.0,,
34.00000000000021,,,0.0,0.0
34.00860000000012,,4.0,,
34.018750000000125,,5.0,,
34.02890000000013,,6.0,,
34.03280500000073,0.0,,,
34.03905000000013,,7.0,,
34.049200000000134,,8.0,,
34.05935000000014,,9.0,,
34.06950000000014,,10.0,,
34.072000000000735,,10.0,,
34.072000000000735,,9.0,,
34.07510000000074,,9.0,,
34.07510000000074,,8.0,,
34.07820000000074,,8.0,,
34.07820000000074,,7.0,,
34.07965000000014,,8.0,,
34.081300000000745,,8.0,,
34.081300000000745,,7.0,,
34.08440000000075,,7.0,,
34.08440000000075,,6.0,,
34.08750000000075,,6.0,,
34.08750000000075,,5.0,,
34.089800000000146,,6.0,,
34.090600000000755,,6.0,,
34.090600000000755,,5.0,,
34.09370000000076,,5.0,,
34.09370000000076,,4.0,,
34.09680000000076,,4.0,,
34.09680000000076,,3.0,,
34.099900000000765,,3.0,,
34.099900000000765,,2.0,,
34.09995000000015,,3.0,,
34.100000000000215,,,0.0,0.0
34.10300000000077,,3.0,,
34.10300000000077,,2.0,,
34.10610000000077,,2.0,,
34.10610000000077,,1.0,,
34.109200000000776,,1.0,,
34.109200000000776,,0.0,,
34.11010000000015,,1.0,,
34.11230000000078,,1.0,,
34.11230000000078,,0.0,,
34.11540000000078,,0.0,,
34.120250000000155,,1.0,,
34.13040000000016,,2.0,,
34.13280500000073,0.0,,,
34.14055000000016,,3.0,,
34.150700000000164,,4.0,,
34.16085000000017,,5.0,,
34.17100000000017,,6.0,,
34.18115000000017,,7.0,,
34.191300000000176,,8.0,,
34.200000000000216,,,0.0,0.0
34.20145000000018,,9.0,,
34.21160000000018,,10.0,,
34.215400000000784,,10.0,,
34.215400000000784,,9.0,,
34.21850000000079,,9.0,,
34.21850000000079,,8.0,,
34.22160000000079,,8.0,,
34.22160000000079,,7.0,,
34.221750000000185,,8.0,,
34.224700000000794,,8.0,,
34.224700000000794,,7.0,,
34.2278000000008,,7.0,,
34.2278000000008,,6.0,,
34.2309000000008,,6.0,,
34.2309000000008,,5.0,,
34.23190000000019,,6.0,,
34.23280500000073,0.0,,,
34.234000000000805,,6.0,,
34.234000000000805,,5.0,,
34.23710000000081,,5.0,,
34.23710000000081,,4.0,,
34.24020000000081,,4.0,,
34.24020000000081,,3.0,,
34.24205000000019,,4.0,,
34.243300000000815,,4.0,,
34.243300000000815,,3.0,,
34.24640000000082,,3.0,,
34.24640000000082,,2.0,,
34.24950000000082,,2.0,,
34.24950000000082,,1.0,,
34.252200000000194,,2.0,,
34.252600000000825,,2.0,,
34.252600000000825,,1.0,,
34.25570000000083,,1.0,,
34.25570000000083,,0.0,,
34.25880000000083,,0.0,,
34.2623500000002,,1.0,,
34.2725000000002,,2.0,,
34.2826500000002,,3.0,,
34.292800000000206,,4.0,,
34.30000000000022,,,0.0,0.0
34.30295000000021,,5.0,,
34.31310000000021,,6.0,,
34.323250000000215,,7.0,,
34.33280500000073,0.0,,,
34.33340000000022,,8.0,,
34.34355000000022,,9.0,,
34.353700000000224,,10.0,,
34.358800000000834,,10.0,,
34.358800000000834,,9.0,,
34.36190000000084,,9.0,,
34.36190000000084,,8.0,,
34.36385000000023,,9.0,,
34.36500000000084,,9.0,,
34.36500000000084,,8.0,,
34.368100000000844,,8.0,,
34.368100000000844,,7.0,,
34.37120000000085,,7.0,,
34.37120000000085,,6.0,,
34.37400000000023,,7.0,,
34.37430000000085,,7.0,,
34.37430000000085,,6.0,,
34.377400000000854,,6.0,,
34.377400000000854,,5.0,,
34.38050000000086,,5.0,,
34.38050000000086,,4.0,,
34.38360000000086,,4.0,,
34.38360000000086,,3.0,,
34.38415000000023,,4.0,,
34.386700000000864,,4.0,,
34.386700000000864,,3.0,,
34.38980000000087,,3.0,,
34.38980000000087,,2.0,,
34.39290000000087,,2.0,,
34.39290000000087,,1.0,,
34.394300000000236,,2.0,,
34.396000000000875,,2.0,,
34.396000000000875,,1.0,,
34.39910000000088,,1.0,,
34.39910000000088,,0.0,,
34.40000000000022,,,0.0,0.0
34.40220000000088,,0.0,,
34.40445000000024,,1.0,,
34.41460000000024,,2.0,,
34.424750000000245,,3.0,,
34.432805000000734,0.0,,,
34.43490000000025,,4.0,,
34.44505000000025,,5.0,,
34.455200000000254,,6.0,,
34.46535000000026,,7.0,,
34.47550000000026,,8.0,,
34.48565000000026,,9.0,,
34.495800000000266,,10.0,,
34.50000000000022,,,0.0,0.0
34.50220000000088,,10.0,,
34.50220000000088,,9.0,,
34.50530000000089,,9.0,,
34.50530000000089,,8.0,,
34.50595000000027,,9.0,,
34.50840000000089,,9.0,,
34.50840000000089,,8.0,,
34.51150000000089,,8.0,,
34.51150000000089,,7.0,,
34.5146000000009,,7.0,,
34.5146000000009,,6.0,,
34.51610000000027,,7.0,,
34.5177000000009,,7.0,,
34.5177000000009,,6.0,,
34.520800000000904,,6.0,,
34.520800000000904,,5.0,,
34.52390000000091,,5.0,,
34.52390000000091,,4.0,,
34.526250000000275,,5.0,,
34.52700000000091,,5.0,,
34.52700000000091,,4.0,,
34.530100000000914,,4.0,,
34.530100000000914,,3.0,,
34.532805000000735,0.0,,,
34.53320000000092,,3.0,,
34.53320000000092,,2.0,,
34.53630000000092,,2.0,,
34.53630000000092,,1.0,,
34.53640000000028,,2.0,,
34.539400000000924,,2.0,,
34.539400000000924,,1.0,,
34.54250000000093,,1.0,,
34.54250000000093,,0.0,,
34.54560000000093,,0.0,,
34.54655000000028,,1.0,,
34.55670000000028,,2.0,,
34.56685000000029,,3.0,,
34.57700000000029,,4.0,,
34.58715000000029,,5.0,,
34.597300000000295,,6.0,,
34.60000000000022,,,0.0,0.0
34.6074500000003,,7.0,,
34.6176000000003,,8.0,,
34.627750000000304,,9.0,,
34.63280500000074,0.0,,,
34.63790000000031,,10.0,,
34.64560000000093,,10.0,,
34.64560000000093,,9.0,,
34.64805000000031,,10.0,,
34.648700000000936,,10.0,,
34.648700000000936,,9.0,,
34.65180000000094,,9.0,,
34.65180000000094,,8.0,,
34.65490000000094,,8.0,,
34.65490000000094,,7.0,,
34.658000000000946,,7.0,,
34.658000000000946,,6.0,,
34.65820000000031,,7.0,,
34.66110000000095,,7.0,,
34.66110000000095,,6.0,,
34.66420000000095,,6.0,,
34.66420000000095,,5.0,,
34.66730000000096,,5.0,,
34.66730000000096,,4.0,,
34.668350000000316,,5.0,,
34.67040000000096,,5.0,,
34.67040000000096,,4.0,,
34.67350000000096,,4.0,,
34.67350000000096,,3.0,,
34.67660000000097,,3.0,,
34.67660000000097,,2.0,,
34.67850000000032,,3.0,,
34.67970000000097,,3.0,,
34.67970000000097,,2.0,,
34.682800000000974,,2.0,,
34.682800000000974,,1.0,,
34.68590000000098,,1.0,,
34.68590000000098,,0.0,,
34.68865000000032,,1.0,,
34.68900000000098,,1.0,,
34.68900000000098,,0.0,,
34.692100000000984,,0.0,,
34.698800000000325,,1.0,,
34.70000000000022,,,0.0,0.0
34.70895000000033,,2.0,,
34.71910000000033,,3.0,,
34.729250000000334,,4.0,,
34.73280500000074,0.0,,,
34.73940000000034,,5.0,,
34.74955000000034,,6.0,,
34.75970000000034,,7.0,,
34.769850000000346,,8.0,,
34.78000000000035,,9.0,,
34.79015000000035,,10.0,,
34.792100000000985,,10.0,,
34.792100000000985,,9.0,,
34.79520000000099,,9.0,,
34.79520000000099,,8.0,,
34.79830000000099,,8.0,,
34.79830000000099,,7.0,,
34.800000000000225,,,0.0,0.0
34.800300000000355,,8.0,,
34.801400000000996,,8.0,,
34.801400000000996,,7.0,,
34.804500000001,,7.0,,
34.804500000001,,6.0,,
34.807600000001,,6.0,,
34.807600000001,,5.0,,
34.81045000000036,,6.0,,
34.810700000001006,,6.0,,
34.810700000001006,,5.0,,
34.81380000000101,,5.0,,
34.81380000000101,,4.0,,
34.81690000000101,,4.0,,
34.81690000000101,,3.0,,
34.820000000001016,,3.0,,
34.820000000001016,,2.0,,
34.82060000000036,,3.0,,
34.82310000000102,,3.0,,
34.82310000000102,,2.0,,
34.82620000000102,,2.0,,
34.82620000000102,,1.0,,
34.82930000000103,,1.0,,
34.82930000000103,,0.0,,
34.830750000000364,,1.0,,
34.83240000000103,,1.0,,
34.83240000000103,,0.0,,
34.83280500000074,0.0,,,
34.83550000000103,,0.0,,
34.84090000000037,,1.0,,
34.85105000000037,,2.0,,
34.86120000000037,,3.0,,
34.871350000000376,,4.0,,
34.88150000000038,,5.0,,
34.89165000000038,,6.0,,
34.900000000000226,,,0.0,0.0
34.901800000000385,,7.0,,
34.91195000000039,,8.0,,
34.92210000000039,,9.0,,
34.932250000000394,,10.0,,
34.93280500000074,0.0,,,
34.935500000001035,,10.0,,
34.935500000001035,,9.0,,
34.93860000000104,,9.0,,
34.93860000000104,,8.0,,
34.94170000000104,,8.0,,
34.94170000000104,,7.0,,
34.9424000000004,,8.0,,
34.944800000001045,,8.0,,
34.944800000001045,,7.0,,
34.94790000000105,,7.0,,
34.94790000000105,,6.0,,
34.95100000000105,,6.0,,
34.95100000000105,,5.0,,
34.9525500000004,,6.0,,
34.954100000001056,,6.0,,
34.954100000001056,,5.0,,
34.95720000000106,,5.0,,
34.95720000000106,,4.0,,
34.96030000000106,,4.0,,
34.96030000000106,,3.0,,
34.9627000000004,,4.0,,
34.963400000001066,,4.0,,
34.963400000001066,,3.0,,
34.96650000000107,,3.0,,
34.96650000000107,,2.0,,
34.96960000000107,,2.0,,
34.96960000000107,,1.0,,
34.972700000001076,,1.0,,
34.972700000001076,,0.0,,
34.972850000000406,,1.0,,
34.97580000000108,,1.0,,
34.97580000000108,,0.0,,
34.97890000000108,,0.0,,
34.98300000000041,,1.0,,
34.99315000000041,,2.0,,
35.00000000000023,,,0.0,0.0
35.003300000000415,,3.0,,
35.01345000000042,,4.0,,
35.02360000000042,,5.0,,
35.03280500000074,0.0,,,
35.033750000000424,,6.0,,
35.04390000000043,,7.0,,
35.05405000000043,,8.0,,
35.06420000000043,,9.0,,
35.074350000000436,,10.0,,
35.078900000001084,,10.0,,
35.078900000001084,,9.0,,
35.08200000000109,,9.0,,
35.08200000000109,,8.0,,
35.08450000000044,,9.0,,
35.08510000000109,,9.0,,
35.08510000000109,,8.0,,
35.088200000001095,,8.0,,
35.088200000001095,,7.0,,
35.0913000000011,,7.0,,
35.0913000000011,,6.0,,
35.0944000000011,,6.0,,
35.0944000000011,,5.0,,
35.09465000000044,,6.0,,
35.097500000001105,,6.0,,
35.097500000001105,,5.0,,
35.10000000000023,,,0.0,0.0
35.10060000000111,,5.0,,
35.10060000000111,,4.0,,
35.10370000000111,,4.0,,
35.10370000000111,,3.0,,
35.104800000000445,,4.0,,
35.106800000001115,,4.0,,
35.106800000001115,,3.0,,
35.10990000000112,,3.0,,
35.10990000000112,,2.0,,
35.11300000000112,,2.0,,
35.11300000000112,,1.0,,
35.11495000000045,,2.0,,
35.116100000001126,,2.0,,
35.116100000001126,,1.0,,
35.11920000000113,,1.0,,
35.11920000000113,,0.0,,
35.12230000000113,,0.0,,
35.12510000000045,,1.0,,
35.132805000000744,0.0,,,
35.135250000000454,,2.0,,
35.14540000000046,,3.0,,
35.15555000000046,,4.0,,
35.16570000000046,,5.0,,
35.175850000000466,,6.0,,
35.18600000000047,,7.0,,
35.19615000000047,,8.0,,
35.20000000000023,,,0.0,0.0
35.206300000000475,,9.0,,
35.21645000000048,,10.0,,
35.222300000001134,,10.0,,
35.222300000001134,,9.0,,
35.22540000000114,,9.0,,
35.22540000000114,,8.0,,
35.22660000000048,,9.0,,
35.22850000000114,,9.0,,
35.22850000000114,,8.0,,
35.231600000001144,,8.0,,
35.231600000001144,,7.0,,
35.232805000000745,0.0,,,
35.23470000000115,,7.0,,
35.23470000000115,,6.0,,
35.236750000000484,,7.0,,
35.23780000000115,,7.0,,
35.23780000000115,,6.0,,
35.240900000001155,,6.0,,
35.240900000001155,,5.0,,
35.24400000000116,,5.0,,
35.24400000000116,,4.0,,
35.24690000000049,,5.0,,
35.24710000000116,,5.0,,
35.24710000000116,,4.0,,
35.250200000001165,,4.0,,
35.250200000001165,,3.0,,
35.25330000000117,,3.0,,
35.25330000000117,,2.0,,
35.25640000000117,,2.0,,
35.25640000000117,,1.0,,
35.25705000000049,,2.0,,
35.259500000001175,,2.0,,
35.259500000001175,,1.0,,
35.26260000000118,,1.0,,
35.26260000000118,,0.0,,
35.26570000000118,,0.0,,
35.26720000000049,,1.0,,
35.277350000000496,,2.0,,
35.2875000000005,,3.0,,
35.2976500000005,,4.0,,
35.30000000000023,,,0.0,0.0
35.307800000000505,,5.0,,
35.31795000000051,,6.0,,
35.32810000000051,,7.0,,
35.33280500000075,0.0,,,
35.338250000000514,,8.0,,
35.34840000000052,,9.0,,
35.35855000000052,,10.0,,
35.36570000000118,,10.0,,
35.36570000000118,,9.0,,
35.36870000000052,,10.0,,
35.36880000000119,,10.0,,
35.36880000000119,,9.0,,
35.37190000000119,,9.0,,
35.37190000000119,,8.0,,
35.375000000001194,,8.0,,
35.375000000001194,,7.0,,
35.3781000000012,,7.0,,
35.3781000000012,,6.0,,
35.378850000000526,,7.0,,
35.3812000000012,,7.0,,
35.3812000000012,,6.0,,
35.384300000001204,,6.0,,
35.384300000001204,,5.0,,
35.38740000000121,,5.0,,
35.38740000000121,,4.0,,
35.38900000000053,,5.0,,
35.39050000000121,,5.0,,
35.39050000000121,,4.0,,
35.393600000001214,,4.0,,
35.393600000001214,,3.0,,
35.39670000000122,,3.0,,
35.39670000000122,,2.0,,
35.39915000000053,,3.0,,
35.39980000000122,,3.0,,
35.39980000000122,,2.0,,
35.40000000000023,,,0.0,0.0
35.402900000001225,,2.0,,
35.402900000001225,,1.0,,
35.40600000000123,,1.0,,
35.40600000000123,,0.0,,
35.40910000000123,,0.0,,
35.409300000000535,,1.0,,
35.41945000000054,,2.0,,
35.42960000000054,,3.0,,
35.43280500000075,0.0,,,
35.439750000000544,,4.0,,
35.44990000000055,,5.0,,
35.46005000000055,,6.0,,
35.47020000000055,,7.0,,
35.480350000000556,,8.0,,
35.49050000000056,,9.0,,
35.500000000000234,,,0.0,0.0
35.50065000000056,,10.0,,
35.50910000000123,,10.0,,
35.50910000000123,,9.0,,
35.510800000000565,,10.0,,
35.512200000001236,,10.0,,
35.512200000001236,,9.0,,
35.51530000000124,,9.0,,
35.51530000000124,,8.0,,
35.51840000000124,,8.0,,
35.51840000000124,,7.0,,
35.52095000000057,,8.0,,
35.52150000000125,,8.0,,
35.52150000000125,,7.0,,
35.52460000000125,,7.0,,
35.52460000000125,,6.0,,
35.52770000000125,,6.0,,
35.52770000000125,,5.0,,
35.53080000000126,,5.0,,
35.53080000000126,,4.0,,
35.53110000000057,,5.0,,
35.53280500000075,0.0,,,
35.53390000000126,,5.0,,
35.53390000000126,,4.0,,
35.537000000001264,,4.0,,
35.537000000001264,,3.0,,
35.54010000000127,,3.0,,
35.54010000000127,,2.0,,
35.54125000000057,,3.0,,
35.54320000000127,,3.0,,
35.54320000000127,,2.0,,
35.546300000001274,,2.0,,
35.546300000001274,,1.0,,
35.54940000000128,,1.0,,
35.54940000000128,,0.0,,
35.55140000000058,,1.0,,
35.55250000000128,,1.0,,
35.55250000000128,,0.0,,
35.555600000001284,,0.0,,
35.56155000000058,,1.0,,
35.57170000000058,,2.0,,
35.581850000000586,,3.0,,
35.59200000000059,,4.0,,
35.600000000000236,,,0.0,0.0
35.60215000000059,,5.0,,
35.612300000000594,,6.0,,
35.6224500000006,,7.0,,
35.6326000000006,,8.0,,
35.63280500000075,0.0,,,
35.6427500000006,,9.0,,
35.652900000000606,,10.0,,
35.655600000001286,,10.0,,
35.655600000001286,,9.0,,
35.65870000000129,,9.0,,
35.65870000000129,,8.0,,
35.66180000000129,,8.0,,
35.66180000000129,,7.0,,
35.66305000000061,,8.0,,
35.664900000001296,,8.0,,
35.664900000001296,,7.0,,
35.6680000000013,,7.0,,
35.6680000000013,,6.0,,
35.6711000000013,,6.0,,
35.6711000000013,,5.0,,
35.67320000000061,,6.0,,
35.674200000001306,,6.0,,
35.674200000001306,,5.0,,
35.67730000000131,,5.0,,
35.67730000000131,,4.0,,
35.68040000000131,,4.0,,
35.68040000000131,,3.0,,
35.683350000000615,,4.0,,
35.68350000000132,,4.0,,
35.68350000000132,,3.0,,
35.68660000000132,,3.0,,
35.68660000000132,,2.0,,
35.689700000001324,,2.0,,
35.689700000001324,,1.0,,
35.69280000000133,,1.0,,
35.69280000000133,,0.0,,
35.69350000000062,,1.0,,
35.69590000000133,,1.0,,
35.69590000000133,,0.0,,
35.699000000001334,,0.0,,
35.70000000000024,,,0.0,0.0
35.70365000000062,,1.0,,
35.713800000000624,,2.0,,
35.72395000000063,,3.0,,
35.73280500000075,0.0,,,
35.73410000000063,,4.0,,
35.74425000000063,,5.0,,
35.754400000000636,,6.0,,
35.76455000000064,,7.0,,
35.77470000000064,,8.0,,
35.784850000000645,,9.0,,
35.79500000000065,,10.0,,
35.799000000001335,,10.0,,
35.799000000001335,,9.0,,
35.80000000000024,,,0.0,0.0
35.80210000000134,,9.0,,
35.80210000000134,,8.0,,
35.80515000000065,,9.0,,
35.80520000000134,,9.0,,
35.80520000000134,,8.0,,
35.808300000001346,,8.0,,
35.808300000001346,,7.0,,
35.81140000000135,,7.0,,
35.81140000000135,,6.0,,
35.81450000000135,,6.0,,
35.81450000000135,,5.0,,
35.815300000000654,,6.0,,
35.817600000001356,,6.0,,
35.817600000001356,,5.0,,
35.82070000000136,,5.0,,
35.82070000000136,,4.0,,
35.82380000000136,,4.0,,
35.82380000000136,,3.0,,
35.82545000000066,,4.0,,
35.826900000001366,,4.0,,
35.826900000001366,,3.0,,
35.83000000000137,,3.0,,
35.83000000000137,,2.0,,
35.832805000000754,0.0,,,
35.83310000000137,,2.0,,
35.83310000000137,,1.0,,
35.83560000000066,,2.0,,
35.83620000000138,,2.0,,
35.83620000000138,,1.0,,
35.83930000000138,,1.0,,
35.83930000000138,,0.0,,
35.84240000000138,,0.0,,
35.84575000000066,,1.0,,
35.855900000000666,,2.0,,
35.86605000000067,,3.0,,
35.87620000000067,,4.0,,
35.886350000000675,,5.0,,
35.89650000000068,,6.0,,
35.90000000000024,,,0.0,0.0
35.90665000000068,,7.0,,
35.916800000000684,,8.0,,
35.92695000000069,,9.0,,
35.932805000000755,0.0,,,
35.93710000000069,,10.0,,
35.942400000001385,,10.0,,
35.942400000001385,,9.0,,
35.94550000000139,,9.0,,
35.94550000000139,,8.0,,
35.94725000000069,,9.0,,
35.94860000000139,,9.0,,
35.94860000000139,,8.0,,
35.951700000001395,,8.0,,
35.951700000001395,,7.0,,
35.9548000000014,,7.0,,
35.9548000000014,,6.0,,
35.957400000000696,,7.0,,
35.9579000000014,,7.0,,
35.9579000000014,,6.0,,
35.961000000001405,,6.0,,
35.961000000001405,,5.0,,
35.96410000000141,,5.0,,
35.96410000000141,,4.0,,
35.96720000000141,,4.0,,
35.96720000000141,,3.0,,
35.9675500000007,,4.0,,
35.970300000001416,,4.0,,
35.970300000001416,,3.0,,
35.97340000000142,,3.0,,
35.97340000000142,,2.0,,
35.97650000000142,,2.0,,
35.97650000000142,,1.0,,
35.9777000000007,,2.0,,
35.979600000001426,,2.0,,
35.979600000001426,,1.0,,
35.98270000000143,,1.0,,
35.98270000000143,,0.0,,
35.98580000000143,,0.0,,
35.987850000000705,,1.0,,
35.99800000000071,,2.0,,
36.00000000000024,,,0.0,0.0
36.00815000000071,,3.0,,
36.018300000000714,,4.0,,
36.02845000000072,,5.0,,
36.03280500000076,0.0,,,
36.03860000000072,,6.0,,
36.04875000000072,,7.0,,
36.058900000000726,,8.0,,
36.06905000000073,,9.0,,
36.07920000000073,,10.0,,
36.085800000001434,,10.0,,
36.085800000001434,,9.0,,
36.08890000000144,,9.0,,
36.08890000000144,,8.0,,
36.089350000000735,,9.0,,
36.09200000000144,,9.0,,
36.09200000000144,,8.0,,
36.095100000001445,,8.0,,
36.095100000001445,,7.0,,
36.09820000000145,,7.0,,
36.09820000000145,,6.0,,
36.09950000000074,,7.0,,
36.10000000000024,,,0.0,0.0
36.10130000000145,,7.0,,
36.10130000000145,,6.0,,
36.104400000001455,,6.0,,
36.104400000001455,,5.0,,
36.10750000000146,,5.0,,
36.10750000000146,,4.0,,
36.10965000000074,,5.0,,
36.11060000000146,,5.0,,
36.11060000000146,,4.0,,
36.113700000001465,,4.0,,
36.113700000001465,,3.0,,
36.11680000000147,,3.0,,
36.11680000000147,,2.0,,
36.119800000000744,,3.0,,
36.11990000000147,,3.0,,
36.11990000000147,,2.0,,
36.123000000001475,,2.0,,
36.123000000001475,,1.0,,
36.12610000000148,,1.0,,
36.12610000000148,,0.0,,
36.12920000000148,,0.0,,
36.12995000000075,,1.0,,
36.13280500000076,0.0,,,
36.14010000000075,,2.0,,
36.15025000000075,,3.0,,
36.160400000000756,,4.0,,
36.17055000000076,,5.0,,
36.18070000000076,,6.0,,
36.190850000000765,,7.0,,
36.200000000000244,,,0.0,0.0
36.20100000000077,,8.0,,
36.21115000000077,,9.0,,
36.221300000000774,,10.0,,
36.229200000001484,,10.0,,
36.229200000001484,,9.0,,
36.23145000000078,,10.0,,
36.23230000000149,,10.0,,
36.23230000000149,,9.0,,
36.23280500000076,0.0,,,
36.23540000000149,,9.0,,
36.23540000000149,,8.0,,
36.238500000001494,,8.0,,
36.238500000001494,,7.0,,
36.24160000000078,,8.0,,
36.2416000000015,,8.0,,
36.2416000000015,,7.0,,
36.2447000000015,,7.0,,
36.2447000000015,,6.0,,
36.247800000001504,,6.0,,
36.247800000001504,,5.0,,
36.25090000000151,,5.0,,
36.25090000000151,,4.0,,
36.25175000000078,,5.0,,
36.25400000000151,,5.0,,
36.25400000000151,,4.0,,
36.257100000001515,,4.0,,
36.257100000001515,,3.0,,
36.26020000000152,,3.0,,
36.26020000000152,,2.0,,
36.261900000000786,,3.0,,
36.26330000000152,,3.0,,
36.26330000000152,,2.0,,
36.266400000001525,,2.0,,
36.266400000001525,,1.0,,
36.26950000000153,,1.0,,
36.26950000000153,,0.0,,
36.27205000000079,,1.0,,
36.27260000000153,,1.0,,
36.27260000000153,,0.0,,
36.275700000001535,,0.0,,
36.28220000000079,,1.0,,
36.292350000000795,,2.0,,
36.300000000000246,,,0.0,0.0
36.3025000000008,,3.0,,
36.3126500000008,,4.0,,
36.322800000000804,,5.0,,
36.33280500000076,0.0,,,
36.33295000000081,,6.0,,
36.34310000000081,,7.0,,
36.35325000000081,,8.0,,
36.363400000000816,,9.0,,
36.37355000000082,,10.0,,
36.37570000000154,,10.0,,
36.37570000000154,,9.0,,
36.37880000000154,,9.0,,
36.37880000000154,,8.0,,
36.381900000001544,,8.0,,
36.381900000001544,,7.0,,
36.38370000000082,,8.0,,
36.38500000000155,,8.0,,
36.38500000000155,,7.0,,
36.38810000000155,,7.0,,
36.38810000000155,,6.0,,
36.391200000001554,,6.0,,
36.391200000001554,,5.0,,
36.393850000000825,,6.0,,
36.39430000000156,,6.0,,
36.39430000000156,,5.0,,
36.39740000000156,,5.0,,
36.39740000000156,,4.0,,
36.40000000000025,,,0.0,0.0
36.400500000001564,,4.0,,
36.400500000001564,,3.0,,
36.40360000000157,,3.0,,
36.40360000000157,,2.0,,
36.40400000000083,,3.0,,
36.40670000000157,,3.0,,
36.40670000000157,,2.0,,
36.409800000001574,,2.0,,
36.409800000001574,,1.0,,
36.41290000000158,,1.0,,
36.41290000000158,,0.0,,
36.41415000000083,,1.0,,
36.41600000000158,,1.0,,
36.41600000000158,,0.0,,
36.419100000001585,,0.0,,
36.424300000000834,,1.0,,
36.43280500000076,0.0,,,
36.43445000000084,,2.0,,
36.44460000000084,,3.0,,
36.45475000000084,,4.0,,
36.464900000000846,,5.0,,
36.47505000000085,,6.0,,
36.48520000000085,,7.0,,
36.495350000000855,,8.0,,
36.50000000000025,,,0.0,0.0
36.50550000000086,,9.0,,
36.51565000000086,,10.0,,
36.519100000001586,,10.0,,
36.519100000001586,,9.0,,
36.52220000000159,,9.0,,
36.52220000000159,,8.0,,
36.52530000000159,,8.0,,
36.52530000000159,,7.0,,
36.525800000000864,,8.0,,
36.5284000000016,,8.0,,
36.5284000000016,,7.0,,
36.5315000000016,,7.0,,
36.5315000000016,,6.0,,
36.532805000000764,0.0,,,
36.5346000000016,,6.0,,
36.5346000000016,,5.0,,
36.53595000000087,,6.0,,
36.53770000000161,,6.0,,
36.53770000000161,,5.0,,
36.54080000000161,,5.0,,
36.54080000000161,,4.0,,
36.543900000001614,,4.0,,
36.543900000001614,,3.0,,
36.54610000000087,,4.0,,
36.54700000000162,,4.0,,
36.54700000000162,,3.0,,
36.55010000000162,,3.0,,
36.55010000000162,,2.0,,
36.553200000001624,,2.0,,
36.553200000001624,,1.0,,
36.55625000000087,,2.0,,
36.55630000000163,,2.0,,
36.55630000000163,,1.0,,
36.55940000000163,,1.0,,
36.55940000000163,,0.0,,
36.562500000001634,,0.0,,
36.566400000000876,,1.0,,
36.57655000000088,,2.0,,
36.58670000000088,,3.0,,
36.596850000000885,,4.0,,
36.60000000000025,,,0.0,0.0
36.60700000000089,,5.0,,
36.61715000000089,,6.0,,
36.62730000000089,,7.0,,
36.632805000000765,0.0,,,
36.6374500000009,,8.0,,
36.6476000000009,,9.0,,
36.6577500000009,,10.0,,
36.662500000001636,,10.0,,
36.662500000001636,,9.0,,
36.66560000000164,,9.0,,
36.66560000000164,,8.0,,
36.667900000000905,,9.0,,
36.66870000000164,,9.0,,
36.66870000000164,,8.0,,
36.671800000001646,,8.0,,
36.671800000001646,,7.0,,
36.67490000000165,,7.0,,
36.67490000000165,,6.0,,
36.67800000000165,,6.0,,
36.67800000000165,,5.0,,
36.67805000000091,,6.0,,
36.681100000001656,,6.0,,
36.681100000001656,,5.0,,
36.68420000000166,,5.0,,
36.68420000000166,,4.0,,
36.68730000000166,,4.0,,
36.68730000000166,,3.0,,
36.68820000000091,,4.0,,
36.69040000000167,,4.0,,
36.69040000000167,,3.0,,
36.69350000000167,,3.0,,
36.69350000000167,,2.0,,
36.69660000000167,,2.0,,
36.69660000000167,,1.0,,
36.698350000000914,,2.0,,
36.69970000000168,,2.0,,
36.69970000000168,,1.0,,
36.70000000000025,,,0.0,0.0
36.70280000000168,,1.0,,
36.70280000000168,,0.0,,
36.705900000001684,,0.0,,
36.70850000000092,,1.0,,
36.71865000000092,,2.0,,
36.72880000000092,,3.0,,
36.732805000000766,0.0,,,
36.738950000000926,,4.0,,
36.74910000000093,,5.0,,
36.75925000000093,,6.0,,
36.769400000000935,,7.0,,
36.77955000000094,,8.0,,
36.78970000000094,,9.0,,
36.799850000000944,,10.0,,
36.80000000000025,,,0.0,0.0
36.805900000001685,,10.0,,
36.805900000001685,,9.0,,
36.80900000000169,,9.0,,
36.80900000000169,,8.0,,
36.81000000000095,,9.0,,
36.81210000000169,,9.0,,
36.81210000000169,,8.0,,
36.815200000001695,,8.0,,
36.815200000001695,,7.0,,
36.8183000000017,,7.0,,
36.8183000000017,,6.0,,
36.82015000000095,,7.0,,
36.8214000000017,,7.0,,
36.8214000000017,,6.0,,
36.824500000001706,,6.0,,
36.824500000001706,,5.0,,
36.82760000000171,,5.0,,
36.82760000000171,,4.0,,
36.83030000000095,,5.0,,
36.83070000000171,,5.0,,
36.83070000000171,,4.0,,
36.83280500000077,0.0,,,
36.833800000001716,,4.0,,
36.833800000001716,,3.0,,
36.83690000000172,,3.0,,
36.83690000000172,,2.0,,
36.84000000000172,,2.0,,
36.84000000000172,,1.0,,
36.840450000000956,,2.0,,
36.843100000001726,,2.0,,
36.843100000001726,,1.0,,
36.84620000000173,,1.0,,
36.84620000000173,,0.0,,
36.84930000000173,,0.0,,
36.85060000000096,,1.0,,
36.86075000000096,,2.0,,
36.870900000000965,,3.0,,
36.88105000000097,,4.0,,
36.89120000000097,,5.0,,
36.900000000000254,,,0.0,0.0
36.901350000000974,,6.0,,
36.91150000000098,,7.0,,
36.92165000000098,,8.0,,
36.93180000000098,,9.0,,
36.93280500000077,0.0,,,
36.941950000000986,,10.0,,
36.949300000001735,,10.0,,
36.949300000001735,,9.0,,
36.95210000000099,,10.0,,
36.95240000000174,,10.0,,
36.95240000000174,,9.0,,
36.95550000000174,,9.0,,
36.95550000000174,,8.0,,
36.958600000001745,,8.0,,
36.958600000001745,,7.0,,
36.96170000000175,,7.0,,
36.96170000000175,,6.0,,
36.96225000000099,,7.0,,
36.96480000000175,,7.0,,
36.96480000000175,,6.0,,
36.967900000001755,,6.0,,
36.967900000001755,,5.0,,
36.97100000000176,,5.0,,
36.97100000000176,,4.0,,
36.972400000000995,,5.0,,
36.97410000000176,,5.0,,
36.97410000000176,,4.0,,
36.977200000001766,,4.0,,
36.977200000001766,,3.0,,
36.98030000000177,,3.0,,
36.98030000000177,,2.0,,
36.982550000001,,3.0,,
36.98340000000177,,3.0,,
36.98340000000177,,2.0,,
36.986500000001776,,2.0,,
36.986500000001776,,1.0,,
36.98960000000178,,1.0,,
36.98960000000178,,0.0,,
36.992700000001,,1.0,,
36.99270000000178,,1.0,,
36.99270000000178,,0.0,,
36.995800000001786,,0.0,,
37.000000000000256,,,0.0,0.0
37.002850000001004,,1.0,,
37.01300000000101,,2.0,,
37.02315000000101,,3.0,,
37.03280500000077,0.0,,,
37.03330000000101,,4.0,,
37.043450000001016,,5.0,,
37.05360000000102,,6.0,,
37.06375000000102,,7.0,,
37.073900000001025,,8.0,,
37.08405000000103,,9.0,,
37.09420000000103,,10.0,,
37.09580000000179,,10.0,,
37.09580000000179,,9.0,,
37.09890000000179,,9.0,,
37.09890000000179,,8.0,,
37.10000000000026,,,0.0,0.0
37.102000000001794,,8.0,,
37.102000000001794,,7.0,,
37.104350000001034,,8.0,,
37.1051000000018,,8.0,,
37.1051000000018,,7.0,,
37.1082000000018,,7.0,,
37.1082000000018,,6.0,,
37.111300000001805,,6.0,,
37.111300000001805,,5.0,,
37.11440000000181,,5.0,,
37.11440000000181,,4.0,,
37.11450000000104,,5.0,,
37.11750000000181,,5.0,,
37.11750000000181,,4.0,,
37.120600000001815,,4.0,,
37.120600000001815,,3.0,,
37.12370000000182,,3.0,,
37.12370000000182,,2.0,,
37.12465000000104,,3.0,,
37.12680000000182,,3.0,,
37.12680000000182,,2.0,,
37.129900000001825,,2.0,,
37.129900000001825,,1.0,,
37.13280500000077,0.0,,,
37.13300000000183,,1.0,,
37.13300000000183,,0.0,,
37.13480000000104,,1.0,,
37.13610000000183,,1.0,,
37.13610000000183,,0.0,,
37.139200000001836,,0.0,,
37.144950000001046,,1.0,,
37.15510000000105,,2.0,,
37.16525000000105,,3.0,,
37.175400000001055,,4.0,,
37.18555000000106,,5.0,,
37.19570000000106,,6.0,,
37.20000000000026,,,0.0,0.0
37.205850000001064,,7.0,,
37.21600000000107,,8.0,,
37.22615000000107,,9.0,,
37.23280500000077,0.0,,,
37.23630000000107,,10.0,,
37.23920000000184,,10.0,,
37.23920000000184,,9.0,,
37.24230000000184,,9.0,,
37.24230000000184,,8.0,,
37.245400000001844,,8.0,,
37.245400000001844,,7.0,,
37.246450000001076,,8.0,,
37.24850000000185,,8.0,,
37.24850000000185,,7.0,,
37.25160000000185,,7.0,,
37.25160000000185,,6.0,,
37.254700000001854,,6.0,,
37.254700000001854,,5.0,,
37.25660000000108,,6.0,,
37.25780000000186,,6.0,,
37.25780000000186,,5.0,,
37.26090000000186,,5.0,,
37.26090000000186,,4.0,,
37.264000000001865,,4.0,,
37.264000000001865,,3.0,,
37.26675000000108,,4.0,,
37.26710000000187,,4.0,,
37.26710000000187,,3.0,,
37.27020000000187,,3.0,,
37.27020000000187,,2.0,,
37.273300000001875,,2.0,,
37.273300000001875,,1.0,,
37.27640000000188,,1.0,,
37.27640000000188,,0.0,,
37.276900000001085,,1.0,,
37.27950000000188,,1.0,,
37.27950000000188,,0.0,,
37.282600000001885,,0.0,,
37.28705000000109,,1.0,,
37.29720000000109,,2.0,,
37.30000000000026,,,0.0,0.0
37.307350000001094,,3.0,,
37.3175000000011,,4.0,,
37.3276500000011,,5.0,,
37.332805000000775,0.0,,,
37.3378000000011,,6.0,,
37.347950000001106,,7.0,,
37.35810000000111,,8.0,,
37.36825000000111,,9.0,,
37.378400000001115,,10.0,,
37.38260000000189,,10.0,,
37.38260000000189,,9.0,,
37.38570000000189,,9.0,,
37.38570000000189,,8.0,,
37.38855000000112,,9.0,,
37.38880000000189,,9.0,,
37.38880000000189,,8.0,,
37.3919000000019,,8.0,,
37.3919000000019,,7.0,,
37.3950000000019,,7.0,,
37.3950000000019,,6.0,,
37.398100000001904,,6.0,,
37.398100000001904,,5.0,,
37.39870000000112,,6.0,,
37.40000000000026,,,0.0,0.0
37.40120000000191,,6.0,,
37.40120000000191,,5.0,,
37.40430000000191,,5.0,,
37.40430000000191,,4.0,,
37.407400000001914,,4.0,,
37.407400000001914,,3.0,,
37.408850000001124,,4.0,,
37.41050000000192,,4.0,,
37.41050000000192,,3.0,,
37.41360000000192,,3.0,,
37.41360000000192,,2.0,,
37.416700000001924,,2.0,,
37.416700000001924,,1.0,,
37.41900000000113,,2.0,,
37.41980000000193,,2.0,,
37.41980000000193,,1.0,,
37.42290000000193,,1.0,,
37.42290000000193,,0.0,,
37.426000000001935,,0.0,,
37.42915000000113,,1.0,,
37.432805000000776,0.0,,,
37.43930000000113,,2.0,,
37.449450000001136,,3.0,,
37.45960000000114,,4.0,,
37.46975000000114,,5.0,,
37.479900000001145,,6.0,,
37.49005000000115,,7.0,,
37.50000000000026,,,0.0,0.0
37.50020000000115,,8.0,,
37.510350000001154,,9.0,,
37.52050000000116,,10.0,,
37.526000000001936,,10.0,,
37.526000000001936,,9.0,,
37.52910000000194,,9.0,,
37.52910000000194,,8.0,,
37.53065000000116,,9.0,,
37.53220000000194,,9.0,,
37.53220000000194,,8.0,,
37.53280500000078,0.0,,,
37.535300000001946,,8.0,,
37.535300000001946,,7.0,,
37.53840000000195,,7.0,,
37.53840000000195,,6.0,,
37.54080000000116,,7.0,,
37.54150000000195,,7.0,,
37.54150000000195,,6.0,,
37.54460000000196,,6.0,,
37.54460000000196,,5.0,,
37.54770000000196,,5.0,,
37.54770000000196,,4.0,,
37.55080000000196,,4.0,,
37.55080000000196,,3.0,,
37.550950000001166,,4.0,,
37.55390000000197,,4.0,,
37.55390000000197,,3.0,,
37.55700000000197,,3.0,,
37.55700000000197,,2.0,,
37.560100000001974,,2.0,,
37.560100000001974,,1.0,,
37.56110000000117,,2.0,,
37.56320000000198,,2.0,,
37.56320000000198,,1.0,,
37.56630000000198,,1.0,,
37.56630000000198,,0.0,,
37.569400000001984,,0.0,,
37.57125000000117,,1.0,,
37.581400000001175,,2.0,,
37.59155000000118,,3.0,,
37.600000000000264,,,0.0,0.0
37.60170000000118,,4.0,,
37.61185000000118,,5.0,,
37.62200000000119,,6.0,,
37.63215000000119,,7.0,,
37.63280500000078,0.0,,,
37.64230000000119,,8.0,,
37.652450000001195,,9.0,,
37.6626000000012,,10.0,,
37.669400000001986,,10.0,,
37.669400000001986,,9.0,,
37.67250000000199,,9.0,,
37.67250000000199,,8.0,,
37.6727500000012,,9.0,,
37.67560000000199,,9.0,,
37.67560000000199,,8.0,,
37.678700000001996,,8.0,,
37.678700000001996,,7.0,,
37.681800000002,,7.0,,
37.681800000002,,6.0,,
37.682900000001204,,7.0,,
37.684900000002,,7.0,,
37.684900000002,,6.0,,
37.688000000002006,,6.0,,
37.688000000002006,,5.0,,
37.69110000000201,,5.0,,
37.69110000000201,,4.0,,
37.69305000000121,,5.0,,
37.69420000000201,,5.0,,
37.69420000000201,,4.0,,
37.697300000002016,,4.0,,
37.697300000002016,,3.0,,
37.700000000000266,,,0.0,0.0
37.70040000000202,,3.0,,
37.70040000000202,,2.0,,
37.70320000000121,,3.0,,
37.70350000000202,,3.0,,
37.70350000000202,,2.0,,
37.70660000000203,,2.0,,
37.70660000000203,,1.0,,
37.70970000000203,,1.0,,
37.70970000000203,,0.0,,
37.712800000002034,,0.0,,
37.71335000000121,,1.0,,
37.723500000001216,,2.0,,
37.73280500000078,0.0,,,
37.73365000000122,,3.0,,
37.74380000000122,,4.0,,
37.753950000001225,,5.0,,
37.76410000000123,,6.0,,
37.77425000000123,,7.0,,
37.784400000001234,,8.0,,
37.79455000000124,,9.0,,
37.80000000000027,,,0.0,0.0
37.80470000000124,,10.0,,
37.812800000002035,,10.0,,
37.812800000002035,,9.0,,
37.81485000000124,,10.0,,
37.81590000000204,,10.0,,
37.81590000000204,,9.0,,
37.81900000000204,,9.0,,
37.81900000000204,,8.0,,
37.822100000002045,,8.0,,
37.822100000002045,,7.0,,
37.825000000001246,,8.0,,
37.82520000000205,,8.0,,
37.82520000000205,,7.0,,
37.82830000000205,,7.0,,
37.82830000000205,,6.0,,
37.831400000002056,,6.0,,
37.831400000002056,,5.0,,
37.83280500000078,0.0,,,
37.83450000000206,,5.0,,
37.83450000000206,,4.0,,
37.83515000000125,,5.0,,
37.83760000000206,,5.0,,
37.83760000000206,,4.0,,
37.840700000002066,,4.0,,
37.840700000002066,,3.0,,
37.84380000000207,,3.0,,
37.84380000000207,,2.0,,
37.84530000000125,,3.0,,
37.84690000000207,,3.0,,
37.84690000000207,,2.0,,
37.850000000002076,,2.0,,
37.850000000002076,,1.0,,
37.85310000000208,,1.0,,
37.85310000000208,,0.0,,
37.855450000001255,,1.0,,
37.85620000000208,,1.0,,
37.85620000000208,,0.0,,
37.85930000000209,,0.0,,
37.86560000000126,,1.0,,
37.87575000000126,,2.0,,
37.885900000001264,,3.0,,
37.89605000000127,,4.0,,
37.90000000000027,,,0.0,0.0
37.90620000000127,,5.0,,
37.91635000000127,,6.0,,
37.926500000001276,,7.0,,
37.93280500000078,0.0,,,
37.93665000000128,,8.0,,
37.94680000000128,,9.0,,
37.956950000001285,,10.0,,
37.95930000000209,,10.0,,
37.95930000000209,,9.0,,
37.96240000000209,,9.0,,
37.96240000000209,,8.0,,
37.965500000002095,,8.0,,
37.965500000002095,,7.0,,
37.96710000000129,,8.0,,
37.9686000000021,,8.0,,
37.9686000000021,,7.0,,
37.9717000000021,,7.0,,
37.9717000000021,,6.0,,
37.974800000002105,,6.0,,
37.974800000002105,,5.0,,
37.97725000000129,,6.0,,
37.97790000000211,,6.0,,
37.97790000000211,,5.0,,
37.98100000000211,,5.0,,
37.98100000000211,,4.0,,
37.984100000002115,,4.0,,
37.984100000002115,,3.0,,
37.98720000000212,,3.0,,
37.98720000000212,,2.0,,
37.987400000001294,,3.0,,
37.99030000000212,,3.0,,
37.99030000000212,,2.0,,
37.993400000002126,,2.0,,
37.993400000002126,,1.0,,
37.99650000000213,,1.0,,
37.99650000000213,,0.0,,
37.9975500000013,,1.0,,
37.99960000000213,,1.0,,
37.99960000000213,,0.0,,
38.00000000000027,,,0.0,0.0
38.002700000002136,,0.0,,
38.0077000000013,,1.0,,
38.0178500000013,,2.0,,
38.028000000001306,,3.0,,
38.032805000000785,0.0,,,
38.03815000000131,,4.0,,
38.04830000000131,,5.0,,
38.058450000001315,,6.0,,
38.06860000000132,,7.0,,
38.07875000000132,,8.0,,
38.088900000001324,,9.0,,
38.09905000000133,,10.0,,
38.10000000000027,,,0.0,0.0
38.10270000000214,,10.0,,
38.10270000000214,,9.0,,
38.10580000000214,,9.0,,
38.10580000000214,,8.0,,
38.108900000002144,,8.0,,
38.108900000002144,,7.0,,
38.10920000000133,,8.0,,
38.11200000000215,,8.0,,
38.11200000000215,,7.0,,
38.11510000000215,,7.0,,
38.11510000000215,,6.0,,
38.118200000002155,,6.0,,
38.118200000002155,,5.0,,
38.11935000000133,,6.0,,
38.12130000000216,,6.0,,
38.12130000000216,,5.0,,
38.12440000000216,,5.0,,
38.12440000000216,,4.0,,
38.127500000002165,,4.0,,
38.127500000002165,,3.0,,
38.129500000001336,,4.0,,
38.13060000000217,,4.0,,
38.13060000000217,,3.0,,
38.132805000000786,0.0,,,
38.13370000000217,,3.0,,
38.13370000000217,,2.0,,
38.136800000002175,,2.0,,
38.136800000002175,,1.0,,
38.13965000000134,,2.0,,
38.13990000000218,,2.0,,
38.13990000000218,,1.0,,
38.14300000000218,,1.0,,
38.14300000000218,,0.0,,
38.146100000002185,,0.0,,
38.14980000000134,,1.0,,
38.159950000001345,,2.0,,
38.17010000000135,,3.0,,
38.18025000000135,,4.0,,
38.190400000001354,,5.0,,
38.20000000000027,,,0.0,0.0
38.20055000000136,,6.0,,
38.21070000000136,,7.0,,
38.22085000000136,,8.0,,
38.231000000001366,,9.0,,
38.23280500000079,0.0,,,
38.24115000000137,,10.0,,
38.24610000000219,,10.0,,
38.24610000000219,,9.0,,
38.24920000000219,,9.0,,
38.24920000000219,,8.0,,
38.25130000000137,,9.0,,
38.252300000002194,,9.0,,
38.252300000002194,,8.0,,
38.2554000000022,,8.0,,
38.2554000000022,,7.0,,
38.2585000000022,,7.0,,
38.2585000000022,,6.0,,
38.261450000001375,,7.0,,
38.261600000002204,,7.0,,
38.261600000002204,,6.0,,
38.26470000000221,,6.0,,
38.26470000000221,,5.0,,
38.26780000000221,,5.0,,
38.26780000000221,,4.0,,
38.270900000002214,,4.0,,
38.270900000002214,,3.0,,
38.27160000000138,,4.0,,
38.27400000000222,,4.0,,
38.27400000000222,,3.0,,
38.27710000000222,,3.0,,
38.27710000000222,,2.0,,
38.280200000002225,,2.0,,
38.280200000002225,,1.0,,
38.28175000000138,,2.0,,
38.28330000000223,,2.0,,
38.28330000000223,,1.0,,
38.28640000000223,,1.0,,
38.28640000000223,,0.0,,
38.289500000002235,,0.0,,
38.291900000001384,,1.0,,
38.300000000000274,,,0.0,0.0
38.30205000000139,,2.0,,
38.31220000000139,,3.0,,
38.32235000000139,,4.0,,
38.332500000001396,,5.0,,
38.33280500000079,0.0,,,
38.3426500000014,,6.0,,
38.3528000000014,,7.0,,
38.362950000001405,,8.0,,
38.37310000000141,,9.0,,
38.38325000000141,,10.0,,
38.389500000002236,,10.0,,
38.389500000002236,,9.0,,
38.39260000000224,,9.0,,
38.39260000000224,,8.0,,
38.393400000001414,,9.0,,
38.39570000000224,,9.0,,
38.39570000000224,,8.0,,
38.39880000000225,,8.0,,
38.39880000000225,,7.0,,
38.400000000000276,,,0.0,0.0
38.40190000000225,,7.0,,
38.40190000000225,,6.0,,
38.40355000000142,,7.0,,
38.405000000002254,,7.0,,
38.405000000002254,,6.0,,
38.40810000000226,,6.0,,
38.40810000000226,,5.0,,
38.41120000000226,,5.0,,
38.41120000000226,,4.0,,
38.41370000000142,,5.0,,
38.414300000002264,,5.0,,
38.414300000002264,,4.0,,
38.41740000000227,,4.0,,
38.41740000000227,,3.0,,
38.42050000000227,,3.0,,
38.42050000000227,,2.0,,
38.423600000002274,,2.0,,
38.423600000002274,,1.0,,
38.42385000000142,,2.0,,
38.42670000000228,,2.0,,
38.42670000000228,,1.0,,
38.42980000000228,,1.0,,
38.42980000000228,,0.0,,
38.43280500000079,0.0,,,
38.432900000002284,,0.0,,
38.434000000001426,,1.0,,
38.44415000000143,,2.0,,
38.45430000000143,,3.0,,
38.464450000001435,,4.0,,
38.47460000000144,,5.0,,
38.48475000000144,,6.0,,
38.494900000001444,,7.0,,
38.50000000000028,,,0.0,0.0
38.50505000000145,,8.0,,
38.51520000000145,,9.0,,
38.52535000000145,,10.0,,
38.53280500000079,0.0,,,
38.532900000002286,,10.0,,
38.532900000002286,,9.0,,
38.535500000001456,,10.0,,
38.53600000000229,,10.0,,
38.53600000000229,,9.0,,
38.53910000000229,,9.0,,
38.53910000000229,,8.0,,
38.542200000002296,,8.0,,
38.542200000002296,,7.0,,
38.5453000000023,,7.0,,
38.5453000000023,,6.0,,
38.54565000000146,,7.0,,
38.5484000000023,,7.0,,
38.5484000000023,,6.0,,
38.55150000000231,,6.0,,
38.55150000000231,,5.0,,
38.55460000000231,,5.0,,
38.55460000000231,,4.0,,
38.55580000000146,,5.0,,
38.55770000000231,,5.0,,
38.55770000000231,,4.0,,
38.56080000000232,,4.0,,
38.56080000000232,,3.0,,
38.56390000000232,,3.0,,
38.56390000000232,,2.0,,
38.565950000001465,,3.0,,
38.567000000002324,,3.0,,
38.567000000002324,,2.0,,
38.57010000000233,,2.0,,
38.57010000000233,,1.0,,
38.57320000000233,,1.0,,
38.57320000000233,,0.0,,
38.57610000000147,,1.0,,
38.576300000002334,,1.0,,
38.576300000002334,,0.0,,
38.57940000000234,,0.0,,
38.58625000000147,,1.0,,
38.59640000000147,,2.0,,
38.60000000000028,,,0.0,0.0
38.60655000000148,,3.0,,
38.61670000000148,,4.0,,
38.62685000000148,,5.0,,
38.63280500000079,0.0,,,
38.637000000001485,,6.0,,
38.64715000000149,,7.0,,
38.65730000000149,,8.0,,
38.667450000001494,,9.0,,
38.6776000000015,,10.0,,
38.67940000000234,,10.0,,
38.67940000000234,,9.0,,
38.68250000000234,,9.0,,
38.68250000000234,,8.0,,
38.685600000002346,,8.0,,
38.685600000002346,,7.0,,
38.6877500000015,,8.0,,
38.68870000000235,,8.0,,
38.68870000000235,,7.0,,
38.69180000000235,,7.0,,
38.69180000000235,,6.0,,
38.694900000002356,,6.0,,
38.694900000002356,,5.0,,
38.6979000000015,,6.0,,
38.69800000000236,,6.0,,
38.69800000000236,,5.0,,
38.70000000000028,,,0.0,0.0
38.70110000000236,,5.0,,
38.70110000000236,,4.0,,
38.704200000002366,,4.0,,
38.704200000002366,,3.0,,
38.70730000000237,,3.0,,
38.70730000000237,,2.0,,
38.708050000001506,,3.0,,
38.71040000000237,,3.0,,
38.71040000000237,,2.0,,
38.71350000000238,,2.0,,
38.71350000000238,,1.0,,
38.71660000000238,,1.0,,
38.71660000000238,,0.0,,
38.71820000000151,,1.0,,
38.71970000000238,,1.0,,
38.71970000000238,,0.0,,
38.72280000000239,,0.0,,
38.72835000000151,,1.0,,
38.732805000000795,0.0,,,
38.738500000001515,,2.0,,
38.74865000000152,,3.0,,
38.75880000000152,,4.0,,
38.768950000001524,,5.0,,
38.77910000000153,,6.0,,
38.78925000000153,,7.0,,
38.79940000000153,,8.0,,
38.80000000000028,,,0.0,0.0
38.809550000001536,,9.0,,
38.81970000000154,,10.0,,
38.82280000000239,,10.0,,
38.82280000000239,,9.0,,
38.82590000000239,,9.0,,
38.82590000000239,,8.0,,
38.829000000002395,,8.0,,
38.829000000002395,,7.0,,
38.82985000000154,,8.0,,
38.8321000000024,,8.0,,
38.8321000000024,,7.0,,
38.832805000000796,0.0,,,
38.8352000000024,,7.0,,
38.8352000000024,,6.0,,
38.838300000002405,,6.0,,
38.838300000002405,,5.0,,
38.840000000001545,,6.0,,
38.84140000000241,,6.0,,
38.84140000000241,,5.0,,
38.84450000000241,,5.0,,
38.84450000000241,,4.0,,
38.847600000002416,,4.0,,
38.847600000002416,,3.0,,
38.85015000000155,,4.0,,
38.85070000000242,,4.0,,
38.85070000000242,,3.0,,
38.85380000000242,,3.0,,
38.85380000000242,,2.0,,
38.856900000002426,,2.0,,
38.856900000002426,,1.0,,
38.86000000000243,,1.0,,
38.86000000000243,,0.0,,
38.86030000000155,,1.0,,
38.86310000000243,,1.0,,
38.86310000000243,,0.0,,
38.866200000002436,,0.0,,
38.870450000001554,,1.0,,
38.88060000000156,,2.0,,
38.89075000000156,,3.0,,
38.90000000000028,,,0.0,0.0
38.90090000000156,,4.0,,
38.911050000001566,,5.0,,
38.92120000000157,,6.0,,
38.93135000000157,,7.0,,
38.9328050000008,0.0,,,
38.941500000001575,,8.0,,
38.95165000000158,,9.0,,
38.96180000000158,,10.0,,
38.96620000000244,,10.0,,
38.96620000000244,,9.0,,
38.96930000000244,,9.0,,
38.96930000000244,,8.0,,
38.971950000001584,,9.0,,
38.972400000002445,,9.0,,
38.972400000002445,,8.0,,
38.97550000000245,,8.0,,
38.97550000000245,,7.0,,
38.97860000000245,,7.0,,
38.97860000000245,,6.0,,
38.981700000002455,,6.0,,
38.981700000002455,,5.0,,
38.98210000000159,,6.0,,
38.98480000000246,,6.0,,
38.98480000000246,,5.0,,
38.98790000000246,,5.0,,
38.98790000000246,,4.0,,
38.991000000002465,,4.0,,
38.991000000002465,,3.0,,
38.99225000000159,,4.0,,
38.99410000000247,,4.0,,
38.99410000000247,,3.0,,
38.99720000000247,,3.0,,
38.99720000000247,,2.0,,
39.000000000000284,,,0.0,0.0
39.000300000002476,,2.0,,
39.000300000002476,,1.0,,
39.00240000000159,,2.0,,
39.00340000000248,,2.0,,
39.00340000000248,,1.0,,
39.00650000000248,,1.0,,
39.00650000000248,,0.0,,
39.009600000002486,,0.0,,
39.012550000001596,,1.0,,
39.0227000000016,,2.0,,
39.0328050000008,0.0,,,
39.0328500000016,,3.0,,
39.043000000001605,,4.0,,
39.05315000000161,,5.0,,
39.06330000000161,,6.0,,
39.073450000001614,,7.0,,
39.08360000000162,,8.0,,
39.09375000000162,,9.0,,
39.100000000000286,,,0.0,0.0
39.10390000000162,,10.0,,
39.10960000000249,,10.0,,
39.10960000000249,,9.0,,
39.11270000000249,,9.0,,
39.11270000000249,,8.0,,
39.114050000001626,,9.0,,
39.115800000002494,,9.0,,
39.115800000002494,,8.0,,
39.1189000000025,,8.0,,
39.1189000000025,,7.0,,
39.1220000000025,,7.0,,
39.1220000000025,,6.0,,
39.12420000000163,,7.0,,
39.125100000002504,,7.0,,
39.125100000002504,,6.0,,
39.12820000000251,,6.0,,
39.12820000000251,,5.0,,
39.13130000000251,,5.0,,
39.13130000000251,,4.0,,
39.1328050000008,0.0,,,
39.13435000000163,,5.0,,
39.134400000002515,,5.0,,
39.134400000002515,,4.0,,
39.13750000000252,,4.0,,
39.13750000000252,,3.0,,
39.14060000000252,,3.0,,
39.14060000000252,,2.0,,
39.143700000002525,,2.0,,
39.143700000002525,,1.0,,
39.144500000001635,,2.0,,
39.14680000000253,,2.0,,
39.14680000000253,,1.0,,
39.14990000000253,,1.0,,
39.14990000000253,,0.0,,
39.153000000002535,,0.0,,
39.15465000000164,,1.0,,
39.16480000000164,,2.0,,
39.174950000001644,,3.0,,
39.18510000000165,,4.0,,
39.19525000000165,,5.0,,
39.20000000000029,,,0.0,0.0
39.20540000000165,,6.0,,
39.215550000001656,,7.0,,
39.22570000000166,,8.0,,
39.2328050000008,0.0,,,
39.23585000000166,,9.0,,
39.246000000001665,,10.0,,
39.25300000000254,,10.0,,
39.25300000000254,,9.0,,
39.25610000000254,,9.0,,
39.25610000000254,,8.0,,
39.25615000000167,,9.0,,
39.259200000002544,,9.0,,
39.259200000002544,,8.0,,
39.26230000000255,,8.0,,
39.26230000000255,,7.0,,
39.26540000000255,,7.0,,
39.26540000000255,,6.0,,
39.26630000000167,,7.0,,
39.268500000002554,,7.0,,
39.268500000002554,,6.0,,
39.27160000000256,,6.0,,
39.27160000000256,,5.0,,
39.27470000000256,,5.0,,
39.27470000000256,,4.0,,
39.276450000001674,,5.0,,
39.277800000002564,,5.0,,
39.277800000002564,,4.0,,
39.28090000000257,,4.0,,
39.28090000000257,,3.0,,
39.28400000000257,,3.0,,
39.28400000000257,,2.0,,
39.28660000000168,,3.0,,
39.287100000002575,,3.0,,
39.287100000002575,,2.0,,
39.29020000000258,,2.0,,
39.29020000000258,,1.0,,
39.29330000000258,,1.0,,
39.29330000000258,,0.0,,
39.296400000002585,,0.0,,
39.29675000000168,,1.0,,
39.30000000000029,,,0.0,0.0
39.30690000000168,,2.0,,
39.317050000001686,,3.0,,
39.32720000000169,,4.0,,
39.3328050000008,0.0,,,
39.33735000000169,,5.0,,
39.347500000001695,,6.0,,
39.3576500000017,,7.0,,
39.3678000000017,,8.0,,
39.377950000001704,,9.0,,
39.38810000000171,,10.0,,
39.396400000002586,,10.0,,
39.396400000002586,,9.0,,
39.39825000000171,,10.0,,
39.39950000000259,,10.0,,
39.39950000000259,,9.0,,
39.40000000000029,,,0.0,0.0
39.40260000000259,,9.0,,
39.40260000000259,,8.0,,
39.4057000000026,,8.0,,
39.4057000000026,,7.0,,
39.40840000000171,,8.0,,
39.4088000000026,,8.0,,
39.4088000000026,,7.0,,
39.4119000000026,,7.0,,
39.4119000000026,,6.0,,
39.41500000000261,,6.0,,
39.41500000000261,,5.0,,
39.41810000000261,,5.0,,
39.41810000000261,,4.0,,
39.418550000001716,,5.0,,
39.421200000002614,,5.0,,
39.421200000002614,,4.0,,
39.42430000000262,,4.0,,
39.42430000000262,,3.0,,
39.42740000000262,,3.0,,
39.42740000000262,,2.0,,
39.42870000000172,,3.0,,
39.430500000002624,,3.0,,
39.430500000002624,,2.0,,
39.432805000000805,0.0,,,
39.43360000000263,,2.0,,
39.43360000000263,,1.0,,
39.43670000000263,,1.0,,
39.43670000000263,,0.0,,
39.43885000000172,,1.0,,
39.439800000002634,,1.0,,
39.439800000002634,,0.0,,
39.44290000000264,,0.0,,
39.449000000001725,,1.0,,
39.45915000000173,,2.0,,
39.46930000000173,,3.0,,
39.479450000001734,,4.0,,
39.48960000000174,,5.0,,
39.49975000000174,,6.0,,
39.50000000000029,,,0.0,0.0
39.50990000000174,,7.0,,
39.520050000001746,,8.0,,
39.53020000000175,,9.0,,
39.532805000000806,0.0,,,
39.54035000000175,,10.0,,
39.54290000000264,,10.0,,
39.54290000000264,,9.0,,
39.54600000000264,,9.0,,
39.54600000000264,,8.0,,
39.549100000002646,,8.0,,
39.549100000002646,,7.0,,
39.550500000001755,,8.0,,
39.55220000000265,,8.0,,
39.55220000000265,,7.0,,
39.55530000000265,,7.0,,
39.55530000000265,,6.0,,
39.558400000002656,,6.0,,
39.558400000002656,,5.0,,
39.56065000000176,,6.0,,
39.56150000000266,,6.0,,
39.56150000000266,,5.0,,
39.56460000000266,,5.0,,
39.56460000000266,,4.0,,
39.56770000000267,,4.0,,
39.56770000000267,,3.0,,
39.57080000000176,,4.0,,
39.57080000000267,,4.0,,
39.57080000000267,,3.0,,
39.57390000000267,,3.0,,
39.57390000000267,,2.0,,
39.57700000000268,,2.0,,
39.57700000000268,,1.0,,
39.58010000000268,,1.0,,
39.58010000000268,,0.0,,
39.580950000001764,,1.0,,
39.583200000002684,,1.0,,
39.583200000002684,,0.0,,
39.58630000000269,,0.0,,
39.59110000000177,,1.0,,
39.60000000000029,,,0.0,0.0
39.60125000000177,,2.0,,
39.61140000000177,,3.0,,
39.621550000001776,,4.0,,
39.63170000000178,,5.0,,
39.63280500000081,0.0,,,
39.64185000000178,,6.0,,
39.652000000001784,,7.0,,
39.66215000000179,,8.0,,
39.67230000000179,,9.0,,
39.68245000000179,,10.0,,
39.68630000000269,,10.0,,
39.68630000000269,,9.0,,
39.68940000000269,,9.0,,
39.68940000000269,,8.0,,
39.692500000002696,,8.0,,
39.692500000002696,,7.0,,
39.692600000001796,,8.0,,
39.6956000000027,,8.0,,
39.6956000000027,,7.0,,
39.6987000000027,,7.0,,
39.6987000000027,,6.0,,
39.700000000000294,,,0.0,0.0
39.701800000002706,,6.0,,
39.701800000002706,,5.0,,
39.7027500000018,,6.0,,
39.70490000000271,,6.0,,
39.70490000000271,,5.0,,
39.70800000000271,,5.0,,
39.70800000000271,,4.0,,
39.711100000002716,,4.0,,
39.711100000002716,,3.0,,
39.7129000000018,,4.0,,
39.71420000000272,,4.0,,
39.71420000000272,,3.0,,
39.71730000000272,,3.0,,
39.71730000000272,,2.0,,
39.720400000002726,,2.0,,
39.720400000002726,,1.0,,
39.723050000001805,,2.0,,
39.72350000000273,,2.0,,
39.72350000000273,,1.0,,
39.72660000000273,,1.0,,
39.72660000000273,,0.0,,
39.72970000000274,,0.0,,
39.73280500000081,0.0,,,
39.73320000000181,,1.0,,
39.74335000000181,,2.0,,
39.753500000001814,,3.0,,
39.76365000000182,,4.0,,
39.77380000000182,,5.0,,
39.78395000000182,,6.0,,
39.794100000001826,,7.0,,
39.800000000000296,,,0.0,0.0
39.80425000000183,,8.0,,
39.81440000000183,,9.0,,
39.824550000001835,,10.0,,
39.82970000000274,,10.0,,
39.82970000000274,,9.0,,
39.83280000000274,,9.0,,
39.83280000000274,,8.0,,
39.83280500000081,0.0,,,
39.83470000000184,,9.0,,
39.835900000002745,,9.0,,
39.835900000002745,,8.0,,
39.83900000000275,,8.0,,
39.83900000000275,,7.0,,
39.84210000000275,,7.0,,
39.84210000000275,,6.0,,
39.84485000000184,,7.0,,
39.845200000002755,,7.0,,
39.845200000002755,,6.0,,
39.84830000000276,,6.0,,
39.84830000000276,,5.0,,
39.85140000000276,,5.0,,
39.85140000000276,,4.0,,
39.854500000002766,,4.0,,
39.854500000002766,,3.0,,
39.855000000001844,,4.0,,
39.85760000000277,,4.0,,
39.85760000000277,,3.0,,
39.86070000000277,,3.0,,
39.86070000000277,,2.0,,
39.863800000002776,,2.0,,
39.863800000002776,,1.0,,
39.86515000000185,,2.0,,
39.86690000000278,,2.0,,
39.86690000000278,,1.0,,
39.87000000000278,,1.0,,
39.87000000000278,,0.0,,
39.873100000002786,,0.0,,
39.87530000000185,,1.0,,
39.88545000000185,,2.0,,
39.895600000001856,,3.0,,
39.9000000000003,,,0.0,0.0
39.90575000000186,,4.0,,
39.91590000000186,,5.0,,
39.926050000001865,,6.0,,
39.93280500000081,0.0,,,
39.93620000000187,,7.0,,
39.94635000000187,,8.0,,
39.956500000001874,,9.0,,
39.96665000000188,,10.0,,
39.97310000000279,,10.0,,
39.97310000000279,,9.0,,
39.97620000000279,,9.0,,
39.97620000000279,,8.0,,
39.97680000000188,,9.0,,
39.979300000002794,,9.0,,
39.979300000002794,,8.0,,
39.9824000000028,,8.0,,
39.9824000000028,,7.0,,
39.9855000000028,,7.0,,
39.9855000000028,,6.0,,
39.98695000000188,,7.0,,
39.988600000002805,,7.0,,
39.988600000002805,,6.0,,
39.99170000000281,,6.0,,
39.99170000000281,,5.0,,
39.99480000000281,,5.0,,
39.99480000000281,,4.0,,
39.997100000001886,,5.0,,
39.997900000002815,,5.0,,
39.997900000002815,,4.0,,
40.0000000000003,,,0.0,0.0
40.00100000000282,,4.0,,
40.00100000000282,,3.0,,
40.00410000000282,,3.0,,
40.00410000000282,,2.0,,
40.007200000002825,,2.0,,
40.007200000002825,,1.0,,
40.00725000000189,,2.0,,
40.01030000000283,,2.0,,
40.01030000000283,,1.0,,
40.01340000000283,,1.0,,
40.01340000000283,,0.0,,
40.016500000002836,,0.0,,
40.01740000000189,,1.0,,
40.027550000001895,,2.0,,
40.03280500000081,0.0,,,
40.0377000000019,,3.0,,
40.0478500000019,,4.0,,
40.058000000001904,,5.0,,
40.06815000000191,,6.0,,
40.07830000000191,,7.0,,
40.08845000000191,,8.0,,
40.098600000001916,,9.0,,
40.1000000000003,,,0.0,0.0
40.10875000000192,,10.0,,
40.11650000000284,,10.0,,
40.11650000000284,,9.0,,
40.11890000000192,,10.0,,
40.11960000000284,,10.0,,
40.11960000000284,,9.0,,
40.122700000002844,,9.0,,
40.122700000002844,,8.0,,
40.12580000000285,,8.0,,
40.12580000000285,,7.0,,
40.12890000000285,,7.0,,
40.12890000000285,,6.0,,
40.129050000001925,,7.0,,
40.132000000002854,,7.0,,
40.132000000002854,,6.0,,
40.132805000000815,0.0,,,
40.13510000000286,,6.0,,
40.13510000000286,,5.0,,
40.13820000000286,,5.0,,
40.13820000000286,,4.0,,
40.13920000000193,,5.0,,
40.141300000002865,,5.0,,
40.141300000002865,,4.0,,
40.14440000000287,,4.0,,
40.14440000000287,,3.0,,
40.14750000000287,,3.0,,
40.14750000000287,,2.0,,
40.14935000000193,,3.0,,
40.150600000002875,,3.0,,
40.150600000002875,,2.0,,
40.15370000000288,,2.0,,
40.15370000000288,,1.0,,
40.15680000000288,,1.0,,
40.15680000000288,,0.0,,
40.159500000001934,,1.0,,
40.159900000002885,,1.0,,
40.159900000002885,,0.0,,
40.16300000000289,,0.0,,
40.16965000000194,,1.0,,
40.17980000000194,,2.0,,
40.18995000000194,,3.0,,
40.2000000000003,,,0.0,0.0
40.200100000001946,,4.0,,
40.21025000000195,,5.0,,
40.22040000000195,,6.0,,
40.230550000001955,,7.0,,
40.232805000000816,0.0,,,
40.24070000000196,,8.0,,
40.25085000000196,,9.0,,
40.261000000001964,,10.0,,
40.26300000000289,,10.0,,
40.26300000000289,,9.0,,
40.26610000000289,,9.0,,
40.26610000000289,,8.0,,
40.2692000000029,,8.0,,
40.2692000000029,,7.0,,
40.27115000000197,,8.0,,
40.2723000000029,,8.0,,
40.2723000000029,,7.0,,
40.275400000002904,,7.0,,
40.275400000002904,,6.0,,
40.27850000000291,,6.0,,
40.27850000000291,,5.0,,
40.28130000000197,,6.0,,
40.28160000000291,,6.0,,
40.28160000000291,,5.0,,
40.284700000002914,,5.0,,
40.284700000002914,,4.0,,
40.28780000000292,,4.0,,
40.28780000000292,,3.0,,
40.29090000000292,,3.0,,
40.29090000000292,,2.0,,
40.29145000000197,,3.0,,
40.294000000002924,,3.0,,
40.294000000002924,,2.0,,
40.29710000000293,,2.0,,
40.29710000000293,,1.0,,
40.3000000000003,,,0.0,0.0
40.30020000000293,,1.0,,
40.30020000000293,,0.0,,
40.301600000001976,,1.0,,
40.303300000002935,,1.0,,
40.303300000002935,,0.0,,
40.30640000000294,,0.0,,
40.31175000000198,,1.0,,
40.32190000000198,,2.0,,
40.332050000001985,,3.0,,
40.33280500000082,0.0,,,
40.34220000000199,,4.0,,
40.35235000000199,,5.0,,
40.362500000001994,,6.0,,
40.372650000002,,7.0,,
40.382800000002,,8.0,,
40.392950000002,,9.0,,
40.400000000000304,,,0.0,0.0
40.403100000002006,,10.0,,
40.40640000000294,,10.0,,
40.40640000000294,,9.0,,
40.40950000000294,,9.0,,
40.40950000000294,,8.0,,
40.412600000002946,,8.0,,
40.412600000002946,,7.0,,
40.41325000000201,,8.0,,
40.41570000000295,,8.0,,
40.41570000000295,,7.0,,
40.41880000000295,,7.0,,
40.41880000000295,,6.0,,
40.42190000000296,,6.0,,
40.42190000000296,,5.0,,
40.42340000000201,,6.0,,
40.42500000000296,,6.0,,
40.42500000000296,,5.0,,
40.428100000002964,,5.0,,
40.428100000002964,,4.0,,
40.43120000000297,,4.0,,
40.43120000000297,,3.0,,
40.43280500000082,0.0,,,
40.433550000002015,,4.0,,
40.43430000000297,,4.0,,
40.43430000000297,,3.0,,
40.437400000002974,,3.0,,
40.437400000002974,,2.0,,
40.44050000000298,,2.0,,
40.44050000000298,,1.0,,
40.44360000000298,,1.0,,
40.44360000000298,,0.0,,
40.44370000000202,,1.0,,
40.446700000002984,,1.0,,
40.446700000002984,,0.0,,
40.44980000000299,,0.0,,
40.45385000000202,,1.0,,
40.464000000002024,,2.0,,
40.47415000000203,,3.0,,
40.48430000000203,,4.0,,
40.49445000000203,,5.0,,
40.500000000000306,,,0.0,0.0
40.504600000002036,,6.0,,
40.51475000000204,,7.0,,
40.52490000000204,,8.0,,
40.53280500000082,0.0,,,
40.535050000002045,,9.0,,
40.54520000000205,,10.0,,
40.54980000000299,,10.0,,
40.54980000000299,,9.0,,
40.55290000000299,,9.0,,
40.55290000000299,,8.0,,
40.55535000000205,,9.0,,
40.556000000002996,,9.0,,
40.556000000002996,,8.0,,
40.559100000003,,8.0,,
40.559100000003,,7.0,,
40.562200000003,,7.0,,
40.562200000003,,6.0,,
40.565300000003006,,6.0,,
40.565300000003006,,5.0,,
40.565500000002054,,6.0,,
40.56840000000301,,6.0,,
40.56840000000301,,5.0,,
40.57150000000301,,5.0,,
40.57150000000301,,4.0,,
40.57460000000302,,4.0,,
40.57460000000302,,3.0,,
40.57565000000206,,4.0,,
40.57770000000302,,4.0,,
40.57770000000302,,3.0,,
40.58080000000302,,3.0,,
40.58080000000302,,2.0,,
40.58390000000303,,2.0,,
40.58390000000303,,1.0,,
40.58580000000206,,2.0,,
40.58700000000303,,2.0,,
40.58700000000303,,1.0,,
40.590100000003034,,1.0,,
40.590100000003034,,0.0,,
40.59320000000304,,0.0,,
40.59595000000206,,1.0,,
40.60000000000031,,,0.0,0.0
40.606100000002066,,2.0,,
40.61625000000207,,3.0,,
40.62640000000207,,4.0,,
40.63280500000082,0.0,,,
40.636550000002075,,5.0,,
40.64670000000208,,6.0,,
40.65685000000208,,7.0,,
40.66700000000208,,8.0,,
40.67715000000209,,9.0,,
40.68730000000209,,10.0,,
40.69320000000304,,10.0,,
40.69320000000304,,9.0,,
40.69630000000304,,9.0,,
40.69630000000304,,8.0,,
40.69745000000209,,9.0,,
40.699400000003045,,9.0,,
40.699400000003045,,8.0,,
40.70000000000031,,,0.0,0.0
40.70250000000305,,8.0,,
40.70250000000305,,7.0,,
40.70560000000305,,7.0,,
40.70560000000305,,6.0,,
40.707600000002095,,7.0,,
40.708700000003056,,7.0,,
40.708700000003056,,6.0,,
40.71180000000306,,6.0,,
40.71180000000306,,5.0,,
40.71490000000306,,5.0,,
40.71490000000306,,4.0,,
40.7177500000021,,5.0,,
40.718000000003066,,5.0,,
40.718000000003066,,4.0,,
40.72110000000307,,4.0,,
40.72110000000307,,3.0,,
40.72420000000307,,3.0,,
40.72420000000307,,2.0,,
40.727300000003076,,2.0,,
40.727300000003076,,1.0,,
40.7279000000021,,2.0,,
40.73040000000308,,2.0,,
40.73040000000308,,1.0,,
40.73280500000082,0.0,,,
40.73350000000308,,1.0,,
40.73350000000308,,0.0,,
40.73660000000309,,0.0,,
40.738050000002104,,1.0,,
40.74820000000211,,2.0,,
40.75835000000211,,3.0,,
40.76850000000211,,4.0,,
40.778650000002116,,5.0,,
40.78880000000212,,6.0,,
40.79895000000212,,7.0,,
40.80000000000031,,,0.0,0.0
40.809100000002125,,8.0,,
40.81925000000213,,9.0,,
40.82940000000213,,10.0,,
40.832805000000825,0.0,,,
40.83660000000309,,10.0,,
40.83660000000309,,9.0,,
40.839550000002134,,10.0,,
40.83970000000309,,10.0,,
40.83970000000309,,9.0,,
40.842800000003095,,9.0,,
40.842800000003095,,8.0,,
40.8459000000031,,8.0,,
40.8459000000031,,7.0,,
40.8490000000031,,7.0,,
40.8490000000031,,6.0,,
40.84970000000214,,7.0,,
40.852100000003105,,7.0,,
40.852100000003105,,6.0,,
40.85520000000311,,6.0,,
40.85520000000311,,5.0,,
40.85830000000311,,5.0,,
40.85830000000311,,4.0,,
40.85985000000214,,5.0,,
40.861400000003115,,5.0,,
40.861400000003115,,4.0,,
40.86450000000312,,4.0,,
40.86450000000312,,3.0,,
40.86760000000312,,3.0,,
40.86760000000312,,2.0,,
40.87000000000214,,3.0,,
40.870700000003126,,3.0,,
40.870700000003126,,2.0,,
40.87380000000313,,2.0,,
40.87380000000313,,1.0,,
40.87690000000313,,1.0,,
40.87690000000313,,0.0,,
40.880000000003136,,0.0,,
40.880150000002146,,1.0,,
40.89030000000215,,2.0,,
40.90000000000031,,,0.0,0.0
40.90045000000215,,3.0,,
40.910600000002155,,4.0,,
40.92075000000216,,5.0,,
40.93090000000216,,6.0,,
40.932805000000826,0.0,,,
40.941050000002164,,7.0,,
40.95120000000217,,8.0,,
40.96135000000217,,9.0,,
40.97150000000217,,10.0,,
40.98000000000314,,10.0,,
40.98000000000314,,9.0,,
40.981650000002176,,10.0,,
40.98310000000314,,10.0,,
40.98310000000314,,9.0,,
40.986200000003144,,9.0,,
40.986200000003144,,8.0,,
40.98930000000315,,8.0,,
40.98930000000315,,7.0,,
40.99180000000218,,8.0,,
40.99240000000315,,8.0,,
40.99240000000315,,7.0,,
40.995500000003155,,7.0,,
40.995500000003155,,6.0,,
40.99860000000316,,6.0,,
40.99860000000316,,5.0,,
41.00000000000031,,,0.0,0.0
41.00170000000316,,5.0,,
41.00170000000316,,4.0,,
41.00195000000218,,5.0,,
41.004800000003165,,5.0,,
41.004800000003165,,4.0,,
41.00790000000317,,4.0,,
41.00790000000317,,3.0,,
41.01100000000317,,3.0,,
41.01100000000317,,2.0,,
41.012100000002185,,3.0,,
41.014100000003175,,3.0,,
41.014100000003175,,2.0,,
41.01720000000318,,2.0,,
41.01720000000318,,1.0,,
41.02030000000318,,1.0,,
41.02030000000318,,0.0,,
41.02225000000219,,1.0,,
41.023400000003186,,1.0,,
41.023400000003186,,0.0,,
41.02650000000319,,0.0,,
41.03240000000219,,1.0,,
41.03280500000083,0.0,,,
41.042550000002194,,2.0,,
41.0527000000022,,3.0,,
41.0628500000022,,4.0,,
41.0730000000022,,5.0,,
41.083150000002206,,6.0,,
41.09330000000221,,7.0,,
41.100000000000314,,,0.0,0.0
41.10345000000221,,8.0,,
41.113600000002215,,9.0,,
41.12375000000222,,10.0,,
41.12650000000319,,10.0,,
41.12650000000319,,9.0,,
41.129600000003194,,9.0,,
41.129600000003194,,8.0,,
41.1327000000032,,8.0,,
41.1327000000032,,7.0,,
41.13280500000083,0.0,,,
41.13390000000222,,8.0,,
41.1358000000032,,8.0,,
41.1358000000032,,7.0,,
41.138900000003204,,7.0,,
41.138900000003204,,6.0,,
41.14200000000321,,6.0,,
41.14200000000321,,5.0,,
41.144050000002224,,6.0,,
41.14510000000321,,6.0,,
41.14510000000321,,5.0,,
41.148200000003214,,5.0,,
41.148200000003214,,4.0,,
41.15130000000322,,4.0,,
41.15130000000322,,3.0,,
41.15420000000223,,4.0,,
41.15440000000322,,4.0,,
41.15440000000322,,3.0,,
41.157500000003225,,3.0,,
41.157500000003225,,2.0,,
41.16060000000323,,2.0,,
41.16060000000323,,1.0,,
41.16370000000323,,1.0,,
41.16370000000323,,0.0,,
41.16435000000223,,1.0,,
41.166800000003235,,1.0,,
41.166800000003235,,0.0,,
41.16990000000324,,0.0,,
41.17450000000223,,1.0,,
41.184650000002236,,2.0,,
41.19480000000224,,3.0,,
41.200000000000315,,,0.0,0.0
41.20495000000224,,4.0,,
41.215100000002245,,5.0,,
41.22525000000225,,6.0,,
41.23280500000083,0.0,,,
41.23540000000225,,7.0,,
41.245550000002254,,8.0,,
41.25570000000226,,9.0,,
41.26585000000226,,10.0,,
41.26990000000324,,10.0,,
41.26990000000324,,9.0,,
41.27300000000324,,9.0,,
41.27300000000324,,8.0,,
41.27600000000226,,9.0,,
41.27610000000325,,9.0,,
41.27610000000325,,8.0,,
41.27920000000325,,8.0,,
41.27920000000325,,7.0,,
41.282300000003254,,7.0,,
41.282300000003254,,6.0,,
41.28540000000326,,6.0,,
41.28540000000326,,5.0,,
41.286150000002266,,6.0,,
41.28850000000326,,6.0,,
41.28850000000326,,5.0,,
41.291600000003264,,5.0,,
41.291600000003264,,4.0,,
41.29470000000327,,4.0,,
41.29470000000327,,3.0,,
41.29630000000227,,4.0,,
41.29780000000327,,4.0,,
41.29780000000327,,3.0,,
41.30000000000032,,,0.0,0.0
41.300900000003274,,3.0,,
41.300900000003274,,2.0,,
41.30400000000328,,2.0,,
41.30400000000328,,1.0,,
41.30645000000227,,2.0,,
41.30710000000328,,2.0,,
41.30710000000328,,1.0,,
41.310200000003285,,1.0,,
41.310200000003285,,0.0,,
41.31330000000329,,0.0,,
41.316600000002275,,1.0,,
41.32675000000228,,2.0,,
41.33280500000083,0.0,,,
41.33690000000228,,3.0,,
41.347050000002284,,4.0,,
41.35720000000229,,5.0,,
41.36735000000229,,6.0,,
41.37750000000229,,7.0,,
41.387650000002296,,8.0,,
41.3978000000023,,9.0,,
41.40000000000032,,,0.0,0.0
41.4079500000023,,10.0,,
41.41330000000329,,10.0,,
41.41330000000329,,9.0,,
41.41640000000329,,9.0,,
41.41640000000329,,8.0,,
41.418100000002305,,9.0,,
41.419500000003296,,9.0,,
41.419500000003296,,8.0,,
41.4226000000033,,8.0,,
41.4226000000033,,7.0,,
41.4257000000033,,7.0,,
41.4257000000033,,6.0,,
41.42825000000231,,7.0,,
41.42880000000331,,7.0,,
41.42880000000331,,6.0,,
41.43190000000331,,6.0,,
41.43190000000331,,5.0,,
41.43280500000083,0.0,,,
41.43500000000331,,5.0,,
41.43500000000331,,4.0,,
41.43810000000332,,4.0,,
41.43810000000332,,3.0,,
41.43840000000231,,4.0,,
41.44120000000332,,4.0,,
41.44120000000332,,3.0,,
41.444300000003324,,3.0,,
41.444300000003324,,2.0,,
41.44740000000333,,2.0,,
41.44740000000333,,1.0,,
41.448550000002314,,2.0,,
41.45050000000333,,2.0,,
41.45050000000333,,1.0,,
41.453600000003334,,1.0,,
41.453600000003334,,0.0,,
41.45670000000334,,0.0,,
41.45870000000232,,1.0,,
41.46885000000232,,2.0,,
41.47900000000232,,3.0,,
41.489150000002326,,4.0,,
41.49930000000233,,5.0,,
41.50000000000032,,,0.0,0.0
41.50945000000233,,6.0,,
41.519600000002335,,7.0,,
41.52975000000234,,8.0,,
41.532805000000835,0.0,,,
41.53990000000234,,9.0,,
41.550050000002344,,10.0,,
41.55670000000334,,10.0,,
41.55670000000334,,9.0,,
41.55980000000334,,9.0,,
41.55980000000334,,8.0,,
41.56020000000235,,9.0,,
41.562900000003346,,9.0,,
41.562900000003346,,8.0,,
41.56600000000335,,8.0,,
41.56600000000335,,7.0,,
41.56910000000335,,7.0,,
41.56910000000335,,6.0,,
41.57035000000235,,7.0,,
41.572200000003356,,7.0,,
41.572200000003356,,6.0,,
41.57530000000336,,6.0,,
41.57530000000336,,5.0,,
41.57840000000336,,5.0,,
41.57840000000336,,4.0,,
41.58050000000235,,5.0,,
41.581500000003366,,5.0,,
41.581500000003366,,4.0,,
41.58460000000337,,4.0,,
41.58460000000337,,3.0,,
41.58770000000337,,3.0,,
41.58770000000337,,2.0,,
41.590650000002356,,3.0,,
41.59080000000338,,3.0,,
41.59080000000338,,2.0,,
41.59390000000338,,2.0,,
41.59390000000338,,1.0,,
41.59700000000338,,1.0,,
41.59700000000338,,0.0,,
41.60000000000032,,,0.0,0.0
41.60010000000339,,0.0,,
41.60080000000236,,1.0,,
41.61095000000236,,2.0,,
41.621100000002365,,3.0,,
41.63125000000237,,4.0,,
41.632805000000836,0.0,,,
41.64140000000237,,5.0,,
41.65155000000237,,6.0,,
41.66170000000238,,7.0,,
41.67185000000238,,8.0,,
41.68200000000238,,9.0,,
41.692150000002385,,10.0,,
41.70000000000032,,,0.0,0.0
41.70010000000339,,10.0,,
41.70010000000339,,9.0,,
41.70230000000239,,10.0,,
41.70320000000339,,10.0,,
41.70320000000339,,9.0,,
41.706300000003395,,9.0,,
41.706300000003395,,8.0,,
41.7094000000034,,8.0,,
41.7094000000034,,7.0,,
41.71245000000239,,8.0,,
41.7125000000034,,8.0,,
41.7125000000034,,7.0,,
41.715600000003406,,7.0,,
41.715600000003406,,6.0,,
41.71870000000341,,6.0,,
41.71870000000341,,5.0,,
41.72180000000341,,5.0,,
41.72180000000341,,4.0,,
41.722600000002394,,5.0,,
41.724900000003416,,5.0,,
41.724900000003416,,4.0,,
41.72800000000342,,4.0,,
41.72800000000342,,3.0,,
41.73110000000342,,3.0,,
41.73110000000342,,2.0,,
41.7327500000024,,3.0,,
41.73280500000084,0.0,,,
41.734200000003426,,3.0,,
41.734200000003426,,2.0,,
41.73730000000343,,2.0,,
41.73730000000343,,1.0,,
41.74040000000343,,1.0,,
41.74040000000343,,0.0,,
41.7429000000024,,1.0,,
41.743500000003436,,1.0,,
41.743500000003436,,0.0,,
41.74660000000344,,0.0,,
41.7530500000024,,1.0,,
41.763200000002406,,2.0,,
41.77335000000241,,3.0,,
41.78350000000241,,4.0,,
41.793650000002415,,5.0,,
41.800000000000324,,,0.0,0.0
41.80380000000242,,6.0,,
41.81395000000242,,7.0,,
41.824100000002424,,8.0,,
41.83280500000084,0.0,,,
41.83425000000243,,9.0,,
41.84440000000243,,10.0,,
41.84660000000344,,10.0,,
41.84660000000344,,9.0,,
41.849700000003445,,9.0,,
41.849700000003445,,8.0,,
41.85280000000345,,8.0,,
41.85280000000345,,7.0,,
41.85455000000243,,8.0,,
41.85590000000345,,8.0,,
41.85590000000345,,7.0,,
41.859000000003455,,7.0,,
41.859000000003455,,6.0,,
41.86210000000346,,6.0,,
41.86210000000346,,5.0,,
41.864700000002436,,6.0,,
41.86520000000346,,6.0,,
41.86520000000346,,5.0,,
41.868300000003465,,5.0,,
41.868300000003465,,4.0,,
41.87140000000347,,4.0,,
41.87140000000347,,3.0,,
41.87450000000347,,3.0,,
41.87450000000347,,2.0,,
41.87485000000244,,3.0,,
41.877600000003476,,3.0,,
41.877600000003476,,2.0,,
41.88070000000348,,2.0,,
41.88070000000348,,1.0,,
41.88380000000348,,1.0,,
41.88380000000348,,0.0,,
41.88500000000244,,1.0,,
41.886900000003486,,1.0,,
41.886900000003486,,0.0,,
41.89000000000349,,0.0,,
41.895150000002445,,1.0,,
41.900000000000325,,,0.0,0.0
41.90530000000245,,2.0,,
41.91545000000245,,3.0,,
41.925600000002454,,4.0,,
41.93280500000084,0.0,,,
41.93575000000246,,5.0,,
41.94590000000246,,6.0,,
41.95605000000246,,7.0,,
41.966200000002466,,8.0,,
41.97635000000247,,9.0,,
41.98650000000247,,10.0,,
41.99000000000349,,10.0,,
41.99000000000349,,9.0,,
41.993100000003494,,9.0,,
41.993100000003494,,8.0,,
41.9962000000035,,8.0,,
41.9962000000035,,7.0,,
41.996650000002475,,8.0,,
41.9993000000035,,8.0,,
41.9993000000035,,7.0,,
42.00000000000033,,,0.0,0.0
42.002400000003504,,7.0,,
42.002400000003504,,6.0,,
42.00550000000351,,6.0,,
42.00550000000351,,5.0,,
42.00680000000248,,6.0,,
42.00860000000351,,6.0,,
42.00860000000351,,5.0,,
42.011700000003515,,5.0,,
42.011700000003515,,4.0,,
42.01480000000352,,4.0,,
42.01480000000352,,3.0,,
42.01695000000248,,4.0,,
42.01790000000352,,4.0,,
42.01790000000352,,3.0,,
42.021000000003525,,3.0,,
42.021000000003525,,2.0,,
42.02410000000353,,2.0,,
42.02410000000353,,1.0,,
42.027100000002484,,2.0,,
42.02720000000353,,2.0,,
42.02720000000353,,1.0,,
42.030300000003535,,1.0,,
42.030300000003535,,0.0,,
42.03280500000084,0.0,,,
42.03340000000354,,0.0,,
42.03725000000249,,1.0,,
42.04740000000249,,2.0,,
42.05755000000249,,3.0,,
42.067700000002496,,4.0,,
42.0778500000025,,5.0,,
42.0880000000025,,6.0,,
42.098150000002505,,7.0,,
42.10000000000033,,,0.0,0.0
42.10830000000251,,8.0,,
42.11845000000251,,9.0,,
42.128600000002514,,10.0,,
42.13280500000084,0.0,,,
42.13340000000354,,10.0,,
42.13340000000354,,9.0,,
42.136500000003544,,9.0,,
42.136500000003544,,8.0,,
42.13875000000252,,9.0,,
42.13960000000355,,9.0,,
42.13960000000355,,8.0,,
42.14270000000355,,8.0,,
42.14270000000355,,7.0,,
42.145800000003554,,7.0,,
42.145800000003554,,6.0,,
42.14890000000252,,7.0,,
42.14890000000356,,7.0,,
42.14890000000356,,6.0,,
42.15200000000356,,6.0,,
42.15200000000356,,5.0,,
42.155100000003564,,5.0,,
42.155100000003564,,4.0,,
42.15820000000357,,4.0,,
42.15820000000357,,3.0,,
42.15905000000252,,4.0,,
42.16130000000357,,4.0,,
42.16130000000357,,3.0,,
42.164400000003575,,3.0,,
42.164400000003575,,2.0,,
42.16750000000358,,2.0,,
42.16750000000358,,1.0,,
42.169200000002526,,2.0,,
42.17060000000358,,2.0,,
42.17060000000358,,1.0,,
42.173700000003585,,1.0,,
42.173700000003585,,0.0,,
42.17680000000359,,0.0,,
42.17935000000253,,1.0,,
42.18950000000253,,2.0,,
42.199650000002535,,3.0,,
42.20000000000033,,,0.0,0.0
42.20980000000254,,4.0,,
42.21995000000254,,5.0,,
42.230100000002544,,6.0,,
42.232805000000845,0.0,,,
42.24025000000255,,7.0,,
42.25040000000255,,8.0,,
42.26055000000255,,9.0,,
42.270700000002556,,10.0,,
42.27680000000359,,10.0,,
42.27680000000359,,9.0,,
42.27990000000359,,9.0,,
42.27990000000359,,8.0,,
42.28085000000256,,9.0,,
42.2830000000036,,9.0,,
42.2830000000036,,8.0,,
42.2861000000036,,8.0,,
42.2861000000036,,7.0,,
42.2892000000036,,7.0,,
42.2892000000036,,6.0,,
42.29100000000256,,7.0,,
42.29230000000361,,7.0,,
42.29230000000361,,6.0,,
42.29540000000361,,6.0,,
42.29540000000361,,5.0,,
42.298500000003614,,5.0,,
42.298500000003614,,4.0,,
42.30000000000033,,,0.0,0.0
42.301150000002565,,5.0,,
42.30160000000362,,5.0,,
42.30160000000362,,4.0,,
42.30470000000362,,4.0,,
42.30470000000362,,3.0,,
42.307800000003624,,3.0,,
42.307800000003624,,2.0,,
42.31090000000363,,2.0,,
42.31090000000363,,1.0,,
42.31130000000257,,2.0,,
42.31400000000363,,2.0,,
42.31400000000363,,1.0,,
42.317100000003634,,1.0,,
42.317100000003634,,0.0,,
42.32020000000364,,0.0,,
42.32145000000257,,1.0,,
42.331600000002574,,2.0,,
42.332805000000846,0.0,,,
42.34175000000258,,3.0,,
42.35190000000258,,4.0,,
42.36205000000258,,5.0,,
42.372200000002586,,6.0,,
42.38235000000259,,7.0,,
42.39250000000259,,8.0,,
42.40000000000033,,,0.0,0.0
42.402650000002595,,9.0,,
42.4128000000026,,10.0,,
42.42020000000364,,10.0,,
42.42020000000364,,9.0,,
42.4229500000026,,10.0,,
42.42330000000364,,10.0,,
42.42330000000364,,9.0,,
42.426400000003646,,9.0,,
42.426400000003646,,8.0,,
42.42950000000365,,8.0,,
42.42950000000365,,7.0,,
42.43260000000365,,7.0,,
42.43260000000365,,6.0,,
42.43280500000085,0.0,,,
42.433100000002604,,7.0,,
42.435700000003656,,7.0,,
42.435700000003656,,6.0,,
42.43880000000366,,6.0,,
42.43880000000366,,5.0,,
42.44190000000366,,5.0,,
42.44190000000366,,4.0,,
42.44325000000261,,5.0,,
42.44500000000367,,5.0,,
42.44500000000367,,4.0,,
42.44810000000367,,4.0,,
42.44810000000367,,3.0,,
42.45120000000367,,3.0,,
42.45120000000367,,2.0,,
42.45340000000261,,3.0,,
42.45430000000368,,3.0,,
42.45430000000368,,2.0,,
42.45740000000368,,2.0,,
42.45740000000368,,1.0,,
42.460500000003684,,1.0,,
42.460500000003684,,0.0,,
42.46355000000261,,1.0,,
42.46360000000369,,1.0,,
42.46360000000369,,0.0,,
42.46670000000369,,0.0,,
42.473700000002616,,1.0,,
42.48385000000262,,2.0,,
42.49400000000262,,3.0,,
42.500000000000334,,,0.0,0.0
42.504150000002625,,4.0,,
42.51430000000263,,5.0,,
42.52445000000263,,6.0,,
42.53280500000085,0.0,,,
42.534600000002634,,7.0,,
42.54475000000264,,8.0,,
42.55490000000264,,9.0,,
42.56505000000264,,10.0,,
42.56670000000369,,10.0,,
42.56670000000369,,9.0,,
42.569800000003696,,9.0,,
42.569800000003696,,8.0,,
42.5729000000037,,8.0,,
42.5729000000037,,7.0,,
42.575200000002646,,8.0,,
42.5760000000037,,8.0,,
42.5760000000037,,7.0,,
42.579100000003706,,7.0,,
42.579100000003706,,6.0,,
42.58220000000371,,6.0,,
42.58220000000371,,5.0,,
42.58530000000371,,5.0,,
42.58530000000371,,4.0,,
42.58535000000265,,5.0,,
42.588400000003716,,5.0,,
42.588400000003716,,4.0,,
42.59150000000372,,4.0,,
42.59150000000372,,3.0,,
42.59460000000372,,3.0,,
42.59460000000372,,2.0,,
42.59550000000265,,3.0,,
42.59770000000373,,3.0,,
42.59770000000373,,2.0,,
42.600000000000335,,,0.0,0.0
42.60080000000373,,2.0,,
42.60080000000373,,1.0,,
42.60390000000373,,1.0,,
42.60390000000373,,0.0,,
42.605650000002655,,1.0,,
42.60700000000374,,1.0,,
42.60700000000374,,0.0,,
42.61010000000374,,0.0,,
42.61580000000266,,1.0,,
42.62595000000266,,2.0,,
42.63280500000085,0.0,,,
42.63610000000266,,3.0,,
42.64625000000267,,4.0,,
42.65640000000267,,5.0,,
42.66655000000267,,6.0,,
42.676700000002675,,7.0,,
42.68685000000268,,8.0,,
42.69700000000268,,9.0,,
42.70000000000034,,,0.0,0.0
42.707150000002684,,10.0,,
42.71010000000374,,10.0,,
42.71010000000374,,9.0,,
42.713200000003745,,9.0,,
42.713200000003745,,8.0,,
42.71630000000375,,8.0,,
42.71630000000375,,7.0,,
42.71730000000269,,8.0,,
42.71940000000375,,8.0,,
42.71940000000375,,7.0,,
42.722500000003755,,7.0,,
42.722500000003755,,6.0,,
42.72560000000376,,6.0,,
42.72560000000376,,5.0,,
42.72745000000269,,6.0,,
42.72870000000376,,6.0,,
42.72870000000376,,5.0,,
42.731800000003766,,5.0,,
42.731800000003766,,4.0,,
42.73280500000085,0.0,,,
42.73490000000377,,4.0,,
42.73490000000377,,3.0,,
42.73760000000269,,4.0,,
42.73800000000377,,4.0,,
42.73800000000377,,3.0,,
42.741100000003776,,3.0,,
42.741100000003776,,2.0,,
42.74420000000378,,2.0,,
42.74420000000378,,1.0,,
42.74730000000378,,1.0,,
42.74730000000378,,0.0,,
42.747750000002696,,1.0,,
42.750400000003786,,1.0,,
42.750400000003786,,0.0,,
42.75350000000379,,0.0,,
42.7579000000027,,1.0,,
42.7680500000027,,2.0,,
42.778200000002705,,3.0,,
42.78835000000271,,4.0,,
42.79850000000271,,5.0,,
42.80000000000034,,,0.0,0.0
42.808650000002714,,6.0,,
42.81880000000272,,7.0,,
42.82895000000272,,8.0,,
42.83280500000085,0.0,,,
42.83910000000272,,9.0,,
42.849250000002726,,10.0,,
42.85350000000379,,10.0,,
42.85350000000379,,9.0,,
42.856600000003795,,9.0,,
42.856600000003795,,8.0,,
42.85940000000273,,9.0,,
42.8597000000038,,9.0,,
42.8597000000038,,8.0,,
42.8628000000038,,8.0,,
42.8628000000038,,7.0,,
42.865900000003805,,7.0,,
42.865900000003805,,6.0,,
42.86900000000381,,6.0,,
42.86900000000381,,5.0,,
42.86955000000273,,6.0,,
42.87210000000381,,6.0,,
42.87210000000381,,5.0,,
42.875200000003815,,5.0,,
42.875200000003815,,4.0,,
42.87830000000382,,4.0,,
42.87830000000382,,3.0,,
42.879700000002735,,4.0,,
42.88140000000382,,4.0,,
42.88140000000382,,3.0,,
42.884500000003825,,3.0,,
42.884500000003825,,2.0,,
42.88760000000383,,2.0,,
42.88760000000383,,1.0,,
42.88985000000274,,2.0,,
42.89070000000383,,2.0,,
42.89070000000383,,1.0,,
42.893800000003836,,1.0,,
42.893800000003836,,0.0,,
42.89690000000384,,0.0,,
42.90000000000034,,,0.0,0.0
42.90000000000274,,1.0,,
42.910150000002744,,2.0,,
42.92030000000275,,3.0,,
42.93045000000275,,4.0,,
42.932805000000855,0.0,,,
42.94060000000275,,5.0,,
42.950750000002756,,6.0,,
42.96090000000276,,7.0,,
42.97105000000276,,8.0,,
42.981200000002765,,9.0,,
42.99135000000277,,10.0,,
42.99690000000384,,10.0,,
42.99690000000384,,9.0,,
43.00000000000034,,,0.0,0.0
43.000000000003844,,9.0,,
43.000000000003844,,8.0,,
43.00150000000277,,9.0,,
43.00310000000385,,9.0,,
43.00310000000385,,8.0,,
43.00620000000385,,8.0,,
43.00620000000385,,7.0,,
43.009300000003854,,7.0,,
43.009300000003854,,6.0,,
43.011650000002774,,7.0,,
43.01240000000386,,7.0,,
43.01240000000386,,6.0,,
43.01550000000386,,6.0,,
43.01550000000386,,5.0,,
43.018600000003865,,5.0,,
43.018600000003865,,4.0,,
43.02170000000387,,4.0,,
43.02170000000387,,3.0,,
43.02180000000278,,4.0,,
43.02480000000387,,4.0,,
43.02480000000387,,3.0,,
43.027900000003875,,3.0,,
43.027900000003875,,2.0,,
43.03100000000388,,2.0,,
43.03100000000388,,1.0,,
43.03195000000278,,2.0,,
43.032805000000856,0.0,,,
43.03410000000388,,2.0,,
43.03410000000388,,1.0,,
43.037200000003885,,1.0,,
43.037200000003885,,0.0,,
43.04030000000389,,0.0,,
43.04210000000278,,1.0,,
43.052250000002786,,2.0,,
43.06240000000279,,3.0,,
43.07255000000279,,4.0,,
43.082700000002795,,5.0,,
43.0928500000028,,6.0,,
43.10000000000034,,,0.0,0.0
43.1030000000028,,7.0,,
43.113150000002804,,8.0,,
43.12330000000281,,9.0,,
43.13280500000086,0.0,,,
43.13345000000281,,10.0,,
43.14030000000389,,10.0,,
43.14030000000389,,9.0,,
43.14340000000389,,9.0,,
43.14340000000389,,8.0,,
43.14360000000281,,9.0,,
43.1465000000039,,9.0,,
43.1465000000039,,8.0,,
43.1496000000039,,8.0,,
43.1496000000039,,7.0,,
43.152700000003904,,7.0,,
43.152700000003904,,6.0,,
43.153750000002816,,7.0,,
43.15580000000391,,7.0,,
43.15580000000391,,6.0,,
43.15890000000391,,6.0,,
43.15890000000391,,5.0,,
43.162000000003914,,5.0,,
43.162000000003914,,4.0,,
43.16390000000282,,5.0,,
43.16510000000392,,5.0,,
43.16510000000392,,4.0,,
43.16820000000392,,4.0,,
43.16820000000392,,3.0,,
43.171300000003924,,3.0,,
43.171300000003924,,2.0,,
43.17405000000282,,3.0,,
43.17440000000393,,3.0,,
43.17440000000393,,2.0,,
43.17750000000393,,2.0,,
43.17750000000393,,1.0,,
43.180600000003935,,1.0,,
43.180600000003935,,0.0,,
43.18370000000394,,0.0,,
43.184200000002825,,1.0,,
43.19435000000283,,2.0,,
43.200000000000344,,,0.0,0.0
43.20450000000283,,3.0,,
43.214650000002834,,4.0,,
43.22480000000284,,5.0,,
43.23280500000086,0.0,,,
43.23495000000284,,6.0,,
43.24510000000284,,7.0,,
43.255250000002846,,8.0,,
43.26540000000285,,9.0,,
43.27555000000285,,10.0,,
43.28370000000394,,10.0,,
43.28370000000394,,9.0,,
43.285700000002855,,10.0,,
43.28680000000394,,10.0,,
43.28680000000394,,9.0,,
43.289900000003946,,9.0,,
43.289900000003946,,8.0,,
43.29300000000395,,8.0,,
43.29300000000395,,7.0,,
43.29585000000286,,8.0,,
43.29610000000395,,8.0,,
43.29610000000395,,7.0,,
43.29920000000396,,7.0,,
43.29920000000396,,6.0,,
43.300000000000345,,,0.0,0.0
43.30230000000396,,6.0,,
43.30230000000396,,5.0,,
43.305400000003964,,5.0,,
43.305400000003964,,4.0,,
43.30600000000286,,5.0,,
43.30850000000397,,5.0,,
43.30850000000397,,4.0,,
43.31160000000397,,4.0,,
43.31160000000397,,3.0,,
43.314700000003974,,3.0,,
43.314700000003974,,2.0,,
43.316150000002864,,3.0,,
43.31780000000398,,3.0,,
43.31780000000398,,2.0,,
43.32090000000398,,2.0,,
43.32090000000398,,1.0,,
43.324000000003984,,1.0,,
43.324000000003984,,0.0,,
43.32630000000287,,1.0,,
43.32710000000399,,1.0,,
43.32710000000399,,0.0,,
43.33020000000399,,0.0,,
43.33280500000086,0.0,,,
43.33645000000287,,1.0,,
43.34660000000287,,2.0,,
43.356750000002876,,3.0,,
43.36690000000288,,4.0,,
43.37705000000288,,5.0,,
43.387200000002885,,6.0,,
43.39735000000289,,7.0,,
43.40000000000035,,,0.0,0.0
43.40750000000289,,8.0,,
43.417650000002894,,9.0,,
43.4278000000029,,10.0,,
43.43020000000399,,10.0,,
43.43020000000399,,9.0,,
43.43280500000086,0.0,,,
43.433300000003996,,9.0,,
43.433300000003996,,8.0,,
43.436400000004,,8.0,,
43.436400000004,,7.0,,
43.4379500000029,,8.0,,
43.439500000004,,8.0,,
43.439500000004,,7.0,,
43.442600000004006,,7.0,,
43.442600000004006,,6.0,,
43.44570000000401,,6.0,,
43.44570000000401,,5.0,,
43.4481000000029,,6.0,,
43.44880000000401,,6.0,,
43.44880000000401,,5.0,,
43.45190000000402,,5.0,,
43.45190000000402,,4.0,,
43.45500000000402,,4.0,,
43.45500000000402,,3.0,,
43.45810000000402,,3.0,,
43.45810000000402,,2.0,,
43.458250000002906,,3.0,,
43.46120000000403,,3.0,,
43.46120000000403,,2.0,,
43.46430000000403,,2.0,,
43.46430000000403,,1.0,,
43.467400000004034,,1.0,,
43.467400000004034,,0.0,,
43.46840000000291,,1.0,,
43.47050000000404,,1.0,,
43.47050000000404,,0.0,,
43.47360000000404,,0.0,,
43.47855000000291,,1.0,,
43.488700000002915,,2.0,,
43.49885000000292,,3.0,,
43.50000000000035,,,0.0,0.0
43.50900000000292,,4.0,,
43.519150000002924,,5.0,,
43.52930000000293,,6.0,,
43.53280500000086,0.0,,,
43.53945000000293,,7.0,,
43.54960000000293,,8.0,,
43.559750000002936,,9.0,,
43.56990000000294,,10.0,,
43.57360000000404,,10.0,,
43.57360000000404,,9.0,,
43.576700000004045,,9.0,,
43.576700000004045,,8.0,,
43.57980000000405,,8.0,,
43.57980000000405,,7.0,,
43.58005000000294,,8.0,,
43.58290000000405,,8.0,,
43.58290000000405,,7.0,,
43.586000000004056,,7.0,,
43.586000000004056,,6.0,,
43.58910000000406,,6.0,,
43.58910000000406,,5.0,,
43.590200000002945,,6.0,,
43.59220000000406,,6.0,,
43.59220000000406,,5.0,,
43.595300000004066,,5.0,,
43.595300000004066,,4.0,,
43.59840000000407,,4.0,,
43.59840000000407,,3.0,,
43.60000000000035,,,0.0,0.0
43.60035000000295,,4.0,,
43.60150000000407,,4.0,,
43.60150000000407,,3.0,,
43.604600000004076,,3.0,,
43.604600000004076,,2.0,,
43.60770000000408,,2.0,,
43.60770000000408,,1.0,,
43.61050000000295,,2.0,,
43.61080000000408,,2.0,,
43.61080000000408,,1.0,,
43.61390000000409,,1.0,,
43.61390000000409,,0.0,,
43.61700000000409,,0.0,,
43.620650000002954,,1.0,,
43.63080000000296,,2.0,,
43.632805000000864,0.0,,,
43.64095000000296,,3.0,,
43.65110000000296,,4.0,,
43.661250000002966,,5.0,,
43.67140000000297,,6.0,,
43.68155000000297,,7.0,,
43.691700000002974,,8.0,,
43.70000000000035,,,0.0,0.0
43.70185000000298,,9.0,,
43.71200000000298,,10.0,,
43.71700000000409,,10.0,,
43.71700000000409,,9.0,,
43.720100000004095,,9.0,,
43.720100000004095,,8.0,,
43.72215000000298,,9.0,,
43.7232000000041,,9.0,,
43.7232000000041,,8.0,,
43.7263000000041,,8.0,,
43.7263000000041,,7.0,,
43.729400000004105,,7.0,,
43.729400000004105,,6.0,,
43.73230000000299,,7.0,,
43.73250000000411,,7.0,,
43.73250000000411,,6.0,,
43.732805000000866,0.0,,,
43.73560000000411,,6.0,,
43.73560000000411,,5.0,,
43.738700000004116,,5.0,,
43.738700000004116,,4.0,,
43.74180000000412,,4.0,,
43.74180000000412,,3.0,,
43.74245000000299,,4.0,,
43.74490000000412,,4.0,,
43.74490000000412,,3.0,,
43.748000000004126,,3.0,,
43.748000000004126,,2.0,,
43.75110000000413,,2.0,,
43.75110000000413,,1.0,,
43.75260000000299,,2.0,,
43.75420000000413,,2.0,,
43.75420000000413,,1.0,,
43.757300000004136,,1.0,,
43.757300000004136,,0.0,,
43.76040000000414,,0.0,,
43.762750000002995,,1.0,,
43.772900000003,,2.0,,
43.783050000003,,3.0,,
43.793200000003004,,4.0,,
43.80000000000035,,,0.0,0.0
43.80335000000301,,5.0,,
43.81350000000301,,6.0,,
43.82365000000301,,7.0,,
43.83280500000087,0.0,,,
43.833800000003016,,8.0,,
43.84395000000302,,9.0,,
43.85410000000302,,10.0,,
43.86040000000414,,10.0,,
43.86040000000414,,9.0,,
43.863500000004144,,9.0,,
43.863500000004144,,8.0,,
43.864250000003025,,9.0,,
43.86660000000415,,9.0,,
43.86660000000415,,8.0,,
43.86970000000415,,8.0,,
43.86970000000415,,7.0,,
43.872800000004155,,7.0,,
43.872800000004155,,6.0,,
43.87440000000303,,7.0,,
43.87590000000416,,7.0,,
43.87590000000416,,6.0,,
43.87900000000416,,6.0,,
43.87900000000416,,5.0,,
43.882100000004165,,5.0,,
43.882100000004165,,4.0,,
43.88455000000303,,5.0,,
43.88520000000417,,5.0,,
43.88520000000417,,4.0,,
43.88830000000417,,4.0,,
43.88830000000417,,3.0,,
43.891400000004175,,3.0,,
43.891400000004175,,2.0,,
43.89450000000418,,2.0,,
43.89450000000418,,1.0,,
43.894700000003034,,2.0,,
43.89760000000418,,2.0,,
43.89760000000418,,1.0,,
43.900000000000354,,,0.0,0.0
43.900700000004186,,1.0,,
43.900700000004186,,0.0,,
43.90380000000419,,0.0,,
43.90485000000304,,1.0,,
43.91500000000304,,2.0,,
43.92515000000304,,3.0,,
43.93280500000087,0.0,,,
43.935300000003046,,4.0,,
43.94545000000305,,5.0,,
43.95560000000305,,6.0,,
43.965750000003055,,7.0,,
43.97590000000306,,8.0,,
43.98605000000306,,9.0,,
43.996200000003064,,10.0,,
44.000000000000355,,,0.0,0.0
44.00380000000419,,10.0,,
44.00380000000419,,9.0,,
44.00635000000307,,10.0,,
44.006900000004194,,10.0,,
44.006900000004194,,9.0,,
44.0100000000042,,9.0,,
44.0100000000042,,8.0,,
44.0131000000042,,8.0,,
44.0131000000042,,7.0,,
44.016200000004204,,7.0,,
44.016200000004204,,6.0,,
44.01650000000307,,7.0,,
44.01930000000421,,7.0,,
44.01930000000421,,6.0,,
44.02240000000421,,6.0,,
44.02240000000421,,5.0,,
44.025500000004214,,5.0,,
44.025500000004214,,4.0,,
44.02665000000307,,5.0,,
44.02860000000422,,5.0,,
44.02860000000422,,4.0,,
44.03170000000422,,4.0,,
44.03170000000422,,3.0,,
44.03280500000087,0.0,,,
44.034800000004225,,3.0,,
44.034800000004225,,2.0,,
44.036800000003076,,3.0,,
44.03790000000423,,3.0,,
44.03790000000423,,2.0,,
44.04100000000423,,2.0,,
44.04100000000423,,1.0,,
44.044100000004235,,1.0,,
44.044100000004235,,0.0,,
44.04695000000308,,1.0,,
44.04720000000424,,1.0,,
44.04720000000424,,0.0,,
44.05030000000424,,0.0,,
44.05710000000308,,1.0,,
44.067250000003085,,2.0,,
44.07740000000309,,3.0,,
44.08755000000309,,4.0,,
44.097700000003094,,5.0,,
44.10000000000036,,,0.0,0.0
44.1078500000031,,6.0,,
44.1180000000031,,7.0,,
44.1281500000031,,8.0,,
44.13280500000087,0.0,,,
44.138300000003106,,9.0,,
44.14845000000311,,10.0,,
44.15030000000424,,10.0,,
44.15030000000424,,9.0,,
44.15340000000425,,9.0,,
44.15340000000425,,8.0,,
44.15650000000425,,8.0,,
44.15650000000425,,7.0,,
44.15860000000311,,8.0,,
44.159600000004254,,8.0,,
44.159600000004254,,7.0,,
44.16270000000426,,7.0,,
44.16270000000426,,6.0,,
44.16580000000426,,6.0,,
44.16580000000426,,5.0,,
44.168750000003115,,6.0,,
44.168900000004264,,6.0,,
44.168900000004264,,5.0,,
44.17200000000427,,5.0,,
44.17200000000427,,4.0,,
44.17510000000427,,4.0,,
44.17510000000427,,3.0,,
44.178200000004274,,3.0,,
44.178200000004274,,2.0,,
44.17890000000312,,3.0,,
44.18130000000428,,3.0,,
44.18130000000428,,2.0,,
44.18440000000428,,2.0,,
44.18440000000428,,1.0,,
44.187500000004285,,1.0,,
44.187500000004285,,0.0,,
44.18905000000312,,1.0,,
44.19060000000429,,1.0,,
44.19060000000429,,0.0,,
44.19370000000429,,0.0,,
44.199200000003124,,1.0,,
44.20000000000036,,,0.0,0.0
44.20935000000313,,2.0,,
44.21950000000313,,3.0,,
44.22965000000313,,4.0,,
44.23280500000087,0.0,,,
44.239800000003136,,5.0,,
44.24995000000314,,6.0,,
44.26010000000314,,7.0,,
44.270250000003145,,8.0,,
44.28040000000315,,9.0,,
44.29055000000315,,10.0,,
44.29370000000429,,10.0,,
44.29370000000429,,9.0,,
44.296800000004296,,9.0,,
44.296800000004296,,8.0,,
44.2999000000043,,8.0,,
44.2999000000043,,7.0,,
44.30000000000036,,,0.0,0.0
44.300700000003154,,8.0,,
44.3030000000043,,8.0,,
44.3030000000043,,7.0,,
44.30610000000431,,7.0,,
44.30610000000431,,6.0,,
44.30920000000431,,6.0,,
44.30920000000431,,5.0,,
44.31085000000316,,6.0,,
44.31230000000431,,6.0,,
44.31230000000431,,5.0,,
44.31540000000432,,5.0,,
44.31540000000432,,4.0,,
44.31850000000432,,4.0,,
44.31850000000432,,3.0,,
44.32100000000316,,4.0,,
44.321600000004324,,4.0,,
44.321600000004324,,3.0,,
44.32470000000433,,3.0,,
44.32470000000433,,2.0,,
44.32780000000433,,2.0,,
44.32780000000433,,1.0,,
44.330900000004334,,1.0,,
44.330900000004334,,0.0,,
44.33115000000316,,1.0,,
44.332805000000874,0.0,,,
44.33400000000434,,1.0,,
44.33400000000434,,0.0,,
44.33710000000434,,0.0,,
44.341300000003166,,1.0,,
44.35145000000317,,2.0,,
44.36160000000317,,3.0,,
44.371750000003175,,4.0,,
44.38190000000318,,5.0,,
44.39205000000318,,6.0,,
44.40000000000036,,,0.0,0.0
44.402200000003184,,7.0,,
44.41235000000319,,8.0,,
44.42250000000319,,9.0,,
44.43265000000319,,10.0,,
44.432805000000876,0.0,,,
44.43710000000434,,10.0,,
44.43710000000434,,9.0,,
44.440200000004346,,9.0,,
44.440200000004346,,8.0,,
44.442800000003196,,9.0,,
44.44330000000435,,9.0,,
44.44330000000435,,8.0,,
44.44640000000435,,8.0,,
44.44640000000435,,7.0,,
44.449500000004356,,7.0,,
44.449500000004356,,6.0,,
44.45260000000436,,6.0,,
44.45260000000436,,5.0,,
44.4529500000032,,6.0,,
44.45570000000436,,6.0,,
44.45570000000436,,5.0,,
44.458800000004366,,5.0,,
44.458800000004366,,4.0,,
44.46190000000437,,4.0,,
44.46190000000437,,3.0,,
44.4631000000032,,4.0,,
44.46500000000437,,4.0,,
44.46500000000437,,3.0,,
44.46810000000438,,3.0,,
44.46810000000438,,2.0,,
44.47120000000438,,2.0,,
44.47120000000438,,1.0,,
44.473250000003205,,2.0,,
44.47430000000438,,2.0,,
44.47430000000438,,1.0,,
44.47740000000439,,1.0,,
44.47740000000439,,0.0,,
44.48050000000439,,0.0,,
44.48340000000321,,1.0,,
44.49355000000321,,2.0,,
44.50000000000036,,,0.0,0.0
44.503700000003214,,3.0,,
44.51385000000322,,4.0,,
44.52400000000322,,5.0,,
44.53280500000088,0.0,,,
44.53415000000322,,6.0,,
44.544300000003226,,7.0,,
44.55445000000323,,8.0,,
44.56460000000323,,9.0,,
44.574750000003235,,10.0,,
44.58050000000439,,10.0,,
44.58050000000439,,9.0,,
44.583600000004395,,9.0,,
44.583600000004395,,8.0,,
44.58490000000324,,9.0,,
44.5867000000044,,9.0,,
44.5867000000044,,8.0,,
44.5898000000044,,8.0,,
44.5898000000044,,7.0,,
44.592900000004406,,7.0,,
44.592900000004406,,6.0,,
44.59505000000324,,7.0,,
44.59600000000441,,7.0,,
44.59600000000441,,6.0,,
44.59910000000441,,6.0,,
44.59910000000441,,5.0,,
44.600000000000364,,,0.0,0.0
44.602200000004416,,5.0,,
44.602200000004416,,4.0,,
44.605200000003244,,5.0,,
44.60530000000442,,5.0,,
44.60530000000442,,4.0,,
44.60840000000442,,4.0,,
44.60840000000442,,3.0,,
44.611500000004426,,3.0,,
44.611500000004426,,2.0,,
44.61460000000443,,2.0,,
44.61460000000443,,1.0,,
44.61535000000325,,2.0,,
44.61770000000443,,2.0,,
44.61770000000443,,1.0,,
44.62080000000444,,1.0,,
44.62080000000444,,0.0,,
44.62390000000444,,0.0,,
44.62550000000325,,1.0,,
44.63280500000088,0.0,,,
44.63565000000325,,2.0,,
44.645800000003256,,3.0,,
44.65595000000326,,4.0,,
44.66610000000326,,5.0,,
44.676250000003265,,6.0,,
44.68640000000327,,7.0,,
44.69655000000327,,8.0,,
44.700000000000365,,,0.0,0.0
44.70670000000327,,9.0,,
44.71685000000328,,10.0,,
44.72390000000444,,10.0,,
44.72390000000444,,9.0,,
44.72700000000328,,10.0,,
44.727000000004445,,10.0,,
44.727000000004445,,9.0,,
44.73010000000445,,9.0,,
44.73010000000445,,8.0,,
44.73280500000088,0.0,,,
44.73320000000445,,8.0,,
44.73320000000445,,7.0,,
44.736300000004455,,7.0,,
44.736300000004455,,6.0,,
44.73715000000328,,7.0,,
44.73940000000446,,7.0,,
44.73940000000446,,6.0,,
44.74250000000446,,6.0,,
44.74250000000446,,5.0,,
44.745600000004465,,5.0,,
44.745600000004465,,4.0,,
44.747300000003285,,5.0,,
44.74870000000447,,5.0,,
44.74870000000447,,4.0,,
44.75180000000447,,4.0,,
44.75180000000447,,3.0,,
44.754900000004476,,3.0,,
44.754900000004476,,2.0,,
44.75745000000329,,3.0,,
44.75800000000448,,3.0,,
44.75800000000448,,2.0,,
44.76110000000448,,2.0,,
44.76110000000448,,1.0,,
44.764200000004486,,1.0,,
44.764200000004486,,0.0,,
44.76730000000449,,0.0,,
44.76760000000329,,1.0,,
44.777750000003294,,2.0,,
44.7879000000033,,3.0,,
44.7980500000033,,4.0,,
44.80000000000037,,,0.0,0.0
44.8082000000033,,5.0,,
44.818350000003306,,6.0,,
44.82850000000331,,7.0,,
44.83280500000088,0.0,,,
44.83865000000331,,8.0,,
44.848800000003315,,9.0,,
44.85895000000332,,10.0,,
44.86730000000449,,10.0,,
44.86730000000449,,9.0,,
44.86910000000332,,10.0,,
44.870400000004494,,10.0,,
44.870400000004494,,9.0,,
44.8735000000045,,9.0,,
44.8735000000045,,8.0,,
44.8766000000045,,8.0,,
44.8766000000045,,7.0,,
44.879250000003324,,8.0,,
44.879700000004505,,8.0,,
44.879700000004505,,7.0,,
44.88280000000451,,7.0,,
44.88280000000451,,6.0,,
44.88590000000451,,6.0,,
44.88590000000451,,5.0,,
44.889000000004515,,5.0,,
44.889000000004515,,4.0,,
44.88940000000333,,5.0,,
44.89210000000452,,5.0,,
44.89210000000452,,4.0,,
44.89520000000452,,4.0,,
44.89520000000452,,3.0,,
44.898300000004525,,3.0,,
44.898300000004525,,2.0,,
44.89955000000333,,3.0,,
44.90000000000037,,,0.0,0.0
44.90140000000453,,3.0,,
44.90140000000453,,2.0,,
44.90450000000453,,2.0,,
44.90450000000453,,1.0,,
44.907600000004535,,1.0,,
44.907600000004535,,0.0,,
44.90970000000333,,1.0,,
44.91070000000454,,1.0,,
44.91070000000454,,0.0,,
44.91380000000454,,0.0,,
44.919850000003336,,1.0,,
44.93000000000334,,2.0,,
44.93280500000088,0.0,,,
44.94015000000334,,3.0,,
44.950300000003345,,4.0,,
44.96045000000335,,5.0,,
44.97060000000335,,6.0,,
44.980750000003354,,7.0,,
44.99090000000336,,8.0,,
45.00000000000037,,,0.0,0.0
45.00105000000336,,9.0,,
45.01120000000336,,10.0,,
45.013800000004544,,10.0,,
45.013800000004544,,9.0,,
45.01690000000455,,9.0,,
45.01690000000455,,8.0,,
45.02000000000455,,8.0,,
45.02000000000455,,7.0,,
45.021350000003366,,8.0,,
45.023100000004554,,8.0,,
45.023100000004554,,7.0,,
45.02620000000456,,7.0,,
45.02620000000456,,6.0,,
45.02930000000456,,6.0,,
45.02930000000456,,5.0,,
45.03150000000337,,6.0,,
45.032400000004564,,6.0,,
45.032400000004564,,5.0,,
45.032805000000884,0.0,,,
45.03550000000457,,5.0,,
45.03550000000457,,4.0,,
45.03860000000457,,4.0,,
45.03860000000457,,3.0,,
45.04165000000337,,4.0,,
45.041700000004575,,4.0,,
45.041700000004575,,3.0,,
45.04480000000458,,3.0,,
45.04480000000458,,2.0,,
45.04790000000458,,2.0,,
45.04790000000458,,1.0,,
45.051000000004585,,1.0,,
45.051000000004585,,0.0,,
45.051800000003375,,1.0,,
45.05410000000459,,1.0,,
45.05410000000459,,0.0,,
45.05720000000459,,0.0,,
45.06195000000338,,1.0,,
45.07210000000338,,2.0,,
45.082250000003384,,3.0,,
45.09240000000339,,4.0,,
45.10000000000037,,,0.0,0.0
45.10255000000339,,5.0,,
45.11270000000339,,6.0,,
45.122850000003396,,7.0,,
45.132805000000886,0.0,,,
45.1330000000034,,8.0,,
45.1431500000034,,9.0,,
45.153300000003405,,10.0,,
45.15720000000459,,10.0,,
45.15720000000459,,9.0,,
45.1603000000046,,9.0,,
45.1603000000046,,8.0,,
45.1634000000046,,8.0,,
45.1634000000046,,7.0,,
45.16345000000341,,8.0,,
45.1665000000046,,8.0,,
45.1665000000046,,7.0,,
45.16960000000461,,7.0,,
45.16960000000461,,6.0,,
45.17270000000461,,6.0,,
45.17270000000461,,5.0,,
45.17360000000341,,6.0,,
45.175800000004614,,6.0,,
45.175800000004614,,5.0,,
45.17890000000462,,5.0,,
45.17890000000462,,4.0,,
45.18200000000462,,4.0,,
45.18200000000462,,3.0,,
45.183750000003414,,4.0,,
45.185100000004624,,4.0,,
45.185100000004624,,3.0,,
45.18820000000463,,3.0,,
45.18820000000463,,2.0,,
45.19130000000463,,2.0,,
45.19130000000463,,1.0,,
45.19390000000342,,2.0,,
45.194400000004634,,2.0,,
45.194400000004634,,1.0,,
45.19750000000464,,1.0,,
45.19750000000464,,0.0,,
45.20000000000037,,,0.0,0.0
45.20060000000464,,0.0,,
45.20405000000342,,1.0,,
45.21420000000342,,2.0,,
45.224350000003426,,3.0,,
45.23280500000089,0.0,,,
45.23450000000343,,4.0,,
45.24465000000343,,5.0,,
45.254800000003435,,6.0,,
45.26495000000344,,7.0,,
45.27510000000344,,8.0,,
45.285250000003444,,9.0,,
45.29540000000345,,10.0,,
45.300000000000374,,,0.0,0.0
45.30060000000464,,10.0,,
45.30060000000464,,9.0,,
45.303700000004646,,9.0,,
45.303700000004646,,8.0,,
45.30555000000345,,9.0,,
45.30680000000465,,9.0,,
45.30680000000465,,8.0,,
45.30990000000465,,8.0,,
45.30990000000465,,7.0,,
45.313000000004656,,7.0,,
45.313000000004656,,6.0,,
45.31570000000345,,7.0,,
45.31610000000466,,7.0,,
45.31610000000466,,6.0,,
45.31920000000466,,6.0,,
45.31920000000466,,5.0,,
45.32230000000467,,5.0,,
45.32230000000467,,4.0,,
45.32540000000467,,4.0,,
45.32540000000467,,3.0,,
45.325850000003456,,4.0,,
45.328500000004674,,4.0,,
45.328500000004674,,3.0,,
45.33160000000468,,3.0,,
45.33160000000468,,2.0,,
45.33280500000089,0.0,,,
45.33470000000468,,2.0,,
45.33470000000468,,1.0,,
45.33600000000346,,2.0,,
45.337800000004684,,2.0,,
45.337800000004684,,1.0,,
45.34090000000469,,1.0,,
45.34090000000469,,0.0,,
45.34400000000469,,0.0,,
45.34615000000346,,1.0,,
45.356300000003465,,2.0,,
45.36645000000347,,3.0,,
45.37660000000347,,4.0,,
45.386750000003474,,5.0,,
45.39690000000348,,6.0,,
45.400000000000375,,,0.0,0.0
45.40705000000348,,7.0,,
45.41720000000348,,8.0,,
45.427350000003486,,9.0,,
45.43280500000089,0.0,,,
45.43750000000349,,10.0,,
45.44400000000469,,10.0,,
45.44400000000469,,9.0,,
45.447100000004696,,9.0,,
45.447100000004696,,8.0,,
45.44765000000349,,9.0,,
45.4502000000047,,9.0,,
45.4502000000047,,8.0,,
45.4533000000047,,8.0,,
45.4533000000047,,7.0,,
45.456400000004706,,7.0,,
45.456400000004706,,6.0,,
45.457800000003495,,7.0,,
45.45950000000471,,7.0,,
45.45950000000471,,6.0,,
45.46260000000471,,6.0,,
45.46260000000471,,5.0,,
45.465700000004716,,5.0,,
45.465700000004716,,4.0,,
45.4679500000035,,5.0,,
45.46880000000472,,5.0,,
45.46880000000472,,4.0,,
45.47190000000472,,4.0,,
45.47190000000472,,3.0,,
45.47500000000473,,3.0,,
45.47500000000473,,2.0,,
45.4781000000035,,3.0,,
45.47810000000473,,3.0,,
45.47810000000473,,2.0,,
45.48120000000473,,2.0,,
45.48120000000473,,1.0,,
45.48430000000474,,1.0,,
45.48430000000474,,0.0,,
45.48740000000474,,0.0,,
45.488250000003504,,1.0,,
45.49840000000351,,2.0,,
45.50000000000038,,,0.0,0.0
45.50855000000351,,3.0,,
45.51870000000351,,4.0,,
45.528850000003516,,5.0,,
45.53280500000089,0.0,,,
45.53900000000352,,6.0,,
45.54915000000352,,7.0,,
45.559300000003525,,8.0,,
45.56945000000353,,9.0,,
45.57960000000353,,10.0,,
45.58740000000474,,10.0,,
45.58740000000474,,9.0,,
45.589750000003534,,10.0,,
45.590500000004745,,10.0,,
45.590500000004745,,9.0,,
45.59360000000475,,9.0,,
45.59360000000475,,8.0,,
45.59670000000475,,8.0,,
45.59670000000475,,7.0,,
45.599800000004755,,7.0,,
45.599800000004755,,6.0,,
45.59990000000354,,7.0,,
45.60000000000038,,,0.0,0.0
45.60290000000476,,7.0,,
45.60290000000476,,6.0,,
45.60600000000476,,6.0,,
45.60600000000476,,5.0,,
45.609100000004766,,5.0,,
45.609100000004766,,4.0,,
45.61005000000354,,5.0,,
45.61220000000477,,5.0,,
45.61220000000477,,4.0,,
45.61530000000477,,4.0,,
45.61530000000477,,3.0,,
45.618400000004776,,3.0,,
45.618400000004776,,2.0,,
45.62020000000354,,3.0,,
45.62150000000478,,3.0,,
45.62150000000478,,2.0,,
45.62460000000478,,2.0,,
45.62460000000478,,1.0,,
45.627700000004786,,1.0,,
45.627700000004786,,0.0,,
45.630350000003546,,1.0,,
45.63080000000479,,1.0,,
45.63080000000479,,0.0,,
45.63280500000089,0.0,,,
45.63390000000479,,0.0,,
45.64050000000355,,1.0,,
45.65065000000355,,2.0,,
45.660800000003555,,3.0,,
45.67095000000356,,4.0,,
45.68110000000356,,5.0,,
45.69125000000356,,6.0,,
45.70000000000038,,,0.0,0.0
45.70140000000357,,7.0,,
45.71155000000357,,8.0,,
45.72170000000357,,9.0,,
45.731850000003575,,10.0,,
45.732805000000894,0.0,,,
45.733900000004795,,10.0,,
45.733900000004795,,9.0,,
45.7370000000048,,9.0,,
45.7370000000048,,8.0,,
45.7401000000048,,8.0,,
45.7401000000048,,7.0,,
45.74200000000358,,8.0,,
45.743200000004805,,8.0,,
45.743200000004805,,7.0,,
45.74630000000481,,7.0,,
45.74630000000481,,6.0,,
45.74940000000481,,6.0,,
45.74940000000481,,5.0,,
45.75215000000358,,6.0,,
45.752500000004815,,6.0,,
45.752500000004815,,5.0,,
45.75560000000482,,5.0,,
45.75560000000482,,4.0,,
45.75870000000482,,4.0,,
45.75870000000482,,3.0,,
45.761800000004826,,3.0,,
45.761800000004826,,2.0,,
45.762300000003584,,3.0,,
45.76490000000483,,3.0,,
45.76490000000483,,2.0,,
45.76800000000483,,2.0,,
45.76800000000483,,1.0,,
45.771100000004836,,1.0,,
45.771100000004836,,0.0,,
45.77245000000359,,1.0,,
45.77420000000484,,1.0,,
45.77420000000484,,0.0,,
45.77730000000484,,0.0,,
45.78260000000359,,1.0,,
45.79275000000359,,2.0,,
45.80000000000038,,,0.0,0.0
45.802900000003596,,3.0,,
45.8130500000036,,4.0,,
45.8232000000036,,5.0,,
45.832805000000896,0.0,,,
45.833350000003605,,6.0,,
45.84350000000361,,7.0,,
45.85365000000361,,8.0,,
45.863800000003614,,9.0,,
45.87395000000362,,10.0,,
45.877300000004844,,10.0,,
45.877300000004844,,9.0,,
45.88040000000485,,9.0,,
45.88040000000485,,8.0,,
45.88350000000485,,8.0,,
45.88350000000485,,7.0,,
45.88410000000362,,8.0,,
45.886600000004854,,8.0,,
45.886600000004854,,7.0,,
45.88970000000486,,7.0,,
45.88970000000486,,6.0,,
45.89280000000486,,6.0,,
45.89280000000486,,5.0,,
45.89425000000362,,6.0,,
45.895900000004865,,6.0,,
45.895900000004865,,5.0,,
45.89900000000487,,5.0,,
45.89900000000487,,4.0,,
45.90000000000038,,,0.0,0.0
45.90210000000487,,4.0,,
45.90210000000487,,3.0,,
45.904400000003626,,4.0,,
45.905200000004875,,4.0,,
45.905200000004875,,3.0,,
45.90830000000488,,3.0,,
45.90830000000488,,2.0,,
45.91140000000488,,2.0,,
45.91140000000488,,1.0,,
45.914500000004885,,1.0,,
45.914500000004885,,0.0,,
45.91455000000363,,1.0,,
45.91760000000489,,1.0,,
45.91760000000489,,0.0,,
45.92070000000489,,0.0,,
45.92470000000363,,1.0,,
45.9328050000009,0.0,,,
45.934850000003635,,2.0,,
45.94500000000364,,3.0,,
45.95515000000364,,4.0,,
45.965300000003644,,5.0,,
45.97545000000365,,6.0,,
45.98560000000365,,7.0,,
45.99575000000365,,8.0,,
46.000000000000384,,,0.0,0.0
46.005900000003656,,9.0,,
46.01605000000366,,10.0,,
46.020700000004894,,10.0,,
46.020700000004894,,9.0,,
46.0238000000049,,9.0,,
46.0238000000049,,8.0,,
46.02620000000366,,9.0,,
46.0269000000049,,9.0,,
46.0269000000049,,8.0,,
46.030000000004904,,8.0,,
46.030000000004904,,7.0,,
46.0328050000009,0.0,,,
46.03310000000491,,7.0,,
46.03310000000491,,6.0,,
46.03620000000491,,6.0,,
46.03620000000491,,5.0,,
46.036350000003665,,6.0,,
46.039300000004914,,6.0,,
46.039300000004914,,5.0,,
46.04240000000492,,5.0,,
46.04240000000492,,4.0,,
46.04550000000492,,4.0,,
46.04550000000492,,3.0,,
46.04650000000367,,4.0,,
46.048600000004924,,4.0,,
46.048600000004924,,3.0,,
46.05170000000493,,3.0,,
46.05170000000493,,2.0,,
46.05480000000493,,2.0,,
46.05480000000493,,1.0,,
46.05665000000367,,2.0,,
46.057900000004935,,2.0,,
46.057900000004935,,1.0,,
46.06100000000494,,1.0,,
46.06100000000494,,0.0,,
46.06410000000494,,0.0,,
46.066800000003674,,1.0,,
46.07695000000368,,2.0,,
46.08710000000368,,3.0,,
46.09725000000368,,4.0,,
46.100000000000385,,,0.0,0.0
46.107400000003686,,5.0,,
46.11755000000369,,6.0,,
46.12770000000369,,7.0,,
46.1328050000009,0.0,,,
46.137850000003695,,8.0,,
46.1480000000037,,9.0,,
46.1581500000037,,10.0,,
46.16410000000494,,10.0,,
46.16410000000494,,9.0,,
46.16720000000495,,9.0,,
46.16720000000495,,8.0,,
46.168300000003704,,9.0,,
46.17030000000495,,9.0,,
46.17030000000495,,8.0,,
46.17340000000495,,8.0,,
46.17340000000495,,7.0,,
46.17650000000496,,7.0,,
46.17650000000496,,6.0,,
46.17845000000371,,7.0,,
46.17960000000496,,7.0,,
46.17960000000496,,6.0,,
46.182700000004964,,6.0,,
46.182700000004964,,5.0,,
46.18580000000497,,5.0,,
46.18580000000497,,4.0,,
46.18860000000371,,5.0,,
46.18890000000497,,5.0,,
46.18890000000497,,4.0,,
46.192000000004974,,4.0,,
46.192000000004974,,3.0,,
46.19510000000498,,3.0,,
46.19510000000498,,2.0,,
46.19820000000498,,2.0,,
46.19820000000498,,1.0,,
46.19875000000371,,2.0,,
46.20000000000039,,,0.0,0.0
46.201300000004984,,2.0,,
46.201300000004984,,1.0,,
46.20440000000499,,1.0,,
46.20440000000499,,0.0,,
46.20750000000499,,0.0,,
46.208900000003716,,1.0,,
46.21905000000372,,2.0,,
46.22920000000372,,3.0,,
46.2328050000009,0.0,,,
46.239350000003725,,4.0,,
46.24950000000373,,5.0,,
46.25965000000373,,6.0,,
46.269800000003734,,7.0,,
46.27995000000374,,8.0,,
46.29010000000374,,9.0,,
46.30000000000039,,,0.0,0.0
46.30025000000374,,10.0,,
46.30750000000499,,10.0,,
46.30750000000499,,9.0,,
46.310400000003746,,10.0,,
46.310600000004996,,10.0,,
46.310600000004996,,9.0,,
46.313700000005,,9.0,,
46.313700000005,,8.0,,
46.316800000005,,8.0,,
46.316800000005,,7.0,,
46.319900000005006,,7.0,,
46.319900000005006,,6.0,,
46.32055000000375,,7.0,,
46.32300000000501,,7.0,,
46.32300000000501,,6.0,,
46.32610000000501,,6.0,,
46.32610000000501,,5.0,,
46.32920000000502,,5.0,,
46.32920000000502,,4.0,,
46.33070000000375,,5.0,,
46.33230000000502,,5.0,,
46.33230000000502,,4.0,,
46.3328050000009,0.0,,,
46.33540000000502,,4.0,,
46.33540000000502,,3.0,,
46.33850000000503,,3.0,,
46.33850000000503,,2.0,,
46.340850000003755,,3.0,,
46.34160000000503,,3.0,,
46.34160000000503,,2.0,,
46.344700000005034,,2.0,,
46.344700000005034,,1.0,,
46.34780000000504,,1.0,,
46.34780000000504,,0.0,,
46.35090000000504,,0.0,,
46.35100000000376,,1.0,,
46.36115000000376,,2.0,,
46.371300000003764,,3.0,,
46.38145000000377,,4.0,,
46.39160000000377,,5.0,,
46.40000000000039,,,0.0,0.0
46.40175000000377,,6.0,,
46.411900000003776,,7.0,,
46.42205000000378,,8.0,,
46.43220000000378,,9.0,,
46.432805000000904,0.0,,,
46.442350000003785,,10.0,,
46.45090000000504,,10.0,,
46.45090000000504,,9.0,,
46.45250000000379,,10.0,,
46.454000000005045,,10.0,,
46.454000000005045,,9.0,,
46.45710000000505,,9.0,,
46.45710000000505,,8.0,,
46.46020000000505,,8.0,,
46.46020000000505,,7.0,,
46.46265000000379,,8.0,,
46.463300000005056,,8.0,,
46.463300000005056,,7.0,,
46.46640000000506,,7.0,,
46.46640000000506,,6.0,,
46.46950000000506,,6.0,,
46.46950000000506,,5.0,,
46.472600000005066,,5.0,,
46.472600000005066,,4.0,,
46.472800000003794,,5.0,,
46.47570000000507,,5.0,,
46.47570000000507,,4.0,,
46.47880000000507,,4.0,,
46.47880000000507,,3.0,,
46.481900000005076,,3.0,,
46.481900000005076,,2.0,,
46.4829500000038,,3.0,,
46.48500000000508,,3.0,,
46.48500000000508,,2.0,,
46.48810000000508,,2.0,,
46.48810000000508,,1.0,,
46.49120000000509,,1.0,,
46.49120000000509,,0.0,,
46.4931000000038,,1.0,,
46.49430000000509,,1.0,,
46.49430000000509,,0.0,,
46.49740000000509,,0.0,,
46.50000000000039,,,0.0,0.0
46.5032500000038,,1.0,,
46.513400000003806,,2.0,,
46.52355000000381,,3.0,,
46.532805000000906,0.0,,,
46.53370000000381,,4.0,,
46.543850000003815,,5.0,,
46.55400000000382,,6.0,,
46.56415000000382,,7.0,,
46.574300000003824,,8.0,,
46.58445000000383,,9.0,,
46.59460000000383,,10.0,,
46.597400000005095,,10.0,,
46.597400000005095,,9.0,,
46.60000000000039,,,0.0,0.0
46.6005000000051,,9.0,,
46.6005000000051,,8.0,,
46.6036000000051,,8.0,,
46.6036000000051,,7.0,,
46.60475000000383,,8.0,,
46.606700000005105,,8.0,,
46.606700000005105,,7.0,,
46.60980000000511,,7.0,,
46.60980000000511,,6.0,,
46.61290000000511,,6.0,,
46.61290000000511,,5.0,,
46.614900000003836,,6.0,,
46.616000000005116,,6.0,,
46.616000000005116,,5.0,,
46.61910000000512,,5.0,,
46.61910000000512,,4.0,,
46.62220000000512,,4.0,,
46.62220000000512,,3.0,,
46.62505000000384,,4.0,,
46.625300000005126,,4.0,,
46.625300000005126,,3.0,,
46.62840000000513,,3.0,,
46.62840000000513,,2.0,,
46.63150000000513,,2.0,,
46.63150000000513,,1.0,,
46.63280500000091,0.0,,,
46.634600000005136,,1.0,,
46.634600000005136,,0.0,,
46.63520000000384,,1.0,,
46.63770000000514,,1.0,,
46.63770000000514,,0.0,,
46.64080000000514,,0.0,,
46.645350000003845,,1.0,,
46.65550000000385,,2.0,,
46.66565000000385,,3.0,,
46.67580000000385,,4.0,,
46.68595000000386,,5.0,,
46.69610000000386,,6.0,,
46.700000000000394,,,0.0,0.0
46.70625000000386,,7.0,,
46.716400000003866,,8.0,,
46.72655000000387,,9.0,,
46.73280500000091,0.0,,,
46.73670000000387,,10.0,,
46.740800000005144,,10.0,,
46.740800000005144,,9.0,,
46.74390000000515,,9.0,,
46.74390000000515,,8.0,,
46.746850000003874,,9.0,,
46.74700000000515,,9.0,,
46.74700000000515,,8.0,,
46.750100000005155,,8.0,,
46.750100000005155,,7.0,,
46.75320000000516,,7.0,,
46.75320000000516,,6.0,,
46.75630000000516,,6.0,,
46.75630000000516,,5.0,,
46.75700000000388,,6.0,,
46.759400000005165,,6.0,,
46.759400000005165,,5.0,,
46.76250000000517,,5.0,,
46.76250000000517,,4.0,,
46.76560000000517,,4.0,,
46.76560000000517,,3.0,,
46.76715000000388,,4.0,,
46.768700000005175,,4.0,,
46.768700000005175,,3.0,,
46.77180000000518,,3.0,,
46.77180000000518,,2.0,,
46.77490000000518,,2.0,,
46.77490000000518,,1.0,,
46.77730000000388,,2.0,,
46.778000000005186,,2.0,,
46.778000000005186,,1.0,,
46.78110000000519,,1.0,,
46.78110000000519,,0.0,,
46.78420000000519,,0.0,,
46.787450000003886,,1.0,,
46.79760000000389,,2.0,,
46.800000000000395,,,0.0,0.0
46.80775000000389,,3.0,,
46.817900000003895,,4.0,,
46.8280500000039,,5.0,,
46.83280500000091,0.0,,,
46.8382000000039,,6.0,,
46.848350000003904,,7.0,,
46.85850000000391,,8.0,,
46.86865000000391,,9.0,,
46.87880000000391,,10.0,,
46.884200000005194,,10.0,,
46.884200000005194,,9.0,,
46.8873000000052,,9.0,,
46.8873000000052,,8.0,,
46.888950000003916,,9.0,,
46.8904000000052,,9.0,,
46.8904000000052,,8.0,,
46.893500000005204,,8.0,,
46.893500000005204,,7.0,,
46.89660000000521,,7.0,,
46.89660000000521,,6.0,,
46.89910000000392,,7.0,,
46.89970000000521,,7.0,,
46.89970000000521,,6.0,,
46.9000000000004,,,0.0,0.0
46.902800000005215,,6.0,,
46.902800000005215,,5.0,,
46.90590000000522,,5.0,,
46.90590000000522,,4.0,,
46.90900000000522,,4.0,,
46.90900000000522,,3.0,,
46.90925000000392,,4.0,,
46.912100000005225,,4.0,,
46.912100000005225,,3.0,,
46.91520000000523,,3.0,,
46.91520000000523,,2.0,,
46.91830000000523,,2.0,,
46.91830000000523,,1.0,,
46.919400000003925,,2.0,,
46.921400000005235,,2.0,,
46.921400000005235,,1.0,,
46.92450000000524,,1.0,,
46.92450000000524,,0.0,,
46.92760000000524,,0.0,,
46.92955000000393,,1.0,,
46.93280500000091,0.0,,,
46.93970000000393,,2.0,,
46.949850000003934,,3.0,,
46.96000000000394,,4.0,,
46.97015000000394,,5.0,,
46.98030000000394,,6.0,,
46.990450000003946,,7.0,,
47.0000000000004,,,0.0,0.0
47.00060000000395,,8.0,,
47.01075000000395,,9.0,,
47.020900000003955,,10.0,,
47.02760000000524,,10.0,,
47.02760000000524,,9.0,,
47.03070000000525,,9.0,,
47.03070000000525,,8.0,,
47.03105000000396,,9.0,,
47.03280500000091,0.0,,,
47.03380000000525,,9.0,,
47.03380000000525,,8.0,,
47.036900000005254,,8.0,,
47.036900000005254,,7.0,,
47.04000000000526,,7.0,,
47.04000000000526,,6.0,,
47.04120000000396,,7.0,,
47.04310000000526,,7.0,,
47.04310000000526,,6.0,,
47.046200000005264,,6.0,,
47.046200000005264,,5.0,,
47.04930000000527,,5.0,,
47.04930000000527,,4.0,,
47.051350000003964,,5.0,,
47.05240000000527,,5.0,,
47.05240000000527,,4.0,,
47.055500000005274,,4.0,,
47.055500000005274,,3.0,,
47.05860000000528,,3.0,,
47.05860000000528,,2.0,,
47.06150000000397,,3.0,,
47.06170000000528,,3.0,,
47.06170000000528,,2.0,,
47.064800000005285,,2.0,,
47.064800000005285,,1.0,,
47.06790000000529,,1.0,,
47.06790000000529,,0.0,,
47.07100000000529,,0.0,,
47.07165000000397,,1.0,,
47.08180000000397,,2.0,,
47.091950000003976,,3.0,,
47.1000000000004,,,0.0,0.0
47.10210000000398,,4.0,,
47.11225000000398,,5.0,,
47.122400000003985,,6.0,,
47.13255000000399,,7.0,,
47.132805000000914,0.0,,,
47.14270000000399,,8.0,,
47.152850000003994,,9.0,,
47.163000000004,,10.0,,
47.17100000000529,,10.0,,
47.17100000000529,,9.0,,
47.173150000004,,10.0,,
47.174100000005296,,10.0,,
47.174100000005296,,9.0,,
47.1772000000053,,9.0,,
47.1772000000053,,8.0,,
47.1803000000053,,8.0,,
47.1803000000053,,7.0,,
47.183300000004,,8.0,,
47.18340000000531,,8.0,,
47.18340000000531,,7.0,,
47.18650000000531,,7.0,,
47.18650000000531,,6.0,,
47.18960000000531,,6.0,,
47.18960000000531,,5.0,,
47.19270000000532,,5.0,,
47.19270000000532,,4.0,,
47.193450000004006,,5.0,,
47.19580000000532,,5.0,,
47.19580000000532,,4.0,,
47.198900000005324,,4.0,,
47.198900000005324,,3.0,,
47.2000000000004,,,0.0,0.0
47.20200000000533,,3.0,,
47.20200000000533,,2.0,,
47.20360000000401,,3.0,,
47.20510000000533,,3.0,,
47.20510000000533,,2.0,,
47.208200000005334,,2.0,,
47.208200000005334,,1.0,,
47.21130000000534,,1.0,,
47.21130000000534,,0.0,,
47.21375000000401,,1.0,,
47.21440000000534,,1.0,,
47.21440000000534,,0.0,,
47.217500000005344,,0.0,,
47.223900000004015,,1.0,,
47.232805000000916,0.0,,,
47.23405000000402,,2.0,,
47.24420000000402,,3.0,,
47.254350000004024,,4.0,,
47.26450000000403,,5.0,,
47.27465000000403,,6.0,,
47.28480000000403,,7.0,,
47.294950000004036,,8.0,,
47.3000000000004,,,0.0,0.0
47.30510000000404,,9.0,,
47.31525000000404,,10.0,,
47.317500000005346,,10.0,,
47.317500000005346,,9.0,,
47.32060000000535,,9.0,,
47.32060000000535,,8.0,,
47.32370000000535,,8.0,,
47.32370000000535,,7.0,,
47.325400000004045,,8.0,,
47.326800000005356,,8.0,,
47.326800000005356,,7.0,,
47.32990000000536,,7.0,,
47.32990000000536,,6.0,,
47.33280500000092,0.0,,,
47.33300000000536,,6.0,,
47.33300000000536,,5.0,,
47.33555000000405,,6.0,,
47.336100000005366,,6.0,,
47.336100000005366,,5.0,,
47.33920000000537,,5.0,,
47.33920000000537,,4.0,,
47.34230000000537,,4.0,,
47.34230000000537,,3.0,,
47.34540000000538,,3.0,,
47.34540000000538,,2.0,,
47.34570000000405,,3.0,,
47.34850000000538,,3.0,,
47.34850000000538,,2.0,,
47.351600000005384,,2.0,,
47.351600000005384,,1.0,,
47.35470000000539,,1.0,,
47.35470000000539,,0.0,,
47.355850000004054,,1.0,,
47.35780000000539,,1.0,,
47.35780000000539,,0.0,,
47.360900000005394,,0.0,,
47.36600000000406,,1.0,,
47.37615000000406,,2.0,,
47.38630000000406,,3.0,,
47.396450000004066,,4.0,,
47.400000000000404,,,0.0,0.0
47.40660000000407,,5.0,,
47.41675000000407,,6.0,,
47.426900000004075,,7.0,,
47.43280500000092,0.0,,,
47.43705000000408,,8.0,,
47.44720000000408,,9.0,,
47.457350000004084,,10.0,,
47.460900000005395,,10.0,,
47.460900000005395,,9.0,,
47.4640000000054,,9.0,,
47.4640000000054,,8.0,,
47.4671000000054,,8.0,,
47.4671000000054,,7.0,,
47.46750000000409,,8.0,,
47.470200000005406,,8.0,,
47.470200000005406,,7.0,,
47.47330000000541,,7.0,,
47.47330000000541,,6.0,,
47.47640000000541,,6.0,,
47.47640000000541,,5.0,,
47.47765000000409,,6.0,,
47.479500000005416,,6.0,,
47.479500000005416,,5.0,,
47.48260000000542,,5.0,,
47.48260000000542,,4.0,,
47.48570000000542,,4.0,,
47.48570000000542,,3.0,,
47.48780000000409,,4.0,,
47.488800000005426,,4.0,,
47.488800000005426,,3.0,,
47.49190000000543,,3.0,,
47.49190000000543,,2.0,,
47.49500000000543,,2.0,,
47.49500000000543,,1.0,,
47.497950000004096,,2.0,,
47.49810000000544,,2.0,,
47.49810000000544,,1.0,,
47.500000000000405,,,0.0,0.0
47.50120000000544,,1.0,,
47.50120000000544,,0.0,,
47.50430000000544,,0.0,,
47.5081000000041,,1.0,,
47.5182500000041,,2.0,,
47.528400000004105,,3.0,,
47.53280500000092,0.0,,,
47.53855000000411,,4.0,,
47.54870000000411,,5.0,,
47.558850000004114,,6.0,,
47.56900000000412,,7.0,,
47.57915000000412,,8.0,,
47.58930000000412,,9.0,,
47.599450000004126,,10.0,,
47.600000000000406,,,0.0,0.0
47.604300000005445,,10.0,,
47.604300000005445,,9.0,,
47.60740000000545,,9.0,,
47.60740000000545,,8.0,,
47.60960000000413,,9.0,,
47.61050000000545,,9.0,,
47.61050000000545,,8.0,,
47.613600000005455,,8.0,,
47.613600000005455,,7.0,,
47.61670000000546,,7.0,,
47.61670000000546,,6.0,,
47.61975000000413,,7.0,,
47.61980000000546,,7.0,,
47.61980000000546,,6.0,,
47.622900000005465,,6.0,,
47.622900000005465,,5.0,,
47.62600000000547,,5.0,,
47.62600000000547,,4.0,,
47.62910000000547,,4.0,,
47.62910000000547,,3.0,,
47.629900000004135,,4.0,,
47.632200000005476,,4.0,,
47.632200000005476,,3.0,,
47.63280500000092,0.0,,,
47.63530000000548,,3.0,,
47.63530000000548,,2.0,,
47.63840000000548,,2.0,,
47.63840000000548,,1.0,,
47.64005000000414,,2.0,,
47.641500000005486,,2.0,,
47.641500000005486,,1.0,,
47.64460000000549,,1.0,,
47.64460000000549,,0.0,,
47.64770000000549,,0.0,,
47.65020000000414,,1.0,,
47.660350000004144,,2.0,,
47.67050000000415,,3.0,,
47.68065000000415,,4.0,,
47.69080000000415,,5.0,,
47.70000000000041,,,0.0,0.0
47.700950000004156,,6.0,,
47.71110000000416,,7.0,,
47.72125000000416,,8.0,,
47.731400000004164,,9.0,,
47.73280500000092,0.0,,,
47.74155000000417,,10.0,,
47.747700000005494,,10.0,,
47.747700000005494,,9.0,,
47.7508000000055,,9.0,,
47.7508000000055,,8.0,,
47.75170000000417,,9.0,,
47.7539000000055,,9.0,,
47.7539000000055,,8.0,,
47.757000000005505,,8.0,,
47.757000000005505,,7.0,,
47.76010000000551,,7.0,,
47.76010000000551,,6.0,,
47.76185000000417,,7.0,,
47.76320000000551,,7.0,,
47.76320000000551,,6.0,,
47.766300000005515,,6.0,,
47.766300000005515,,5.0,,
47.76940000000552,,5.0,,
47.76940000000552,,4.0,,
47.77200000000418,,5.0,,
47.77250000000552,,5.0,,
47.77250000000552,,4.0,,
47.775600000005525,,4.0,,
47.775600000005525,,3.0,,
47.77870000000553,,3.0,,
47.77870000000553,,2.0,,
47.78180000000553,,2.0,,
47.78180000000553,,1.0,,
47.78215000000418,,2.0,,
47.784900000005536,,2.0,,
47.784900000005536,,1.0,,
47.78800000000554,,1.0,,
47.78800000000554,,0.0,,
47.79110000000554,,0.0,,
47.79230000000418,,1.0,,
47.80000000000041,,,0.0,0.0
47.802450000004185,,2.0,,
47.81260000000419,,3.0,,
47.82275000000419,,4.0,,
47.832805000000924,0.0,,,
47.832900000004194,,5.0,,
47.8430500000042,,6.0,,
47.8532000000042,,7.0,,
47.8633500000042,,8.0,,
47.873500000004206,,9.0,,
47.88365000000421,,10.0,,
47.891100000005544,,10.0,,
47.891100000005544,,9.0,,
47.89380000000421,,10.0,,
47.89420000000555,,10.0,,
47.89420000000555,,9.0,,
47.89730000000555,,9.0,,
47.89730000000555,,8.0,,
47.90000000000041,,,0.0,0.0
47.900400000005554,,8.0,,
47.900400000005554,,7.0,,
47.90350000000556,,7.0,,
47.90350000000556,,6.0,,
47.903950000004215,,7.0,,
47.90660000000556,,7.0,,
47.90660000000556,,6.0,,
47.909700000005564,,6.0,,
47.909700000005564,,5.0,,
47.91280000000557,,5.0,,
47.91280000000557,,4.0,,
47.91410000000422,,5.0,,
47.91590000000557,,5.0,,
47.91590000000557,,4.0,,
47.919000000005575,,4.0,,
47.919000000005575,,3.0,,
47.92210000000558,,3.0,,
47.92210000000558,,2.0,,
47.92425000000422,,3.0,,
47.92520000000558,,3.0,,
47.92520000000558,,2.0,,
47.928300000005585,,2.0,,
47.928300000005585,,1.0,,
47.93140000000559,,1.0,,
47.93140000000559,,0.0,,
47.932805000000926,0.0,,,
47.934400000004224,,1.0,,
47.93450000000559,,1.0,,
47.93450000000559,,0.0,,
47.937600000005595,,0.0,,
47.94455000000423,,1.0,,
47.95470000000423,,2.0,,
47.96485000000423,,3.0,,
47.975000000004236,,4.0,,
47.98515000000424,,5.0,,
47.99530000000424,,6.0,,
48.00000000000041,,,0.0,0.0
48.005450000004245,,7.0,,
48.01560000000425,,8.0,,
48.02575000000425,,9.0,,
48.03280500000093,0.0,,,
48.035900000004254,,10.0,,
48.0376000000056,,10.0,,
48.0376000000056,,9.0,,
48.0407000000056,,9.0,,
48.0407000000056,,8.0,,
48.043800000005604,,8.0,,
48.043800000005604,,7.0,,
48.04605000000426,,8.0,,
48.04690000000561,,8.0,,
48.04690000000561,,7.0,,
48.05000000000561,,7.0,,
48.05000000000561,,6.0,,
48.053100000005614,,6.0,,
48.053100000005614,,5.0,,
48.05620000000426,,6.0,,
48.05620000000562,,6.0,,
48.05620000000562,,5.0,,
48.05930000000562,,5.0,,
48.05930000000562,,4.0,,
48.062400000005624,,4.0,,
48.062400000005624,,3.0,,
48.06550000000563,,3.0,,
48.06550000000563,,2.0,,
48.06635000000426,,3.0,,
48.06860000000563,,3.0,,
48.06860000000563,,2.0,,
48.071700000005634,,2.0,,
48.071700000005634,,1.0,,
48.07480000000564,,1.0,,
48.07480000000564,,0.0,,
48.076500000004266,,1.0,,
48.07790000000564,,1.0,,
48.07790000000564,,0.0,,
48.081000000005645,,0.0,,
48.08665000000427,,1.0,,
48.09680000000427,,2.0,,
48.10000000000041,,,0.0,0.0
48.106950000004275,,3.0,,
48.11710000000428,,4.0,,
48.12725000000428,,5.0,,
48.13280500000093,0.0,,,
48.137400000004284,,6.0,,
48.14755000000429,,7.0,,
48.15770000000429,,8.0,,
48.16785000000429,,9.0,,
48.178000000004296,,10.0,,
48.181000000005646,,10.0,,
48.181000000005646,,9.0,,
48.18410000000565,,9.0,,
48.18410000000565,,8.0,,
48.18720000000565,,8.0,,
48.18720000000565,,7.0,,
48.1881500000043,,8.0,,
48.19030000000566,,8.0,,
48.19030000000566,,7.0,,
48.19340000000566,,7.0,,
48.19340000000566,,6.0,,
48.19650000000566,,6.0,,
48.19650000000566,,5.0,,
48.1983000000043,,6.0,,
48.19960000000567,,6.0,,
48.19960000000567,,5.0,,
48.200000000000415,,,0.0,0.0
48.20270000000567,,5.0,,
48.20270000000567,,4.0,,
48.205800000005674,,4.0,,
48.205800000005674,,3.0,,
48.208450000004305,,4.0,,
48.20890000000568,,4.0,,
48.20890000000568,,3.0,,
48.21200000000568,,3.0,,
48.21200000000568,,2.0,,
48.215100000005684,,2.0,,
48.215100000005684,,1.0,,
48.21820000000569,,1.0,,
48.21820000000569,,0.0,,
48.21860000000431,,1.0,,
48.22130000000569,,1.0,,
48.22130000000569,,0.0,,
48.224400000005694,,0.0,,
48.22875000000431,,1.0,,
48.23280500000093,0.0,,,
48.238900000004314,,2.0,,
48.24905000000432,,3.0,,
48.25920000000432,,4.0,,
48.26935000000432,,5.0,,
48.279500000004326,,6.0,,
48.28965000000433,,7.0,,
48.29980000000433,,8.0,,
48.300000000000416,,,0.0,0.0
48.309950000004335,,9.0,,
48.32010000000434,,10.0,,
48.324400000005696,,10.0,,
48.324400000005696,,9.0,,
48.3275000000057,,9.0,,
48.3275000000057,,8.0,,
48.33025000000434,,9.0,,
48.3306000000057,,9.0,,
48.3306000000057,,8.0,,
48.33280500000093,0.0,,,
48.333700000005706,,8.0,,
48.333700000005706,,7.0,,
48.33680000000571,,7.0,,
48.33680000000571,,6.0,,
48.33990000000571,,6.0,,
48.33990000000571,,5.0,,
48.340400000004344,,6.0,,
48.343000000005716,,6.0,,
48.343000000005716,,5.0,,
48.34610000000572,,5.0,,
48.34610000000572,,4.0,,
48.34920000000572,,4.0,,
48.34920000000572,,3.0,,
48.35055000000435,,4.0,,
48.35230000000573,,4.0,,
48.35230000000573,,3.0,,
48.35540000000573,,3.0,,
48.35540000000573,,2.0,,
48.35850000000573,,2.0,,
48.35850000000573,,1.0,,
48.36070000000435,,2.0,,
48.36160000000574,,2.0,,
48.36160000000574,,1.0,,
48.36470000000574,,1.0,,
48.36470000000574,,0.0,,
48.367800000005744,,0.0,,
48.37085000000435,,1.0,,
48.381000000004356,,2.0,,
48.39115000000436,,3.0,,
48.40000000000042,,,0.0,0.0
48.40130000000436,,4.0,,
48.411450000004365,,5.0,,
48.42160000000437,,6.0,,
48.43175000000437,,7.0,,
48.43280500000093,0.0,,,
48.441900000004374,,8.0,,
48.45205000000438,,9.0,,
48.46220000000438,,10.0,,
48.467800000005745,,10.0,,
48.467800000005745,,9.0,,
48.47090000000575,,9.0,,
48.47090000000575,,8.0,,
48.47235000000438,,9.0,,
48.47400000000575,,9.0,,
48.47400000000575,,8.0,,
48.477100000005755,,8.0,,
48.477100000005755,,7.0,,
48.48020000000576,,7.0,,
48.48020000000576,,6.0,,
48.482500000004386,,7.0,,
48.48330000000576,,7.0,,
48.48330000000576,,6.0,,
48.486400000005766,,6.0,,
48.486400000005766,,5.0,,
48.48950000000577,,5.0,,
48.48950000000577,,4.0,,
48.49260000000577,,4.0,,
48.49260000000577,,3.0,,
48.49265000000439,,4.0,,
48.495700000005776,,4.0,,
48.495700000005776,,3.0,,
48.49880000000578,,3.0,,
48.49880000000578,,2.0,,
48.50000000000042,,,0.0,0.0
48.50190000000578,,2.0,,
48.50190000000578,,1.0,,
48.50280000000439,,2.0,,
48.505000000005786,,2.0,,
48.505000000005786,,1.0,,
48.50810000000579,,1.0,,
48.50810000000579,,0.0,,
48.51120000000579,,0.0,,
48.512950000004395,,1.0,,
48.5231000000044,,2.0,,
48.532805000000934,0.0,,,
48.5332500000044,,3.0,,
48.543400000004404,,4.0,,
48.55355000000441,,5.0,,
48.56370000000441,,6.0,,
48.57385000000441,,7.0,,
48.584000000004416,,8.0,,
48.59415000000442,,9.0,,
48.60000000000042,,,0.0,0.0
48.60430000000442,,10.0,,
48.611200000005795,,10.0,,
48.611200000005795,,9.0,,
48.6143000000058,,9.0,,
48.6143000000058,,8.0,,
48.614450000004425,,9.0,,
48.6174000000058,,9.0,,
48.6174000000058,,8.0,,
48.620500000005805,,8.0,,
48.620500000005805,,7.0,,
48.62360000000581,,7.0,,
48.62360000000581,,6.0,,
48.62460000000443,,7.0,,
48.62670000000581,,7.0,,
48.62670000000581,,6.0,,
48.629800000005815,,6.0,,
48.629800000005815,,5.0,,
48.632805000000936,0.0,,,
48.63290000000582,,5.0,,
48.63290000000582,,4.0,,
48.63475000000443,,5.0,,
48.63600000000582,,5.0,,
48.63600000000582,,4.0,,
48.639100000005826,,4.0,,
48.639100000005826,,3.0,,
48.64220000000583,,3.0,,
48.64220000000583,,2.0,,
48.644900000004434,,3.0,,
48.64530000000583,,3.0,,
48.64530000000583,,2.0,,
48.648400000005836,,2.0,,
48.648400000005836,,1.0,,
48.65150000000584,,1.0,,
48.65150000000584,,0.0,,
48.65460000000584,,0.0,,
48.65505000000444,,1.0,,
48.66520000000444,,2.0,,
48.67535000000444,,3.0,,
48.685500000004446,,4.0,,
48.69565000000445,,5.0,,
48.70000000000042,,,0.0,0.0
48.70580000000445,,6.0,,
48.715950000004455,,7.0,,
48.72610000000446,,8.0,,
48.73280500000094,0.0,,,
48.73625000000446,,9.0,,
48.74640000000446,,10.0,,
48.754600000005844,,10.0,,
48.754600000005844,,9.0,,
48.75655000000447,,10.0,,
48.75770000000585,,10.0,,
48.75770000000585,,9.0,,
48.76080000000585,,9.0,,
48.76080000000585,,8.0,,
48.763900000005854,,8.0,,
48.763900000005854,,7.0,,
48.76670000000447,,8.0,,
48.76700000000586,,8.0,,
48.76700000000586,,7.0,,
48.77010000000586,,7.0,,
48.77010000000586,,6.0,,
48.773200000005865,,6.0,,
48.773200000005865,,5.0,,
48.77630000000587,,5.0,,
48.77630000000587,,4.0,,
48.77685000000447,,5.0,,
48.77940000000587,,5.0,,
48.77940000000587,,4.0,,
48.782500000005875,,4.0,,
48.782500000005875,,3.0,,
48.78560000000588,,3.0,,
48.78560000000588,,2.0,,
48.787000000004475,,3.0,,
48.78870000000588,,3.0,,
48.78870000000588,,2.0,,
48.791800000005885,,2.0,,
48.791800000005885,,1.0,,
48.79490000000589,,1.0,,
48.79490000000589,,0.0,,
48.79715000000448,,1.0,,
48.79800000000589,,1.0,,
48.79800000000589,,0.0,,
48.80000000000042,,,0.0,0.0
48.801100000005896,,0.0,,
48.80730000000448,,1.0,,
48.817450000004484,,2.0,,
48.82760000000449,,3.0,,
48.83280500000094,0.0,,,
48.83775000000449,,4.0,,
48.84790000000449,,5.0,,
48.858050000004496,,6.0,,
48.8682000000045,,7.0,,
48.8783500000045,,8.0,,
48.888500000004505,,9.0,,
48.89865000000451,,10.0,,
48.900000000000425,,,0.0,0.0
48.9011000000059,,10.0,,
48.9011000000059,,9.0,,
48.9042000000059,,9.0,,
48.9042000000059,,8.0,,
48.907300000005904,,8.0,,
48.907300000005904,,7.0,,
48.90880000000451,,8.0,,
48.91040000000591,,8.0,,
48.91040000000591,,7.0,,
48.91350000000591,,7.0,,
48.91350000000591,,6.0,,
48.916600000005914,,6.0,,
48.916600000005914,,5.0,,
48.918950000004514,,6.0,,
48.91970000000592,,6.0,,
48.91970000000592,,5.0,,
48.92280000000592,,5.0,,
48.92280000000592,,4.0,,
48.925900000005925,,4.0,,
48.925900000005925,,3.0,,
48.92900000000593,,3.0,,
48.92900000000593,,2.0,,
48.92910000000452,,3.0,,
48.93210000000593,,3.0,,
48.93210000000593,,2.0,,
48.93280500000094,0.0,,,
48.935200000005935,,2.0,,
48.935200000005935,,1.0,,
48.93830000000594,,1.0,,
48.93830000000594,,0.0,,
48.93925000000452,,1.0,,
48.94140000000594,,1.0,,
48.94140000000594,,0.0,,
48.944500000005945,,0.0,,
48.94940000000452,,1.0,,
48.959550000004526,,2.0,,
48.96970000000453,,3.0,,
48.97985000000453,,4.0,,
48.990000000004535,,5.0,,
49.000000000000426,,,0.0,0.0
49.00015000000454,,6.0,,
49.01030000000454,,7.0,,
49.020450000004544,,8.0,,
49.03060000000455,,9.0,,
49.03280500000094,0.0,,,
49.04075000000455,,10.0,,
49.04450000000595,,10.0,,
49.04450000000595,,9.0,,
49.04760000000595,,9.0,,
49.04760000000595,,8.0,,
49.05070000000595,,8.0,,
49.05070000000595,,7.0,,
49.05090000000455,,8.0,,
49.05380000000596,,8.0,,
49.05380000000596,,7.0,,
49.05690000000596,,7.0,,
49.05690000000596,,6.0,,
49.060000000005964,,6.0,,
49.060000000005964,,5.0,,
49.061050000004556,,6.0,,
49.06310000000597,,6.0,,
49.06310000000597,,5.0,,
49.06620000000597,,5.0,,
49.06620000000597,,4.0,,
49.069300000005974,,4.0,,
49.069300000005974,,3.0,,
49.07120000000456,,4.0,,
49.07240000000598,,4.0,,
49.07240000000598,,3.0,,
49.07550000000598,,3.0,,
49.07550000000598,,2.0,,
49.078600000005984,,2.0,,
49.078600000005984,,1.0,,
49.08135000000456,,2.0,,
49.08170000000599,,2.0,,
49.08170000000599,,1.0,,
49.08480000000599,,1.0,,
49.08480000000599,,0.0,,
49.087900000005995,,0.0,,
49.091500000004565,,1.0,,
49.10000000000043,,,0.0,0.0
49.10165000000457,,2.0,,
49.11180000000457,,3.0,,
49.121950000004574,,4.0,,
49.13210000000458,,5.0,,
49.13280500000094,0.0,,,
49.14225000000458,,6.0,,
49.15240000000458,,7.0,,
49.162550000004586,,8.0,,
49.17270000000459,,9.0,,
49.18285000000459,,10.0,,
49.187900000005996,,10.0,,
49.187900000005996,,9.0,,
49.191000000006,,9.0,,
49.191000000006,,8.0,,
49.193000000004595,,9.0,,
49.194100000006,,9.0,,
49.194100000006,,8.0,,
49.197200000006006,,8.0,,
49.197200000006006,,7.0,,
49.20000000000043,,,0.0,0.0
49.20030000000601,,7.0,,
49.20030000000601,,6.0,,
49.2031500000046,,7.0,,
49.20340000000601,,7.0,,
49.20340000000601,,6.0,,
49.20650000000602,,6.0,,
49.20650000000602,,5.0,,
49.20960000000602,,5.0,,
49.20960000000602,,4.0,,
49.21270000000602,,4.0,,
49.21270000000602,,3.0,,
49.2133000000046,,4.0,,
49.21580000000603,,4.0,,
49.21580000000603,,3.0,,
49.21890000000603,,3.0,,
49.21890000000603,,2.0,,
49.222000000006034,,2.0,,
49.222000000006034,,1.0,,
49.223450000004604,,2.0,,
49.22510000000604,,2.0,,
49.22510000000604,,1.0,,
49.22820000000604,,1.0,,
49.22820000000604,,0.0,,
49.231300000006044,,0.0,,
49.232805000000944,0.0,,,
49.23360000000461,,1.0,,
49.24375000000461,,2.0,,
49.25390000000461,,3.0,,
49.264050000004616,,4.0,,
49.27420000000462,,5.0,,
49.28435000000462,,6.0,,
49.294500000004625,,7.0,,
49.30000000000043,,,0.0,0.0
49.30465000000463,,8.0,,
49.31480000000463,,9.0,,
49.324950000004634,,10.0,,
49.331300000006046,,10.0,,
49.331300000006046,,9.0,,
49.332805000000945,0.0,,,
49.33440000000605,,9.0,,
49.33440000000605,,8.0,,
49.33510000000464,,9.0,,
49.33750000000605,,9.0,,
49.33750000000605,,8.0,,
49.340600000006056,,8.0,,
49.340600000006056,,7.0,,
49.34370000000606,,7.0,,
49.34370000000606,,6.0,,
49.34525000000464,,7.0,,
49.34680000000606,,7.0,,
49.34680000000606,,6.0,,
49.349900000006066,,6.0,,
49.349900000006066,,5.0,,
49.35300000000607,,5.0,,
49.35300000000607,,4.0,,
49.35540000000464,,5.0,,
49.35610000000607,,5.0,,
49.35610000000607,,4.0,,
49.359200000006076,,4.0,,
49.359200000006076,,3.0,,
49.36230000000608,,3.0,,
49.36230000000608,,2.0,,
49.36540000000608,,2.0,,
49.36540000000608,,1.0,,
49.365550000004646,,2.0,,
49.36850000000609,,2.0,,
49.36850000000609,,1.0,,
49.37160000000609,,1.0,,
49.37160000000609,,0.0,,
49.374700000006094,,0.0,,
49.37570000000465,,1.0,,
49.38585000000465,,2.0,,
49.396000000004655,,3.0,,
49.40000000000043,,,0.0,0.0
49.40615000000466,,4.0,,
49.41630000000466,,5.0,,
49.426450000004664,,6.0,,
49.43280500000095,0.0,,,
49.43660000000467,,7.0,,
49.44675000000467,,8.0,,
49.45690000000467,,9.0,,
49.467050000004676,,10.0,,
49.474700000006095,,10.0,,
49.474700000006095,,9.0,,
49.47720000000468,,10.0,,
49.4778000000061,,10.0,,
49.4778000000061,,9.0,,
49.4809000000061,,9.0,,
49.4809000000061,,8.0,,
49.484000000006105,,8.0,,
49.484000000006105,,7.0,,
49.48710000000611,,7.0,,
49.48710000000611,,6.0,,
49.48735000000468,,7.0,,
49.49020000000611,,7.0,,
49.49020000000611,,6.0,,
49.493300000006116,,6.0,,
49.493300000006116,,5.0,,
49.49640000000612,,5.0,,
49.49640000000612,,4.0,,
49.497500000004685,,5.0,,
49.49950000000612,,5.0,,
49.49950000000612,,4.0,,
49.50000000000043,,,0.0,0.0
49.502600000006126,,4.0,,
49.502600000006126,,3.0,,
49.50570000000613,,3.0,,
49.50570000000613,,2.0,,
49.50765000000469,,3.0,,
49.50880000000613,,3.0,,
49.50880000000613,,2.0,,
49.511900000006136,,2.0,,
49.511900000006136,,1.0,,
49.51500000000614,,1.0,,
49.51500000000614,,0.0,,
49.51780000000469,,1.0,,
49.51810000000614,,1.0,,
49.51810000000614,,0.0,,
49.52120000000615,,0.0,,
49.527950000004694,,1.0,,
49.53280500000095,0.0,,,
49.5381000000047,,2.0,,
49.5482500000047,,3.0,,
49.5584000000047,,4.0,,
49.568550000004706,,5.0,,
49.57870000000471,,6.0,,
49.58885000000471,,7.0,,
49.599000000004715,,8.0,,
49.600000000000435,,,0.0,0.0
49.60915000000472,,9.0,,
49.61930000000472,,10.0,,
49.62120000000615,,10.0,,
49.62120000000615,,9.0,,
49.62430000000615,,9.0,,
49.62430000000615,,8.0,,
49.627400000006155,,8.0,,
49.627400000006155,,7.0,,
49.629450000004724,,8.0,,
49.63050000000616,,8.0,,
49.63050000000616,,7.0,,
49.63280500000095,0.0,,,
49.63360000000616,,7.0,,
49.63360000000616,,6.0,,
49.636700000006165,,6.0,,
49.636700000006165,,5.0,,
49.63960000000473,,6.0,,
49.63980000000617,,6.0,,
49.63980000000617,,5.0,,
49.64290000000617,,5.0,,
49.64290000000617,,4.0,,
49.646000000006175,,4.0,,
49.646000000006175,,3.0,,
49.64910000000618,,3.0,,
49.64910000000618,,2.0,,
49.64975000000473,,3.0,,
49.65220000000618,,3.0,,
49.65220000000618,,2.0,,
49.655300000006186,,2.0,,
49.655300000006186,,1.0,,
49.65840000000619,,1.0,,
49.65840000000619,,0.0,,
49.65990000000473,,1.0,,
49.66150000000619,,1.0,,
49.66150000000619,,0.0,,
49.664600000006196,,0.0,,
49.670050000004736,,1.0,,
49.68020000000474,,2.0,,
49.69035000000474,,3.0,,
49.700000000000436,,,0.0,0.0
49.700500000004745,,4.0,,
49.71065000000475,,5.0,,
49.72080000000475,,6.0,,
49.73095000000475,,7.0,,
49.73280500000095,0.0,,,
49.74110000000476,,8.0,,
49.75125000000476,,9.0,,
49.76140000000476,,10.0,,
49.7646000000062,,10.0,,
49.7646000000062,,9.0,,
49.7677000000062,,9.0,,
49.7677000000062,,8.0,,
49.770800000006204,,8.0,,
49.770800000006204,,7.0,,
49.771550000004765,,8.0,,
49.77390000000621,,8.0,,
49.77390000000621,,7.0,,
49.77700000000621,,7.0,,
49.77700000000621,,6.0,,
49.780100000006215,,6.0,,
49.780100000006215,,5.0,,
49.78170000000477,,6.0,,
49.78320000000622,,6.0,,
49.78320000000622,,5.0,,
49.78630000000622,,5.0,,
49.78630000000622,,4.0,,
49.789400000006225,,4.0,,
49.789400000006225,,3.0,,
49.79185000000477,,4.0,,
49.79250000000623,,4.0,,
49.79250000000623,,3.0,,
49.79560000000623,,3.0,,
49.79560000000623,,2.0,,
49.798700000006235,,2.0,,
49.798700000006235,,1.0,,
49.80000000000044,,,0.0,0.0
49.80180000000624,,1.0,,
49.80180000000624,,0.0,,
49.802000000004774,,1.0,,
49.80490000000624,,1.0,,
49.80490000000624,,0.0,,
49.808000000006246,,0.0,,
49.81215000000478,,1.0,,
49.82230000000478,,2.0,,
49.83245000000478,,3.0,,
49.83280500000095,0.0,,,
49.842600000004786,,4.0,,
49.85275000000479,,5.0,,
49.86290000000479,,6.0,,
49.873050000004795,,7.0,,
49.8832000000048,,8.0,,
49.8933500000048,,9.0,,
49.90000000000044,,,0.0,0.0
49.903500000004804,,10.0,,
49.90800000000625,,10.0,,
49.90800000000625,,9.0,,
49.91110000000625,,9.0,,
49.91110000000625,,8.0,,
49.91365000000481,,9.0,,
49.914200000006254,,9.0,,
49.914200000006254,,8.0,,
49.91730000000626,,8.0,,
49.91730000000626,,7.0,,
49.92040000000626,,7.0,,
49.92040000000626,,6.0,,
49.923500000006264,,6.0,,
49.923500000006264,,5.0,,
49.92380000000481,,6.0,,
49.92660000000627,,6.0,,
49.92660000000627,,5.0,,
49.92970000000627,,5.0,,
49.92970000000627,,4.0,,
49.932800000006274,,4.0,,
49.932800000006274,,3.0,,
49.932805000000954,0.0,,,
49.93395000000481,,4.0,,
49.93590000000628,,4.0,,
49.93590000000628,,3.0,,
49.93900000000628,,3.0,,
49.93900000000628,,2.0,,
49.942100000006285,,2.0,,
49.942100000006285,,1.0,,
49.944100000004816,,2.0,,
49.94520000000629,,2.0,,
49.94520000000629,,1.0,,
49.94830000000629,,1.0,,
49.94830000000629,,0.0,,
49.951400000006295,,0.0,,
49.95425000000482,,1.0,,
49.96440000000482,,2.0,,
49.974550000004825,,3.0,,
49.98470000000483,,4.0,,
49.99485000000483,,5.0,,
50.00000000000044,,,0.0,0.0
50.005000000004834,,6.0,,
50.01515000000484,,7.0,,
50.02530000000484,,8.0,,
50.032805000000955,0.0,,,
50.03545000000484,,9.0,,
50.045600000004846,,10.0,,
50.051400000006296,,10.0,,
50.051400000006296,,9.0,,
50.0545000000063,,9.0,,
50.0545000000063,,8.0,,
50.05575000000485,,9.0,,
50.0576000000063,,9.0,,
50.0576000000063,,8.0,,
50.06070000000631,,8.0,,
50.06070000000631,,7.0,,
50.06380000000631,,7.0,,
50.06380000000631,,6.0,,
50.06590000000485,,7.0,,
50.066900000006314,,7.0,,
50.066900000006314,,6.0,,
50.07000000000632,,6.0,,
50.07000000000632,,5.0,,
50.07310000000632,,5.0,,
50.07310000000632,,4.0,,
50.076050000004855,,5.0,,
50.076200000006324,,5.0,,
50.076200000006324,,4.0,,
50.07930000000633,,4.0,,
50.07930000000633,,3.0,,
50.08240000000633,,3.0,,
50.08240000000633,,2.0,,
50.085500000006334,,2.0,,
50.085500000006334,,1.0,,
50.08620000000486,,2.0,,
50.08860000000634,,2.0,,
50.08860000000634,,1.0,,
50.09170000000634,,1.0,,
50.09170000000634,,0.0,,
50.094800000006344,,0.0,,
50.09635000000486,,1.0,,
50.10000000000044,,,0.0,0.0
50.106500000004864,,2.0,,
50.11665000000487,,3.0,,
50.12680000000487,,4.0,,
50.13280500000096,0.0,,,
50.13695000000487,,5.0,,
50.147100000004876,,6.0,,
50.15725000000488,,7.0,,
50.16740000000488,,8.0,,
50.177550000004885,,9.0,,
50.18770000000489,,10.0,,
50.194800000006346,,10.0,,
50.194800000006346,,9.0,,
50.19785000000489,,10.0,,
50.19790000000635,,10.0,,
50.19790000000635,,9.0,,
50.20000000000044,,,0.0,0.0
50.20100000000635,,9.0,,
50.20100000000635,,8.0,,
50.204100000006356,,8.0,,
50.204100000006356,,7.0,,
50.20720000000636,,7.0,,
50.20720000000636,,6.0,,
50.208000000004894,,7.0,,
50.21030000000636,,7.0,,
50.21030000000636,,6.0,,
50.21340000000637,,6.0,,
50.21340000000637,,5.0,,
50.21650000000637,,5.0,,
50.21650000000637,,4.0,,
50.2181500000049,,5.0,,
50.21960000000637,,5.0,,
50.21960000000637,,4.0,,
50.22270000000638,,4.0,,
50.22270000000638,,3.0,,
50.22580000000638,,3.0,,
50.22580000000638,,2.0,,
50.2283000000049,,3.0,,
50.228900000006384,,3.0,,
50.228900000006384,,2.0,,
50.23200000000639,,2.0,,
50.23200000000639,,1.0,,
50.23280500000096,0.0,,,
50.23510000000639,,1.0,,
50.23510000000639,,0.0,,
50.238200000006394,,0.0,,
50.2384500000049,,1.0,,
50.248600000004906,,2.0,,
50.25875000000491,,3.0,,
50.26890000000491,,4.0,,
50.279050000004915,,5.0,,
50.28920000000492,,6.0,,
50.29935000000492,,7.0,,
50.300000000000445,,,0.0,0.0
50.309500000004924,,8.0,,
50.31965000000493,,9.0,,
50.32980000000493,,10.0,,
50.33280500000096,0.0,,,
50.338200000006395,,10.0,,
50.338200000006395,,9.0,,
50.33995000000493,,10.0,,
50.3413000000064,,10.0,,
50.3413000000064,,9.0,,
50.3444000000064,,9.0,,
50.3444000000064,,8.0,,
50.347500000006406,,8.0,,
50.347500000006406,,7.0,,
50.350100000004936,,8.0,,
50.35060000000641,,8.0,,
50.35060000000641,,7.0,,
50.35370000000641,,7.0,,
50.35370000000641,,6.0,,
50.356800000006416,,6.0,,
50.356800000006416,,5.0,,
50.35990000000642,,5.0,,
50.35990000000642,,4.0,,
50.36025000000494,,5.0,,
50.36300000000642,,5.0,,
50.36300000000642,,4.0,,
50.366100000006426,,4.0,,
50.366100000006426,,3.0,,
50.36920000000643,,3.0,,
50.36920000000643,,2.0,,
50.37040000000494,,3.0,,
50.37230000000643,,3.0,,
50.37230000000643,,2.0,,
50.37540000000644,,2.0,,
50.37540000000644,,1.0,,
50.37850000000644,,1.0,,
50.37850000000644,,0.0,,
50.380550000004945,,1.0,,
50.38160000000644,,1.0,,
50.38160000000644,,0.0,,
50.38470000000645,,0.0,,
50.39070000000495,,1.0,,
50.400000000000446,,,0.0,0.0
50.40085000000495,,2.0,,
50.411000000004954,,3.0,,
50.42115000000496,,4.0,,
50.43130000000496,,5.0,,
50.43280500000096,0.0,,,
50.44145000000496,,6.0,,
50.451600000004966,,7.0,,
50.46175000000497,,8.0,,
50.47190000000497,,9.0,,
50.482050000004975,,10.0,,
50.48470000000645,,10.0,,
50.48470000000645,,9.0,,
50.48780000000645,,9.0,,
50.48780000000645,,8.0,,
50.490900000006455,,8.0,,
50.490900000006455,,7.0,,
50.49220000000498,,8.0,,
50.49400000000646,,8.0,,
50.49400000000646,,7.0,,
50.49710000000646,,7.0,,
50.49710000000646,,6.0,,
50.50000000000045,,,0.0,0.0
50.500200000006465,,6.0,,
50.500200000006465,,5.0,,
50.50235000000498,,6.0,,
50.50330000000647,,6.0,,
50.50330000000647,,5.0,,
50.50640000000647,,5.0,,
50.50640000000647,,4.0,,
50.509500000006476,,4.0,,
50.509500000006476,,3.0,,
50.512500000004984,,4.0,,
50.51260000000648,,4.0,,
50.51260000000648,,3.0,,
50.51570000000648,,3.0,,
50.51570000000648,,2.0,,
50.518800000006486,,2.0,,
50.518800000006486,,1.0,,
50.52190000000649,,1.0,,
50.52190000000649,,0.0,,
50.52265000000499,,1.0,,
50.52500000000649,,1.0,,
50.52500000000649,,0.0,,
50.528100000006496,,0.0,,
50.53280000000499,,1.0,,
50.53280500000096,0.0,,,
50.54295000000499,,2.0,,
50.553100000004996,,3.0,,
50.563250000005,,4.0,,
50.573400000005,,5.0,,
50.583550000005005,,6.0,,
50.59370000000501,,7.0,,
50.60000000000045,,,0.0,0.0
50.60385000000501,,8.0,,
50.614000000005014,,9.0,,
50.62415000000502,,10.0,,
50.6281000000065,,10.0,,
50.6281000000065,,9.0,,
50.6312000000065,,9.0,,
50.6312000000065,,8.0,,
50.632805000000964,0.0,,,
50.63430000000502,,9.0,,
50.634300000006505,,9.0,,
50.634300000006505,,8.0,,
50.63740000000651,,8.0,,
50.63740000000651,,7.0,,
50.64050000000651,,7.0,,
50.64050000000651,,6.0,,
50.643600000006515,,6.0,,
50.643600000006515,,5.0,,
50.64445000000502,,6.0,,
50.64670000000652,,6.0,,
50.64670000000652,,5.0,,
50.64980000000652,,5.0,,
50.64980000000652,,4.0,,
50.652900000006525,,4.0,,
50.652900000006525,,3.0,,
50.654600000005026,,4.0,,
50.65600000000653,,4.0,,
50.65600000000653,,3.0,,
50.65910000000653,,3.0,,
50.65910000000653,,2.0,,
50.662200000006536,,2.0,,
50.662200000006536,,1.0,,
50.66475000000503,,2.0,,
50.66530000000654,,2.0,,
50.66530000000654,,1.0,,
50.66840000000654,,1.0,,
50.66840000000654,,0.0,,
50.671500000006546,,0.0,,
50.67490000000503,,1.0,,
50.685050000005035,,2.0,,
50.69520000000504,,3.0,,
50.70000000000045,,,0.0,0.0
50.70535000000504,,4.0,,
50.71550000000504,,5.0,,
50.72565000000505,,6.0,,
50.732805000000965,0.0,,,
50.73580000000505,,7.0,,
50.74595000000505,,8.0,,
50.756100000005056,,9.0,,
50.76625000000506,,10.0,,
50.77150000000655,,10.0,,
50.77150000000655,,9.0,,
50.77460000000655,,9.0,,
50.77460000000655,,8.0,,
50.77640000000506,,9.0,,
50.777700000006554,,9.0,,
50.777700000006554,,8.0,,
50.78080000000656,,8.0,,
50.78080000000656,,7.0,,
50.78390000000656,,7.0,,
50.78390000000656,,6.0,,
50.786550000005064,,7.0,,
50.787000000006564,,7.0,,
50.787000000006564,,6.0,,
50.79010000000657,,6.0,,
50.79010000000657,,5.0,,
50.79320000000657,,5.0,,
50.79320000000657,,4.0,,
50.796300000006575,,4.0,,
50.796300000006575,,3.0,,
50.79670000000507,,4.0,,
50.79940000000658,,4.0,,
50.79940000000658,,3.0,,
50.80000000000045,,,0.0,0.0
50.80250000000658,,3.0,,
50.80250000000658,,2.0,,
50.805600000006585,,2.0,,
50.805600000006585,,1.0,,
50.80685000000507,,2.0,,
50.80870000000659,,2.0,,
50.80870000000659,,1.0,,
50.81180000000659,,1.0,,
50.81180000000659,,0.0,,
50.814900000006595,,0.0,,
50.81700000000507,,1.0,,
50.827150000005076,,2.0,,
50.83280500000097,0.0,,,
50.83730000000508,,3.0,,
50.84745000000508,,4.0,,
50.857600000005085,,5.0,,
50.86775000000509,,6.0,,
50.87790000000509,,7.0,,
50.888050000005094,,8.0,,
50.8982000000051,,9.0,,
50.90000000000045,,,0.0,0.0
50.9083500000051,,10.0,,
50.9149000000066,,10.0,,
50.9149000000066,,9.0,,
50.9180000000066,,9.0,,
50.9180000000066,,8.0,,
50.9185000000051,,9.0,,
50.921100000006604,,9.0,,
50.921100000006604,,8.0,,
50.92420000000661,,8.0,,
50.92420000000661,,7.0,,
50.92730000000661,,7.0,,
50.92730000000661,,6.0,,
50.928650000005106,,7.0,,
50.930400000006614,,7.0,,
50.930400000006614,,6.0,,
50.93280500000097,0.0,,,
50.93350000000662,,6.0,,
50.93350000000662,,5.0,,
50.93660000000662,,5.0,,
50.93660000000662,,4.0,,
50.93880000000511,,5.0,,
50.939700000006624,,5.0,,
50.939700000006624,,4.0,,
50.94280000000663,,4.0,,
50.94280000000663,,3.0,,
50.94590000000663,,3.0,,
50.94590000000663,,2.0,,
50.94895000000511,,3.0,,
50.949000000006635,,3.0,,
50.949000000006635,,2.0,,
50.95210000000664,,2.0,,
50.95210000000664,,1.0,,
50.95520000000664,,1.0,,
50.95520000000664,,0.0,,
50.958300000006645,,0.0,,
50.959100000005115,,1.0,,
50.96925000000512,,2.0,,
50.97940000000512,,3.0,,
50.989550000005124,,4.0,,
50.99970000000513,,5.0,,
51.000000000000455,,,0.0,0.0
51.00985000000513,,6.0,,
51.02000000000513,,7.0,,
51.030150000005136,,8.0,,
51.03280500000097,0.0,,,
51.04030000000514,,9.0,,
51.05045000000514,,10.0,,
51.058300000006646,,10.0,,
51.058300000006646,,9.0,,
51.060600000005145,,10.0,,
51.06140000000665,,10.0,,
51.06140000000665,,9.0,,
51.06450000000665,,9.0,,
51.06450000000665,,8.0,,
51.06760000000666,,8.0,,
51.06760000000666,,7.0,,
51.07070000000666,,7.0,,
51.07070000000666,,6.0,,
51.07075000000515,,7.0,,
51.07380000000666,,7.0,,
51.07380000000666,,6.0,,
51.07690000000667,,6.0,,
51.07690000000667,,5.0,,
51.08000000000667,,5.0,,
51.08000000000667,,4.0,,
51.08090000000515,,5.0,,
51.083100000006674,,5.0,,
51.083100000006674,,4.0,,
51.08620000000668,,4.0,,
51.08620000000668,,3.0,,
51.08930000000668,,3.0,,
51.08930000000668,,2.0,,
51.091050000005154,,3.0,,
51.092400000006684,,3.0,,
51.092400000006684,,2.0,,
51.09550000000669,,2.0,,
51.09550000000669,,1.0,,
51.09860000000669,,1.0,,
51.09860000000669,,0.0,,
51.100000000000456,,,0.0,0.0
51.10120000000516,,1.0,,
51.101700000006694,,1.0,,
51.101700000006694,,0.0,,
51.1048000000067,,0.0,,
51.11135000000516,,1.0,,
51.12150000000516,,2.0,,
51.131650000005166,,3.0,,
51.13280500000097,0.0,,,
51.14180000000517,,4.0,,
51.15195000000517,,5.0,,
51.162100000005175,,6.0,,
51.17225000000518,,7.0,,
51.18240000000518,,8.0,,
51.192550000005184,,9.0,,
51.20000000000046,,,0.0,0.0
51.20270000000519,,10.0,,
51.2048000000067,,10.0,,
51.2048000000067,,9.0,,
51.2079000000067,,9.0,,
51.2079000000067,,8.0,,
51.211000000006706,,8.0,,
51.211000000006706,,7.0,,
51.21285000000519,,8.0,,
51.21410000000671,,8.0,,
51.21410000000671,,7.0,,
51.21720000000671,,7.0,,
51.21720000000671,,6.0,,
51.220300000006716,,6.0,,
51.220300000006716,,5.0,,
51.22300000000519,,6.0,,
51.22340000000672,,6.0,,
51.22340000000672,,5.0,,
51.22650000000672,,5.0,,
51.22650000000672,,4.0,,
51.22960000000673,,4.0,,
51.22960000000673,,3.0,,
51.23270000000673,,3.0,,
51.23270000000673,,2.0,,
51.23280500000097,0.0,,,
51.233150000005196,,3.0,,
51.23580000000673,,3.0,,
51.23580000000673,,2.0,,
51.23890000000674,,2.0,,
51.23890000000674,,1.0,,
51.24200000000674,,1.0,,
51.24200000000674,,0.0,,
51.2433000000052,,1.0,,
51.245100000006744,,1.0,,
51.245100000006744,,0.0,,
51.24820000000675,,0.0,,
51.2534500000052,,1.0,,
51.263600000005205,,2.0,,
51.27375000000521,,3.0,,
51.28390000000521,,4.0,,
51.294050000005214,,5.0,,
51.30000000000046,,,0.0,0.0
51.30420000000522,,6.0,,
51.31435000000522,,7.0,,
51.32450000000522,,8.0,,
51.332805000000974,0.0,,,
51.334650000005226,,9.0,,
51.34480000000523,,10.0,,
51.34820000000675,,10.0,,
51.34820000000675,,9.0,,
51.35130000000675,,9.0,,
51.35130000000675,,8.0,,
51.354400000006756,,8.0,,
51.354400000006756,,7.0,,
51.35495000000523,,8.0,,
51.35750000000676,,8.0,,
51.35750000000676,,7.0,,
51.36060000000676,,7.0,,
51.36060000000676,,6.0,,
51.363700000006766,,6.0,,
51.363700000006766,,5.0,,
51.365100000005235,,6.0,,
51.36680000000677,,6.0,,
51.36680000000677,,5.0,,
51.36990000000677,,5.0,,
51.36990000000677,,4.0,,
51.373000000006776,,4.0,,
51.373000000006776,,3.0,,
51.37525000000524,,4.0,,
51.37610000000678,,4.0,,
51.37610000000678,,3.0,,
51.37920000000678,,3.0,,
51.37920000000678,,2.0,,
51.382300000006786,,2.0,,
51.382300000006786,,1.0,,
51.38540000000524,,2.0,,
51.38540000000679,,2.0,,
51.38540000000679,,1.0,,
51.38850000000679,,1.0,,
51.38850000000679,,0.0,,
51.3916000000068,,0.0,,
51.395550000005244,,1.0,,
51.40000000000046,,,0.0,0.0
51.40570000000525,,2.0,,
51.41585000000525,,3.0,,
51.42600000000525,,4.0,,
51.432805000000975,0.0,,,
51.436150000005256,,5.0,,
51.44630000000526,,6.0,,
51.45645000000526,,7.0,,
51.466600000005265,,8.0,,
51.47675000000527,,9.0,,
51.48690000000527,,10.0,,
51.4916000000068,,10.0,,
51.4916000000068,,9.0,,
51.4947000000068,,9.0,,
51.4947000000068,,8.0,,
51.497050000005274,,9.0,,
51.497800000006805,,9.0,,
51.497800000006805,,8.0,,
51.50000000000046,,,0.0,0.0
51.50090000000681,,8.0,,
51.50090000000681,,7.0,,
51.50400000000681,,7.0,,
51.50400000000681,,6.0,,
51.507100000006815,,6.0,,
51.507100000006815,,5.0,,
51.50720000000528,,6.0,,
51.51020000000682,,6.0,,
51.51020000000682,,5.0,,
51.51330000000682,,5.0,,
51.51330000000682,,4.0,,
51.516400000006826,,4.0,,
51.516400000006826,,3.0,,
51.51735000000528,,4.0,,
51.51950000000683,,4.0,,
51.51950000000683,,3.0,,
51.52260000000683,,3.0,,
51.52260000000683,,2.0,,
51.525700000006836,,2.0,,
51.525700000006836,,1.0,,
51.52750000000528,,2.0,,
51.52880000000684,,2.0,,
51.52880000000684,,1.0,,
51.53190000000684,,1.0,,
51.53190000000684,,0.0,,
51.53280500000098,0.0,,,
51.535000000006846,,0.0,,
51.537650000005286,,1.0,,
51.54780000000529,,2.0,,
51.55795000000529,,3.0,,
51.568100000005295,,4.0,,
51.5782500000053,,5.0,,
51.5884000000053,,6.0,,
51.598550000005304,,7.0,,
51.60000000000046,,,0.0,0.0
51.60870000000531,,8.0,,
51.61885000000531,,9.0,,
51.62900000000531,,10.0,,
51.63280500000098,0.0,,,
51.63500000000685,,10.0,,
51.63500000000685,,9.0,,
51.63810000000685,,9.0,,
51.63810000000685,,8.0,,
51.639150000005316,,9.0,,
51.641200000006855,,9.0,,
51.641200000006855,,8.0,,
51.64430000000686,,8.0,,
51.64430000000686,,7.0,,
51.64740000000686,,7.0,,
51.64740000000686,,6.0,,
51.64930000000532,,7.0,,
51.650500000006865,,7.0,,
51.650500000006865,,6.0,,
51.65360000000687,,6.0,,
51.65360000000687,,5.0,,
51.65670000000687,,5.0,,
51.65670000000687,,4.0,,
51.65945000000532,,5.0,,
51.659800000006875,,5.0,,
51.659800000006875,,4.0,,
51.66290000000688,,4.0,,
51.66290000000688,,3.0,,
51.66600000000688,,3.0,,
51.66600000000688,,2.0,,
51.669100000006885,,2.0,,
51.669100000006885,,1.0,,
51.669600000005325,,2.0,,
51.67220000000689,,2.0,,
51.67220000000689,,1.0,,
51.67530000000689,,1.0,,
51.67530000000689,,0.0,,
51.678400000006896,,0.0,,
51.67975000000533,,1.0,,
51.68990000000533,,2.0,,
51.700000000000465,,,0.0,0.0
51.700050000005334,,3.0,,
51.71020000000534,,4.0,,
51.72035000000534,,5.0,,
51.73050000000534,,6.0,,
51.73280500000098,0.0,,,
51.740650000005346,,7.0,,
51.75080000000535,,8.0,,
51.76095000000535,,9.0,,
51.771100000005355,,10.0,,
51.7784000000069,,10.0,,
51.7784000000069,,9.0,,
51.78125000000536,,10.0,,
51.7815000000069,,10.0,,
51.7815000000069,,9.0,,
51.784600000006904,,9.0,,
51.784600000006904,,8.0,,
51.78770000000691,,8.0,,
51.78770000000691,,7.0,,
51.79080000000691,,7.0,,
51.79080000000691,,6.0,,
51.79140000000536,,7.0,,
51.793900000006914,,7.0,,
51.793900000006914,,6.0,,
51.79700000000692,,6.0,,
51.79700000000692,,5.0,,
51.800000000000466,,,0.0,0.0
51.80010000000692,,5.0,,
51.80010000000692,,4.0,,
51.80155000000536,,5.0,,
51.803200000006925,,5.0,,
51.803200000006925,,4.0,,
51.80630000000693,,4.0,,
51.80630000000693,,3.0,,
51.80940000000693,,3.0,,
51.80940000000693,,2.0,,
51.81170000000537,,3.0,,
51.812500000006935,,3.0,,
51.812500000006935,,2.0,,
51.81560000000694,,2.0,,
51.81560000000694,,1.0,,
51.81870000000694,,1.0,,
51.81870000000694,,0.0,,
51.821800000006945,,0.0,,
51.82185000000537,,1.0,,
51.83200000000537,,2.0,,
51.83280500000098,0.0,,,
51.842150000005375,,3.0,,
51.85230000000538,,4.0,,
51.86245000000538,,5.0,,
51.872600000005384,,6.0,,
51.88275000000539,,7.0,,
51.89290000000539,,8.0,,
51.90000000000047,,,0.0,0.0
51.90305000000539,,9.0,,
51.913200000005396,,10.0,,
51.92180000000695,,10.0,,
51.92180000000695,,9.0,,
51.9233500000054,,10.0,,
51.92490000000695,,10.0,,
51.92490000000695,,9.0,,
51.92800000000695,,9.0,,
51.92800000000695,,8.0,,
51.93110000000696,,8.0,,
51.93110000000696,,7.0,,
51.93280500000098,0.0,,,
51.93420000000696,,7.0,,
51.93420000000696,,6.0,,
51.937300000006964,,6.0,,
51.937300000006964,,5.0,,
51.94040000000697,,5.0,,
51.94040000000697,,4.0,,
51.94350000000697,,4.0,,
51.94350000000697,,3.0,,
51.946600000006974,,3.0,,
51.946600000006974,,2.0,,
51.94970000000698,,2.0,,
51.94970000000698,,1.0,,
51.95280000000698,,1.0,,
51.95280000000698,,0.0,,
51.955900000006984,,0.0,,
52.00000000000047,,,0.0,0.0
52.032805000000984,0.0,,,
52.033500000005404,,1.0,,
52.04365000000541,,2.0,,
52.05380000000541,,3.0,,
52.055900000006986,,3.0,,
52.055900000006986,,2.0,,
52.05900000000699,,2.0,,
52.05900000000699,,1.0,,
52.06210000000699,,1.0,,
52.06210000000699,,0.0,,
52.06395000000541,,1.0,,
52.065200000006996,,1.0,,
52.065200000006996,,0.0,,
52.068300000007,,0.0,,
52.074100000005416,,1.0,,
52.08425000000542,,2.0,,
52.09440000000542,,3.0,,
52.10000000000047,,,0.0,0.0
52.104550000005425,,4.0,,
52.132805000000985,0.0,,,
52.168300000007,,4.0,,
52.168300000007,,3.0,,
52.171400000007004,,3.0,,
52.171400000007004,,2.0,,
52.17450000000701,,2.0,,
52.17450000000701,,1.0,,
52.17760000000701,,1.0,,
52.17760000000701,,0.0,,
52.180700000007015,,0.0,,
52.20000000000047,,,0.0,0.0
52.23280500000099,0.0,,,
52.280700000007016,,0.0,,
52.30000000000047,,,0.0,0.0
52.33280500000099,0.0,,,
52.38070000000702,,0.0,,
52.400000000000475,,,0.0,0.0
52.43280500000099,0.0,,,
52.48070000000702,,0.0,,
52.500000000000476,,,0.0,0.0
52.51470000000543,,1.0,,
52.524850000005436,,2.0,,
52.53280500000099,0.0,,,
52.53500000000544,,3.0,,
52.54515000000544,,4.0,,
52.555300000005445,,5.0,,
52.56545000000545,,6.0,,
52.57560000000545,,7.0,,
52.58070000000702,,7.0,,
52.58070000000702,,6.0,,
52.583800000007024,,6.0,,
52.583800000007024,,5.0,,
52.585750000005454,,6.0,,
52.58690000000703,,6.0,,
52.58690000000703,,5.0,,
52.59000000000703,,5.0,,
52.59000000000703,,4.0,,
52.593100000007034,,4.0,,
52.593100000007034,,3.0,,
52.59590000000546,,4.0,,
52.59620000000704,,4.0,,
52.59620000000704,,3.0,,
52.59930000000704,,3.0,,
52.59930000000704,,2.0,,
52.60000000000048,,,0.0,0.0
52.602400000007044,,2.0,,
52.602400000007044,,1.0,,
52.60550000000705,,1.0,,
52.60550000000705,,0.0,,
52.60605000000546,,1.0,,
52.60860000000705,,1.0,,
52.60860000000705,,0.0,,
52.611700000007055,,0.0,,
52.61620000000546,,1.0,,
52.626350000005466,,2.0,,
52.63280500000099,0.0,,,
52.70000000000048,,,0.0,0.0
52.711700000007056,,2.0,,
52.711700000007056,,1.0,,
52.71480000000706,,1.0,,
52.71480000000706,,0.0,,
52.71790000000706,,0.0,,
52.732805000000994,0.0,,,
52.80000000000048,,,0.0,0.0
52.817900000007064,,0.0,,
52.832805000000995,0.0,,,
52.90000000000048,,,0.0,0.0
52.917900000007066,,0.0,,
52.932805000001,0.0,,,
53.00000000000048,,,0.0,0.0
53.01790000000707,,0.0,,
53.032805000001,0.0,,,
53.100000000000485,,,0.0,0.0
53.11790000000707,,0.0,,
53.132805000001,0.0,,,
53.200000000000486,,,0.0,0.0
53.21790000000707,,0.0,,
53.232805000001,0.0,,,
53.30000000000049,,,0.0,0.0
53.31790000000707,,0.0,,
53.332805000001,0.0,,,
53.40000000000049,,,0.0,0.0
53.41790000000707,,0.0,,
53.432805000001004,0.0,,,
53.50000000000049,,,0.0,0.0
53.517900000007074,,0.0,,
53.532805000001005,0.0,,,
53.60000000000049,,,0.0,0.0
53.617900000007076,,0.0,,
53.63280500000101,0.0,,,
53.70000000000049,,,0.0,0.0
53.71790000000708,,0.0,,
53.73280500000101,0.0,,,
53.800000000000495,,,0.0,0.0
53.81790000000708,,0.0,,
53.83280500000101,0.0,,,
53.900000000000496,,,0.0,0.0
53.91790000000708,,0.0,,
53.93280500000101,0.0,,,
54.0000000000005,,,0.0,0.0
54.01790000000708,,0.0,,
54.03280500000101,0.0,,,
54.1000000000005,,,0.0,0.0
54.11790000000708,,0.0,,
54.132805000001014,0.0,,,
54.2000000000005,,,0.0,0.0
54.217900000007084,,0.0,,
54.232805000001015,0.0,,,
54.3000000000005,,,0.0,0.0
54.317900000007086,,0.0,,
54.33280500000102,0.0,,,
54.4000000000005,,,0.0,0.0
54.41790000000709,,0.0,,
54.43280500000102,0.0,,,
54.500000000000504,,,0.0,0.0
54.51790000000709,,0.0,,
54.53280500000102,0.0,,,
54.600000000000506,,,0.0,0.0
54.61790000000709,,0.0,,
54.63280500000102,0.0,,,
54.70000000000051,,,0.0,0.0
54.71790000000709,,0.0,,
54.73280500000102,0.0,,,
54.80000000000051,,,0.0,0.0
54.81790000000709,,0.0,,
54.832805000001024,0.0,,,
54.90000000000051,,,0.0,0.0
54.917900000007094,,0.0,,
54.932805000001025,0.0,,,
55.00000000000051,,,0.0,0.0
55.017900000007096,,0.0,,
55.03280500000103,0.0,,,
55.10000000000051,,,0.0,0.0
55.1179000000071,,0.0,,
55.13280500000103,0.0,,,
55.200000000000514,,,0.0,0.0
55.2179000000071,,0.0,,
55.23280500000103,0.0,,,
55.300000000000516,,,0.0,0.0
55.3179000000071,,0.0,,
55.33280500000103,0.0,,,
55.40000000000052,,,0.0,0.0
55.4179000000071,,0.0,,
55.43280500000103,0.0,,,
55.50000000000052,,,0.0,0.0
55.5179000000071,,0.0,,
55.532805000001034,0.0,,,
55.60000000000052,,,0.0,0.0
55.617900000007104,,0.0,,
55.632805000001035,0.0,,,
55.70000000000052,,,0.0,0.0
55.717900000007106,,0.0,,
55.732805000001036,0.0,,,
55.80000000000052,,,0.0,0.0
55.81790000000711,,0.0,,
55.83280500000104,0.0,,,
55.900000000000524,,,0.0,0.0
55.91790000000711,,0.0,,
55.93280500000104,0.0,,,
56.000000000000526,,,0.0,0.0
56.01790000000711,,0.0,,
56.03280500000104,0.0,,,
56.10000000000053,,,0.0,0.0
56.11790000000711,,0.0,,
56.13280500000104,0.0,,,
56.20000000000053,,,0.0,0.0
56.21790000000711,,0.0,,
56.23280500000104,0.0,,,
56.30000000000053,,,0.0,0.0
56.317900000007114,,0.0,,
56.332805000001045,0.0,,,
56.40000000000053,,,0.0,0.0
56.417900000007116,,0.0,,
56.432805000001046,0.0,,,
56.50000000000053,,,0.0,0.0
56.51790000000712,,0.0,,
56.53280500000105,0.0,,,
56.600000000000534,,,0.0,0.0
56.61790000000712,,0.0,,
56.63280500000105,0.0,,,
56.700000000000536,,,0.0,0.0
56.71790000000712,,0.0,,
56.73280500000105,0.0,,,
56.80000000000054,,,0.0,0.0
56.81790000000712,,0.0,,
56.83280500000105,0.0,,,
56.90000000000054,,,0.0,0.0
56.91790000000712,,0.0,,
56.93280500000105,0.0,,,
57.00000000000054,,,0.0,0.0
57.017900000007124,,0.0,,
57.032805000001055,0.0,,,
57.10000000000054,,,0.0,0.0
57.117900000007126,,0.0,,
57.132805000001056,0.0,,,
57.20000000000054,,,0.0,0.0
57.21790000000713,,0.0,,
57.23280500000106,0.0,,,
57.300000000000544,,,0.0,0.0
57.31790000000713,,0.0,,
57.33280500000106,0.0,,,
57.400000000000546,,,0.0,0.0
57.41790000000713,,0.0,,
57.43280500000106,0.0,,,
57.50000000000055,,,0.0,0.0
57.51790000000713,,0.0,,
57.53280500000106,0.0,,,
57.60000000000055,,,0.0,0.0
57.61790000000713,,0.0,,
57.63280500000106,0.0,,,
57.70000000000055,,,0.0,0.0
57.717900000007134,,0.0,,
57.732805000001065,0.0,,,
57.80000000000055,,,0.0,0.0
57.817900000007135,,0.0,,
57.832805000001066,0.0,,,
57.90000000000055,,,0.0,0.0
57.91790000000714,,0.0,,
57.93280500000107,0.0,,,
58.000000000000554,,,0.0,0.0
58.01790000000714,,0.0,,
58.03280500000107,0.0,,,
58.100000000000556,,,0.0,0.0
58.11790000000714,,0.0,,
58.13280500000107,0.0,,,
58.20000000000056,,,0.0,0.0
58.21790000000714,,0.0,,
58.23280500000107,0.0,,,
58.30000000000056,,,0.0,0.0
58.31790000000714,,0.0,,
58.33280500000107,0.0,,,
58.40000000000056,,,0.0,0.0
58.417900000007144,,0.0,,
58.432805000001075,0.0,,,
58.50000000000056,,,0.0,0.0
58.517900000007145,,0.0,,
58.532805000001076,0.0,,,
58.60000000000056,,,0.0,0.0
58.61790000000715,,0.0,,
58.63280500000108,0.0,,,
58.700000000000564,,,0.0,0.0
58.71790000000715,,0.0,,
58.73280500000108,0.0,,,
58.800000000000566,,,0.0,0.0
58.81790000000715,,0.0,,
58.83280500000108,0.0,,,
58.90000000000057,,,0.0,0.0
58.91790000000715,,0.0,,
58.93280500000108,0.0,,,
59.00000000000057,,,0.0,0.0
59.01790000000715,,0.0,,
59.03280500000108,0.0,,,
59.10000000000057,,,0.0,0.0
59.117900000007154,,0.0,,
59.132805000001085,0.0,,,
59.20000000000057,,,0.0,0.0
59.217900000007155,,0.0,,
59.232805000001086,0.0,,,
59.30000000000057,,,0.0,0.0
59.31790000000716,,0.0,,
59.33280500000109,0.0,,,
59.400000000000574,,,0.0,0.0
59.41790000000716,,0.0,,
59.43280500000109,0.0,,,
59.500000000000576,,,0.0,0.0
59.51790000000716,,0.0,,
59.53280500000109,0.0,,,
59.60000000000058,,,0.0,0.0
59.61790000000716,,0.0,,
59.63280500000109,0.0,,,
59.70000000000058,,,0.0,0.0
59.71790000000716,,0.0,,
59.73280500000109,0.0,,,
59.80000000000058,,,0.0,0.0
59.817900000007164,,0.0,,
59.832805000001095,0.0,,,
59.90000000000058,,,0.0,0.0
59.917900000007165,,0.0,,
59.932805000001096,0.0,,,
60.00000000000058,,,0.0,0.0
60.01790000000717,,0.0,,
60.0328050000011,0.0,,,
60.100000000000584,,,0.0,0.0
60.11790000000717,,0.0,,
60.1328050000011,0.0,,,
60.200000000000585,,,0.0,0.0
60.21790000000717,,0.0,,
60.2328050000011,0.0,,,
60.30000000000059,,,0.0,0.0
60.31790000000717,,0.0,,
60.3328050000011,0.0,,,
60.40000000000059,,,0.0,0.0
60.41790000000717,,0.0,,
60.4328050000011,0.0,,,
60.50000000000059,,,0.0,0.0
60.517900000007174,,0.0,,
60.532805000001105,0.0,,,
60.60000000000059,,,0.0,0.0
60.617900000007175,,0.0,,
60.632805000001106,0.0,,,
60.70000000000059,,,0.0,0.0
60.71790000000718,,0.0,,
60.73280500000111,0.0,,,
60.800000000000594,,,0.0,0.0
60.81790000000718,,0.0,,
60.83280500000111,0.0,,,
60.900000000000595,,,0.0,0.0
60.91790000000718,,0.0,,
60.93280500000111,0.0,,,
61.0000000000006,,,0.0,0.0
61.01790000000718,,0.0,,
61.03280500000111,0.0,,,
61.1000000000006,,,0.0,0.0
61.11790000000718,,0.0,,
61.13280500000111,0.0,,,
61.2000000000006,,,0.0,0.0
61.217900000007184,,0.0,,
61.232805000001115,0.0,,,
61.3000000000006,,,0.0,0.0
61.317900000007185,,0.0,,
61.332805000001116,0.0,,,
61.4000000000006,,,0.0,0.0
61.41790000000719,,0.0,,
61.43280500000112,0.0,,,
61.500000000000604,,,0.0,0.0
61.51790000000719,,0.0,,
61.53280500000112,0.0,,,
61.600000000000605,,,0.0,0.0
61.61790000000719,,0.0,,
61.63280500000112,0.0,,,
61.70000000000061,,,0.0,0.0
61.71790000000719,,0.0,,
61.73280500000112,0.0,,,
61.80000000000061,,,0.0,0.0
61.81790000000719,,0.0,,
61.83280500000112,0.0,,,
61.90000000000061,,,0.0,0.0
61.917900000007194,,0.0,,
61.932805000001125,0.0,,,
62.00000000000061,,,0.0,0.0
62.017900000007195,,0.0,,
62.032805000001126,0.0,,,
62.10000000000061,,,0.0,0.0
62.1179000000072,,0.0,,
62.13280500000113,0.0,,,
62.200000000000614,,,0.0,0.0
62.2179000000072,,0.0,,
62.23280500000113,0.0,,,
62.300000000000615,,,0.0,0.0
62.3179000000072,,0.0,,
62.33280500000113,0.0,,,
62.40000000000062,,,0.0,0.0
62.4179000000072,,0.0,,
62.43280500000113,0.0,,,
62.50000000000062,,,0.0,0.0
62.5179000000072,,0.0,,
62.53280500000113,0.0,,,
62.60000000000062,,,0.0,0.0
62.617900000007204,,0.0,,
62.632805000001134,0.0,,,
62.70000000000062,,,0.0,0.0
62.717900000007205,,0.0,,
62.732805000001136,0.0,,,
62.80000000000062,,,0.0,0.0
62.81790000000721,,0.0,,
62.83280500000114,0.0,,,
62.900000000000624,,,0.0,0.0
62.91790000000721,,0.0,,
62.93280500000114,0.0,,,
63.000000000000625,,,0.0,0.0
63.01790000000721,,0.0,,
63.03280500000114,0.0,,,
63.10000000000063,,,0.0,0.0
63.11790000000721,,0.0,,
63.13280500000114,0.0,,,
63.20000000000063,,,0.0,0.0
63.21790000000721,,0.0,,
63.23280500000114,0.0,,,
63.30000000000063,,,0.0,0.0
63.317900000007214,,0.0,,
63.332805000001144,0.0,,,
63.40000000000063,,,0.0,0.0
63.417900000007215,,0.0,,
63.432805000001146,0.0,,,
63.50000000000063,,,0.0,0.0
63.51790000000722,,0.0,,
63.53280500000115,0.0,,,
63.600000000000634,,,0.0,0.0
63.61790000000722,,0.0,,
63.63280500000115,0.0,,,
63.700000000000635,,,0.0,0.0
63.71790000000722,,0.0,,
63.73280500000115,0.0,,,
63.80000000000064,,,0.0,0.0
63.81790000000722,,0.0,,
63.83280500000115,0.0,,,
63.90000000000064,,,0.0,0.0
63.91790000000722,,0.0,,
63.93280500000115,0.0,,,
64.00000000000064,,,0.0,0.0
64.01790000000722,,0.0,,
64.03280500000115,0.0,,,
64.10000000000063,,,0.0,0.0
64.11790000000721,,0.0,,
64.13280500000114,0.0,,,
64.20000000000063,,,0.0,0.0
64.2179000000072,,0.0,,
64.23280500000114,0.0,,,
64.30000000000062,,,0.0,0.0
64.3179000000072,,0.0,,
64.33280500000113,0.0,,,
64.40000000000062,,,0.0,0.0
64.4179000000072,,0.0,,
64.43280500000112,0.0,,,
64.50000000000061,,,0.0,0.0
64.51790000000719,,0.0,,
64.53280500000112,0.0,,,
64.6000000000006,,,0.0,0.0
64.61790000000718,,0.0,,
64.63280500000111,0.0,,,
64.7000000000006,,,0.0,0.0
64.71790000000718,,0.0,,
64.73280500000111,0.0,,,
64.8000000000006,,,0.0,0.0
64.81790000000717,,0.0,,
64.8328050000011,0.0,,,
64.90000000000059,,,0.0,0.0
64.91790000000717,,0.0,,
64.9328050000011,0.0,,,
65.00000000000058,,,0.0,0.0
65.01790000000716,,0.0,,
65.03280500000109,0.0,,,
65.10000000000058,,,0.0,0.0
65.11790000000715,,0.0,,
65.13280500000108,0.0,,,
65.20000000000057,,,0.0,0.0
65.21790000000715,,0.0,,
65.23280500000108,0.0,,,
65.30000000000057,,,0.0,0.0
65.31790000000714,,0.0,,
65.33280500000107,0.0,,,
65.40000000000056,,,0.0,0.0
65.41790000000714,,0.0,,
65.43280500000107,0.0,,,
65.50000000000055,,,0.0,0.0
65.51790000000713,,0.0,,
65.53280500000106,0.0,,,
65.60000000000055,,,0.0,0.0
65.61790000000713,,0.0,,
65.63280500000106,0.0,,,
65.70000000000054,,,0.0,0.0
65.71790000000712,,0.0,,
65.73280500000105,0.0,,,
65.80000000000054,,,0.0,0.0
65.81790000000711,,0.0,,
65.83280500000104,0.0,,,
65.90000000000053,,,0.0,0.0
65.91790000000711,,0.0,,
65.93280500000104,0.0,,,
66.00000000000053,,,0.0,0.0
66.0179000000071,,0.0,,
66.03280500000103,0.0,,,
66.10000000000052,,,0.0,0.0
66.1179000000071,,0.0,,
66.13280500000103,0.0,,,
66.20000000000051,,,0.0,0.0
66.21790000000709,,0.0,,
66.23280500000102,0.0,,,
66.30000000000051,,,0.0,0.0
66.31790000000709,,0.0,,
66.33280500000102,0.0,,,
66.4000000000005,,,0.0,0.0
66.41790000000708,,0.0,,
66.43280500000101,0.0,,,
66.5000000000005,,,0.0,0.0
66.51790000000707,,0.0,,
66.532805000001,0.0,,,
66.60000000000049,,,0.0,0.0
66.61790000000707,,0.0,,
66.632805000001,0.0,,,
66.70000000000049,,,0.0,0.0
66.71790000000706,,0.0,,
66.732805000001,0.0,,,
66.80000000000048,,,0.0,0.0
66.81790000000706,,0.0,,
66.83280500000099,0.0,,,
66.90000000000047,,,0.0,0.0
66.91790000000705,,0.0,,
66.93280500000098,0.0,,,
67.00000000000047,,,0.0,0.0
67.01790000000705,,0.0,,
67.03280500000098,0.0,,,
67.10000000000046,,,0.0,0.0
67.11790000000704,,0.0,,
67.13280500000097,0.0,,,
67.20000000000046,,,0.0,0.0
67.21790000000703,,0.0,,
67.23280500000097,0.0,,,
67.30000000000045,,,0.0,0.0
67.31790000000703,,0.0,,
67.33280500000096,0.0,,,
67.40000000000045,,,0.0,0.0
67.41790000000702,,0.0,,
67.43280500000095,0.0,,,
67.50000000000044,,,0.0,0.0
67.51790000000702,,0.0,,
67.53280500000095,0.0,,,
67.60000000000043,,,0.0,0.0
67.61790000000701,,0.0,,
67.63280500000094,0.0,,,
67.70000000000043,,,0.0,0.0
67.717900000007,,0.0,,
67.73280500000094,0.0,,,
67.80000000000042,,,0.0,0.0
67.817900000007,,0.0,,
67.83280500000093,0.0,,,
67.90000000000042,,,0.0,0.0
67.917900000007,,0.0,,
67.93280500000093,0.0,,,
68.00000000000041,,,0.0,0.0
68.01790000000699,,0.0,,
68.03280500000092,0.0,,,
68.1000000000004,,,0.0,0.0
68.11790000000698,,0.0,,
68.13280500000091,0.0,,,
68.2000000000004,,,0.0,0.0
68.21790000000698,,0.0,,
68.23280500000091,0.0,,,
68.3000000000004,,,0.0,0.0
68.31790000000697,,0.0,,
68.3328050000009,0.0,,,
68.40000000000039,,,0.0,0.0
68.41790000000697,,0.0,,
68.4328050000009,0.0,,,
68.50000000000038,,,0.0,0.0
68.51790000000696,,0.0,,
68.53280500000089,0.0,,,
68.60000000000038,,,0.0,0.0
68.61790000000695,,0.0,,
68.63280500000089,0.0,,,
68.70000000000037,,,0.0,0.0
68.71790000000695,,0.0,,
68.73280500000088,0.0,,,
68.80000000000037,,,0.0,0.0
68.81790000000694,,0.0,,
68.83280500000087,0.0,,,
68.90000000000036,,,0.0,0.0
68.91790000000694,,0.0,,
68.93280500000087,0.0,,,
69.00000000000036,,,0.0,0.0
69.01790000000693,,0.0,,
69.03280500000086,0.0,,,
69.10000000000035,,,0.0,0.0
69.11790000000693,,0.0,,
69.13280500000086,0.0,,,
69.20000000000034,,,0.0,0.0
69.21790000000692,,0.0,,
69.23280500000085,0.0,,,
69.30000000000034,,,0.0,0.0
69.31790000000692,,0.0,,
69.33280500000085,0.0,,,
69.40000000000033,,,0.0,0.0
69.41790000000691,,0.0,,
69.43280500000084,0.0,,,
69.50000000000033,,,0.0,0.0
69.5179000000069,,0.0,,
69.53280500000083,0.0,,,
69.60000000000032,,,0.0,0.0
69.6179000000069,,0.0,,
69.63280500000083,0.0,,,
69.70000000000032,,,0.0,0.0
69.71790000000689,,0.0,,
69.73280500000082,0.0,,,
69.80000000000031,,,0.0,0.0
69.81790000000689,,0.0,,
69.83280500000082,0.0,,,
69.9000000000003,,,0.0,0.0
69.91790000000688,,0.0,,
69.93280500000081,0.0,,,
70.0000000000003,,,0.0,0.0
70.01790000000688,,0.0,,
70.0328050000008,0.0,,,
70.10000000000029,,,0.0,0.0
70.11790000000687,,0.0,,
70.1328050000008,0.0,,,
70.20000000000029,,,0.0,0.0
70.21790000000686,,0.0,,
70.2328050000008,0.0,,,
70.30000000000028,,,0.0,0.0
70.31790000000686,,0.0,,
70.33280500000079,0.0,,,
70.40000000000028,,,0.0,0.0
70.41790000000685,,0.0,,
70.43280500000078,0.0,,,
70.50000000000027,,,0.0,0.0
70.51790000000685,,0.0,,
70.53280500000078,0.0,,,
70.60000000000026,,,0.0,0.0
70.61790000000684,,0.0,,
70.63280500000077,0.0,,,
70.70000000000026,,,0.0,0.0
70.71790000000684,,0.0,,
70.73280500000077,0.0,,,
70.80000000000025,,,0.0,0.0
70.81790000000683,,0.0,,
70.83280500000076,0.0,,,
70.90000000000025,,,0.0,0.0
70.91790000000682,,0.0,,
70.93280500000076,0.0,,,
71.00000000000024,,,0.0,0.0
71.01790000000682,,0.0,,
71.03280500000075,0.0,,,
71.10000000000024,,,0.0,0.0
71.11790000000681,,0.0,,
71.13280500000074,0.0,,,
71.20000000000023,,,0.0,0.0
71.21790000000681,,0.0,,
71.23280500000074,0.0,,,
71.30000000000022,,,0.0,0.0
71.3179000000068,,0.0,,
71.33280500000073,0.0,,,
71.40000000000022,,,0.0,0.0
71.4179000000068,,0.0,,
71.43280500000073,0.0,,,
71.50000000000021,,,0.0,0.0
71.51790000000679,,0.0,,
71.53280500000072,0.0,,,
71.60000000000021,,,0.0,0.0
71.61790000000678,,0.0,,
71.63280500000072,0.0,,,
71.7000000000002,,,0.0,0.0
71.71790000000678,,0.0,,
71.73280500000071,0.0,,,
71.8000000000002,,,0.0,0.0
71.81790000000677,,0.0,,
71.8328050000007,0.0,,,
71.90000000000019,,,0.0,0.0
71.91790000000677,,0.0,,
71.9328050000007,0.0,,,
72.00000000000018,,,0.0,0.0
72.01790000000676,,0.0,,
72.03280500000069,0.0,,,
72.10000000000018,,,0.0,0.0
72.11790000000676,,0.0,,
72.13280500000069,0.0,,,
72.20000000000017,,,0.0,0.0
72.21790000000675,,0.0,,
72.23280500000068,0.0,,,
72.30000000000017,,,0.0,0.0
72.31790000000674,,0.0,,
72.33280500000068,0.0,,,
72.40000000000016,,,0.0,0.0
72.41790000000674,,0.0,,
72.43280500000067,0.0,,,
72.50000000000016,,,0.0,0.0
72.51790000000673,,0.0,,
72.53280500000066,0.0,,,
72.60000000000015,,,0.0,0.0
72.61790000000673,,0.0,,
72.63280500000066,0.0,,,
72.70000000000014,,,0.0,0.0
72.71790000000672,,0.0,,
72.73280500000065,0.0,,,
72.80000000000014,,,0.0,0.0
72.81790000000672,,0.0,,
72.83280500000065,0.0,,,
72.90000000000013,,,0.0,0.0
72.91790000000671,,0.0,,
72.93280500000064,0.0,,,
73.00000000000013,,,0.0,0.0
73.0179000000067,,0.0,,
73.03280500000064,0.0,,,
73.10000000000012,,,0.0,0.0
73.1179000000067,,0.0,,
73.13280500000063,0.0,,,
73.20000000000012,,,0.0,0.0
73.2179000000067,,0.0,,
73.23280500000062,0.0,,,
73.30000000000011,,,0.0,0.0
73.31790000000669,,0.0,,
73.33280500000062,0.0,,,
73.4000000000001,,,0.0,0.0
73.41790000000668,,0.0,,
73.43280500000061,0.0,,,
73.5000000000001,,,0.0,0.0
73.51790000000668,,0.0,,
73.53280500000061,0.0,,,
73.6000000000001,,,0.0,0.0
73.61790000000667,,0.0,,
73.6328050000006,0.0,,,
73.70000000000009,,,0.0,0.0
73.71790000000667,,0.0,,
73.7328050000006,0.0,,,
73.80000000000008,,,0.0,0.0
73.81790000000666,,0.0,,
73.83280500000059,0.0,,,
73.90000000000008,,,0.0,0.0
73.91790000000665,,0.0,,
73.93280500000058,0.0,,,
74.00000000000007,,,0.0,0.0
74.01790000000665,,0.0,,
74.03280500000058,0.0,,,
74.10000000000007,,,0.0,0.0
74.11790000000664,,0.0,,
74.13280500000057,0.0,,,
74.20000000000006,,,0.0,0.0
74.21790000000664,,0.0,,
74.23280500000057,0.0,,,
74.30000000000005,,,0.0,0.0
74.31790000000663,,0.0,,
74.33280500000056,0.0,,,
74.40000000000005,,,0.0,0.0
74.41790000000663,,0.0,,
74.43280500000056,0.0,,,
74.50000000000004,,,0.0,0.0
74.51790000000662,,0.0,,
74.53280500000055,0.0,,,
74.60000000000004,,,0.0,0.0
74.61790000000661,,0.0,,
74.63280500000054,0.0,,,
74.70000000000003,,,0.0,0.0
74.71790000000661,,0.0,,
74.73280500000054,0.0,,,
74.80000000000003,,,0.0,0.0
74.8179000000066,,0.0,,
74.83280500000053,0.0,,,
74.90000000000002,,,0.0,0.0
74.9179000000066,,0.0,,
74.93280500000053,0.0,,,
75.00000000000001,,,0.0,0.0
75.01790000000659,,0.0,,
75.03280500000052,0.0,,,
75.10000000000001,,,0.0,0.0
75.11790000000659,,0.0,,
75.13280500000052,0.0,,,
75.2,,,0.0,0.0
75.21790000000658,,0.0,,
75.23280500000051,0.0,,,
75.3,,,0.0,0.0
75.31790000000657,,0.0,,
75.3328050000005,0.0,,,
75.39999999999999,,,0.0,0.0
75.41790000000657,,0.0,,
75.4328050000005,0.0,,,
75.49999999999999,,,0.0,0.0
75.51790000000656,,0.0,,
75.5328050000005,0.0,,,
75.59999999999998,,,0.0,0.0
75.61790000000656,,0.0,,
75.63280500000049,0.0,,,
75.69999999999997,,,0.0,0.0
75.71790000000655,,0.0,,
75.73280500000048,0.0,,,
75.79999999999997,,,0.0,0.0
75.81790000000655,,0.0,,
75.83280500000048,0.0,,,
75.89999999999996,,,0.0,0.0
75.91790000000654,,0.0,,
75.93280500000047,0.0,,,
75.99999999999996,,,0.0,0.0
76.01790000000653,,0.0,,
76.03280500000047,0.0,,,
76.09999999999995,,,0.0,0.0
76.11790000000653,,0.0,,
76.13280500000046,0.0,,,
76.19999999999995,,,0.0,0.0
76.21790000000652,,0.0,,
76.23280500000045,0.0,,,
76.29999999999994,,,0.0,0.0
76.31790000000652,,0.0,,
76.33280500000045,0.0,,,
76.39999999999993,,,0.0,0.0
76.41790000000651,,0.0,,
76.43280500000044,0.0,,,
76.49999999999993,,,0.0,0.0
76.5179000000065,,0.0,,
76.53280500000044,0.0,,,
76.59999999999992,,,0.0,0.0
76.6179000000065,,0.0,,
76.63280500000043,0.0,,,
76.69999999999992,,,0.0,0.0
76.7179000000065,,0.0,,
76.73280500000043,0.0,,,
76.79999999999991,,,0.0,0.0
76.81790000000649,,0.0,,
76.83280500000042,0.0,,,
76.8999999999999,,,0.0,0.0
76.91790000000648,,0.0,,
76.93280500000041,0.0,,,
76.9999999999999,,,0.0,0.0
77.01790000000648,,0.0,,
77.03280500000041,0.0,,,
77.0999999999999,,,0.0,0.0
77.11790000000647,,0.0,,
77.1328050000004,0.0,,,
77.19999999999989,,,0.0,0.0
77.21790000000647,,0.0,,
77.2328050000004,0.0,,,
77.29999999999988,,,0.0,0.0
77.31790000000646,,0.0,,
77.33280500000039,0.0,,,
77.39999999999988,,,0.0,0.0
77.41790000000645,,0.0,,
77.43280500000039,0.0,,,
77.49999999999987,,,0.0,0.0
77.51790000000645,,0.0,,
77.53280500000038,0.0,,,
77.59999999999987,,,0.0,0.0
77.61790000000644,,0.0,,
77.63280500000037,0.0,,,
77.69999999999986,,,0.0,0.0
77.71790000000644,,0.0,,
77.73280500000037,0.0,,,
77.79999999999986,,,0.0,0.0
77.81790000000643,,0.0,,
77.83280500000036,0.0,,,
77.89999999999985,,,0.0,0.0
77.91790000000643,,0.0,,
77.93280500000036,0.0,,,
77.99999999999984,,,0.0,0.0
78.01790000000642,,0.0,,
78.03280500000035,0.0,,,
78.09999999999984,,,0.0,0.0
78.11790000000641,,0.0,,
78.13280500000035,0.0,,,
78.19999999999983,,,0.0,0.0
78.21790000000641,,0.0,,
78.23280500000034,0.0,,,
78.29999999999983,,,0.0,0.0
78.3179000000064,,0.0,,
78.33280500000033,0.0,,,
78.39999999999982,,,0.0,0.0
78.4179000000064,,0.0,,
78.43280500000033,0.0,,,
78.49999999999982,,,0.0,0.0
78.51790000000639,,0.0,,
78.53280500000032,0.0,,,
78.59999999999981,,,0.0,0.0
78.61790000000639,,0.0,,
78.63280500000032,0.0,,,
78.6999999999998,,,0.0,0.0
78.71790000000638,,0.0,,
78.73280500000031,0.0,,,
78.7999999999998,,,0.0,0.0
78.81790000000638,,0.0,,
78.8328050000003,0.0,,,
78.89999999999979,,,0.0,0.0
78.91790000000637,,0.0,,
78.9328050000003,0.0,,,
78.99999999999979,,,0.0,0.0
79.01790000000636,,0.0,,
79.0328050000003,0.0,,,
79.09999999999978,,,0.0,0.0
79.11790000000636,,0.0,,
79.13280500000029,0.0,,,
79.19999999999978,,,0.0,0.0
79.21790000000635,,0.0,,
79.23280500000028,0.0,,,
79.29999999999977,,,0.0,0.0
79.31790000000635,,0.0,,
79.33280500000028,0.0,,,
79.39999999999976,,,0.0,0.0
79.41790000000634,,0.0,,
79.43280500000027,0.0,,,
79.49999999999976,,,0.0,0.0
79.51790000000634,,0.0,,
79.53280500000027,0.0,,,
79.59999999999975,,,0.0,0.0
79.61790000000633,,0.0,,
79.63280500000026,0.0,,,
79.69999999999975,,,0.0,0.0
79.71790000000632,,0.0,,
79.73280500000025,0.0,,,
79.79999999999974,,,0.0,0.0
79.81790000000632,,0.0,,
79.83280500000025,0.0,,,
79.89999999999974,,,0.0,0.0
79.91790000000631,,0.0,,
79.93280500000024,0.0,,,
79.99999999999973,,,0.0,0.0
80.0179000000063,,0.0,,
80.03280500000024,0.0,,,
80.09999999999972,,,0.0,0.0
80.1179000000063,,0.0,,
80.13280500000023,0.0,,,
80.19999999999972,,,0.0,0.0
80.2179000000063,,0.0,,
80.23280500000023,0.0,,,
80.29999999999971,,,0.0,0.0
80.31790000000629,,0.0,,
80.33280500000022,0.0,,,
80.39999999999971,,,0.0,0.0
80.41790000000628,,0.0,,
80.43280500000022,0.0,,,
80.4999999999997,,,0.0,0.0
80.51790000000628,,0.0,,
80.53280500000021,0.0,,,
80.5999999999997,,,0.0,0.0
80.61790000000627,,0.0,,
80.6328050000002,0.0,,,
80.69999999999969,,,0.0,0.0
80.71790000000627,,0.0,,
80.7328050000002,0.0,,,
80.79999999999968,,,0.0,0.0
80.81790000000626,,0.0,,
80.83280500000019,0.0,,,
80.89999999999968,,,0.0,0.0
80.91790000000626,,0.0,,
80.93280500000019,0.0,,,
80.99999999999967,,,0.0,0.0
81.01790000000625,,0.0,,
81.03280500000018,0.0,,,
81.09999999999967,,,0.0,0.0
81.11790000000624,,0.0,,
81.13280500000018,0.0,,,
81.19999999999966,,,0.0,0.0
81.21790000000624,,0.0,,
81.23280500000017,0.0,,,
81.29999999999966,,,0.0,0.0
81.31790000000623,,0.0,,
81.33280500000016,0.0,,,
81.39999999999965,,,0.0,0.0
81.41790000000623,,0.0,,
81.43280500000016,0.0,,,
81.49999999999964,,,0.0,0.0
81.51790000000622,,0.0,,
81.53280500000015,0.0,,,
81.59999999999964,,,0.0,0.0
81.61790000000622,,0.0,,
81.63280500000015,0.0,,,
81.69999999999963,,,0.0,0.0
81.71790000000621,,0.0,,
81.73280500000014,0.0,,,
81.79999999999963,,,0.0,0.0
81.8179000000062,,0.0,,
81.83280500000014,0.0,,,
81.89999999999962,,,0.0,0.0
81.9179000000062,,0.0,,
81.93280500000013,0.0,,,
81.99999999999962,,,0.0,0.0
82.0179000000062,,0.0,,
82.03280500000012,0.0,,,
82.09999999999961,,,0.0,0.0
82.11790000000619,,0.0,,
82.13280500000012,0.0,,,
82.1999999999996,,,0.0,0.0
82.21790000000618,,0.0,,
82.23280500000011,0.0,,,
82.2999999999996,,,0.0,0.0
82.31790000000618,,0.0,,
82.3328050000001,0.0,,,
82.3999999999996,,,0.0,0.0
82.41790000000617,,0.0,,
82.4328050000001,0.0,,,
82.49999999999959,,,0.0,0.0
82.51790000000616,,0.0,,
82.5328050000001,0.0,,,
82.59999999999958,,,0.0,0.0
82.61790000000616,,0.0,,
82.63280500000009,0.0,,,
82.69999999999958,,,0.0,0.0
82.71790000000615,,0.0,,
82.73280500000008,0.0,,,
82.79999999999957,,,0.0,0.0
82.81790000000615,,0.0,,
82.83280500000008,0.0,,,
82.89999999999957,,,0.0,0.0
82.91790000000614,,0.0,,
82.93280500000007,0.0,,,
82.99999999999956,,,0.0,0.0
83.01790000000614,,0.0,,
83.03280500000007,0.0,,,
83.09999999999955,,,0.0,0.0
83.11790000000613,,0.0,,
83.13280500000006,0.0,,,
83.19999999999955,,,0.0,0.0
83.21790000000613,,0.0,,
83.23280500000006,0.0,,,
83.29999999999954,,,0.0,0.0
83.31790000000612,,0.0,,
83.33280500000005,0.0,,,
83.39999999999954,,,0.0,0.0
83.41790000000611,,0.0,,
83.43280500000004,0.0,,,
83.49999999999953,,,0.0,0.0
83.51790000000611,,0.0,,
83.53280500000004,0.0,,,
83.59999999999953,,,0.0,0.0
83.6179000000061,,0.0,,
83.63280500000003,0.0,,,
83.69999999999952,,,0.0,0.0
83.7179000000061,,0.0,,
83.73280500000003,0.0,,,
83.79999999999951,,,0.0,0.0
83.81790000000609,,0.0,,
83.83280500000002,0.0,,,
83.89999999999951,,,0.0,0.0
83.91790000000609,,0.0,,
83.93280500000002,0.0,,,
83.9999999999995,,,0.0,0.0
84.01790000000608,,0.0,,
84.03280500000001,0.0,,,
84.0999999999995,,,0.0,0.0
84.11790000000607,,0.0,,
84.132805,0.0,,,
84.19999999999949,,,0.0,0.0
84.21790000000607,,0.0,,
84.232805,0.0,,,
84.29999999999949,,,0.0,0.0
84.31790000000606,,0.0,,
84.332805,0.0,,,
84.39999999999948,,,0.0,0.0
84.41790000000606,,0.0,,
84.43280499999999,0.0,,,
84.49999999999947,,,0.0,0.0
84.51790000000605,,0.0,,
84.53280499999998,0.0,,,
84.59999999999947,,,0.0,0.0
84.61790000000605,,0.0,,
84.63280499999998,0.0,,,
84.69999999999946,,,0.0,0.0
84.71790000000604,,0.0,,
84.73280499999997,0.0,,,
84.79999999999946,,,0.0,0.0
84.81790000000603,,0.0,,
84.83280499999996,0.0,,,
84.89999999999945,,,0.0,0.0
84.91790000000603,,0.0,,
84.93280499999996,0.0,,,
84.99999999999945,,,0.0,0.0
85.01790000000602,,0.0,,
85.03280499999995,0.0,,,
85.09999999999944,,,0.0,0.0
85.11790000000602,,0.0,,
85.13280499999995,0.0,,,
85.19999999999943,,,0.0,0.0
85.21790000000601,,0.0,,
85.23280499999994,0.0,,,
85.29999999999943,,,0.0,0.0
85.317900000006,,0.0,,
85.33280499999994,0.0,,,
85.39999999999942,,,0.0,0.0
85.417900000006,,0.0,,
85.43280499999993,0.0,,,
85.49999999999942,,,0.0,0.0
85.517900000006,,0.0,,
85.53280499999993,0.0,,,
85.59999999999941,,,0.0,0.0
85.61790000000599,,0.0,,
85.63280499999992,0.0,,,
85.6999999999994,,,0.0,0.0
85.71790000000598,,0.0,,
85.73280499999991,0.0,,,
85.7999999999994,,,0.0,0.0
85.81790000000598,,0.0,,
85.83280499999991,0.0,,,
85.8999999999994,,,0.0,0.0
85.91790000000597,,0.0,,
85.9328049999999,0.0,,,
85.99999999999939,,,0.0,0.0
86.01790000000597,,0.0,,
86.0328049999999,0.0,,,
86.09999999999938,,,0.0,0.0
86.11790000000596,,0.0,,
86.13280499999989,0.0,,,
86.19999999999938,,,0.0,0.0
86.21790000000595,,0.0,,
86.23280499999989,0.0,,,
86.29999999999937,,,0.0,0.0
86.31790000000595,,0.0,,
86.33280499999988,0.0,,,
86.39999999999937,,,0.0,0.0
86.41790000000594,,0.0,,
86.43280499999987,0.0,,,
86.49999999999936,,,0.0,0.0
86.51790000000594,,0.0,,
86.53280499999987,0.0,,,
86.59999999999935,,,0.0,0.0
86.61790000000593,,0.0,,
86.63280499999986,0.0,,,
86.69999999999935,,,0.0,0.0
86.71790000000593,,0.0,,
86.73280499999986,0.0,,,
86.79999999999934,,,0.0,0.0
86.81790000000592,,0.0,,
86.83280499999985,0.0,,,
86.89999999999934,,,0.0,0.0
86.91790000000591,,0.0,,
86.93280499999985,0.0,,,
86.99999999999933,,,0.0,0.0
87.01790000000591,,0.0,,
87.03280499999984,0.0,,,
87.09999999999933,,,0.0,0.0
87.1179000000059,,0.0,,
87.13280499999983,0.0,,,
87.19999999999932,,,0.0,0.0
87.2179000000059,,0.0,,
87.23280499999983,0.0,,,
87.29999999999932,,,0.0,0.0
87.31790000000589,,0.0,,
87.33280499999982,0.0,,,
87.39999999999931,,,0.0,0.0
87.41790000000589,,0.0,,
87.43280499999982,0.0,,,
87.4999999999993,,,0.0,0.0
87.51790000000588,,0.0,,
87.53280499999981,0.0,,,
87.5999999999993,,,0.0,0.0
87.61790000000587,,0.0,,
87.6328049999998,0.0,,,
87.69999999999929,,,0.0,0.0
87.71790000000587,,0.0,,
87.7328049999998,0.0,,,
87.79999999999929,,,0.0,0.0
87.81790000000586,,0.0,,
87.8328049999998,0.0,,,
87.89999999999928,,,0.0,0.0
87.91790000000586,,0.0,,
87.93280499999979,0.0,,,
87.99999999999928,,,0.0,0.0
88.01790000000585,,0.0,,
88.03280499999978,0.0,,,
88.09999999999927,,,0.0,0.0
88.11790000000585,,0.0,,
88.13280499999978,0.0,,,
88.19999999999926,,,0.0,0.0
88.21790000000584,,0.0,,
88.23280499999977,0.0,,,
88.29999999999926,,,0.0,0.0
88.31790000000584,,0.0,,
88.33280499999977,0.0,,,
88.39999999999925,,,0.0,0.0
88.41790000000583,,0.0,,
88.43280499999976,0.0,,,
88.49999999999925,,,0.0,0.0
88.51790000000582,,0.0,,
88.53280499999975,0.0,,,
88.59999999999924,,,0.0,0.0
88.61790000000582,,0.0,,
88.63280499999975,0.0,,,
88.69999999999924,,,0.0,0.0
88.71790000000581,,0.0,,
88.73280499999974,0.0,,,
88.79999999999923,,,0.0,0.0
88.8179000000058,,0.0,,
88.83280499999974,0.0,,,
88.89999999999922,,,0.0,0.0
88.9179000000058,,0.0,,
88.93280499999973,0.0,,,
88.99999999999922,,,0.0,0.0
89.0179000000058,,0.0,,
89.03280499999973,0.0,,,
89.09999999999921,,,0.0,0.0
89.11790000000579,,0.0,,
89.13280499999972,0.0,,,
89.1999999999992,,,0.0,0.0
89.21790000000578,,0.0,,
89.23280499999971,0.0,,,
89.2999999999992,,,0.0,0.0
89.31790000000578,,0.0,,
89.33280499999971,0.0,,,
89.3999999999992,,,0.0,0.0
89.41790000000577,,0.0,,
89.4328049999997,0.0,,,
89.49999999999919,,,0.0,0.0
89.51790000000577,,0.0,,
89.5328049999997,0.0,,,
89.59999999999918,,,0.0,0.0
89.61790000000576,,0.0,,
89.63280499999969,0.0,,,
89.69999999999918,,,0.0,0.0
89.71790000000576,,0.0,,
89.73280499999969,0.0,,,
89.79999999999917,,,0.0,0.0
89.81790000000575,,0.0,,
89.83280499999968,0.0,,,
89.89999999999917,,,0.0,0.0
89.91790000000574,,0.0,,
89.93280499999968,0.0,,,
89.99999999999916,,,0.0,0.0
90.01790000000574,,0.0,,
90.03280499999967,0.0,,,
90.09999999999916,,,0.0,0.0
90.11790000000573,,0.0,,
90.13280499999966,0.0,,,
90.19999999999915,,,0.0,0.0
90.21790000000573,,0.0,,
90.23280499999966,0.0,,,
90.29999999999914,,,0.0,0.0
90.31790000000572,,0.0,,
90.33280499999965,0.0,,,
90.39999999999914,,,0.0,0.0
90.41790000000572,,0.0,,
90.43280499999965,0.0,,,
90.49999999999913,,,0.0,0.0
90.51790000000571,,0.0,,
90.53280499999964,0.0,,,
90.59999999999913,,,0.0,0.0
90.6179000000057,,0.0,,
90.63280499999964,0.0,,,
90.69999999999912,,,0.0,0.0
90.7179000000057,,0.0,,
90.73280499999963,0.0,,,
90.79999999999912,,,0.0,0.0
90.8179000000057,,0.0,,
90.83280499999962,0.0,,,
90.89999999999911,,,0.0,0.0
90.91790000000569,,0.0,,
90.93280499999962,0.0,,,
90.9999999999991,,,0.0,0.0
91.01790000000568,,0.0,,
91.03280499999961,0.0,,,
91.0999999999991,,,0.0,0.0
91.11790000000568,,0.0,,
91.1328049999996,0.0,,,
91.1999999999991,,,0.0,0.0
91.21790000000567,,0.0,,
91.2328049999996,0.0,,,
91.29999999999909,,,0.0,0.0
91.31790000000566,,0.0,,
91.3328049999996,0.0,,,
91.39999999999908,,,0.0,0.0
91.41790000000566,,0.0,,
91.43280499999959,0.0,,,
91.49999999999908,,,0.0,0.0
91.51790000000565,,0.0,,
91.53280499999958,0.0,,,
91.59999999999907,,,0.0,0.0
91.61790000000565,,0.0,,
91.63280499999958,0.0,,,
91.69999999999906,,,0.0,0.0
91.71790000000564,,0.0,,
91.73280499999957,0.0,,,
91.79999999999906,,,0.0,0.0
91.81790000000564,,0.0,,
91.83280499999957,0.0,,,
91.89999999999905,,,0.0,0.0
91.91790000000563,,0.0,,
91.93280499999956,0.0,,,
91.99999999999905,,,0.0,0.0
92.01790000000562,,0.0,,
92.03280499999956,0.0,,,
92.09999999999904,,,0.0,0.0
92.11790000000562,,0.0,,
92.13280499999955,0.0,,,
92.19999999999904,,,0.0,0.0
92.21790000000561,,0.0,,
92.23280499999954,0.0,,,
92.29999999999903,,,0.0,0.0
92.31790000000561,,0.0,,
92.33280499999954,0.0,,,
92.39999999999903,,,0.0,0.0
92.4179000000056,,0.0,,
92.43280499999953,0.0,,,
92.49999999999902,,,0.0,0.0
92.5179000000056,,0.0,,
92.53280499999953,0.0,,,
92.59999999999901,,,0.0,0.0
92.61790000000559,,0.0,,
92.63280499999952,0.0,,,
92.69999999999901,,,0.0,0.0
92.71790000000559,,0.0,,
92.73280499999952,0.0,,,
92.799999999999,,,0.0,0.0
92.81790000000558,,0.0,,
92.83280499999951,0.0,,,
92.899999999999,,,0.0,0.0
92.91790000000557,,0.0,,
92.9328049999995,0.0,,,
92.99999999999899,,,0.0,0.0
93.01790000000557,,0.0,,
93.0328049999995,0.0,,,
93.09999999999899,,,0.0,0.0
93.11790000000556,,0.0,,
93.1328049999995,0.0,,,
93.19999999999898,,,0.0,0.0
93.21790000000556,,0.0,,
93.23280499999949,0.0,,,
93.29999999999897,,,0.0,0.0
93.31790000000555,,0.0,,
93.33280499999948,0.0,,,
93.39999999999897,,,0.0,0.0
93.41790000000555,,0.0,,
93.43280499999948,0.0,,,
93.49999999999896,,,0.0,0.0
93.51790000000554,,0.0,,
93.53280499999947,0.0,,,
93.59999999999896,,,0.0,0.0
93.61790000000553,,0.0,,
93.63280499999946,0.0,,,
93.69999999999895,,,0.0,0.0
93.71790000000553,,0.0,,
93.73280499999946,0.0,,,
93.79999999999895,,,0.0,0.0
93.81790000000552,,0.0,,
93.83280499999945,0.0,,,
93.89999999999894,,,0.0,0.0
93.91790000000552,,0.0,,
93.93280499999945,0.0,,,
93.99999999999893,,,0.0,0.0
94.01790000000551,,0.0,,
94.03280499999944,0.0,,,
94.09999999999893,,,0.0,0.0
94.1179000000055,,0.0,,
94.13280499999944,0.0,,,
94.19999999999892,,,0.0,0.0
94.2179000000055,,0.0,,
94.23280499999943,0.0,,,
94.29999999999892,,,0.0,0.0
94.3179000000055,,0.0,,
94.33280499999942,0.0,,,
94.39999999999891,,,0.0,0.0
94.41790000000549,,0.0,,
94.43280499999942,0.0,,,
94.4999999999989,,,0.0,0.0
94.51790000000548,,0.0,,
94.53280499999941,0.0,,,
94.5999999999989,,,0.0,0.0
94.61790000000548,,0.0,,
94.63280499999941,0.0,,,
94.6999999999989,,,0.0,0.0
94.71790000000547,,0.0,,
94.7328049999994,0.0,,,
94.79999999999889,,,0.0,0.0
94.81790000000547,,0.0,,
94.8328049999994,0.0,,,
94.89999999999888,,,0.0,0.0
94.91790000000546,,0.0,,
94.93280499999939,0.0,,,
94.99999999999888,,,0.0,0.0
95.01790000000545,,0.0,,
95.03280499999939,0.0,,,
95.09999999999887,,,0.0,0.0
95.11790000000545,,0.0,,
95.13280499999938,0.0,,,
95.19999999999887,,,0.0,0.0
95.21790000000544,,0.0,,
95.23280499999937,0.0,,,
95.29999999999886,,,0.0,0.0
95.31790000000544,,0.0,,
95.33280499999937,0.0,,,
95.39999999999885,,,0.0,0.0
95.41790000000543,,0.0,,
95.43280499999936,0.0,,,
95.49999999999885,,,0.0,0.0
95.51790000000543,,0.0,,
95.53280499999936,0.0,,,
95.59999999999884,,,0.0,0.0
95.61790000000542,,0.0,,
95.63280499999935,0.0,,,
95.69999999999884,,,0.0,0.0
95.71790000000541,,0.0,,
95.73280499999935,0.0,,,
95.79999999999883,,,0.0,0.0
95.81790000000541,,0.0,,
95.83280499999934,0.0,,,
95.89999999999883,,,0.0,0.0
95.9179000000054,,0.0,,
95.93280499999933,0.0,,,
95.99999999999882,,,0.0,0.0
96.0179000000054,,0.0,,
96.03280499999933,0.0,,,
96.09999999999881,,,0.0,0.0
96.11790000000539,,0.0,,
96.13280499999932,0.0,,,
96.19999999999881,,,0.0,0.0
96.21790000000539,,0.0,,
96.23280499999932,0.0,,,
96.2999999999988,,,0.0,0.0
96.31790000000538,,0.0,,
96.33280499999931,0.0,,,
96.3999999999988,,,0.0,0.0
96.41790000000537,,0.0,,
96.4328049999993,0.0,,,
96.49999999999879,,,0.0,0.0
96.51790000000537,,0.0,,
96.5328049999993,0.0,,,
96.59999999999879,,,0.0,0.0
96.61790000000536,,0.0,,
96.6328049999993,0.0,,,
96.69999999999878,,,0.0,0.0
96.71790000000536,,0.0,,
96.73280499999929,0.0,,,
96.79999999999878,,,0.0,0.0
96.81790000000535,,0.0,,
96.83280499999928,0.0,,,
96.89999999999877,,,0.0,0.0
96.91790000000535,,0.0,,
96.93280499999928,0.0,,,
96.99999999999876,,,0.0,0.0
97.01790000000534,,0.0,,
97.03280499999927,0.0,,,
97.09999999999876,,,0.0,0.0
97.11790000000533,,0.0,,
97.13280499999927,0.0,,,
97.19999999999875,,,0.0,0.0
97.21790000000533,,0.0,,
97.23280499999926,0.0,,,
97.29999999999875,,,0.0,0.0
97.31790000000532,,0.0,,
97.33280499999925,0.0,,,
97.39999999999874,,,0.0,0.0
97.41790000000532,,0.0,,
97.43280499999925,0.0,,,
97.49999999999874,,,0.0,0.0
97.51790000000531,,0.0,,
97.53280499999924,0.0,,,
97.59999999999873,,,0.0,0.0
97.6179000000053,,0.0,,
97.63280499999924,0.0,,,
97.69999999999872,,,0.0,0.0
97.7179000000053,,0.0,,
97.73280499999923,0.0,,,
97.79999999999872,,,0.0,0.0
97.8179000000053,,0.0,,
97.83280499999923,0.0,,,
97.89999999999871,,,0.0,0.0
97.91790000000529,,0.0,,
97.93280499999922,0.0,,,
97.9999999999987,,,0.0,0.0
98.01790000000528,,0.0,,
98.03280499999921,0.0,,,
98.0999999999987,,,0.0,0.0
98.11790000000528,,0.0,,
98.13280499999921,0.0,,,
98.1999999999987,,,0.0,0.0
98.21790000000527,,0.0,,
98.2328049999992,0.0,,,
98.29999999999869,,,0.0,0.0
98.31790000000527,,0.0,,
98.3328049999992,0.0,,,
98.39999999999868,,,0.0,0.0
98.41790000000526,,0.0,,
98.43280499999919,0.0,,,
98.49999999999868,,,0.0,0.0
98.51790000000526,,0.0,,
98.53280499999919,0.0,,,
98.59999999999867,,,0.0,0.0
98.61790000000525,,0.0,,
98.63280499999918,0.0,,,
98.69999999999867,,,0.0,0.0
98.71790000000524,,0.0,,
98.73280499999917,0.0,,,
98.79999999999866,,,0.0,0.0
98.81790000000524,,0.0,,
98.83280499999917,0.0,,,
98.89999999999866,,,0.0,0.0
98.91790000000523,,0.0,,
98.93280499999916,0.0,,,
98.99999999999865,,,0.0,0.0
99.01790000000523,,0.0,,
99.03280499999916,0.0,,,
99.09999999999864,,,0.0,0.0
99.11790000000522,,0.0,,
99.13280499999915,0.0,,,
99.19999999999864,,,0.0,0.0
99.21790000000522,,0.0,,
99.23280499999915,0.0,,,
99.29999999999863,,,0.0,0.0
99.31790000000521,,0.0,,
99.33280499999914,0.0,,,
99.39999999999863,,,0.0,0.0
99.4179000000052,,0.0,,
99.43280499999914,0.0,,,
99.49999999999862,,,0.0,0.0
99.5179000000052,,0.0,,
99.53280499999913,0.0,,,
99.59999999999862,,,0.0,0.0
99.61790000000519,,0.0,,
99.63280499999912,0.0,,,
99.69999999999861,,,0.0,0.0
99.71790000000519,,0.0,,
99.73280499999912,0.0,,,
99.7999999999986,,,0.0,0.0
99.81790000000518,,0.0,,
99.83280499999911,0.0,,,
99.8999999999986,,,0.0,0.0
99.91790000000518,,0.0,,
99.9328049999991,0.0,,,
99.9999999999986,,,0.0,0.0
