time,Queue_1_load,Queue_2_load,Queue_3_load,Queue_4_load,Queue_5_load,Queue_6_load
0.0,0.0,0.0,0.0,0.0,0.0,0.0
0.1,0.0,0.0,0.0,0.0,0.0,0.0
0.2,0.0,0.0,0.0,0.0,0.0,0.0
0.30000000000000004,0.0,0.0,0.0,0.0,0.0,0.0
0.4,0.0,0.0,0.0,0.0,0.0,0.0
0.5,0.0,0.0,0.0,0.0,0.0,0.0
0.6,0.0,0.0,0.0,0.0,0.0,0.0
0.7,0.0,0.0,0.0,0.0,0.0,0.0
0.7999999999999999,0.0,0.0,0.0,0.0,0.0,0.0
0.8999999999999999,0.0,0.0,0.0,0.0,0.0,0.0
0.9999999999999999,0.0,0.0,0.0,0.0,0.0,0.0
1.0999999999999999,0.0,0.0,0.0,0.0,0.0,0.0
1.2,0.0,0.0,0.0,0.0,0.0,0.0
1.3,0.0,0.0,0.0,0.0,0.0,0.0
1.4000000000000001,0.0,0.0,0.0,0.0,0.0,0.0
1.5000000000000002,0.0,0.0,0.0,0.0,0.0,0.0
1.6000000000000003,0.0,0.0,0.0,0.0,0.0,0.0
1.7000000000000004,0.0,0.0,0.0,0.0,0.0,0.0
1.8000000000000005,0.0,0.0,0.0,0.0,0.0,0.0
1.9000000000000006,0.0,0.0,0.0,0.0,0.0,0.0
2.0000000000000004,0.0,0.0,0.0,0.0,0.0,0.0
2.1000000000000005,0.0,0.0,0.0,0.0,0.0,0.0
2.2000000000000006,0.0,0.0,0.0,0.0,0.0,0.0
2.3000000000000007,0.0,0.0,0.0,0.0,0.0,0.0
2.400000000000001,0.0,0.0,0.0,0.0,0.0,0.0
2.500000000000001,0.0,0.0,0.0,0.0,0.0,0.0
2.600000000000001,0.0,0.0,0.0,0.0,0.0,0.0
2.700000000000001,0.0,0.0,0.0,0.0,0.0,0.0
2.800000000000001,0.0,0.0,0.0,0.0,0.0,0.0
2.9000000000000012,0.0,0.0,0.0,0.0,0.0,0.0
3.0000000000000013,0.0,0.0,0.0,0.0,0.0,0.0
3.1000000000000014,0.0,0.0,0.0,0.0,0.0,0.0
3.2000000000000015,0.0,0.0,0.0,0.0,0.0,0.0
3.3000000000000016,0.0,0.0,0.0,0.0,0.0,0.0
3.4000000000000017,0.0,0.0,0.0,0.0,0.0,0.0
3.5000000000000018,0.0,0.0,0.0,0.0,0.0,0.0
3.600000000000002,0.0,0.0,0.0,0.0,0.0,0.0
3.700000000000002,0.0,0.0,0.0,0.0,0.0,0.0
3.800000000000002,0.0,0.0,0.0,0.0,0.0,0.0
3.900000000000002,0.0,0.0,0.0,0.0,0.0,0.0
4.000000000000002,0.0,0.0,0.0,0.0,0.0,0.0
4.100000000000001,0.0,0.0,0.0,0.0,0.0,0.0
4.200000000000001,0.0,0.0,0.0,0.0,0.0,0.0
4.300000000000001,0.0,0.0,0.0,0.0,0.0,0.0
4.4,0.0,0.0,0.0,0.0,0.0,0.0
4.5,0.0,0.0,0.0,0.0,0.0,0.0
4.6,0.0,0.0,0.0,0.0,0.0,0.0
4.699999999999999,0.0,0.0,0.0,0.0,0.0,0.0
4.799999999999999,0.0,0.0,0.0,0.0,0.0,0.0
4.899999999999999,0.0,0.0,0.0,0.0,0.0,0.0
4.999999999999998,0.0,0.0,0.0,0.0,0.0,0.0
5.099999999999998,0.0,0.0,0.0,0.0,0.0,0.0
5.1999999999999975,0.0,0.0,0.0,0.0,0.0,0.0
5.299999999999997,0.0,0.0,0.0,0.0,0.0,0.0
5.399999999999997,0.0,0.0,0.0,0.0,0.0,0.0
5.4999999999999964,0.0,0.0,0.0,0.0,0.0,0.0
5.599999999999996,0.0,0.0,0.0,0.0,0.0,0.0
5.699999999999996,0.0,0.0,0.0,0.0,0.0,0.0
5.799999999999995,0.0,0.0,0.0,0.0,0.0,0.0
5.899999999999995,0.0,0.0,0.0,0.0,0.0,0.0
5.999999999999995,0.0,0.0,0.0,0.0,0.0,0.0
6.0,1.0,,,,,
6.099999999999994,1.0,0.0,0.0,0.0,0.0,0.0
6.099999999999994,0.0,0.0,0.0,0.0,0.0,0.0
6.100129999999994,0.0,,,,,
6.110279999999994,,1.0,,,,
6.199999999999994,,1.0,0.0,0.0,0.0,0.0
6.199999999999994,,0.0,0.0,0.0,0.0,0.0
6.2001299999999935,0.0,,,,,
6.203099999999994,,0.0,,,,
6.213379999999994,,1.0,,,,
6.213409999999993,,2.0,,,,
6.299999999999994,,,0.0,0.0,0.0,0.0
6.300129999999993,0.0,,,,,
6.3030999999999935,,2.0,,,,
6.3030999999999935,,1.0,,,,
6.306199999999993,,1.0,,,,
6.306199999999993,,0.0,,,,
6.309299999999993,,0.0,,,,
6.316479999999993,,1.0,,,,
6.316509999999993,,2.0,,,,
6.319579999999993,,3.0,,,,
6.319609999999993,,4.0,,,,
6.399999999999993,,,0.0,0.0,0.0,0.0
6.400129999999993,0.0,,,,,
6.409299999999993,,4.0,,,,
6.409299999999993,,3.0,,,,
6.412399999999993,,3.0,,,,
6.412399999999993,,2.0,,,,
6.415499999999993,,2.0,,,,
6.415499999999993,,1.0,,,,
6.4185999999999925,,1.0,,,,
6.4185999999999925,,0.0,,,,
6.421699999999992,,0.0,,,,
6.422679999999993,,1.0,,,,
6.422709999999992,,2.0,,,,
6.4257799999999925,,3.0,,,,
6.425809999999992,,4.0,,,,
6.428879999999992,,5.0,,,,
6.428909999999992,,6.0,,,,
6.431979999999992,,7.0,,,,
6.432009999999992,,8.0,,,,
6.499999999999993,,,0.0,0.0,0.0,0.0
6.500129999999992,0.0,,,,,
6.521699999999992,,8.0,,,,
6.521699999999992,,7.0,,,,
6.524799999999992,,7.0,,,,
6.524799999999992,,6.0,,,,
6.527899999999992,,6.0,,,,
6.527899999999992,,5.0,,,,
6.530999999999992,,5.0,,,,
6.530999999999992,,4.0,,,,
6.534099999999992,,4.0,,,,
6.534099999999992,,3.0,,,,
6.535079999999992,,4.0,,,,
6.5351099999999915,,5.0,,,,
6.5371999999999915,,5.0,,,,
6.5371999999999915,,4.0,,,,
6.538179999999992,,5.0,,,,
6.538209999999991,,6.0,,,,
6.540299999999991,,6.0,,,,
6.540299999999991,,5.0,,,,
6.5412799999999915,,6.0,,,,
6.541309999999991,,7.0,,,,
6.543399999999991,,7.0,,,,
6.543399999999991,,6.0,,,,
6.544379999999991,,7.0,,,,
6.544409999999991,,8.0,,,,
6.546499999999991,,8.0,,,,
6.546499999999991,,7.0,,,,
6.547479999999991,,8.0,,,,
6.547509999999991,,9.0,,,,
6.549599999999991,,9.0,,,,
6.549599999999991,,8.0,,,,
6.550579999999991,,9.0,,,,
6.550609999999991,,10.0,,,,
6.552699999999991,,10.0,,,,
6.552699999999991,,9.0,,,,
6.553679999999991,,10.0,,,,
6.553709999999991,,11.0,,,,
6.555799999999991,,11.0,,,,
6.555799999999991,,10.0,,,,
6.556779999999991,,11.0,,,,
6.556809999999991,,12.0,,,,
6.558899999999991,,12.0,,,,
6.558899999999991,,11.0,,,,
6.559879999999991,,12.0,,,,
6.559909999999991,,13.0,,,,
6.5619999999999905,,13.0,,,,
6.5619999999999905,,12.0,,,,
6.562979999999991,,13.0,,,,
6.5630099999999905,,14.0,,,,
6.56509999999999,,14.0,,,,
6.56509999999999,,13.0,,,,
6.566079999999991,,14.0,,,,
6.56610999999999,,15.0,,,,
6.56819999999999,,15.0,,,,
6.56819999999999,,14.0,,,,
6.5691799999999905,,15.0,,,,
6.56920999999999,,16.0,,,,
6.57129999999999,,16.0,,,,
6.57129999999999,,15.0,,,,
6.57227999999999,,16.0,,,,
6.57230999999999,,17.0,,,,
6.57439999999999,,17.0,,,,
6.57439999999999,,16.0,,,,
6.57537999999999,,17.0,,,,
6.57540999999999,,18.0,,,,
6.57749999999999,,18.0,,,,
6.57749999999999,,17.0,,,,
6.57847999999999,,18.0,,,,
6.57850999999999,,19.0,,,,
6.58059999999999,,19.0,,,,
6.58059999999999,,18.0,,,,
6.58157999999999,,19.0,,,,
6.58160999999999,,20.0,,,,
6.58369999999999,,20.0,,,,
6.58369999999999,,19.0,,,,
6.58467999999999,,20.0,,,,
6.58470999999999,,21.0,,,,
6.5867999999999896,,21.0,,,,
6.5867999999999896,,20.0,,,,
6.58777999999999,,21.0,,,,
6.5878099999999895,,22.0,,,,
6.589899999999989,,22.0,,,,
6.589899999999989,,21.0,,,,
6.59087999999999,,22.0,,,,
6.590909999999989,,23.0,,,,
6.592999999999989,,23.0,,,,
6.592999999999989,,22.0,,,,
6.5939799999999895,,23.0,,,,
6.594009999999989,,24.0,,,,
6.596099999999989,,24.0,,,,
6.596099999999989,,23.0,,,,
6.597079999999989,,24.0,,,,
6.597109999999989,,25.0,,,,
6.599199999999989,,25.0,,,,
6.599199999999989,,24.0,,,,
6.5999999999999925,,,0.0,0.0,0.0,0.0
6.600129999999992,0.0,,,,,
6.600179999999989,,25.0,,,,
6.602299999999989,,25.0,,,,
6.602299999999989,,24.0,,,,
6.605399999999989,,24.0,,,,
6.605399999999989,,23.0,,,,
6.608499999999989,,23.0,,,,
6.608499999999989,,22.0,,,,
6.611599999999989,,22.0,,,,
6.611599999999989,,21.0,,,,
6.6146999999999885,,21.0,,,,
6.6146999999999885,,20.0,,,,
6.617799999999988,,20.0,,,,
6.617799999999988,,19.0,,,,
6.620899999999988,,19.0,,,,
6.620899999999988,,18.0,,,,
6.623999999999988,,18.0,,,,
6.623999999999988,,17.0,,,,
6.627099999999988,,17.0,,,,
6.627099999999988,,16.0,,,,
6.630199999999988,,16.0,,,,
6.630199999999988,,15.0,,,,
6.633299999999988,,15.0,,,,
6.633299999999988,,14.0,,,,
6.636399999999988,,14.0,,,,
6.636399999999988,,13.0,,,,
6.6394999999999875,,13.0,,,,
6.6394999999999875,,12.0,,,,
6.642599999999987,,12.0,,,,
6.642599999999987,,11.0,,,,
6.645699999999987,,11.0,,,,
6.645699999999987,,10.0,,,,
6.648799999999987,,10.0,,,,
6.648799999999987,,9.0,,,,
6.651899999999987,,9.0,,,,
6.651899999999987,,8.0,,,,
6.654999999999987,,8.0,,,,
6.654999999999987,,7.0,,,,
6.658099999999987,,7.0,,,,
6.658099999999987,,6.0,,,,
6.661199999999987,,6.0,,,,
6.661199999999987,,5.0,,,,
6.664299999999987,,5.0,,,,
6.664299999999987,,4.0,,,,
6.6673999999999864,,4.0,,,,
6.6673999999999864,,3.0,,,,
6.670499999999986,,3.0,,,,
6.670499999999986,,2.0,,,,
6.673599999999986,,2.0,,,,
6.673599999999986,,1.0,,,,
6.676699999999986,,1.0,,,,
6.676699999999986,,0.0,,,,
6.679799999999986,,0.0,,,,
6.699999999999992,,,0.0,0.0,0.0,0.0
6.700129999999992,0.0,,,,,
6.779799999999986,,0.0,,,,
6.799999999999992,,,0.0,0.0,0.0,0.0
6.800129999999991,0.0,,,,,
6.879799999999985,,0.0,,,,
6.8999999999999915,,,0.0,0.0,0.0,0.0
6.900129999999991,0.0,,,,,
6.979799999999985,,0.0,,,,
6.999999999999991,,,0.0,0.0,0.0,0.0
7.000129999999991,0.0,,,,,
7.0797999999999845,,0.0,,,,
7.099999999999991,,,0.0,0.0,0.0,0.0
7.10012999999999,0.0,,,,,
7.179799999999984,,0.0,,,,
7.19999999999999,,,0.0,0.0,0.0,0.0
7.20012999999999,0.0,,,,,
7.279799999999984,,0.0,,,,
7.29999999999999,,,0.0,0.0,0.0,0.0
7.30012999999999,0.0,,,,,
7.3797999999999835,,0.0,,,,
7.39999999999999,,,0.0,0.0,0.0,0.0
7.400129999999989,0.0,,,,,
7.479799999999983,,0.0,,,,
7.499999999999989,,,0.0,0.0,0.0,0.0
7.500129999999989,0.0,,,,,
7.579799999999983,,0.0,,,,
7.599999999999989,,,0.0,0.0,0.0,0.0
7.6001299999999885,0.0,,,,,
7.679799999999982,,0.0,,,,
7.699999999999989,,,0.0,0.0,0.0,0.0
7.700129999999988,0.0,,,,,
7.779799999999982,,0.0,,,,
7.799999999999988,,,0.0,0.0,0.0,0.0
7.800129999999988,0.0,,,,,
7.879799999999982,,0.0,,,,
7.899999999999988,,,0.0,0.0,0.0,0.0
7.900129999999987,0.0,,,,,
7.979799999999981,,0.0,,,,
7.999999999999988,,,0.0,0.0,0.0,0.0
8.000129999999988,0.0,,,,,
8.079799999999981,,0.0,,,,
8.099999999999987,,,0.0,0.0,0.0,0.0
8.100129999999988,0.0,,,,,
8.17979999999998,,0.0,,,,
8.199999999999987,,,0.0,0.0,0.0,0.0
8.200129999999987,0.0,,,,,
8.27979999999998,,0.0,,,,
8.299999999999986,,,0.0,0.0,0.0,0.0
8.300129999999987,0.0,,,,,
8.37979999999998,,0.0,,,,
8.399999999999986,,,0.0,0.0,0.0,0.0
8.400129999999987,0.0,,,,,
8.47979999999998,,0.0,,,,
8.499999999999986,,,0.0,0.0,0.0,0.0
8.5,1.0,,,,,
8.500129999999986,1.0,,,,,
8.500129999999986,0.0,,,,,
8.500259999999987,0.0,,,,,
8.510409999999986,,,1.0,,,
8.57979999999998,,0.0,,,,
8.599999999999985,,,1.0,0.0,0.0,0.0
8.599999999999985,,,0.0,0.0,0.0,0.0
8.600259999999986,0.0,,,,,
8.603099999999985,,,0.0,,,
8.613379999999985,,,1.0,,,
8.613409999999986,,,2.0,,,
8.679799999999979,,0.0,,,,
8.699999999999985,,,,0.0,0.0,0.0
8.700259999999986,0.0,,,,,
8.703099999999985,,,2.0,,,
8.703099999999985,,,1.0,,,
8.706199999999985,,,1.0,,,
8.706199999999985,,,0.0,,,
8.709299999999985,,,0.0,,,
8.716479999999985,,,1.0,,,
8.716509999999985,,,2.0,,,
8.719579999999985,,,3.0,,,
8.719609999999985,,,4.0,,,
8.779799999999979,,0.0,,,,
8.799999999999985,,,,0.0,0.0,0.0
8.800259999999986,0.0,,,,,
8.809299999999984,,,4.0,,,
8.809299999999984,,,3.0,,,
8.812399999999984,,,3.0,,,
8.812399999999984,,,2.0,,,
8.815499999999984,,,2.0,,,
8.815499999999984,,,1.0,,,
8.818599999999984,,,1.0,,,
8.818599999999984,,,0.0,,,
8.821699999999984,,,0.0,,,
8.822679999999984,,,1.0,,,
8.822709999999985,,,2.0,,,
8.825779999999984,,,3.0,,,
8.825809999999985,,,4.0,,,
8.828879999999984,,,5.0,,,
8.828909999999984,,,6.0,,,
8.831979999999984,,,7.0,,,
8.832009999999984,,,8.0,,,
8.879799999999978,,0.0,,,,
8.899999999999984,,,,0.0,0.0,0.0
8.900259999999985,0.0,,,,,
8.921699999999984,,,8.0,,,
8.921699999999984,,,7.0,,,
8.924799999999983,,,7.0,,,
8.924799999999983,,,6.0,,,
8.927899999999983,,,6.0,,,
8.927899999999983,,,5.0,,,
8.930999999999983,,,5.0,,,
8.930999999999983,,,4.0,,,
8.934099999999983,,,4.0,,,
8.934099999999983,,,3.0,,,
8.935079999999983,,,4.0,,,
8.935109999999984,,,5.0,,,
8.937199999999983,,,5.0,,,
8.937199999999983,,,4.0,,,
8.938179999999983,,,5.0,,,
8.938209999999984,,,6.0,,,
8.940299999999983,,,6.0,,,
8.940299999999983,,,5.0,,,
8.941279999999983,,,6.0,,,
8.941309999999984,,,7.0,,,
8.943399999999983,,,7.0,,,
8.943399999999983,,,6.0,,,
8.944379999999983,,,7.0,,,
8.944409999999984,,,8.0,,,
8.946499999999983,,,8.0,,,
8.946499999999983,,,7.0,,,
8.947479999999983,,,8.0,,,
8.947509999999983,,,9.0,,,
8.949599999999982,,,9.0,,,
8.949599999999982,,,8.0,,,
8.950579999999983,,,9.0,,,
8.950609999999983,,,10.0,,,
8.952699999999982,,,10.0,,,
8.952699999999982,,,9.0,,,
8.953679999999983,,,10.0,,,
8.953709999999983,,,11.0,,,
8.955799999999982,,,11.0,,,
8.955799999999982,,,10.0,,,
8.956779999999982,,,11.0,,,
8.956809999999983,,,12.0,,,
8.958899999999982,,,12.0,,,
8.958899999999982,,,11.0,,,
8.959879999999982,,,12.0,,,
8.959909999999983,,,13.0,,,
8.961999999999982,,,13.0,,,
8.961999999999982,,,12.0,,,
8.962979999999982,,,13.0,,,
8.963009999999983,,,14.0,,,
8.965099999999982,,,14.0,,,
8.965099999999982,,,13.0,,,
8.966079999999982,,,14.0,,,
8.966109999999983,,,15.0,,,
8.968199999999982,,,15.0,,,
8.968199999999982,,,14.0,,,
8.969179999999982,,,15.0,,,
8.969209999999983,,,16.0,,,
8.971299999999982,,,16.0,,,
8.971299999999982,,,15.0,,,
8.972279999999982,,,16.0,,,
8.972309999999982,,,17.0,,,
8.974399999999982,,,17.0,,,
8.974399999999982,,,16.0,,,
8.975379999999982,,,17.0,,,
8.975409999999982,,,18.0,,,
8.977499999999981,,,18.0,,,
8.977499999999981,,,17.0,,,
8.978479999999982,,,18.0,,,
8.978509999999982,,,19.0,,,
8.979799999999978,,0.0,,,,
8.980599999999981,,,19.0,,,
8.980599999999981,,,18.0,,,
8.981579999999981,,,19.0,,,
8.981609999999982,,,20.0,,,
8.983699999999981,,,20.0,,,
8.983699999999981,,,19.0,,,
8.984679999999981,,,20.0,,,
8.984709999999982,,,21.0,,,
8.986799999999981,,,21.0,,,
8.986799999999981,,,20.0,,,
8.987779999999981,,,21.0,,,
8.987809999999982,,,22.0,,,
8.989899999999981,,,22.0,,,
8.989899999999981,,,21.0,,,
8.990879999999981,,,22.0,,,
8.990909999999982,,,23.0,,,
8.99299999999998,,,23.0,,,
8.99299999999998,,,22.0,,,
8.993979999999981,,,23.0,,,
8.994009999999982,,,24.0,,,
8.99609999999998,,,24.0,,,
8.99609999999998,,,23.0,,,
8.99707999999998,,,24.0,,,
8.997109999999982,,,25.0,,,
8.99919999999998,,,25.0,,,
8.99919999999998,,,24.0,,,
8.999999999999984,,,,0.0,0.0,0.0
9.00017999999998,,,25.0,,,
9.000209999999981,,,26.0,,,
9.000259999999985,0.0,,,,,
9.00229999999998,,,26.0,,,
9.00229999999998,,,25.0,,,
9.00327999999998,,,26.0,,,
9.003309999999981,,,27.0,,,
9.00539999999998,,,27.0,,,
9.00539999999998,,,26.0,,,
9.00637999999998,,,27.0,,,
9.006409999999981,,,28.0,,,
9.00849999999998,,,28.0,,,
9.00849999999998,,,27.0,,,
9.00947999999998,,,28.0,,,
9.009509999999981,,,29.0,,,
9.01159999999998,,,29.0,,,
9.01159999999998,,,28.0,,,
9.01257999999998,,,29.0,,,
9.012609999999981,,,30.0,,,
9.01469999999998,,,30.0,,,
9.01469999999998,,,29.0,,,
9.01567999999998,,,30.0,,,
9.01570999999998,,,31.0,,,
9.01779999999998,,,31.0,,,
9.01779999999998,,,30.0,,,
9.01877999999998,,,31.0,,,
9.01880999999998,,,32.0,,,
9.02089999999998,,,32.0,,,
9.02089999999998,,,31.0,,,
9.02184999999998,,,32.0,,,
9.02187999999998,,,33.0,,,
9.02399999999998,,,33.0,,,
9.02399999999998,,,32.0,,,
9.02709999999998,,,32.0,,,
9.02709999999998,,,31.0,,,
9.03019999999998,,,31.0,,,
9.03019999999998,,,30.0,,,
9.03329999999998,,,30.0,,,
9.03329999999998,,,29.0,,,
9.03639999999998,,,29.0,,,
9.03639999999998,,,28.0,,,
9.039499999999979,,,28.0,,,
9.039499999999979,,,27.0,,,
9.042599999999979,,,27.0,,,
9.042599999999979,,,26.0,,,
9.045699999999979,,,26.0,,,
9.045699999999979,,,25.0,,,
9.048799999999979,,,25.0,,,
9.048799999999979,,,24.0,,,
9.051899999999979,,,24.0,,,
9.051899999999979,,,23.0,,,
9.054999999999978,,,23.0,,,
9.054999999999978,,,22.0,,,
9.058099999999978,,,22.0,,,
9.058099999999978,,,21.0,,,
9.061199999999978,,,21.0,,,
9.061199999999978,,,20.0,,,
9.064299999999978,,,20.0,,,
9.064299999999978,,,19.0,,,
9.067399999999978,,,19.0,,,
9.067399999999978,,,18.0,,,
9.070499999999978,,,18.0,,,
9.070499999999978,,,17.0,,,
9.073599999999978,,,17.0,,,
9.073599999999978,,,16.0,,,
9.076699999999978,,,16.0,,,
9.076699999999978,,,15.0,,,
9.079799999999977,,0.0,15.0,,,
9.079799999999977,,0.0,14.0,,,
9.082899999999977,,,14.0,,,
9.082899999999977,,,13.0,,,
9.085999999999977,,,13.0,,,
9.085999999999977,,,12.0,,,
9.089099999999977,,,12.0,,,
9.089099999999977,,,11.0,,,
9.092199999999977,,,11.0,,,
9.092199999999977,,,10.0,,,
9.095299999999977,,,10.0,,,
9.095299999999977,,,9.0,,,
9.098399999999977,,,9.0,,,
9.098399999999977,,,8.0,,,
9.099999999999984,,,,0.0,0.0,0.0
9.100259999999984,0.0,,,,,
9.101499999999977,,,8.0,,,
9.101499999999977,,,7.0,,,
9.104599999999976,,,7.0,,,
9.104599999999976,,,6.0,,,
9.107699999999976,,,6.0,,,
9.107699999999976,,,5.0,,,
9.110799999999976,,,5.0,,,
9.110799999999976,,,4.0,,,
9.113899999999976,,,4.0,,,
9.113899999999976,,,3.0,,,
9.116999999999976,,,3.0,,,
9.116999999999976,,,2.0,,,
9.120099999999976,,,2.0,,,
9.120099999999976,,,1.0,,,
9.122199999999976,,,1.0,,,
9.122199999999976,,,0.0,,,
9.125299999999976,,,0.0,,,
9.179799999999977,,0.0,,,,
9.199999999999983,,,,0.0,0.0,0.0
9.200259999999984,0.0,,,,,
9.225299999999976,,,0.0,,,
9.279799999999977,,0.0,,,,
9.299999999999983,,,,0.0,0.0,0.0
9.300259999999984,0.0,,,,,
9.325299999999975,,,0.0,,,
9.379799999999976,,0.0,,,,
9.399999999999983,,,,0.0,0.0,0.0
9.400259999999983,0.0,,,,,
9.425299999999975,,,0.0,,,
9.479799999999976,,0.0,,,,
9.499999999999982,,,,0.0,0.0,0.0
9.5,1.0,,,,,
9.500259999999983,1.0,,,,,
9.500259999999983,0.0,,,,,
9.525299999999975,,,0.0,,,
9.579799999999976,,0.0,,,,
9.599999999999982,,,,0.0,0.0,0.0
9.625299999999974,,,0.0,,,
9.679799999999975,,0.0,,,,
9.699999999999982,,,,0.0,0.0,0.0
9.725299999999974,,,0.0,,,
9.779799999999975,,0.0,,,,
9.799999999999981,,,,0.0,0.0,0.0
9.825299999999974,,,0.0,,,
9.879799999999975,,0.0,,,,
9.89999999999998,,,,0.0,0.0,0.0
9.925299999999973,,,0.0,,,
9.979799999999974,,0.0,,,,
9.99999999999998,,,,0.0,0.0,0.0
10.025299999999973,,,0.0,,,
10.079799999999974,,0.0,,,,
10.09999999999998,,,,0.0,0.0,0.0
10.125299999999973,,,0.0,,,
10.179799999999974,,0.0,,,,
10.19999999999998,,,,0.0,0.0,0.0
10.225299999999972,,,0.0,,,
10.279799999999973,,0.0,,,,
10.29999999999998,,,,0.0,0.0,0.0
10.323854999999998,0.0,,,,,
10.325299999999972,,,0.0,,,
10.334004999999998,,,,1.0,,
10.379799999999973,,0.0,,,,
10.399999999999979,,,,1.0,0.0,0.0
10.399999999999979,,,,0.0,0.0,0.0
10.403099999999979,,,,0.0,,
10.413379999999979,,,,1.0,,
10.41340999999998,,,,2.0,,
10.423854999999998,0.0,,,,,
10.425299999999972,,,0.0,,,
10.479799999999972,,0.0,,,,
10.499999999999979,,,,,0.0,0.0
10.503099999999979,,,,2.0,,
10.503099999999979,,,,1.0,,
10.506199999999978,,,,1.0,,
10.506199999999978,,,,0.0,,
10.509299999999978,,,,0.0,,
10.516479999999978,,,,1.0,,
10.516509999999979,,,,2.0,,
10.519579999999978,,,,3.0,,
10.519609999999979,,,,4.0,,
10.523854999999998,0.0,,,,,
10.525299999999971,,,0.0,,,
10.579799999999972,,0.0,,,,
10.599999999999978,,,,,0.0,0.0
10.609299999999978,,,,4.0,,
10.609299999999978,,,,3.0,,
10.612399999999978,,,,3.0,,
10.612399999999978,,,,2.0,,
10.615499999999978,,,,2.0,,
10.615499999999978,,,,1.0,,
10.618599999999978,,,,1.0,,
10.618599999999978,,,,0.0,,
10.621699999999977,,,,0.0,,
10.622679999999978,,,,1.0,,
10.622709999999978,,,,2.0,,
10.623854999999997,0.0,,,,,
10.62529999999997,,,0.0,,,
10.625779999999978,,,,3.0,,
10.625809999999978,,,,4.0,,
10.628879999999977,,,,5.0,,
10.628909999999978,,,,6.0,,
10.631979999999977,,,,7.0,,
10.632009999999978,,,,8.0,,
10.679799999999972,,0.0,,,,
10.699999999999978,,,,,0.0,0.0
10.721699999999977,,,,8.0,,
10.721699999999977,,,,7.0,,
10.723854999999997,0.0,,,,,
10.724799999999977,,,,7.0,,
10.724799999999977,,,,6.0,,
10.72529999999997,,,0.0,,,
10.727899999999977,,,,6.0,,
10.727899999999977,,,,5.0,,
10.730999999999977,,,,5.0,,
10.730999999999977,,,,4.0,,
10.734099999999977,,,,4.0,,
10.734099999999977,,,,3.0,,
10.735079999999977,,,,4.0,,
10.735109999999978,,,,5.0,,
10.737199999999977,,,,5.0,,
10.737199999999977,,,,4.0,,
10.738179999999977,,,,5.0,,
10.738209999999977,,,,6.0,,
10.740299999999976,,,,6.0,,
10.740299999999976,,,,5.0,,
10.741279999999977,,,,6.0,,
10.741309999999977,,,,7.0,,
10.743399999999976,,,,7.0,,
10.743399999999976,,,,6.0,,
10.744379999999977,,,,7.0,,
10.744409999999977,,,,8.0,,
10.746499999999976,,,,8.0,,
10.746499999999976,,,,7.0,,
10.747479999999976,,,,8.0,,
10.747509999999977,,,,9.0,,
10.749599999999976,,,,9.0,,
10.749599999999976,,,,8.0,,
10.750579999999976,,,,9.0,,
10.750609999999977,,,,10.0,,
10.752699999999976,,,,10.0,,
10.752699999999976,,,,9.0,,
10.753679999999976,,,,10.0,,
10.753709999999977,,,,11.0,,
10.755799999999976,,,,11.0,,
10.755799999999976,,,,10.0,,
10.756779999999976,,,,11.0,,
10.756809999999977,,,,12.0,,
10.758899999999976,,,,12.0,,
10.758899999999976,,,,11.0,,
10.759879999999976,,,,12.0,,
10.759909999999977,,,,13.0,,
10.761999999999976,,,,13.0,,
10.761999999999976,,,,12.0,,
10.762979999999976,,,,13.0,,
10.763009999999976,,,,14.0,,
10.765099999999975,,,,14.0,,
10.765099999999975,,,,13.0,,
10.766079999999976,,,,14.0,,
10.766109999999976,,,,15.0,,
10.768199999999975,,,,15.0,,
10.768199999999975,,,,14.0,,
10.769179999999976,,,,15.0,,
10.769209999999976,,,,16.0,,
10.771299999999975,,,,16.0,,
10.771299999999975,,,,15.0,,
10.772279999999975,,,,16.0,,
10.772309999999976,,,,17.0,,
10.774399999999975,,,,17.0,,
10.774399999999975,,,,16.0,,
10.775379999999975,,,,17.0,,
10.775409999999976,,,,18.0,,
10.777499999999975,,,,18.0,,
10.777499999999975,,,,17.0,,
10.778479999999975,,,,18.0,,
10.778509999999976,,,,19.0,,
10.779799999999971,,0.0,,,,
10.780599999999975,,,,19.0,,
10.780599999999975,,,,18.0,,
10.781579999999975,,,,19.0,,
10.781609999999976,,,,20.0,,
10.783699999999975,,,,20.0,,
10.783699999999975,,,,19.0,,
10.784679999999975,,,,20.0,,
10.784709999999976,,,,21.0,,
10.786799999999975,,,,21.0,,
10.786799999999975,,,,20.0,,
10.787779999999975,,,,21.0,,
10.787809999999975,,,,22.0,,
10.789899999999975,,,,22.0,,
10.789899999999975,,,,21.0,,
10.790879999999975,,,,22.0,,
10.790909999999975,,,,23.0,,
10.792999999999974,,,,23.0,,
10.792999999999974,,,,22.0,,
10.793979999999975,,,,23.0,,
10.794009999999975,,,,24.0,,
10.796099999999974,,,,24.0,,
10.796099999999974,,,,23.0,,
10.797079999999974,,,,24.0,,
10.797109999999975,,,,25.0,,
10.799199999999974,,,,25.0,,
10.799199999999974,,,,24.0,,
10.799999999999978,,,,,0.0,0.0
10.800179999999974,,,,25.0,,
10.800209999999975,,,,26.0,,
10.802299999999974,,,,26.0,,
10.802299999999974,,,,25.0,,
10.803279999999974,,,,26.0,,
10.805399999999974,,,,26.0,,
10.805399999999974,,,,25.0,,
10.808499999999974,,,,25.0,,
10.808499999999974,,,,24.0,,
10.811599999999974,,,,24.0,,
10.811599999999974,,,,23.0,,
10.814699999999974,,,,23.0,,
10.814699999999974,,,,22.0,,
10.817799999999973,,,,22.0,,
10.817799999999973,,,,21.0,,
10.820899999999973,,,,21.0,,
10.820899999999973,,,,20.0,,
10.823854999999996,0.0,,,,,
10.823999999999973,,,,20.0,,
10.823999999999973,,,,19.0,,
10.82529999999997,,,0.0,,,
10.827099999999973,,,,19.0,,
10.827099999999973,,,,18.0,,
10.830199999999973,,,,18.0,,
10.830199999999973,,,,17.0,,
10.833299999999973,,,,17.0,,
10.833299999999973,,,,16.0,,
10.836399999999973,,,,16.0,,
10.836399999999973,,,,15.0,,
10.839499999999973,,,,15.0,,
10.839499999999973,,,,14.0,,
10.842599999999972,,,,14.0,,
10.842599999999972,,,,13.0,,
10.845699999999972,,,,13.0,,
10.845699999999972,,,,12.0,,
10.848799999999972,,,,12.0,,
10.848799999999972,,,,11.0,,
10.851899999999972,,,,11.0,,
10.851899999999972,,,,10.0,,
10.854999999999972,,,,10.0,,
10.854999999999972,,,,9.0,,
10.858099999999972,,,,9.0,,
10.858099999999972,,,,8.0,,
10.861199999999972,,,,8.0,,
10.861199999999972,,,,7.0,,
10.864299999999972,,,,7.0,,
10.864299999999972,,,,6.0,,
10.867399999999972,,,,6.0,,
10.867399999999972,,,,5.0,,
10.870499999999971,,,,5.0,,
10.870499999999971,,,,4.0,,
10.873599999999971,,,,4.0,,
10.873599999999971,,,,3.0,,
10.876699999999971,,,,3.0,,
10.876699999999971,,,,2.0,,
10.879799999999971,,0.0,,2.0,,
10.879799999999971,,0.0,,1.0,,
10.882899999999971,,,,1.0,,
10.882899999999971,,,,0.0,,
10.88599999999997,,,,0.0,,
10.899999999999977,,,,,0.0,0.0
10.923854999999996,0.0,,,,,
10.92529999999997,,,0.0,,,
10.97979999999997,,0.0,,,,
10.98599999999997,,,,0.0,,
10.999999999999977,,,,,0.0,0.0
11.023854999999996,0.0,,,,,
11.02529999999997,,,0.0,,,
11.07979999999997,,0.0,,,,
11.08599999999997,,,,0.0,,
11.099999999999977,,,,,0.0,0.0
11.123854999999995,0.0,,,,,
11.125299999999969,,,0.0,,,
11.17979999999997,,0.0,,,,
11.18599999999997,,,,0.0,,
11.199999999999976,,,,,0.0,0.0
11.223854999999995,0.0,,,,,
11.225299999999969,,,0.0,,,
11.27979999999997,,0.0,,,,
11.28599999999997,,,,0.0,,
11.299999999999976,,,,,0.0,0.0
11.323854999999995,0.0,,,,,
11.325299999999968,,,0.0,,,
11.37979999999997,,0.0,,,,
11.385999999999969,,,,0.0,,
11.399999999999975,,,,,0.0,0.0
11.423854999999994,0.0,,,,,
11.425299999999968,,,0.0,,,
11.479799999999969,,0.0,,,,
11.485999999999969,,,,0.0,,
11.499999999999975,,,,,0.0,0.0
11.523854999999994,0.0,,,,,
11.525299999999968,,,0.0,,,
11.579799999999969,,0.0,,,,
11.585999999999968,,,,0.0,,
11.599999999999975,,,,,0.0,0.0
11.623854999999994,0.0,,,,,
11.625299999999967,,,0.0,,,
11.679799999999968,,0.0,,,,
11.685999999999968,,,,0.0,,
11.699999999999974,,,,,0.0,0.0
11.723854999999993,0.0,,,,,
11.725299999999967,,,0.0,,,
11.779799999999968,,0.0,,,,
11.785999999999968,,,,0.0,,
11.799999999999974,,,,,0.0,0.0
11.823854999999993,0.0,,,,,
11.825299999999967,,,0.0,,,
11.879799999999967,,0.0,,,,
11.885999999999967,,,,0.0,,
11.899999999999974,,,,,0.0,0.0
11.923854999999993,0.0,,,,,
11.925299999999966,,,0.0,,,
11.979799999999967,,0.0,,,,
11.985999999999967,,,,0.0,,
11.999999999999973,,,,,0.0,0.0
12.023854999999992,0.0,,,,,
12.025299999999966,,,0.0,,,
12.079799999999967,,0.0,,,,
12.085999999999967,,,,0.0,,
12.099999999999973,,,,,0.0,0.0
12.123854999999992,0.0,,,,,
12.125299999999966,,,0.0,,,
12.179799999999966,,0.0,,,,
12.185999999999966,,,,0.0,,
12.199999999999973,,,,,0.0,0.0
12.223854999999991,0.0,,,,,
12.225299999999965,,,0.0,,,
12.279799999999966,,0.0,,,,
12.285999999999966,,,,0.0,,
12.299999999999972,,,,,0.0,0.0
12.323854999999991,0.0,,,,,
12.325299999999965,,,0.0,,,
12.379799999999966,,0.0,,,,
12.385999999999965,,,,0.0,,
12.399999999999972,,,,,0.0,0.0
12.42385499999999,0.0,,,,,
12.425299999999964,,,0.0,,,
12.479799999999965,,0.0,,,,
12.485999999999965,,,,0.0,,
12.499999999999972,,,,,0.0,0.0
12.52385499999999,0.0,,,,,
12.525299999999964,,,0.0,,,
12.579799999999965,,0.0,,,,
12.585999999999965,,,,0.0,,
12.599999999999971,,,,,0.0,0.0
12.62385499999999,0.0,,,,,
12.625299999999964,,,0.0,,,
12.679799999999965,,0.0,,,,
12.685999999999964,,,,0.0,,
12.69999999999997,,,,,0.0,0.0
12.72385499999999,0.0,,,,,
12.725299999999963,,,0.0,,,
12.779799999999964,,0.0,,,,
12.785999999999964,,,,0.0,,
12.79999999999997,,,,,0.0,0.0
12.82385499999999,0.0,,,,,
12.825299999999963,,,0.0,,,
12.879799999999964,,0.0,,,,
12.885999999999964,,,,0.0,,
12.89999999999997,,,,,0.0,0.0
12.923854999999989,0.0,,,,,
12.925299999999963,,,0.0,,,
12.979799999999964,,0.0,,,,
12.985999999999963,,,,0.0,,
12.99999999999997,,,,,0.0,0.0
13.023854999999989,0.0,,,,,
13.025299999999962,,,0.0,,,
13.079799999999963,,0.0,,,,
13.085999999999963,,,,0.0,,
13.09999999999997,,,,,0.0,0.0
13.123854999999988,0.0,,,,,
13.125299999999962,,,0.0,,,
13.179799999999963,,0.0,,,,
13.185999999999963,,,,0.0,,
13.199999999999969,,,,,0.0,0.0
13.223854999999988,0.0,,,,,
13.225299999999962,,,0.0,,,
13.279799999999963,,0.0,,,,
13.285999999999962,,,,0.0,,
13.299999999999969,,,,,0.0,0.0
13.323854999999988,0.0,,,,,
13.325299999999961,,,0.0,,,
13.379799999999962,,0.0,,,,
13.385999999999962,,,,0.0,,
13.399999999999968,,,,,0.0,0.0
13.423854999999987,0.0,,,,,
13.425299999999961,,,0.0,,,
13.479799999999962,,0.0,,,,
13.485999999999962,,,,0.0,,
13.499999999999968,,,,,0.0,0.0
13.523854999999987,0.0,,,,,
13.52529999999996,,,0.0,,,
13.579799999999961,,0.0,,,,
13.585999999999961,,,,0.0,,
13.599999999999968,,,,,0.0,0.0
13.623854999999987,0.0,,,,,
13.62529999999996,,,0.0,,,
13.679799999999961,,0.0,,,,
13.68599999999996,,,,0.0,,
13.699999999999967,,,,,0.0,0.0
13.723854999999986,0.0,,,,,
13.72529999999996,,,0.0,,,
13.77979999999996,,0.0,,,,
13.78599999999996,,,,0.0,,
13.799999999999967,,,,,0.0,0.0
13.823854999999986,0.0,,,,,
13.82529999999996,,,0.0,,,
13.87979999999996,,0.0,,,,
13.88599999999996,,,,0.0,,
13.899999999999967,,,,,0.0,0.0
13.923854999999985,0.0,,,,,
13.92529999999996,,,0.0,,,
13.97979999999996,,0.0,,,,
13.98599999999996,,,,0.0,,
13.999999999999966,,,,,0.0,0.0
14.023854999999985,0.0,,,,,
14.025299999999959,,,0.0,,,
14.07979999999996,,0.0,,,,
14.08599999999996,,,,0.0,,
14.099999999999966,,,,,0.0,0.0
14.123854999999985,0.0,,,,,
14.125299999999958,,,0.0,,,
14.17979999999996,,0.0,,,,
14.185999999999959,,,,0.0,,
14.199999999999966,,,,,0.0,0.0
14.223854999999984,0.0,,,,,
14.225299999999958,,,0.0,,,
14.279799999999959,,0.0,,,,
14.285999999999959,,,,0.0,,
14.299999999999965,,,,,0.0,0.0
14.323854999999984,0.0,,,,,
14.325299999999958,,,0.0,,,
14.379799999999959,,0.0,,,,
14.385999999999958,,,,0.0,,
14.399999999999965,,,,,0.0,0.0
14.423854999999984,0.0,,,,,
14.425299999999957,,,0.0,,,
14.479799999999958,,0.0,,,,
14.485999999999958,,,,0.0,,
14.499999999999964,,,,,0.0,0.0
14.523854999999983,0.0,,,,,
14.525299999999957,,,0.0,,,
14.579799999999958,,0.0,,,,
14.585999999999958,,,,0.0,,
14.599999999999964,,,,,0.0,0.0
14.623854999999983,0.0,,,,,
14.625299999999957,,,0.0,,,
14.679799999999958,,0.0,,,,
14.685999999999957,,,,0.0,,
14.699999999999964,,,,,0.0,0.0
14.723854999999983,0.0,,,,,
14.725299999999956,,,0.0,,,
14.779799999999957,,0.0,,,,
14.785999999999957,,,,0.0,,
14.799999999999963,,,,,0.0,0.0
14.823854999999982,0.0,,,,,
14.825299999999956,,,0.0,,,
14.879799999999957,,0.0,,,,
14.885999999999957,,,,0.0,,
14.899999999999963,,,,,0.0,0.0
14.923854999999982,0.0,,,,,
14.925299999999956,,,0.0,,,
14.979799999999956,,0.0,,,,
14.985999999999956,,,,0.0,,
14.999999999999963,,,,,0.0,0.0
15.023854999999982,0.0,,,,,
15.025299999999955,,,0.0,,,
15.079799999999956,,0.0,,,,
15.085999999999956,,,,0.0,,
15.099999999999962,,,,,0.0,0.0
15.123854999999981,0.0,,,,,
15.125299999999955,,,0.0,,,
15.179799999999956,,0.0,,,,
15.185999999999956,,,,0.0,,
15.199999999999962,,,,,0.0,0.0
15.22385499999998,0.0,,,,,
15.225299999999955,,,0.0,,,
15.279799999999955,,0.0,,,,
15.285999999999955,,,,0.0,,
15.299999999999962,,,,,0.0,0.0
15.32385499999998,0.0,,,,,
15.325299999999954,,,0.0,,,
15.379799999999955,,0.0,,,,
15.385999999999955,,,,0.0,,
15.399999999999961,,,,,0.0,0.0
15.42385499999998,0.0,,,,,
15.425299999999954,,,0.0,,,
15.479799999999955,,0.0,,,,
15.485999999999954,,,,0.0,,
15.499999999999961,,,,,0.0,0.0
15.52385499999998,0.0,,,,,
15.525299999999953,,,0.0,,,
15.579799999999954,,0.0,,,,
15.585999999999954,,,,0.0,,
15.59999999999996,,,,,0.0,0.0
15.62385499999998,0.0,,,,,
15.625299999999953,,,0.0,,,
15.679799999999954,,0.0,,,,
15.685999999999954,,,,0.0,,
15.69999999999996,,,,,0.0,0.0
15.723854999999979,0.0,,,,,
15.725299999999953,,,0.0,,,
15.779799999999954,,0.0,,,,
15.785999999999953,,,,0.0,,
15.79999999999996,,,,,0.0,0.0
15.823854999999979,0.0,,,,,
15.825299999999952,,,0.0,,,
15.879799999999953,,0.0,,,,
15.885999999999953,,,,0.0,,
15.89999999999996,,,,,0.0,0.0
15.923854999999978,0.0,,,,,
15.925299999999952,,,0.0,,,
15.979799999999953,,0.0,,,,
15.985999999999953,,,,0.0,,
15.99999999999996,,,,,0.0,0.0
16.02385499999998,0.0,,,,,
16.02529999999995,,,0.0,,,
16.079799999999953,,0.0,,,,
16.085999999999952,,,,0.0,,
16.09999999999996,,,,,0.0,0.0
16.12385499999998,0.0,,,,,
16.125299999999953,,,0.0,,,
16.179799999999954,,0.0,,,,
16.185999999999954,,,,0.0,,
16.19999999999996,,,,,0.0,0.0
16.223854999999983,0.0,,,,,
16.225299999999955,,,0.0,,,
16.279799999999955,,0.0,,,,
16.285999999999955,,,,0.0,,
16.29999999999996,,,,,0.0,0.0
16.323854999999984,0.0,,,,,
16.325299999999956,,,0.0,,,
16.379799999999957,,0.0,,,,
16.385999999999957,,,,0.0,,
16.399999999999963,,,,,0.0,0.0
16.423854999999985,0.0,,,,,
16.425299999999957,,,0.0,,,
16.47979999999996,,0.0,,,,
16.485999999999958,,,,0.0,,
16.499999999999964,,,,,0.0,0.0
16.523854999999987,0.0,,,,,
16.52529999999996,,,0.0,,,
16.57979999999996,,0.0,,,,
16.58599999999996,,,,0.0,,
16.599999999999966,,,,,0.0,0.0
16.62385499999999,0.0,,,,,
16.62529999999996,,,0.0,,,
16.67979999999996,,0.0,,,,
16.68599999999996,,,,0.0,,
16.699999999999967,,,,,0.0,0.0
16.72385499999999,0.0,,,,,
16.72529999999996,,,0.0,,,
16.779799999999963,,0.0,,,,
16.785999999999962,,,,0.0,,
16.79999999999997,,,,,0.0,0.0
16.82385499999999,0.0,,,,,
16.825299999999963,,,0.0,,,
16.879799999999964,,0.0,,,,
16.885999999999964,,,,0.0,,
16.89999999999997,,,,,0.0,0.0
16.923854999999993,0.0,,,,,
16.925299999999964,,,0.0,,,
16.979799999999965,,0.0,,,,
16.985999999999965,,,,0.0,,
16.99999999999997,,,,,0.0,0.0
17.023854999999994,0.0,,,,,
17.025299999999966,,,0.0,,,
17.079799999999967,,0.0,,,,
17.085999999999967,,,,0.0,,
17.099999999999973,,,,,0.0,0.0
17.123854999999995,0.0,,,,,
17.125299999999967,,,0.0,,,
17.179799999999968,,0.0,,,,
17.185999999999968,,,,0.0,,
17.199999999999974,,,,,0.0,0.0
17.223854999999997,0.0,,,,,
17.22529999999997,,,0.0,,,
17.27979999999997,,0.0,,,,
17.28599999999997,,,,0.0,,
17.299999999999976,,,,,0.0,0.0
17.323855,0.0,,,,,
17.32529999999997,,,0.0,,,
17.37979999999997,,0.0,,,,
17.38599999999997,,,,0.0,,
17.399999999999977,,,,,0.0,0.0
17.423855,0.0,,,,,
17.42529999999997,,,0.0,,,
17.479799999999972,,0.0,,,,
17.485999999999972,,,,0.0,,
17.49999999999998,,,,,0.0,0.0
17.523855,0.0,,,,,
17.525299999999973,,,0.0,,,
17.579799999999974,,0.0,,,,
17.585999999999974,,,,0.0,,
17.59999999999998,,,,,0.0,0.0
17.623855000000002,0.0,,,,,
17.625299999999974,,,0.0,,,
17.679799999999975,,0.0,,,,
17.685999999999975,,,,0.0,,
17.69999999999998,,,,,0.0,0.0
17.723855000000004,0.0,,,,,
17.725299999999976,,,0.0,,,
17.779799999999977,,0.0,,,,
17.785999999999976,,,,0.0,,
17.799999999999983,,,,,0.0,0.0
17.823855000000005,0.0,,,,,
17.825299999999977,,,0.0,,,
17.879799999999978,,0.0,,,,
17.885999999999978,,,,0.0,,
17.899999999999984,,,,,0.0,0.0
17.923855000000007,0.0,,,,,
17.92529999999998,,,0.0,,,
17.97979999999998,,0.0,,,,
17.98599999999998,,,,0.0,,
17.999999999999986,,,,,0.0,0.0
18.023855000000008,0.0,,,,,
18.02529999999998,,,0.0,,,
18.07979999999998,,0.0,,,,
18.08599999999998,,,,0.0,,
18.099999999999987,,,,,0.0,0.0
18.12385500000001,0.0,,,,,
18.12529999999998,,,0.0,,,
18.179799999999982,,0.0,,,,
18.185999999999982,,,,0.0,,
18.19999999999999,,,,,0.0,0.0
18.22385500000001,0.0,,,,,
18.225299999999983,,,0.0,,,
18.279799999999984,,0.0,,,,
18.285999999999984,,,,0.0,,
18.29999999999999,,,,,0.0,0.0
18.323855000000012,0.0,,,,,
18.325299999999984,,,0.0,,,
18.379799999999985,,0.0,,,,
18.385999999999985,,,,0.0,,
18.39999999999999,,,,,0.0,0.0
18.423855000000014,0.0,,,,,
18.425299999999986,,,0.0,,,
18.479799999999987,,0.0,,,,
18.485999999999986,,,,0.0,,
18.499999999999993,,,,,0.0,0.0
18.523855000000015,0.0,,,,,
18.525299999999987,,,0.0,,,
18.579799999999988,,0.0,,,,
18.585999999999988,,,,0.0,,
18.599999999999994,,,,,0.0,0.0
18.623855000000017,0.0,,,,,
18.62529999999999,,,0.0,,,
18.67979999999999,,0.0,,,,
18.68599999999999,,,,0.0,,
18.699999999999996,,,,,0.0,0.0
18.723855000000018,0.0,,,,,
18.72529999999999,,,0.0,,,
18.77979999999999,,0.0,,,,
18.78599999999999,,,,0.0,,
18.799999999999997,,,,,0.0,0.0
18.82385500000002,0.0,,,,,
18.82529999999999,,,0.0,,,
18.879799999999992,,0.0,,,,
18.885999999999992,,,,0.0,,
18.9,,,,,0.0,0.0
18.92385500000002,0.0,,,,,
18.925299999999993,,,0.0,,,
18.979799999999994,,0.0,,,,
18.985999999999994,,,,0.0,,
19.0,,,,,0.0,0.0
19.023855000000022,0.0,,,,,
19.025299999999994,,,0.0,,,
19.079799999999995,,0.0,,,,
19.085999999999995,,,,0.0,,
19.1,,,,,0.0,0.0
19.123855000000024,0.0,,,,,
19.125299999999996,,,0.0,,,
19.179799999999997,,0.0,,,,
19.185999999999996,,,,0.0,,
19.200000000000003,,,,,0.0,0.0
19.223855000000025,0.0,,,,,
19.225299999999997,,,0.0,,,
19.279799999999998,,0.0,,,,
19.285999999999998,,,,0.0,,
19.300000000000004,,,,,0.0,0.0
19.323855000000027,0.0,,,,,
19.3253,,,0.0,,,
19.3798,,0.0,,,,
19.386,,,,0.0,,
19.400000000000006,,,,,0.0,0.0
19.423855000000028,0.0,,,,,
19.4253,,,0.0,,,
19.4798,,0.0,,,,
19.486,,,,0.0,,
19.500000000000007,,,,,0.0,0.0
19.52385500000003,0.0,,,,,
19.5253,,,0.0,,,
19.579800000000002,,0.0,,,,
19.586000000000002,,,,0.0,,
19.60000000000001,,,,,0.0,0.0
19.62385500000003,0.0,,,,,
19.625300000000003,,,0.0,,,
19.679800000000004,,0.0,,,,
19.686000000000003,,,,0.0,,
19.70000000000001,,,,,0.0,0.0
19.723855000000032,0.0,,,,,
19.725300000000004,,,0.0,,,
19.779800000000005,,0.0,,,,
19.786000000000005,,,,0.0,,
19.80000000000001,,,,,0.0,0.0
19.823855000000034,0.0,,,,,
19.825300000000006,,,0.0,,,
19.879800000000007,,0.0,,,,
19.886000000000006,,,,0.0,,
19.900000000000013,,,,,0.0,0.0
19.923855000000035,0.0,,,,,
19.925300000000007,,,0.0,,,
19.979800000000008,,0.0,,,,
19.986000000000008,,,,0.0,,
20.000000000000014,,,,,0.0,0.0
20.023855000000037,0.0,,,,,
20.02530000000001,,,0.0,,,
20.07980000000001,,0.0,,,,
20.08600000000001,,,,0.0,,
20.100000000000016,,,,,0.0,0.0
20.123855000000038,0.0,,,,,
20.12530000000001,,,0.0,,,
20.17980000000001,,0.0,,,,
20.18600000000001,,,,0.0,,
20.200000000000017,,,,,0.0,0.0
20.22385500000004,0.0,,,,,
20.22530000000001,,,0.0,,,
20.279800000000012,,0.0,,,,
20.286000000000012,,,,0.0,,
20.30000000000002,,,,,0.0,0.0
20.32385500000004,0.0,,,,,
20.325300000000013,,,0.0,,,
20.379800000000014,,0.0,,,,
20.386000000000013,,,,0.0,,
20.40000000000002,,,,,0.0,0.0
20.423855000000042,0.0,,,,,
20.425300000000014,,,0.0,,,
20.479800000000015,,0.0,,,,
20.486000000000015,,,,0.0,,
20.50000000000002,,,,,0.0,0.0
20.523855000000044,0.0,,,,,
20.525300000000016,,,0.0,,,
20.579800000000017,,0.0,,,,
20.586000000000016,,,,0.0,,
20.600000000000023,,,,,0.0,0.0
20.623855000000045,0.0,,,,,
20.625300000000017,,,0.0,,,
20.679800000000018,,0.0,,,,
20.686000000000018,,,,0.0,,
20.700000000000024,,,,,0.0,0.0
20.723855000000047,0.0,,,,,
20.72530000000002,,,0.0,,,
20.77980000000002,,0.0,,,,
20.78600000000002,,,,0.0,,
20.800000000000026,,,,,0.0,0.0
20.823855000000048,0.0,,,,,
20.82530000000002,,,0.0,,,
20.87980000000002,,0.0,,,,
20.88600000000002,,,,0.0,,
20.900000000000027,,,,,0.0,0.0
20.92385500000005,0.0,,,,,
20.92530000000002,,,0.0,,,
20.979800000000022,,0.0,,,,
20.986000000000022,,,,0.0,,
21.00000000000003,,,,,0.0,0.0
21.02385500000005,0.0,,,,,
21.025300000000023,,,0.0,,,
21.079800000000024,,0.0,,,,
21.086000000000023,,,,0.0,,
21.10000000000003,,,,,0.0,0.0
21.123855000000052,0.0,,,,,
21.125300000000024,,,0.0,,,
21.179800000000025,,0.0,,,,
21.186000000000025,,,,0.0,,
21.20000000000003,,,,,0.0,0.0
21.223855000000054,0.0,,,,,
21.225300000000026,,,0.0,,,
21.279800000000026,,0.0,,,,
21.286000000000026,,,,0.0,,
21.300000000000033,,,,,0.0,0.0
21.323855000000055,0.0,,,,,
21.325300000000027,,,0.0,,,
21.379800000000028,,0.0,,,,
21.386000000000028,,,,0.0,,
21.400000000000034,,,,,0.0,0.0
21.423855000000056,0.0,,,,,
21.42530000000003,,,0.0,,,
21.47980000000003,,0.0,,,,
21.48600000000003,,,,0.0,,
21.500000000000036,,,,,0.0,0.0
21.523855000000058,0.0,,,,,
21.52530000000003,,,0.0,,,
21.57980000000003,,0.0,,,,
21.58600000000003,,,,0.0,,
21.600000000000037,,,,,0.0,0.0
21.62385500000006,0.0,,,,,
21.62530000000003,,,0.0,,,
21.679800000000032,,0.0,,,,
21.686000000000032,,,,0.0,,
21.70000000000004,,,,,0.0,0.0
21.72385500000006,0.0,,,,,
21.725300000000033,,,0.0,,,
21.779800000000034,,0.0,,,,
21.786000000000033,,,,0.0,,
21.80000000000004,,,,,0.0,0.0
21.823855000000062,0.0,,,,,
21.825300000000034,,,0.0,,,
21.879800000000035,,0.0,,,,
21.886000000000035,,,,0.0,,
21.90000000000004,,,,,0.0,0.0
21.923855000000064,0.0,,,,,
21.925300000000036,,,0.0,,,
21.979800000000036,,0.0,,,,
21.986000000000036,,,,0.0,,
22.000000000000043,,,,,0.0,0.0
22.023855000000065,0.0,,,,,
22.025300000000037,,,0.0,,,
22.079800000000038,,0.0,,,,
22.086000000000038,,,,0.0,,
22.100000000000044,,,,,0.0,0.0
22.123855000000066,0.0,,,,,
22.12530000000004,,,0.0,,,
22.17980000000004,,0.0,,,,
22.18600000000004,,,,0.0,,
22.200000000000045,,,,,0.0,0.0
22.223855000000068,0.0,,,,,
22.22530000000004,,,0.0,,,
22.27980000000004,,0.0,,,,
22.28600000000004,,,,0.0,,
22.300000000000047,,,,,0.0,0.0
22.32385500000007,0.0,,,,,
22.32530000000004,,,0.0,,,
22.379800000000042,,0.0,,,,
22.386000000000042,,,,0.0,,
22.40000000000005,,,,,0.0,0.0
22.42385500000007,0.0,,,,,
22.425300000000043,,,0.0,,,
22.479800000000044,,0.0,,,,
22.486000000000043,,,,0.0,,
22.50000000000005,,,,,0.0,0.0
22.523855000000072,0.0,,,,,
22.525300000000044,,,0.0,,,
22.579800000000045,,0.0,,,,
22.586000000000045,,,,0.0,,
22.60000000000005,,,,,0.0,0.0
22.623855000000074,0.0,,,,,
22.625300000000045,,,0.0,,,
22.679800000000046,,0.0,,,,
22.686000000000046,,,,0.0,,
22.700000000000053,,,,,0.0,0.0
22.723855000000075,0.0,,,,,
22.725300000000047,,,0.0,,,
22.779800000000048,,0.0,,,,
22.786000000000048,,,,0.0,,
22.800000000000054,,,,,0.0,0.0
22.823855000000076,0.0,,,,,
22.82530000000005,,,0.0,,,
22.87980000000005,,0.0,,,,
22.88600000000005,,,,0.0,,
22.900000000000055,,,,,0.0,0.0
22.923855000000078,0.0,,,,,
22.92530000000005,,,0.0,,,
22.97980000000005,,0.0,,,,
22.98600000000005,,,,0.0,,
23.000000000000057,,,,,0.0,0.0
23.02385500000008,0.0,,,,,
23.02530000000005,,,0.0,,,
23.079800000000052,,0.0,,,,
23.086000000000052,,,,0.0,,
23.10000000000006,,,,,0.0,0.0
23.12385500000008,0.0,,,,,
23.125300000000053,,,0.0,,,
23.179800000000053,,0.0,,,,
23.186000000000053,,,,0.0,,
23.20000000000006,,,,,0.0,0.0
23.223855000000082,0.0,,,,,
23.225300000000054,,,0.0,,,
23.279800000000055,,0.0,,,,
23.286000000000055,,,,0.0,,
23.30000000000006,,,,,0.0,0.0
23.323855000000083,0.0,,,,,
23.325300000000055,,,0.0,,,
23.379800000000056,,0.0,,,,
23.386000000000056,,,,0.0,,
23.400000000000063,,,,,0.0,0.0
23.423855000000085,0.0,,,,,
23.425300000000057,,,0.0,,,
23.479800000000058,,0.0,,,,
23.486000000000057,,,,0.0,,
23.500000000000064,,,,,0.0,0.0
23.523855000000086,0.0,,,,,
23.52530000000006,,,0.0,,,
23.57980000000006,,0.0,,,,
23.58600000000006,,,,0.0,,
23.600000000000065,,,,,0.0,0.0
23.623855000000088,0.0,,,,,
23.62530000000006,,,0.0,,,
23.67980000000006,,0.0,,,,
23.68600000000006,,,,0.0,,
23.700000000000067,,,,,0.0,0.0
23.72385500000009,0.0,,,,,
23.72530000000006,,,0.0,,,
23.779800000000062,,0.0,,,,
23.78600000000006,,,,0.0,,
23.800000000000068,,,,,0.0,0.0
23.82385500000009,0.0,,,,,
23.825300000000063,,,0.0,,,
23.879800000000063,,0.0,,,,
23.886000000000063,,,,0.0,,
23.90000000000007,,,,,0.0,0.0
23.923855000000092,0.0,,,,,
23.925300000000064,,,0.0,,,
23.979800000000065,,0.0,,,,
23.986000000000065,,,,0.0,,
24.00000000000007,,,,,0.0,0.0
24.023855000000093,0.0,,,,,
24.025300000000065,,,0.0,,,
24.079800000000066,,0.0,,,,
24.086000000000066,,,,0.0,,
24.100000000000072,,,,,0.0,0.0
24.123855000000095,0.0,,,,,
24.125300000000067,,,0.0,,,
24.179800000000068,,0.0,,,,
24.186000000000067,,,,0.0,,
24.200000000000074,,,,,0.0,0.0
24.223855000000096,0.0,,,,,
24.225300000000068,,,0.0,,,
24.27980000000007,,0.0,,,,
24.28600000000007,,,,0.0,,
24.300000000000075,,,,,0.0,0.0
24.323855000000098,0.0,,,,,
24.32530000000007,,,0.0,,,
24.37980000000007,,0.0,,,,
24.38600000000007,,,,0.0,,
24.400000000000077,,,,,0.0,0.0
24.4238550000001,0.0,,,,,
24.42530000000007,,,0.0,,,
24.479800000000072,,0.0,,,,
24.48600000000007,,,,0.0,,
24.500000000000078,,,,,0.0,0.0
24.5238550000001,0.0,,,,,
24.525300000000072,,,0.0,,,
24.579800000000073,,0.0,,,,
24.586000000000073,,,,0.0,,
24.60000000000008,,,,,0.0,0.0
24.623855000000102,0.0,,,,,
24.625300000000074,,,0.0,,,
24.679800000000075,,0.0,,,,
24.686000000000075,,,,0.0,,
24.70000000000008,,,,,0.0,0.0
24.723855000000103,0.0,,,,,
24.725300000000075,,,0.0,,,
24.779800000000076,,0.0,,,,
24.786000000000076,,,,0.0,,
24.800000000000082,,,,,0.0,0.0
24.823855000000105,0.0,,,,,
24.825300000000077,,,0.0,,,
24.879800000000078,,0.0,,,,
24.886000000000077,,,,0.0,,
24.900000000000084,,,,,0.0,0.0
24.923855000000106,0.0,,,,,
24.925300000000078,,,0.0,,,
24.97980000000008,,0.0,,,,
24.98600000000008,,,,0.0,,
25.000000000000085,,,,,0.0,0.0
25.023855000000108,0.0,,,,,
25.02530000000008,,,0.0,,,
25.07980000000008,,0.0,,,,
25.08600000000008,,,,0.0,,
25.100000000000087,,,,,0.0,0.0
25.12385500000011,0.0,,,,,
25.12530000000008,,,0.0,,,
25.179800000000082,,0.0,,,,
25.18600000000008,,,,0.0,,
25.200000000000088,,,,,0.0,0.0
25.22385500000011,0.0,,,,,
25.225300000000082,,,0.0,,,
25.279800000000083,,0.0,,,,
25.286000000000083,,,,0.0,,
25.30000000000009,,,,,0.0,0.0
25.323855000000112,0.0,,,,,
25.325300000000084,,,0.0,,,
25.379800000000085,,0.0,,,,
25.386000000000084,,,,0.0,,
25.40000000000009,,,,,0.0,0.0
25.423855000000113,0.0,,,,,
25.425300000000085,,,0.0,,,
25.479800000000086,,0.0,,,,
25.486000000000086,,,,0.0,,
25.500000000000092,,,,,0.0,0.0
25.523855000000115,0.0,,,,,
25.525300000000087,,,0.0,,,
25.579800000000088,,0.0,,,,
25.586000000000087,,,,0.0,,
25.600000000000094,,,,,0.0,0.0
25.623855000000116,0.0,,,,,
25.625300000000088,,,0.0,,,
25.67980000000009,,0.0,,,,
25.68600000000009,,,,0.0,,
25.700000000000095,,,,,0.0,0.0
25.723855000000118,0.0,,,,,
25.72530000000009,,,0.0,,,
25.77980000000009,,0.0,,,,
25.78600000000009,,,,0.0,,
25.800000000000097,,,,,0.0,0.0
25.82385500000012,0.0,,,,,
25.82530000000009,,,0.0,,,
25.879800000000092,,0.0,,,,
25.88600000000009,,,,0.0,,
25.900000000000098,,,,,0.0,0.0
25.92385500000012,0.0,,,,,
25.925300000000092,,,0.0,,,
25.979800000000093,,0.0,,,,
25.986000000000093,,,,0.0,,
26.0000000000001,,,,,0.0,0.0
26.023855000000122,0.0,,,,,
26.025300000000094,,,0.0,,,
26.079800000000095,,0.0,,,,
26.086000000000094,,,,0.0,,
26.1000000000001,,,,,0.0,0.0
26.123855000000123,0.0,,,,,
26.125300000000095,,,0.0,,,
26.179800000000096,,0.0,,,,
26.186000000000096,,,,0.0,,
26.200000000000102,,,,,0.0,0.0
26.223855000000125,0.0,,,,,
26.225300000000097,,,0.0,,,
26.279800000000098,,0.0,,,,
26.286000000000097,,,,0.0,,
26.300000000000104,,,,,0.0,0.0
26.323855000000126,0.0,,,,,
26.325300000000098,,,0.0,,,
26.3798000000001,,0.0,,,,
26.3860000000001,,,,0.0,,
26.400000000000105,,,,,0.0,0.0
26.423855000000128,0.0,,,,,
26.4253000000001,,,0.0,,,
26.4798000000001,,0.0,,,,
26.4860000000001,,,,0.0,,
26.500000000000107,,,,,0.0,0.0
26.52385500000013,0.0,,,,,
26.5253000000001,,,0.0,,,
26.579800000000102,,0.0,,,,
26.5860000000001,,,,0.0,,
26.600000000000108,,,,,0.0,0.0
26.62385500000013,0.0,,,,,
26.625300000000102,,,0.0,,,
26.679800000000103,,0.0,,,,
26.686000000000103,,,,0.0,,
26.70000000000011,,,,,0.0,0.0
26.723855000000132,0.0,,,,,
26.725300000000104,,,0.0,,,
26.779800000000105,,0.0,,,,
26.786000000000104,,,,0.0,,
26.80000000000011,,,,,0.0,0.0
26.823855000000133,0.0,,,,,
26.825300000000105,,,0.0,,,
26.879800000000106,,0.0,,,,
26.886000000000106,,,,0.0,,
26.900000000000112,,,,,0.0,0.0
26.923855000000135,0.0,,,,,
26.925300000000107,,,0.0,,,
26.979800000000107,,0.0,,,,
26.986000000000107,,,,0.0,,
27.000000000000114,,,,,0.0,0.0
27.023855000000136,0.0,,,,,
27.025300000000108,,,0.0,,,
27.07980000000011,,0.0,,,,
27.08600000000011,,,,0.0,,
27.100000000000115,,,,,0.0,0.0
27.123855000000137,0.0,,,,,
27.12530000000011,,,0.0,,,
27.17980000000011,,0.0,,,,
27.18600000000011,,,,0.0,,
27.200000000000117,,,,,0.0,0.0
27.22385500000014,0.0,,,,,
27.22530000000011,,,0.0,,,
27.27980000000011,,0.0,,,,
27.28600000000011,,,,0.0,,
27.300000000000118,,,,,0.0,0.0
27.32385500000014,0.0,,,,,
27.325300000000112,,,0.0,,,
27.379800000000113,,0.0,,,,
27.386000000000113,,,,0.0,,
27.40000000000012,,,,,0.0,0.0
27.42385500000014,0.0,,,,,
27.425300000000114,,,0.0,,,
27.479800000000115,,0.0,,,,
27.486000000000114,,,,0.0,,
27.50000000000012,,,,,0.0,0.0
27.523855000000143,0.0,,,,,
27.525300000000115,,,0.0,,,
27.579800000000116,,0.0,,,,
27.586000000000116,,,,0.0,,
27.600000000000122,,,,,0.0,0.0
27.623855000000145,0.0,,,,,
27.625300000000117,,,0.0,,,
27.679800000000117,,0.0,,,,
27.686000000000117,,,,0.0,,
27.700000000000124,,,,,0.0,0.0
27.723855000000146,0.0,,,,,
27.725300000000118,,,0.0,,,
27.77980000000012,,0.0,,,,
27.78600000000012,,,,0.0,,
27.800000000000125,,,,,0.0,0.0
27.823855000000147,0.0,,,,,
27.82530000000012,,,0.0,,,
27.87980000000012,,0.0,,,,
27.88600000000012,,,,0.0,,
27.900000000000126,,,,,0.0,0.0
27.92385500000015,0.0,,,,,
27.92530000000012,,,0.0,,,
27.97980000000012,,0.0,,,,
27.98600000000012,,,,0.0,,
28.000000000000128,,,,,0.0,0.0
28.02385500000015,0.0,,,,,
28.025300000000122,,,0.0,,,
28.079800000000123,,0.0,,,,
28.086000000000123,,,,0.0,,
28.10000000000013,,,,,0.0,0.0
28.12385500000015,0.0,,,,,
28.125300000000124,,,0.0,,,
28.179800000000125,,0.0,,,,
28.186000000000124,,,,0.0,,
28.20000000000013,,,,,0.0,0.0
28.223855000000153,0.0,,,,,
28.225300000000125,,,0.0,,,
28.279800000000126,,0.0,,,,
28.286000000000126,,,,0.0,,
28.300000000000132,,,,,0.0,0.0
28.323855000000155,0.0,,,,,
28.325300000000126,,,0.0,,,
28.379800000000127,,0.0,,,,
28.386000000000127,,,,0.0,,
28.400000000000134,,,,,0.0,0.0
28.423855000000156,0.0,,,,,
28.425300000000128,,,0.0,,,
28.47980000000013,,0.0,,,,
28.48600000000013,,,,0.0,,
28.500000000000135,,,,,0.0,0.0
28.523855000000157,0.0,,,,,
28.52530000000013,,,0.0,,,
28.57980000000013,,0.0,,,,
28.58600000000013,,,,0.0,,
28.600000000000136,,,,,0.0,0.0
28.62385500000016,0.0,,,,,
28.62530000000013,,,0.0,,,
28.67980000000013,,0.0,,,,
28.68600000000013,,,,0.0,,
28.700000000000138,,,,,0.0,0.0
28.72385500000016,0.0,,,,,
28.725300000000132,,,0.0,,,
28.779800000000133,,0.0,,,,
28.786000000000133,,,,0.0,,
28.80000000000014,,,,,0.0,0.0
28.82385500000016,0.0,,,,,
28.825300000000134,,,0.0,,,
28.879800000000134,,0.0,,,,
28.886000000000134,,,,0.0,,
28.90000000000014,,,,,0.0,0.0
28.923855000000163,0.0,,,,,
28.925300000000135,,,0.0,,,
28.979800000000136,,0.0,,,,
28.986000000000136,,,,0.0,,
29.000000000000142,,,,,0.0,0.0
29.023855000000164,0.0,,,,,
29.025300000000136,,,0.0,,,
29.079800000000137,,0.0,,,,
29.086000000000137,,,,0.0,,
29.100000000000144,,,,,0.0,0.0
29.123855000000166,0.0,,,,,
29.125300000000138,,,0.0,,,
29.17980000000014,,0.0,,,,
29.18600000000014,,,,0.0,,
29.200000000000145,,,,,0.0,0.0
29.223855000000167,0.0,,,,,
29.22530000000014,,,0.0,,,
29.27980000000014,,0.0,,,,
29.28600000000014,,,,0.0,,
29.300000000000146,,,,,0.0,0.0
29.32385500000017,0.0,,,,,
29.32530000000014,,,0.0,,,
29.37980000000014,,0.0,,,,
29.38600000000014,,,,0.0,,
29.400000000000148,,,,,0.0,0.0
29.42385500000017,0.0,,,,,
29.425300000000142,,,0.0,,,
29.479800000000143,,0.0,,,,
29.486000000000143,,,,0.0,,
29.50000000000015,,,,,0.0,0.0
29.52385500000017,0.0,,,,,
29.525300000000144,,,0.0,,,
29.579800000000144,,0.0,,,,
29.586000000000144,,,,0.0,,
29.60000000000015,,,,,0.0,0.0
29.623855000000173,0.0,,,,,
29.625300000000145,,,0.0,,,
29.679800000000146,,0.0,,,,
29.686000000000146,,,,0.0,,
29.700000000000152,,,,,0.0,0.0
29.723855000000174,0.0,,,,,
29.725300000000146,,,0.0,,,
29.779800000000147,,0.0,,,,
29.786000000000147,,,,0.0,,
29.800000000000153,,,,,0.0,0.0
29.823855000000176,0.0,,,,,
29.825300000000148,,,0.0,,,
29.87980000000015,,0.0,,,,
29.88600000000015,,,,0.0,,
29.900000000000155,,,,,0.0,0.0
29.923855000000177,0.0,,,,,
29.92530000000015,,,0.0,,,
29.97980000000015,,0.0,,,,
29.98600000000015,,,,0.0,,
30.000000000000156,,,,,0.0,0.0
30.02385500000018,0.0,,,,,
30.02530000000015,,,0.0,,,
30.07980000000015,,0.0,,,,
30.08600000000015,,,,0.0,,
30.100000000000158,,,,,0.0,0.0
30.12385500000018,0.0,,,,,
30.125300000000152,,,0.0,,,
30.179800000000153,,0.0,,,,
30.186000000000153,,,,0.0,,
30.20000000000016,,,,,0.0,0.0
30.22385500000018,0.0,,,,,
30.225300000000153,,,0.0,,,
30.279800000000154,,0.0,,,,
30.286000000000154,,,,0.0,,
30.30000000000016,,,,,0.0,0.0
30.323855000000183,0.0,,,,,
30.325300000000155,,,0.0,,,
30.379800000000156,,0.0,,,,
30.386000000000156,,,,0.0,,
30.400000000000162,,,,,0.0,0.0
30.423855000000184,0.0,,,,,
30.425300000000156,,,0.0,,,
30.479800000000157,,0.0,,,,
30.486000000000157,,,,0.0,,
30.500000000000163,,,,,0.0,0.0
30.523855000000186,0.0,,,,,
30.525300000000158,,,0.0,,,
30.57980000000016,,0.0,,,,
30.58600000000016,,,,0.0,,
30.600000000000165,,,,,0.0,0.0
30.623855000000187,0.0,,,,,
30.62530000000016,,,0.0,,,
30.67980000000016,,0.0,,,,
30.68600000000016,,,,0.0,,
30.700000000000166,,,,,0.0,0.0
30.72385500000019,0.0,,,,,
30.72530000000016,,,0.0,,,
30.77980000000016,,0.0,,,,
30.78600000000016,,,,0.0,,
30.800000000000168,,,,,0.0,0.0
30.82385500000019,0.0,,,,,
30.825300000000162,,,0.0,,,
30.879800000000163,,0.0,,,,
30.886000000000163,,,,0.0,,
30.90000000000017,,,,,0.0,0.0
30.92385500000019,0.0,,,,,
30.925300000000163,,,0.0,,,
30.979800000000164,,0.0,,,,
30.986000000000164,,,,0.0,,
31.00000000000017,,,,,0.0,0.0
31.023855000000193,0.0,,,,,
31.025300000000165,,,0.0,,,
31.079800000000166,,0.0,,,,
31.086000000000165,,,,0.0,,
31.100000000000172,,,,,0.0,0.0
31.123855000000194,0.0,,,,,
31.125300000000166,,,0.0,,,
31.179800000000167,,0.0,,,,
31.186000000000167,,,,0.0,,
31.200000000000173,,,,,0.0,0.0
31.223855000000196,0.0,,,,,
31.225300000000168,,,0.0,,,
31.27980000000017,,0.0,,,,
31.28600000000017,,,,0.0,,
31.300000000000175,,,,,0.0,0.0
31.323855000000197,0.0,,,,,
31.32530000000017,,,0.0,,,
31.37980000000017,,0.0,,,,
31.38600000000017,,,,0.0,,
31.400000000000176,,,,,0.0,0.0
31.4238550000002,0.0,,,,,
31.42530000000017,,,0.0,,,
31.47980000000017,,0.0,,,,
31.48600000000017,,,,0.0,,
31.500000000000178,,,,,0.0,0.0
31.5238550000002,0.0,,,,,
31.525300000000172,,,0.0,,,
31.579800000000173,,0.0,,,,
31.586000000000173,,,,0.0,,
31.60000000000018,,,,,0.0,0.0
31.6238550000002,0.0,,,,,
31.625300000000173,,,0.0,,,
31.679800000000174,,0.0,,,,
31.686000000000174,,,,0.0,,
31.70000000000018,,,,,0.0,0.0
31.723855000000203,0.0,,,,,
31.725300000000175,,,0.0,,,
31.779800000000176,,0.0,,,,
31.786000000000175,,,,0.0,,
31.800000000000182,,,,,0.0,0.0
31.823855000000204,0.0,,,,,
31.825300000000176,,,0.0,,,
31.879800000000177,,0.0,,,,
31.886000000000177,,,,0.0,,
31.900000000000183,,,,,0.0,0.0
31.923855000000206,0.0,,,,,
31.925300000000178,,,0.0,,,
31.97980000000018,,0.0,,,,
31.98600000000018,,,,0.0,,
32.000000000000185,,,,,0.0,0.0
32.023855000000204,0.0,,,,,
32.02530000000018,,,0.0,,,
32.079800000000176,,0.0,,,,
32.086000000000176,,,,0.0,,
32.100000000000186,,,,,0.0,0.0
32.123855000000205,0.0,,,,,
32.12530000000018,,,0.0,,,
32.17980000000018,,0.0,,,,
32.18600000000018,,,,0.0,,
32.20000000000019,,,,,0.0,0.0
32.223855000000206,0.0,,,,,
32.22530000000018,,,0.0,,,
32.27980000000018,,0.0,,,,
32.28600000000018,,,,0.0,,
32.30000000000019,,,,,0.0,0.0
32.32385500000021,0.0,,,,,
32.32530000000018,,,0.0,,,
32.37980000000018,,0.0,,,,
32.38600000000018,,,,0.0,,
32.40000000000019,,,,,0.0,0.0
32.42385500000021,0.0,,,,,
32.425300000000185,,,0.0,,,
32.47980000000018,,0.0,,,,
32.48600000000018,,,,0.0,,
32.50000000000019,,,,,0.0,0.0
32.52385500000021,0.0,,,,,
32.525300000000186,,,0.0,,,
32.57980000000018,,0.0,,,,
32.58600000000018,,,,0.0,,
32.60000000000019,,,,,0.0,0.0
32.62385500000021,0.0,,,,,
32.62530000000019,,,0.0,,,
32.679800000000185,,0.0,,,,
32.686000000000185,,,,0.0,,
32.700000000000195,,,,,0.0,0.0
32.72385500000021,0.0,,,,,
32.72530000000019,,,0.0,,,
32.779800000000186,,0.0,,,,
32.786000000000186,,,,0.0,,
32.800000000000196,,,,,0.0,0.0
32.823855000000215,0.0,,,,,
32.82530000000019,,,0.0,,,
32.87980000000019,,0.0,,,,
32.88600000000019,,,,0.0,,
32.9000000000002,,,,,0.0,0.0
32.923855000000216,0.0,,,,,
32.92530000000019,,,0.0,,,
32.97980000000019,,0.0,,,,
32.98600000000019,,,,0.0,,
33.0000000000002,,,,,0.0,0.0
33.02385500000022,0.0,,,,,
33.02530000000019,,,0.0,,,
33.07980000000019,,0.0,,,,
33.08600000000019,,,,0.0,,
33.1000000000002,,,,,0.0,0.0
33.12385500000022,0.0,,,,,
33.125300000000195,,,0.0,,,
33.17980000000019,,0.0,,,,
33.18600000000019,,,,0.0,,
33.2000000000002,,,,,0.0,0.0
33.22385500000022,0.0,,,,,
33.225300000000196,,,0.0,,,
33.27980000000019,,0.0,,,,
33.28600000000019,,,,0.0,,
33.3000000000002,,,,,0.0,0.0
33.32385500000022,0.0,,,,,
33.3253000000002,,,0.0,,,
33.379800000000195,,0.0,,,,
33.386000000000195,,,,0.0,,
33.400000000000205,,,,,0.0,0.0
33.42385500000022,0.0,,,,,
33.4253000000002,,,0.0,,,
33.479800000000196,,0.0,,,,
33.486000000000196,,,,0.0,,
33.500000000000206,,,,,0.0,0.0
33.523855000000225,0.0,,,,,
33.5253000000002,,,0.0,,,
33.5798000000002,,0.0,,,,
33.5860000000002,,,,0.0,,
33.60000000000021,,,,,0.0,0.0
33.623855000000226,0.0,,,,,
33.6253000000002,,,0.0,,,
33.6798000000002,,0.0,,,,
33.6860000000002,,,,0.0,,
33.70000000000021,,,,,0.0,0.0
33.72385500000023,0.0,,,,,
33.7253000000002,,,0.0,,,
33.7798000000002,,0.0,,,,
33.7860000000002,,,,0.0,,
33.80000000000021,,,,,0.0,0.0
33.82385500000023,0.0,,,,,
33.825300000000205,,,0.0,,,
33.8798000000002,,0.0,,,,
33.8860000000002,,,,0.0,,
33.90000000000021,,,,,0.0,0.0
33.92385500000023,0.0,,,,,
33.925300000000206,,,0.0,,,
33.9798000000002,,0.0,,,,
33.9860000000002,,,,0.0,,
34.00000000000021,,,,,0.0,0.0
34.02385500000023,0.0,,,,,
34.02530000000021,,,0.0,,,
34.079800000000205,,0.0,,,,
34.086000000000205,,,,0.0,,
34.100000000000215,,,,,0.0,0.0
34.12385500000023,0.0,,,,,
34.12530000000021,,,0.0,,,
34.179800000000206,,0.0,,,,
34.186000000000206,,,,0.0,,
34.200000000000216,,,,,0.0,0.0
34.223855000000235,0.0,,,,,
34.22530000000021,,,0.0,,,
34.27980000000021,,0.0,,,,
34.28600000000021,,,,0.0,,
34.30000000000022,,,,,0.0,0.0
34.323855000000236,0.0,,,,,
34.32530000000021,,,0.0,,,
34.37980000000021,,0.0,,,,
34.38600000000021,,,,0.0,,
34.40000000000022,,,,,0.0,0.0
34.42385500000024,0.0,,,,,
34.42530000000021,,,0.0,,,
34.47980000000021,,0.0,,,,
34.48600000000021,,,,0.0,,
34.50000000000022,,,,,0.0,0.0
34.52385500000024,0.0,,,,,
34.525300000000215,,,0.0,,,
34.57980000000021,,0.0,,,,
34.58600000000021,,,,0.0,,
34.60000000000022,,,,,0.0,0.0
34.62385500000024,0.0,,,,,
34.625300000000216,,,0.0,,,
34.67980000000021,,0.0,,,,
34.68600000000021,,,,0.0,,
34.70000000000022,,,,,0.0,0.0
34.72385500000024,0.0,,,,,
34.72530000000022,,,0.0,,,
34.779800000000215,,0.0,,,,
34.786000000000215,,,,0.0,,
34.800000000000225,,,,,0.0,0.0
34.82385500000024,0.0,,,,,
34.82530000000022,,,0.0,,,
34.879800000000216,,0.0,,,,
34.886000000000216,,,,0.0,,
34.900000000000226,,,,,0.0,0.0
34.923855000000245,0.0,,,,,
34.92530000000022,,,0.0,,,
34.97980000000022,,0.0,,,,
34.98600000000022,,,,0.0,,
35.00000000000023,,,,,0.0,0.0
35.023855000000246,0.0,,,,,
35.02530000000022,,,0.0,,,
35.07980000000022,,0.0,,,,
35.08600000000022,,,,0.0,,
35.10000000000023,,,,,0.0,0.0
35.12385500000025,0.0,,,,,
35.12530000000022,,,0.0,,,
35.17980000000022,,0.0,,,,
35.18600000000022,,,,0.0,,
35.20000000000023,,,,,0.0,0.0
35.22385500000025,0.0,,,,,
35.225300000000225,,,0.0,,,
35.27980000000022,,0.0,,,,
35.28600000000022,,,,0.0,,
35.30000000000023,,,,,0.0,0.0
35.32385500000025,0.0,,,,,
35.325300000000226,,,0.0,,,
35.37980000000022,,0.0,,,,
35.38600000000022,,,,0.0,,
35.40000000000023,,,,,0.0,0.0
35.42385500000025,0.0,,,,,
35.42530000000023,,,0.0,,,
35.479800000000225,,0.0,,,,
35.486000000000224,,,,0.0,,
35.500000000000234,,,,,0.0,0.0
35.52385500000025,0.0,,,,,
35.52530000000023,,,0.0,,,
35.579800000000226,,0.0,,,,
35.586000000000226,,,,0.0,,
35.600000000000236,,,,,0.0,0.0
35.623855000000255,0.0,,,,,
35.62530000000023,,,0.0,,,
35.67980000000023,,0.0,,,,
35.68600000000023,,,,0.0,,
35.70000000000024,,,,,0.0,0.0
35.723855000000256,0.0,,,,,
35.72530000000023,,,0.0,,,
35.77980000000023,,0.0,,,,
35.78600000000023,,,,0.0,,
35.80000000000024,,,,,0.0,0.0
35.82385500000026,0.0,,,,,
35.82530000000023,,,0.0,,,
35.87980000000023,,0.0,,,,
35.88600000000023,,,,0.0,,
35.90000000000024,,,,,0.0,0.0
35.92385500000026,0.0,,,,,
35.925300000000234,,,0.0,,,
35.97980000000023,,0.0,,,,
35.98600000000023,,,,0.0,,
36.00000000000024,,,,,0.0,0.0
36.02385500000026,0.0,,,,,
36.025300000000236,,,0.0,,,
36.07980000000023,,0.0,,,,
36.08600000000023,,,,0.0,,
36.10000000000024,,,,,0.0,0.0
36.12385500000026,0.0,,,,,
36.12530000000024,,,0.0,,,
36.179800000000235,,0.0,,,,
36.186000000000234,,,,0.0,,
36.200000000000244,,,,,0.0,0.0
36.22385500000026,0.0,,,,,
36.22530000000024,,,0.0,,,
36.279800000000236,,0.0,,,,
36.286000000000236,,,,0.0,,
36.300000000000246,,,,,0.0,0.0
36.323855000000265,0.0,,,,,
36.32530000000024,,,0.0,,,
36.37980000000024,,0.0,,,,
36.38600000000024,,,,0.0,,
36.40000000000025,,,,,0.0,0.0
36.423855000000266,0.0,,,,,
36.42530000000024,,,0.0,,,
36.47980000000024,,0.0,,,,
36.48600000000024,,,,0.0,,
36.50000000000025,,,,,0.0,0.0
36.52385500000027,0.0,,,,,
36.52530000000024,,,0.0,,,
36.57980000000024,,0.0,,,,
36.58600000000024,,,,0.0,,
36.60000000000025,,,,,0.0,0.0
36.62385500000027,0.0,,,,,
36.625300000000244,,,0.0,,,
36.67980000000024,,0.0,,,,
36.68600000000024,,,,0.0,,
36.70000000000025,,,,,0.0,0.0
36.72385500000027,0.0,,,,,
36.725300000000246,,,0.0,,,
36.77980000000024,,0.0,,,,
36.78600000000024,,,,0.0,,
36.80000000000025,,,,,0.0,0.0
36.82385500000027,0.0,,,,,
36.82530000000025,,,0.0,,,
36.879800000000245,,0.0,,,,
36.886000000000244,,,,0.0,,
36.900000000000254,,,,,0.0,0.0
36.92385500000027,0.0,,,,,
36.92530000000025,,,0.0,,,
36.979800000000246,,0.0,,,,
36.986000000000246,,,,0.0,,
37.000000000000256,,,,,0.0,0.0
37.023855000000275,0.0,,,,,
37.02530000000025,,,0.0,,,
37.07980000000025,,0.0,,,,
37.08600000000025,,,,0.0,,
37.10000000000026,,,,,0.0,0.0
37.123855000000276,0.0,,,,,
37.12530000000025,,,0.0,,,
37.17980000000025,,0.0,,,,
37.18600000000025,,,,0.0,,
37.20000000000026,,,,,0.0,0.0
37.22385500000028,0.0,,,,,
37.22530000000025,,,0.0,,,
37.27980000000025,,0.0,,,,
37.28600000000025,,,,0.0,,
37.30000000000026,,,,,0.0,0.0
37.32385500000028,0.0,,,,,
37.325300000000254,,,0.0,,,
37.37980000000025,,0.0,,,,
37.38600000000025,,,,0.0,,
37.40000000000026,,,,,0.0,0.0
37.42385500000028,0.0,,,,,
37.425300000000256,,,0.0,,,
37.47980000000025,,0.0,,,,
37.48600000000025,,,,0.0,,
37.50000000000026,,,,,0.0,0.0
37.52385500000028,0.0,,,,,
37.52530000000026,,,0.0,,,
37.579800000000255,,0.0,,,,
37.586000000000254,,,,0.0,,
37.600000000000264,,,,,0.0,0.0
37.62385500000028,0.0,,,,,
37.62530000000026,,,0.0,,,
37.679800000000256,,0.0,,,,
37.686000000000256,,,,0.0,,
37.700000000000266,,,,,0.0,0.0
37.723855000000285,0.0,,,,,
37.72530000000026,,,0.0,,,
37.77980000000026,,0.0,,,,
37.78600000000026,,,,0.0,,
37.80000000000027,,,,,0.0,0.0
37.823855000000286,0.0,,,,,
37.82530000000026,,,0.0,,,
37.87980000000026,,0.0,,,,
37.88600000000026,,,,0.0,,
37.90000000000027,,,,,0.0,0.0
37.92385500000029,0.0,,,,,
37.92530000000026,,,0.0,,,
37.97980000000026,,0.0,,,,
37.98600000000026,,,,0.0,,
38.00000000000027,,,,,0.0,0.0
38.02385500000029,0.0,,,,,
38.025300000000264,,,0.0,,,
38.07980000000026,,0.0,,,,
38.08600000000026,,,,0.0,,
38.10000000000027,,,,,0.0,0.0
38.12385500000029,0.0,,,,,
38.125300000000266,,,0.0,,,
38.17980000000026,,0.0,,,,
38.18600000000026,,,,0.0,,
38.20000000000027,,,,,0.0,0.0
38.22385500000029,0.0,,,,,
38.22530000000027,,,0.0,,,
38.279800000000265,,0.0,,,,
38.286000000000264,,,,0.0,,
38.300000000000274,,,,,0.0,0.0
38.32385500000029,0.0,,,,,
38.32530000000027,,,0.0,,,
38.379800000000266,,0.0,,,,
38.386000000000266,,,,0.0,,
38.400000000000276,,,,,0.0,0.0
38.423855000000295,0.0,,,,,
38.42530000000027,,,0.0,,,
38.47980000000027,,0.0,,,,
38.48600000000027,,,,0.0,,
38.50000000000028,,,,,0.0,0.0
38.523855000000296,0.0,,,,,
38.52530000000027,,,0.0,,,
38.57980000000027,,0.0,,,,
38.58600000000027,,,,0.0,,
38.60000000000028,,,,,0.0,0.0
38.6238550000003,0.0,,,,,
38.62530000000027,,,0.0,,,
38.67980000000027,,0.0,,,,
38.68600000000027,,,,0.0,,
38.70000000000028,,,,,0.0,0.0
38.7238550000003,0.0,,,,,
38.725300000000274,,,0.0,,,
38.77980000000027,,0.0,,,,
38.78600000000027,,,,0.0,,
38.80000000000028,,,,,0.0,0.0
38.8238550000003,0.0,,,,,
38.825300000000276,,,0.0,,,
38.87980000000027,,0.0,,,,
38.88600000000027,,,,0.0,,
38.90000000000028,,,,,0.0,0.0
38.9238550000003,0.0,,,,,
38.92530000000028,,,0.0,,,
38.979800000000274,,0.0,,,,
38.986000000000274,,,,0.0,,
39.000000000000284,,,,,0.0,0.0
39.0238550000003,0.0,,,,,
39.02530000000028,,,0.0,,,
39.079800000000276,,0.0,,,,
39.086000000000276,,,,0.0,,
39.100000000000286,,,,,0.0,0.0
39.123855000000304,0.0,,,,,
39.12530000000028,,,0.0,,,
39.17980000000028,,0.0,,,,
39.18600000000028,,,,0.0,,
39.20000000000029,,,,,0.0,0.0
39.223855000000306,0.0,,,,,
39.22530000000028,,,0.0,,,
39.27980000000028,,0.0,,,,
39.28600000000028,,,,0.0,,
39.30000000000029,,,,,0.0,0.0
39.32385500000031,0.0,,,,,
39.32530000000028,,,0.0,,,
39.37980000000028,,0.0,,,,
39.38600000000028,,,,0.0,,
39.40000000000029,,,,,0.0,0.0
39.42385500000031,0.0,,,,,
39.425300000000284,,,0.0,,,
39.47980000000028,,0.0,,,,
39.48600000000028,,,,0.0,,
39.50000000000029,,,,,0.0,0.0
39.52385500000031,0.0,,,,,
39.525300000000286,,,0.0,,,
39.57980000000028,,0.0,,,,
39.58600000000028,,,,0.0,,
39.60000000000029,,,,,0.0,0.0
39.62385500000031,0.0,,,,,
39.62530000000029,,,0.0,,,
39.679800000000284,,0.0,,,,
39.686000000000284,,,,0.0,,
39.700000000000294,,,,,0.0,0.0
39.72385500000031,0.0,,,,,
39.72530000000029,,,0.0,,,
39.779800000000286,,0.0,,,,
39.786000000000286,,,,0.0,,
39.800000000000296,,,,,0.0,0.0
39.823855000000314,0.0,,,,,
39.82530000000029,,,0.0,,,
39.87980000000029,,0.0,,,,
39.88600000000029,,,,0.0,,
39.9000000000003,,,,,0.0,0.0
39.923855000000316,0.0,,,,,
39.92530000000029,,,0.0,,,
39.97980000000029,,0.0,,,,
39.98600000000029,,,,0.0,,
40.0000000000003,,,,,0.0,0.0
40.02385500000032,0.0,,,,,
40.02530000000029,,,0.0,,,
40.07980000000029,,0.0,,,,
40.08600000000029,,,,0.0,,
40.1000000000003,,,,,0.0,0.0
40.12385500000032,0.0,,,,,
40.125300000000294,,,0.0,,,
40.17980000000029,,0.0,,,,
40.18600000000029,,,,0.0,,
40.2000000000003,,,,,0.0,0.0
40.22385500000032,0.0,,,,,
40.225300000000296,,,0.0,,,
40.27980000000029,,0.0,,,,
40.28600000000029,,,,0.0,,
40.3000000000003,,,,,0.0,0.0
40.32385500000032,0.0,,,,,
40.3253000000003,,,0.0,,,
40.379800000000294,,0.0,,,,
40.386000000000294,,,,0.0,,
40.400000000000304,,,,,0.0,0.0
40.42385500000032,0.0,,,,,
40.4253000000003,,,0.0,,,
40.479800000000296,,0.0,,,,
40.486000000000296,,,,0.0,,
40.500000000000306,,,,,0.0,0.0
40.523855000000324,0.0,,,,,
40.5253000000003,,,0.0,,,
40.5798000000003,,0.0,,,,
40.5860000000003,,,,0.0,,
40.60000000000031,,,,,0.0,0.0
40.623855000000326,0.0,,,,,
40.6253000000003,,,0.0,,,
40.6798000000003,,0.0,,,,
40.6860000000003,,,,0.0,,
40.70000000000031,,,,,0.0,0.0
40.72385500000033,0.0,,,,,
40.7253000000003,,,0.0,,,
40.7798000000003,,0.0,,,,
40.7860000000003,,,,0.0,,
40.80000000000031,,,,,0.0,0.0
40.82385500000033,0.0,,,,,
40.825300000000304,,,0.0,,,
40.8798000000003,,0.0,,,,
40.8860000000003,,,,0.0,,
40.90000000000031,,,,,0.0,0.0
40.92385500000033,0.0,,,,,
40.925300000000306,,,0.0,,,
40.9798000000003,,0.0,,,,
40.9860000000003,,,,0.0,,
41.00000000000031,,,,,0.0,0.0
41.02385500000033,0.0,,,,,
41.02530000000031,,,0.0,,,
41.079800000000304,,0.0,,,,
41.086000000000304,,,,0.0,,
41.100000000000314,,,,,0.0,0.0
41.12385500000033,0.0,,,,,
41.12530000000031,,,0.0,,,
41.179800000000306,,0.0,,,,
41.186000000000305,,,,0.0,,
41.200000000000315,,,,,0.0,0.0
41.223855000000334,0.0,,,,,
41.22530000000031,,,0.0,,,
41.27980000000031,,0.0,,,,
41.28600000000031,,,,0.0,,
41.30000000000032,,,,,0.0,0.0
41.323855000000336,0.0,,,,,
41.32530000000031,,,0.0,,,
41.37980000000031,,0.0,,,,
41.38600000000031,,,,0.0,,
41.40000000000032,,,,,0.0,0.0
41.42385500000034,0.0,,,,,
41.42530000000031,,,0.0,,,
41.47980000000031,,0.0,,,,
41.48600000000031,,,,0.0,,
41.50000000000032,,,,,0.0,0.0
41.52385500000034,0.0,,,,,
41.525300000000314,,,0.0,,,
41.57980000000031,,0.0,,,,
41.58600000000031,,,,0.0,,
41.60000000000032,,,,,0.0,0.0
41.62385500000034,0.0,,,,,
41.625300000000315,,,0.0,,,
41.67980000000031,,0.0,,,,
41.68600000000031,,,,0.0,,
41.70000000000032,,,,,0.0,0.0
41.72385500000034,0.0,,,,,
41.72530000000032,,,0.0,,,
41.779800000000314,,0.0,,,,
41.786000000000314,,,,0.0,,
41.800000000000324,,,,,0.0,0.0
41.82385500000034,0.0,,,,,
41.82530000000032,,,0.0,,,
41.879800000000316,,0.0,,,,
41.886000000000315,,,,0.0,,
41.900000000000325,,,,,0.0,0.0
41.923855000000344,0.0,,,,,
41.92530000000032,,,0.0,,,
41.97980000000032,,0.0,,,,
41.98600000000032,,,,0.0,,
42.00000000000033,,,,,0.0,0.0
42.023855000000346,0.0,,,,,
42.02530000000032,,,0.0,,,
42.07980000000032,,0.0,,,,
42.08600000000032,,,,0.0,,
42.10000000000033,,,,,0.0,0.0
42.12385500000035,0.0,,,,,
42.12530000000032,,,0.0,,,
42.17980000000032,,0.0,,,,
42.18600000000032,,,,0.0,,
42.20000000000033,,,,,0.0,0.0
42.22385500000035,0.0,,,,,
42.225300000000324,,,0.0,,,
42.27980000000032,,0.0,,,,
42.28600000000032,,,,0.0,,
42.30000000000033,,,,,0.0,0.0
42.32385500000035,0.0,,,,,
42.325300000000325,,,0.0,,,
42.37980000000032,,0.0,,,,
42.38600000000032,,,,0.0,,
42.40000000000033,,,,,0.0,0.0
42.42385500000035,0.0,,,,,
42.42530000000033,,,0.0,,,
42.479800000000324,,0.0,,,,
42.486000000000324,,,,0.0,,
42.500000000000334,,,,,0.0,0.0
42.52385500000035,0.0,,,,,
42.52530000000033,,,0.0,,,
42.579800000000326,,0.0,,,,
42.586000000000325,,,,0.0,,
42.600000000000335,,,,,0.0,0.0
42.623855000000354,0.0,,,,,
42.62530000000033,,,0.0,,,
42.67980000000033,,0.0,,,,
42.68600000000033,,,,0.0,,
42.70000000000034,,,,,0.0,0.0
42.723855000000356,0.0,,,,,
42.72530000000033,,,0.0,,,
42.77980000000033,,0.0,,,,
42.78600000000033,,,,0.0,,
42.80000000000034,,,,,0.0,0.0
42.82385500000036,0.0,,,,,
42.82530000000033,,,0.0,,,
42.87980000000033,,0.0,,,,
42.88600000000033,,,,0.0,,
42.90000000000034,,,,,0.0,0.0
42.92385500000036,0.0,,,,,
42.925300000000334,,,0.0,,,
42.97980000000033,,0.0,,,,
42.98600000000033,,,,0.0,,
43.00000000000034,,,,,0.0,0.0
43.02385500000036,0.0,,,,,
43.025300000000335,,,0.0,,,
43.07980000000033,,0.0,,,,
43.08600000000033,,,,0.0,,
43.10000000000034,,,,,0.0,0.0
43.12385500000036,0.0,,,,,
43.12530000000034,,,0.0,,,
43.179800000000334,,0.0,,,,
43.186000000000334,,,,0.0,,
43.200000000000344,,,,,0.0,0.0
43.22385500000036,0.0,,,,,
43.22530000000034,,,0.0,,,
43.279800000000336,,0.0,,,,
43.286000000000335,,,,0.0,,
43.300000000000345,,,,,0.0,0.0
43.323855000000364,0.0,,,,,
43.32530000000034,,,0.0,,,
43.37980000000034,,0.0,,,,
43.38600000000034,,,,0.0,,
43.40000000000035,,,,,0.0,0.0
43.423855000000366,0.0,,,,,
43.42530000000034,,,0.0,,,
43.47980000000034,,0.0,,,,
43.48600000000034,,,,0.0,,
43.50000000000035,,,,,0.0,0.0
43.52385500000037,0.0,,,,,
43.52530000000034,,,0.0,,,
43.57980000000034,,0.0,,,,
43.58600000000034,,,,0.0,,
43.60000000000035,,,,,0.0,0.0
43.62385500000037,0.0,,,,,
43.625300000000344,,,0.0,,,
43.67980000000034,,0.0,,,,
43.68600000000034,,,,0.0,,
43.70000000000035,,,,,0.0,0.0
43.72385500000037,0.0,,,,,
43.725300000000345,,,0.0,,,
43.77980000000034,,0.0,,,,
43.78600000000034,,,,0.0,,
43.80000000000035,,,,,0.0,0.0
43.82385500000037,0.0,,,,,
43.82530000000035,,,0.0,,,
43.879800000000344,,0.0,,,,
43.886000000000344,,,,0.0,,
43.900000000000354,,,,,0.0,0.0
43.92385500000037,0.0,,,,,
43.92530000000035,,,0.0,,,
43.979800000000346,,0.0,,,,
43.986000000000345,,,,0.0,,
44.000000000000355,,,,,0.0,0.0
44.023855000000374,0.0,,,,,
44.02530000000035,,,0.0,,,
44.07980000000035,,0.0,,,,
44.08600000000035,,,,0.0,,
44.10000000000036,,,,,0.0,0.0
44.123855000000376,0.0,,,,,
44.12530000000035,,,0.0,,,
44.17980000000035,,0.0,,,,
44.18600000000035,,,,0.0,,
44.20000000000036,,,,,0.0,0.0
44.22385500000038,0.0,,,,,
44.22530000000035,,,0.0,,,
44.27980000000035,,0.0,,,,
44.28600000000035,,,,0.0,,
44.30000000000036,,,,,0.0,0.0
44.32385500000038,0.0,,,,,
44.325300000000354,,,0.0,,,
44.37980000000035,,0.0,,,,
44.38600000000035,,,,0.0,,
44.40000000000036,,,,,0.0,0.0
44.42385500000038,0.0,,,,,
44.425300000000355,,,0.0,,,
44.47980000000035,,0.0,,,,
44.48600000000035,,,,0.0,,
44.50000000000036,,,,,0.0,0.0
44.52385500000038,0.0,,,,,
44.52530000000036,,,0.0,,,
44.579800000000354,,0.0,,,,
44.586000000000354,,,,0.0,,
44.600000000000364,,,,,0.0,0.0
44.62385500000038,0.0,,,,,
44.62530000000036,,,0.0,,,
44.679800000000355,,0.0,,,,
44.686000000000355,,,,0.0,,
44.700000000000365,,,,,0.0,0.0
44.723855000000384,0.0,,,,,
44.72530000000036,,,0.0,,,
44.77980000000036,,0.0,,,,
44.78600000000036,,,,0.0,,
44.80000000000037,,,,,0.0,0.0
44.823855000000385,0.0,,,,,
44.82530000000036,,,0.0,,,
44.87980000000036,,0.0,,,,
44.88600000000036,,,,0.0,,
44.90000000000037,,,,,0.0,0.0
44.92385500000039,0.0,,,,,
44.92530000000036,,,0.0,,,
44.97980000000036,,0.0,,,,
44.98600000000036,,,,0.0,,
45.00000000000037,,,,,0.0,0.0
45.02385500000039,0.0,,,,,
45.025300000000364,,,0.0,,,
45.07980000000036,,0.0,,,,
45.08600000000036,,,,0.0,,
45.10000000000037,,,,,0.0,0.0
45.12385500000039,0.0,,,,,
45.125300000000365,,,0.0,,,
45.17980000000036,,0.0,,,,
45.18600000000036,,,,0.0,,
45.20000000000037,,,,,0.0,0.0
45.22385500000039,0.0,,,,,
45.22530000000037,,,0.0,,,
45.279800000000364,,0.0,,,,
45.286000000000364,,,,0.0,,
45.300000000000374,,,,,0.0,0.0
45.32385500000039,0.0,,,,,
45.32530000000037,,,0.0,,,
45.379800000000365,,0.0,,,,
45.386000000000365,,,,0.0,,
45.400000000000375,,,,,0.0,0.0
45.423855000000394,0.0,,,,,
45.42530000000037,,,0.0,,,
45.47980000000037,,0.0,,,,
45.48600000000037,,,,0.0,,
45.50000000000038,,,,,0.0,0.0
45.523855000000395,0.0,,,,,
45.52530000000037,,,0.0,,,
45.57980000000037,,0.0,,,,
45.58600000000037,,,,0.0,,
45.60000000000038,,,,,0.0,0.0
45.6238550000004,0.0,,,,,
45.62530000000037,,,0.0,,,
45.67980000000037,,0.0,,,,
45.68600000000037,,,,0.0,,
45.70000000000038,,,,,0.0,0.0
45.7238550000004,0.0,,,,,
45.725300000000374,,,0.0,,,
45.77980000000037,,0.0,,,,
45.78600000000037,,,,0.0,,
45.80000000000038,,,,,0.0,0.0
45.8238550000004,0.0,,,,,
45.825300000000375,,,0.0,,,
45.87980000000037,,0.0,,,,
45.88600000000037,,,,0.0,,
45.90000000000038,,,,,0.0,0.0
45.9238550000004,0.0,,,,,
45.92530000000038,,,0.0,,,
45.979800000000374,,0.0,,,,
45.986000000000374,,,,0.0,,
46.000000000000384,,,,,0.0,0.0
46.0238550000004,0.0,,,,,
46.02530000000038,,,0.0,,,
46.079800000000375,,0.0,,,,
46.086000000000375,,,,0.0,,
46.100000000000385,,,,,0.0,0.0
46.123855000000404,0.0,,,,,
46.12530000000038,,,0.0,,,
46.17980000000038,,0.0,,,,
46.18600000000038,,,,0.0,,
46.20000000000039,,,,,0.0,0.0
46.223855000000405,0.0,,,,,
46.22530000000038,,,0.0,,,
46.27980000000038,,0.0,,,,
46.28600000000038,,,,0.0,,
46.30000000000039,,,,,0.0,0.0
46.32385500000041,0.0,,,,,
46.32530000000038,,,0.0,,,
46.37980000000038,,0.0,,,,
46.38600000000038,,,,0.0,,
46.40000000000039,,,,,0.0,0.0
46.42385500000041,0.0,,,,,
46.425300000000384,,,0.0,,,
46.47980000000038,,0.0,,,,
46.48600000000038,,,,0.0,,
46.50000000000039,,,,,0.0,0.0
46.52385500000041,0.0,,,,,
46.525300000000385,,,0.0,,,
46.57980000000038,,0.0,,,,
46.58600000000038,,,,0.0,,
46.60000000000039,,,,,0.0,0.0
46.62385500000041,0.0,,,,,
46.62530000000039,,,0.0,,,
46.679800000000384,,0.0,,,,
46.686000000000384,,,,0.0,,
46.700000000000394,,,,,0.0,0.0
46.72385500000041,0.0,,,,,
46.72530000000039,,,0.0,,,
46.779800000000385,,0.0,,,,
46.786000000000385,,,,0.0,,
46.800000000000395,,,,,0.0,0.0
46.823855000000414,0.0,,,,,
46.82530000000039,,,0.0,,,
46.87980000000039,,0.0,,,,
46.88600000000039,,,,0.0,,
46.9000000000004,,,,,0.0,0.0
46.923855000000415,0.0,,,,,
46.92530000000039,,,0.0,,,
46.97980000000039,,0.0,,,,
46.98600000000039,,,,0.0,,
47.0000000000004,,,,,0.0,0.0
47.02385500000042,0.0,,,,,
47.02530000000039,,,0.0,,,
47.07980000000039,,0.0,,,,
47.08600000000039,,,,0.0,,
47.1000000000004,,,,,0.0,0.0
47.12385500000042,0.0,,,,,
47.125300000000394,,,0.0,,,
47.17980000000039,,0.0,,,,
47.18600000000039,,,,0.0,,
47.2000000000004,,,,,0.0,0.0
47.22385500000042,0.0,,,,,
47.225300000000395,,,0.0,,,
47.27980000000039,,0.0,,,,
47.28600000000039,,,,0.0,,
47.3000000000004,,,,,0.0,0.0
47.32385500000042,0.0,,,,,
47.3253000000004,,,0.0,,,
47.379800000000394,,0.0,,,,
47.386000000000394,,,,0.0,,
47.400000000000404,,,,,0.0,0.0
47.42385500000042,0.0,,,,,
47.4253000000004,,,0.0,,,
47.479800000000395,,0.0,,,,
47.486000000000395,,,,0.0,,
47.500000000000405,,,,,0.0,0.0
47.523855000000424,0.0,,,,,
47.5253000000004,,,0.0,,,
47.5798000000004,,0.0,,,,
47.586000000000396,,,,0.0,,
47.600000000000406,,,,,0.0,0.0
47.623855000000425,0.0,,,,,
47.6253000000004,,,0.0,,,
47.6798000000004,,0.0,,,,
47.6860000000004,,,,0.0,,
47.70000000000041,,,,,0.0,0.0
47.72385500000043,0.0,,,,,
47.7253000000004,,,0.0,,,
47.7798000000004,,0.0,,,,
47.7860000000004,,,,0.0,,
47.80000000000041,,,,,0.0,0.0
47.82385500000043,0.0,,,,,
47.825300000000404,,,0.0,,,
47.8798000000004,,0.0,,,,
47.8860000000004,,,,0.0,,
47.90000000000041,,,,,0.0,0.0
47.92385500000043,0.0,,,,,
47.925300000000405,,,0.0,,,
47.9798000000004,,0.0,,,,
47.9860000000004,,,,0.0,,
48.00000000000041,,,,,0.0,0.0
48.02385500000043,0.0,,,,,
48.025300000000406,,,0.0,,,
48.079800000000404,,0.0,,,,
48.0860000000004,,,,0.0,,
48.10000000000041,,,,,0.0,0.0
48.12385500000043,0.0,,,,,
48.12530000000041,,,0.0,,,
48.179800000000405,,0.0,,,,
48.186000000000405,,,,0.0,,
48.200000000000415,,,,,0.0,0.0
48.223855000000434,0.0,,,,,
48.22530000000041,,,0.0,,,
48.27980000000041,,0.0,,,,
48.286000000000406,,,,0.0,,
48.300000000000416,,,,,0.0,0.0
48.323855000000435,0.0,,,,,
48.32530000000041,,,0.0,,,
48.37980000000041,,0.0,,,,
48.38600000000041,,,,0.0,,
48.40000000000042,,,,,0.0,0.0
48.42385500000044,0.0,,,,,
48.42530000000041,,,0.0,,,
48.47980000000041,,0.0,,,,
48.48600000000041,,,,0.0,,
48.50000000000042,,,,,0.0,0.0
48.52385500000044,0.0,,,,,
48.52530000000041,,,0.0,,,
48.57980000000041,,0.0,,,,
48.58600000000041,,,,0.0,,
48.60000000000042,,,,,0.0,0.0
48.62385500000044,0.0,,,,,
48.625300000000415,,,0.0,,,
48.67980000000041,,0.0,,,,
48.68600000000041,,,,0.0,,
48.70000000000042,,,,,0.0,0.0
48.72385500000044,0.0,,,,,
48.725300000000416,,,0.0,,,
48.779800000000414,,0.0,,,,
48.78600000000041,,,,0.0,,
48.80000000000042,,,,,0.0,0.0
48.82385500000044,0.0,,,,,
48.82530000000042,,,0.0,,,
48.879800000000415,,0.0,,,,
48.886000000000415,,,,0.0,,
48.900000000000425,,,,,0.0,0.0
48.923855000000444,0.0,,,,,
48.92530000000042,,,0.0,,,
48.97980000000042,,0.0,,,,
48.986000000000416,,,,0.0,,
49.000000000000426,,,,,0.0,0.0
49.023855000000445,0.0,,,,,
49.02530000000042,,,0.0,,,
49.07980000000042,,0.0,,,,
49.08600000000042,,,,0.0,,
49.10000000000043,,,,,0.0,0.0
49.12385500000045,0.0,,,,,
49.12530000000042,,,0.0,,,
49.17980000000042,,0.0,,,,
49.18600000000042,,,,0.0,,
49.20000000000043,,,,,0.0,0.0
49.22385500000045,0.0,,,,,
49.22530000000042,,,0.0,,,
49.27980000000042,,0.0,,,,
49.28600000000042,,,,0.0,,
49.30000000000043,,,,,0.0,0.0
49.32385500000045,0.0,,,,,
49.325300000000425,,,0.0,,,
49.37980000000042,,0.0,,,,
49.38600000000042,,,,0.0,,
49.40000000000043,,,,,0.0,0.0
49.42385500000045,0.0,,,,,
49.425300000000426,,,0.0,,,
49.479800000000424,,0.0,,,,
49.48600000000042,,,,0.0,,
49.50000000000043,,,,,0.0,0.0
49.52385500000045,0.0,,,,,
49.52530000000043,,,0.0,,,
49.579800000000425,,0.0,,,,
49.586000000000425,,,,0.0,,
49.600000000000435,,,,,0.0,0.0
49.623855000000454,0.0,,,,,
49.62530000000043,,,0.0,,,
49.67980000000043,,0.0,,,,
49.686000000000426,,,,0.0,,
49.700000000000436,,,,,0.0,0.0
49.723855000000455,0.0,,,,,
49.72530000000043,,,0.0,,,
49.77980000000043,,0.0,,,,
49.78600000000043,,,,0.0,,
49.80000000000044,,,,,0.0,0.0
49.82385500000046,0.0,,,,,
49.82530000000043,,,0.0,,,
49.87980000000043,,0.0,,,,
49.88600000000043,,,,0.0,,
49.90000000000044,,,,,0.0,0.0
49.92385500000046,0.0,,,,,
49.92530000000043,,,0.0,,,
49.97980000000043,,0.0,,,,
49.98600000000043,,,,0.0,,
50.00000000000044,,,,,0.0,0.0
50.02385500000046,0.0,,,,,
50.025300000000435,,,0.0,,,
50.07980000000043,,0.0,,,,
50.08600000000043,,,,0.0,,
50.10000000000044,,,,,0.0,0.0
50.12385500000046,0.0,,,,,
50.125300000000436,,,0.0,,,
50.179800000000434,,0.0,,,,
50.18600000000043,,,,0.0,,
50.20000000000044,,,,,0.0,0.0
50.22385500000046,0.0,,,,,
50.22530000000044,,,0.0,,,
50.279800000000435,,0.0,,,,
50.286000000000435,,,,0.0,,
50.300000000000445,,,,,0.0,0.0
50.323855000000464,0.0,,,,,
50.32530000000044,,,0.0,,,
50.37980000000044,,0.0,,,,
50.386000000000436,,,,0.0,,
50.400000000000446,,,,,0.0,0.0
50.423855000000465,0.0,,,,,
50.42530000000044,,,0.0,,,
50.47980000000044,,0.0,,,,
50.48600000000044,,,,0.0,,
50.50000000000045,,,,,0.0,0.0
50.52385500000047,0.0,,,,,
50.52530000000044,,,0.0,,,
50.57980000000044,,0.0,,,,
50.58600000000044,,,,0.0,,
50.60000000000045,,,,,0.0,0.0
50.62385500000047,0.0,,,,,
50.62530000000044,,,0.0,,,
50.67980000000044,,0.0,,,,
50.68600000000044,,,,0.0,,
50.70000000000045,,,,,0.0,0.0
50.72385500000047,0.0,,,,,
50.725300000000445,,,0.0,,,
50.77980000000044,,0.0,,,,
50.78600000000044,,,,0.0,,
50.80000000000045,,,,,0.0,0.0
50.82385500000047,0.0,,,,,
50.825300000000446,,,0.0,,,
50.879800000000444,,0.0,,,,
50.88600000000044,,,,0.0,,
50.90000000000045,,,,,0.0,0.0
50.92385500000047,0.0,,,,,
50.92530000000045,,,0.0,,,
50.979800000000445,,0.0,,,,
50.986000000000445,,,,0.0,,
51.000000000000455,,,,,0.0,0.0
51.023855000000474,0.0,,,,,
51.02530000000045,,,0.0,,,
51.079800000000446,,0.0,,,,
51.086000000000446,,,,0.0,,
51.100000000000456,,,,,0.0,0.0
51.123855000000475,0.0,,,,,
51.12530000000045,,,0.0,,,
51.17980000000045,,0.0,,,,
51.18600000000045,,,,0.0,,
51.20000000000046,,,,,0.0,0.0
51.223855000000476,0.0,,,,,
51.22530000000045,,,0.0,,,
51.27980000000045,,0.0,,,,
51.28600000000045,,,,0.0,,
51.30000000000046,,,,,0.0,0.0
51.32385500000048,0.0,,,,,
51.32530000000045,,,0.0,,,
51.37980000000045,,0.0,,,,
51.38600000000045,,,,0.0,,
51.40000000000046,,,,,0.0,0.0
51.42385500000048,0.0,,,,,
51.425300000000455,,,0.0,,,
51.47980000000045,,0.0,,,,
51.48600000000045,,,,0.0,,
51.50000000000046,,,,,0.0,0.0
51.52385500000048,0.0,,,,,
51.525300000000456,,,0.0,,,
51.57980000000045,,0.0,,,,
51.58600000000045,,,,0.0,,
51.60000000000046,,,,,0.0,0.0
51.62385500000048,0.0,,,,,
51.62530000000046,,,0.0,,,
51.679800000000455,,0.0,,,,
51.686000000000455,,,,0.0,,
51.700000000000465,,,,,0.0,0.0
51.72385500000048,0.0,,,,,
51.72530000000046,,,0.0,,,
51.779800000000456,,0.0,,,,
51.786000000000456,,,,0.0,,
51.800000000000466,,,,,0.0,0.0
51.823855000000485,0.0,,,,,
51.82530000000046,,,0.0,,,
51.87980000000046,,0.0,,,,
51.88600000000046,,,,0.0,,
51.90000000000047,,,,,0.0,0.0
51.923855000000486,0.0,,,,,
51.92530000000046,,,0.0,,,
51.97980000000046,,0.0,,,,
51.98600000000046,,,,0.0,,
52.00000000000047,,,,,0.0,0.0
52.02385500000049,0.0,,,,,
52.02530000000046,,,0.0,,,
52.07980000000046,,0.0,,,,
52.08600000000046,,,,0.0,,
52.10000000000047,,,,,0.0,0.0
52.12385500000049,0.0,,,,,
52.125300000000465,,,0.0,,,
52.17980000000046,,0.0,,,,
52.18600000000046,,,,0.0,,
52.20000000000047,,,,,0.0,0.0
52.22385500000049,0.0,,,,,
52.225300000000466,,,0.0,,,
52.27980000000046,,0.0,,,,
52.28600000000046,,,,0.0,,
52.30000000000047,,,,,0.0,0.0
52.32385500000049,0.0,,,,,
52.32530000000047,,,0.0,,,
52.379800000000465,,0.0,,,,
52.386000000000465,,,,0.0,,
52.400000000000475,,,,,0.0,0.0
52.42385500000049,0.0,,,,,
52.42530000000047,,,0.0,,,
52.479800000000466,,0.0,,,,
52.486000000000466,,,,0.0,,
52.500000000000476,,,,,0.0,0.0
52.523855000000495,0.0,,,,,
52.52530000000047,,,0.0,,,
52.57980000000047,,0.0,,,,
52.58600000000047,,,,0.0,,
52.60000000000048,,,,,0.0,0.0
52.623855000000496,0.0,,,,,
52.62530000000047,,,0.0,,,
52.67980000000047,,0.0,,,,
52.68600000000047,,,,0.0,,
52.70000000000048,,,,,0.0,0.0
52.7238550000005,0.0,,,,,
52.72530000000047,,,0.0,,,
52.77980000000047,,0.0,,,,
52.78600000000047,,,,0.0,,
52.80000000000048,,,,,0.0,0.0
52.8238550000005,0.0,,,,,
52.825300000000475,,,0.0,,,
52.87980000000047,,0.0,,,,
52.88600000000047,,,,0.0,,
52.90000000000048,,,,,0.0,0.0
52.9238550000005,0.0,,,,,
52.925300000000476,,,0.0,,,
52.97980000000047,,0.0,,,,
52.98600000000047,,,,0.0,,
53.00000000000048,,,,,0.0,0.0
53.0238550000005,0.0,,,,,
53.02530000000048,,,0.0,,,
53.079800000000475,,0.0,,,,
53.086000000000475,,,,0.0,,
53.100000000000485,,,,,0.0,0.0
53.1238550000005,0.0,,,,,
53.12530000000048,,,0.0,,,
53.179800000000476,,0.0,,,,
53.186000000000476,,,,0.0,,
53.200000000000486,,,,,0.0,0.0
53.223855000000505,0.0,,,,,
53.22530000000048,,,0.0,,,
53.27980000000048,,0.0,,,,
53.28600000000048,,,,0.0,,
53.30000000000049,,,,,0.0,0.0
53.323855000000506,0.0,,,,,
53.32530000000048,,,0.0,,,
53.37980000000048,,0.0,,,,
53.38600000000048,,,,0.0,,
53.40000000000049,,,,,0.0,0.0
53.42385500000051,0.0,,,,,
53.42530000000048,,,0.0,,,
53.47980000000048,,0.0,,,,
53.48600000000048,,,,0.0,,
53.50000000000049,,,,,0.0,0.0
53.52385500000051,0.0,,,,,
53.525300000000485,,,0.0,,,
53.57980000000048,,0.0,,,,
53.58600000000048,,,,0.0,,
53.60000000000049,,,,,0.0,0.0
53.62385500000051,0.0,,,,,
53.625300000000486,,,0.0,,,
53.67980000000048,,0.0,,,,
53.68600000000048,,,,0.0,,
53.70000000000049,,,,,0.0,0.0
53.72385500000051,0.0,,,,,
53.72530000000049,,,0.0,,,
53.779800000000485,,0.0,,,,
53.786000000000485,,,,0.0,,
53.800000000000495,,,,,0.0,0.0
53.82385500000051,0.0,,,,,
53.82530000000049,,,0.0,,,
53.879800000000486,,0.0,,,,
53.886000000000486,,,,0.0,,
53.900000000000496,,,,,0.0,0.0
53.923855000000515,0.0,,,,,
53.92530000000049,,,0.0,,,
53.97980000000049,,0.0,,,,
53.98600000000049,,,,0.0,,
54.0000000000005,,,,,0.0,0.0
54.023855000000516,0.0,,,,,
54.02530000000049,,,0.0,,,
54.07980000000049,,0.0,,,,
54.08600000000049,,,,0.0,,
54.1000000000005,,,,,0.0,0.0
54.12385500000052,0.0,,,,,
54.12530000000049,,,0.0,,,
54.17980000000049,,0.0,,,,
54.18600000000049,,,,0.0,,
54.2000000000005,,,,,0.0,0.0
54.22385500000052,0.0,,,,,
54.225300000000495,,,0.0,,,
54.27980000000049,,0.0,,,,
54.28600000000049,,,,0.0,,
54.3000000000005,,,,,0.0,0.0
54.32385500000052,0.0,,,,,
54.325300000000496,,,0.0,,,
54.37980000000049,,0.0,,,,
54.38600000000049,,,,0.0,,
54.4000000000005,,,,,0.0,0.0
54.42385500000052,0.0,,,,,
54.4253000000005,,,0.0,,,
54.479800000000495,,0.0,,,,
54.486000000000494,,,,0.0,,
54.500000000000504,,,,,0.0,0.0
54.52385500000052,0.0,,,,,
54.5253000000005,,,0.0,,,
54.579800000000496,,0.0,,,,
54.586000000000496,,,,0.0,,
54.600000000000506,,,,,0.0,0.0
54.623855000000525,0.0,,,,,
54.6253000000005,,,0.0,,,
54.6798000000005,,0.0,,,,
54.6860000000005,,,,0.0,,
54.70000000000051,,,,,0.0,0.0
54.723855000000526,0.0,,,,,
54.7253000000005,,,0.0,,,
54.7798000000005,,0.0,,,,
54.7860000000005,,,,0.0,,
54.80000000000051,,,,,0.0,0.0
54.82385500000053,0.0,,,,,
54.8253000000005,,,0.0,,,
54.8798000000005,,0.0,,,,
54.8860000000005,,,,0.0,,
54.90000000000051,,,,,0.0,0.0
54.92385500000053,0.0,,,,,
54.925300000000504,,,0.0,,,
54.9798000000005,,0.0,,,,
54.9860000000005,,,,0.0,,
55.00000000000051,,,,,0.0,0.0
55.02385500000053,0.0,,,,,
55.025300000000506,,,0.0,,,
55.0798000000005,,0.0,,,,
55.0860000000005,,,,0.0,,
55.10000000000051,,,,,0.0,0.0
55.12385500000053,0.0,,,,,
55.12530000000051,,,0.0,,,
55.179800000000505,,0.0,,,,
55.186000000000504,,,,0.0,,
55.200000000000514,,,,,0.0,0.0
55.22385500000053,0.0,,,,,
55.22530000000051,,,0.0,,,
55.279800000000506,,0.0,,,,
55.286000000000506,,,,0.0,,
55.300000000000516,,,,,0.0,0.0
55.323855000000535,0.0,,,,,
55.32530000000051,,,0.0,,,
55.37980000000051,,0.0,,,,
55.38600000000051,,,,0.0,,
55.40000000000052,,,,,0.0,0.0
55.423855000000536,0.0,,,,,
55.42530000000051,,,0.0,,,
55.47980000000051,,0.0,,,,
55.48600000000051,,,,0.0,,
55.50000000000052,,,,,0.0,0.0
55.52385500000054,0.0,,,,,
55.52530000000051,,,0.0,,,
55.57980000000051,,0.0,,,,
55.58600000000051,,,,0.0,,
55.60000000000052,,,,,0.0,0.0
55.62385500000054,0.0,,,,,
55.625300000000514,,,0.0,,,
55.67980000000051,,0.0,,,,
55.68600000000051,,,,0.0,,
55.70000000000052,,,,,0.0,0.0
55.72385500000054,0.0,,,,,
55.725300000000516,,,0.0,,,
55.77980000000051,,0.0,,,,
55.78600000000051,,,,0.0,,
55.80000000000052,,,,,0.0,0.0
55.82385500000054,0.0,,,,,
55.82530000000052,,,0.0,,,
55.879800000000515,,0.0,,,,
55.886000000000514,,,,0.0,,
55.900000000000524,,,,,0.0,0.0
55.92385500000054,0.0,,,,,
55.92530000000052,,,0.0,,,
55.979800000000516,,0.0,,,,
55.986000000000516,,,,0.0,,
56.000000000000526,,,,,0.0,0.0
56.023855000000545,0.0,,,,,
56.02530000000052,,,0.0,,,
56.07980000000052,,0.0,,,,
56.08600000000052,,,,0.0,,
56.10000000000053,,,,,0.0,0.0
56.123855000000546,0.0,,,,,
56.12530000000052,,,0.0,,,
56.17980000000052,,0.0,,,,
56.18600000000052,,,,0.0,,
56.20000000000053,,,,,0.0,0.0
56.22385500000055,0.0,,,,,
56.22530000000052,,,0.0,,,
56.27980000000052,,0.0,,,,
56.28600000000052,,,,0.0,,
56.30000000000053,,,,,0.0,0.0
56.32385500000055,0.0,,,,,
56.325300000000524,,,0.0,,,
56.37980000000052,,0.0,,,,
56.38600000000052,,,,0.0,,
56.40000000000053,,,,,0.0,0.0
56.42385500000055,0.0,,,,,
56.425300000000526,,,0.0,,,
56.47980000000052,,0.0,,,,
56.48600000000052,,,,0.0,,
56.50000000000053,,,,,0.0,0.0
56.52385500000055,0.0,,,,,
56.52530000000053,,,0.0,,,
56.579800000000525,,0.0,,,,
56.586000000000524,,,,0.0,,
56.600000000000534,,,,,0.0,0.0
56.62385500000055,0.0,,,,,
56.62530000000053,,,0.0,,,
56.679800000000526,,0.0,,,,
56.686000000000526,,,,0.0,,
56.700000000000536,,,,,0.0,0.0
56.723855000000555,0.0,,,,,
56.72530000000053,,,0.0,,,
56.77980000000053,,0.0,,,,
56.78600000000053,,,,0.0,,
56.80000000000054,,,,,0.0,0.0
56.823855000000556,0.0,,,,,
56.82530000000053,,,0.0,,,
56.87980000000053,,0.0,,,,
56.88600000000053,,,,0.0,,
56.90000000000054,,,,,0.0,0.0
56.92385500000056,0.0,,,,,
56.92530000000053,,,0.0,,,
56.97980000000053,,0.0,,,,
56.98600000000053,,,,0.0,,
57.00000000000054,,,,,0.0,0.0
57.02385500000056,0.0,,,,,
57.025300000000534,,,0.0,,,
57.07980000000053,,0.0,,,,
57.08600000000053,,,,0.0,,
57.10000000000054,,,,,0.0,0.0
57.12385500000056,0.0,,,,,
57.125300000000536,,,0.0,,,
57.17980000000053,,0.0,,,,
57.18600000000053,,,,0.0,,
57.20000000000054,,,,,0.0,0.0
57.22385500000056,0.0,,,,,
57.22530000000054,,,0.0,,,
57.279800000000535,,0.0,,,,
57.286000000000534,,,,0.0,,
57.300000000000544,,,,,0.0,0.0
57.32385500000056,0.0,,,,,
57.32530000000054,,,0.0,,,
57.379800000000536,,0.0,,,,
57.386000000000536,,,,0.0,,
57.400000000000546,,,,,0.0,0.0
57.423855000000565,0.0,,,,,
57.42530000000054,,,0.0,,,
57.47980000000054,,0.0,,,,
57.48600000000054,,,,0.0,,
57.50000000000055,,,,,0.0,0.0
57.523855000000566,0.0,,,,,
57.52530000000054,,,0.0,,,
57.57980000000054,,0.0,,,,
57.58600000000054,,,,0.0,,
57.60000000000055,,,,,0.0,0.0
57.62385500000057,0.0,,,,,
57.62530000000054,,,0.0,,,
57.67980000000054,,0.0,,,,
57.68600000000054,,,,0.0,,
57.70000000000055,,,,,0.0,0.0
57.72385500000057,0.0,,,,,
57.725300000000544,,,0.0,,,
57.77980000000054,,0.0,,,,
57.78600000000054,,,,0.0,,
57.80000000000055,,,,,0.0,0.0
57.82385500000057,0.0,,,,,
57.825300000000546,,,0.0,,,
57.87980000000054,,0.0,,,,
57.88600000000054,,,,0.0,,
57.90000000000055,,,,,0.0,0.0
57.92385500000057,0.0,,,,,
57.92530000000055,,,0.0,,,
57.979800000000544,,0.0,,,,
57.986000000000544,,,,0.0,,
58.000000000000554,,,,,0.0,0.0
58.02385500000057,0.0,,,,,
58.02530000000055,,,0.0,,,
58.079800000000546,,0.0,,,,
58.086000000000546,,,,0.0,,
58.100000000000556,,,,,0.0,0.0
58.123855000000574,0.0,,,,,
58.12530000000055,,,0.0,,,
58.17980000000055,,0.0,,,,
58.18600000000055,,,,0.0,,
58.20000000000056,,,,,0.0,0.0
58.223855000000576,0.0,,,,,
58.22530000000055,,,0.0,,,
58.27980000000055,,0.0,,,,
58.28600000000055,,,,0.0,,
58.30000000000056,,,,,0.0,0.0
58.32385500000058,0.0,,,,,
58.32530000000055,,,0.0,,,
58.37980000000055,,0.0,,,,
58.38600000000055,,,,0.0,,
58.40000000000056,,,,,0.0,0.0
58.42385500000058,0.0,,,,,
58.425300000000554,,,0.0,,,
58.47980000000055,,0.0,,,,
58.48600000000055,,,,0.0,,
58.50000000000056,,,,,0.0,0.0
58.52385500000058,0.0,,,,,
58.525300000000556,,,0.0,,,
58.57980000000055,,0.0,,,,
58.58600000000055,,,,0.0,,
58.60000000000056,,,,,0.0,0.0
58.62385500000058,0.0,,,,,
58.62530000000056,,,0.0,,,
58.679800000000554,,0.0,,,,
58.686000000000554,,,,0.0,,
58.700000000000564,,,,,0.0,0.0
58.72385500000058,0.0,,,,,
58.72530000000056,,,0.0,,,
58.779800000000556,,0.0,,,,
58.786000000000556,,,,0.0,,
58.800000000000566,,,,,0.0,0.0
58.823855000000584,0.0,,,,,
58.82530000000056,,,0.0,,,
58.87980000000056,,0.0,,,,
58.88600000000056,,,,0.0,,
58.90000000000057,,,,,0.0,0.0
58.923855000000586,0.0,,,,,
58.92530000000056,,,0.0,,,
58.97980000000056,,0.0,,,,
58.98600000000056,,,,0.0,,
59.00000000000057,,,,,0.0,0.0
59.02385500000059,0.0,,,,,
59.02530000000056,,,0.0,,,
59.07980000000056,,0.0,,,,
59.08600000000056,,,,0.0,,
59.10000000000057,,,,,0.0,0.0
59.12385500000059,0.0,,,,,
59.125300000000564,,,0.0,,,
59.17980000000056,,0.0,,,,
59.18600000000056,,,,0.0,,
59.20000000000057,,,,,0.0,0.0
59.22385500000059,0.0,,,,,
59.225300000000566,,,0.0,,,
59.27980000000056,,0.0,,,,
59.28600000000056,,,,0.0,,
59.30000000000057,,,,,0.0,0.0
59.32385500000059,0.0,,,,,
59.32530000000057,,,0.0,,,
59.379800000000564,,0.0,,,,
59.386000000000564,,,,0.0,,
59.400000000000574,,,,,0.0,0.0
59.42385500000059,0.0,,,,,
59.42530000000057,,,0.0,,,
59.479800000000566,,0.0,,,,
59.486000000000566,,,,0.0,,
59.500000000000576,,,,,0.0,0.0
59.523855000000594,0.0,,,,,
59.52530000000057,,,0.0,,,
59.57980000000057,,0.0,,,,
59.58600000000057,,,,0.0,,
59.60000000000058,,,,,0.0,0.0
59.623855000000596,0.0,,,,,
59.62530000000057,,,0.0,,,
59.67980000000057,,0.0,,,,
59.68600000000057,,,,0.0,,
59.70000000000058,,,,,0.0,0.0
59.7238550000006,0.0,,,,,
59.72530000000057,,,0.0,,,
59.77980000000057,,0.0,,,,
59.78600000000057,,,,0.0,,
59.80000000000058,,,,,0.0,0.0
59.8238550000006,0.0,,,,,
59.825300000000574,,,0.0,,,
59.87980000000057,,0.0,,,,
59.88600000000057,,,,0.0,,
59.90000000000058,,,,,0.0,0.0
59.9238550000006,0.0,,,,,
59.925300000000576,,,0.0,,,
59.97980000000057,,0.0,,,,
59.98600000000057,,,,0.0,,
60.00000000000058,,,,,0.0,0.0
60.0238550000006,0.0,,,,,
60.02530000000058,,,0.0,,,
60.079800000000574,,0.0,,,,
60.086000000000574,,,,0.0,,
60.100000000000584,,,,,0.0,0.0
60.1238550000006,0.0,,,,,
60.12530000000058,,,0.0,,,
60.179800000000576,,0.0,,,,
60.186000000000575,,,,0.0,,
60.200000000000585,,,,,0.0,0.0
60.223855000000604,0.0,,,,,
60.22530000000058,,,0.0,,,
60.27980000000058,,0.0,,,,
60.28600000000058,,,,0.0,,
60.30000000000059,,,,,0.0,0.0
60.323855000000606,0.0,,,,,
60.32530000000058,,,0.0,,,
60.37980000000058,,0.0,,,,
60.38600000000058,,,,0.0,,
60.40000000000059,,,,,0.0,0.0
60.42385500000061,0.0,,,,,
60.42530000000058,,,0.0,,,
60.47980000000058,,0.0,,,,
60.48600000000058,,,,0.0,,
60.50000000000059,,,,,0.0,0.0
60.52385500000061,0.0,,,,,
60.525300000000584,,,0.0,,,
60.57980000000058,,0.0,,,,
60.58600000000058,,,,0.0,,
60.60000000000059,,,,,0.0,0.0
60.62385500000061,0.0,,,,,
60.625300000000585,,,0.0,,,
60.67980000000058,,0.0,,,,
60.68600000000058,,,,0.0,,
60.70000000000059,,,,,0.0,0.0
60.72385500000061,0.0,,,,,
60.72530000000059,,,0.0,,,
60.779800000000584,,0.0,,,,
60.786000000000584,,,,0.0,,
60.800000000000594,,,,,0.0,0.0
60.82385500000061,0.0,,,,,
60.82530000000059,,,0.0,,,
60.879800000000586,,0.0,,,,
60.886000000000585,,,,0.0,,
60.900000000000595,,,,,0.0,0.0
60.923855000000614,0.0,,,,,
60.92530000000059,,,0.0,,,
60.97980000000059,,0.0,,,,
60.98600000000059,,,,0.0,,
61.0000000000006,,,,,0.0,0.0
61.023855000000616,0.0,,,,,
61.02530000000059,,,0.0,,,
61.07980000000059,,0.0,,,,
61.08600000000059,,,,0.0,,
61.1000000000006,,,,,0.0,0.0
61.12385500000062,0.0,,,,,
61.12530000000059,,,0.0,,,
61.17980000000059,,0.0,,,,
61.18600000000059,,,,0.0,,
61.2000000000006,,,,,0.0,0.0
61.22385500000062,0.0,,,,,
61.225300000000594,,,0.0,,,
61.27980000000059,,0.0,,,,
61.28600000000059,,,,0.0,,
61.3000000000006,,,,,0.0,0.0
61.32385500000062,0.0,,,,,
61.325300000000595,,,0.0,,,
61.37980000000059,,0.0,,,,
61.38600000000059,,,,0.0,,
61.4000000000006,,,,,0.0,0.0
61.42385500000062,0.0,,,,,
61.4253000000006,,,0.0,,,
61.479800000000594,,0.0,,,,
61.486000000000594,,,,0.0,,
61.500000000000604,,,,,0.0,0.0
61.52385500000062,0.0,,,,,
61.5253000000006,,,0.0,,,
61.579800000000596,,0.0,,,,
61.586000000000595,,,,0.0,,
61.600000000000605,,,,,0.0,0.0
61.623855000000624,0.0,,,,,
61.6253000000006,,,0.0,,,
61.6798000000006,,0.0,,,,
61.6860000000006,,,,0.0,,
61.70000000000061,,,,,0.0,0.0
61.723855000000626,0.0,,,,,
61.7253000000006,,,0.0,,,
61.7798000000006,,0.0,,,,
61.7860000000006,,,,0.0,,
61.80000000000061,,,,,0.0,0.0
61.82385500000063,0.0,,,,,
61.8253000000006,,,0.0,,,
61.8798000000006,,0.0,,,,
61.8860000000006,,,,0.0,,
61.90000000000061,,,,,0.0,0.0
61.92385500000063,0.0,,,,,
61.925300000000604,,,0.0,,,
61.9798000000006,,0.0,,,,
61.9860000000006,,,,0.0,,
62.00000000000061,,,,,0.0,0.0
62.02385500000063,0.0,,,,,
62.025300000000605,,,0.0,,,
62.0798000000006,,0.0,,,,
62.0860000000006,,,,0.0,,
62.10000000000061,,,,,0.0,0.0
62.12385500000063,0.0,,,,,
62.12530000000061,,,0.0,,,
62.179800000000604,,0.0,,,,
62.186000000000604,,,,0.0,,
62.200000000000614,,,,,0.0,0.0
62.22385500000063,0.0,,,,,
62.22530000000061,,,0.0,,,
62.279800000000606,,0.0,,,,
62.286000000000605,,,,0.0,,
62.300000000000615,,,,,0.0,0.0
62.323855000000634,0.0,,,,,
62.32530000000061,,,0.0,,,
62.37980000000061,,0.0,,,,
62.38600000000061,,,,0.0,,
62.40000000000062,,,,,0.0,0.0
62.423855000000636,0.0,,,,,
62.42530000000061,,,0.0,,,
62.47980000000061,,0.0,,,,
62.48600000000061,,,,0.0,,
62.50000000000062,,,,,0.0,0.0
62.52385500000064,0.0,,,,,
62.52530000000061,,,0.0,,,
62.57980000000061,,0.0,,,,
62.58600000000061,,,,0.0,,
62.60000000000062,,,,,0.0,0.0
62.62385500000064,0.0,,,,,
62.625300000000614,,,0.0,,,
62.67980000000061,,0.0,,,,
62.68600000000061,,,,0.0,,
62.70000000000062,,,,,0.0,0.0
62.72385500000064,0.0,,,,,
62.725300000000615,,,0.0,,,
62.77980000000061,,0.0,,,,
62.78600000000061,,,,0.0,,
62.80000000000062,,,,,0.0,0.0
62.82385500000064,0.0,,,,,
62.82530000000062,,,0.0,,,
62.879800000000614,,0.0,,,,
62.886000000000614,,,,0.0,,
62.900000000000624,,,,,0.0,0.0
62.92385500000064,0.0,,,,,
62.92530000000062,,,0.0,,,
62.979800000000616,,0.0,,,,
62.986000000000615,,,,0.0,,
63.000000000000625,,,,,0.0,0.0
63.023855000000644,0.0,,,,,
63.02530000000062,,,0.0,,,
63.07980000000062,,0.0,,,,
63.08600000000062,,,,0.0,,
63.10000000000063,,,,,0.0,0.0
63.123855000000646,0.0,,,,,
63.12530000000062,,,0.0,,,
63.17980000000062,,0.0,,,,
63.18600000000062,,,,0.0,,
63.20000000000063,,,,,0.0,0.0
63.22385500000065,0.0,,,,,
63.22530000000062,,,0.0,,,
63.27980000000062,,0.0,,,,
63.28600000000062,,,,0.0,,
63.30000000000063,,,,,0.0,0.0
63.32385500000065,0.0,,,,,
63.325300000000624,,,0.0,,,
63.37980000000062,,0.0,,,,
63.38600000000062,,,,0.0,,
63.40000000000063,,,,,0.0,0.0
63.42385500000065,0.0,,,,,
63.425300000000625,,,0.0,,,
63.47980000000062,,0.0,,,,
63.48600000000062,,,,0.0,,
63.50000000000063,,,,,0.0,0.0
63.52385500000065,0.0,,,,,
63.52530000000063,,,0.0,,,
63.579800000000624,,0.0,,,,
63.586000000000624,,,,0.0,,
63.600000000000634,,,,,0.0,0.0
63.62385500000065,0.0,,,,,
63.62530000000063,,,0.0,,,
63.679800000000625,,0.0,,,,
63.686000000000625,,,,0.0,,
63.700000000000635,,,,,0.0,0.0
63.723855000000654,0.0,,,,,
63.72530000000063,,,0.0,,,
63.77980000000063,,0.0,,,,
63.78600000000063,,,,0.0,,
63.80000000000064,,,,,0.0,0.0
63.823855000000655,0.0,,,,,
63.82530000000063,,,0.0,,,
63.87980000000063,,0.0,,,,
63.88600000000063,,,,0.0,,
63.90000000000064,,,,,0.0,0.0
63.92385500000066,0.0,,,,,
63.92530000000063,,,0.0,,,
63.97980000000063,,0.0,,,,
63.98600000000063,,,,0.0,,
64.00000000000064,,,,,0.0,0.0
64.02385500000065,0.0,,,,,
64.02530000000063,,,0.0,,,
64.07980000000063,,0.0,,,,
64.08600000000062,,,,0.0,,
64.10000000000063,,,,,0.0,0.0
64.12385500000065,0.0,,,,,
64.12530000000062,,,0.0,,,
64.17980000000063,,0.0,,,,
64.18600000000062,,,,0.0,,
64.20000000000063,,,,,0.0,0.0
64.22385500000064,0.0,,,,,
64.22530000000062,,,0.0,,,
64.27980000000062,,0.0,,,,
64.28600000000061,,,,0.0,,
64.30000000000062,,,,,0.0,0.0
64.32385500000063,0.0,,,,,
64.32530000000061,,,0.0,,,
64.37980000000061,,0.0,,,,
64.3860000000006,,,,0.0,,
64.40000000000062,,,,,0.0,0.0
64.42385500000063,0.0,,,,,
64.4253000000006,,,0.0,,,
64.47980000000061,,0.0,,,,
64.4860000000006,,,,0.0,,
64.50000000000061,,,,,0.0,0.0
64.52385500000062,0.0,,,,,
64.5253000000006,,,0.0,,,
64.5798000000006,,0.0,,,,
64.5860000000006,,,,0.0,,
64.6000000000006,,,,,0.0,0.0
64.62385500000062,0.0,,,,,
64.62530000000059,,,0.0,,,
64.6798000000006,,0.0,,,,
64.68600000000059,,,,0.0,,
64.7000000000006,,,,,0.0,0.0
64.72385500000061,0.0,,,,,
64.72530000000059,,,0.0,,,
64.77980000000059,,0.0,,,,
64.78600000000058,,,,0.0,,
64.8000000000006,,,,,0.0,0.0
64.8238550000006,0.0,,,,,
64.82530000000058,,,0.0,,,
64.87980000000059,,0.0,,,,
64.88600000000058,,,,0.0,,
64.90000000000059,,,,,0.0,0.0
64.9238550000006,0.0,,,,,
64.92530000000058,,,0.0,,,
64.97980000000058,,0.0,,,,
64.98600000000057,,,,0.0,,
65.00000000000058,,,,,0.0,0.0
65.0238550000006,0.0,,,,,
65.02530000000057,,,0.0,,,
65.07980000000057,,0.0,,,,
65.08600000000057,,,,0.0,,
65.10000000000058,,,,,0.0,0.0
65.12385500000059,0.0,,,,,
65.12530000000056,,,0.0,,,
65.17980000000057,,0.0,,,,
65.18600000000056,,,,0.0,,
65.20000000000057,,,,,0.0,0.0
65.22385500000058,0.0,,,,,
65.22530000000056,,,0.0,,,
65.27980000000056,,0.0,,,,
65.28600000000056,,,,0.0,,
65.30000000000057,,,,,0.0,0.0
65.32385500000058,0.0,,,,,
65.32530000000055,,,0.0,,,
65.37980000000056,,0.0,,,,
65.38600000000055,,,,0.0,,
65.40000000000056,,,,,0.0,0.0
65.42385500000057,0.0,,,,,
65.42530000000055,,,0.0,,,
65.47980000000055,,0.0,,,,
65.48600000000054,,,,0.0,,
65.50000000000055,,,,,0.0,0.0
65.52385500000057,0.0,,,,,
65.52530000000054,,,0.0,,,
65.57980000000055,,0.0,,,,
65.58600000000054,,,,0.0,,
65.60000000000055,,,,,0.0,0.0
65.62385500000056,0.0,,,,,
65.62530000000054,,,0.0,,,
65.67980000000054,,0.0,,,,
65.68600000000053,,,,0.0,,
65.70000000000054,,,,,0.0,0.0
65.72385500000055,0.0,,,,,
65.72530000000053,,,0.0,,,
65.77980000000053,,0.0,,,,
65.78600000000053,,,,0.0,,
65.80000000000054,,,,,0.0,0.0
65.82385500000055,0.0,,,,,
65.82530000000052,,,0.0,,,
65.87980000000053,,0.0,,,,
65.88600000000052,,,,0.0,,
65.90000000000053,,,,,0.0,0.0
65.92385500000054,0.0,,,,,
65.92530000000052,,,0.0,,,
65.97980000000052,,0.0,,,,
65.98600000000052,,,,0.0,,
66.00000000000053,,,,,0.0,0.0
66.02385500000054,0.0,,,,,
66.02530000000051,,,0.0,,,
66.07980000000052,,0.0,,,,
66.08600000000051,,,,0.0,,
66.10000000000052,,,,,0.0,0.0
66.12385500000053,0.0,,,,,
66.12530000000051,,,0.0,,,
66.17980000000051,,0.0,,,,
66.1860000000005,,,,0.0,,
66.20000000000051,,,,,0.0,0.0
66.22385500000053,0.0,,,,,
66.2253000000005,,,0.0,,,
66.2798000000005,,0.0,,,,
66.2860000000005,,,,0.0,,
66.30000000000051,,,,,0.0,0.0
66.32385500000052,0.0,,,,,
66.3253000000005,,,0.0,,,
66.3798000000005,,0.0,,,,
66.3860000000005,,,,0.0,,
66.4000000000005,,,,,0.0,0.0
66.42385500000051,0.0,,,,,
66.42530000000049,,,0.0,,,
66.4798000000005,,0.0,,,,
66.48600000000049,,,,0.0,,
66.5000000000005,,,,,0.0,0.0
66.52385500000051,0.0,,,,,
66.52530000000048,,,0.0,,,
66.57980000000049,,0.0,,,,
66.58600000000048,,,,0.0,,
66.60000000000049,,,,,0.0,0.0
66.6238550000005,0.0,,,,,
66.62530000000048,,,0.0,,,
66.67980000000048,,0.0,,,,
66.68600000000048,,,,0.0,,
66.70000000000049,,,,,0.0,0.0
66.7238550000005,0.0,,,,,
66.72530000000047,,,0.0,,,
66.77980000000048,,0.0,,,,
66.78600000000047,,,,0.0,,
66.80000000000048,,,,,0.0,0.0
66.82385500000049,0.0,,,,,
66.82530000000047,,,0.0,,,
66.87980000000047,,0.0,,,,
66.88600000000046,,,,0.0,,
66.90000000000047,,,,,0.0,0.0
66.92385500000049,0.0,,,,,
66.92530000000046,,,0.0,,,
66.97980000000047,,0.0,,,,
66.98600000000046,,,,0.0,,
67.00000000000047,,,,,0.0,0.0
67.02385500000048,0.0,,,,,
67.02530000000046,,,0.0,,,
67.07980000000046,,0.0,,,,
67.08600000000045,,,,0.0,,
67.10000000000046,,,,,0.0,0.0
67.12385500000048,0.0,,,,,
67.12530000000045,,,0.0,,,
67.17980000000045,,0.0,,,,
67.18600000000045,,,,0.0,,
67.20000000000046,,,,,0.0,0.0
67.22385500000047,0.0,,,,,
67.22530000000044,,,0.0,,,
67.27980000000045,,0.0,,,,
67.28600000000044,,,,0.0,,
67.30000000000045,,,,,0.0,0.0
67.32385500000046,0.0,,,,,
67.32530000000044,,,0.0,,,
67.37980000000044,,0.0,,,,
67.38600000000044,,,,0.0,,
67.40000000000045,,,,,0.0,0.0
67.42385500000046,0.0,,,,,
67.42530000000043,,,0.0,,,
67.47980000000044,,0.0,,,,
67.48600000000043,,,,0.0,,
67.50000000000044,,,,,0.0,0.0
67.52385500000045,0.0,,,,,
67.52530000000043,,,0.0,,,
67.57980000000043,,0.0,,,,
67.58600000000042,,,,0.0,,
67.60000000000043,,,,,0.0,0.0
67.62385500000045,0.0,,,,,
67.62530000000042,,,0.0,,,
67.67980000000043,,0.0,,,,
67.68600000000042,,,,0.0,,
67.70000000000043,,,,,0.0,0.0
67.72385500000044,0.0,,,,,
67.72530000000042,,,0.0,,,
67.77980000000042,,0.0,,,,
67.78600000000041,,,,0.0,,
67.80000000000042,,,,,0.0,0.0
67.82385500000044,0.0,,,,,
67.82530000000041,,,0.0,,,
67.87980000000042,,0.0,,,,
67.88600000000041,,,,0.0,,
67.90000000000042,,,,,0.0,0.0
67.92385500000043,0.0,,,,,
67.9253000000004,,,0.0,,,
67.97980000000041,,0.0,,,,
67.9860000000004,,,,0.0,,
68.00000000000041,,,,,0.0,0.0
68.02385500000042,0.0,,,,,
68.0253000000004,,,0.0,,,
68.0798000000004,,0.0,,,,
68.0860000000004,,,,0.0,,
68.1000000000004,,,,,0.0,0.0
68.12385500000042,0.0,,,,,
68.1253000000004,,,0.0,,,
68.1798000000004,,0.0,,,,
68.18600000000039,,,,0.0,,
68.2000000000004,,,,,0.0,0.0
68.22385500000041,0.0,,,,,
68.22530000000039,,,0.0,,,
68.27980000000039,,0.0,,,,
68.28600000000039,,,,0.0,,
68.3000000000004,,,,,0.0,0.0
68.3238550000004,0.0,,,,,
68.32530000000038,,,0.0,,,
68.37980000000039,,0.0,,,,
68.38600000000038,,,,0.0,,
68.40000000000039,,,,,0.0,0.0
68.4238550000004,0.0,,,,,
68.42530000000038,,,0.0,,,
68.47980000000038,,0.0,,,,
68.48600000000037,,,,0.0,,
68.50000000000038,,,,,0.0,0.0
68.5238550000004,0.0,,,,,
68.52530000000037,,,0.0,,,
68.57980000000038,,0.0,,,,
68.58600000000037,,,,0.0,,
68.60000000000038,,,,,0.0,0.0
68.62385500000039,0.0,,,,,
68.62530000000037,,,0.0,,,
68.67980000000037,,0.0,,,,
68.68600000000036,,,,0.0,,
68.70000000000037,,,,,0.0,0.0
68.72385500000038,0.0,,,,,
68.72530000000036,,,0.0,,,
68.77980000000036,,0.0,,,,
68.78600000000036,,,,0.0,,
68.80000000000037,,,,,0.0,0.0
68.82385500000038,0.0,,,,,
68.82530000000035,,,0.0,,,
68.87980000000036,,0.0,,,,
68.88600000000035,,,,0.0,,
68.90000000000036,,,,,0.0,0.0
68.92385500000037,0.0,,,,,
68.92530000000035,,,0.0,,,
68.97980000000035,,0.0,,,,
68.98600000000035,,,,0.0,,
69.00000000000036,,,,,0.0,0.0
69.02385500000037,0.0,,,,,
69.02530000000034,,,0.0,,,
69.07980000000035,,0.0,,,,
69.08600000000034,,,,0.0,,
69.10000000000035,,,,,0.0,0.0
69.12385500000036,0.0,,,,,
69.12530000000034,,,0.0,,,
69.17980000000034,,0.0,,,,
69.18600000000033,,,,0.0,,
69.20000000000034,,,,,0.0,0.0
69.22385500000036,0.0,,,,,
69.22530000000033,,,0.0,,,
69.27980000000034,,0.0,,,,
69.28600000000033,,,,0.0,,
69.30000000000034,,,,,0.0,0.0
69.32385500000035,0.0,,,,,
69.32530000000033,,,0.0,,,
69.37980000000033,,0.0,,,,
69.38600000000032,,,,0.0,,
69.40000000000033,,,,,0.0,0.0
69.42385500000034,0.0,,,,,
69.42530000000032,,,0.0,,,
69.47980000000032,,0.0,,,,
69.48600000000032,,,,0.0,,
69.50000000000033,,,,,0.0,0.0
69.52385500000034,0.0,,,,,
69.52530000000031,,,0.0,,,
69.57980000000032,,0.0,,,,
69.58600000000031,,,,0.0,,
69.60000000000032,,,,,0.0,0.0
69.62385500000033,0.0,,,,,
69.62530000000031,,,0.0,,,
69.67980000000031,,0.0,,,,
69.6860000000003,,,,0.0,,
69.70000000000032,,,,,0.0,0.0
69.72385500000033,0.0,,,,,
69.7253000000003,,,0.0,,,
69.77980000000031,,0.0,,,,
69.7860000000003,,,,0.0,,
69.80000000000031,,,,,0.0,0.0
69.82385500000032,0.0,,,,,
69.8253000000003,,,0.0,,,
69.8798000000003,,0.0,,,,
69.8860000000003,,,,0.0,,
69.9000000000003,,,,,0.0,0.0
69.92385500000032,0.0,,,,,
69.92530000000029,,,0.0,,,
69.9798000000003,,0.0,,,,
69.98600000000029,,,,0.0,,
70.0000000000003,,,,,0.0,0.0
70.02385500000031,0.0,,,,,
70.02530000000029,,,0.0,,,
70.07980000000029,,0.0,,,,
70.08600000000028,,,,0.0,,
70.10000000000029,,,,,0.0,0.0
70.1238550000003,0.0,,,,,
70.12530000000028,,,0.0,,,
70.17980000000028,,0.0,,,,
70.18600000000028,,,,0.0,,
70.20000000000029,,,,,0.0,0.0
70.2238550000003,0.0,,,,,
70.22530000000027,,,0.0,,,
70.27980000000028,,0.0,,,,
70.28600000000027,,,,0.0,,
70.30000000000028,,,,,0.0,0.0
70.3238550000003,0.0,,,,,
70.32530000000027,,,0.0,,,
70.37980000000027,,0.0,,,,
70.38600000000027,,,,0.0,,
70.40000000000028,,,,,0.0,0.0
70.42385500000029,0.0,,,,,
70.42530000000026,,,0.0,,,
70.47980000000027,,0.0,,,,
70.48600000000026,,,,0.0,,
70.50000000000027,,,,,0.0,0.0
70.52385500000028,0.0,,,,,
70.52530000000026,,,0.0,,,
70.57980000000026,,0.0,,,,
70.58600000000025,,,,0.0,,
70.60000000000026,,,,,0.0,0.0
70.62385500000028,0.0,,,,,
70.62530000000025,,,0.0,,,
70.67980000000026,,0.0,,,,
70.68600000000025,,,,0.0,,
70.70000000000026,,,,,0.0,0.0
70.72385500000027,0.0,,,,,
70.72530000000025,,,0.0,,,
70.77980000000025,,0.0,,,,
70.78600000000024,,,,0.0,,
70.80000000000025,,,,,0.0,0.0
70.82385500000026,0.0,,,,,
70.82530000000024,,,0.0,,,
70.87980000000024,,0.0,,,,
70.88600000000024,,,,0.0,,
70.90000000000025,,,,,0.0,0.0
70.92385500000026,0.0,,,,,
70.92530000000023,,,0.0,,,
70.97980000000024,,0.0,,,,
70.98600000000023,,,,0.0,,
71.00000000000024,,,,,0.0,0.0
71.02385500000025,0.0,,,,,
71.02530000000023,,,0.0,,,
71.07980000000023,,0.0,,,,
71.08600000000023,,,,0.0,,
71.10000000000024,,,,,0.0,0.0
71.12385500000025,0.0,,,,,
71.12530000000022,,,0.0,,,
71.17980000000023,,0.0,,,,
71.18600000000022,,,,0.0,,
71.20000000000023,,,,,0.0,0.0
71.22385500000024,0.0,,,,,
71.22530000000022,,,0.0,,,
71.27980000000022,,0.0,,,,
71.28600000000021,,,,0.0,,
71.30000000000022,,,,,0.0,0.0
71.32385500000024,0.0,,,,,
71.32530000000021,,,0.0,,,
71.37980000000022,,0.0,,,,
71.38600000000021,,,,0.0,,
71.40000000000022,,,,,0.0,0.0
71.42385500000023,0.0,,,,,
71.4253000000002,,,0.0,,,
71.47980000000021,,0.0,,,,
71.4860000000002,,,,0.0,,
71.50000000000021,,,,,0.0,0.0
71.52385500000022,0.0,,,,,
71.5253000000002,,,0.0,,,
71.5798000000002,,0.0,,,,
71.5860000000002,,,,0.0,,
71.60000000000021,,,,,0.0,0.0
71.62385500000022,0.0,,,,,
71.6253000000002,,,0.0,,,
71.6798000000002,,0.0,,,,
71.68600000000019,,,,0.0,,
71.7000000000002,,,,,0.0,0.0
71.72385500000021,0.0,,,,,
71.72530000000019,,,0.0,,,
71.7798000000002,,0.0,,,,
71.78600000000019,,,,0.0,,
71.8000000000002,,,,,0.0,0.0
71.82385500000021,0.0,,,,,
71.82530000000018,,,0.0,,,
71.87980000000019,,0.0,,,,
71.88600000000018,,,,0.0,,
71.90000000000019,,,,,0.0,0.0
71.9238550000002,0.0,,,,,
71.92530000000018,,,0.0,,,
71.97980000000018,,0.0,,,,
71.98600000000017,,,,0.0,,
72.00000000000018,,,,,0.0,0.0
72.0238550000002,0.0,,,,,
72.02530000000017,,,0.0,,,
72.07980000000018,,0.0,,,,
72.08600000000017,,,,0.0,,
72.10000000000018,,,,,0.0,0.0
72.12385500000019,0.0,,,,,
72.12530000000017,,,0.0,,,
72.17980000000017,,0.0,,,,
72.18600000000016,,,,0.0,,
72.20000000000017,,,,,0.0,0.0
72.22385500000019,0.0,,,,,
72.22530000000016,,,0.0,,,
72.27980000000017,,0.0,,,,
72.28600000000016,,,,0.0,,
72.30000000000017,,,,,0.0,0.0
72.32385500000018,0.0,,,,,
72.32530000000015,,,0.0,,,
72.37980000000016,,0.0,,,,
72.38600000000015,,,,0.0,,
72.40000000000016,,,,,0.0,0.0
72.42385500000017,0.0,,,,,
72.42530000000015,,,0.0,,,
72.47980000000015,,0.0,,,,
72.48600000000015,,,,0.0,,
72.50000000000016,,,,,0.0,0.0
72.52385500000017,0.0,,,,,
72.52530000000014,,,0.0,,,
72.57980000000015,,0.0,,,,
72.58600000000014,,,,0.0,,
72.60000000000015,,,,,0.0,0.0
72.62385500000016,0.0,,,,,
72.62530000000014,,,0.0,,,
72.67980000000014,,0.0,,,,
72.68600000000013,,,,0.0,,
72.70000000000014,,,,,0.0,0.0
72.72385500000016,0.0,,,,,
72.72530000000013,,,0.0,,,
72.77980000000014,,0.0,,,,
72.78600000000013,,,,0.0,,
72.80000000000014,,,,,0.0,0.0
72.82385500000015,0.0,,,,,
72.82530000000013,,,0.0,,,
72.87980000000013,,0.0,,,,
72.88600000000012,,,,0.0,,
72.90000000000013,,,,,0.0,0.0
72.92385500000015,0.0,,,,,
72.92530000000012,,,0.0,,,
72.97980000000013,,0.0,,,,
72.98600000000012,,,,0.0,,
73.00000000000013,,,,,0.0,0.0
73.02385500000014,0.0,,,,,
73.02530000000012,,,0.0,,,
73.07980000000012,,0.0,,,,
73.08600000000011,,,,0.0,,
73.10000000000012,,,,,0.0,0.0
73.12385500000013,0.0,,,,,
73.12530000000011,,,0.0,,,
73.17980000000011,,0.0,,,,
73.1860000000001,,,,0.0,,
73.20000000000012,,,,,0.0,0.0
73.22385500000013,0.0,,,,,
73.2253000000001,,,0.0,,,
73.27980000000011,,0.0,,,,
73.2860000000001,,,,0.0,,
73.30000000000011,,,,,0.0,0.0
73.32385500000012,0.0,,,,,
73.3253000000001,,,0.0,,,
73.3798000000001,,0.0,,,,
73.3860000000001,,,,0.0,,
73.4000000000001,,,,,0.0,0.0
73.42385500000012,0.0,,,,,
73.42530000000009,,,0.0,,,
73.4798000000001,,0.0,,,,
73.48600000000009,,,,0.0,,
73.5000000000001,,,,,0.0,0.0
73.52385500000011,0.0,,,,,
73.52530000000009,,,0.0,,,
73.57980000000009,,0.0,,,,
73.58600000000008,,,,0.0,,
73.6000000000001,,,,,0.0,0.0
73.6238550000001,0.0,,,,,
73.62530000000008,,,0.0,,,
73.67980000000009,,0.0,,,,
73.68600000000008,,,,0.0,,
73.70000000000009,,,,,0.0,0.0
73.7238550000001,0.0,,,,,
73.72530000000008,,,0.0,,,
73.77980000000008,,0.0,,,,
73.78600000000007,,,,0.0,,
73.80000000000008,,,,,0.0,0.0
73.8238550000001,0.0,,,,,
73.82530000000007,,,0.0,,,
73.87980000000007,,0.0,,,,
73.88600000000007,,,,0.0,,
73.90000000000008,,,,,0.0,0.0
73.92385500000009,0.0,,,,,
73.92530000000006,,,0.0,,,
73.97980000000007,,0.0,,,,
73.98600000000006,,,,0.0,,
74.00000000000007,,,,,0.0,0.0
74.02385500000008,0.0,,,,,
74.02530000000006,,,0.0,,,
74.07980000000006,,0.0,,,,
74.08600000000006,,,,0.0,,
74.10000000000007,,,,,0.0,0.0
74.12385500000008,0.0,,,,,
74.12530000000005,,,0.0,,,
74.17980000000006,,0.0,,,,
74.18600000000005,,,,0.0,,
74.20000000000006,,,,,0.0,0.0
74.22385500000007,0.0,,,,,
74.22530000000005,,,0.0,,,
74.27980000000005,,0.0,,,,
74.28600000000004,,,,0.0,,
74.30000000000005,,,,,0.0,0.0
74.32385500000007,0.0,,,,,
74.32530000000004,,,0.0,,,
74.37980000000005,,0.0,,,,
74.38600000000004,,,,0.0,,
74.40000000000005,,,,,0.0,0.0
74.42385500000006,0.0,,,,,
74.42530000000004,,,0.0,,,
74.47980000000004,,0.0,,,,
74.48600000000003,,,,0.0,,
74.50000000000004,,,,,0.0,0.0
74.52385500000005,0.0,,,,,
74.52530000000003,,,0.0,,,
74.57980000000003,,0.0,,,,
74.58600000000003,,,,0.0,,
74.60000000000004,,,,,0.0,0.0
74.62385500000005,0.0,,,,,
74.62530000000002,,,0.0,,,
74.67980000000003,,0.0,,,,
74.68600000000002,,,,0.0,,
74.70000000000003,,,,,0.0,0.0
74.72385500000004,0.0,,,,,
74.72530000000002,,,0.0,,,
74.77980000000002,,0.0,,,,
74.78600000000002,,,,0.0,,
74.80000000000003,,,,,0.0,0.0
74.82385500000004,0.0,,,,,
74.82530000000001,,,0.0,,,
74.87980000000002,,0.0,,,,
74.88600000000001,,,,0.0,,
74.90000000000002,,,,,0.0,0.0
74.92385500000003,0.0,,,,,
74.92530000000001,,,0.0,,,
74.97980000000001,,0.0,,,,
74.986,,,,0.0,,
75.00000000000001,,,,,0.0,0.0
75.02385500000003,0.0,,,,,
75.0253,,,0.0,,,
75.0798,,0.0,,,,
75.086,,,,0.0,,
75.10000000000001,,,,,0.0,0.0
75.12385500000002,0.0,,,,,
75.1253,,,0.0,,,
75.1798,,0.0,,,,
75.18599999999999,,,,0.0,,
75.2,,,,,0.0,0.0
75.22385500000001,0.0,,,,,
75.22529999999999,,,0.0,,,
75.2798,,0.0,,,,
75.28599999999999,,,,0.0,,
75.3,,,,,0.0,0.0
75.32385500000001,0.0,,,,,
75.32529999999998,,,0.0,,,
75.37979999999999,,0.0,,,,
75.38599999999998,,,,0.0,,
75.39999999999999,,,,,0.0,0.0
75.423855,0.0,,,,,
75.42529999999998,,,0.0,,,
75.47979999999998,,0.0,,,,
75.48599999999998,,,,0.0,,
75.49999999999999,,,,,0.0,0.0
75.523855,0.0,,,,,
75.52529999999997,,,0.0,,,
75.57979999999998,,0.0,,,,
75.58599999999997,,,,0.0,,
75.59999999999998,,,,,0.0,0.0
75.62385499999999,0.0,,,,,
75.62529999999997,,,0.0,,,
75.67979999999997,,0.0,,,,
75.68599999999996,,,,0.0,,
75.69999999999997,,,,,0.0,0.0
75.72385499999999,0.0,,,,,
75.72529999999996,,,0.0,,,
75.77979999999997,,0.0,,,,
75.78599999999996,,,,0.0,,
75.79999999999997,,,,,0.0,0.0
75.82385499999998,0.0,,,,,
75.82529999999996,,,0.0,,,
75.87979999999996,,0.0,,,,
75.88599999999995,,,,0.0,,
75.89999999999996,,,,,0.0,0.0
75.92385499999997,0.0,,,,,
75.92529999999995,,,0.0,,,
75.97979999999995,,0.0,,,,
75.98599999999995,,,,0.0,,
75.99999999999996,,,,,0.0,0.0
76.02385499999997,0.0,,,,,
76.02529999999994,,,0.0,,,
76.07979999999995,,0.0,,,,
76.08599999999994,,,,0.0,,
76.09999999999995,,,,,0.0,0.0
76.12385499999996,0.0,,,,,
76.12529999999994,,,0.0,,,
76.17979999999994,,0.0,,,,
76.18599999999994,,,,0.0,,
76.19999999999995,,,,,0.0,0.0
76.22385499999996,0.0,,,,,
76.22529999999993,,,0.0,,,
76.27979999999994,,0.0,,,,
76.28599999999993,,,,0.0,,
76.29999999999994,,,,,0.0,0.0
76.32385499999995,0.0,,,,,
76.32529999999993,,,0.0,,,
76.37979999999993,,0.0,,,,
76.38599999999992,,,,0.0,,
76.39999999999993,,,,,0.0,0.0
76.42385499999995,0.0,,,,,
76.42529999999992,,,0.0,,,
76.47979999999993,,0.0,,,,
76.48599999999992,,,,0.0,,
76.49999999999993,,,,,0.0,0.0
76.52385499999994,0.0,,,,,
76.52529999999992,,,0.0,,,
76.57979999999992,,0.0,,,,
76.58599999999991,,,,0.0,,
76.59999999999992,,,,,0.0,0.0
76.62385499999993,0.0,,,,,
76.62529999999991,,,0.0,,,
76.67979999999991,,0.0,,,,
76.68599999999991,,,,0.0,,
76.69999999999992,,,,,0.0,0.0
76.72385499999993,0.0,,,,,
76.7252999999999,,,0.0,,,
76.77979999999991,,0.0,,,,
76.7859999999999,,,,0.0,,
76.79999999999991,,,,,0.0,0.0
76.82385499999992,0.0,,,,,
76.8252999999999,,,0.0,,,
76.8797999999999,,0.0,,,,
76.8859999999999,,,,0.0,,
76.8999999999999,,,,,0.0,0.0
76.92385499999992,0.0,,,,,
76.9252999999999,,,0.0,,,
76.9797999999999,,0.0,,,,
76.98599999999989,,,,0.0,,
76.9999999999999,,,,,0.0,0.0
77.02385499999991,0.0,,,,,
77.02529999999989,,,0.0,,,
77.07979999999989,,0.0,,,,
77.08599999999988,,,,0.0,,
77.0999999999999,,,,,0.0,0.0
77.1238549999999,0.0,,,,,
77.12529999999988,,,0.0,,,
77.17979999999989,,0.0,,,,
77.18599999999988,,,,0.0,,
77.19999999999989,,,,,0.0,0.0
77.2238549999999,0.0,,,,,
77.22529999999988,,,0.0,,,
77.27979999999988,,0.0,,,,
77.28599999999987,,,,0.0,,
77.29999999999988,,,,,0.0,0.0
77.3238549999999,0.0,,,,,
77.32529999999987,,,0.0,,,
77.37979999999988,,0.0,,,,
77.38599999999987,,,,0.0,,
77.39999999999988,,,,,0.0,0.0
77.42385499999989,0.0,,,,,
77.42529999999987,,,0.0,,,
77.47979999999987,,0.0,,,,
77.48599999999986,,,,0.0,,
77.49999999999987,,,,,0.0,0.0
77.52385499999988,0.0,,,,,
77.52529999999986,,,0.0,,,
77.57979999999986,,0.0,,,,
77.58599999999986,,,,0.0,,
77.59999999999987,,,,,0.0,0.0
77.62385499999988,0.0,,,,,
77.62529999999985,,,0.0,,,
77.67979999999986,,0.0,,,,
77.68599999999985,,,,0.0,,
77.69999999999986,,,,,0.0,0.0
77.72385499999987,0.0,,,,,
77.72529999999985,,,0.0,,,
77.77979999999985,,0.0,,,,
77.78599999999985,,,,0.0,,
77.79999999999986,,,,,0.0,0.0
77.82385499999987,0.0,,,,,
77.82529999999984,,,0.0,,,
77.87979999999985,,0.0,,,,
77.88599999999984,,,,0.0,,
77.89999999999985,,,,,0.0,0.0
77.92385499999986,0.0,,,,,
77.92529999999984,,,0.0,,,
77.97979999999984,,0.0,,,,
77.98599999999983,,,,0.0,,
77.99999999999984,,,,,0.0,0.0
78.02385499999986,0.0,,,,,
78.02529999999983,,,0.0,,,
78.07979999999984,,0.0,,,,
78.08599999999983,,,,0.0,,
78.09999999999984,,,,,0.0,0.0
78.12385499999985,0.0,,,,,
78.12529999999983,,,0.0,,,
78.17979999999983,,0.0,,,,
78.18599999999982,,,,0.0,,
78.19999999999983,,,,,0.0,0.0
78.22385499999984,0.0,,,,,
78.22529999999982,,,0.0,,,
78.27979999999982,,0.0,,,,
78.28599999999982,,,,0.0,,
78.29999999999983,,,,,0.0,0.0
78.32385499999984,0.0,,,,,
78.32529999999981,,,0.0,,,
78.37979999999982,,0.0,,,,
78.38599999999981,,,,0.0,,
78.39999999999982,,,,,0.0,0.0
78.42385499999983,0.0,,,,,
78.42529999999981,,,0.0,,,
78.47979999999981,,0.0,,,,
78.4859999999998,,,,0.0,,
78.49999999999982,,,,,0.0,0.0
78.52385499999983,0.0,,,,,
78.5252999999998,,,0.0,,,
78.5797999999998,,0.0,,,,
78.5859999999998,,,,0.0,,
78.59999999999981,,,,,0.0,0.0
78.62385499999982,0.0,,,,,
78.6252999999998,,,0.0,,,
78.6797999999998,,0.0,,,,
78.6859999999998,,,,0.0,,
78.6999999999998,,,,,0.0,0.0
78.72385499999982,0.0,,,,,
78.72529999999979,,,0.0,,,
78.7797999999998,,0.0,,,,
78.78599999999979,,,,0.0,,
78.7999999999998,,,,,0.0,0.0
78.82385499999981,0.0,,,,,
78.82529999999979,,,0.0,,,
78.87979999999979,,0.0,,,,
78.88599999999978,,,,0.0,,
78.89999999999979,,,,,0.0,0.0
78.9238549999998,0.0,,,,,
78.92529999999978,,,0.0,,,
78.97979999999978,,0.0,,,,
78.98599999999978,,,,0.0,,
78.99999999999979,,,,,0.0,0.0
79.0238549999998,0.0,,,,,
79.02529999999977,,,0.0,,,
79.07979999999978,,0.0,,,,
79.08599999999977,,,,0.0,,
79.09999999999978,,,,,0.0,0.0
79.12385499999979,0.0,,,,,
79.12529999999977,,,0.0,,,
79.17979999999977,,0.0,,,,
79.18599999999977,,,,0.0,,
79.19999999999978,,,,,0.0,0.0
79.22385499999979,0.0,,,,,
79.22529999999976,,,0.0,,,
79.27979999999977,,0.0,,,,
79.28599999999976,,,,0.0,,
79.29999999999977,,,,,0.0,0.0
79.32385499999978,0.0,,,,,
79.32529999999976,,,0.0,,,
79.37979999999976,,0.0,,,,
79.38599999999975,,,,0.0,,
79.39999999999976,,,,,0.0,0.0
79.42385499999978,0.0,,,,,
79.42529999999975,,,0.0,,,
79.47979999999976,,0.0,,,,
79.48599999999975,,,,0.0,,
79.49999999999976,,,,,0.0,0.0
79.52385499999977,0.0,,,,,
79.52529999999975,,,0.0,,,
79.57979999999975,,0.0,,,,
79.58599999999974,,,,0.0,,
79.59999999999975,,,,,0.0,0.0
79.62385499999976,0.0,,,,,
79.62529999999974,,,0.0,,,
79.67979999999974,,0.0,,,,
79.68599999999974,,,,0.0,,
79.69999999999975,,,,,0.0,0.0
79.72385499999976,0.0,,,,,
79.72529999999973,,,0.0,,,
79.77979999999974,,0.0,,,,
79.78599999999973,,,,0.0,,
79.79999999999974,,,,,0.0,0.0
79.82385499999975,0.0,,,,,
79.82529999999973,,,0.0,,,
79.87979999999973,,0.0,,,,
79.88599999999973,,,,0.0,,
79.89999999999974,,,,,0.0,0.0
79.92385499999975,0.0,,,,,
79.92529999999972,,,0.0,,,
79.97979999999973,,0.0,,,,
79.98599999999972,,,,0.0,,
79.99999999999973,,,,,0.0,0.0
80.02385499999974,0.0,,,,,
80.02529999999972,,,0.0,,,
80.07979999999972,,0.0,,,,
80.08599999999971,,,,0.0,,
80.09999999999972,,,,,0.0,0.0
80.12385499999974,0.0,,,,,
80.12529999999971,,,0.0,,,
80.17979999999972,,0.0,,,,
80.18599999999971,,,,0.0,,
80.19999999999972,,,,,0.0,0.0
80.22385499999973,0.0,,,,,
80.2252999999997,,,0.0,,,
80.27979999999971,,0.0,,,,
80.2859999999997,,,,0.0,,
80.29999999999971,,,,,0.0,0.0
80.32385499999972,0.0,,,,,
80.3252999999997,,,0.0,,,
80.3797999999997,,0.0,,,,
80.3859999999997,,,,0.0,,
80.39999999999971,,,,,0.0,0.0
80.42385499999972,0.0,,,,,
80.4252999999997,,,0.0,,,
80.4797999999997,,0.0,,,,
80.48599999999969,,,,0.0,,
80.4999999999997,,,,,0.0,0.0
80.52385499999971,0.0,,,,,
80.52529999999969,,,0.0,,,
80.5797999999997,,0.0,,,,
80.58599999999969,,,,0.0,,
80.5999999999997,,,,,0.0,0.0
80.62385499999971,0.0,,,,,
80.62529999999968,,,0.0,,,
80.67979999999969,,0.0,,,,
80.68599999999968,,,,0.0,,
80.69999999999969,,,,,0.0,0.0
80.7238549999997,0.0,,,,,
80.72529999999968,,,0.0,,,
80.77979999999968,,0.0,,,,
80.78599999999967,,,,0.0,,
80.79999999999968,,,,,0.0,0.0
80.8238549999997,0.0,,,,,
80.82529999999967,,,0.0,,,
80.87979999999968,,0.0,,,,
80.88599999999967,,,,0.0,,
80.89999999999968,,,,,0.0,0.0
80.92385499999969,0.0,,,,,
80.92529999999967,,,0.0,,,
80.97979999999967,,0.0,,,,
80.98599999999966,,,,0.0,,
80.99999999999967,,,,,0.0,0.0
81.02385499999968,0.0,,,,,
81.02529999999966,,,0.0,,,
81.07979999999966,,0.0,,,,
81.08599999999966,,,,0.0,,
81.09999999999967,,,,,0.0,0.0
81.12385499999968,0.0,,,,,
81.12529999999965,,,0.0,,,
81.17979999999966,,0.0,,,,
81.18599999999965,,,,0.0,,
81.19999999999966,,,,,0.0,0.0
81.22385499999967,0.0,,,,,
81.22529999999965,,,0.0,,,
81.27979999999965,,0.0,,,,
81.28599999999965,,,,0.0,,
81.29999999999966,,,,,0.0,0.0
81.32385499999967,0.0,,,,,
81.32529999999964,,,0.0,,,
81.37979999999965,,0.0,,,,
81.38599999999964,,,,0.0,,
81.39999999999965,,,,,0.0,0.0
81.42385499999966,0.0,,,,,
81.42529999999964,,,0.0,,,
81.47979999999964,,0.0,,,,
81.48599999999963,,,,0.0,,
81.49999999999964,,,,,0.0,0.0
81.52385499999966,0.0,,,,,
81.52529999999963,,,0.0,,,
81.57979999999964,,0.0,,,,
81.58599999999963,,,,0.0,,
81.59999999999964,,,,,0.0,0.0
81.62385499999965,0.0,,,,,
81.62529999999963,,,0.0,,,
81.67979999999963,,0.0,,,,
81.68599999999962,,,,0.0,,
81.69999999999963,,,,,0.0,0.0
81.72385499999965,0.0,,,,,
81.72529999999962,,,0.0,,,
81.77979999999963,,0.0,,,,
81.78599999999962,,,,0.0,,
81.79999999999963,,,,,0.0,0.0
81.82385499999964,0.0,,,,,
81.82529999999961,,,0.0,,,
81.87979999999962,,0.0,,,,
81.88599999999961,,,,0.0,,
81.89999999999962,,,,,0.0,0.0
81.92385499999963,0.0,,,,,
81.92529999999961,,,0.0,,,
81.97979999999961,,0.0,,,,
81.9859999999996,,,,0.0,,
81.99999999999962,,,,,0.0,0.0
82.02385499999963,0.0,,,,,
82.0252999999996,,,0.0,,,
82.07979999999961,,0.0,,,,
82.0859999999996,,,,0.0,,
82.09999999999961,,,,,0.0,0.0
82.12385499999962,0.0,,,,,
82.1252999999996,,,0.0,,,
82.1797999999996,,0.0,,,,
82.1859999999996,,,,0.0,,
82.1999999999996,,,,,0.0,0.0
82.22385499999962,0.0,,,,,
82.22529999999959,,,0.0,,,
82.2797999999996,,0.0,,,,
82.28599999999959,,,,0.0,,
82.2999999999996,,,,,0.0,0.0
82.32385499999961,0.0,,,,,
82.32529999999959,,,0.0,,,
82.37979999999959,,0.0,,,,
82.38599999999958,,,,0.0,,
82.3999999999996,,,,,0.0,0.0
82.4238549999996,0.0,,,,,
82.42529999999958,,,0.0,,,
82.47979999999959,,0.0,,,,
82.48599999999958,,,,0.0,,
82.49999999999959,,,,,0.0,0.0
82.5238549999996,0.0,,,,,
82.52529999999958,,,0.0,,,
82.57979999999958,,0.0,,,,
82.58599999999957,,,,0.0,,
82.59999999999958,,,,,0.0,0.0
82.6238549999996,0.0,,,,,
82.62529999999957,,,0.0,,,
82.67979999999957,,0.0,,,,
82.68599999999957,,,,0.0,,
82.69999999999958,,,,,0.0,0.0
82.72385499999959,0.0,,,,,
82.72529999999956,,,0.0,,,
82.77979999999957,,0.0,,,,
82.78599999999956,,,,0.0,,
82.79999999999957,,,,,0.0,0.0
82.82385499999958,0.0,,,,,
82.82529999999956,,,0.0,,,
82.87979999999956,,0.0,,,,
82.88599999999956,,,,0.0,,
82.89999999999957,,,,,0.0,0.0
82.92385499999958,0.0,,,,,
82.92529999999955,,,0.0,,,
82.97979999999956,,0.0,,,,
82.98599999999955,,,,0.0,,
82.99999999999956,,,,,0.0,0.0
83.02385499999957,0.0,,,,,
83.02529999999955,,,0.0,,,
83.07979999999955,,0.0,,,,
83.08599999999954,,,,0.0,,
83.09999999999955,,,,,0.0,0.0
83.12385499999957,0.0,,,,,
83.12529999999954,,,0.0,,,
83.17979999999955,,0.0,,,,
83.18599999999954,,,,0.0,,
83.19999999999955,,,,,0.0,0.0
83.22385499999956,0.0,,,,,
83.22529999999954,,,0.0,,,
83.27979999999954,,0.0,,,,
83.28599999999953,,,,0.0,,
83.29999999999954,,,,,0.0,0.0
83.32385499999955,0.0,,,,,
83.32529999999953,,,0.0,,,
83.37979999999953,,0.0,,,,
83.38599999999953,,,,0.0,,
83.39999999999954,,,,,0.0,0.0
83.42385499999955,0.0,,,,,
83.42529999999952,,,0.0,,,
83.47979999999953,,0.0,,,,
83.48599999999952,,,,0.0,,
83.49999999999953,,,,,0.0,0.0
83.52385499999954,0.0,,,,,
83.52529999999952,,,0.0,,,
83.57979999999952,,0.0,,,,
83.58599999999952,,,,0.0,,
83.59999999999953,,,,,0.0,0.0
83.62385499999954,0.0,,,,,
83.62529999999951,,,0.0,,,
83.67979999999952,,0.0,,,,
83.68599999999951,,,,0.0,,
83.69999999999952,,,,,0.0,0.0
83.72385499999953,0.0,,,,,
83.7252999999995,,,0.0,,,
83.77979999999951,,0.0,,,,
83.7859999999995,,,,0.0,,
83.79999999999951,,,,,0.0,0.0
83.82385499999953,0.0,,,,,
83.8252999999995,,,0.0,,,
83.8797999999995,,0.0,,,,
83.8859999999995,,,,0.0,,
83.89999999999951,,,,,0.0,0.0
83.92385499999952,0.0,,,,,
83.9252999999995,,,0.0,,,
83.9797999999995,,0.0,,,,
83.98599999999949,,,,0.0,,
83.9999999999995,,,,,0.0,0.0
84.02385499999951,0.0,,,,,
84.02529999999949,,,0.0,,,
84.0797999999995,,0.0,,,,
84.08599999999949,,,,0.0,,
84.0999999999995,,,,,0.0,0.0
84.12385499999951,0.0,,,,,
84.12529999999948,,,0.0,,,
84.17979999999949,,0.0,,,,
84.18599999999948,,,,0.0,,
84.19999999999949,,,,,0.0,0.0
84.2238549999995,0.0,,,,,
84.22529999999948,,,0.0,,,
84.27979999999948,,0.0,,,,
84.28599999999948,,,,0.0,,
84.29999999999949,,,,,0.0,0.0
84.3238549999995,0.0,,,,,
84.32529999999947,,,0.0,,,
84.37979999999948,,0.0,,,,
84.38599999999947,,,,0.0,,
84.39999999999948,,,,,0.0,0.0
84.42385499999949,0.0,,,,,
84.42529999999947,,,0.0,,,
84.47979999999947,,0.0,,,,
84.48599999999946,,,,0.0,,
84.49999999999947,,,,,0.0,0.0
84.52385499999949,0.0,,,,,
84.52529999999946,,,0.0,,,
84.57979999999947,,0.0,,,,
84.58599999999946,,,,0.0,,
84.59999999999947,,,,,0.0,0.0
84.62385499999948,0.0,,,,,
84.62529999999946,,,0.0,,,
84.67979999999946,,0.0,,,,
84.68599999999945,,,,0.0,,
84.69999999999946,,,,,0.0,0.0
84.72385499999947,0.0,,,,,
84.72529999999945,,,0.0,,,
84.77979999999945,,0.0,,,,
84.78599999999945,,,,0.0,,
84.79999999999946,,,,,0.0,0.0
84.82385499999947,0.0,,,,,
84.82529999999944,,,0.0,,,
84.87979999999945,,0.0,,,,
84.88599999999944,,,,0.0,,
84.89999999999945,,,,,0.0,0.0
84.92385499999946,0.0,,,,,
84.92529999999944,,,0.0,,,
84.97979999999944,,0.0,,,,
84.98599999999944,,,,0.0,,
84.99999999999945,,,,,0.0,0.0
85.02385499999946,0.0,,,,,
85.02529999999943,,,0.0,,,
85.07979999999944,,0.0,,,,
85.08599999999943,,,,0.0,,
85.09999999999944,,,,,0.0,0.0
85.12385499999945,0.0,,,,,
85.12529999999943,,,0.0,,,
85.17979999999943,,0.0,,,,
85.18599999999942,,,,0.0,,
85.19999999999943,,,,,0.0,0.0
85.22385499999945,0.0,,,,,
85.22529999999942,,,0.0,,,
85.27979999999943,,0.0,,,,
85.28599999999942,,,,0.0,,
85.29999999999943,,,,,0.0,0.0
85.32385499999944,0.0,,,,,
85.32529999999942,,,0.0,,,
85.37979999999942,,0.0,,,,
85.38599999999941,,,,0.0,,
85.39999999999942,,,,,0.0,0.0
85.42385499999943,0.0,,,,,
85.42529999999941,,,0.0,,,
85.47979999999941,,0.0,,,,
85.48599999999941,,,,0.0,,
85.49999999999942,,,,,0.0,0.0
85.52385499999943,0.0,,,,,
85.5252999999994,,,0.0,,,
85.57979999999941,,0.0,,,,
85.5859999999994,,,,0.0,,
85.59999999999941,,,,,0.0,0.0
85.62385499999942,0.0,,,,,
85.6252999999994,,,0.0,,,
85.6797999999994,,0.0,,,,
85.6859999999994,,,,0.0,,
85.6999999999994,,,,,0.0,0.0
85.72385499999942,0.0,,,,,
85.7252999999994,,,0.0,,,
85.7797999999994,,0.0,,,,
85.78599999999939,,,,0.0,,
85.7999999999994,,,,,0.0,0.0
85.82385499999941,0.0,,,,,
85.82529999999939,,,0.0,,,
85.87979999999939,,0.0,,,,
85.88599999999938,,,,0.0,,
85.8999999999994,,,,,0.0,0.0
85.9238549999994,0.0,,,,,
85.92529999999938,,,0.0,,,
85.97979999999939,,0.0,,,,
85.98599999999938,,,,0.0,,
85.99999999999939,,,,,0.0,0.0
86.0238549999994,0.0,,,,,
86.02529999999938,,,0.0,,,
86.07979999999938,,0.0,,,,
86.08599999999937,,,,0.0,,
86.09999999999938,,,,,0.0,0.0
86.1238549999994,0.0,,,,,
86.12529999999937,,,0.0,,,
86.17979999999937,,0.0,,,,
86.18599999999937,,,,0.0,,
86.19999999999938,,,,,0.0,0.0
86.22385499999939,0.0,,,,,
86.22529999999936,,,0.0,,,
86.27979999999937,,0.0,,,,
86.28599999999936,,,,0.0,,
86.29999999999937,,,,,0.0,0.0
86.32385499999938,0.0,,,,,
86.32529999999936,,,0.0,,,
86.37979999999936,,0.0,,,,
86.38599999999936,,,,0.0,,
86.39999999999937,,,,,0.0,0.0
86.42385499999938,0.0,,,,,
86.42529999999935,,,0.0,,,
86.47979999999936,,0.0,,,,
86.48599999999935,,,,0.0,,
86.49999999999936,,,,,0.0,0.0
86.52385499999937,0.0,,,,,
86.52529999999935,,,0.0,,,
86.57979999999935,,0.0,,,,
86.58599999999934,,,,0.0,,
86.59999999999935,,,,,0.0,0.0
86.62385499999937,0.0,,,,,
86.62529999999934,,,0.0,,,
86.67979999999935,,0.0,,,,
86.68599999999934,,,,0.0,,
86.69999999999935,,,,,0.0,0.0
86.72385499999936,0.0,,,,,
86.72529999999934,,,0.0,,,
86.77979999999934,,0.0,,,,
86.78599999999933,,,,0.0,,
86.79999999999934,,,,,0.0,0.0
86.82385499999936,0.0,,,,,
86.82529999999933,,,0.0,,,
86.87979999999934,,0.0,,,,
86.88599999999933,,,,0.0,,
86.89999999999934,,,,,0.0,0.0
86.92385499999935,0.0,,,,,
86.92529999999932,,,0.0,,,
86.97979999999933,,0.0,,,,
86.98599999999932,,,,0.0,,
86.99999999999933,,,,,0.0,0.0
87.02385499999934,0.0,,,,,
87.02529999999932,,,0.0,,,
87.07979999999932,,0.0,,,,
87.08599999999932,,,,0.0,,
87.09999999999933,,,,,0.0,0.0
87.12385499999934,0.0,,,,,
87.12529999999931,,,0.0,,,
87.17979999999932,,0.0,,,,
87.18599999999931,,,,0.0,,
87.19999999999932,,,,,0.0,0.0
87.22385499999933,0.0,,,,,
87.22529999999931,,,0.0,,,
87.27979999999931,,0.0,,,,
87.2859999999993,,,,0.0,,
87.29999999999932,,,,,0.0,0.0
87.32385499999933,0.0,,,,,
87.3252999999993,,,0.0,,,
87.3797999999993,,0.0,,,,
87.3859999999993,,,,0.0,,
87.39999999999931,,,,,0.0,0.0
87.42385499999932,0.0,,,,,
87.4252999999993,,,0.0,,,
87.4797999999993,,0.0,,,,
87.4859999999993,,,,0.0,,
87.4999999999993,,,,,0.0,0.0
87.52385499999932,0.0,,,,,
87.52529999999929,,,0.0,,,
87.5797999999993,,0.0,,,,
87.58599999999929,,,,0.0,,
87.5999999999993,,,,,0.0,0.0
87.62385499999931,0.0,,,,,
87.62529999999929,,,0.0,,,
87.67979999999929,,0.0,,,,
87.68599999999928,,,,0.0,,
87.69999999999929,,,,,0.0,0.0
87.7238549999993,0.0,,,,,
87.72529999999928,,,0.0,,,
87.77979999999928,,0.0,,,,
87.78599999999928,,,,0.0,,
87.79999999999929,,,,,0.0,0.0
87.8238549999993,0.0,,,,,
87.82529999999927,,,0.0,,,
87.87979999999928,,0.0,,,,
87.88599999999927,,,,0.0,,
87.89999999999928,,,,,0.0,0.0
87.92385499999929,0.0,,,,,
87.92529999999927,,,0.0,,,
87.97979999999927,,0.0,,,,
87.98599999999927,,,,0.0,,
87.99999999999928,,,,,0.0,0.0
88.02385499999929,0.0,,,,,
88.02529999999926,,,0.0,,,
88.07979999999927,,0.0,,,,
88.08599999999926,,,,0.0,,
88.09999999999927,,,,,0.0,0.0
88.12385499999928,0.0,,,,,
88.12529999999926,,,0.0,,,
88.17979999999926,,0.0,,,,
88.18599999999925,,,,0.0,,
88.19999999999926,,,,,0.0,0.0
88.22385499999928,0.0,,,,,
88.22529999999925,,,0.0,,,
88.27979999999926,,0.0,,,,
88.28599999999925,,,,0.0,,
88.29999999999926,,,,,0.0,0.0
88.32385499999927,0.0,,,,,
88.32529999999925,,,0.0,,,
88.37979999999925,,0.0,,,,
88.38599999999924,,,,0.0,,
88.39999999999925,,,,,0.0,0.0
88.42385499999926,0.0,,,,,
88.42529999999924,,,0.0,,,
88.47979999999924,,0.0,,,,
88.48599999999924,,,,0.0,,
88.49999999999925,,,,,0.0,0.0
88.52385499999926,0.0,,,,,
88.52529999999923,,,0.0,,,
88.57979999999924,,0.0,,,,
88.58599999999923,,,,0.0,,
88.59999999999924,,,,,0.0,0.0
88.62385499999925,0.0,,,,,
88.62529999999923,,,0.0,,,
88.67979999999923,,0.0,,,,
88.68599999999923,,,,0.0,,
88.69999999999924,,,,,0.0,0.0
88.72385499999925,0.0,,,,,
88.72529999999922,,,0.0,,,
88.77979999999923,,0.0,,,,
88.78599999999922,,,,0.0,,
88.79999999999923,,,,,0.0,0.0
88.82385499999924,0.0,,,,,
88.82529999999922,,,0.0,,,
88.87979999999922,,0.0,,,,
88.88599999999921,,,,0.0,,
88.89999999999922,,,,,0.0,0.0
88.92385499999924,0.0,,,,,
88.92529999999921,,,0.0,,,
88.97979999999922,,0.0,,,,
88.98599999999921,,,,0.0,,
88.99999999999922,,,,,0.0,0.0
89.02385499999923,0.0,,,,,
89.0252999999992,,,0.0,,,
89.07979999999921,,0.0,,,,
89.0859999999992,,,,0.0,,
89.09999999999921,,,,,0.0,0.0
89.12385499999922,0.0,,,,,
89.1252999999992,,,0.0,,,
89.1797999999992,,0.0,,,,
89.1859999999992,,,,0.0,,
89.1999999999992,,,,,0.0,0.0
89.22385499999922,0.0,,,,,
89.2252999999992,,,0.0,,,
89.2797999999992,,0.0,,,,
89.28599999999919,,,,0.0,,
89.2999999999992,,,,,0.0,0.0
89.32385499999921,0.0,,,,,
89.32529999999919,,,0.0,,,
89.3797999999992,,0.0,,,,
89.38599999999919,,,,0.0,,
89.3999999999992,,,,,0.0,0.0
89.42385499999921,0.0,,,,,
89.42529999999918,,,0.0,,,
89.47979999999919,,0.0,,,,
89.48599999999918,,,,0.0,,
89.49999999999919,,,,,0.0,0.0
89.5238549999992,0.0,,,,,
89.52529999999918,,,0.0,,,
89.57979999999918,,0.0,,,,
89.58599999999917,,,,0.0,,
89.59999999999918,,,,,0.0,0.0
89.6238549999992,0.0,,,,,
89.62529999999917,,,0.0,,,
89.67979999999918,,0.0,,,,
89.68599999999917,,,,0.0,,
89.69999999999918,,,,,0.0,0.0
89.72385499999919,0.0,,,,,
89.72529999999917,,,0.0,,,
89.77979999999917,,0.0,,,,
89.78599999999916,,,,0.0,,
89.79999999999917,,,,,0.0,0.0
89.82385499999918,0.0,,,,,
89.82529999999916,,,0.0,,,
89.87979999999916,,0.0,,,,
89.88599999999916,,,,0.0,,
89.89999999999917,,,,,0.0,0.0
89.92385499999918,0.0,,,,,
89.92529999999915,,,0.0,,,
89.97979999999916,,0.0,,,,
89.98599999999915,,,,0.0,,
89.99999999999916,,,,,0.0,0.0
90.02385499999917,0.0,,,,,
90.02529999999915,,,0.0,,,
90.07979999999915,,0.0,,,,
90.08599999999915,,,,0.0,,
90.09999999999916,,,,,0.0,0.0
90.12385499999917,0.0,,,,,
90.12529999999914,,,0.0,,,
90.17979999999915,,0.0,,,,
90.18599999999914,,,,0.0,,
90.19999999999915,,,,,0.0,0.0
90.22385499999916,0.0,,,,,
90.22529999999914,,,0.0,,,
90.27979999999914,,0.0,,,,
90.28599999999913,,,,0.0,,
90.29999999999914,,,,,0.0,0.0
90.32385499999916,0.0,,,,,
90.32529999999913,,,0.0,,,
90.37979999999914,,0.0,,,,
90.38599999999913,,,,0.0,,
90.39999999999914,,,,,0.0,0.0
90.42385499999915,0.0,,,,,
90.42529999999913,,,0.0,,,
90.47979999999913,,0.0,,,,
90.48599999999912,,,,0.0,,
90.49999999999913,,,,,0.0,0.0
90.52385499999914,0.0,,,,,
90.52529999999912,,,0.0,,,
90.57979999999912,,0.0,,,,
90.58599999999912,,,,0.0,,
90.59999999999913,,,,,0.0,0.0
90.62385499999914,0.0,,,,,
90.62529999999911,,,0.0,,,
90.67979999999912,,0.0,,,,
90.68599999999911,,,,0.0,,
90.69999999999912,,,,,0.0,0.0
90.72385499999913,0.0,,,,,
90.72529999999911,,,0.0,,,
90.77979999999911,,0.0,,,,
90.7859999999991,,,,0.0,,
90.79999999999912,,,,,0.0,0.0
90.82385499999913,0.0,,,,,
90.8252999999991,,,0.0,,,
90.87979999999911,,0.0,,,,
90.8859999999991,,,,0.0,,
90.89999999999911,,,,,0.0,0.0
90.92385499999912,0.0,,,,,
90.9252999999991,,,0.0,,,
90.9797999999991,,0.0,,,,
90.9859999999991,,,,0.0,,
90.9999999999991,,,,,0.0,0.0
91.02385499999912,0.0,,,,,
91.02529999999909,,,0.0,,,
91.0797999999991,,0.0,,,,
91.08599999999909,,,,0.0,,
91.0999999999991,,,,,0.0,0.0
91.12385499999911,0.0,,,,,
91.12529999999909,,,0.0,,,
91.17979999999909,,0.0,,,,
91.18599999999908,,,,0.0,,
91.1999999999991,,,,,0.0,0.0
91.2238549999991,0.0,,,,,
91.22529999999908,,,0.0,,,
91.27979999999909,,0.0,,,,
91.28599999999908,,,,0.0,,
91.29999999999909,,,,,0.0,0.0
91.3238549999991,0.0,,,,,
91.32529999999907,,,0.0,,,
91.37979999999908,,0.0,,,,
91.38599999999907,,,,0.0,,
91.39999999999908,,,,,0.0,0.0
91.4238549999991,0.0,,,,,
91.42529999999907,,,0.0,,,
91.47979999999907,,0.0,,,,
91.48599999999907,,,,0.0,,
91.49999999999908,,,,,0.0,0.0
91.52385499999909,0.0,,,,,
91.52529999999906,,,0.0,,,
91.57979999999907,,0.0,,,,
91.58599999999906,,,,0.0,,
91.59999999999907,,,,,0.0,0.0
91.62385499999908,0.0,,,,,
91.62529999999906,,,0.0,,,
91.67979999999906,,0.0,,,,
91.68599999999905,,,,0.0,,
91.69999999999906,,,,,0.0,0.0
91.72385499999908,0.0,,,,,
91.72529999999905,,,0.0,,,
91.77979999999906,,0.0,,,,
91.78599999999905,,,,0.0,,
91.79999999999906,,,,,0.0,0.0
91.82385499999907,0.0,,,,,
91.82529999999905,,,0.0,,,
91.87979999999905,,0.0,,,,
91.88599999999904,,,,0.0,,
91.89999999999905,,,,,0.0,0.0
91.92385499999907,0.0,,,,,
91.92529999999904,,,0.0,,,
91.97979999999905,,0.0,,,,
91.98599999999904,,,,0.0,,
91.99999999999905,,,,,0.0,0.0
92.02385499999906,0.0,,,,,
92.02529999999904,,,0.0,,,
92.07979999999904,,0.0,,,,
92.08599999999903,,,,0.0,,
92.09999999999904,,,,,0.0,0.0
92.12385499999905,0.0,,,,,
92.12529999999903,,,0.0,,,
92.17979999999903,,0.0,,,,
92.18599999999903,,,,0.0,,
92.19999999999904,,,,,0.0,0.0
92.22385499999905,0.0,,,,,
92.22529999999902,,,0.0,,,
92.27979999999903,,0.0,,,,
92.28599999999902,,,,0.0,,
92.29999999999903,,,,,0.0,0.0
92.32385499999904,0.0,,,,,
92.32529999999902,,,0.0,,,
92.37979999999902,,0.0,,,,
92.38599999999902,,,,0.0,,
92.39999999999903,,,,,0.0,0.0
92.42385499999904,0.0,,,,,
92.42529999999901,,,0.0,,,
92.47979999999902,,0.0,,,,
92.48599999999901,,,,0.0,,
92.49999999999902,,,,,0.0,0.0
92.52385499999903,0.0,,,,,
92.525299999999,,,0.0,,,
92.57979999999901,,0.0,,,,
92.585999999999,,,,0.0,,
92.59999999999901,,,,,0.0,0.0
92.62385499999903,0.0,,,,,
92.625299999999,,,0.0,,,
92.679799999999,,0.0,,,,
92.685999999999,,,,0.0,,
92.69999999999901,,,,,0.0,0.0
92.72385499999902,0.0,,,,,
92.725299999999,,,0.0,,,
92.779799999999,,0.0,,,,
92.78599999999899,,,,0.0,,
92.799999999999,,,,,0.0,0.0
92.82385499999901,0.0,,,,,
92.82529999999899,,,0.0,,,
92.879799999999,,0.0,,,,
92.88599999999899,,,,0.0,,
92.899999999999,,,,,0.0,0.0
92.92385499999901,0.0,,,,,
92.92529999999898,,,0.0,,,
92.97979999999899,,0.0,,,,
92.98599999999898,,,,0.0,,
92.99999999999899,,,,,0.0,0.0
93.023854999999,0.0,,,,,
93.02529999999898,,,0.0,,,
93.07979999999898,,0.0,,,,
93.08599999999898,,,,0.0,,
93.09999999999899,,,,,0.0,0.0
93.123854999999,0.0,,,,,
93.12529999999897,,,0.0,,,
93.17979999999898,,0.0,,,,
93.18599999999897,,,,0.0,,
93.19999999999898,,,,,0.0,0.0
93.22385499999899,0.0,,,,,
93.22529999999897,,,0.0,,,
93.27979999999897,,0.0,,,,
93.28599999999896,,,,0.0,,
93.29999999999897,,,,,0.0,0.0
93.32385499999899,0.0,,,,,
93.32529999999896,,,0.0,,,
93.37979999999897,,0.0,,,,
93.38599999999896,,,,0.0,,
93.39999999999897,,,,,0.0,0.0
93.42385499999898,0.0,,,,,
93.42529999999896,,,0.0,,,
93.47979999999896,,0.0,,,,
93.48599999999895,,,,0.0,,
93.49999999999896,,,,,0.0,0.0
93.52385499999897,0.0,,,,,
93.52529999999895,,,0.0,,,
93.57979999999895,,0.0,,,,
93.58599999999895,,,,0.0,,
93.59999999999896,,,,,0.0,0.0
93.62385499999897,0.0,,,,,
93.62529999999894,,,0.0,,,
93.67979999999895,,0.0,,,,
93.68599999999894,,,,0.0,,
93.69999999999895,,,,,0.0,0.0
93.72385499999896,0.0,,,,,
93.72529999999894,,,0.0,,,
93.77979999999894,,0.0,,,,
93.78599999999894,,,,0.0,,
93.79999999999895,,,,,0.0,0.0
93.82385499999896,0.0,,,,,
93.82529999999893,,,0.0,,,
93.87979999999894,,0.0,,,,
93.88599999999893,,,,0.0,,
93.89999999999894,,,,,0.0,0.0
93.92385499999895,0.0,,,,,
93.92529999999893,,,0.0,,,
93.97979999999893,,0.0,,,,
93.98599999999892,,,,0.0,,
93.99999999999893,,,,,0.0,0.0
94.02385499999895,0.0,,,,,
94.02529999999892,,,0.0,,,
94.07979999999893,,0.0,,,,
94.08599999999892,,,,0.0,,
94.09999999999893,,,,,0.0,0.0
94.12385499999894,0.0,,,,,
94.12529999999892,,,0.0,,,
94.17979999999892,,0.0,,,,
94.18599999999891,,,,0.0,,
94.19999999999892,,,,,0.0,0.0
94.22385499999893,0.0,,,,,
94.22529999999891,,,0.0,,,
94.27979999999891,,0.0,,,,
94.28599999999891,,,,0.0,,
94.29999999999892,,,,,0.0,0.0
94.32385499999893,0.0,,,,,
94.3252999999989,,,0.0,,,
94.37979999999891,,0.0,,,,
94.3859999999989,,,,0.0,,
94.39999999999891,,,,,0.0,0.0
94.42385499999892,0.0,,,,,
94.4252999999989,,,0.0,,,
94.4797999999989,,0.0,,,,
94.4859999999989,,,,0.0,,
94.4999999999989,,,,,0.0,0.0
94.52385499999892,0.0,,,,,
94.5252999999989,,,0.0,,,
94.5797999999989,,0.0,,,,
94.58599999999889,,,,0.0,,
94.5999999999989,,,,,0.0,0.0
94.62385499999891,0.0,,,,,
94.62529999999889,,,0.0,,,
94.67979999999889,,0.0,,,,
94.68599999999888,,,,0.0,,
94.6999999999989,,,,,0.0,0.0
94.7238549999989,0.0,,,,,
94.72529999999888,,,0.0,,,
94.77979999999889,,0.0,,,,
94.78599999999888,,,,0.0,,
94.79999999999889,,,,,0.0,0.0
94.8238549999989,0.0,,,,,
94.82529999999888,,,0.0,,,
94.87979999999888,,0.0,,,,
94.88599999999887,,,,0.0,,
94.89999999999888,,,,,0.0,0.0
94.9238549999989,0.0,,,,,
94.92529999999887,,,0.0,,,
94.97979999999887,,0.0,,,,
94.98599999999887,,,,0.0,,
94.99999999999888,,,,,0.0,0.0
95.02385499999889,0.0,,,,,
95.02529999999886,,,0.0,,,
95.07979999999887,,0.0,,,,
95.08599999999886,,,,0.0,,
95.09999999999887,,,,,0.0,0.0
95.12385499999888,0.0,,,,,
95.12529999999886,,,0.0,,,
95.17979999999886,,0.0,,,,
95.18599999999886,,,,0.0,,
95.19999999999887,,,,,0.0,0.0
95.22385499999888,0.0,,,,,
95.22529999999885,,,0.0,,,
95.27979999999886,,0.0,,,,
95.28599999999885,,,,0.0,,
95.29999999999886,,,,,0.0,0.0
95.32385499999887,0.0,,,,,
95.32529999999885,,,0.0,,,
95.37979999999885,,0.0,,,,
95.38599999999884,,,,0.0,,
95.39999999999885,,,,,0.0,0.0
95.42385499999887,0.0,,,,,
95.42529999999884,,,0.0,,,
95.47979999999885,,0.0,,,,
95.48599999999884,,,,0.0,,
95.49999999999885,,,,,0.0,0.0
95.52385499999886,0.0,,,,,
95.52529999999884,,,0.0,,,
95.57979999999884,,0.0,,,,
95.58599999999883,,,,0.0,,
95.59999999999884,,,,,0.0,0.0
95.62385499999885,0.0,,,,,
95.62529999999883,,,0.0,,,
95.67979999999883,,0.0,,,,
95.68599999999883,,,,0.0,,
95.69999999999884,,,,,0.0,0.0
95.72385499999885,0.0,,,,,
95.72529999999882,,,0.0,,,
95.77979999999883,,0.0,,,,
95.78599999999882,,,,0.0,,
95.79999999999883,,,,,0.0,0.0
95.82385499999884,0.0,,,,,
95.82529999999882,,,0.0,,,
95.87979999999882,,0.0,,,,
95.88599999999882,,,,0.0,,
95.89999999999883,,,,,0.0,0.0
95.92385499999884,0.0,,,,,
95.92529999999881,,,0.0,,,
95.97979999999882,,0.0,,,,
95.98599999999881,,,,0.0,,
95.99999999999882,,,,,0.0,0.0
96.02385499999883,0.0,,,,,
96.02529999999881,,,0.0,,,
96.07979999999881,,0.0,,,,
96.0859999999988,,,,0.0,,
96.09999999999881,,,,,0.0,0.0
96.12385499999883,0.0,,,,,
96.1252999999988,,,0.0,,,
96.1797999999988,,0.0,,,,
96.1859999999988,,,,0.0,,
96.19999999999881,,,,,0.0,0.0
96.22385499999882,0.0,,,,,
96.2252999999988,,,0.0,,,
96.2797999999988,,0.0,,,,
96.2859999999988,,,,0.0,,
96.2999999999988,,,,,0.0,0.0
96.32385499999882,0.0,,,,,
96.32529999999879,,,0.0,,,
96.3797999999988,,0.0,,,,
96.38599999999879,,,,0.0,,
96.3999999999988,,,,,0.0,0.0
96.42385499999881,0.0,,,,,
96.42529999999878,,,0.0,,,
96.47979999999879,,0.0,,,,
96.48599999999878,,,,0.0,,
96.49999999999879,,,,,0.0,0.0
96.5238549999988,0.0,,,,,
96.52529999999878,,,0.0,,,
96.57979999999878,,0.0,,,,
96.58599999999878,,,,0.0,,
96.59999999999879,,,,,0.0,0.0
96.6238549999988,0.0,,,,,
96.62529999999877,,,0.0,,,
96.67979999999878,,0.0,,,,
96.68599999999877,,,,0.0,,
96.69999999999878,,,,,0.0,0.0
96.72385499999879,0.0,,,,,
96.72529999999877,,,0.0,,,
96.77979999999877,,0.0,,,,
96.78599999999877,,,,0.0,,
96.79999999999878,,,,,0.0,0.0
96.82385499999879,0.0,,,,,
96.82529999999876,,,0.0,,,
96.87979999999877,,0.0,,,,
96.88599999999876,,,,0.0,,
96.89999999999877,,,,,0.0,0.0
96.92385499999878,0.0,,,,,
96.92529999999876,,,0.0,,,
96.97979999999876,,0.0,,,,
96.98599999999875,,,,0.0,,
96.99999999999876,,,,,0.0,0.0
97.02385499999878,0.0,,,,,
97.02529999999875,,,0.0,,,
97.07979999999876,,0.0,,,,
97.08599999999875,,,,0.0,,
97.09999999999876,,,,,0.0,0.0
97.12385499999877,0.0,,,,,
97.12529999999875,,,0.0,,,
97.17979999999875,,0.0,,,,
97.18599999999874,,,,0.0,,
97.19999999999875,,,,,0.0,0.0
97.22385499999876,0.0,,,,,
97.22529999999874,,,0.0,,,
97.27979999999874,,0.0,,,,
97.28599999999874,,,,0.0,,
97.29999999999875,,,,,0.0,0.0
97.32385499999876,0.0,,,,,
97.32529999999873,,,0.0,,,
97.37979999999874,,0.0,,,,
97.38599999999873,,,,0.0,,
97.39999999999874,,,,,0.0,0.0
97.42385499999875,0.0,,,,,
97.42529999999873,,,0.0,,,
97.47979999999873,,0.0,,,,
97.48599999999873,,,,0.0,,
97.49999999999874,,,,,0.0,0.0
97.52385499999875,0.0,,,,,
97.52529999999872,,,0.0,,,
97.57979999999873,,0.0,,,,
97.58599999999872,,,,0.0,,
97.59999999999873,,,,,0.0,0.0
97.62385499999874,0.0,,,,,
97.62529999999872,,,0.0,,,
97.67979999999872,,0.0,,,,
97.68599999999871,,,,0.0,,
97.69999999999872,,,,,0.0,0.0
97.72385499999874,0.0,,,,,
97.72529999999871,,,0.0,,,
97.77979999999872,,0.0,,,,
97.78599999999871,,,,0.0,,
97.79999999999872,,,,,0.0,0.0
97.82385499999873,0.0,,,,,
97.8252999999987,,,0.0,,,
97.87979999999871,,0.0,,,,
97.8859999999987,,,,0.0,,
97.89999999999871,,,,,0.0,0.0
97.92385499999872,0.0,,,,,
97.9252999999987,,,0.0,,,
97.9797999999987,,0.0,,,,
97.9859999999987,,,,0.0,,
97.9999999999987,,,,,0.0,0.0
98.02385499999872,0.0,,,,,
98.0252999999987,,,0.0,,,
98.0797999999987,,0.0,,,,
98.08599999999869,,,,0.0,,
98.0999999999987,,,,,0.0,0.0
98.12385499999871,0.0,,,,,
98.12529999999869,,,0.0,,,
98.17979999999869,,0.0,,,,
98.18599999999869,,,,0.0,,
98.1999999999987,,,,,0.0,0.0
98.22385499999871,0.0,,,,,
98.22529999999868,,,0.0,,,
98.27979999999869,,0.0,,,,
98.28599999999868,,,,0.0,,
98.29999999999869,,,,,0.0,0.0
98.3238549999987,0.0,,,,,
98.32529999999868,,,0.0,,,
98.37979999999868,,0.0,,,,
98.38599999999867,,,,0.0,,
98.39999999999868,,,,,0.0,0.0
98.4238549999987,0.0,,,,,
98.42529999999867,,,0.0,,,
98.47979999999868,,0.0,,,,
98.48599999999867,,,,0.0,,
98.49999999999868,,,,,0.0,0.0
98.52385499999869,0.0,,,,,
98.52529999999867,,,0.0,,,
98.57979999999867,,0.0,,,,
98.58599999999866,,,,0.0,,
98.59999999999867,,,,,0.0,0.0
98.62385499999868,0.0,,,,,
98.62529999999866,,,0.0,,,
98.67979999999866,,0.0,,,,
98.68599999999866,,,,0.0,,
98.69999999999867,,,,,0.0,0.0
98.72385499999868,0.0,,,,,
98.72529999999865,,,0.0,,,
98.77979999999866,,0.0,,,,
98.78599999999865,,,,0.0,,
98.79999999999866,,,,,0.0,0.0
98.82385499999867,0.0,,,,,
98.82529999999865,,,0.0,,,
98.87979999999865,,0.0,,,,
98.88599999999865,,,,0.0,,
98.89999999999866,,,,,0.0,0.0
98.92385499999867,0.0,,,,,
98.92529999999864,,,0.0,,,
98.97979999999865,,0.0,,,,
98.98599999999864,,,,0.0,,
98.99999999999865,,,,,0.0,0.0
99.02385499999866,0.0,,,,,
99.02529999999864,,,0.0,,,
99.07979999999864,,0.0,,,,
99.08599999999863,,,,0.0,,
99.09999999999864,,,,,0.0,0.0
99.12385499999866,0.0,,,,,
99.12529999999863,,,0.0,,,
99.17979999999864,,0.0,,,,
99.18599999999863,,,,0.0,,
99.19999999999864,,,,,0.0,0.0
99.22385499999865,0.0,,,,,
99.22529999999863,,,0.0,,,
99.27979999999863,,0.0,,,,
99.28599999999862,,,,0.0,,
99.29999999999863,,,,,0.0,0.0
99.32385499999864,0.0,,,,,
99.32529999999862,,,0.0,,,
99.37979999999862,,0.0,,,,
99.38599999999862,,,,0.0,,
99.39999999999863,,,,,0.0,0.0
99.42385499999864,0.0,,,,,
99.42529999999861,,,0.0,,,
99.47979999999862,,0.0,,,,
99.48599999999861,,,,0.0,,
99.49999999999862,,,,,0.0,0.0
99.52385499999863,0.0,,,,,
99.52529999999861,,,0.0,,,
99.57979999999861,,0.0,,,,
99.5859999999986,,,,0.0,,
99.59999999999862,,,,,0.0,0.0
99.62385499999863,0.0,,,,,
99.6252999999986,,,0.0,,,
99.67979999999861,,0.0,,,,
99.6859999999986,,,,0.0,,
99.69999999999861,,,,,0.0,0.0
99.72385499999862,0.0,,,,,
99.7252999999986,,,0.0,,,
99.7797999999986,,0.0,,,,
99.7859999999986,,,,0.0,,
99.7999999999986,,,,,0.0,0.0
99.82385499999862,0.0,,,,,
99.82529999999859,,,0.0,,,
99.8797999999986,,0.0,,,,
99.88599999999859,,,,0.0,,
99.8999999999986,,,,,0.0,0.0
99.92385499999861,0.0,,,,,
99.92529999999859,,,0.0,,,
99.97979999999859,,0.0,,,,
99.98599999999858,,,,0.0,,
99.9999999999986,,,,,0.0,0.0
