time,Router_7_load
0.0,0
0.1,0
0.10013000000000001,1
0.2,1
0.2,0
0.2,0
0.30000000000000004,0
0.4,0
0.5,0
0.6,0
0.7,0
0.7999999999999999,0
0.8999999999999999,0
0.9999999999999999,0
1.0999999999999999,0
1.10016,1
1.2,1
1.2,0
1.2,0
1.3,0
1.4000000000000001,0
1.5000000000000002,0
1.6000000000000003,0
1.7000000000000004,0
1.8000000000000005,0
1.9000000000000006,0
2.0000000000000004,0
2.1000000000000005,0
2.2000000000000006,0
2.3000000000000007,0
2.400000000000001,0
2.500000000000001,0
2.600000000000001,0
2.700000000000001,0
2.800000000000001,0
2.9000000000000012,0
3.0000000000000013,0
3.1000000000000014,0
3.10019,1
3.2000000000000015,1
3.2000000000000015,0
3.2000000000000015,0
3.3000000000000016,0
3.4000000000000017,0
3.5000000000000018,0
3.600000000000002,0
3.700000000000002,0
3.800000000000002,0
3.900000000000002,0
4.000000000000002,0
4.100000000000001,0
4.200000000000001,0
4.300000000000001,0
4.4,0
4.5,0
4.6,0
4.699999999999999,0
4.799999999999999,0
4.899999999999999,0
4.999999999999998,0
5.099999999999998,0
5.100129999999997,1
5.1999999999999975,1
5.1999999999999975,0
5.1999999999999975,0
5.299999999999997,0
5.399999999999997,0
5.4999999999999964,0
5.599999999999996,0
5.699999999999996,0
5.799999999999995,0
5.899999999999995,0
5.999999999999995,0
6.099999999999994,0
6.100159999999997,1
6.199999999999994,1
6.199999999999994,0
6.199999999999994,0
6.299999999999994,0
6.399999999999993,0
6.499999999999993,0
6.500259999999992,1
6.5999999999999925,1
6.5999999999999925,0
6.5999999999999925,0
6.699999999999992,0
6.799999999999992,0
6.8999999999999915,0
6.999999999999991,0
7.099999999999991,0
7.100219999999999,1
7.19999999999999,1
7.19999999999999,0
7.19999999999999,0
7.29999999999999,0
7.39999999999999,0
7.499999999999989,0
7.500289999999992,1
7.599999999999989,1
7.599999999999989,0
7.599999999999989,0
7.699999999999989,0
7.799999999999988,0
7.899999999999988,0
7.999999999999988,0
8.099999999999987,0
8.100189999999998,1
8.199999999999987,1
8.199999999999987,0
8.199999999999987,0
8.299999999999986,0
8.399999999999986,0
8.499999999999986,0
8.500259999999987,1
8.500389999999987,2
8.599999999999985,2
8.599999999999985,1
8.599999999999985,1
8.599999999999985,0
8.599999999999985,0
8.699999999999985,0
8.799999999999985,0
8.899999999999984,0
8.999999999999984,0
9.099999999999984,0
9.100129999999984,1
9.199999999999983,1
9.199999999999983,0
9.199999999999983,0
9.299999999999983,0
9.399999999999983,0
9.499999999999982,0
9.500289999999987,1
9.500319999999993,2
9.500419999999988,3
9.599999999999982,3
9.599999999999982,2
9.599999999999982,2
9.599999999999982,1
9.599999999999982,1
9.599999999999982,0
9.599999999999982,0
9.699999999999982,0
9.799999999999981,0
9.89999999999998,0
9.99999999999998,0
10.000259999999981,1
10.09999999999998,1
10.09999999999998,0
10.09999999999998,0
10.100159999999985,1
10.19999999999998,1
10.19999999999998,0
10.19999999999998,0
10.29999999999998,0
10.399999999999979,0
10.499999999999979,0
10.500389999999978,1
10.599999999999978,1
10.599999999999978,0
10.599999999999978,0
10.699999999999978,0
10.799999999999978,0
10.899999999999977,0
10.999999999999977,0
11.000289999999982,1
11.000389999999978,2
11.099999999999977,2
11.099999999999977,1
11.099999999999977,1
11.099999999999977,0
11.099999999999977,0
11.199999999999976,0
11.299999999999976,0
11.399999999999975,0
11.499999999999975,0
11.500319999999988,1
11.500419999999979,2
11.500449999999988,3
11.599999999999975,3
11.599999999999975,2
11.599999999999975,2
11.599999999999975,1
11.599999999999975,1
11.599999999999975,0
11.599999999999975,0
11.699999999999974,0
11.799999999999974,0
11.899999999999974,0
11.999999999999973,0
12.000419999999979,1
12.099999999999973,1
12.099999999999973,0
12.099999999999973,0
12.100189999999985,1
12.100219999999998,2
12.199999999999973,2
12.199999999999973,1
12.199999999999973,1
12.199999999999973,0
12.199999999999973,0
12.299999999999972,0
12.399999999999972,0
12.499999999999972,0
12.599999999999971,0
12.69999999999997,0
12.79999999999997,0
12.89999999999997,0
12.99999999999997,0
13.000319999999983,1
13.09999999999997,1
13.09999999999997,0
13.09999999999997,0
13.199999999999969,0
13.299999999999969,0
13.399999999999968,0
13.499999999999968,0
13.500349999999994,1
13.50044999999998,2
13.599999999999968,2
13.599999999999968,1
13.599999999999968,1
13.599999999999968,0
13.599999999999968,0
13.699999999999967,0
13.799999999999967,0
13.899999999999967,0
13.999999999999966,0
14.00044999999998,1
14.099999999999966,1
14.099999999999966,0
14.099999999999966,0
14.199999999999966,0
14.299999999999965,0
14.399999999999965,0
14.499999999999964,0
14.599999999999964,0
14.699999999999964,0
14.799999999999963,0
14.899999999999963,0
14.999999999999963,0
15.099999999999962,0
15.10025,1
15.199999999999962,1
15.199999999999962,0
15.199999999999962,0
15.299999999999962,0
15.399999999999961,0
15.499999999999961,0
15.500349999999989,1
15.500479999999989,2
15.59999999999996,2
15.59999999999996,1
15.59999999999996,1
15.59999999999996,0
15.59999999999996,0
15.61077499999999,1
15.69999999999996,1
15.69999999999996,0
15.69999999999996,0
15.71398999999996,1
15.71398999999996,1
15.71398999999996,0
15.71398999999996,0
15.72406499999996,0
15.821474999999994,0
15.82406499999996,0
15.831504999999995,1
15.831534999999995,2
15.92406499999996,2
15.92406499999996,1
15.92406499999996,1
15.93413999999996,1
15.93413999999996,0
15.93413999999996,0
15.94421499999996,0
16.041549999999997,0
16.044214999999962,0
16.051579999999998,1
16.051609999999997,2
16.051624999999998,2
16.061655,3
16.061684999999997,4
16.100219999999982,5
16.144214999999964,5
16.144214999999964,4
16.144214999999964,4
16.154289999999964,4
16.154289999999964,3
16.154289999999964,3
16.164364999999965,3
16.164364999999965,2
16.164364999999965,2
16.174439999999965,2
16.174439999999965,1
16.174439999999965,1
16.184514999999966,1
16.184514999999966,0
16.184514999999966,0
16.2617,0
16.27173,1
16.27176,2
16.271775,2
16.281805000000002,3
16.281835,4
16.281850000000002,4
16.284514999999967,4
16.284514999999967,3
16.284514999999967,3
16.291880000000003,4
16.29191,5
16.291925000000003,5
16.294589999999967,5
16.294589999999967,4
16.294589999999967,4
16.301955000000003,5
16.301985000000002,6
16.304664999999968,6
16.304664999999968,5
16.304664999999968,5
16.31473999999997,5
16.31473999999997,4
16.31473999999997,4
16.32481499999997,4
16.32481499999997,3
16.32481499999997,3
16.33488999999997,3
16.33488999999997,2
16.33488999999997,2
16.34496499999997,2
16.34496499999997,1
16.34496499999997,1
16.35503999999997,1
16.35503999999997,0
16.35503999999997,0
16.36511499999997,0
16.402000000000005,0
16.412030000000005,1
16.412060000000004,2
16.412075000000005,2
16.422105000000006,3
16.422135000000004,4
16.422150000000006,4
16.432180000000006,5
16.432210000000005,6
16.432225000000006,6
16.442255000000007,7
16.442285000000005,8
16.442300000000007,8
16.452330000000007,9
16.452360000000006,10
16.452375000000007,10
16.462405000000008,11
16.462435000000006,12
16.462450000000008,12
16.465114999999972,12
16.465114999999972,11
16.465114999999972,11
16.472480000000008,12
16.472510000000007,13
16.472525000000008,13
16.475189999999973,13
16.475189999999973,12
16.475189999999973,12
16.48255500000001,13
16.482585000000007,14
16.485264999999973,14
16.485264999999973,13
16.485264999999973,13
16.495339999999974,13
16.495339999999974,12
16.495339999999974,12
16.505414999999974,12
16.505414999999974,11
16.505414999999974,11
16.515489999999975,11
16.515489999999975,10
16.515489999999975,10
16.525564999999975,10
16.525564999999975,9
16.525564999999975,9
16.535639999999976,9
16.535639999999976,8
16.535639999999976,8
16.545714999999976,8
16.545714999999976,7
16.545714999999976,7
16.555789999999977,7
16.555789999999977,6
16.555789999999977,6
16.565864999999977,6
16.565864999999977,5
16.565864999999977,5
16.575939999999978,5
16.575939999999978,4
16.575939999999978,4
16.58260000000001,4
16.58601499999998,4
16.58601499999998,3
16.58601499999998,3
16.59263000000001,4
16.59266000000001,5
16.59267500000001,5
16.59608999999998,5
16.59608999999998,4
16.59608999999998,4
16.60270500000001,5
16.60273500000001,6
16.60275000000001,6
16.60616499999998,6
16.60616499999998,5
16.60616499999998,5
16.61278000000001,6
16.61281000000001,7
16.61282500000001,7
16.61623999999998,7
16.61623999999998,6
16.61623999999998,6
16.622855000000012,7
16.62288500000001,8
16.622900000000012,8
16.62631499999998,8
16.62631499999998,7
16.62631499999998,7
16.632930000000012,8
16.63296000000001,9
16.632975000000012,9
16.63638999999998,9
16.63638999999998,8
16.63638999999998,8
16.643005000000013,9
16.643035000000012,10
16.643050000000013,10
16.64646499999998,10
16.64646499999998,9
16.64646499999998,9
16.653080000000013,10
16.653110000000012,11
16.653125000000014,11
16.656539999999982,11
16.656539999999982,10
16.656539999999982,10
16.663155000000014,11
16.663185000000013,12
16.663200000000014,12
16.666614999999982,12
16.666614999999982,11
16.666614999999982,11
16.673230000000014,12
16.673260000000013,13
16.673275000000015,13
16.676689999999983,13
16.676689999999983,12
16.676689999999983,12
16.683305000000015,13
16.683335000000014,14
16.683350000000015,14
16.686764999999983,14
16.686764999999983,13
16.686764999999983,13
16.693380000000015,14
16.693410000000014,15
16.693425000000016,15
16.696839999999984,15
16.696839999999984,14
16.696839999999984,14
16.703455000000016,15
16.703485000000015,16
16.703500000000016,16
16.706914999999984,16
16.706914999999984,15
16.706914999999984,15
16.713530000000016,16
16.713560000000015,17
16.713575000000017,17
16.716989999999985,17
16.716989999999985,16
16.716989999999985,16
16.723605000000017,17
16.723635000000016,18
16.723650000000017,18
16.727064999999985,18
16.727064999999985,17
16.727064999999985,17
16.733680000000017,18
16.733710000000016,19
16.733725000000018,19
16.737139999999986,19
16.737139999999986,18
16.737139999999986,18
16.743755000000018,19
16.743785000000017,20
16.743800000000018,20
16.747214999999986,20
16.747214999999986,19
16.747214999999986,19
16.75383000000002,20
16.753860000000017,21
16.75387500000002,21
16.757289999999987,21
16.757289999999987,20
16.757289999999987,20
16.76390500000002,21
16.76395000000002,21
16.767364999999987,21
16.767364999999987,20
16.767364999999987,20
16.77402500000002,20
16.777439999999988,20
16.777439999999988,19
16.777439999999988,19
16.78410000000002,19
16.78751499999999,19
16.78751499999999,18
16.78751499999999,18
16.79417500000002,18
16.79758999999999,18
16.79758999999999,17
16.79758999999999,17
16.80425000000002,17
16.80766499999999,17
16.80766499999999,16
16.80766499999999,16
16.81432500000002,16
16.81773999999999,16
16.81773999999999,15
16.81773999999999,15
16.824400000000022,15
16.82781499999999,15
16.82781499999999,14
16.82781499999999,14
16.834475000000023,14
16.83788999999999,14
16.83788999999999,13
16.83788999999999,13
16.844550000000023,13
16.84796499999999,13
16.84796499999999,12
16.84796499999999,12
16.854625000000024,12
16.858039999999992,12
16.858039999999992,11
16.858039999999992,11
16.864700000000024,11
16.868114999999992,11
16.868114999999992,10
16.868114999999992,10
16.874775000000025,10
16.878189999999993,10
16.878189999999993,9
16.878189999999993,9
16.884850000000025,9
16.888264999999993,9
16.888264999999993,8
16.888264999999993,8
16.894925000000026,8
16.898339999999994,8
16.898339999999994,7
16.898339999999994,7
16.905000000000026,7
16.908414999999994,7
16.908414999999994,6
16.908414999999994,6
16.915075000000027,6
16.918489999999995,6
16.918489999999995,5
16.918489999999995,5
16.925150000000027,5
16.928564999999995,5
16.928564999999995,4
16.928564999999995,4
16.935225000000028,4
16.938639999999996,4
16.938639999999996,3
16.938639999999996,3
16.945300000000028,3
16.948714999999996,3
16.948714999999996,2
16.948714999999996,2
16.95537500000003,2
16.958789999999997,2
16.958789999999997,1
16.958789999999997,1
16.96545000000003,1
16.968864999999997,1
16.968864999999997,0
16.968864999999997,0
16.97552500000003,0
16.978939999999998,0
16.98560000000003,0
16.99567500000003,0
17.00034999999998,1
17.00575000000003,1
17.01582500000003,1
17.025900000000032,1
17.035975000000033,1
17.046050000000033,1
17.056125000000034,1
17.066200000000034,1
17.076275000000035,1
17.07894,1
17.07894,0
17.07894,0
17.086350000000035,0
17.096350000000037,1
17.17894,1
17.17894,0
17.17894,0
17.188940000000002,0
17.288940000000004,0
17.388940000000005,0
17.488940000000007,0
17.50047999999998,1
17.588940000000008,1
17.588940000000008,0
17.588940000000008,0
17.604730000000018,1
17.68894000000001,1
17.68894000000001,0
17.68894000000001,0
17.70417000000001,1
17.70417000000001,1
17.70417000000001,0
17.70417000000001,0
17.71424500000001,0
17.81424500000001,0
17.824805000000023,0
17.834835000000023,1
17.834865000000022,2
17.91424500000001,2
17.91424500000001,1
17.91424500000001,1
17.924320000000012,1
17.924320000000012,0
17.924320000000012,0
17.934395000000013,0
18.00047999999998,1
18.034395000000014,1
18.034395000000014,0
18.034395000000014,0
18.034880000000026,0
18.044910000000026,1
18.044940000000025,2
18.044955000000027,2
18.054985000000027,3
18.055015000000026,4
18.134395000000016,4
18.134395000000016,3
18.134395000000016,3
18.144470000000016,3
18.144470000000016,2
18.144470000000016,2
18.154545000000017,2
18.154545000000017,1
18.154545000000017,1
18.164620000000017,1
18.164620000000017,0
18.164620000000017,0
18.174695000000018,0
18.25503000000003,0
18.26506000000003,1
18.26509000000003,2
18.26510500000003,2
18.27469500000002,2
18.27469500000002,1
18.27469500000002,1
18.27513500000003,2
18.27516500000003,3
18.27518000000003,3
18.28477000000002,3
18.28477000000002,2
18.28477000000002,2
18.28521000000003,3
18.28524000000003,4
18.28525500000003,4
18.29484500000002,4
18.29484500000002,3
18.29484500000002,3
18.29528500000003,4
18.29531500000003,5
18.30492000000002,5
18.30492000000002,4
18.30492000000002,4
18.31499500000002,4
18.31499500000002,3
18.31499500000002,3
18.32507000000002,3
18.32507000000002,2
18.32507000000002,2
18.335145000000022,2
18.335145000000022,1
18.335145000000022,1
18.345220000000023,1
18.345220000000023,0
18.345220000000023,0
18.355295000000023,0
18.395330000000033,0
18.405360000000034,1
18.405390000000033,2
18.405405000000034,2
18.415435000000034,3
18.415465000000033,4
18.415480000000034,4
18.425510000000035,5
18.425540000000034,6
18.425555000000035,6
18.435585000000035,7
18.435615000000034,8
18.435630000000035,8
18.445660000000036,9
18.445690000000035,10
18.445705000000036,10
18.455295000000024,10
18.455295000000024,9
18.455295000000024,9
18.455735000000036,10
18.455765000000035,11
18.455780000000036,11
18.465370000000025,11
18.465370000000025,10
18.465370000000025,10
18.465810000000037,11
18.465840000000036,12
18.465855000000037,12
18.475445000000025,12
18.475445000000025,11
18.475445000000025,11
18.475885000000037,12
18.475915000000036,13
18.485520000000026,13
18.485520000000026,12
18.485520000000026,12
18.495595000000026,12
18.495595000000026,11
18.495595000000026,11
18.505670000000027,11
18.505670000000027,10
18.505670000000027,10
18.515745000000027,10
18.515745000000027,9
18.515745000000027,9
18.525820000000028,9
18.525820000000028,8
18.525820000000028,8
18.53589500000003,8
18.53589500000003,7
18.53589500000003,7
18.54597000000003,7
18.54597000000003,6
18.54597000000003,6
18.55604500000003,6
18.55604500000003,5
18.55604500000003,5
18.56612000000003,5
18.56612000000003,4
18.56612000000003,4
18.57593000000004,4
18.57619500000003,4
18.57619500000003,3
18.57619500000003,3
18.58596000000004,4
18.585990000000038,5
18.58600500000004,5
18.58627000000003,5
18.58627000000003,4
18.58627000000003,4
18.59603500000004,5
18.59606500000004,6
18.59608000000004,6
18.59634500000003,6
18.59634500000003,5
18.59634500000003,5
18.60611000000004,6
18.60614000000004,7
18.60615500000004,7
18.606420000000032,7
18.606420000000032,6
18.606420000000032,6
18.61618500000004,7
18.61621500000004,8
18.61623000000004,8
18.616495000000032,8
18.616495000000032,7
18.616495000000032,7
18.62626000000004,8
18.62629000000004,9
18.62630500000004,9
18.626570000000033,9
18.626570000000033,8
18.626570000000033,8
18.63633500000004,9
18.63636500000004,10
18.63638000000004,10
18.636645000000033,10
18.636645000000033,9
18.636645000000033,9
18.646410000000042,10
18.64644000000004,11
18.646455000000042,11
18.646720000000034,11
18.646720000000034,10
18.646720000000034,10
18.656485000000043,11
18.65651500000004,12
18.656530000000043,12
18.656795000000034,12
18.656795000000034,11
18.656795000000034,11
18.666560000000043,12
18.666590000000042,13
18.666605000000043,13
18.666870000000035,13
18.666870000000035,12
18.666870000000035,12
18.676635000000044,13
18.676665000000042,14
18.676680000000044,14
18.676945000000035,14
18.676945000000035,13
18.676945000000035,13
18.686710000000044,14
18.686740000000043,15
18.686755000000044,15
18.687020000000036,15
18.687020000000036,14
18.687020000000036,14
18.696785000000045,15
18.696815000000043,16
18.696830000000045,16
18.697095000000036,16
18.697095000000036,15
18.697095000000036,15
18.706860000000045,16
18.706890000000044,17
18.706905000000045,17
18.707170000000037,17
18.707170000000037,16
18.707170000000037,16
18.716935000000046,17
18.716965000000044,18
18.716980000000046,18
18.717245000000037,18
18.717245000000037,17
18.717245000000037,17
18.727010000000046,18
18.727040000000045,19
18.727055000000046,19
18.727320000000038,19
18.727320000000038,18
18.727320000000038,18
18.737085000000047,19
18.737115000000045,20
18.737130000000047,20
18.73739500000004,20
18.73739500000004,19
18.73739500000004,19
18.747160000000047,20
18.747190000000046,21
18.747205000000047,21
18.74747000000004,21
18.74747000000004,20
18.74747000000004,20
18.757235000000048,21
18.757265000000046,22
18.757280000000048,22
18.75754500000004,22
18.75754500000004,21
18.75754500000004,21
18.767310000000048,22
18.767340000000047,23
18.767355000000048,23
18.76762000000004,23
18.76762000000004,22
18.76762000000004,22
18.77738500000005,23
18.777415000000047,24
18.77743000000005,24
18.77769500000004,24
18.77769500000004,23
18.77769500000004,23
18.78746000000005,24
18.787490000000048,25
18.78750500000005,25
18.78777000000004,25
18.78777000000004,24
18.78777000000004,24
18.79753500000005,25
18.79756500000005,26
18.79758000000005,26
18.79784500000004,26
18.79784500000004,25
18.79784500000004,25
18.80761000000005,26
18.80764000000005,27
18.80765500000005,27
18.807920000000042,27
18.807920000000042,26
18.807920000000042,26
18.81768500000005,27
18.81771500000005,28
18.81773000000005,28
18.817995000000042,28
18.817995000000042,27
18.817995000000042,27
18.82776000000005,28
18.82779000000005,29
18.82780500000005,29
18.828070000000043,29
18.828070000000043,28
18.828070000000043,28
18.83783500000005,29
18.83786500000005,30
18.83788000000005,30
18.838145000000043,30
18.838145000000043,29
18.838145000000043,29
18.847910000000052,30
18.84794000000005,31
18.847955000000052,31
18.848220000000044,31
18.848220000000044,30
18.848220000000044,30
18.857985000000053,31
18.858005000000052,32
18.858030000000053,32
18.858295000000044,32
18.858295000000044,31
18.858295000000044,31
18.868105000000053,31
18.868370000000045,31
18.868370000000045,30
18.868370000000045,30
18.878180000000054,30
18.878445000000045,30
18.878445000000045,29
18.878445000000045,29
18.888255000000054,29
18.888520000000046,29
18.888520000000046,28
18.888520000000046,28
18.898330000000055,28
18.898595000000046,28
18.898595000000046,27
18.898595000000046,27
18.908405000000055,27
18.908670000000047,27
18.908670000000047,26
18.908670000000047,26
18.918480000000056,26
18.918745000000047,26
18.918745000000047,25
18.918745000000047,25
18.928555000000056,25
18.928820000000048,25
18.928820000000048,24
18.928820000000048,24
18.938630000000057,24
18.93889500000005,24
18.93889500000005,23
18.93889500000005,23
18.948705000000057,23
18.94897000000005,23
18.94897000000005,22
18.94897000000005,22
18.958780000000058,22
18.95904500000005,22
18.95904500000005,21
18.95904500000005,21
18.968855000000058,21
18.96912000000005,21
18.96912000000005,20
18.96912000000005,20
18.97893000000006,20
18.97919500000005,20
18.97919500000005,19
18.97919500000005,19
18.98900500000006,19
18.98927000000005,19
18.98927000000005,18
18.98927000000005,18
18.99908000000006,18
18.99934500000005,18
18.99934500000005,17
18.99934500000005,17
19.00915500000006,17
19.009420000000052,17
19.009420000000052,16
19.009420000000052,16
19.01923000000006,16
19.019495000000052,16
19.019495000000052,15
19.019495000000052,15
19.02930500000006,15
19.029570000000053,15
19.029570000000053,14
19.029570000000053,14
19.03938000000006,14
19.039645000000053,14
19.039645000000053,13
19.039645000000053,13
19.049455000000062,13
19.049720000000054,13
19.049720000000054,12
19.049720000000054,12
19.059530000000063,12
19.059795000000054,12
19.059795000000054,11
19.059795000000054,11
19.069605000000063,11
19.069870000000055,11
19.069870000000055,10
19.069870000000055,10
19.079680000000064,10
19.079945000000055,10
19.079945000000055,9
19.079945000000055,9
19.089755000000064,9
19.090020000000056,9
19.090020000000056,8
19.090020000000056,8
19.099830000000065,8
19.100095000000056,8
19.100095000000056,7
19.100095000000056,7
19.109905000000065,7
19.110170000000057,7
19.110170000000057,6
19.110170000000057,6
19.119980000000066,6
19.120245000000057,6
19.120245000000057,5
19.120245000000057,5
19.130055000000066,5
19.130320000000058,5
19.130320000000058,4
19.130320000000058,4
19.140130000000067,4
19.14039500000006,4
19.14039500000006,3
19.14039500000006,3
19.150205000000067,3
19.15047000000006,3
19.15047000000006,2
19.15047000000006,2
19.160280000000068,2
19.16054500000006,2
19.16054500000006,1
19.16054500000006,1
19.170355000000068,1
19.17062000000006,1
19.17062000000006,0
19.17062000000006,0
19.18043000000007,0
19.18067000000006,0
19.19050500000007,0
19.20058000000007,0
19.21065500000007,0
19.22073000000007,0
19.23080500000007,0
19.24088000000007,0
19.250955000000072,0
19.261030000000073,0
19.271105000000073,0
19.28067000000006,0
19.281180000000074,0
19.291230000000073,0
19.301230000000075,1
19.380670000000062,1
19.380670000000062,0
19.380670000000062,0
19.390670000000064,0
19.490670000000065,0
19.590670000000067,0
19.69067000000007,0
19.79067000000007,0
19.89067000000007,0
19.990670000000073,0
20.090670000000074,0
20.10025,1
20.190670000000075,1
20.190670000000075,0
20.190670000000075,0
20.290670000000077,0
20.39067000000008,0
20.49067000000008,0
20.59067000000008,0
20.690670000000082,0
20.790670000000084,0
20.890670000000085,0
20.990670000000087,0
21.090670000000088,0
21.19067000000009,0
21.29067000000009,0
21.390670000000092,0
21.490670000000094,0
21.500379999999993,1
21.590670000000095,1
21.590670000000095,0
21.590670000000095,0
21.690670000000097,0
21.790670000000098,0
21.8906700000001,0
21.9906700000001,0
22.090670000000102,0
22.190670000000104,0
22.290670000000105,0
22.390670000000107,0
22.490670000000108,0
22.59067000000011,0
22.69067000000011,0
22.790670000000112,0
22.890670000000114,0
22.990670000000115,0
23.090670000000117,0
23.190670000000118,0
23.29067000000012,0
23.39067000000012,0
23.490670000000122,0
23.50037999999999,1
23.500509999999988,2
23.590670000000124,2
23.590670000000124,1
23.590670000000124,1
23.590670000000124,0
23.590670000000124,0
23.690670000000125,0
23.790670000000127,0
23.890670000000128,0
23.99067000000013,0
24.09067000000013,0
24.10024999999998,1
24.190670000000132,1
24.190670000000132,0
24.190670000000132,0
24.290670000000134,0
24.390670000000135,0
24.490670000000136,0
24.590670000000138,0
24.69067000000014,0
24.79067000000014,0
24.890670000000142,0
24.990670000000144,0
25.00037999999998,1
25.090670000000145,1
25.090670000000145,0
25.090670000000145,0
25.190670000000146,0
25.290670000000148,0
25.39067000000015,0
25.49067000000015,0
25.500509999999977,1
25.590670000000152,1
25.590670000000152,0
25.590670000000152,0
25.690670000000154,0
25.790670000000155,0
25.890670000000156,0
25.990670000000158,0
26.000509999999977,1
26.09067000000016,1
26.09067000000016,0
26.09067000000016,0
26.19067000000016,0
26.290670000000162,0
26.390670000000163,0
26.490670000000165,0
26.590670000000166,0
26.690670000000168,0
26.70123000000018,1
26.79067000000017,1
26.79067000000017,0
26.79067000000017,0
26.80638000000017,1
26.80638000000017,1
26.80638000000017,0
26.80638000000017,0
26.816455000000172,0
26.916455000000173,0
26.921305000000185,0
26.931335000000185,1
26.931365000000184,2
27.016455000000175,2
27.016455000000175,1
27.016455000000175,1
27.026530000000175,1
27.026530000000175,0
27.026530000000175,0
27.036605000000176,0
27.13138000000019,0
27.136605000000177,0
27.14141000000019,1
27.141440000000188,2
27.14145500000019,2
27.15148500000019,3
27.151515000000188,4
27.23660500000018,4
27.23660500000018,3
27.23660500000018,3
27.24668000000018,3
27.24668000000018,2
27.24668000000018,2
27.25675500000018,2
27.25675500000018,1
27.25675500000018,1
27.26683000000018,1
27.26683000000018,0
27.26683000000018,0
27.27690500000018,0
27.351530000000192,0
27.361560000000193,1
27.36159000000019,2
27.361605000000193,2
27.371635000000193,3
27.371665000000192,4
27.371680000000193,4
27.376905000000182,4
27.376905000000182,3
27.376905000000182,3
27.381710000000194,4
27.381740000000192,5
27.381755000000194,5
27.386980000000182,5
27.386980000000182,4
27.386980000000182,4
27.391785000000194,5
27.391815000000193,6
27.397055000000183,6
27.397055000000183,5
27.397055000000183,5
27.407130000000183,5
27.407130000000183,4
27.407130000000183,4
27.417205000000184,4
27.417205000000184,3
27.417205000000184,3
27.427280000000184,3
27.427280000000184,2
27.427280000000184,2
27.437355000000185,2
27.437355000000185,1
27.437355000000185,1
27.447430000000185,1
27.447430000000185,0
27.447430000000185,0
27.457505000000186,0
27.491830000000196,0
27.501860000000196,1
27.501890000000195,2
27.501905000000196,2
27.511935000000197,3
27.511965000000195,4
27.511980000000197,4
27.522010000000197,5
27.522040000000196,6
27.522055000000197,6
27.532085000000198,7
27.532115000000196,8
27.532130000000198,8
27.542160000000198,9
27.542190000000197,10
27.542205000000198,10
27.5522350000002,11
27.552265000000197,12
27.5522800000002,12
27.557505000000187,12
27.557505000000187,11
27.557505000000187,11
27.5623100000002,12
27.562340000000198,13
27.5623550000002,13
27.567580000000188,13
27.567580000000188,12
27.567580000000188,12
27.5723850000002,13
27.5724150000002,14
27.57765500000019,14
27.57765500000019,13
27.57765500000019,13
27.58773000000019,13
27.58773000000019,12
27.58773000000019,12
27.59780500000019,12
27.59780500000019,11
27.59780500000019,11
27.60788000000019,11
27.60788000000019,10
27.60788000000019,10
27.61795500000019,10
27.61795500000019,9
27.61795500000019,9
27.62803000000019,9
27.62803000000019,8
27.62803000000019,8
27.63810500000019,8
27.63810500000019,7
27.63810500000019,7
27.648180000000192,7
27.648180000000192,6
27.648180000000192,6
27.658255000000192,6
27.658255000000192,5
27.658255000000192,5
27.668330000000193,5
27.668330000000193,4
27.668330000000193,4
27.6724300000002,4
27.678405000000193,4
27.678405000000193,3
27.678405000000193,3
27.6824600000002,4
27.6824900000002,5
27.6825050000002,5
27.688480000000194,5
27.688480000000194,4
27.688480000000194,4
27.692535000000202,5
27.6925650000002,6
27.692580000000202,6
27.698555000000194,6
27.698555000000194,5
27.698555000000194,5
27.702610000000202,6
27.7026400000002,7
27.702655000000203,7
27.708630000000195,7
27.708630000000195,6
27.708630000000195,6
27.712685000000203,7
27.712715000000202,8
27.712730000000203,8
27.718705000000195,8
27.718705000000195,7
27.718705000000195,7
27.722760000000203,8
27.722790000000202,9
27.722805000000204,9
27.728780000000196,9
27.728780000000196,8
27.728780000000196,8
27.732835000000204,9
27.732865000000203,10
27.732880000000204,10
27.738855000000196,10
27.738855000000196,9
27.738855000000196,9
27.742910000000204,10
27.742940000000203,11
27.742955000000205,11
27.748930000000197,11
27.748930000000197,10
27.748930000000197,10
27.752985000000205,11
27.753015000000204,12
27.753030000000205,12
27.759005000000197,12
27.759005000000197,11
27.759005000000197,11
27.763060000000205,12
27.763090000000204,13
27.763105000000206,13
27.769080000000198,13
27.769080000000198,12
27.769080000000198,12
27.773135000000206,13
27.773165000000205,14
27.773180000000206,14
27.7791550000002,14
27.7791550000002,13
27.7791550000002,13
27.783210000000206,14
27.783240000000205,15
27.783255000000207,15
27.7892300000002,15
27.7892300000002,14
27.7892300000002,14
27.793285000000207,15
27.793315000000206,16
27.793330000000207,16
27.7993050000002,16
27.7993050000002,15
27.7993050000002,15
27.803360000000207,16
27.803390000000206,17
27.803405000000208,17
27.8093800000002,17
27.8093800000002,16
27.8093800000002,16
27.813435000000208,17
27.813465000000207,18
27.813480000000208,18
27.8194550000002,18
27.8194550000002,17
27.8194550000002,17
27.82351000000021,18
27.823540000000207,19
27.82355500000021,19
27.8295300000002,19
27.8295300000002,18
27.8295300000002,18
27.83358500000021,19
27.833615000000208,20
27.83363000000021,20
27.8396050000002,20
27.8396050000002,19
27.8396050000002,19
27.84366000000021,20
27.84369000000021,21
27.84370500000021,21
27.849680000000202,21
27.849680000000202,20
27.849680000000202,20
27.85373500000021,21
27.85376500000021,22
27.85378000000021,22
27.859755000000202,22
27.859755000000202,21
27.859755000000202,21
27.86381000000021,22
27.86384000000021,23
27.86385500000021,23
27.869830000000203,23
27.869830000000203,22
27.869830000000203,22
27.87388500000021,23
27.87391500000021,24
27.87393000000021,24
27.879905000000203,24
27.879905000000203,23
27.879905000000203,23
27.88396000000021,24
27.88399000000021,25
27.88400500000021,25
27.889980000000204,25
27.889980000000204,24
27.889980000000204,24
27.894035000000212,25
27.89406500000021,26
27.894080000000212,26
27.900055000000204,26
27.900055000000204,25
27.900055000000204,25
27.904110000000212,26
27.90414000000021,27
27.904155000000213,27
27.910130000000205,27
27.910130000000205,26
27.910130000000205,26
27.914185000000213,27
27.914215000000212,28
27.914230000000213,28
27.920205000000205,28
27.920205000000205,27
27.920205000000205,27
27.924260000000213,28
27.924290000000212,29
27.924305000000214,29
27.930280000000206,29
27.930280000000206,28
27.930280000000206,28
27.934335000000214,29
27.934365000000213,30
27.934380000000214,30
27.940355000000206,30
27.940355000000206,29
27.940355000000206,29
27.944410000000214,30
27.944440000000213,31
27.944455000000215,31
27.950430000000207,31
27.950430000000207,30
27.950430000000207,30
27.954485000000215,31
27.954515000000214,32
27.954530000000215,32
27.960505000000207,32
27.960505000000207,31
27.960505000000207,31
27.964560000000215,32
27.964590000000214,33
27.964605000000216,33
27.970580000000208,33
27.970580000000208,32
27.970580000000208,32
27.974635000000216,33
27.974665000000215,34
27.974680000000216,34
27.98065500000021,34
27.98065500000021,33
27.98065500000021,33
27.984710000000216,34
27.984740000000215,35
27.984755000000217,35
27.99073000000021,35
27.99073000000021,34
27.99073000000021,34
27.994785000000217,35
27.994805000000216,36
27.994830000000217,36
28.00080500000021,36
28.00080500000021,35
28.00080500000021,35
28.004905000000218,35
28.01088000000021,35
28.01088000000021,34
28.01088000000021,34
28.014980000000218,34
28.02095500000021,34
28.02095500000021,33
28.02095500000021,33
28.02505500000022,33
28.03103000000021,33
28.03103000000021,32
28.03103000000021,32
28.03513000000022,32
28.04110500000021,32
28.04110500000021,31
28.04110500000021,31
28.04520500000022,31
28.051180000000212,31
28.051180000000212,30
28.051180000000212,30
28.05528000000022,30
28.061255000000212,30
28.061255000000212,29
28.061255000000212,29
28.06535500000022,29
28.071330000000213,29
28.071330000000213,28
28.071330000000213,28
28.07543000000022,28
28.081405000000213,28
28.081405000000213,27
28.081405000000213,27
28.08550500000022,27
28.091480000000214,27
28.091480000000214,26
28.091480000000214,26
28.095580000000222,26
28.101555000000214,26
28.101555000000214,25
28.101555000000214,25
28.105655000000223,25
28.111630000000215,25
28.111630000000215,24
28.111630000000215,24
28.115730000000223,24
28.121705000000215,24
28.121705000000215,23
28.121705000000215,23
28.125805000000224,23
28.131780000000216,23
28.131780000000216,22
28.131780000000216,22
28.135880000000224,22
28.141855000000216,22
28.141855000000216,21
28.141855000000216,21
28.145955000000225,21
28.151930000000217,21
28.151930000000217,20
28.151930000000217,20
28.156030000000225,20
28.162005000000217,20
28.162005000000217,19
28.162005000000217,19
28.166105000000226,19
28.172080000000218,19
28.172080000000218,18
28.172080000000218,18
28.176180000000226,18
28.18215500000022,18
28.18215500000022,17
28.18215500000022,17
28.186255000000227,17
28.19223000000022,17
28.19223000000022,16
28.19223000000022,16
28.196330000000227,16
28.20230500000022,16
28.20230500000022,15
28.20230500000022,15
28.206405000000228,15
28.21238000000022,15
28.21238000000022,14
28.21238000000022,14
28.216480000000228,14
28.22245500000022,14
28.22245500000022,13
28.22245500000022,13
28.22655500000023,13
28.23253000000022,13
28.23253000000022,12
28.23253000000022,12
28.23663000000023,12
28.24260500000022,12
28.24260500000022,11
28.24260500000022,11
28.24670500000023,11
28.252680000000222,11
28.252680000000222,10
28.252680000000222,10
28.25678000000023,10
28.262755000000222,10
28.262755000000222,9
28.262755000000222,9
28.26685500000023,9
28.272830000000223,9
28.272830000000223,8
28.272830000000223,8
28.27693000000023,8
28.282905000000223,8
28.282905000000223,7
28.282905000000223,7
28.28700500000023,7
28.292980000000224,7
28.292980000000224,6
28.292980000000224,6
28.297080000000232,6
28.303055000000224,6
28.303055000000224,5
28.303055000000224,5
28.307155000000233,5
28.313130000000225,5
28.313130000000225,4
28.313130000000225,4
28.317230000000233,4
28.323205000000225,4
28.323205000000225,3
28.323205000000225,3
28.327305000000234,3
28.333280000000226,3
28.333280000000226,2
28.333280000000226,2
28.337380000000234,2
28.343355000000226,2
28.343355000000226,1
28.343355000000226,1
28.347455000000235,1
28.353430000000227,1
28.353430000000227,0
28.353430000000227,0
28.357530000000235,0
28.363480000000227,0
28.367605000000236,0
28.377680000000236,0
28.387755000000237,0
28.397830000000237,0
28.407905000000238,0
28.417980000000238,0
28.42805500000024,0
28.43813000000024,0
28.44820500000024,0
28.45828000000024,0
28.463480000000228,0
28.46833000000024,0
28.47833000000024,1
28.56348000000023,1
28.56348000000023,0
28.56348000000023,0
28.57348000000023,0
28.673480000000232,0
28.773480000000234,0
28.873480000000235,0
28.973480000000237,0
29.073480000000238,0
29.17348000000024,0
29.27348000000024,0
29.373480000000242,0
29.473480000000244,0
29.573480000000245,0
29.673480000000247,0
29.773480000000248,0
29.87348000000025,0
29.97348000000025,0
30.073480000000252,0
30.173480000000254,0
30.273480000000255,0
30.373480000000256,0
30.473480000000258,0
30.57348000000026,0
30.67348000000026,0
30.773480000000262,0
30.873480000000264,0
30.973480000000265,0
31.073480000000266,0
31.10028,1
31.173480000000268,1
31.173480000000268,0
31.173480000000268,0
31.27348000000027,0
31.37348000000027,0
31.473480000000272,0
31.573480000000274,0
31.673480000000275,0
31.773480000000276,0
31.873480000000278,0
31.97348000000028,0
32.07348000000028,0
32.17348000000028,0
32.27348000000028,0
32.373480000000285,0
32.473480000000286,0
32.57348000000029,0
32.67348000000029,0
32.77348000000029,0
32.87348000000029,0
32.97348000000029,0
33.073480000000295,0
33.173480000000296,0
33.1783300000003,1
33.2734800000003,1
33.2734800000003,0
33.2734800000003,0
33.289390000000296,1
33.289390000000296,1
33.289390000000296,0
33.289390000000296,0
33.299465000000296,0
33.3984050000003,0
33.3994650000003,0
33.4084350000003,1
33.408465000000305,2
33.4994650000003,2
33.4994650000003,1
33.4994650000003,1
33.5095400000003,1
33.5095400000003,0
33.5095400000003,0
33.5196150000003,0
33.608480000000306,0
33.618510000000306,1
33.61854000000031,2
33.618555000000306,2
33.6196150000003,2
33.6196150000003,1
33.6196150000003,1
33.62858500000031,2
33.62861500000031,3
33.6296900000003,3
33.6296900000003,2
33.6296900000003,2
33.6397650000003,2
33.6397650000003,1
33.6397650000003,1
33.6498400000003,1
33.6498400000003,0
33.6498400000003,0
33.659915000000304,0
33.72863000000031,0
33.73866000000031,1
33.73869000000031,2
33.73870500000031,2
33.74873500000031,3
33.74876500000031,4
33.74878000000031,4
33.75881000000031,5
33.75884000000031,6
33.75885500000031,6
33.759915000000305,6
33.759915000000305,5
33.759915000000305,5
33.76888500000031,6
33.76891500000031,7
33.769990000000305,7
33.769990000000305,6
33.769990000000305,6
33.780065000000306,6
33.780065000000306,5
33.780065000000306,5
33.79014000000031,5
33.79014000000031,4
33.79014000000031,4
33.80021500000031,4
33.80021500000031,3
33.80021500000031,3
33.81029000000031,3
33.81029000000031,2
33.81029000000031,2
33.82036500000031,2
33.82036500000031,1
33.82036500000031,1
33.83044000000031,1
33.83044000000031,0
33.83044000000031,0
33.84051500000031,0
33.86893000000031,0
33.87896000000031,1
33.878990000000314,2
33.87900500000031,2
33.88903500000031,3
33.889065000000315,4
33.88908000000031,4
33.89911000000031,5
33.899140000000315,6
33.89915500000031,6
33.90918500000031,7
33.909215000000316,8
33.90923000000031,8
33.919260000000314,9
33.919290000000316,10
33.919305000000314,10
33.929335000000314,11
33.92936500000032,12
33.929380000000315,12
33.939410000000315,13
33.93944000000032,14
33.939455000000315,14
33.94051500000031,14
33.94051500000031,13
33.94051500000031,13
33.949485000000315,14
33.94951500000032,15
33.95059000000031,15
33.95059000000031,14
33.95059000000031,14
33.96066500000031,14
33.96066500000031,13
33.96066500000031,13
33.97074000000031,13
33.97074000000031,12
33.97074000000031,12
33.98081500000031,12
33.98081500000031,11
33.98081500000031,11
33.99089000000031,11
33.99089000000031,10
33.99089000000031,10
34.00096500000031,10
34.00096500000031,9
34.00096500000031,9
34.011040000000314,9
34.011040000000314,8
34.011040000000314,8
34.021115000000314,8
34.021115000000314,7
34.021115000000314,7
34.031190000000315,7
34.031190000000315,6
34.031190000000315,6
34.041265000000315,6
34.041265000000315,5
34.041265000000315,5
34.04953000000032,5
34.051340000000316,5
34.051340000000316,4
34.051340000000316,4
34.05956000000032,5
34.05959000000032,6
34.05960500000032,6
34.061415000000316,6
34.061415000000316,5
34.061415000000316,5
34.06963500000032,6
34.06966500000032,7
34.06968000000032,7
34.07149000000032,7
34.07149000000032,6
34.07149000000032,6
34.07971000000032,7
34.07974000000032,8
34.07975500000032,8
34.08156500000032,8
34.08156500000032,7
34.08156500000032,7
34.08978500000032,8
34.08981500000032,9
34.08983000000032,9
34.09164000000032,9
34.09164000000032,8
34.09164000000032,8
34.09986000000032,9
34.09989000000032,10
34.09990500000032,10
34.10171500000032,10
34.10171500000032,9
34.10171500000032,9
34.10993500000032,10
34.10996500000032,11
34.10998000000032,11
34.11179000000032,11
34.11179000000032,10
34.11179000000032,10
34.12001000000032,11
34.12004000000032,12
34.12005500000032,12
34.12186500000032,12
34.12186500000032,11
34.12186500000032,11
34.13008500000032,12
34.13011500000032,13
34.13013000000032,13
34.13194000000032,13
34.13194000000032,12
34.13194000000032,12
34.14016000000032,13
34.140190000000324,14
34.14020500000032,14
34.14201500000032,14
34.14201500000032,13
34.14201500000032,13
34.15023500000032,14
34.150265000000324,15
34.15028000000032,15
34.15209000000032,15
34.15209000000032,14
34.15209000000032,14
34.16031000000032,15
34.160340000000325,16
34.16035500000032,16
34.16216500000032,16
34.16216500000032,15
34.16216500000032,15
34.17038500000032,16
34.170415000000325,17
34.17043000000032,17
34.17224000000032,17
34.17224000000032,16
34.17224000000032,16
34.18046000000032,17
34.180490000000326,18
34.18050500000032,18
34.18231500000032,18
34.18231500000032,17
34.18231500000032,17
34.190535000000324,18
34.190565000000326,19
34.190580000000324,19
34.19239000000032,19
34.19239000000032,18
34.19239000000032,18
34.200610000000324,19
34.20064000000033,20
34.200655000000324,20
34.20246500000032,20
34.20246500000032,19
34.20246500000032,19
34.210685000000325,20
34.21071500000033,21
34.210730000000325,21
34.212540000000324,21
34.212540000000324,20
34.212540000000324,20
34.220760000000325,21
34.22079000000033,22
34.220805000000325,22
34.222615000000324,22
34.222615000000324,21
34.222615000000324,21
34.230835000000326,22
34.23086500000033,23
34.230880000000326,23
34.232690000000325,23
34.232690000000325,22
34.232690000000325,22
34.240910000000326,23
34.24094000000033,24
34.240955000000326,24
34.242765000000325,24
34.242765000000325,23
34.242765000000325,23
34.25098500000033,24
34.25101500000033,25
34.25103000000033,25
34.252840000000326,25
34.252840000000326,24
34.252840000000326,24
34.26106000000033,25
34.26109000000033,26
34.26110500000033,26
34.262915000000326,26
34.262915000000326,25
34.262915000000326,25
34.27113500000033,26
34.27116500000033,27
34.27118000000033,27
34.27299000000033,27
34.27299000000033,26
34.27299000000033,26
34.28121000000033,27
34.28124000000033,28
34.28125500000033,28
34.28306500000033,28
34.28306500000033,27
34.28306500000033,27
34.29128500000033,28
34.29131500000033,29
34.29133000000033,29
34.29314000000033,29
34.29314000000033,28
34.29314000000033,28
34.30136000000033,29
34.30139000000033,30
34.30140500000033,30
34.30321500000033,30
34.30321500000033,29
34.30321500000033,29
34.31143500000033,30
34.31146500000033,31
34.31148000000033,31
34.31329000000033,31
34.31329000000033,30
34.31329000000033,30
34.32151000000033,31
34.32154000000033,32
34.32155500000033,32
34.32336500000033,32
34.32336500000033,31
34.32336500000033,31
34.33158500000033,32
34.33161500000033,33
34.33163000000033,33
34.33344000000033,33
34.33344000000033,32
34.33344000000033,32
34.34166000000033,33
34.341690000000334,34
34.34170500000033,34
34.34351500000033,34
34.34351500000033,33
34.34351500000033,33
34.35173500000033,34
34.351765000000334,35
34.35178000000033,35
34.35359000000033,35
34.35359000000033,34
34.35359000000033,34
34.36181000000033,35
34.361840000000335,36
34.36185500000033,36
34.36366500000033,36
34.36366500000033,35
34.36366500000033,35
34.37188500000033,36
34.371915000000335,37
34.37193000000033,37
34.37374000000033,37
34.37374000000033,36
34.37374000000033,36
34.38196000000033,37
34.381990000000336,38
34.38200500000033,38
34.38381500000033,38
34.38381500000033,37
34.38381500000033,37
34.392035000000334,38
34.392080000000334,38
34.39389000000033,38
34.39389000000033,37
34.39389000000033,37
34.402155000000334,37
34.40396500000033,37
34.40396500000033,36
34.40396500000033,36
34.412230000000335,36
34.414040000000334,36
34.414040000000334,35
34.414040000000334,35
34.422305000000335,35
34.424115000000334,35
34.424115000000334,34
34.424115000000334,34
34.432380000000336,34
34.434190000000335,34
34.434190000000335,33
34.434190000000335,33
34.442455000000336,33
34.444265000000335,33
34.444265000000335,32
34.444265000000335,32
34.45253000000034,32
34.454340000000336,32
34.454340000000336,31
34.454340000000336,31
34.46260500000034,31
34.464415000000336,31
34.464415000000336,30
34.464415000000336,30
34.47268000000034,30
34.47449000000034,30
34.47449000000034,29
34.47449000000034,29
34.48275500000034,29
34.48456500000034,29
34.48456500000034,28
34.48456500000034,28
34.49283000000034,28
34.49464000000034,28
34.49464000000034,27
34.49464000000034,27
34.50290500000034,27
34.50471500000034,27
34.50471500000034,26
34.50471500000034,26
34.51298000000034,26
34.51479000000034,26
34.51479000000034,25
34.51479000000034,25
34.52305500000034,25
34.52486500000034,25
34.52486500000034,24
34.52486500000034,24
34.53313000000034,24
34.53494000000034,24
34.53494000000034,23
34.53494000000034,23
34.54320500000034,23
34.54501500000034,23
34.54501500000034,22
34.54501500000034,22
34.55328000000034,22
34.55509000000034,22
34.55509000000034,21
34.55509000000034,21
34.56335500000034,21
34.56516500000034,21
34.56516500000034,20
34.56516500000034,20
34.57343000000034,20
34.57524000000034,20
34.57524000000034,19
34.57524000000034,19
34.58350500000034,19
34.58531500000034,19
34.58531500000034,18
34.58531500000034,18
34.593580000000344,18
34.59539000000034,18
34.59539000000034,17
34.59539000000034,17
34.603655000000344,17
34.60546500000034,17
34.60546500000034,16
34.60546500000034,16
34.613730000000345,16
34.615540000000344,16
34.615540000000344,15
34.615540000000344,15
34.623805000000345,15
34.625615000000344,15
34.625615000000344,14
34.625615000000344,14
34.633880000000346,14
34.635690000000345,14
34.635690000000345,13
34.635690000000345,13
34.643955000000346,13
34.645765000000345,13
34.645765000000345,12
34.645765000000345,12
34.65403000000035,12
34.655840000000346,12
34.655840000000346,11
34.655840000000346,11
34.66410500000035,11
34.665915000000346,11
34.665915000000346,10
34.665915000000346,10
34.67418000000035,10
34.67599000000035,10
34.67599000000035,9
34.67599000000035,9
34.68425500000035,9
34.68606500000035,9
34.68606500000035,8
34.68606500000035,8
34.69433000000035,8
34.69614000000035,8
34.69614000000035,7
34.69614000000035,7
34.70440500000035,7
34.70621500000035,7
34.70621500000035,6
34.70621500000035,6
34.71448000000035,6
34.71629000000035,6
34.71629000000035,5
34.71629000000035,5
34.72455500000035,5
34.72636500000035,5
34.72636500000035,4
34.72636500000035,4
34.73463000000035,4
34.73644000000035,4
34.73644000000035,3
34.73644000000035,3
34.74470500000035,3
34.74651500000035,3
34.74651500000035,2
34.74651500000035,2
34.75478000000035,2
34.75659000000035,2
34.75659000000035,1
34.75659000000035,1
34.76485500000035,1
34.76666500000035,1
34.76666500000035,0
34.76666500000035,0
34.77493000000035,0
34.77674000000035,0
34.78500500000035,0
34.795080000000354,0
34.805155000000354,0
34.815230000000355,0
34.825305000000355,0
34.835380000000356,0
34.84545500000036,0
34.85553000000036,0
34.86560500000036,0
34.87568000000036,0
34.87674000000035,0
34.885680000000356,1
34.976740000000355,1
34.976740000000355,0
34.976740000000355,0
34.98674000000035,0
35.086740000000354,0
35.186740000000356,0
35.28674000000036,0
35.38674000000036,0
35.48674000000036,0
35.58674000000036,0
35.68674000000036,0
35.786740000000364,0
35.886740000000366,0
35.98674000000037,0
36.08674000000037,0
36.100280000000005,1
36.18674000000037,1
36.18674000000037,0
36.18674000000037,0
36.28674000000037,0
36.38674000000037,0
36.486740000000374,0
36.586740000000376,0
36.68674000000038,0
36.78674000000038,0
36.88674000000038,0
36.98674000000038,0
37.08674000000038,0
37.186740000000384,0
37.286740000000385,0
37.38674000000039,0
37.48674000000039,0
37.500409999999995,1
37.58674000000039,1
37.58674000000039,0
37.58674000000039,0
37.68674000000039,0
37.78674000000039,0
37.886740000000394,0
37.986740000000395,0
38.0867400000004,0
38.1867400000004,0
38.2867400000004,0
38.3867400000004,0
38.4867400000004,0
38.586740000000404,0
38.686740000000405,0
38.78674000000041,0
38.88674000000041,0
38.98674000000041,0
39.08674000000041,0
39.18568000000042,1
39.18674000000041,1
39.18674000000041,0
39.18674000000041,0
39.19885000000041,1
39.19885000000041,1
39.19885000000041,0
39.19885000000041,0
39.20892500000041,0
39.30575500000042,0
39.308925000000414,0
39.31578500000042,1
39.31581500000042,2
39.408925000000416,2
39.408925000000416,1
39.408925000000416,1
39.419000000000416,1
39.419000000000416,0
39.419000000000416,0
39.42907500000042,0
39.500409999999995,1
39.500539999999994,2
39.51583000000042,2
39.52586000000042,3
39.52589000000042,4
39.52590500000042,4
39.52907500000042,4
39.52907500000042,3
39.52907500000042,3
39.52907500000042,2
39.52907500000042,2
39.52907500000042,1
39.52907500000042,1
39.53593500000042,2
39.535965000000424,3
39.53915000000042,3
39.53915000000042,2
39.53915000000042,2
39.54922500000042,2
39.54922500000042,1
39.54922500000042,1
39.55930000000042,1
39.55930000000042,0
39.55930000000042,0
39.56937500000042,0
39.63598000000042,0
39.64601000000042,1
39.646040000000426,2
39.64605500000042,2
39.656085000000424,3
39.656115000000426,4
39.656130000000424,4
39.666160000000424,5
39.66619000000043,6
39.666205000000424,6
39.66937500000042,6
39.66937500000042,5
39.66937500000042,5
39.676235000000425,6
39.67626500000043,7
39.67945000000042,7
39.67945000000042,6
39.67945000000042,6
39.68952500000042,6
39.68952500000042,5
39.68952500000042,5
39.69960000000042,5
39.69960000000042,4
39.69960000000042,4
39.70967500000042,4
39.70967500000042,3
39.70967500000042,3
39.719750000000424,3
39.719750000000424,2
39.719750000000424,2
39.729825000000424,2
39.729825000000424,1
39.729825000000424,1
39.739900000000425,1
39.739900000000425,0
39.739900000000425,0
39.749975000000425,0
39.776280000000426,0
39.78631000000043,1
39.78634000000043,2
39.78635500000043,2
39.79638500000043,3
39.79641500000043,4
39.79643000000043,4
39.80646000000043,5
39.80649000000043,6
39.80650500000043,6
39.81653500000043,7
39.81656500000043,8
39.81658000000043,8
39.82661000000043,9
39.82664000000043,10
39.82665500000043,10
39.83668500000043,11
39.83671500000043,12
39.83673000000043,12
39.84676000000043,13
39.84679000000043,14
39.84680500000043,14
39.84997500000043,14
39.84997500000043,13
39.84997500000043,13
39.85683500000043,14
39.85686500000043,15
39.86005000000043,15
39.86005000000043,14
39.86005000000043,14
39.87012500000043,14
39.87012500000043,13
39.87012500000043,13
39.88020000000043,13
39.88020000000043,12
39.88020000000043,12
39.89027500000043,12
39.89027500000043,11
39.89027500000043,11
39.90035000000043,11
39.90035000000043,10
39.90035000000043,10
39.91042500000043,10
39.91042500000043,9
39.91042500000043,9
39.92050000000043,9
39.92050000000043,8
39.92050000000043,8
39.93057500000043,8
39.93057500000043,7
39.93057500000043,7
39.94065000000043,7
39.94065000000043,6
39.94065000000043,6
39.95072500000043,6
39.95072500000043,5
39.95072500000043,5
39.95688000000043,5
39.96080000000043,5
39.96080000000043,4
39.96080000000043,4
39.96691000000043,5
39.966940000000434,6
39.96695500000043,6
39.97087500000043,6
39.97087500000043,5
39.97087500000043,5
39.97698500000043,6
39.97700500000043,7
39.97703000000043,7
39.98095000000043,7
39.98095000000043,6
39.98095000000043,6
39.98710500000043,6
39.991025000000434,6
39.991025000000434,5
39.991025000000434,5
39.997180000000434,5
40.001100000000434,5
40.001100000000434,4
40.001100000000434,4
40.007255000000434,4
40.011175000000435,4
40.011175000000435,3
40.011175000000435,3
40.017330000000435,3
40.021250000000435,3
40.021250000000435,2
40.021250000000435,2
40.027405000000435,2
40.031325000000436,2
40.031325000000436,1
40.031325000000436,1
40.037480000000436,1
40.041400000000436,1
40.041400000000436,0
40.041400000000436,0
40.047555000000436,0
40.051450000000436,0
40.05763000000044,0
40.06770500000044,0
40.07778000000044,0
40.08785500000044,0
40.09793000000044,0
40.100279999999984,1
40.10800500000044,1
40.11808000000044,1
40.12815500000044,1
40.13823000000044,1
40.14828000000044,1
40.15145000000044,1
40.15145000000044,0
40.15145000000044,0
40.15828000000044,1
40.25145000000044,1
40.25145000000044,0
40.25145000000044,0
40.26145000000044,0
40.36145000000044,0
40.46145000000044,0
40.56145000000044,0
40.66145000000044,0
40.761450000000444,0
40.861450000000445,0
40.96145000000045,0
41.00040999999998,1
41.06145000000045,1
41.06145000000045,0
41.06145000000045,0
41.16145000000045,0
41.26145000000045,0
41.36145000000045,0
41.461450000000454,0
41.50053999999998,1
41.561450000000455,1
41.561450000000455,0
41.561450000000455,0
41.66145000000046,0
41.70213000000047,1
41.76145000000046,1
41.76145000000046,0
41.76145000000046,0
41.77716000000046,1
41.77716000000046,1
41.77716000000046,0
41.77716000000046,0
41.78723500000046,0
41.82220500000047,0
41.83223500000047,1
41.832265000000476,2
41.88723500000046,2
41.88723500000046,1
41.88723500000046,1
41.89731000000046,1
41.89731000000046,0
41.89731000000046,0
41.90738500000046,0
41.932280000000475,0
41.942310000000475,1
41.94234000000048,2
41.942355000000475,2
41.952385000000476,3
41.95241500000048,4
42.00053999999998,5
42.00738500000046,5
42.00738500000046,4
42.00738500000046,4
42.01746000000046,4
42.01746000000046,3
42.01746000000046,3
42.02753500000046,3
42.02753500000046,2
42.02753500000046,2
42.03761000000046,2
42.03761000000046,1
42.03761000000046,1
42.04768500000046,1
42.04768500000046,0
42.04768500000046,0
42.05243000000048,0
42.06246000000048,1
42.06249000000048,2
42.06250500000048,2
42.07253500000048,3
42.07256500000048,4
42.07258000000048,4
42.08261000000048,5
42.08264000000048,6
42.08265500000048,6
42.09268500000048,7
42.09271500000048,8
42.147685000000465,8
42.147685000000465,7
42.147685000000465,7
42.157760000000465,7
42.157760000000465,6
42.157760000000465,6
42.167835000000466,6
42.167835000000466,5
42.167835000000466,5
42.177910000000466,5
42.177910000000466,4
42.177910000000466,4
42.18798500000047,4
42.18798500000047,3
42.18798500000047,3
42.19273000000048,3
42.19806000000047,3
42.19806000000047,2
42.19806000000047,2
42.20276000000048,3
42.20279000000048,4
42.20280500000048,4
42.20813500000047,4
42.20813500000047,3
42.20813500000047,3
42.21283500000048,4
42.212865000000484,5
42.21288000000048,5
42.21821000000047,5
42.21821000000047,4
42.21821000000047,4
42.22291000000048,5
42.222940000000484,6
42.22295500000048,6
42.22828500000047,6
42.22828500000047,5
42.22828500000047,5
42.23298500000048,6
42.233015000000485,7
42.23303000000048,7
42.23836000000047,7
42.23836000000047,6
42.23836000000047,6
42.24306000000048,7
42.243090000000485,8
42.24310500000048,8
42.24843500000047,8
42.24843500000047,7
42.24843500000047,7
42.25313500000048,8
42.253165000000486,9
42.253180000000484,9
42.25851000000047,9
42.25851000000047,8
42.25851000000047,8
42.263210000000484,9
42.263240000000486,10
42.263255000000484,10
42.26858500000047,10
42.26858500000047,9
42.26858500000047,9
42.273285000000485,10
42.27331500000049,11
42.273330000000485,11
42.27866000000047,11
42.27866000000047,10
42.27866000000047,10
42.283360000000485,11
42.28339000000049,12
42.283405000000485,12
42.28873500000047,12
42.28873500000047,11
42.28873500000047,11
42.293435000000486,12
42.29346500000049,13
42.293480000000486,13
42.29881000000047,13
42.29881000000047,12
42.29881000000047,12
42.303510000000486,13
42.30354000000049,14
42.303555000000486,14
42.30888500000047,14
42.30888500000047,13
42.30888500000047,13
42.31358500000049,14
42.31361500000049,15
42.31363000000049,15
42.31896000000047,15
42.31896000000047,14
42.31896000000047,14
42.32366000000049,15
42.32369000000049,16
42.32370500000049,16
42.329035000000474,16
42.329035000000474,15
42.329035000000474,15
42.33373500000049,16
42.33376500000049,17
42.33378000000049,17
42.339110000000474,17
42.339110000000474,16
42.339110000000474,16
42.34381000000049,17
42.34384000000049,18
42.34385500000049,18
42.349185000000475,18
42.349185000000475,17
42.349185000000475,17
42.35388500000049,18
42.35391500000049,19
42.35393000000049,19
42.359260000000475,19
42.359260000000475,18
42.359260000000475,18
42.36396000000049,19
42.36399000000049,20
42.36400500000049,20
42.369335000000476,20
42.369335000000476,19
42.369335000000476,19
42.37403500000049,20
42.37406500000049,21
42.37408000000049,21
42.379410000000476,21
42.379410000000476,20
42.379410000000476,20
42.38411000000049,21
42.38414000000049,22
42.38415500000049,22
42.38948500000048,22
42.38948500000048,21
42.38948500000048,21
42.39418500000049,22
42.39421500000049,23
42.39423000000049,23
42.39956000000048,23
42.39956000000048,22
42.39956000000048,22
42.40426000000049,23
42.40429000000049,24
42.40430500000049,24
42.40963500000048,24
42.40963500000048,23
42.40963500000048,23
42.41433500000049,24
42.414365000000494,25
42.41438000000049,25
42.41971000000048,25
42.41971000000048,24
42.41971000000048,24
42.42441000000049,25
42.424440000000494,26
42.42445500000049,26
42.42978500000048,26
42.42978500000048,25
42.42978500000048,25
42.43448500000049,26
42.434515000000495,27
42.43453000000049,27
42.43986000000048,27
42.43986000000048,26
42.43986000000048,26
42.44456000000049,27
42.444590000000495,28
42.44460500000049,28
42.44993500000048,28
42.44993500000048,27
42.44993500000048,27
42.45463500000049,28
42.454665000000496,29
42.454680000000494,29
42.46001000000048,29
42.46001000000048,28
42.46001000000048,28
42.464710000000494,29
42.464740000000496,30
42.464755000000494,30
42.47008500000048,30
42.47008500000048,29
42.47008500000048,29
42.474785000000495,30
42.4748150000005,31
42.474830000000495,31
42.48016000000048,31
42.48016000000048,30
42.48016000000048,30
42.484860000000495,31
42.4848900000005,32
42.484905000000495,32
42.49023500000048,32
42.49023500000048,31
42.49023500000048,31
42.494935000000496,32
42.4949650000005,33
42.494980000000496,33
42.50031000000048,33
42.50031000000048,32
42.50031000000048,32
42.505010000000496,33
42.5050400000005,34
42.505055000000496,34
42.51038500000048,34
42.51038500000048,33
42.51038500000048,33
42.5150850000005,34
42.5151150000005,35
42.5151300000005,35
42.52046000000048,35
42.52046000000048,34
42.52046000000048,34
42.5251600000005,35
42.5251900000005,36
42.5252050000005,36
42.530535000000484,36
42.530535000000484,35
42.530535000000484,35
42.5352350000005,36
42.5352650000005,37
42.5352800000005,37
42.540610000000484,37
42.540610000000484,36
42.540610000000484,36
42.5453100000005,37
42.5453400000005,38
42.5453550000005,38
42.550685000000485,38
42.550685000000485,37
42.550685000000485,37
42.5553850000005,38
42.5554150000005,39
42.5554300000005,39
42.560760000000485,39
42.560760000000485,38
42.560760000000485,38
42.5654600000005,39
42.5654900000005,40
42.5655050000005,40
42.570835000000486,40
42.570835000000486,39
42.570835000000486,39
42.5755350000005,40
42.5755650000005,41
42.5755800000005,41
42.580910000000486,41
42.580910000000486,40
42.580910000000486,40
42.5856100000005,41
42.5856400000005,42
42.5856550000005,42
42.59098500000049,42
42.59098500000049,41
42.59098500000049,41
42.5956850000005,42
42.5957050000005,43
42.5957300000005,43
42.60106000000049,43
42.60106000000049,42
42.60106000000049,42
42.6058050000005,42
42.61113500000049,42
42.61113500000049,41
42.61113500000049,41
42.6158800000005,41
42.62121000000049,41
42.62121000000049,40
42.62121000000049,40
42.6259550000005,40
42.63128500000049,40
42.63128500000049,39
42.63128500000049,39
42.6360300000005,39
42.64136000000049,39
42.64136000000049,38
42.64136000000049,38
42.6461050000005,38
42.65143500000049,38
42.65143500000049,37
42.65143500000049,37
42.656180000000504,37
42.66151000000049,37
42.66151000000049,36
42.66151000000049,36
42.666255000000504,36
42.67158500000049,36
42.67158500000049,35
42.67158500000049,35
42.676330000000505,35
42.68166000000049,35
42.68166000000049,34
42.68166000000049,34
42.686405000000505,34
42.69173500000049,34
42.69173500000049,33
42.69173500000049,33
42.696480000000506,33
42.70181000000049,33
42.70181000000049,32
42.70181000000049,32
42.706555000000506,32
42.71188500000049,32
42.71188500000049,31
42.71188500000049,31
42.71663000000051,31
42.72196000000049,31
42.72196000000049,30
42.72196000000049,30
42.72670500000051,30
42.732035000000494,30
42.732035000000494,29
42.732035000000494,29
42.73678000000051,29
42.742110000000494,29
42.742110000000494,28
42.742110000000494,28
42.74685500000051,28
42.752185000000495,28
42.752185000000495,27
42.752185000000495,27
42.75693000000051,27
42.762260000000495,27
42.762260000000495,26
42.762260000000495,26
42.76700500000051,26
42.772335000000496,26
42.772335000000496,25
42.772335000000496,25
42.77708000000051,25
42.782410000000496,25
42.782410000000496,24
42.782410000000496,24
42.78715500000051,24
42.7924850000005,24
42.7924850000005,23
42.7924850000005,23
42.79723000000051,23
42.8025600000005,23
42.8025600000005,22
42.8025600000005,22
42.80730500000051,22
42.8126350000005,22
42.8126350000005,21
42.8126350000005,21
42.81738000000051,21
42.8227100000005,21
42.8227100000005,20
42.8227100000005,20
42.82745500000051,20
42.8327850000005,20
42.8327850000005,19
42.8327850000005,19
42.83753000000051,19
42.8428600000005,19
42.8428600000005,18
42.8428600000005,18
42.84760500000051,18
42.8529350000005,18
42.8529350000005,17
42.8529350000005,17
42.857680000000514,17
42.8630100000005,17
42.8630100000005,16
42.8630100000005,16
42.867755000000514,16
42.8730850000005,16
42.8730850000005,15
42.8730850000005,15
42.877830000000515,15
42.8831600000005,15
42.8831600000005,14
42.8831600000005,14
42.887905000000515,14
42.8932350000005,14
42.8932350000005,13
42.8932350000005,13
42.897980000000516,13
42.9033100000005,13
42.9033100000005,12
42.9033100000005,12
42.908055000000516,12
42.9133850000005,12
42.9133850000005,11
42.9133850000005,11
42.91813000000052,11
42.9234600000005,11
42.9234600000005,10
42.9234600000005,10
42.92820500000052,10
42.933535000000504,10
42.933535000000504,9
42.933535000000504,9
42.93828000000052,9
42.943610000000504,9
42.943610000000504,8
42.943610000000504,8
42.94835500000052,8
42.953685000000505,8
42.953685000000505,7
42.953685000000505,7
42.95843000000052,7
42.963760000000505,7
42.963760000000505,6
42.963760000000505,6
42.96850500000052,6
42.973835000000506,6
42.973835000000506,5
42.973835000000506,5
42.97858000000052,5
42.983910000000506,5
42.983910000000506,4
42.983910000000506,4
42.98865500000052,4
42.99398500000051,4
42.99398500000051,3
42.99398500000051,3
42.99873000000052,3
43.00406000000051,3
43.00406000000051,2
43.00406000000051,2
43.00880500000052,2
43.01413500000051,2
43.01413500000051,1
43.01413500000051,1
43.01888000000052,1
43.02421000000051,1
43.02421000000051,0
43.02421000000051,0
43.02895500000052,0
43.03426000000051,0
43.03903000000052,0
43.04910500000052,0
43.059180000000524,0
43.06923000000052,0
43.07923000000052,1
43.13426000000051,1
43.13426000000051,0
43.13426000000051,0
43.14426000000051,0
43.24426000000051,0
43.279230000000524,1
43.34426000000051,1
43.34426000000051,0
43.34426000000051,0
43.35997000000051,1
43.35997000000051,1
43.35997000000051,0
43.35997000000051,0
43.37004500000051,0
43.399305000000524,0
43.409335000000524,1
43.40936500000053,2
43.47004500000051,2
43.47004500000051,1
43.47004500000051,1
43.48012000000051,1
43.48012000000051,0
43.48012000000051,0
43.49019500000051,0
43.509380000000526,0
43.519410000000526,1
43.51944000000053,2
43.51945500000053,2
43.52948500000053,3
43.52951500000053,4
43.59019500000051,4
43.59019500000051,3
43.59019500000051,3
43.60027000000051,3
43.60027000000051,2
43.60027000000051,2
43.610345000000514,2
43.610345000000514,1
43.610345000000514,1
43.620420000000514,1
43.620420000000514,0
43.620420000000514,0
43.62953000000053,0
43.630495000000515,0
43.63956000000053,1
43.63959000000053,2
43.63960500000053,2
43.64963500000053,3
43.64966500000053,4
43.64968000000053,4
43.65971000000053,5
43.65974000000053,6
43.65975500000053,6
43.66978500000053,7
43.66981500000053,8
43.730495000000516,8
43.730495000000516,7
43.730495000000516,7
43.74057000000052,7
43.74057000000052,6
43.74057000000052,6
43.75064500000052,6
43.75064500000052,5
43.75064500000052,5
43.76072000000052,5
43.76072000000052,4
43.76072000000052,4
43.76983000000053,4
43.77079500000052,4
43.77079500000052,3
43.77079500000052,3
43.77986000000053,4
43.779890000000535,5
43.77990500000053,5
43.78087000000052,5
43.78087000000052,4
43.78087000000052,4
43.78993500000053,5
43.789965000000535,6
43.78998000000053,6
43.79094500000052,6
43.79094500000052,5
43.79094500000052,5
43.80001000000053,6
43.800040000000536,7
43.80005500000053,7
43.80102000000052,7
43.80102000000052,6
43.80102000000052,6
43.810085000000534,7
43.810115000000536,8
43.810130000000534,8
43.81109500000052,8
43.81109500000052,7
43.81109500000052,7
43.820160000000534,8
43.82019000000054,9
43.820205000000534,9
43.82117000000052,9
43.82117000000052,8
43.82117000000052,8
43.830235000000535,9
43.83026500000054,10
43.830280000000535,10
43.83124500000052,10
43.83124500000052,9
43.83124500000052,9
43.840310000000535,10
43.84034000000054,11
43.840355000000535,11
43.84132000000052,11
43.84132000000052,10
43.84132000000052,10
43.850385000000536,11
43.85041500000054,12
43.850430000000536,12
43.85139500000052,12
43.85139500000052,11
43.85139500000052,11
43.860460000000536,12
43.86049000000054,13
43.860505000000536,13
43.86147000000052,13
43.86147000000052,12
43.86147000000052,12
43.87053500000054,13
43.87056500000054,14
43.87058000000054,14
43.87154500000052,14
43.87154500000052,13
43.87154500000052,13
43.88061000000054,14
43.88064000000054,15
43.88065500000054,15
43.881620000000524,15
43.881620000000524,14
43.881620000000524,14
43.89068500000054,15
43.89071500000054,16
43.89073000000054,16
43.891695000000524,16
43.891695000000524,15
43.891695000000524,15
43.90076000000054,16
43.90079000000054,17
43.90080500000054,17
43.901770000000525,17
43.901770000000525,16
43.901770000000525,16
43.91083500000054,17
43.91086500000054,18
43.91088000000054,18
43.911845000000525,18
43.911845000000525,17
43.911845000000525,17
43.92091000000054,18
43.92094000000054,19
43.92095500000054,19
43.921920000000526,19
43.921920000000526,18
43.921920000000526,18
43.93098500000054,19
43.93101500000054,20
43.93103000000054,20
43.931995000000526,20
43.931995000000526,19
43.931995000000526,19
43.94106000000054,20
43.94109000000054,21
43.94110500000054,21
43.94207000000053,21
43.94207000000053,20
43.94207000000053,20
43.95113500000054,21
43.95116500000054,22
43.95118000000054,22
43.95214500000053,22
43.95214500000053,21
43.95214500000053,21
43.96121000000054,22
43.961240000000544,23
43.96125500000054,23
43.96222000000053,23
43.96222000000053,22
43.96222000000053,22
43.97128500000054,23
43.971315000000544,24
43.97133000000054,24
43.97229500000053,24
43.97229500000053,23
43.97229500000053,23
43.98136000000054,24
43.981390000000545,25
43.98140500000054,25
43.98237000000053,25
43.98237000000053,24
43.98237000000053,24
43.99143500000054,25
43.991465000000545,26
43.99148000000054,26
43.99244500000053,26
43.99244500000053,25
43.99244500000053,25
44.00151000000054,26
44.001540000000546,27
44.00155500000054,27
44.00252000000053,27
44.00252000000053,26
44.00252000000053,26
44.011585000000544,27
44.011615000000546,28
44.011630000000544,28
44.01259500000053,28
44.01259500000053,27
44.01259500000053,27
44.021660000000544,28
44.02169000000055,29
44.021705000000544,29
44.02267000000053,29
44.02267000000053,28
44.02267000000053,28
44.031735000000545,29
44.03176500000055,30
44.031780000000545,30
44.03274500000053,30
44.03274500000053,29
44.03274500000053,29
44.041810000000545,30
44.04184000000055,31
44.041855000000545,31
44.04282000000053,31
44.04282000000053,30
44.04282000000053,30
44.051885000000546,31
44.05191500000055,32
44.051930000000546,32
44.05289500000053,32
44.05289500000053,31
44.05289500000053,31
44.061960000000546,32
44.06199000000055,33
44.062005000000546,33
44.06297000000053,33
44.06297000000053,32
44.06297000000053,32
44.07203500000055,33
44.07206500000055,34
44.07208000000055,34
44.07304500000053,34
44.07304500000053,33
44.07304500000053,33
44.08211000000055,34
44.08214000000055,35
44.08215500000055,35
44.083120000000534,35
44.083120000000534,34
44.083120000000534,34
44.09218500000055,35
44.09221500000055,36
44.09223000000055,36
44.093195000000534,36
44.093195000000534,35
44.093195000000534,35
44.10226000000055,36
44.10229000000055,37
44.10230500000055,37
44.103270000000535,37
44.103270000000535,36
44.103270000000535,36
44.11233500000055,37
44.11236500000055,38
44.11238000000055,38
44.113345000000535,38
44.113345000000535,37
44.113345000000535,37
44.12241000000055,38
44.12244000000055,39
44.12245500000055,39
44.123420000000536,39
44.123420000000536,38
44.123420000000536,38
44.13248500000055,39
44.13251500000055,40
44.13253000000055,40
44.133495000000536,40
44.133495000000536,39
44.133495000000536,39
44.14256000000055,40
44.14259000000055,41
44.14260500000055,41
44.14357000000054,41
44.14357000000054,40
44.14357000000054,40
44.15263500000055,41
44.15266500000055,42
44.15268000000055,42
44.15364500000054,42
44.15364500000054,41
44.15364500000054,41
44.16271000000055,42
44.162740000000554,43
44.16275500000055,43
44.16372000000054,43
44.16372000000054,42
44.16372000000054,42
44.17278500000055,43
44.17280500000055,44
44.17283000000055,44
44.17379500000054,44
44.17379500000054,43
44.17379500000054,43
44.18290500000055,43
44.18387000000054,43
44.18387000000054,42
44.18387000000054,42
44.19298000000055,42
44.19394500000054,42
44.19394500000054,41
44.19394500000054,41
44.20305500000055,41
44.20402000000054,41
44.20402000000054,40
44.20402000000054,40
44.213130000000554,40
44.21409500000054,40
44.21409500000054,39
44.21409500000054,39
44.223205000000554,39
44.22417000000054,39
44.22417000000054,38
44.22417000000054,38
44.233280000000555,38
44.23424500000054,38
44.23424500000054,37
44.23424500000054,37
44.243355000000555,37
44.24432000000054,37
44.24432000000054,36
44.24432000000054,36
44.253430000000556,36
44.25439500000054,36
44.25439500000054,35
44.25439500000054,35
44.263505000000556,35
44.26447000000054,35
44.26447000000054,34
44.26447000000054,34
44.27358000000056,34
44.27454500000054,34
44.27454500000054,33
44.27454500000054,33
44.28365500000056,33
44.284620000000544,33
44.284620000000544,32
44.284620000000544,32
44.29373000000056,32
44.294695000000544,32
44.294695000000544,31
44.294695000000544,31
44.30380500000056,31
44.304770000000545,31
44.304770000000545,30
44.304770000000545,30
44.31388000000056,30
44.314845000000545,30
44.314845000000545,29
44.314845000000545,29
44.32395500000056,29
44.324920000000546,29
44.324920000000546,28
44.324920000000546,28
44.33403000000056,28
44.334995000000546,28
44.334995000000546,27
44.334995000000546,27
44.34410500000056,27
44.34507000000055,27
44.34507000000055,26
44.34507000000055,26
44.35418000000056,26
44.35514500000055,26
44.35514500000055,25
44.35514500000055,25
44.36425500000056,25
44.36522000000055,25
44.36522000000055,24
44.36522000000055,24
44.37433000000056,24
44.37529500000055,24
44.37529500000055,23
44.37529500000055,23
44.38440500000056,23
44.38537000000055,23
44.38537000000055,22
44.38537000000055,22
44.39448000000056,22
44.39544500000055,22
44.39544500000055,21
44.39544500000055,21
44.40455500000056,21
44.40552000000055,21
44.40552000000055,20
44.40552000000055,20
44.414630000000564,20
44.41559500000055,20
44.41559500000055,19
44.41559500000055,19
44.424705000000564,19
44.42567000000055,19
44.42567000000055,18
44.42567000000055,18
44.434780000000565,18
44.43574500000055,18
44.43574500000055,17
44.43574500000055,17
44.444855000000565,17
44.44582000000055,17
44.44582000000055,16
44.44582000000055,16
44.454930000000566,16
44.45589500000055,16
44.45589500000055,15
44.45589500000055,15
44.465005000000566,15
44.46597000000055,15
44.46597000000055,14
44.46597000000055,14
44.47508000000057,14
44.47604500000055,14
44.47604500000055,13
44.47604500000055,13
44.48515500000057,13
44.486120000000554,13
44.486120000000554,12
44.486120000000554,12
44.49523000000057,12
44.496195000000554,12
44.496195000000554,11
44.496195000000554,11
44.50530500000057,11
44.506270000000555,11
44.506270000000555,10
44.506270000000555,10
44.51538000000057,10
44.516345000000555,10
44.516345000000555,9
44.516345000000555,9
44.52545500000057,9
44.526420000000556,9
44.526420000000556,8
44.526420000000556,8
44.53553000000057,8
44.536495000000556,8
44.536495000000556,7
44.536495000000556,7
44.54560500000057,7
44.54657000000056,7
44.54657000000056,6
44.54657000000056,6
44.55568000000057,6
44.55664500000056,6
44.55664500000056,5
44.55664500000056,5
44.56575500000057,5
44.56672000000056,5
44.56672000000056,4
44.56672000000056,4
44.57583000000057,4
44.57679500000056,4
44.57679500000056,3
44.57679500000056,3
44.58590500000057,3
44.58687000000056,3
44.58687000000056,2
44.58687000000056,2
44.59598000000057,2
44.59694500000056,2
44.59694500000056,1
44.59694500000056,1
44.60605500000057,1
44.60702000000056,1
44.60702000000056,0
44.60702000000056,0
44.616130000000574,0
44.61707000000056,0
44.626205000000574,0
44.636280000000575,0
44.646330000000575,0
44.65633000000057,1
44.71707000000056,1
44.71707000000056,0
44.71707000000056,0
44.72707000000056,0
44.82707000000056,0
44.92707000000056,0
45.02707000000056,0
45.127070000000565,0
45.227070000000566,0
45.32707000000057,0
45.42707000000057,0
45.52707000000057,0
45.62707000000057,0
45.72707000000057,0
45.8188800000006,1
45.827070000000575,1
45.827070000000575,0
45.827070000000575,0
45.839140000000576,1
45.839140000000576,1
45.839140000000576,0
45.839140000000576,0
45.84921500000058,0
45.9389550000006,0
45.9489850000006,1
45.9490150000006,2
45.94921500000058,2
45.94921500000058,1
45.94921500000058,1
45.95929000000058,1
45.95929000000058,0
45.95929000000058,0
45.96936500000058,0
46.0490300000006,0
46.0590600000006,1
46.0590900000006,2
46.0591050000006,2
46.0691350000006,3
46.0691650000006,4
46.06936500000058,4
46.06936500000058,3
46.06936500000058,3
46.07944000000058,3
46.07944000000058,2
46.07944000000058,2
46.08951500000058,2
46.08951500000058,1
46.08951500000058,1
46.09959000000058,1
46.09959000000058,0
46.09959000000058,0
46.10966500000058,0
46.1691800000006,0
46.1792100000006,1
46.179240000000604,2
46.1792550000006,2
46.1892850000006,3
46.189315000000605,4
46.1893300000006,4
46.1993600000006,5
46.199390000000605,6
46.1994050000006,6
46.2094350000006,7
46.209465000000606,8
46.209665000000584,8
46.209665000000584,7
46.209665000000584,7
46.219740000000584,7
46.219740000000584,6
46.219740000000584,6
46.229815000000585,6
46.229815000000585,5
46.229815000000585,5
46.239890000000585,5
46.239890000000585,4
46.239890000000585,4
46.249965000000586,4
46.249965000000586,3
46.249965000000586,3
46.260040000000586,3
46.260040000000586,2
46.260040000000586,2
46.27011500000059,2
46.27011500000059,1
46.27011500000059,1
46.28019000000059,1
46.28019000000059,0
46.28019000000059,0
46.29026500000059,0
46.309480000000605,0
46.319510000000605,1
46.31954000000061,2
46.319555000000605,2
46.329585000000606,3
46.32961500000061,4
46.329630000000606,4
46.339660000000606,5
46.33969000000061,6
46.339705000000606,6
46.34973500000061,7
46.34976500000061,8
46.34978000000061,8
46.35981000000061,9
46.35984000000061,10
46.35985500000061,10
46.36988500000061,11
46.36991500000061,12
46.36993000000061,12
46.37996000000061,13
46.37999000000061,14
46.38000500000061,14
46.39003500000061,15
46.39006500000061,16
46.39026500000059,16
46.39026500000059,15
46.39026500000059,15
46.40034000000059,15
46.40034000000059,14
46.40034000000059,14
46.41041500000059,14
46.41041500000059,13
46.41041500000059,13
46.42049000000059,13
46.42049000000059,12
46.42049000000059,12
46.43056500000059,12
46.43056500000059,11
46.43056500000059,11
46.44064000000059,11
46.44064000000059,10
46.44064000000059,10
46.45071500000059,10
46.45071500000059,9
46.45071500000059,9
46.46079000000059,9
46.46079000000059,8
46.46079000000059,8
46.47086500000059,8
46.47086500000059,7
46.47086500000059,7
46.480940000000594,7
46.480940000000594,6
46.480940000000594,6
46.49008000000061,6
46.491015000000594,6
46.491015000000594,5
46.491015000000594,5
46.50011000000061,6
46.50014000000061,7
46.50015500000061,7
46.501090000000595,7
46.501090000000595,6
46.501090000000595,6
46.51018500000061,7
46.51023000000061,7
46.511165000000595,7
46.511165000000595,6
46.511165000000595,6
46.52030500000061,6
46.521240000000596,6
46.521240000000596,5
46.521240000000596,5
46.53038000000061,5
46.531315000000596,5
46.531315000000596,4
46.531315000000596,4
46.54045500000061,4
46.5413900000006,4
46.5413900000006,3
46.5413900000006,3
46.55053000000061,3
46.5514650000006,3
46.5514650000006,2
46.5514650000006,2
46.56060500000061,2
46.5615400000006,2
46.5615400000006,1
46.5615400000006,1
46.570680000000614,1
46.5716150000006,1
46.5716150000006,0
46.5716150000006,0
46.580755000000615,0
46.5816900000006,0
46.590830000000615,0
46.600905000000616,0
46.610980000000616,0
46.62105500000062,0
46.63113000000062,0
46.64120500000062,0
46.65128000000062,0
46.66135500000062,0
46.67143000000062,0
46.68143000000062,1
46.6816900000006,1
46.6816900000006,0
46.6816900000006,0
46.6916900000006,0
46.7916900000006,0
46.8916900000006,0
46.9916900000006,0
47.091690000000604,0
47.191690000000605,0
47.29169000000061,0
47.39169000000061,0
47.49169000000061,0
47.59169000000061,0
47.69169000000061,0
47.791690000000614,0
47.891690000000615,0
47.99169000000062,0
48.09169000000062,0
48.19169000000062,0
48.29169000000062,0
48.39169000000062,0
48.491690000000624,0
48.591690000000625,0
48.69169000000063,0
48.79169000000063,0
48.89169000000063,0
48.99169000000063,0
49.09169000000063,0
49.191690000000634,0
49.291690000000635,0
49.39169000000064,0
49.49169000000064,0
49.59169000000064,0
49.69169000000064,0
49.79169000000064,0
49.891690000000644,0
49.991690000000645,0
50.091690000000646,0
50.19169000000065,0
50.29169000000065,0
50.39169000000065,0
50.49169000000065,0
50.59169000000065,0
50.691690000000655,0
50.791690000000656,0
50.89169000000066,0
50.99169000000066,0
51.09169000000066,0
51.19169000000066,0
51.29169000000066,0
51.391690000000665,0
51.491690000000666,0
51.59169000000067,0
51.69169000000067,0
51.79169000000067,0
51.89169000000067,0
51.99169000000067,0
52.091690000000675,0
52.191690000000676,0
52.29169000000068,0
52.39169000000068,0
52.49169000000068,0
52.59169000000068,0
52.69169000000068,0
52.791690000000685,0
52.891690000000686,0
52.99169000000069,0
53.09169000000069,0
53.19169000000069,0
53.29169000000069,0
53.39169000000069,0
53.491690000000695,0
53.591690000000696,0
53.6916900000007,0
53.7916900000007,0
53.8916900000007,0
53.9916900000007,0
54.0916900000007,0
54.191690000000705,0
54.291690000000706,0
54.39169000000071,0
54.49169000000071,0
54.59169000000071,0
54.69169000000071,0
54.79169000000071,0
54.891690000000715,0
54.991690000000716,0
55.09169000000072,0
55.18143000000074,1
55.19169000000072,1
55.19169000000072,0
55.19169000000072,0
55.20380000000072,1
55.20380000000072,1
55.20380000000072,0
55.20380000000072,0
55.21387500000072,0
55.30150500000074,0
55.31153500000074,1
55.31156500000074,2
55.31387500000072,2
55.31387500000072,1
55.31387500000072,1
55.32395000000072,1
55.32395000000072,0
55.32395000000072,0
55.33402500000072,0
55.41158000000074,0
55.42161000000074,1
55.42164000000074,2
55.42165500000074,2
55.43168500000074,3
55.43171500000074,4
55.43402500000072,4
55.43402500000072,3
55.43402500000072,3
55.444100000000724,3
55.444100000000724,2
55.444100000000724,2
55.454175000000724,2
55.454175000000724,1
55.454175000000724,1
55.464250000000725,1
55.464250000000725,0
55.464250000000725,0
55.474325000000725,0
55.53173000000074,0
55.54176000000074,1
55.541790000000745,2
55.54180500000074,2
55.55183500000074,3
55.551865000000745,4
55.55188000000074,4
55.56191000000074,5
55.561940000000746,6
55.561955000000744,6
55.571985000000744,7
55.57201500000075,8
55.57432500000073,8
55.57432500000073,7
55.57432500000073,7
55.58440000000073,7
55.58440000000073,6
55.58440000000073,6
55.59447500000073,6
55.59447500000073,5
55.59447500000073,5
55.60455000000073,5
55.60455000000073,4
55.60455000000073,4
55.61462500000073,4
55.61462500000073,3
55.61462500000073,3
55.62470000000073,3
55.62470000000073,2
55.62470000000073,2
55.63477500000073,2
55.63477500000073,1
55.63477500000073,1
55.64485000000073,1
55.64485000000073,0
55.64485000000073,0
55.65492500000073,0
55.672030000000746,0
55.682060000000746,1
55.68209000000075,2
55.682105000000746,2
55.69213500000075,3
55.69216500000075,4
55.69218000000075,4
55.70221000000075,5
55.70224000000075,6
55.70225500000075,6
55.71228500000075,7
55.71231500000075,8
55.71233000000075,8
55.72236000000075,9
55.72239000000075,10
55.72240500000075,10
55.73243500000075,11
55.73246500000075,12
55.73248000000075,12
55.74251000000075,13
55.74254000000075,14
55.74255500000075,14
55.75258500000075,15
55.75261500000075,16
55.75492500000073,16
55.75492500000073,15
55.75492500000073,15
55.76500000000073,15
55.76500000000073,14
55.76500000000073,14
55.77507500000073,14
55.77507500000073,13
55.77507500000073,13
55.78515000000073,13
55.78515000000073,12
55.78515000000073,12
55.795225000000734,12
55.795225000000734,11
55.795225000000734,11
55.805300000000734,11
55.805300000000734,10
55.805300000000734,10
55.815375000000735,10
55.815375000000735,9
55.815375000000735,9
55.825450000000735,9
55.825450000000735,8
55.825450000000735,8
55.835525000000736,8
55.835525000000736,7
55.835525000000736,7
55.845600000000736,7
55.845600000000736,6
55.845600000000736,6
55.85263000000075,6
55.85567500000074,6
55.85567500000074,5
55.85567500000074,5
55.86266000000075,6
55.862690000000754,7
55.86270500000075,7
55.86575000000074,7
55.86575000000074,6
55.86575000000074,6
55.87273500000075,7
55.87275500000075,8
55.87278000000075,8
55.87582500000074,8
55.87582500000074,7
55.87582500000074,7
55.88285500000075,7
55.88590000000074,7
55.88590000000074,6
55.88590000000074,6
55.89293000000075,6
55.89597500000074,6
55.89597500000074,5
55.89597500000074,5
55.90300500000075,5
55.90605000000074,5
55.90605000000074,4
55.90605000000074,4
55.913080000000754,4
55.91612500000074,4
55.91612500000074,3
55.91612500000074,3
55.923155000000754,3
55.92620000000074,3
55.92620000000074,2
55.92620000000074,2
55.933230000000755,2
55.93627500000074,2
55.93627500000074,1
55.93627500000074,1
55.943305000000755,1
55.94635000000074,1
55.94635000000074,0
55.94635000000074,0
55.953380000000756,0
55.95640000000074,0
55.96345500000076,0
55.97353000000076,0
55.98360500000076,0
55.99368000000076,0
56.00375500000076,0
56.01383000000076,0
56.02390500000076,0
56.03398000000076,0
56.04403000000076,0
56.05403000000076,1
56.05640000000074,1
56.05640000000074,0
56.05640000000074,0
56.06640000000074,0
56.16640000000074,0
56.26640000000074,0
56.366400000000745,0
56.466400000000746,0
56.56640000000075,0
56.66640000000075,0
56.76640000000075,0
56.86640000000075,0
56.96640000000075,0
57.066400000000755,0
57.166400000000756,0
57.26640000000076,0
57.36640000000076,0
57.46640000000076,0
57.56640000000076,0
57.66640000000076,0
57.766400000000765,0
57.866400000000766,0
57.96640000000077,0
58.06640000000077,0
58.16640000000077,0
58.26640000000077,0
58.36640000000077,0
58.466400000000775,0
58.566400000000776,0
58.66640000000078,0
58.76640000000078,0
58.86640000000078,0
58.96640000000078,0
59.06640000000078,0
59.166400000000785,0
59.266400000000786,0
59.36640000000079,0
59.46640000000079,0
59.56640000000079,0
59.66640000000079,0
59.76640000000079,0
59.866400000000795,0
59.966400000000796,0
60.0664000000008,0
60.1664000000008,0
60.2664000000008,0
60.3664000000008,0
60.4664000000008,0
60.566400000000804,0
60.666400000000806,0
60.76640000000081,0
60.86640000000081,0
60.96640000000081,0
61.06640000000081,0
61.16640000000081,0
61.266400000000814,0
61.366400000000816,0
61.46640000000082,0
61.56640000000082,0
61.66640000000082,0
61.76640000000082,0
61.86640000000082,0
61.966400000000824,0
62.066400000000826,0
62.16640000000083,0
62.26640000000083,0
62.36640000000083,0
62.46640000000083,0
62.56640000000083,0
62.666400000000834,0
62.766400000000836,0
62.86640000000084,0
62.96640000000084,0
63.06640000000084,0
63.10031,1
63.15403000000086,2
63.16640000000084,2
63.16640000000084,1
63.16640000000084,1
63.16640000000084,0
63.16640000000084,0
63.17887000000084,1
63.17887000000084,1
63.17887000000084,0
63.17887000000084,0
63.18894500000084,0
63.27410500000086,0
63.28413500000086,1
63.28416500000086,2
63.288945000000844,2
63.288945000000844,1
63.288945000000844,1
63.299020000000844,1
63.299020000000844,0
63.299020000000844,0
63.309095000000845,0
63.38418000000086,0
63.39421000000086,1
63.39424000000086,2
63.39425500000086,2
63.40428500000086,3
63.404315000000864,4
63.409095000000846,4
63.409095000000846,3
63.409095000000846,3
63.41917000000085,3
63.41917000000085,2
63.41917000000085,2
63.42924500000085,2
63.42924500000085,1
63.42924500000085,1
63.43932000000085,1
63.43932000000085,0
63.43932000000085,0
63.44939500000085,0
63.50433000000086,0
63.51436000000086,1
63.514390000000866,2
63.51440500000086,2
63.524435000000864,3
63.524465000000866,4
63.524480000000864,4
63.534510000000864,5
63.53454000000087,6
63.534555000000864,6
63.544585000000865,7
63.54461500000087,8
63.54939500000085,8
63.54939500000085,7
63.54939500000085,7
63.55947000000085,7
63.55947000000085,6
63.55947000000085,6
63.56954500000085,6
63.56954500000085,5
63.56954500000085,5
63.57962000000085,5
63.57962000000085,4
63.57962000000085,4
63.58969500000085,4
63.58969500000085,3
63.58969500000085,3
63.59977000000085,3
63.59977000000085,2
63.59977000000085,2
63.60984500000085,2
63.60984500000085,1
63.60984500000085,1
63.61992000000085,1
63.61992000000085,0
63.61992000000085,0
63.629995000000854,0
63.644630000000866,0
63.65466000000087,1
63.65469000000087,2
63.65470500000087,2
63.66473500000087,3
63.66476500000087,4
63.66478000000087,4
63.67481000000087,5
63.67484000000087,6
63.67485500000087,6
63.68488500000087,7
63.68491500000087,8
63.68493000000087,8
63.69496000000087,9
63.69499000000087,10
63.69500500000087,10
63.70503500000087,11
63.70506500000087,12
63.70508000000087,12
63.71511000000087,13
63.71514000000087,14
63.71515500000087,14
63.72518500000087,15
63.72521500000087,16
63.729995000000855,16
63.729995000000855,15
63.729995000000855,15
63.740070000000856,15
63.740070000000856,14
63.740070000000856,14
63.750145000000856,14
63.750145000000856,13
63.750145000000856,13
63.76022000000086,13
63.76022000000086,12
63.76022000000086,12
63.77029500000086,12
63.77029500000086,11
63.77029500000086,11
63.78037000000086,11
63.78037000000086,10
63.78037000000086,10
63.79044500000086,10
63.79044500000086,9
63.79044500000086,9
63.80052000000086,9
63.80052000000086,8
63.80052000000086,8
63.81059500000086,8
63.81059500000086,7
63.81059500000086,7
63.82067000000086,7
63.82067000000086,6
63.82067000000086,6
63.82523000000087,6
63.83074500000086,6
63.83074500000086,5
63.83074500000086,5
63.83526000000087,6
63.835290000000874,7
63.83530500000087,7
63.84082000000086,7
63.84082000000086,6
63.84082000000086,6
63.84533500000087,7
63.845365000000875,8
63.84538000000087,8
63.85089500000086,8
63.85089500000086,7
63.85089500000086,7
63.85541000000087,8
63.855440000000876,9
63.85545500000087,9
63.86097000000086,9
63.86097000000086,8
63.86097000000086,8
63.865485000000874,9
63.865515000000876,10
63.865530000000874,10
63.87104500000086,10
63.87104500000086,9
63.87104500000086,9
63.875560000000874,10
63.87558000000087,11
63.875605000000874,11
63.88112000000086,11
63.88112000000086,10
63.88112000000086,10
63.885680000000875,10
63.89119500000086,10
63.89119500000086,9
63.89119500000086,9
63.895755000000875,9
63.90127000000086,9
63.90127000000086,8
63.90127000000086,8
63.905830000000876,8
63.911345000000864,8
63.911345000000864,7
63.911345000000864,7
63.915905000000876,7
63.921420000000865,7
63.921420000000865,6
63.921420000000865,6
63.92598000000088,6
63.931495000000865,6
63.931495000000865,5
63.931495000000865,5
63.93605500000088,5
63.941570000000866,5
63.941570000000866,4
63.941570000000866,4
63.94613000000088,4
63.951645000000866,4
63.951645000000866,3
63.951645000000866,3
63.95620500000088,3
63.96172000000087,3
63.96172000000087,2
63.96172000000087,2
63.96628000000088,2
63.97179500000087,2
63.97179500000087,1
63.97179500000087,1
63.97635500000088,1
63.98187000000087,1
63.98187000000087,0
63.98187000000087,0
63.98643000000088,0
63.99192000000087,0
63.99650500000088,0
64.00658000000088,0
64.01665500000088,0
64.02673000000088,0
64.03680500000088,0
64.04688000000088,0
64.05695500000088,0
64.06703000000088,0
64.07708000000089,0
64.0870800000009,1
64.09192000000087,1
64.09192000000087,0
64.09192000000087,0
64.10192000000087,0
64.20192000000087,0
64.28708000000088,1
64.30192000000086,1
64.30192000000086,0
64.30192000000086,0
64.31575000000086,1
64.31575000000086,1
64.31575000000086,0
64.31575000000086,0
64.32582500000086,0
64.40715500000088,0
64.41718500000088,1
64.41721500000088,2
64.42582500000086,2
64.42582500000086,1
64.42582500000086,1
64.43590000000086,1
64.43590000000086,0
64.43590000000086,0
64.44597500000086,0
64.51723000000088,0
64.52726000000088,1
64.52729000000087,2
64.52730500000088,2
64.53733500000088,3
64.53736500000088,4
64.54597500000085,4
64.54597500000085,3
64.54597500000085,3
64.55605000000085,3
64.55605000000085,2
64.55605000000085,2
64.56612500000085,2
64.56612500000085,1
64.56612500000085,1
64.57620000000085,1
64.57620000000085,0
64.57620000000085,0
64.58627500000085,0
64.63738000000087,0
64.64741000000087,1
64.64744000000087,2
64.64745500000087,2
64.65748500000088,3
64.65751500000087,4
64.65753000000088,4
64.66756000000088,5
64.66759000000087,6
64.66760500000088,6
64.67763500000088,7
64.67766500000087,8
64.68627500000085,8
64.68627500000085,7
64.68627500000085,7
64.69635000000085,7
64.69635000000085,6
64.69635000000085,6
64.70642500000085,6
64.70642500000085,5
64.70642500000085,5
64.71650000000085,5
64.71650000000085,4
64.71650000000085,4
64.72657500000085,4
64.72657500000085,3
64.72657500000085,3
64.73665000000085,3
64.73665000000085,2
64.73665000000085,2
64.74672500000085,2
64.74672500000085,1
64.74672500000085,1
64.75680000000085,1
64.75680000000085,0
64.75680000000085,0
64.76687500000085,0
64.77768000000087,0
64.78771000000087,1
64.78774000000087,2
64.78775500000087,2
64.79778500000087,3
64.79781500000087,4
64.79783000000087,4
64.80786000000087,5
64.80789000000087,6
64.80790500000087,6
64.81793500000087,7
64.81796500000087,8
64.81798000000087,8
64.82801000000087,9
64.82804000000087,10
64.82805500000087,10
64.83808500000087,11
64.83811500000087,12
64.83813000000087,12
64.84816000000087,13
64.84819000000087,14
64.84820500000087,14
64.85823500000087,15
64.85826500000087,16
64.86687500000085,16
64.86687500000085,15
64.86687500000085,15
64.87695000000085,15
64.87695000000085,14
64.87695000000085,14
64.88702500000085,14
64.88702500000085,13
64.88702500000085,13
64.89710000000085,13
64.89710000000085,12
64.89710000000085,12
64.90717500000085,12
64.90717500000085,11
64.90717500000085,11
64.91725000000085,11
64.91725000000085,10
64.91725000000085,10
64.92732500000085,10
64.92732500000085,9
64.92732500000085,9
64.93740000000085,9
64.93740000000085,8
64.93740000000085,8
64.94747500000085,8
64.94747500000085,7
64.94747500000085,7
64.95755000000085,7
64.95755000000085,6
64.95755000000085,6
64.95828000000087,6
64.96762500000085,6
64.96762500000085,5
64.96762500000085,5
64.96831000000087,6
64.96834000000086,7
64.96835500000087,7
64.97770000000085,7
64.97770000000085,6
64.97770000000085,6
64.97838500000087,7
64.97841500000087,8
64.97843000000087,8
64.98777500000085,8
64.98777500000085,7
64.98777500000085,7
64.98846000000087,8
64.98849000000087,9
64.98850500000087,9
64.99785000000085,9
64.99785000000085,8
64.99785000000085,8
64.99853500000087,9
64.99856500000087,10
64.99858000000087,10
65.00792500000085,10
65.00792500000085,9
65.00792500000085,9
65.00861000000087,10
65.00864000000087,11
65.00865500000087,11
65.01800000000085,11
65.01800000000085,10
65.01800000000085,10
65.01868500000087,11
65.01871500000087,12
65.01873000000087,12
65.02807500000085,12
65.02807500000085,11
65.02807500000085,11
65.02876000000087,12
65.02879000000087,13
65.02880500000087,13
65.03815000000085,13
65.03815000000085,12
65.03815000000085,12
65.03883500000087,13
65.03886500000087,14
65.03888000000087,14
65.04822500000085,14
65.04822500000085,13
65.04822500000085,13
65.04891000000087,14
65.04894000000087,15
65.04895500000087,15
65.05830000000086,15
65.05830000000086,14
65.05830000000086,14
65.05898500000087,15
65.05901500000087,16
65.05903000000087,16
65.06837500000086,16
65.06837500000086,15
65.06837500000086,15
65.06906000000087,16
65.06909000000087,17
65.06910500000087,17
65.07845000000086,17
65.07845000000086,16
65.07845000000086,16
65.07913500000087,17
65.07916500000087,18
65.07918000000087,18
65.08852500000086,18
65.08852500000086,17
65.08852500000086,17
65.08921000000088,18
65.08924000000087,19
65.08925500000088,19
65.09860000000086,19
65.09860000000086,18
65.09860000000086,18
65.09928500000088,19
65.09931500000087,20
65.09933000000088,20
65.10867500000086,20
65.10867500000086,19
65.10867500000086,19
65.10936000000088,20
65.10939000000087,21
65.10940500000088,21
65.11875000000086,21
65.11875000000086,20
65.11875000000086,20
65.11943500000088,21
65.11946500000087,22
65.11948000000088,22
65.12882500000086,22
65.12882500000086,21
65.12882500000086,21
65.12949000000089,22
65.12955500000088,22
65.13890000000086,22
65.13890000000086,21
65.13890000000086,21
65.13963000000088,21
65.14897500000086,21
65.14897500000086,20
65.14897500000086,20
65.14970500000088,20
65.15905000000086,20
65.15905000000086,19
65.15905000000086,19
65.15978000000088,19
65.16912500000086,19
65.16912500000086,18
65.16912500000086,18
65.16985500000088,18
65.17920000000086,18
65.17920000000086,17
65.17920000000086,17
65.17993000000088,17
65.18927500000086,17
65.18927500000086,16
65.18927500000086,16
65.19000500000088,16
65.19935000000086,16
65.19935000000086,15
65.19935000000086,15
65.20008000000088,15
65.20942500000086,15
65.20942500000086,14
65.20942500000086,14
65.21015500000088,14
65.21950000000086,14
65.21950000000086,13
65.21950000000086,13
65.22023000000088,13
65.22957500000086,13
65.22957500000086,12
65.22957500000086,12
65.23030500000088,12
65.23965000000086,12
65.23965000000086,11
65.23965000000086,11
65.24038000000088,11
65.24972500000086,11
65.24972500000086,10
65.24972500000086,10
65.25045500000088,10
65.25980000000087,10
65.25980000000087,9
65.25980000000087,9
65.26053000000088,9
65.26987500000087,9
65.26987500000087,8
65.26987500000087,8
65.27060500000088,8
65.27995000000087,8
65.27995000000087,7
65.27995000000087,7
65.28068000000088,7
65.29002500000087,7
65.29002500000087,6
65.29002500000087,6
65.29075500000089,6
65.30010000000087,6
65.30010000000087,5
65.30010000000087,5
65.30083000000089,5
65.31017500000087,5
65.31017500000087,4
65.31017500000087,4
65.31090500000089,4
65.32025000000087,4
65.32025000000087,3
65.32025000000087,3
65.32098000000089,3
65.33032500000087,3
65.33032500000087,2
65.33032500000087,2
65.33105500000089,2
65.34040000000087,2
65.34040000000087,1
65.34040000000087,1
65.34113000000089,1
65.35047500000087,1
65.35047500000087,0
65.35047500000087,0
65.35120500000089,0
65.36050000000087,0
65.36128000000089,0
65.37135500000089,0
65.38143000000089,0
65.39150500000089,0
65.40158000000089,0
65.41165500000089,0
65.42173000000089,0
65.43180500000089,0
65.44183000000089,0
65.4518300000009,1
65.46050000000086,1
65.46050000000086,0
65.46050000000086,0
65.47050000000087,0
65.57050000000086,0
65.67050000000086,0
65.77050000000085,0
65.87050000000085,0
65.97050000000084,0
66.07050000000083,0
66.17050000000083,0
66.27050000000082,0
66.37050000000082,0
66.47050000000081,0
66.5705000000008,0
66.6705000000008,0
66.7705000000008,0
66.87050000000079,0
66.97050000000078,0
67.07050000000078,0
67.17050000000077,0
67.27050000000077,0
67.37050000000076,0
67.47050000000075,0
67.57050000000075,0
67.67050000000074,0
67.77050000000074,0
67.87050000000073,0
67.97050000000073,0
68.07050000000072,0
68.10031,1
68.17050000000071,1
68.17050000000071,0
68.17050000000071,0
68.27050000000071,0
68.3705000000007,0
68.4705000000007,0
68.57050000000069,0
68.67050000000069,0
68.77050000000068,0
68.87050000000067,0
68.97050000000067,0
69.07050000000066,0
69.17050000000066,0
69.27050000000065,0
69.37050000000065,0
69.47050000000064,0
69.50043999999998,1
69.57050000000064,1
69.57050000000064,0
69.57050000000064,0
69.67050000000063,0
69.77050000000062,0
69.87050000000062,0
69.97050000000061,0
70.0705000000006,0
70.1705000000006,0
70.2705000000006,0
70.37050000000059,0
70.47050000000058,0
70.57050000000058,0
70.67050000000057,0
70.77050000000057,0
70.87050000000056,0
70.97050000000056,0
71.07050000000055,0
71.17050000000054,0
71.27050000000054,0
71.37050000000053,0
71.47050000000053,0
71.50043999999998,1
71.50057,2
71.57050000000052,2
71.57050000000052,1
71.57050000000052,1
71.57050000000052,0
71.57050000000052,0
71.67050000000052,0
71.77050000000051,0
71.8705000000005,0
71.9705000000005,0
72.0705000000005,0
72.10030999999998,1
72.17050000000049,1
72.17050000000049,0
72.17050000000049,0
72.27050000000048,0
72.37050000000048,0
72.47050000000047,0
72.57050000000046,0
72.67050000000046,0
72.77050000000045,0
72.87050000000045,0
72.97050000000044,0
73.00043999999998,1
73.07050000000044,1
73.07050000000044,0
73.07050000000044,0
73.17050000000043,0
73.27050000000042,0
73.37050000000042,0
73.47050000000041,0
73.50056999999997,1
73.57050000000041,1
73.57050000000041,0
73.57050000000041,0
73.6705000000004,0
73.7705000000004,0
73.87050000000039,0
73.97050000000038,0
74.00056999999997,1
74.07050000000038,1
74.07050000000038,0
74.07050000000038,0
74.17050000000037,0
74.27050000000037,0
74.37050000000036,0
74.47050000000036,0
74.57050000000035,0
74.67050000000035,0
74.77050000000034,0
74.87050000000033,0
74.97050000000033,0
75.07050000000032,0
75.17050000000032,0
75.27050000000031,0
75.3705000000003,0
75.4705000000003,0
75.5705000000003,0
75.67050000000029,0
75.77050000000028,0
75.87050000000028,0
75.97050000000027,0
76.07050000000027,0
76.17050000000026,0
76.27050000000025,0
76.37050000000025,0
76.47050000000024,0
76.57050000000024,0
76.67050000000023,0
76.77050000000023,0
76.87050000000022,0
76.97050000000021,0
77.07050000000021,0
77.1705000000002,0
77.2705000000002,0
77.37050000000019,0
77.47050000000019,0
77.57050000000018,0
77.67050000000017,0
77.77050000000017,0
77.87050000000016,0
77.97050000000016,0
78.07050000000015,0
78.17050000000015,0
78.27050000000014,0
78.37050000000013,0
78.47050000000013,0
78.57050000000012,0
78.67050000000012,0
78.77050000000011,0
78.8705000000001,0
78.9705000000001,0
79.0705000000001,0
79.17050000000009,0
79.27050000000008,0
79.37050000000008,0
79.47050000000007,0
79.57050000000007,0
79.67050000000006,0
79.77050000000006,0
79.87050000000005,0
79.97050000000004,0
80.07050000000004,0
80.17050000000003,0
80.27050000000003,0
80.37050000000002,0
80.47050000000002,0
80.57050000000001,0
80.6705,0
80.7705,0
80.87049999999999,0
80.97049999999999,0
81.07049999999998,0
81.17049999999998,0
81.27049999999997,0
81.37049999999996,0
81.47049999999996,0
81.57049999999995,0
81.67049999999995,0
81.77049999999994,0
81.87049999999994,0
81.97049999999993,0
82.07049999999992,0
82.17049999999992,0
82.27049999999991,0
82.37049999999991,0
82.4704999999999,0
82.5704999999999,0
82.67049999999989,0
82.77049999999988,0
82.87049999999988,0
82.97049999999987,0
83.07049999999987,0
83.17049999999986,0
83.27049999999986,0
83.37049999999985,0
83.47049999999984,0
83.57049999999984,0
83.67049999999983,0
83.77049999999983,0
83.87049999999982,0
83.97049999999982,0
84.07049999999981,0
84.1704999999998,0
84.2704999999998,0
84.3704999999998,0
84.47049999999979,0
84.57049999999978,0
84.67049999999978,0
84.77049999999977,0
84.87049999999977,0
84.97049999999976,0
85.07049999999975,0
85.17049999999975,0
85.27049999999974,0
85.37049999999974,0
85.47049999999973,0
85.57049999999973,0
85.67049999999972,0
85.77049999999971,0
85.87049999999971,0
85.9704999999997,0
86.0704999999997,0
86.17049999999969,0
86.27049999999969,0
86.37049999999968,0
86.47049999999967,0
86.57049999999967,0
86.67049999999966,0
86.77049999999966,0
86.87049999999965,0
86.97049999999965,0
87.07049999999964,0
87.17049999999963,0
87.27049999999963,0
87.37049999999962,0
87.47049999999962,0
87.57049999999961,0
87.6704999999996,0
87.7704999999996,0
87.8704999999996,0
87.97049999999959,0
88.07049999999958,0
88.17049999999958,0
88.27049999999957,0
88.37049999999957,0
88.47049999999956,0
88.57049999999956,0
88.67049999999955,0
88.77049999999954,0
88.87049999999954,0
88.97049999999953,0
89.07049999999953,0
89.17049999999952,0
89.27049999999952,0
89.37049999999951,0
89.4704999999995,0
89.5704999999995,0
89.67049999999949,0
89.77049999999949,0
89.87049999999948,0
89.97049999999948,0
90.07049999999947,0
90.17049999999946,0
90.27049999999946,0
90.37049999999945,0
90.47049999999945,0
90.57049999999944,0
90.67049999999944,0
90.77049999999943,0
90.87049999999942,0
90.97049999999942,0
91.07049999999941,0
91.17049999999941,0
91.2704999999994,0
91.3704999999994,0
91.47049999999939,0
91.57049999999938,0
91.67049999999938,0
91.77049999999937,0
91.87049999999937,0
91.97049999999936,0
92.07049999999936,0
92.17049999999935,0
92.27049999999934,0
92.37049999999934,0
92.47049999999933,0
92.57049999999933,0
92.67049999999932,0
92.77049999999932,0
92.87049999999931,0
92.9704999999993,0
93.0704999999993,0
93.1704999999993,0
93.27049999999929,0
93.37049999999928,0
93.47049999999928,0
93.57049999999927,0
93.67049999999927,0
93.77049999999926,0
93.87049999999925,0
93.97049999999925,0
94.07049999999924,0
94.17049999999924,0
94.27049999999923,0
94.37049999999923,0
94.47049999999922,0
94.57049999999921,0
94.67049999999921,0
94.7704999999992,0
94.8704999999992,0
94.97049999999919,0
95.07049999999919,0
95.17049999999918,0
95.27049999999917,0
95.37049999999917,0
95.47049999999916,0
95.57049999999916,0
95.67049999999915,0
95.77049999999915,0
95.87049999999914,0
95.97049999999913,0
96.07049999999913,0
96.17049999999912,0
96.27049999999912,0
96.37049999999911,0
96.4704999999991,0
96.5704999999991,0
96.6704999999991,0
96.77049999999909,0
96.87049999999908,0
96.97049999999908,0
97.07049999999907,0
97.17049999999907,0
97.27049999999906,0
97.37049999999905,0
97.47049999999905,0
97.57049999999904,0
97.67049999999904,0
97.77049999999903,0
97.87049999999903,0
97.97049999999902,0
98.07049999999902,0
98.17049999999901,0
98.270499999999,0
98.370499999999,0
98.47049999999899,0
98.57049999999899,0
98.67049999999898,0
98.77049999999898,0
98.87049999999897,0
98.97049999999896,0
99.07049999999896,0
99.17049999999895,0
99.27049999999895,0
99.37049999999894,0
99.47049999999894,0
99.57049999999893,0
99.67049999999892,0
99.77049999999892,0
99.87049999999891,0
99.9704999999989,0
100.0704999999989,0
100.1704999999989,0
100.27049999999889,0
100.37049999999888,0
100.47049999999888,0
100.57049999999887,0
100.67049999999887,0
100.77049999999886,0
100.87049999999886,0
100.97049999999885,0
101.07049999999884,0
101.17049999999884,0
101.27049999999883,0
101.37049999999883,0
101.47049999999882,0
101.57049999999882,0
101.67049999999881,0
101.7704999999988,0
101.8704999999988,0
101.9704999999988,0
102.07049999999879,0
102.17049999999878,0
102.27049999999878,0
102.37049999999877,0
102.47049999999876,0
102.57049999999876,0
102.67049999999875,0
102.77049999999875,0
102.87049999999874,0
102.97049999999874,0
103.07049999999873,0
103.17049999999873,0
103.27049999999872,0
103.37049999999871,0
103.47049999999871,0
103.5704999999987,0
103.6704999999987,0
103.77049999999869,0
103.87049999999869,0
103.97049999999868,0
104.07049999999867,0
104.17049999999867,0
104.27049999999866,0
104.37049999999866,0
104.47049999999865,0
104.57049999999865,0
104.67049999999864,0
104.77049999999863,0
104.87049999999863,0
104.97049999999862,0
105.07049999999862,0
105.17049999999861,0
105.2704999999986,0
105.3704999999986,0
105.4704999999986,0
105.57049999999859,0
105.67049999999858,0
105.77049999999858,0
105.87049999999857,0
105.97049999999857,0
106.07049999999856,0
106.17049999999855,0
106.27049999999855,0
106.37049999999854,0
106.47049999999854,0
106.57049999999853,0
106.67049999999853,0
106.77049999999852,0
106.87049999999851,0
106.97049999999851,0
107.0704999999985,0
107.1704999999985,0
107.27049999999849,0
107.37049999999849,0
107.47049999999848,0
107.57049999999848,0
107.67049999999847,0
107.77049999999846,0
107.87049999999846,0
107.97049999999845,0
108.07049999999845,0
108.17049999999844,0
108.27049999999844,0
108.37049999999843,0
108.47049999999842,0
108.57049999999842,0
108.67049999999841,0
108.7704999999984,0
108.8704999999984,0
108.9704999999984,0
109.07049999999839,0
109.17049999999838,0
109.27049999999838,0
109.37049999999837,0
109.47049999999837,0
109.57049999999836,0
109.67049999999836,0
109.77049999999835,0
109.87049999999834,0
109.97049999999834,0
110.07049999999833,0
110.17049999999833,0
110.27049999999832,0
110.37049999999832,0
110.47049999999831,0
110.5704999999983,0
110.6704999999983,0
110.7704999999983,0
110.87049999999829,0
110.97049999999828,0
111.07049999999828,0
111.17049999999827,0
111.27049999999826,0
111.37049999999826,0
111.47049999999825,0
111.57049999999825,0
111.67049999999824,0
111.77049999999824,0
111.87049999999823,0
111.97049999999822,0
112.07049999999822,0
112.17049999999821,0
112.27049999999821,0
112.3704999999982,0
112.4704999999982,0
112.57049999999819,0
112.67049999999819,0
112.77049999999818,0
112.87049999999817,0
112.97049999999817,0
113.07049999999816,0
113.17049999999816,0
113.27049999999815,0
113.37049999999815,0
113.47049999999814,0
113.57049999999813,0
113.67049999999813,0
113.77049999999812,0
113.87049999999812,0
113.97049999999811,0
114.0704999999981,0
114.1704999999981,0
114.2704999999981,0
114.37049999999809,0
114.47049999999808,0
114.57049999999808,0
114.67049999999807,0
114.77049999999807,0
114.87049999999806,0
114.97049999999805,0
115.07049999999805,0
115.17049999999804,0
115.27049999999804,0
115.37049999999803,0
115.47049999999803,0
115.57049999999802,0
115.67049999999801,0
115.77049999999801,0
115.870499999998,0
115.970499999998,0
116.07049999999799,0
116.17049999999799,0
116.27049999999798,0
116.37049999999797,0
116.47049999999797,0
116.57049999999796,0
116.67049999999796,0
116.77049999999795,0
116.87049999999795,0
116.97049999999794,0
117.07049999999793,0
117.17049999999793,0
117.27049999999792,0
117.37049999999792,0
117.47049999999791,0
117.5704999999979,0
117.6704999999979,0
117.7704999999979,0
117.87049999999789,0
117.97049999999788,0
118.07049999999788,0
118.17049999999787,0
118.27049999999787,0
118.37049999999786,0
118.47049999999786,0
118.57049999999785,0
118.67049999999784,0
118.77049999999784,0
118.87049999999783,0
118.97049999999783,0
119.07049999999782,0
119.17049999999782,0
119.27049999999781,0
119.3704999999978,0
119.4704999999978,0
119.57049999999779,0
119.67049999999779,0
119.77049999999778,0
119.87049999999778,0
119.97049999999777,0
120.07049999999776,0
120.17049999999776,0
120.27049999999775,0
120.37049999999775,0
120.47049999999774,0
120.57049999999774,0
120.67049999999773,0
120.77049999999772,0
120.87049999999772,0
120.97049999999771,0
121.07049999999771,0
121.1704999999977,0
121.2704999999977,0
121.37049999999769,0
121.47049999999768,0
121.57049999999768,0
121.67049999999767,0
121.77049999999767,0
121.87049999999766,0
121.97049999999766,0
122.07049999999765,0
122.17049999999765,0
122.27049999999764,0
122.37049999999763,0
122.47049999999763,0
122.57049999999762,0
122.67049999999762,0
122.77049999999761,0
122.8704999999976,0
122.9704999999976,0
123.0704999999976,0
123.10034,1
123.17049999999759,1
123.17049999999759,0
123.17049999999759,0
123.27049999999758,0
123.37049999999758,0
123.47049999999757,0
123.57049999999757,0
123.67049999999756,0
123.77049999999755,0
123.87049999999755,0
123.97049999999754,0
124.07049999999754,0
124.17049999999753,0
124.27049999999753,0
124.37049999999752,0
124.47049999999751,0
124.57049999999751,0
124.6704999999975,0
124.7704999999975,0
124.87049999999749,0
124.97049999999749,0
125.07049999999748,0
125.17049999999747,0
125.27049999999747,0
125.37049999999746,0
125.47049999999746,0
125.57049999999745,0
125.67049999999745,0
125.77049999999744,0
125.87049999999743,0
125.97049999999743,0
126.07049999999742,0
126.17049999999742,0
126.27049999999741,0
126.3704999999974,0
126.4704999999974,0
126.5704999999974,0
126.67049999999739,0
126.77049999999738,0
126.87049999999738,0
126.97049999999737,0
127.07049999999737,0
127.17049999999736,0
127.27049999999736,0
127.37049999999735,0
127.47049999999734,0
127.57049999999734,0
127.67049999999733,0
127.77049999999733,0
127.87049999999732,0
127.97049999999732,0
128.0704999999973,0
128.10034,1
128.1704999999973,1
128.1704999999973,0
128.1704999999973,0
128.2704999999973,0
128.3704999999973,0
128.4704999999973,0
128.57049999999728,0
128.67049999999728,0
128.77049999999727,0
128.87049999999726,0
128.97049999999726,0
129.07049999999725,0
129.17049999999725,0
129.27049999999724,0
129.37049999999724,0
129.47049999999723,0
129.50046999999998,1
129.57049999999722,1
129.57049999999722,0
129.57049999999722,0
129.67049999999722,0
129.7704999999972,0
129.8704999999972,0
129.9704999999972,0
130.0704999999972,0
130.1704999999972,0
130.27049999999718,0
130.37049999999718,0
130.47049999999717,0
130.57049999999717,0
130.67049999999716,0
130.77049999999716,0
130.87049999999715,0
130.97049999999714,0
131.07049999999714,0
131.17049999999713,0
131.27049999999713,0
131.37049999999712,0
131.47049999999712,0
131.50046999999998,1
131.5006,2
131.5704999999971,2
131.5704999999971,1
131.5704999999971,1
131.5704999999971,0
131.5704999999971,0
131.6704999999971,0
131.7704999999971,0
131.8704999999971,0
131.9704999999971,0
132.07049999999708,0
132.10034,1
132.17049999999708,1
132.17049999999708,0
132.17049999999708,0
132.27049999999707,0
132.37049999999707,0
132.47049999999706,0
132.57049999999705,0
132.67049999999705,0
132.77049999999704,0
132.87049999999704,0
132.97049999999703,0
133.00046999999998,1
133.07049999999703,1
133.07049999999703,0
133.07049999999703,0
133.17049999999702,0
133.270499999997,0
133.370499999997,0
133.470499999997,0
133.5006,1
133.570499999997,1
133.570499999997,0
133.570499999997,0
133.670499999997,0
133.77049999999699,0
133.87049999999698,0
133.97049999999697,0
134.0006,1
134.07049999999697,1
134.07049999999697,0
134.07049999999697,0
134.17049999999696,0
134.27049999999696,0
134.37049999999695,0
134.47049999999695,0
134.57049999999694,0
134.67049999999693,0
134.77049999999693,0
134.87049999999692,0
134.97049999999692,0
135.0704999999969,0
135.1704999999969,0
135.2704999999969,0
135.3704999999969,0
135.4704999999969,0
135.57049999999688,0
135.67049999999688,0
135.77049999999687,0
135.87049999999687,0
135.97049999999686,0
136.07049999999685,0
136.17049999999685,0
136.27049999999684,0
136.37049999999684,0
136.47049999999683,0
136.57049999999683,0
136.67049999999682,0
136.77049999999682,0
136.8704999999968,0
136.9704999999968,0
137.0704999999968,0
137.1704999999968,0
137.2704999999968,0
137.37049999999678,0
137.47049999999678,0
137.57049999999677,0
137.67049999999676,0
137.77049999999676,0
137.87049999999675,0
137.97049999999675,0
138.07049999999674,0
138.17049999999674,0
138.27049999999673,0
138.37049999999672,0
138.47049999999672,0
138.5704999999967,0
138.6704999999967,0
138.7704999999967,0
138.8704999999967,0
138.9704999999967,0
139.07049999999668,0
139.17049999999668,0
139.27049999999667,0
139.37049999999667,0
139.47049999999666,0
139.57049999999666,0
139.67049999999665,0
139.77049999999664,0
139.87049999999664,0
139.97049999999663,0
140.07049999999663,0
140.17049999999662,0
140.27049999999662,0
140.3704999999966,0
140.4704999999966,0
140.5704999999966,0
140.6704999999966,0
140.7704999999966,0
140.87049999999658,0
140.97049999999658,0
141.07049999999657,0
141.17049999999657,0
141.27049999999656,0
141.37049999999655,0
141.47049999999655,0
141.57049999999654,0
141.67049999999654,0
141.77049999999653,0
141.87049999999653,0
141.97049999999652,0
142.0704999999965,0
142.1704999999965,0
142.2704999999965,0
142.3704999999965,0
142.4704999999965,0
142.57049999999649,0
142.67049999999648,0
142.77049999999647,0
142.87049999999647,0
142.97049999999646,0
143.07049999999646,0
143.17049999999645,0
143.27049999999645,0
143.37049999999644,0
143.47049999999643,0
143.57049999999643,0
143.67049999999642,0
143.77049999999642,0
143.8704999999964,0
143.9704999999964,0
144.0704999999964,0
144.1704999999964,0
144.2704999999964,0
144.37049999999638,0
144.47049999999638,0
144.57049999999637,0
144.67049999999637,0
144.77049999999636,0
144.87049999999635,0
144.97049999999635,0
145.07049999999634,0
145.17049999999634,0
145.27049999999633,0
145.37049999999633,0
145.47049999999632,0
145.57049999999631,0
145.6704999999963,0
145.7704999999963,0
145.8704999999963,0
145.9704999999963,0
146.0704999999963,0
146.17049999999628,0
146.27049999999628,0
146.37049999999627,0
146.47049999999626,0
146.57049999999626,0
146.67049999999625,0
146.77049999999625,0
146.87049999999624,0
146.97049999999624,0
147.07049999999623,0
147.17049999999622,0
147.27049999999622,0
147.3704999999962,0
147.4704999999962,0
147.5704999999962,0
147.6704999999962,0
147.7704999999962,0
147.87049999999618,0
147.97049999999618,0
148.07049999999617,0
148.17049999999617,0
148.27049999999616,0
148.37049999999616,0
148.47049999999615,0
148.57049999999614,0
148.67049999999614,0
148.77049999999613,0
148.87049999999613,0
148.97049999999612,0
149.07049999999612,0
149.1704999999961,0
149.2704999999961,0
149.3704999999961,0
149.4704999999961,0
149.5704999999961,0
149.67049999999608,0
149.77049999999608,0
149.87049999999607,0
149.97049999999606,0
150.07049999999606,0
150.17049999999605,0
150.27049999999605,0
150.37049999999604,0
150.47049999999604,0
150.57049999999603,0
150.67049999999603,0
150.77049999999602,0
150.870499999996,0
150.970499999996,0
151.070499999996,0
151.170499999996,0
151.270499999996,0
151.37049999999599,0
151.47049999999598,0
151.57049999999597,0
151.67049999999597,0
151.77049999999596,0
151.87049999999596,0
151.97049999999595,0
152.07049999999595,0
152.17049999999594,0
152.27049999999593,0
152.37049999999593,0
152.47049999999592,0
152.57049999999592,0
152.6704999999959,0
152.7704999999959,0
152.8704999999959,0
152.9704999999959,0
153.0704999999959,0
153.17049999999588,0
153.27049999999588,0
153.37049999999587,0
153.47049999999587,0
153.57049999999586,0
153.67049999999585,0
153.77049999999585,0
153.87049999999584,0
153.97049999999584,0
154.07049999999583,0
154.17049999999583,0
154.27049999999582,0
154.37049999999581,0
154.4704999999958,0
154.5704999999958,0
154.6704999999958,0
154.7704999999958,0
154.8704999999958,0
154.97049999999578,0
155.07049999999577,0
155.17049999999577,0
155.27049999999576,0
155.37049999999576,0
155.47049999999575,0
155.57049999999575,0
155.67049999999574,0
155.77049999999574,0
155.87049999999573,0
155.97049999999572,0
156.07049999999572,0
156.1704999999957,0
156.2704999999957,0
156.3704999999957,0
156.4704999999957,0
156.5704999999957,0
156.67049999999568,0
156.77049999999568,0
156.87049999999567,0
156.97049999999567,0
157.07049999999566,0
157.17049999999566,0
157.27049999999565,0
157.37049999999564,0
157.47049999999564,0
157.57049999999563,0
157.67049999999563,0
157.77049999999562,0
157.87049999999562,0
157.9704999999956,0
158.0704999999956,0
158.1704999999956,0
158.2704999999956,0
158.3704999999956,0
158.47049999999558,0
158.57049999999558,0
158.67049999999557,0
158.77049999999556,0
158.87049999999556,0
158.97049999999555,0
159.07049999999555,0
159.17049999999554,0
159.27049999999554,0
159.37049999999553,0
159.47049999999552,0
159.57049999999552,0
159.6704999999955,0
159.7704999999955,0
159.8704999999955,0
159.9704999999955,0
160.0704999999955,0
160.17049999999549,0
160.27049999999548,0
160.37049999999547,0
160.47049999999547,0
160.57049999999546,0
160.67049999999546,0
160.77049999999545,0
160.87049999999545,0
160.97049999999544,0
161.07049999999543,0
161.17049999999543,0
161.27049999999542,0
161.37049999999542,0
161.4704999999954,0
161.5704999999954,0
161.6704999999954,0
161.7704999999954,0
161.8704999999954,0
161.97049999999538,0
162.07049999999538,0
162.17049999999537,0
162.27049999999537,0
162.37049999999536,0
162.47049999999535,0
162.57049999999535,0
162.67049999999534,0
162.77049999999534,0
162.87049999999533,0
162.97049999999533,0
163.07049999999532,0
163.17049999999531,0
163.2704999999953,0
163.3704999999953,0
163.4704999999953,0
163.5704999999953,0
163.6704999999953,0
163.77049999999528,0
163.87049999999527,0
163.97049999999527,0
164.07049999999526,0
164.17049999999526,0
164.27049999999525,0
164.37049999999525,0
164.47049999999524,0
164.57049999999523,0
164.67049999999523,0
164.77049999999522,0
164.87049999999522,0
164.9704999999952,0
165.0704999999952,0
165.1704999999952,0
165.2704999999952,0
165.3704999999952,0
165.47049999999518,0
165.57049999999518,0
165.67049999999517,0
165.77049999999517,0
165.87049999999516,0
165.97049999999516,0
166.07049999999515,0
166.17049999999514,0
166.27049999999514,0
166.37049999999513,0
166.47049999999513,0
166.57049999999512,0
166.67049999999512,0
166.7704999999951,0
166.8704999999951,0
166.9704999999951,0
167.0704999999951,0
167.1704999999951,0
167.27049999999508,0
167.37049999999508,0
167.47049999999507,0
167.57049999999506,0
167.67049999999506,0
167.77049999999505,0
167.87049999999505,0
167.97049999999504,0
168.07049999999504,0
168.17049999999503,0
168.27049999999502,0
168.37049999999502,0
168.470499999995,0
168.570499999995,0
168.670499999995,0
168.770499999995,0
168.870499999995,0
168.97049999999498,0
169.07049999999498,0
169.17049999999497,0
169.27049999999497,0
169.37049999999496,0
169.47049999999496,0
169.57049999999495,0
169.67049999999495,0
169.77049999999494,0
169.87049999999493,0
169.97049999999493,0
170.07049999999492,0
170.17049999999492,0
170.2704999999949,0
170.3704999999949,0
170.4704999999949,0
170.5704999999949,0
170.6704999999949,0
170.77049999999488,0
170.87049999999488,0
170.97049999999487,0
171.07049999999487,0
171.17049999999486,0
171.27049999999485,0
171.37049999999485,0
171.47049999999484,0
171.57049999999484,0
171.67049999999483,0
171.77049999999483,0
171.87049999999482,0
171.97049999999481,0
172.0704999999948,0
172.1704999999948,0
172.2704999999948,0
172.3704999999948,0
172.4704999999948,0
172.57049999999478,0
172.67049999999477,0
172.77049999999477,0
172.87049999999476,0
172.97049999999476,0
173.07049999999475,0
173.17049999999475,0
173.27049999999474,0
173.37049999999473,0
173.47049999999473,0
173.57049999999472,0
173.67049999999472,0
173.7704999999947,0
173.8704999999947,0
173.9704999999947,0
174.0704999999947,0
174.1704999999947,0
174.27049999999468,0
174.37049999999468,0
174.47049999999467,0
174.57049999999467,0
174.67049999999466,0
174.77049999999466,0
174.87049999999465,0
174.97049999999464,0
175.07049999999464,0
175.17049999999463,0
175.27049999999463,0
175.37049999999462,0
175.47049999999462,0
175.5704999999946,0
175.6704999999946,0
175.7704999999946,0
175.8704999999946,0
175.9704999999946,0
176.07049999999458,0
176.17049999999458,0
176.27049999999457,0
176.37049999999456,0
176.47049999999456,0
176.57049999999455,0
176.67049999999455,0
176.77049999999454,0
176.87049999999454,0
176.97049999999453,0
177.07049999999452,0
177.17049999999452,0
177.2704999999945,0
177.3704999999945,0
177.4704999999945,0
177.5704999999945,0
177.6704999999945,0
177.77049999999448,0
177.87049999999448,0
177.97049999999447,0
178.07049999999447,0
178.17049999999446,0
178.27049999999446,0
178.37049999999445,0
178.47049999999444,0
178.57049999999444,0
178.67049999999443,0
178.77049999999443,0
178.87049999999442,0
178.97049999999442,0
179.0704999999944,0
179.1704999999944,0
179.2704999999944,0
179.3704999999944,0
179.4704999999944,0
179.57049999999438,0
179.67049999999438,0
179.77049999999437,0
179.87049999999437,0
179.97049999999436,0
180.07049999999435,0
180.17049999999435,0
180.27049999999434,0
180.37049999999434,0
180.47049999999433,0
180.57049999999433,0
180.67049999999432,0
180.7704999999943,0
180.8704999999943,0
180.9704999999943,0
181.0704999999943,0
181.1704999999943,0
181.27049999999429,0
181.37049999999428,0
181.47049999999427,0
181.57049999999427,0
181.67049999999426,0
181.77049999999426,0
181.87049999999425,0
181.97049999999425,0
182.07049999999424,0
182.17049999999423,0
182.27049999999423,0
182.37049999999422,0
182.47049999999422,0
182.5704999999942,0
182.6704999999942,0
182.7704999999942,0
182.8704999999942,0
182.9704999999942,0
183.07049999999418,0
183.10037000000003,1
183.17049999999418,1
183.17049999999418,0
183.17049999999418,0
183.27049999999417,0
183.37049999999417,0
183.47049999999416,0
183.57049999999415,0
183.67049999999415,0
183.77049999999414,0
183.87049999999414,0
183.97049999999413,0
184.07049999999413,0
184.17049999999412,0
184.27049999999412,0
184.3704999999941,0
184.4704999999941,0
184.5704999999941,0
184.6704999999941,0
184.7704999999941,0
184.87049999999408,0
184.97049999999408,0
185.07049999999407,0
185.17049999999406,0
185.27049999999406,0
185.37049999999405,0
185.47049999999405,0
185.57049999999404,0
185.67049999999404,0
185.77049999999403,0
185.87049999999402,0
185.97049999999402,0
186.070499999994,0
186.170499999994,0
186.270499999994,0
186.370499999994,0
186.470499999994,0
186.57049999999398,0
186.67049999999398,0
186.77049999999397,0
186.87049999999397,0
186.97049999999396,0
187.07049999999396,0
187.17049999999395,0
187.27049999999394,0
187.37049999999394,0
187.47049999999393,0
187.57049999999393,0
187.67049999999392,0
187.77049999999392,0
187.8704999999939,0
187.9704999999939,0
188.0704999999939,0
188.10037,1
188.1704999999939,1
188.1704999999939,0
188.1704999999939,0
188.2704999999939,0
188.37049999999388,0
188.47049999999388,0
188.57049999999387,0
188.67049999999387,0
188.77049999999386,0
188.87049999999385,0
188.97049999999385,0
189.07049999999384,0
189.17049999999384,0
189.27049999999383,0
189.37049999999383,0
189.47049999999382,0
189.5005,1
189.5704999999938,1
189.5704999999938,0
189.5704999999938,0
189.6704999999938,0
189.7704999999938,0
189.8704999999938,0
189.9704999999938,0
190.07049999999379,0
190.17049999999378,0
190.27049999999377,0
190.37049999999377,0
190.47049999999376,0
190.57049999999376,0
190.67049999999375,0
190.77049999999375,0
190.87049999999374,0
190.97049999999373,0
191.07049999999373,0
191.17049999999372,0
191.27049999999372,0
191.3704999999937,0
191.4704999999937,0
191.5005,1
191.50063,2
191.5704999999937,2
191.5704999999937,1
191.5704999999937,1
191.5704999999937,0
191.5704999999937,0
191.6704999999937,0
191.7704999999937,0
191.87049999999368,0
191.97049999999368,0
192.07049999999367,0
192.10037,1
192.17049999999367,1
192.17049999999367,0
192.17049999999367,0
192.27049999999366,0
192.37049999999365,0
192.47049999999365,0
192.57049999999364,0
192.67049999999364,0
192.77049999999363,0
192.87049999999363,0
192.97049999999362,0
193.0005,1
193.07049999999361,1
193.07049999999361,0
193.07049999999361,0
193.1704999999936,0
193.2704999999936,0
193.3704999999936,0
193.4704999999936,0
193.50063,1
193.5704999999936,1
193.5704999999936,0
193.5704999999936,0
193.67049999999358,0
193.77049999999358,0
193.87049999999357,0
193.97049999999356,0
194.00063,1
194.07049999999356,1
194.07049999999356,0
194.07049999999356,0
194.17049999999355,0
194.27049999999355,0
194.37049999999354,0
194.47049999999354,0
194.57049999999353,0
194.67049999999352,0
194.77049999999352,0
194.8704999999935,0
194.9704999999935,0
195.0704999999935,0
195.1704999999935,0
195.2704999999935,0
195.37049999999348,0
195.47049999999348,0
195.57049999999347,0
195.67049999999347,0
195.77049999999346,0
195.87049999999346,0
195.97049999999345,0
196.07049999999344,0
196.17049999999344,0
196.27049999999343,0
196.37049999999343,0
196.47049999999342,0
196.57049999999342,0
196.6704999999934,0
196.7704999999934,0
196.8704999999934,0
196.9704999999934,0
197.0704999999934,0
197.17049999999338,0
197.27049999999338,0
197.37049999999337,0
197.47049999999336,0
197.57049999999336,0
197.67049999999335,0
197.77049999999335,0
197.87049999999334,0
197.97049999999334,0
198.07049999999333,0
198.17049999999332,0
198.27049999999332,0
198.3704999999933,0
198.4704999999933,0
198.5704999999933,0
198.6704999999933,0
198.7704999999933,0
198.87049999999329,0
198.97049999999328,0
199.07049999999327,0
199.17049999999327,0
199.27049999999326,0
199.37049999999326,0
199.47049999999325,0
199.57049999999325,0
199.67049999999324,0
199.77049999999323,0
199.87049999999323,0
199.97049999999322,0
