job_times,data_arrival_times
3.242,1.179110000000005
5.268000000000001,0.1744999999999095
4.682000000000002,0.27794000000115915
5.646000000000001,0.3703600000033518
2.0420000000000016,0.13082000000187577
3.2900000000000063,1.7858700000010828
4.436000000000007,0.2523150000008769
2.2719999999999914,2.023320000001206
5.360000000000014,0.38886500000089086
4.092000000000013,0.19286500000083606
2.7419999999999902,0.2152350000004617
5.593999999999994,2.718340000001092
