job_times,data_arrival_times
4.412500000000001,0.24128000000004768
3.853749999999998,0.3078999999995169
4.238749999999996,0.27874000000165466
4.996250000000003,0.4298000000015776
5.423749999999998,0.282620000000108
5.890000000000001,0.2769799999985736
2.980000000000004,0.28061999999697207
3.072499999999991,0.43780000001098074
4.137499999999989,0.22008000002054473
2.7312499999999886,7.078535000032531
4.981249999999989,0.2947150000448744
