job_times,data_arrival_times
5.3475,0.3235800000000104
4.390000000000001,0.2886999999998672
3.7650000000000006,0.2882200000005497
2.3162499999999966,0.2666400000023117
4.478750000000005,0.28256000000048687
4.756249999999994,0.24993999999891514
5.226250000000007,0.29231999999733205
5.21875,0.25898000000071875
5.150000000000006,0.24328000001574424
3.5124999999999886,0.25547500001042067
5.5575000000000045,0.26525500003876346
