job_times,data_arrival_times
2.2720000000000002,0.2991499999999583
5.280000000000001,2.953560000000458
2.2920000000000016,0.2463000000017601
2.0859999999999985,2.1198650000017665
3.778000000000006,1.8735400000013271
2.4579999999999984,1.933835000001423
5.035999999999987,0.19261500000057197
3.9339999999999975,0.345710000001219
2.234000000000009,0.3002250000007507
5.454000000000008,0.3300650000004737
5.319999999999993,0.3321750000002339
4.180000000000007,0.3592000000009534
