job_times,data_arrival_times
4.33,2.278400000000005
5.954000000000001,3.786499999999986
5.363999999999997,2.3727000000004352
3.6059999999999945,3.337400000001068
2.215999999999994,1.8590000000010605
3.7420000000000044,0.9814000000006757
4.769999999999996,1.741799999999131
5.251999999999995,1.6576999999984707
2.383999999999986,0.7808999999973594
4.145999999999987,1.6298999999960415
2.8940000000000055,0.8912999999945157
2.6699999999999875,1.8559999999928323
