job_times,data_arrival_times
2.652000000000001,4.19869999999997
5.084000000000003,5.79780000000067
4.0760000000000005,1.1413000000016567
4.713999999999999,0.9009000000018403
3.024000000000001,1.310100000001512
2.2379999999999995,2.445900000000421
3.6260000000000048,1.6622999999998456
5.331999999999994,3.1910999999977037
4.954000000000008,1.8772999999962963
4.288000000000011,3.437699999994692
3.9639999999999986,1.5837999999934027
