job_times,data_arrival_times
5.526,0.7282999999999689
3.475999999999999,5.561800000000389
4.594000000000001,3.7896000000010375
2.1440000000000055,1.9481000000012472
5.775999999999996,3.2500000000008953
3.685999999999993,1.9928999999998354
3.567999999999998,1.2637999999990512
5.050000000000011,3.6261999999975103
2.951999999999998,3.864899999996254
5.622000000000014,0.7869999999951176
4.8019999999999925,2.0134999999935985
