job_times,data_arrival_times
4.623750000000001,0.4353000000000886
5.982500000000002,0.2610199999992382
4.378749999999997,0.28844000000297854
5.728749999999998,0.24092000000624125
4.256249999999994,4.59387500000156
4.176249999999996,0.2526949999992496
2.643749999999997,0.25071499999748426
2.9737499999999955,0.27029499999565587
2.0162500000000136,2.7328050000053565
2.741250000000008,0.2728600000165784
3.8187499999999943,0.3153900000121723
3.884999999999991,0.24539000001470868
