job_times,data_arrival_times
5.733750000000001,0.43520000000008885
2.15625,0.2516199999994022
3.2650000000000006,0.2746600000016812
4.863749999999996,0.23472000000499094
5.771249999999995,0.23424000000855472
3.575000000000003,0.2817749999997545
2.2549999999999955,0.23667499999808683
3.2549999999999955,0.24841499999627104
4.930000000000007,0.25623500000523336
5.172500000000014,0.27672000001132346
5.293749999999989,3.1859300000064366
3.1125000000000114,0.25167000000965345
