job_times,data_arrival_times
5.453333333333333,3.385565000000067
5.046666666666667,0.2147550000010483
3.443333333333328,0.30001500000281567
2.7133333333333383,0.498944999998713
2.730000000000004,0.2971549999970904
2.700000000000003,0.21690499999739643
5.61666666666666,2.724480000000142
4.653333333333336,0.24469999999968195
4.3300000000000125,4.420115000001658
4.930000000000007,0.2693550000042819
3.333333333333343,3.484410000000395
