job_times,data_arrival_times
3.0380000000000003,0.3796299999999988
5.3919999999999995,3.2987250000000046
4.9040000000000035,1.8757800000011144
4.777999999999999,1.450275000001362
5.5,0.2753400000016626
5.219999999999999,0.3844300000008616
5.766000000000005,0.3721600000001928
4.364000000000004,3.6646400000008725
4.259999999999991,0.24994000000077676
4.616000000000014,0.2885900000000845
2.5519999999999925,0.24283500000026947
3.0720000000000027,1.9081199999997978
