task_times,data_arrival_times
5.968,1.3309600000003137
5.041999999999998,1.2662600000000168
3.6260000000000048,1.21585999999769
3.254000000000005,1.107019999996524
5.939999999999998,1.3684799999936104
5.429999999999993,1.3271199999911119
