task_times,data_arrival_times
4.1825000000000045,1.0817699999942931
5.451250000000002,1.1500699999842396
2.073750000000004,1.079619999958311
3.2962499999999864,1.1717999999685844
