task_times,data_arrival_times
2.5900000000000034,1.150400000000765
5.943333333333335,1.1112000000009914
4.43333333333333,1.155680000001297
2.923333333333332,1.1671999999994824
5.849999999999994,1.1251199999992139
4.4266666666666765,1.0899199999984148
5.199999999999989,1.1316799999980844
