time,rtt,connection_id,src,dst
13.36853499999991,0.1368349999999996,25197,<entities.dtn.DTN object at 0x1180d1550>,<entities.dtn.DTN object at 0x118103460>
13.57860999999991,0.21013500000000107,25197,<entities.dtn.DTN object at 0x1180d1550>,<entities.dtn.DTN object at 0x118103460>
13.588684999999911,0.22018000000000093,25197,<entities.dtn.DTN object at 0x1180d1550>,<entities.dtn.DTN object at 0x118103460>
13.79875999999991,0.22021000000000157,25197,<entities.dtn.DTN object at 0x1180d1550>,<entities.dtn.DTN object at 0x118103460>
13.808834999999911,0.23025500000000143,25197,<entities.dtn.DTN object at 0x1180d1550>,<entities.dtn.DTN object at 0x118103460>
13.818909999999912,0.23028500000000207,25197,<entities.dtn.DTN object at 0x1180d1550>,<entities.dtn.DTN object at 0x118103460>
13.828984999999912,0.24033000000000193,25197,<entities.dtn.DTN object at 0x1180d1550>,<entities.dtn.DTN object at 0x118103460>
13.939059999999913,0.14036000000000293,25197,<entities.dtn.DTN object at 0x1180d1550>,<entities.dtn.DTN object at 0x118103460>
13.949134999999913,0.1504050000000028,25197,<entities.dtn.DTN object at 0x1180d1550>,<entities.dtn.DTN object at 0x118103460>
13.959209999999914,0.15043500000000343,25197,<entities.dtn.DTN object at 0x1180d1550>,<entities.dtn.DTN object at 0x118103460>
13.969284999999914,0.1604800000000033,25197,<entities.dtn.DTN object at 0x1180d1550>,<entities.dtn.DTN object at 0x118103460>
13.979359999999915,0.16051000000000393,25197,<entities.dtn.DTN object at 0x1180d1550>,<entities.dtn.DTN object at 0x118103460>
13.989434999999915,0.1705550000000038,25197,<entities.dtn.DTN object at 0x1180d1550>,<entities.dtn.DTN object at 0x118103460>
13.999509999999916,0.17058500000000443,25197,<entities.dtn.DTN object at 0x1180d1550>,<entities.dtn.DTN object at 0x118103460>
14.009584999999916,0.1806300000000043,25197,<entities.dtn.DTN object at 0x1180d1550>,<entities.dtn.DTN object at 0x118103460>
14.119659999999916,0.18066000000000493,25197,<entities.dtn.DTN object at 0x1180d1550>,<entities.dtn.DTN object at 0x118103460>
14.129734999999917,0.1907050000000048,25197,<entities.dtn.DTN object at 0x1180d1550>,<entities.dtn.DTN object at 0x118103460>
14.139809999999917,0.19073500000000543,25197,<entities.dtn.DTN object at 0x1180d1550>,<entities.dtn.DTN object at 0x118103460>
14.149884999999918,0.2007800000000053,25197,<entities.dtn.DTN object at 0x1180d1550>,<entities.dtn.DTN object at 0x118103460>
14.159959999999918,0.20081000000000593,25197,<entities.dtn.DTN object at 0x1180d1550>,<entities.dtn.DTN object at 0x118103460>
14.170034999999919,0.2108550000000058,25197,<entities.dtn.DTN object at 0x1180d1550>,<entities.dtn.DTN object at 0x118103460>
14.18010999999992,0.21088500000000643,25197,<entities.dtn.DTN object at 0x1180d1550>,<entities.dtn.DTN object at 0x118103460>
14.19018499999992,0.2209300000000063,25197,<entities.dtn.DTN object at 0x1180d1550>,<entities.dtn.DTN object at 0x118103460>
14.20025999999992,0.22096000000000693,25197,<entities.dtn.DTN object at 0x1180d1550>,<entities.dtn.DTN object at 0x118103460>
14.21033499999992,0.2310050000000068,25197,<entities.dtn.DTN object at 0x1180d1550>,<entities.dtn.DTN object at 0x118103460>
14.220409999999921,0.23103500000000743,25197,<entities.dtn.DTN object at 0x1180d1550>,<entities.dtn.DTN object at 0x118103460>
14.230484999999922,0.2410800000000073,25197,<entities.dtn.DTN object at 0x1180d1550>,<entities.dtn.DTN object at 0x118103460>
14.240559999999922,0.24111000000000793,25197,<entities.dtn.DTN object at 0x1180d1550>,<entities.dtn.DTN object at 0x118103460>
14.250634999999923,0.2511550000000078,25197,<entities.dtn.DTN object at 0x1180d1550>,<entities.dtn.DTN object at 0x118103460>
14.260709999999923,0.25118500000000843,25197,<entities.dtn.DTN object at 0x1180d1550>,<entities.dtn.DTN object at 0x118103460>
14.270784999999924,0.2612300000000083,25197,<entities.dtn.DTN object at 0x1180d1550>,<entities.dtn.DTN object at 0x118103460>
14.280859999999924,0.16126000000000928,25197,<entities.dtn.DTN object at 0x1180d1550>,<entities.dtn.DTN object at 0x118103460>
14.290934999999925,0.17130500000000914,25197,<entities.dtn.DTN object at 0x1180d1550>,<entities.dtn.DTN object at 0x118103460>
14.301009999999925,0.17133500000000979,25197,<entities.dtn.DTN object at 0x1180d1550>,<entities.dtn.DTN object at 0x118103460>
14.311084999999926,0.18138000000000964,25197,<entities.dtn.DTN object at 0x1180d1550>,<entities.dtn.DTN object at 0x118103460>
14.321159999999926,0.18141000000001029,25197,<entities.dtn.DTN object at 0x1180d1550>,<entities.dtn.DTN object at 0x118103460>
14.331234999999927,0.19145500000001014,25197,<entities.dtn.DTN object at 0x1180d1550>,<entities.dtn.DTN object at 0x118103460>
14.341309999999927,0.19148500000001079,25197,<entities.dtn.DTN object at 0x1180d1550>,<entities.dtn.DTN object at 0x118103460>
14.351384999999928,0.20153000000001065,25197,<entities.dtn.DTN object at 0x1180d1550>,<entities.dtn.DTN object at 0x118103460>
14.361459999999928,0.20156000000001129,25197,<entities.dtn.DTN object at 0x1180d1550>,<entities.dtn.DTN object at 0x118103460>
14.371534999999929,0.21160500000001115,25197,<entities.dtn.DTN object at 0x1180d1550>,<entities.dtn.DTN object at 0x118103460>
14.38160999999993,0.21163500000001179,25197,<entities.dtn.DTN object at 0x1180d1550>,<entities.dtn.DTN object at 0x118103460>
14.39168499999993,0.22168000000001165,25197,<entities.dtn.DTN object at 0x1180d1550>,<entities.dtn.DTN object at 0x118103460>
14.40175999999993,0.2217100000000123,25197,<entities.dtn.DTN object at 0x1180d1550>,<entities.dtn.DTN object at 0x118103460>
14.41183499999993,0.23175500000001215,25197,<entities.dtn.DTN object at 0x1180d1550>,<entities.dtn.DTN object at 0x118103460>
14.421909999999931,0.2317850000000128,25197,<entities.dtn.DTN object at 0x1180d1550>,<entities.dtn.DTN object at 0x118103460>
14.431984999999932,0.24183000000001265,25197,<entities.dtn.DTN object at 0x1180d1550>,<entities.dtn.DTN object at 0x118103460>
14.442059999999932,0.2418600000000133,25197,<entities.dtn.DTN object at 0x1180d1550>,<entities.dtn.DTN object at 0x118103460>
14.452134999999933,0.25190500000001315,25197,<entities.dtn.DTN object at 0x1180d1550>,<entities.dtn.DTN object at 0x118103460>
14.462209999999933,0.2519350000000138,25197,<entities.dtn.DTN object at 0x1180d1550>,<entities.dtn.DTN object at 0x118103460>
14.472284999999934,0.26198000000001365,25197,<entities.dtn.DTN object at 0x1180d1550>,<entities.dtn.DTN object at 0x118103460>
14.482359999999934,0.2620100000000143,25197,<entities.dtn.DTN object at 0x1180d1550>,<entities.dtn.DTN object at 0x118103460>
14.492434999999935,0.27205500000001415,25197,<entities.dtn.DTN object at 0x1180d1550>,<entities.dtn.DTN object at 0x118103460>
14.502509999999935,0.2720850000000148,25197,<entities.dtn.DTN object at 0x1180d1550>,<entities.dtn.DTN object at 0x118103460>
14.512584999999936,0.28213000000001465,25197,<entities.dtn.DTN object at 0x1180d1550>,<entities.dtn.DTN object at 0x118103460>
14.522659999999936,0.2821600000000153,25197,<entities.dtn.DTN object at 0x1180d1550>,<entities.dtn.DTN object at 0x118103460>
14.532734999999937,0.29220500000001515,25197,<entities.dtn.DTN object at 0x1180d1550>,<entities.dtn.DTN object at 0x118103460>
14.542809999999937,0.2922350000000158,25197,<entities.dtn.DTN object at 0x1180d1550>,<entities.dtn.DTN object at 0x118103460>
14.552884999999938,0.30228000000001565,25197,<entities.dtn.DTN object at 0x1180d1550>,<entities.dtn.DTN object at 0x118103460>
14.562959999999938,0.3023100000000163,25197,<entities.dtn.DTN object at 0x1180d1550>,<entities.dtn.DTN object at 0x118103460>
14.573034999999939,0.31235500000001615,25197,<entities.dtn.DTN object at 0x1180d1550>,<entities.dtn.DTN object at 0x118103460>
14.58310999999994,0.3123850000000168,25197,<entities.dtn.DTN object at 0x1180d1550>,<entities.dtn.DTN object at 0x118103460>
14.59318499999994,0.32243000000001665,25197,<entities.dtn.DTN object at 0x1180d1550>,<entities.dtn.DTN object at 0x118103460>
14.60325999999994,0.3224600000000173,25197,<entities.dtn.DTN object at 0x1180d1550>,<entities.dtn.DTN object at 0x118103460>
14.61330499999994,0.3324750000000165,25197,<entities.dtn.DTN object at 0x1180d1550>,<entities.dtn.DTN object at 0x118103460>
14.62337999999994,0.33250500000001715,25197,<entities.dtn.DTN object at 0x1180d1550>,<entities.dtn.DTN object at 0x118103460>
14.633454999999941,0.342550000000017,25197,<entities.dtn.DTN object at 0x1180d1550>,<entities.dtn.DTN object at 0x118103460>
14.643529999999942,0.34258000000001765,25197,<entities.dtn.DTN object at 0x1180d1550>,<entities.dtn.DTN object at 0x118103460>
14.653604999999942,0.3526250000000175,25197,<entities.dtn.DTN object at 0x1180d1550>,<entities.dtn.DTN object at 0x118103460>
14.663679999999943,0.35265500000001815,25197,<entities.dtn.DTN object at 0x1180d1550>,<entities.dtn.DTN object at 0x118103460>
14.673754999999943,0.362700000000018,25197,<entities.dtn.DTN object at 0x1180d1550>,<entities.dtn.DTN object at 0x118103460>
14.683829999999944,0.36273000000001865,25197,<entities.dtn.DTN object at 0x1180d1550>,<entities.dtn.DTN object at 0x118103460>
14.693904999999944,0.3727750000000185,25197,<entities.dtn.DTN object at 0x1180d1550>,<entities.dtn.DTN object at 0x118103460>
14.703979999999945,0.37280500000001915,25197,<entities.dtn.DTN object at 0x1180d1550>,<entities.dtn.DTN object at 0x118103460>
14.714054999999945,0.382850000000019,25197,<entities.dtn.DTN object at 0x1180d1550>,<entities.dtn.DTN object at 0x118103460>
14.724129999999946,0.38288000000001965,25197,<entities.dtn.DTN object at 0x1180d1550>,<entities.dtn.DTN object at 0x118103460>
14.734204999999946,0.3929250000000195,25197,<entities.dtn.DTN object at 0x1180d1550>,<entities.dtn.DTN object at 0x118103460>
14.744279999999947,0.39295500000002015,25197,<entities.dtn.DTN object at 0x1180d1550>,<entities.dtn.DTN object at 0x118103460>
14.754354999999947,0.40300000000002,25197,<entities.dtn.DTN object at 0x1180d1550>,<entities.dtn.DTN object at 0x118103460>
14.764429999999948,0.40303000000002065,25197,<entities.dtn.DTN object at 0x1180d1550>,<entities.dtn.DTN object at 0x118103460>
14.774504999999948,0.4130750000000205,25197,<entities.dtn.DTN object at 0x1180d1550>,<entities.dtn.DTN object at 0x118103460>
14.784579999999949,0.41310500000002115,25197,<entities.dtn.DTN object at 0x1180d1550>,<entities.dtn.DTN object at 0x118103460>
14.794654999999949,0.423150000000021,25197,<entities.dtn.DTN object at 0x1180d1550>,<entities.dtn.DTN object at 0x118103460>
14.80475999999995,0.4232100000000223,25197,<entities.dtn.DTN object at 0x1180d1550>,<entities.dtn.DTN object at 0x118103460>
14.81480499999995,0.4332250000000215,25197,<entities.dtn.DTN object at 0x1180d1550>,<entities.dtn.DTN object at 0x118103460>
14.82487999999995,0.43325500000002215,25197,<entities.dtn.DTN object at 0x1180d1550>,<entities.dtn.DTN object at 0x118103460>
14.834954999999951,0.443300000000022,25197,<entities.dtn.DTN object at 0x1180d1550>,<entities.dtn.DTN object at 0x118103460>
14.845029999999952,0.44333000000002265,25197,<entities.dtn.DTN object at 0x1180d1550>,<entities.dtn.DTN object at 0x118103460>
14.855104999999952,0.4533750000000225,25197,<entities.dtn.DTN object at 0x1180d1550>,<entities.dtn.DTN object at 0x118103460>
14.865179999999953,0.45340500000002315,25197,<entities.dtn.DTN object at 0x1180d1550>,<entities.dtn.DTN object at 0x118103460>
14.875254999999953,0.463450000000023,25197,<entities.dtn.DTN object at 0x1180d1550>,<entities.dtn.DTN object at 0x118103460>
14.885329999999954,0.46348000000002365,25197,<entities.dtn.DTN object at 0x1180d1550>,<entities.dtn.DTN object at 0x118103460>
14.895404999999954,0.4735250000000235,25197,<entities.dtn.DTN object at 0x1180d1550>,<entities.dtn.DTN object at 0x118103460>
14.905479999999955,0.47355500000002415,25197,<entities.dtn.DTN object at 0x1180d1550>,<entities.dtn.DTN object at 0x118103460>
14.915554999999955,0.483600000000024,25197,<entities.dtn.DTN object at 0x1180d1550>,<entities.dtn.DTN object at 0x118103460>
14.925629999999956,0.48363000000002465,25197,<entities.dtn.DTN object at 0x1180d1550>,<entities.dtn.DTN object at 0x118103460>
14.935704999999956,0.4936750000000245,25197,<entities.dtn.DTN object at 0x1180d1550>,<entities.dtn.DTN object at 0x118103460>
14.945779999999957,0.49370500000002515,25197,<entities.dtn.DTN object at 0x1180d1550>,<entities.dtn.DTN object at 0x118103460>
14.955854999999957,0.503750000000025,25197,<entities.dtn.DTN object at 0x1180d1550>,<entities.dtn.DTN object at 0x118103460>
14.965929999999958,0.5037800000000257,25197,<entities.dtn.DTN object at 0x1180d1550>,<entities.dtn.DTN object at 0x118103460>
14.976004999999958,0.5138250000000255,25197,<entities.dtn.DTN object at 0x1180d1550>,<entities.dtn.DTN object at 0x118103460>
14.986079999999959,0.5138550000000262,25197,<entities.dtn.DTN object at 0x1180d1550>,<entities.dtn.DTN object at 0x118103460>
14.996154999999959,0.523900000000026,25197,<entities.dtn.DTN object at 0x1180d1550>,<entities.dtn.DTN object at 0x118103460>
15.00625999999996,0.5239600000000273,25197,<entities.dtn.DTN object at 0x1180d1550>,<entities.dtn.DTN object at 0x118103460>
15.01630499999996,0.5339750000000265,25197,<entities.dtn.DTN object at 0x1180d1550>,<entities.dtn.DTN object at 0x118103460>
15.02637999999996,0.5340050000000272,25197,<entities.dtn.DTN object at 0x1180d1550>,<entities.dtn.DTN object at 0x118103460>
15.03643499999996,0.544030000000026,25197,<entities.dtn.DTN object at 0x1180d1550>,<entities.dtn.DTN object at 0x118103460>
15.046499999999961,0.544050000000027,25197,<entities.dtn.DTN object at 0x1180d1550>,<entities.dtn.DTN object at 0x118103460>
15.056574999999961,0.5540950000000269,25197,<entities.dtn.DTN object at 0x1180d1550>,<entities.dtn.DTN object at 0x118103460>
15.066649999999962,0.5541250000000275,25197,<entities.dtn.DTN object at 0x1180d1550>,<entities.dtn.DTN object at 0x118103460>
15.076724999999962,0.5641700000000274,25197,<entities.dtn.DTN object at 0x1180d1550>,<entities.dtn.DTN object at 0x118103460>
15.086799999999963,0.564200000000028,25197,<entities.dtn.DTN object at 0x1180d1550>,<entities.dtn.DTN object at 0x118103460>
15.096874999999963,0.5742450000000279,25197,<entities.dtn.DTN object at 0x1180d1550>,<entities.dtn.DTN object at 0x118103460>
15.106949999999964,0.5742750000000285,25197,<entities.dtn.DTN object at 0x1180d1550>,<entities.dtn.DTN object at 0x118103460>
15.117024999999964,0.5843200000000284,25197,<entities.dtn.DTN object at 0x1180d1550>,<entities.dtn.DTN object at 0x118103460>
15.127099999999965,0.584350000000029,25197,<entities.dtn.DTN object at 0x1180d1550>,<entities.dtn.DTN object at 0x118103460>
15.137174999999965,0.5943950000000289,25197,<entities.dtn.DTN object at 0x1180d1550>,<entities.dtn.DTN object at 0x118103460>
15.147249999999966,0.5944250000000295,25197,<entities.dtn.DTN object at 0x1180d1550>,<entities.dtn.DTN object at 0x118103460>
15.157324999999966,0.6044700000000294,25197,<entities.dtn.DTN object at 0x1180d1550>,<entities.dtn.DTN object at 0x118103460>
15.167399999999967,0.60450000000003,25197,<entities.dtn.DTN object at 0x1180d1550>,<entities.dtn.DTN object at 0x118103460>
15.177474999999967,0.6145450000000299,25197,<entities.dtn.DTN object at 0x1180d1550>,<entities.dtn.DTN object at 0x118103460>
15.187549999999968,0.6145750000000305,25197,<entities.dtn.DTN object at 0x1180d1550>,<entities.dtn.DTN object at 0x118103460>
15.197624999999968,0.6246200000000304,25197,<entities.dtn.DTN object at 0x1180d1550>,<entities.dtn.DTN object at 0x118103460>
15.207699999999969,0.624650000000031,25197,<entities.dtn.DTN object at 0x1180d1550>,<entities.dtn.DTN object at 0x118103460>
15.21777499999997,0.6346950000000309,25197,<entities.dtn.DTN object at 0x1180d1550>,<entities.dtn.DTN object at 0x118103460>
15.22784999999997,0.6347250000000315,25197,<entities.dtn.DTN object at 0x1180d1550>,<entities.dtn.DTN object at 0x118103460>
15.23792499999997,0.6447700000000314,25197,<entities.dtn.DTN object at 0x1180d1550>,<entities.dtn.DTN object at 0x118103460>
15.247999999999971,0.644800000000032,25197,<entities.dtn.DTN object at 0x1180d1550>,<entities.dtn.DTN object at 0x118103460>
15.258074999999971,0.6548450000000319,25197,<entities.dtn.DTN object at 0x1180d1550>,<entities.dtn.DTN object at 0x118103460>
15.268149999999972,0.6548750000000325,25197,<entities.dtn.DTN object at 0x1180d1550>,<entities.dtn.DTN object at 0x118103460>
15.278224999999972,0.6548750000000325,25197,<entities.dtn.DTN object at 0x1180d1550>,<entities.dtn.DTN object at 0x118103460>
15.288299999999973,0.6548750000000325,25197,<entities.dtn.DTN object at 0x1180d1550>,<entities.dtn.DTN object at 0x118103460>
15.298374999999973,0.6548750000000325,25197,<entities.dtn.DTN object at 0x1180d1550>,<entities.dtn.DTN object at 0x118103460>
15.308449999999974,0.6548750000000325,25197,<entities.dtn.DTN object at 0x1180d1550>,<entities.dtn.DTN object at 0x118103460>
15.318524999999974,0.6548750000000325,25197,<entities.dtn.DTN object at 0x1180d1550>,<entities.dtn.DTN object at 0x118103460>
15.328599999999975,0.6548750000000325,25197,<entities.dtn.DTN object at 0x1180d1550>,<entities.dtn.DTN object at 0x118103460>
15.338674999999975,0.6548750000000325,25197,<entities.dtn.DTN object at 0x1180d1550>,<entities.dtn.DTN object at 0x118103460>
15.348749999999976,0.6548750000000325,25197,<entities.dtn.DTN object at 0x1180d1550>,<entities.dtn.DTN object at 0x118103460>
15.358824999999976,0.6548750000000325,25197,<entities.dtn.DTN object at 0x1180d1550>,<entities.dtn.DTN object at 0x118103460>
15.368899999999977,0.6548750000000325,25197,<entities.dtn.DTN object at 0x1180d1550>,<entities.dtn.DTN object at 0x118103460>
15.378974999999977,0.6548750000000325,25197,<entities.dtn.DTN object at 0x1180d1550>,<entities.dtn.DTN object at 0x118103460>
15.389049999999978,0.6548750000000325,25197,<entities.dtn.DTN object at 0x1180d1550>,<entities.dtn.DTN object at 0x118103460>
15.399124999999978,0.6548750000000325,25197,<entities.dtn.DTN object at 0x1180d1550>,<entities.dtn.DTN object at 0x118103460>
15.409199999999979,0.6548750000000325,25197,<entities.dtn.DTN object at 0x1180d1550>,<entities.dtn.DTN object at 0x118103460>
15.41927499999998,0.6548750000000325,25197,<entities.dtn.DTN object at 0x1180d1550>,<entities.dtn.DTN object at 0x118103460>
15.42934999999998,0.6548750000000325,25197,<entities.dtn.DTN object at 0x1180d1550>,<entities.dtn.DTN object at 0x118103460>
15.43942499999998,0.6548750000000325,25197,<entities.dtn.DTN object at 0x1180d1550>,<entities.dtn.DTN object at 0x118103460>
15.449499999999981,0.6548750000000325,25197,<entities.dtn.DTN object at 0x1180d1550>,<entities.dtn.DTN object at 0x118103460>
15.459574999999981,0.6548750000000325,25197,<entities.dtn.DTN object at 0x1180d1550>,<entities.dtn.DTN object at 0x118103460>
15.469649999999982,0.6649200000000324,25197,<entities.dtn.DTN object at 0x1180d1550>,<entities.dtn.DTN object at 0x118103460>
15.479724999999982,0.664950000000033,25197,<entities.dtn.DTN object at 0x1180d1550>,<entities.dtn.DTN object at 0x118103460>
15.489799999999983,0.664950000000033,25197,<entities.dtn.DTN object at 0x1180d1550>,<entities.dtn.DTN object at 0x118103460>
15.499874999999983,0.664950000000033,25197,<entities.dtn.DTN object at 0x1180d1550>,<entities.dtn.DTN object at 0x118103460>
15.509949999999984,0.664950000000033,25197,<entities.dtn.DTN object at 0x1180d1550>,<entities.dtn.DTN object at 0x118103460>
15.520024999999984,0.664950000000033,25197,<entities.dtn.DTN object at 0x1180d1550>,<entities.dtn.DTN object at 0x118103460>
15.530099999999985,0.664950000000033,25197,<entities.dtn.DTN object at 0x1180d1550>,<entities.dtn.DTN object at 0x118103460>
15.540174999999985,0.664950000000033,25197,<entities.dtn.DTN object at 0x1180d1550>,<entities.dtn.DTN object at 0x118103460>
15.550249999999986,0.664950000000033,25197,<entities.dtn.DTN object at 0x1180d1550>,<entities.dtn.DTN object at 0x118103460>
15.560324999999986,0.664950000000033,25197,<entities.dtn.DTN object at 0x1180d1550>,<entities.dtn.DTN object at 0x118103460>
15.570399999999987,0.664950000000033,25197,<entities.dtn.DTN object at 0x1180d1550>,<entities.dtn.DTN object at 0x118103460>
15.580474999999987,0.664950000000033,25197,<entities.dtn.DTN object at 0x1180d1550>,<entities.dtn.DTN object at 0x118103460>
15.590549999999988,0.664950000000033,25197,<entities.dtn.DTN object at 0x1180d1550>,<entities.dtn.DTN object at 0x118103460>
15.600624999999988,0.664950000000033,25197,<entities.dtn.DTN object at 0x1180d1550>,<entities.dtn.DTN object at 0x118103460>
15.610699999999989,0.664950000000033,25197,<entities.dtn.DTN object at 0x1180d1550>,<entities.dtn.DTN object at 0x118103460>
15.62077499999999,0.664950000000033,25197,<entities.dtn.DTN object at 0x1180d1550>,<entities.dtn.DTN object at 0x118103460>
15.64084999999999,0.6749500000000328,25197,<entities.dtn.DTN object at 0x1180d1550>,<entities.dtn.DTN object at 0x118103460>
15.65092499999999,0.6749500000000328,25197,<entities.dtn.DTN object at 0x1180d1550>,<entities.dtn.DTN object at 0x118103460>
15.66099999999999,0.6749500000000328,25197,<entities.dtn.DTN object at 0x1180d1550>,<entities.dtn.DTN object at 0x118103460>
15.671074999999991,0.6749500000000328,25197,<entities.dtn.DTN object at 0x1180d1550>,<entities.dtn.DTN object at 0x118103460>
15.681149999999992,0.6749500000000328,25197,<entities.dtn.DTN object at 0x1180d1550>,<entities.dtn.DTN object at 0x118103460>
15.691224999999992,0.6849950000000327,25197,<entities.dtn.DTN object at 0x1180d1550>,<entities.dtn.DTN object at 0x118103460>
15.701299999999993,0.6850250000000333,25197,<entities.dtn.DTN object at 0x1180d1550>,<entities.dtn.DTN object at 0x118103460>
15.711374999999993,0.6850250000000333,25197,<entities.dtn.DTN object at 0x1180d1550>,<entities.dtn.DTN object at 0x118103460>
15.721399999999994,0.6849750000000334,25197,<entities.dtn.DTN object at 0x1180d1550>,<entities.dtn.DTN object at 0x118103460>
17.834865000000022,0.13072500000001241,89460,<entities.dtn.DTN object at 0x1180f2670>,<entities.dtn.DTN object at 0x1180d1550>
18.044940000000025,0.21013500000000107,89460,<entities.dtn.DTN object at 0x1180f2670>,<entities.dtn.DTN object at 0x1180d1550>
18.055015000000026,0.2201800000000027,89460,<entities.dtn.DTN object at 0x1180f2670>,<entities.dtn.DTN object at 0x1180d1550>
18.26509000000003,0.22021000000000157,89460,<entities.dtn.DTN object at 0x1180f2670>,<entities.dtn.DTN object at 0x1180d1550>
18.27516500000003,0.2302550000000032,89460,<entities.dtn.DTN object at 0x1180f2670>,<entities.dtn.DTN object at 0x1180d1550>
18.28524000000003,0.23028500000000207,89460,<entities.dtn.DTN object at 0x1180f2670>,<entities.dtn.DTN object at 0x1180d1550>
18.29531500000003,0.2403300000000037,89460,<entities.dtn.DTN object at 0x1180f2670>,<entities.dtn.DTN object at 0x1180d1550>
18.405390000000033,0.14036000000000115,89460,<entities.dtn.DTN object at 0x1180f2670>,<entities.dtn.DTN object at 0x1180d1550>
18.415465000000033,0.1504050000000028,89460,<entities.dtn.DTN object at 0x1180f2670>,<entities.dtn.DTN object at 0x1180d1550>
18.425540000000034,0.15043500000000165,89460,<entities.dtn.DTN object at 0x1180f2670>,<entities.dtn.DTN object at 0x1180d1550>
18.435615000000034,0.1604800000000033,89460,<entities.dtn.DTN object at 0x1180f2670>,<entities.dtn.DTN object at 0x1180d1550>
18.445690000000035,0.16051000000000215,89460,<entities.dtn.DTN object at 0x1180f2670>,<entities.dtn.DTN object at 0x1180d1550>
18.455765000000035,0.1705550000000038,89460,<entities.dtn.DTN object at 0x1180f2670>,<entities.dtn.DTN object at 0x1180d1550>
18.465840000000036,0.17058500000000265,89460,<entities.dtn.DTN object at 0x1180f2670>,<entities.dtn.DTN object at 0x1180d1550>
18.475915000000036,0.1806300000000043,89460,<entities.dtn.DTN object at 0x1180f2670>,<entities.dtn.DTN object at 0x1180d1550>
18.585990000000038,0.18066000000000315,89460,<entities.dtn.DTN object at 0x1180f2670>,<entities.dtn.DTN object at 0x1180d1550>
18.59606500000004,0.1907050000000048,89460,<entities.dtn.DTN object at 0x1180f2670>,<entities.dtn.DTN object at 0x1180d1550>
18.60614000000004,0.19073500000000365,89460,<entities.dtn.DTN object at 0x1180f2670>,<entities.dtn.DTN object at 0x1180d1550>
18.61621500000004,0.2007800000000053,89460,<entities.dtn.DTN object at 0x1180f2670>,<entities.dtn.DTN object at 0x1180d1550>
18.62629000000004,0.20081000000000415,89460,<entities.dtn.DTN object at 0x1180f2670>,<entities.dtn.DTN object at 0x1180d1550>
18.63636500000004,0.2108550000000058,89460,<entities.dtn.DTN object at 0x1180f2670>,<entities.dtn.DTN object at 0x1180d1550>
18.64644000000004,0.21088500000000465,89460,<entities.dtn.DTN object at 0x1180f2670>,<entities.dtn.DTN object at 0x1180d1550>
18.65651500000004,0.2209300000000063,89460,<entities.dtn.DTN object at 0x1180f2670>,<entities.dtn.DTN object at 0x1180d1550>
18.666590000000042,0.22096000000000515,89460,<entities.dtn.DTN object at 0x1180f2670>,<entities.dtn.DTN object at 0x1180d1550>
18.676665000000042,0.2310050000000068,89460,<entities.dtn.DTN object at 0x1180f2670>,<entities.dtn.DTN object at 0x1180d1550>
18.686740000000043,0.23103500000000565,89460,<entities.dtn.DTN object at 0x1180f2670>,<entities.dtn.DTN object at 0x1180d1550>
18.696815000000043,0.2410800000000073,89460,<entities.dtn.DTN object at 0x1180f2670>,<entities.dtn.DTN object at 0x1180d1550>
18.706890000000044,0.24111000000000615,89460,<entities.dtn.DTN object at 0x1180f2670>,<entities.dtn.DTN object at 0x1180d1550>
18.716965000000044,0.2511550000000078,89460,<entities.dtn.DTN object at 0x1180f2670>,<entities.dtn.DTN object at 0x1180d1550>
18.727040000000045,0.25118500000000665,89460,<entities.dtn.DTN object at 0x1180f2670>,<entities.dtn.DTN object at 0x1180d1550>
18.737115000000045,0.2612300000000083,89460,<entities.dtn.DTN object at 0x1180f2670>,<entities.dtn.DTN object at 0x1180d1550>
18.747190000000046,0.16126000000000573,89460,<entities.dtn.DTN object at 0x1180f2670>,<entities.dtn.DTN object at 0x1180d1550>
18.757265000000046,0.17130500000000737,89460,<entities.dtn.DTN object at 0x1180f2670>,<entities.dtn.DTN object at 0x1180d1550>
18.767340000000047,0.17133500000000623,89460,<entities.dtn.DTN object at 0x1180f2670>,<entities.dtn.DTN object at 0x1180d1550>
18.777415000000047,0.18138000000000787,89460,<entities.dtn.DTN object at 0x1180f2670>,<entities.dtn.DTN object at 0x1180d1550>
18.787490000000048,0.18141000000000673,89460,<entities.dtn.DTN object at 0x1180f2670>,<entities.dtn.DTN object at 0x1180d1550>
18.79756500000005,0.19145500000000837,89460,<entities.dtn.DTN object at 0x1180f2670>,<entities.dtn.DTN object at 0x1180d1550>
18.80764000000005,0.19148500000000723,89460,<entities.dtn.DTN object at 0x1180f2670>,<entities.dtn.DTN object at 0x1180d1550>
18.81771500000005,0.20153000000000887,89460,<entities.dtn.DTN object at 0x1180f2670>,<entities.dtn.DTN object at 0x1180d1550>
18.82779000000005,0.20156000000000773,89460,<entities.dtn.DTN object at 0x1180f2670>,<entities.dtn.DTN object at 0x1180d1550>
18.83786500000005,0.21160500000000937,89460,<entities.dtn.DTN object at 0x1180f2670>,<entities.dtn.DTN object at 0x1180d1550>
18.84794000000005,0.21163500000000823,89460,<entities.dtn.DTN object at 0x1180f2670>,<entities.dtn.DTN object at 0x1180d1550>
18.858005000000052,0.22167000000001025,89460,<entities.dtn.DTN object at 0x1180f2670>,<entities.dtn.DTN object at 0x1180d1550>
18.868030000000054,0.221650000000011,89460,<entities.dtn.DTN object at 0x1180f2670>,<entities.dtn.DTN object at 0x1180d1550>
18.878105000000055,0.23169500000001264,89460,<entities.dtn.DTN object at 0x1180f2670>,<entities.dtn.DTN object at 0x1180d1550>
18.888180000000055,0.2317250000000115,89460,<entities.dtn.DTN object at 0x1180f2670>,<entities.dtn.DTN object at 0x1180d1550>
18.898255000000056,0.24177000000001314,89460,<entities.dtn.DTN object at 0x1180f2670>,<entities.dtn.DTN object at 0x1180d1550>
18.908330000000056,0.241800000000012,89460,<entities.dtn.DTN object at 0x1180f2670>,<entities.dtn.DTN object at 0x1180d1550>
18.918405000000057,0.25184500000001364,89460,<entities.dtn.DTN object at 0x1180f2670>,<entities.dtn.DTN object at 0x1180d1550>
18.928480000000057,0.2518750000000125,89460,<entities.dtn.DTN object at 0x1180f2670>,<entities.dtn.DTN object at 0x1180d1550>
18.938555000000058,0.26192000000001414,89460,<entities.dtn.DTN object at 0x1180f2670>,<entities.dtn.DTN object at 0x1180d1550>
18.94863000000006,0.261950000000013,89460,<entities.dtn.DTN object at 0x1180f2670>,<entities.dtn.DTN object at 0x1180d1550>
18.95870500000006,0.27199500000001464,89460,<entities.dtn.DTN object at 0x1180f2670>,<entities.dtn.DTN object at 0x1180d1550>
18.96878000000006,0.2720250000000135,89460,<entities.dtn.DTN object at 0x1180f2670>,<entities.dtn.DTN object at 0x1180d1550>
18.97885500000006,0.28207000000001514,89460,<entities.dtn.DTN object at 0x1180f2670>,<entities.dtn.DTN object at 0x1180d1550>
18.98893000000006,0.282100000000014,89460,<entities.dtn.DTN object at 0x1180f2670>,<entities.dtn.DTN object at 0x1180d1550>
18.99900500000006,0.29214500000001564,89460,<entities.dtn.DTN object at 0x1180f2670>,<entities.dtn.DTN object at 0x1180d1550>
19.00908000000006,0.2921750000000145,89460,<entities.dtn.DTN object at 0x1180f2670>,<entities.dtn.DTN object at 0x1180d1550>
19.01915500000006,0.30222000000001614,89460,<entities.dtn.DTN object at 0x1180f2670>,<entities.dtn.DTN object at 0x1180d1550>
19.029230000000062,0.302250000000015,89460,<entities.dtn.DTN object at 0x1180f2670>,<entities.dtn.DTN object at 0x1180d1550>
19.039305000000063,0.31229500000001664,89460,<entities.dtn.DTN object at 0x1180f2670>,<entities.dtn.DTN object at 0x1180d1550>
19.049380000000063,0.3123250000000155,89460,<entities.dtn.DTN object at 0x1180f2670>,<entities.dtn.DTN object at 0x1180d1550>
19.059455000000064,0.32237000000001714,89460,<entities.dtn.DTN object at 0x1180f2670>,<entities.dtn.DTN object at 0x1180d1550>
19.069530000000064,0.322400000000016,89460,<entities.dtn.DTN object at 0x1180f2670>,<entities.dtn.DTN object at 0x1180d1550>
19.079605000000065,0.33244500000001764,89460,<entities.dtn.DTN object at 0x1180f2670>,<entities.dtn.DTN object at 0x1180d1550>
19.089680000000065,0.3324750000000165,89460,<entities.dtn.DTN object at 0x1180f2670>,<entities.dtn.DTN object at 0x1180d1550>
19.099755000000066,0.34252000000001814,89460,<entities.dtn.DTN object at 0x1180f2670>,<entities.dtn.DTN object at 0x1180d1550>
19.109830000000066,0.342550000000017,89460,<entities.dtn.DTN object at 0x1180f2670>,<entities.dtn.DTN object at 0x1180d1550>
19.119905000000067,0.35259500000001864,89460,<entities.dtn.DTN object at 0x1180f2670>,<entities.dtn.DTN object at 0x1180d1550>
19.129980000000067,0.3526250000000175,89460,<entities.dtn.DTN object at 0x1180f2670>,<entities.dtn.DTN object at 0x1180d1550>
19.140055000000068,0.36267000000001914,89460,<entities.dtn.DTN object at 0x1180f2670>,<entities.dtn.DTN object at 0x1180d1550>
19.15013000000007,0.362700000000018,89460,<entities.dtn.DTN object at 0x1180f2670>,<entities.dtn.DTN object at 0x1180d1550>
19.16020500000007,0.37274500000001964,89460,<entities.dtn.DTN object at 0x1180f2670>,<entities.dtn.DTN object at 0x1180d1550>
19.17028000000007,0.3727750000000185,89460,<entities.dtn.DTN object at 0x1180f2670>,<entities.dtn.DTN object at 0x1180d1550>
19.18035500000007,0.38282000000002014,89460,<entities.dtn.DTN object at 0x1180f2670>,<entities.dtn.DTN object at 0x1180d1550>
19.19043000000007,0.382850000000019,89460,<entities.dtn.DTN object at 0x1180f2670>,<entities.dtn.DTN object at 0x1180d1550>
19.20050500000007,0.39289500000002064,89460,<entities.dtn.DTN object at 0x1180f2670>,<entities.dtn.DTN object at 0x1180d1550>
19.21058000000007,0.3929250000000195,89460,<entities.dtn.DTN object at 0x1180f2670>,<entities.dtn.DTN object at 0x1180d1550>
19.22065500000007,0.40297000000002114,89460,<entities.dtn.DTN object at 0x1180f2670>,<entities.dtn.DTN object at 0x1180d1550>
19.230730000000072,0.40300000000002,89460,<entities.dtn.DTN object at 0x1180f2670>,<entities.dtn.DTN object at 0x1180d1550>
19.240805000000073,0.41304500000002164,89460,<entities.dtn.DTN object at 0x1180f2670>,<entities.dtn.DTN object at 0x1180d1550>
19.250880000000073,0.4130750000000205,89460,<entities.dtn.DTN object at 0x1180f2670>,<entities.dtn.DTN object at 0x1180d1550>
19.260955000000074,0.42312000000002215,89460,<entities.dtn.DTN object at 0x1180f2670>,<entities.dtn.DTN object at 0x1180d1550>
19.271030000000074,0.423150000000021,89460,<entities.dtn.DTN object at 0x1180f2670>,<entities.dtn.DTN object at 0x1180d1550>
19.281105000000075,0.43319500000002265,89460,<entities.dtn.DTN object at 0x1180f2670>,<entities.dtn.DTN object at 0x1180d1550>
19.291180000000075,0.4332250000000215,89460,<entities.dtn.DTN object at 0x1180f2670>,<entities.dtn.DTN object at 0x1180d1550>
19.301230000000075,0.4432450000000223,89460,<entities.dtn.DTN object at 0x1180f2670>,<entities.dtn.DTN object at 0x1180d1550>
26.931365000000184,0.12501500000001187,44546,<entities.dtn.DTN object at 0x1180f2670>,<entities.dtn.DTN object at 0x1180d1550>
27.141440000000188,0.21013500000000107,44546,<entities.dtn.DTN object at 0x1180f2670>,<entities.dtn.DTN object at 0x1180d1550>
27.151515000000188,0.2201800000000027,44546,<entities.dtn.DTN object at 0x1180f2670>,<entities.dtn.DTN object at 0x1180d1550>
27.36159000000019,0.22021000000000157,44546,<entities.dtn.DTN object at 0x1180f2670>,<entities.dtn.DTN object at 0x1180d1550>
27.371665000000192,0.2302550000000032,44546,<entities.dtn.DTN object at 0x1180f2670>,<entities.dtn.DTN object at 0x1180d1550>
27.381740000000192,0.23028500000000207,44546,<entities.dtn.DTN object at 0x1180f2670>,<entities.dtn.DTN object at 0x1180d1550>
27.391815000000193,0.2403300000000037,44546,<entities.dtn.DTN object at 0x1180f2670>,<entities.dtn.DTN object at 0x1180d1550>
27.501890000000195,0.14036000000000115,44546,<entities.dtn.DTN object at 0x1180f2670>,<entities.dtn.DTN object at 0x1180d1550>
27.511965000000195,0.1504050000000028,44546,<entities.dtn.DTN object at 0x1180f2670>,<entities.dtn.DTN object at 0x1180d1550>
27.522040000000196,0.15043500000000165,44546,<entities.dtn.DTN object at 0x1180f2670>,<entities.dtn.DTN object at 0x1180d1550>
27.532115000000196,0.1604800000000033,44546,<entities.dtn.DTN object at 0x1180f2670>,<entities.dtn.DTN object at 0x1180d1550>
27.542190000000197,0.16051000000000215,44546,<entities.dtn.DTN object at 0x1180f2670>,<entities.dtn.DTN object at 0x1180d1550>
27.552265000000197,0.1705550000000038,44546,<entities.dtn.DTN object at 0x1180f2670>,<entities.dtn.DTN object at 0x1180d1550>
27.562340000000198,0.17058500000000265,44546,<entities.dtn.DTN object at 0x1180f2670>,<entities.dtn.DTN object at 0x1180d1550>
27.5724150000002,0.1806300000000043,44546,<entities.dtn.DTN object at 0x1180f2670>,<entities.dtn.DTN object at 0x1180d1550>
27.6824900000002,0.18066000000000315,44546,<entities.dtn.DTN object at 0x1180f2670>,<entities.dtn.DTN object at 0x1180d1550>
27.6925650000002,0.1907050000000048,44546,<entities.dtn.DTN object at 0x1180f2670>,<entities.dtn.DTN object at 0x1180d1550>
27.7026400000002,0.19073500000000365,44546,<entities.dtn.DTN object at 0x1180f2670>,<entities.dtn.DTN object at 0x1180d1550>
27.712715000000202,0.2007800000000053,44546,<entities.dtn.DTN object at 0x1180f2670>,<entities.dtn.DTN object at 0x1180d1550>
27.722790000000202,0.20081000000000415,44546,<entities.dtn.DTN object at 0x1180f2670>,<entities.dtn.DTN object at 0x1180d1550>
27.732865000000203,0.2108550000000058,44546,<entities.dtn.DTN object at 0x1180f2670>,<entities.dtn.DTN object at 0x1180d1550>
27.742940000000203,0.21088500000000465,44546,<entities.dtn.DTN object at 0x1180f2670>,<entities.dtn.DTN object at 0x1180d1550>
27.753015000000204,0.2209300000000063,44546,<entities.dtn.DTN object at 0x1180f2670>,<entities.dtn.DTN object at 0x1180d1550>
27.763090000000204,0.22096000000000515,44546,<entities.dtn.DTN object at 0x1180f2670>,<entities.dtn.DTN object at 0x1180d1550>
27.773165000000205,0.2310050000000068,44546,<entities.dtn.DTN object at 0x1180f2670>,<entities.dtn.DTN object at 0x1180d1550>
27.783240000000205,0.23103500000000565,44546,<entities.dtn.DTN object at 0x1180f2670>,<entities.dtn.DTN object at 0x1180d1550>
27.793315000000206,0.2410800000000073,44546,<entities.dtn.DTN object at 0x1180f2670>,<entities.dtn.DTN object at 0x1180d1550>
27.803390000000206,0.24111000000000615,44546,<entities.dtn.DTN object at 0x1180f2670>,<entities.dtn.DTN object at 0x1180d1550>
27.813465000000207,0.2511550000000078,44546,<entities.dtn.DTN object at 0x1180f2670>,<entities.dtn.DTN object at 0x1180d1550>
27.823540000000207,0.25118500000000665,44546,<entities.dtn.DTN object at 0x1180f2670>,<entities.dtn.DTN object at 0x1180d1550>
27.833615000000208,0.2612300000000083,44546,<entities.dtn.DTN object at 0x1180f2670>,<entities.dtn.DTN object at 0x1180d1550>
27.84369000000021,0.16126000000000573,44546,<entities.dtn.DTN object at 0x1180f2670>,<entities.dtn.DTN object at 0x1180d1550>
27.85376500000021,0.17130500000000737,44546,<entities.dtn.DTN object at 0x1180f2670>,<entities.dtn.DTN object at 0x1180d1550>
27.86384000000021,0.17133500000000623,44546,<entities.dtn.DTN object at 0x1180f2670>,<entities.dtn.DTN object at 0x1180d1550>
27.87391500000021,0.18138000000000787,44546,<entities.dtn.DTN object at 0x1180f2670>,<entities.dtn.DTN object at 0x1180d1550>
27.88399000000021,0.18141000000000673,44546,<entities.dtn.DTN object at 0x1180f2670>,<entities.dtn.DTN object at 0x1180d1550>
27.89406500000021,0.19145500000000837,44546,<entities.dtn.DTN object at 0x1180f2670>,<entities.dtn.DTN object at 0x1180d1550>
27.90414000000021,0.19148500000000723,44546,<entities.dtn.DTN object at 0x1180f2670>,<entities.dtn.DTN object at 0x1180d1550>
27.914215000000212,0.20153000000000887,44546,<entities.dtn.DTN object at 0x1180f2670>,<entities.dtn.DTN object at 0x1180d1550>
27.924290000000212,0.20156000000000773,44546,<entities.dtn.DTN object at 0x1180f2670>,<entities.dtn.DTN object at 0x1180d1550>
27.934365000000213,0.21160500000000937,44546,<entities.dtn.DTN object at 0x1180f2670>,<entities.dtn.DTN object at 0x1180d1550>
27.944440000000213,0.21163500000000823,44546,<entities.dtn.DTN object at 0x1180f2670>,<entities.dtn.DTN object at 0x1180d1550>
27.954515000000214,0.22168000000000987,44546,<entities.dtn.DTN object at 0x1180f2670>,<entities.dtn.DTN object at 0x1180d1550>
27.964590000000214,0.22171000000000873,44546,<entities.dtn.DTN object at 0x1180f2670>,<entities.dtn.DTN object at 0x1180d1550>
27.974665000000215,0.23175500000001037,44546,<entities.dtn.DTN object at 0x1180f2670>,<entities.dtn.DTN object at 0x1180d1550>
27.984740000000215,0.23178500000000923,44546,<entities.dtn.DTN object at 0x1180f2670>,<entities.dtn.DTN object at 0x1180d1550>
27.994805000000216,0.24182000000001125,44546,<entities.dtn.DTN object at 0x1180f2670>,<entities.dtn.DTN object at 0x1180d1550>
28.00483000000022,0.241800000000012,44546,<entities.dtn.DTN object at 0x1180f2670>,<entities.dtn.DTN object at 0x1180d1550>
28.01490500000022,0.25184500000001364,44546,<entities.dtn.DTN object at 0x1180f2670>,<entities.dtn.DTN object at 0x1180d1550>
28.02498000000022,0.2518750000000125,44546,<entities.dtn.DTN object at 0x1180f2670>,<entities.dtn.DTN object at 0x1180d1550>
28.03505500000022,0.26192000000001414,44546,<entities.dtn.DTN object at 0x1180f2670>,<entities.dtn.DTN object at 0x1180d1550>
28.04513000000022,0.261950000000013,44546,<entities.dtn.DTN object at 0x1180f2670>,<entities.dtn.DTN object at 0x1180d1550>
28.05520500000022,0.27199500000001464,44546,<entities.dtn.DTN object at 0x1180f2670>,<entities.dtn.DTN object at 0x1180d1550>
28.06528000000022,0.2720250000000135,44546,<entities.dtn.DTN object at 0x1180f2670>,<entities.dtn.DTN object at 0x1180d1550>
28.075355000000222,0.28207000000001514,44546,<entities.dtn.DTN object at 0x1180f2670>,<entities.dtn.DTN object at 0x1180d1550>
28.085430000000223,0.282100000000014,44546,<entities.dtn.DTN object at 0x1180f2670>,<entities.dtn.DTN object at 0x1180d1550>
28.095505000000223,0.29214500000001564,44546,<entities.dtn.DTN object at 0x1180f2670>,<entities.dtn.DTN object at 0x1180d1550>
28.105580000000224,0.2921750000000145,44546,<entities.dtn.DTN object at 0x1180f2670>,<entities.dtn.DTN object at 0x1180d1550>
28.115655000000224,0.30222000000001614,44546,<entities.dtn.DTN object at 0x1180f2670>,<entities.dtn.DTN object at 0x1180d1550>
28.125730000000225,0.302250000000015,44546,<entities.dtn.DTN object at 0x1180f2670>,<entities.dtn.DTN object at 0x1180d1550>
28.135805000000225,0.31229500000001664,44546,<entities.dtn.DTN object at 0x1180f2670>,<entities.dtn.DTN object at 0x1180d1550>
28.145880000000226,0.3123250000000155,44546,<entities.dtn.DTN object at 0x1180f2670>,<entities.dtn.DTN object at 0x1180d1550>
28.155955000000226,0.32237000000001714,44546,<entities.dtn.DTN object at 0x1180f2670>,<entities.dtn.DTN object at 0x1180d1550>
28.166030000000227,0.322400000000016,44546,<entities.dtn.DTN object at 0x1180f2670>,<entities.dtn.DTN object at 0x1180d1550>
28.176105000000227,0.33244500000001764,44546,<entities.dtn.DTN object at 0x1180f2670>,<entities.dtn.DTN object at 0x1180d1550>
28.186180000000228,0.3324750000000165,44546,<entities.dtn.DTN object at 0x1180f2670>,<entities.dtn.DTN object at 0x1180d1550>
28.196255000000228,0.34252000000001814,44546,<entities.dtn.DTN object at 0x1180f2670>,<entities.dtn.DTN object at 0x1180d1550>
28.20633000000023,0.342550000000017,44546,<entities.dtn.DTN object at 0x1180f2670>,<entities.dtn.DTN object at 0x1180d1550>
28.21640500000023,0.35259500000001864,44546,<entities.dtn.DTN object at 0x1180f2670>,<entities.dtn.DTN object at 0x1180d1550>
28.22648000000023,0.3526250000000175,44546,<entities.dtn.DTN object at 0x1180f2670>,<entities.dtn.DTN object at 0x1180d1550>
28.23655500000023,0.36267000000001914,44546,<entities.dtn.DTN object at 0x1180f2670>,<entities.dtn.DTN object at 0x1180d1550>
28.24663000000023,0.362700000000018,44546,<entities.dtn.DTN object at 0x1180f2670>,<entities.dtn.DTN object at 0x1180d1550>
28.25670500000023,0.37274500000001964,44546,<entities.dtn.DTN object at 0x1180f2670>,<entities.dtn.DTN object at 0x1180d1550>
28.26678000000023,0.3727750000000185,44546,<entities.dtn.DTN object at 0x1180f2670>,<entities.dtn.DTN object at 0x1180d1550>
28.276855000000232,0.38282000000002014,44546,<entities.dtn.DTN object at 0x1180f2670>,<entities.dtn.DTN object at 0x1180d1550>
28.286930000000233,0.382850000000019,44546,<entities.dtn.DTN object at 0x1180f2670>,<entities.dtn.DTN object at 0x1180d1550>
28.297005000000233,0.39289500000002064,44546,<entities.dtn.DTN object at 0x1180f2670>,<entities.dtn.DTN object at 0x1180d1550>
28.307080000000234,0.3929250000000195,44546,<entities.dtn.DTN object at 0x1180f2670>,<entities.dtn.DTN object at 0x1180d1550>
28.317155000000234,0.40297000000002114,44546,<entities.dtn.DTN object at 0x1180f2670>,<entities.dtn.DTN object at 0x1180d1550>
28.327230000000235,0.40300000000002,44546,<entities.dtn.DTN object at 0x1180f2670>,<entities.dtn.DTN object at 0x1180d1550>
28.337305000000235,0.41304500000002164,44546,<entities.dtn.DTN object at 0x1180f2670>,<entities.dtn.DTN object at 0x1180d1550>
28.347380000000236,0.4130750000000205,44546,<entities.dtn.DTN object at 0x1180f2670>,<entities.dtn.DTN object at 0x1180d1550>
28.357455000000236,0.42312000000002215,44546,<entities.dtn.DTN object at 0x1180f2670>,<entities.dtn.DTN object at 0x1180d1550>
28.367530000000237,0.423150000000021,44546,<entities.dtn.DTN object at 0x1180f2670>,<entities.dtn.DTN object at 0x1180d1550>
28.377605000000237,0.43319500000002265,44546,<entities.dtn.DTN object at 0x1180f2670>,<entities.dtn.DTN object at 0x1180d1550>
28.387680000000238,0.4332250000000215,44546,<entities.dtn.DTN object at 0x1180f2670>,<entities.dtn.DTN object at 0x1180d1550>
28.397755000000238,0.44327000000002315,44546,<entities.dtn.DTN object at 0x1180f2670>,<entities.dtn.DTN object at 0x1180d1550>
28.40783000000024,0.443300000000022,44546,<entities.dtn.DTN object at 0x1180f2670>,<entities.dtn.DTN object at 0x1180d1550>
28.41790500000024,0.45334500000002365,44546,<entities.dtn.DTN object at 0x1180f2670>,<entities.dtn.DTN object at 0x1180d1550>
28.42798000000024,0.4533750000000225,44546,<entities.dtn.DTN object at 0x1180f2670>,<entities.dtn.DTN object at 0x1180d1550>
28.43805500000024,0.46342000000002415,44546,<entities.dtn.DTN object at 0x1180f2670>,<entities.dtn.DTN object at 0x1180d1550>
28.44813000000024,0.463450000000023,44546,<entities.dtn.DTN object at 0x1180f2670>,<entities.dtn.DTN object at 0x1180d1550>
28.45820500000024,0.47349500000002465,44546,<entities.dtn.DTN object at 0x1180f2670>,<entities.dtn.DTN object at 0x1180d1550>
28.46828000000024,0.4735250000000235,44546,<entities.dtn.DTN object at 0x1180f2670>,<entities.dtn.DTN object at 0x1180d1550>
28.47833000000024,0.4835450000000243,44546,<entities.dtn.DTN object at 0x1180f2670>,<entities.dtn.DTN object at 0x1180d1550>
33.408465000000305,0.11910500000001178,77912,<entities.dtn.DTN object at 0x1180f2670>,<entities.dtn.DTN object at 0x1180d1550>
33.61854000000031,0.21013500000000818,77912,<entities.dtn.DTN object at 0x1180f2670>,<entities.dtn.DTN object at 0x1180d1550>
33.62861500000031,0.22018000000000626,77912,<entities.dtn.DTN object at 0x1180f2670>,<entities.dtn.DTN object at 0x1180d1550>
33.73869000000031,0.12021000000000726,77912,<entities.dtn.DTN object at 0x1180f2670>,<entities.dtn.DTN object at 0x1180d1550>
33.74876500000031,0.13025500000000534,77912,<entities.dtn.DTN object at 0x1180f2670>,<entities.dtn.DTN object at 0x1180d1550>
33.75884000000031,0.13028500000000776,77912,<entities.dtn.DTN object at 0x1180f2670>,<entities.dtn.DTN object at 0x1180d1550>
33.76891500000031,0.14033000000000584,77912,<entities.dtn.DTN object at 0x1180f2670>,<entities.dtn.DTN object at 0x1180d1550>
33.878990000000314,0.14036000000000826,77912,<entities.dtn.DTN object at 0x1180f2670>,<entities.dtn.DTN object at 0x1180d1550>
33.889065000000315,0.15040500000000634,77912,<entities.dtn.DTN object at 0x1180f2670>,<entities.dtn.DTN object at 0x1180d1550>
33.899140000000315,0.15043500000000876,77912,<entities.dtn.DTN object at 0x1180f2670>,<entities.dtn.DTN object at 0x1180d1550>
33.909215000000316,0.16048000000000684,77912,<entities.dtn.DTN object at 0x1180f2670>,<entities.dtn.DTN object at 0x1180d1550>
33.919290000000316,0.16051000000000926,77912,<entities.dtn.DTN object at 0x1180f2670>,<entities.dtn.DTN object at 0x1180d1550>
33.92936500000032,0.17055500000000734,77912,<entities.dtn.DTN object at 0x1180f2670>,<entities.dtn.DTN object at 0x1180d1550>
33.93944000000032,0.17058500000000976,77912,<entities.dtn.DTN object at 0x1180f2670>,<entities.dtn.DTN object at 0x1180d1550>
33.94951500000032,0.18063000000000784,77912,<entities.dtn.DTN object at 0x1180f2670>,<entities.dtn.DTN object at 0x1180d1550>
34.05959000000032,0.18066000000001026,77912,<entities.dtn.DTN object at 0x1180f2670>,<entities.dtn.DTN object at 0x1180d1550>
34.06966500000032,0.19070500000000834,77912,<entities.dtn.DTN object at 0x1180f2670>,<entities.dtn.DTN object at 0x1180d1550>
34.07974000000032,0.19073500000001076,77912,<entities.dtn.DTN object at 0x1180f2670>,<entities.dtn.DTN object at 0x1180d1550>
34.08981500000032,0.20078000000000884,77912,<entities.dtn.DTN object at 0x1180f2670>,<entities.dtn.DTN object at 0x1180d1550>
34.09989000000032,0.20081000000001126,77912,<entities.dtn.DTN object at 0x1180f2670>,<entities.dtn.DTN object at 0x1180d1550>
34.10996500000032,0.21085500000000934,77912,<entities.dtn.DTN object at 0x1180f2670>,<entities.dtn.DTN object at 0x1180d1550>
34.12004000000032,0.21088500000001176,77912,<entities.dtn.DTN object at 0x1180f2670>,<entities.dtn.DTN object at 0x1180d1550>
34.13011500000032,0.22093000000000984,77912,<entities.dtn.DTN object at 0x1180f2670>,<entities.dtn.DTN object at 0x1180d1550>
34.140190000000324,0.22096000000001226,77912,<entities.dtn.DTN object at 0x1180f2670>,<entities.dtn.DTN object at 0x1180d1550>
34.150265000000324,0.23100500000001034,77912,<entities.dtn.DTN object at 0x1180f2670>,<entities.dtn.DTN object at 0x1180d1550>
34.160340000000325,0.23103500000001276,77912,<entities.dtn.DTN object at 0x1180f2670>,<entities.dtn.DTN object at 0x1180d1550>
34.170415000000325,0.24108000000001084,77912,<entities.dtn.DTN object at 0x1180f2670>,<entities.dtn.DTN object at 0x1180d1550>
34.180490000000326,0.24111000000001326,77912,<entities.dtn.DTN object at 0x1180f2670>,<entities.dtn.DTN object at 0x1180d1550>
34.190565000000326,0.25115500000001134,77912,<entities.dtn.DTN object at 0x1180f2670>,<entities.dtn.DTN object at 0x1180d1550>
34.20064000000033,0.25118500000001376,77912,<entities.dtn.DTN object at 0x1180f2670>,<entities.dtn.DTN object at 0x1180d1550>
34.21071500000033,0.26123000000001184,77912,<entities.dtn.DTN object at 0x1180f2670>,<entities.dtn.DTN object at 0x1180d1550>
34.22079000000033,0.16126000000001284,77912,<entities.dtn.DTN object at 0x1180f2670>,<entities.dtn.DTN object at 0x1180d1550>
34.23086500000033,0.17130500000001092,77912,<entities.dtn.DTN object at 0x1180f2670>,<entities.dtn.DTN object at 0x1180d1550>
34.24094000000033,0.17133500000001334,77912,<entities.dtn.DTN object at 0x1180f2670>,<entities.dtn.DTN object at 0x1180d1550>
34.25101500000033,0.18138000000001142,77912,<entities.dtn.DTN object at 0x1180f2670>,<entities.dtn.DTN object at 0x1180d1550>
34.26109000000033,0.18141000000001384,77912,<entities.dtn.DTN object at 0x1180f2670>,<entities.dtn.DTN object at 0x1180d1550>
34.27116500000033,0.19145500000001192,77912,<entities.dtn.DTN object at 0x1180f2670>,<entities.dtn.DTN object at 0x1180d1550>
34.28124000000033,0.19148500000001434,77912,<entities.dtn.DTN object at 0x1180f2670>,<entities.dtn.DTN object at 0x1180d1550>
34.29131500000033,0.20153000000001242,77912,<entities.dtn.DTN object at 0x1180f2670>,<entities.dtn.DTN object at 0x1180d1550>
34.30139000000033,0.20156000000001484,77912,<entities.dtn.DTN object at 0x1180f2670>,<entities.dtn.DTN object at 0x1180d1550>
34.31146500000033,0.21160500000001292,77912,<entities.dtn.DTN object at 0x1180f2670>,<entities.dtn.DTN object at 0x1180d1550>
34.32154000000033,0.21163500000001534,77912,<entities.dtn.DTN object at 0x1180f2670>,<entities.dtn.DTN object at 0x1180d1550>
34.33161500000033,0.22168000000001342,77912,<entities.dtn.DTN object at 0x1180f2670>,<entities.dtn.DTN object at 0x1180d1550>
34.341690000000334,0.22171000000001584,77912,<entities.dtn.DTN object at 0x1180f2670>,<entities.dtn.DTN object at 0x1180d1550>
34.351765000000334,0.23175500000001392,77912,<entities.dtn.DTN object at 0x1180f2670>,<entities.dtn.DTN object at 0x1180d1550>
34.361840000000335,0.23178500000001634,77912,<entities.dtn.DTN object at 0x1180f2670>,<entities.dtn.DTN object at 0x1180d1550>
34.371915000000335,0.24183000000001442,77912,<entities.dtn.DTN object at 0x1180f2670>,<entities.dtn.DTN object at 0x1180d1550>
34.381990000000336,0.24186000000001684,77912,<entities.dtn.DTN object at 0x1180f2670>,<entities.dtn.DTN object at 0x1180d1550>
34.392035000000334,0.2518750000000125,77912,<entities.dtn.DTN object at 0x1180f2670>,<entities.dtn.DTN object at 0x1180d1550>
34.40208000000033,0.2518750000000125,77912,<entities.dtn.DTN object at 0x1180f2670>,<entities.dtn.DTN object at 0x1180d1550>
34.41215500000033,0.2619200000000106,77912,<entities.dtn.DTN object at 0x1180f2670>,<entities.dtn.DTN object at 0x1180d1550>
34.42223000000033,0.261950000000013,77912,<entities.dtn.DTN object at 0x1180f2670>,<entities.dtn.DTN object at 0x1180d1550>
34.43230500000033,0.2719950000000111,77912,<entities.dtn.DTN object at 0x1180f2670>,<entities.dtn.DTN object at 0x1180d1550>
34.442380000000334,0.2720250000000135,77912,<entities.dtn.DTN object at 0x1180f2670>,<entities.dtn.DTN object at 0x1180d1550>
34.452455000000334,0.2820700000000116,77912,<entities.dtn.DTN object at 0x1180f2670>,<entities.dtn.DTN object at 0x1180d1550>
34.462530000000335,0.282100000000014,77912,<entities.dtn.DTN object at 0x1180f2670>,<entities.dtn.DTN object at 0x1180d1550>
34.472605000000335,0.2921450000000121,77912,<entities.dtn.DTN object at 0x1180f2670>,<entities.dtn.DTN object at 0x1180d1550>
34.482680000000336,0.2921750000000145,77912,<entities.dtn.DTN object at 0x1180f2670>,<entities.dtn.DTN object at 0x1180d1550>
34.49275500000034,0.3022200000000126,77912,<entities.dtn.DTN object at 0x1180f2670>,<entities.dtn.DTN object at 0x1180d1550>
34.50283000000034,0.302250000000015,77912,<entities.dtn.DTN object at 0x1180f2670>,<entities.dtn.DTN object at 0x1180d1550>
34.51290500000034,0.3122950000000131,77912,<entities.dtn.DTN object at 0x1180f2670>,<entities.dtn.DTN object at 0x1180d1550>
34.52298000000034,0.3123250000000155,77912,<entities.dtn.DTN object at 0x1180f2670>,<entities.dtn.DTN object at 0x1180d1550>
34.53305500000034,0.3223700000000136,77912,<entities.dtn.DTN object at 0x1180f2670>,<entities.dtn.DTN object at 0x1180d1550>
34.54313000000034,0.322400000000016,77912,<entities.dtn.DTN object at 0x1180f2670>,<entities.dtn.DTN object at 0x1180d1550>
34.55320500000034,0.3324450000000141,77912,<entities.dtn.DTN object at 0x1180f2670>,<entities.dtn.DTN object at 0x1180d1550>
34.56328000000034,0.3324750000000165,77912,<entities.dtn.DTN object at 0x1180f2670>,<entities.dtn.DTN object at 0x1180d1550>
34.57335500000034,0.3425200000000146,77912,<entities.dtn.DTN object at 0x1180f2670>,<entities.dtn.DTN object at 0x1180d1550>
34.58343000000034,0.342550000000017,77912,<entities.dtn.DTN object at 0x1180f2670>,<entities.dtn.DTN object at 0x1180d1550>
34.59350500000034,0.3525950000000151,77912,<entities.dtn.DTN object at 0x1180f2670>,<entities.dtn.DTN object at 0x1180d1550>
34.60358000000034,0.3526250000000175,77912,<entities.dtn.DTN object at 0x1180f2670>,<entities.dtn.DTN object at 0x1180d1550>
34.61365500000034,0.3626700000000156,77912,<entities.dtn.DTN object at 0x1180f2670>,<entities.dtn.DTN object at 0x1180d1550>
34.62373000000034,0.362700000000018,77912,<entities.dtn.DTN object at 0x1180f2670>,<entities.dtn.DTN object at 0x1180d1550>
34.63380500000034,0.3727450000000161,77912,<entities.dtn.DTN object at 0x1180f2670>,<entities.dtn.DTN object at 0x1180d1550>
34.643880000000344,0.3727750000000185,77912,<entities.dtn.DTN object at 0x1180f2670>,<entities.dtn.DTN object at 0x1180d1550>
34.653955000000344,0.3828200000000166,77912,<entities.dtn.DTN object at 0x1180f2670>,<entities.dtn.DTN object at 0x1180d1550>
34.664030000000345,0.382850000000019,77912,<entities.dtn.DTN object at 0x1180f2670>,<entities.dtn.DTN object at 0x1180d1550>
34.674105000000345,0.3928950000000171,77912,<entities.dtn.DTN object at 0x1180f2670>,<entities.dtn.DTN object at 0x1180d1550>
34.684180000000346,0.3929250000000195,77912,<entities.dtn.DTN object at 0x1180f2670>,<entities.dtn.DTN object at 0x1180d1550>
34.69425500000035,0.4029700000000176,77912,<entities.dtn.DTN object at 0x1180f2670>,<entities.dtn.DTN object at 0x1180d1550>
34.70433000000035,0.40300000000002,77912,<entities.dtn.DTN object at 0x1180f2670>,<entities.dtn.DTN object at 0x1180d1550>
34.71440500000035,0.4130450000000181,77912,<entities.dtn.DTN object at 0x1180f2670>,<entities.dtn.DTN object at 0x1180d1550>
34.72448000000035,0.4130750000000205,77912,<entities.dtn.DTN object at 0x1180f2670>,<entities.dtn.DTN object at 0x1180d1550>
34.73455500000035,0.4231200000000186,77912,<entities.dtn.DTN object at 0x1180f2670>,<entities.dtn.DTN object at 0x1180d1550>
34.74463000000035,0.423150000000021,77912,<entities.dtn.DTN object at 0x1180f2670>,<entities.dtn.DTN object at 0x1180d1550>
34.75470500000035,0.4331950000000191,77912,<entities.dtn.DTN object at 0x1180f2670>,<entities.dtn.DTN object at 0x1180d1550>
34.76478000000035,0.4332250000000215,77912,<entities.dtn.DTN object at 0x1180f2670>,<entities.dtn.DTN object at 0x1180d1550>
34.77485500000035,0.4432700000000196,77912,<entities.dtn.DTN object at 0x1180f2670>,<entities.dtn.DTN object at 0x1180d1550>
34.78493000000035,0.443300000000022,77912,<entities.dtn.DTN object at 0x1180f2670>,<entities.dtn.DTN object at 0x1180d1550>
34.79500500000035,0.4533450000000201,77912,<entities.dtn.DTN object at 0x1180f2670>,<entities.dtn.DTN object at 0x1180d1550>
34.80508000000035,0.4533750000000225,77912,<entities.dtn.DTN object at 0x1180f2670>,<entities.dtn.DTN object at 0x1180d1550>
34.81515500000035,0.4634200000000206,77912,<entities.dtn.DTN object at 0x1180f2670>,<entities.dtn.DTN object at 0x1180d1550>
34.82523000000035,0.463450000000023,77912,<entities.dtn.DTN object at 0x1180f2670>,<entities.dtn.DTN object at 0x1180d1550>
34.83530500000035,0.4734950000000211,77912,<entities.dtn.DTN object at 0x1180f2670>,<entities.dtn.DTN object at 0x1180d1550>
34.845380000000354,0.4735250000000235,77912,<entities.dtn.DTN object at 0x1180f2670>,<entities.dtn.DTN object at 0x1180d1550>
34.855455000000354,0.4835700000000216,77912,<entities.dtn.DTN object at 0x1180f2670>,<entities.dtn.DTN object at 0x1180d1550>
34.865530000000355,0.483600000000024,77912,<entities.dtn.DTN object at 0x1180f2670>,<entities.dtn.DTN object at 0x1180d1550>
34.875605000000355,0.4936450000000221,77912,<entities.dtn.DTN object at 0x1180f2670>,<entities.dtn.DTN object at 0x1180d1550>
34.885680000000356,0.4936750000000245,77912,<entities.dtn.DTN object at 0x1180f2670>,<entities.dtn.DTN object at 0x1180d1550>
39.31581500000042,0.11699500000000995,27111,<entities.dtn.DTN object at 0x1180f2670>,<entities.dtn.DTN object at 0x1180d1550>
39.52589000000042,0.21013500000000818,27111,<entities.dtn.DTN object at 0x1180f2670>,<entities.dtn.DTN object at 0x1180d1550>
39.535965000000424,0.22018000000000626,27111,<entities.dtn.DTN object at 0x1180f2670>,<entities.dtn.DTN object at 0x1180d1550>
39.646040000000426,0.12021000000000726,27111,<entities.dtn.DTN object at 0x1180f2670>,<entities.dtn.DTN object at 0x1180d1550>
39.656115000000426,0.13025500000000534,27111,<entities.dtn.DTN object at 0x1180f2670>,<entities.dtn.DTN object at 0x1180d1550>
39.66619000000043,0.13028500000000776,27111,<entities.dtn.DTN object at 0x1180f2670>,<entities.dtn.DTN object at 0x1180d1550>
39.67626500000043,0.14033000000000584,27111,<entities.dtn.DTN object at 0x1180f2670>,<entities.dtn.DTN object at 0x1180d1550>
39.78634000000043,0.14036000000000826,27111,<entities.dtn.DTN object at 0x1180f2670>,<entities.dtn.DTN object at 0x1180d1550>
39.79641500000043,0.15040500000000634,27111,<entities.dtn.DTN object at 0x1180f2670>,<entities.dtn.DTN object at 0x1180d1550>
39.80649000000043,0.15043500000000876,27111,<entities.dtn.DTN object at 0x1180f2670>,<entities.dtn.DTN object at 0x1180d1550>
39.81656500000043,0.16048000000000684,27111,<entities.dtn.DTN object at 0x1180f2670>,<entities.dtn.DTN object at 0x1180d1550>
39.82664000000043,0.16051000000000926,27111,<entities.dtn.DTN object at 0x1180f2670>,<entities.dtn.DTN object at 0x1180d1550>
39.83671500000043,0.17055500000000734,27111,<entities.dtn.DTN object at 0x1180f2670>,<entities.dtn.DTN object at 0x1180d1550>
39.84679000000043,0.17058500000000976,27111,<entities.dtn.DTN object at 0x1180f2670>,<entities.dtn.DTN object at 0x1180d1550>
39.85686500000043,0.18063000000000784,27111,<entities.dtn.DTN object at 0x1180f2670>,<entities.dtn.DTN object at 0x1180d1550>
39.966940000000434,0.18066000000001026,27111,<entities.dtn.DTN object at 0x1180f2670>,<entities.dtn.DTN object at 0x1180d1550>
39.97700500000043,0.19069500000000517,27111,<entities.dtn.DTN object at 0x1180f2670>,<entities.dtn.DTN object at 0x1180d1550>
39.98703000000043,0.19067500000000592,27111,<entities.dtn.DTN object at 0x1180f2670>,<entities.dtn.DTN object at 0x1180d1550>
39.99710500000043,0.200720000000004,27111,<entities.dtn.DTN object at 0x1180f2670>,<entities.dtn.DTN object at 0x1180d1550>
40.00718000000043,0.20075000000000642,27111,<entities.dtn.DTN object at 0x1180f2670>,<entities.dtn.DTN object at 0x1180d1550>
40.01725500000043,0.2107950000000045,27111,<entities.dtn.DTN object at 0x1180f2670>,<entities.dtn.DTN object at 0x1180d1550>
40.02733000000043,0.21082500000000692,27111,<entities.dtn.DTN object at 0x1180f2670>,<entities.dtn.DTN object at 0x1180d1550>
40.03740500000043,0.220870000000005,27111,<entities.dtn.DTN object at 0x1180f2670>,<entities.dtn.DTN object at 0x1180d1550>
40.047480000000434,0.22090000000000742,27111,<entities.dtn.DTN object at 0x1180f2670>,<entities.dtn.DTN object at 0x1180d1550>
40.057555000000434,0.2309450000000055,27111,<entities.dtn.DTN object at 0x1180f2670>,<entities.dtn.DTN object at 0x1180d1550>
40.067630000000435,0.23097500000000792,27111,<entities.dtn.DTN object at 0x1180f2670>,<entities.dtn.DTN object at 0x1180d1550>
40.077705000000435,0.241020000000006,27111,<entities.dtn.DTN object at 0x1180f2670>,<entities.dtn.DTN object at 0x1180d1550>
40.087780000000436,0.24105000000000842,27111,<entities.dtn.DTN object at 0x1180f2670>,<entities.dtn.DTN object at 0x1180d1550>
40.097855000000436,0.2510950000000065,27111,<entities.dtn.DTN object at 0x1180f2670>,<entities.dtn.DTN object at 0x1180d1550>
40.10793000000044,0.2511250000000089,27111,<entities.dtn.DTN object at 0x1180f2670>,<entities.dtn.DTN object at 0x1180d1550>
40.11800500000044,0.261170000000007,27111,<entities.dtn.DTN object at 0x1180f2670>,<entities.dtn.DTN object at 0x1180d1550>
40.12808000000044,0.161200000000008,27111,<entities.dtn.DTN object at 0x1180f2670>,<entities.dtn.DTN object at 0x1180d1550>
40.13815500000044,0.1712450000000061,27111,<entities.dtn.DTN object at 0x1180f2670>,<entities.dtn.DTN object at 0x1180d1550>
40.14823000000044,0.1712750000000085,27111,<entities.dtn.DTN object at 0x1180f2670>,<entities.dtn.DTN object at 0x1180d1550>
40.15828000000044,0.18129500000000576,27111,<entities.dtn.DTN object at 0x1180f2670>,<entities.dtn.DTN object at 0x1180d1550>
41.832265000000476,0.05513500000002125,10480,<entities.dtn.DTN object at 0x1180f2670>,<entities.dtn.DTN object at 0x1180d1550>
41.94234000000048,0.11013500000000676,10480,<entities.dtn.DTN object at 0x1180f2670>,<entities.dtn.DTN object at 0x1180d1550>
41.95241500000048,0.12018000000000484,10480,<entities.dtn.DTN object at 0x1180f2670>,<entities.dtn.DTN object at 0x1180d1550>
42.06249000000048,0.12021000000000726,10480,<entities.dtn.DTN object at 0x1180f2670>,<entities.dtn.DTN object at 0x1180d1550>
42.07256500000048,0.13025500000000534,10480,<entities.dtn.DTN object at 0x1180f2670>,<entities.dtn.DTN object at 0x1180d1550>
42.08264000000048,0.13028500000000776,10480,<entities.dtn.DTN object at 0x1180f2670>,<entities.dtn.DTN object at 0x1180d1550>
42.09271500000048,0.14033000000000584,10480,<entities.dtn.DTN object at 0x1180f2670>,<entities.dtn.DTN object at 0x1180d1550>
42.20279000000048,0.14036000000000826,10480,<entities.dtn.DTN object at 0x1180f2670>,<entities.dtn.DTN object at 0x1180d1550>
42.212865000000484,0.15040500000000634,10480,<entities.dtn.DTN object at 0x1180f2670>,<entities.dtn.DTN object at 0x1180d1550>
42.222940000000484,0.15043500000000876,10480,<entities.dtn.DTN object at 0x1180f2670>,<entities.dtn.DTN object at 0x1180d1550>
42.233015000000485,0.16048000000000684,10480,<entities.dtn.DTN object at 0x1180f2670>,<entities.dtn.DTN object at 0x1180d1550>
42.243090000000485,0.16051000000000926,10480,<entities.dtn.DTN object at 0x1180f2670>,<entities.dtn.DTN object at 0x1180d1550>
42.253165000000486,0.17055500000000734,10480,<entities.dtn.DTN object at 0x1180f2670>,<entities.dtn.DTN object at 0x1180d1550>
42.263240000000486,0.17058500000000976,10480,<entities.dtn.DTN object at 0x1180f2670>,<entities.dtn.DTN object at 0x1180d1550>
42.27331500000049,0.18063000000000784,10480,<entities.dtn.DTN object at 0x1180f2670>,<entities.dtn.DTN object at 0x1180d1550>
42.28339000000049,0.08066000000000884,10480,<entities.dtn.DTN object at 0x1180f2670>,<entities.dtn.DTN object at 0x1180d1550>
42.29346500000049,0.09070500000000692,10480,<entities.dtn.DTN object at 0x1180f2670>,<entities.dtn.DTN object at 0x1180d1550>
42.30354000000049,0.09073500000000934,10480,<entities.dtn.DTN object at 0x1180f2670>,<entities.dtn.DTN object at 0x1180d1550>
42.31361500000049,0.10078000000000742,10480,<entities.dtn.DTN object at 0x1180f2670>,<entities.dtn.DTN object at 0x1180d1550>
42.32369000000049,0.10081000000000984,10480,<entities.dtn.DTN object at 0x1180f2670>,<entities.dtn.DTN object at 0x1180d1550>
42.33376500000049,0.11085500000000792,10480,<entities.dtn.DTN object at 0x1180f2670>,<entities.dtn.DTN object at 0x1180d1550>
42.34384000000049,0.11088500000001034,10480,<entities.dtn.DTN object at 0x1180f2670>,<entities.dtn.DTN object at 0x1180d1550>
42.35391500000049,0.12093000000000842,10480,<entities.dtn.DTN object at 0x1180f2670>,<entities.dtn.DTN object at 0x1180d1550>
42.36399000000049,0.12096000000001084,10480,<entities.dtn.DTN object at 0x1180f2670>,<entities.dtn.DTN object at 0x1180d1550>
42.37406500000049,0.13100500000000892,10480,<entities.dtn.DTN object at 0x1180f2670>,<entities.dtn.DTN object at 0x1180d1550>
42.38414000000049,0.13103500000001134,10480,<entities.dtn.DTN object at 0x1180f2670>,<entities.dtn.DTN object at 0x1180d1550>
42.39421500000049,0.14108000000000942,10480,<entities.dtn.DTN object at 0x1180f2670>,<entities.dtn.DTN object at 0x1180d1550>
42.40429000000049,0.14111000000001184,10480,<entities.dtn.DTN object at 0x1180f2670>,<entities.dtn.DTN object at 0x1180d1550>
42.414365000000494,0.15115500000000992,10480,<entities.dtn.DTN object at 0x1180f2670>,<entities.dtn.DTN object at 0x1180d1550>
42.424440000000494,0.15118500000001234,10480,<entities.dtn.DTN object at 0x1180f2670>,<entities.dtn.DTN object at 0x1180d1550>
42.434515000000495,0.16123000000001042,10480,<entities.dtn.DTN object at 0x1180f2670>,<entities.dtn.DTN object at 0x1180d1550>
42.444590000000495,0.16126000000001284,10480,<entities.dtn.DTN object at 0x1180f2670>,<entities.dtn.DTN object at 0x1180d1550>
42.454665000000496,0.17130500000001092,10480,<entities.dtn.DTN object at 0x1180f2670>,<entities.dtn.DTN object at 0x1180d1550>
42.464740000000496,0.17133500000001334,10480,<entities.dtn.DTN object at 0x1180f2670>,<entities.dtn.DTN object at 0x1180d1550>
42.4748150000005,0.18138000000001142,10480,<entities.dtn.DTN object at 0x1180f2670>,<entities.dtn.DTN object at 0x1180d1550>
42.4848900000005,0.18141000000001384,10480,<entities.dtn.DTN object at 0x1180f2670>,<entities.dtn.DTN object at 0x1180d1550>
42.4949650000005,0.19145500000001192,10480,<entities.dtn.DTN object at 0x1180f2670>,<entities.dtn.DTN object at 0x1180d1550>
42.5050400000005,0.19148500000001434,10480,<entities.dtn.DTN object at 0x1180f2670>,<entities.dtn.DTN object at 0x1180d1550>
42.5151150000005,0.20153000000001242,10480,<entities.dtn.DTN object at 0x1180f2670>,<entities.dtn.DTN object at 0x1180d1550>
42.5251900000005,0.20156000000001484,10480,<entities.dtn.DTN object at 0x1180f2670>,<entities.dtn.DTN object at 0x1180d1550>
42.5352650000005,0.21160500000001292,10480,<entities.dtn.DTN object at 0x1180f2670>,<entities.dtn.DTN object at 0x1180d1550>
42.5453400000005,0.21163500000001534,10480,<entities.dtn.DTN object at 0x1180f2670>,<entities.dtn.DTN object at 0x1180d1550>
42.5554150000005,0.22168000000001342,10480,<entities.dtn.DTN object at 0x1180f2670>,<entities.dtn.DTN object at 0x1180d1550>
42.5654900000005,0.22171000000001584,10480,<entities.dtn.DTN object at 0x1180f2670>,<entities.dtn.DTN object at 0x1180d1550>
42.5755650000005,0.23175500000001392,10480,<entities.dtn.DTN object at 0x1180f2670>,<entities.dtn.DTN object at 0x1180d1550>
42.5856400000005,0.23178500000001634,10480,<entities.dtn.DTN object at 0x1180f2670>,<entities.dtn.DTN object at 0x1180d1550>
42.5957050000005,0.24182000000001125,10480,<entities.dtn.DTN object at 0x1180f2670>,<entities.dtn.DTN object at 0x1180d1550>
42.6057300000005,0.241800000000012,10480,<entities.dtn.DTN object at 0x1180f2670>,<entities.dtn.DTN object at 0x1180d1550>
42.6158050000005,0.2518450000000101,10480,<entities.dtn.DTN object at 0x1180f2670>,<entities.dtn.DTN object at 0x1180d1550>
42.6258800000005,0.2518750000000125,10480,<entities.dtn.DTN object at 0x1180f2670>,<entities.dtn.DTN object at 0x1180d1550>
42.6359550000005,0.2619200000000106,10480,<entities.dtn.DTN object at 0x1180f2670>,<entities.dtn.DTN object at 0x1180d1550>
42.6460300000005,0.261950000000013,10480,<entities.dtn.DTN object at 0x1180f2670>,<entities.dtn.DTN object at 0x1180d1550>
42.6561050000005,0.2719950000000111,10480,<entities.dtn.DTN object at 0x1180f2670>,<entities.dtn.DTN object at 0x1180d1550>
42.6661800000005,0.2720250000000135,10480,<entities.dtn.DTN object at 0x1180f2670>,<entities.dtn.DTN object at 0x1180d1550>
42.6762550000005,0.2820700000000116,10480,<entities.dtn.DTN object at 0x1180f2670>,<entities.dtn.DTN object at 0x1180d1550>
42.6863300000005,0.282100000000014,10480,<entities.dtn.DTN object at 0x1180f2670>,<entities.dtn.DTN object at 0x1180d1550>
42.6964050000005,0.2921450000000121,10480,<entities.dtn.DTN object at 0x1180f2670>,<entities.dtn.DTN object at 0x1180d1550>
42.706480000000504,0.2921750000000145,10480,<entities.dtn.DTN object at 0x1180f2670>,<entities.dtn.DTN object at 0x1180d1550>
42.716555000000504,0.3022200000000126,10480,<entities.dtn.DTN object at 0x1180f2670>,<entities.dtn.DTN object at 0x1180d1550>
42.726630000000505,0.302250000000015,10480,<entities.dtn.DTN object at 0x1180f2670>,<entities.dtn.DTN object at 0x1180d1550>
42.736705000000505,0.3122950000000131,10480,<entities.dtn.DTN object at 0x1180f2670>,<entities.dtn.DTN object at 0x1180d1550>
42.746780000000506,0.3123250000000155,10480,<entities.dtn.DTN object at 0x1180f2670>,<entities.dtn.DTN object at 0x1180d1550>
42.756855000000506,0.3223700000000136,10480,<entities.dtn.DTN object at 0x1180f2670>,<entities.dtn.DTN object at 0x1180d1550>
42.76693000000051,0.322400000000016,10480,<entities.dtn.DTN object at 0x1180f2670>,<entities.dtn.DTN object at 0x1180d1550>
42.77700500000051,0.3324450000000141,10480,<entities.dtn.DTN object at 0x1180f2670>,<entities.dtn.DTN object at 0x1180d1550>
42.78708000000051,0.3324750000000165,10480,<entities.dtn.DTN object at 0x1180f2670>,<entities.dtn.DTN object at 0x1180d1550>
42.79715500000051,0.3425200000000146,10480,<entities.dtn.DTN object at 0x1180f2670>,<entities.dtn.DTN object at 0x1180d1550>
42.80723000000051,0.342550000000017,10480,<entities.dtn.DTN object at 0x1180f2670>,<entities.dtn.DTN object at 0x1180d1550>
42.81730500000051,0.3525950000000151,10480,<entities.dtn.DTN object at 0x1180f2670>,<entities.dtn.DTN object at 0x1180d1550>
42.82738000000051,0.3526250000000175,10480,<entities.dtn.DTN object at 0x1180f2670>,<entities.dtn.DTN object at 0x1180d1550>
42.83745500000051,0.3626700000000156,10480,<entities.dtn.DTN object at 0x1180f2670>,<entities.dtn.DTN object at 0x1180d1550>
42.84753000000051,0.362700000000018,10480,<entities.dtn.DTN object at 0x1180f2670>,<entities.dtn.DTN object at 0x1180d1550>
42.85760500000051,0.3727450000000161,10480,<entities.dtn.DTN object at 0x1180f2670>,<entities.dtn.DTN object at 0x1180d1550>
42.86768000000051,0.3727750000000185,10480,<entities.dtn.DTN object at 0x1180f2670>,<entities.dtn.DTN object at 0x1180d1550>
42.87775500000051,0.3828200000000166,10480,<entities.dtn.DTN object at 0x1180f2670>,<entities.dtn.DTN object at 0x1180d1550>
42.88783000000051,0.382850000000019,10480,<entities.dtn.DTN object at 0x1180f2670>,<entities.dtn.DTN object at 0x1180d1550>
42.89790500000051,0.3928950000000171,10480,<entities.dtn.DTN object at 0x1180f2670>,<entities.dtn.DTN object at 0x1180d1550>
42.907980000000514,0.3929250000000195,10480,<entities.dtn.DTN object at 0x1180f2670>,<entities.dtn.DTN object at 0x1180d1550>
42.918055000000514,0.4029700000000176,10480,<entities.dtn.DTN object at 0x1180f2670>,<entities.dtn.DTN object at 0x1180d1550>
42.928130000000515,0.40300000000002,10480,<entities.dtn.DTN object at 0x1180f2670>,<entities.dtn.DTN object at 0x1180d1550>
42.938205000000515,0.4130450000000181,10480,<entities.dtn.DTN object at 0x1180f2670>,<entities.dtn.DTN object at 0x1180d1550>
42.948280000000516,0.4130750000000205,10480,<entities.dtn.DTN object at 0x1180f2670>,<entities.dtn.DTN object at 0x1180d1550>
42.958355000000516,0.4231200000000186,10480,<entities.dtn.DTN object at 0x1180f2670>,<entities.dtn.DTN object at 0x1180d1550>
42.96843000000052,0.423150000000021,10480,<entities.dtn.DTN object at 0x1180f2670>,<entities.dtn.DTN object at 0x1180d1550>
42.97850500000052,0.4331950000000191,10480,<entities.dtn.DTN object at 0x1180f2670>,<entities.dtn.DTN object at 0x1180d1550>
42.98858000000052,0.4332250000000215,10480,<entities.dtn.DTN object at 0x1180f2670>,<entities.dtn.DTN object at 0x1180d1550>
42.99865500000052,0.4432700000000196,10480,<entities.dtn.DTN object at 0x1180f2670>,<entities.dtn.DTN object at 0x1180d1550>
43.00873000000052,0.443300000000022,10480,<entities.dtn.DTN object at 0x1180f2670>,<entities.dtn.DTN object at 0x1180d1550>
43.01880500000052,0.4533450000000201,10480,<entities.dtn.DTN object at 0x1180f2670>,<entities.dtn.DTN object at 0x1180d1550>
43.02888000000052,0.4533750000000225,10480,<entities.dtn.DTN object at 0x1180f2670>,<entities.dtn.DTN object at 0x1180d1550>
43.03895500000052,0.4634200000000206,10480,<entities.dtn.DTN object at 0x1180f2670>,<entities.dtn.DTN object at 0x1180d1550>
43.04903000000052,0.463450000000023,10480,<entities.dtn.DTN object at 0x1180f2670>,<entities.dtn.DTN object at 0x1180d1550>
43.05910500000052,0.4734950000000211,10480,<entities.dtn.DTN object at 0x1180f2670>,<entities.dtn.DTN object at 0x1180d1550>
43.06918000000052,0.4735250000000235,10480,<entities.dtn.DTN object at 0x1180f2670>,<entities.dtn.DTN object at 0x1180d1550>
43.07923000000052,0.48354500000002076,10480,<entities.dtn.DTN object at 0x1180f2670>,<entities.dtn.DTN object at 0x1180d1550>
43.40936500000053,0.0494250000000207,20603,<entities.dtn.DTN object at 0x1180f2670>,<entities.dtn.DTN object at 0x1180d1550>
43.51944000000053,0.11013500000000676,20603,<entities.dtn.DTN object at 0x1180f2670>,<entities.dtn.DTN object at 0x1180d1550>
43.52951500000053,0.12018000000000484,20603,<entities.dtn.DTN object at 0x1180f2670>,<entities.dtn.DTN object at 0x1180d1550>
43.63959000000053,0.12021000000000726,20603,<entities.dtn.DTN object at 0x1180f2670>,<entities.dtn.DTN object at 0x1180d1550>
43.64966500000053,0.13025500000000534,20603,<entities.dtn.DTN object at 0x1180f2670>,<entities.dtn.DTN object at 0x1180d1550>
43.65974000000053,0.13028500000000776,20603,<entities.dtn.DTN object at 0x1180f2670>,<entities.dtn.DTN object at 0x1180d1550>
43.66981500000053,0.14033000000000584,20603,<entities.dtn.DTN object at 0x1180f2670>,<entities.dtn.DTN object at 0x1180d1550>
43.779890000000535,0.14036000000000826,20603,<entities.dtn.DTN object at 0x1180f2670>,<entities.dtn.DTN object at 0x1180d1550>
43.789965000000535,0.15040500000000634,20603,<entities.dtn.DTN object at 0x1180f2670>,<entities.dtn.DTN object at 0x1180d1550>
43.800040000000536,0.15043500000000876,20603,<entities.dtn.DTN object at 0x1180f2670>,<entities.dtn.DTN object at 0x1180d1550>
43.810115000000536,0.16048000000000684,20603,<entities.dtn.DTN object at 0x1180f2670>,<entities.dtn.DTN object at 0x1180d1550>
43.82019000000054,0.16051000000000926,20603,<entities.dtn.DTN object at 0x1180f2670>,<entities.dtn.DTN object at 0x1180d1550>
43.83026500000054,0.17055500000000734,20603,<entities.dtn.DTN object at 0x1180f2670>,<entities.dtn.DTN object at 0x1180d1550>
43.84034000000054,0.17058500000000976,20603,<entities.dtn.DTN object at 0x1180f2670>,<entities.dtn.DTN object at 0x1180d1550>
43.85041500000054,0.18063000000000784,20603,<entities.dtn.DTN object at 0x1180f2670>,<entities.dtn.DTN object at 0x1180d1550>
43.86049000000054,0.08066000000000884,20603,<entities.dtn.DTN object at 0x1180f2670>,<entities.dtn.DTN object at 0x1180d1550>
43.87056500000054,0.09070500000000692,20603,<entities.dtn.DTN object at 0x1180f2670>,<entities.dtn.DTN object at 0x1180d1550>
43.88064000000054,0.09073500000000934,20603,<entities.dtn.DTN object at 0x1180f2670>,<entities.dtn.DTN object at 0x1180d1550>
43.89071500000054,0.10078000000000742,20603,<entities.dtn.DTN object at 0x1180f2670>,<entities.dtn.DTN object at 0x1180d1550>
43.90079000000054,0.10081000000000984,20603,<entities.dtn.DTN object at 0x1180f2670>,<entities.dtn.DTN object at 0x1180d1550>
43.91086500000054,0.11085500000000792,20603,<entities.dtn.DTN object at 0x1180f2670>,<entities.dtn.DTN object at 0x1180d1550>
43.92094000000054,0.11088500000001034,20603,<entities.dtn.DTN object at 0x1180f2670>,<entities.dtn.DTN object at 0x1180d1550>
43.93101500000054,0.12093000000000842,20603,<entities.dtn.DTN object at 0x1180f2670>,<entities.dtn.DTN object at 0x1180d1550>
43.94109000000054,0.12096000000001084,20603,<entities.dtn.DTN object at 0x1180f2670>,<entities.dtn.DTN object at 0x1180d1550>
43.95116500000054,0.13100500000000892,20603,<entities.dtn.DTN object at 0x1180f2670>,<entities.dtn.DTN object at 0x1180d1550>
43.961240000000544,0.13103500000001134,20603,<entities.dtn.DTN object at 0x1180f2670>,<entities.dtn.DTN object at 0x1180d1550>
43.971315000000544,0.14108000000000942,20603,<entities.dtn.DTN object at 0x1180f2670>,<entities.dtn.DTN object at 0x1180d1550>
43.981390000000545,0.14111000000001184,20603,<entities.dtn.DTN object at 0x1180f2670>,<entities.dtn.DTN object at 0x1180d1550>
43.991465000000545,0.15115500000000992,20603,<entities.dtn.DTN object at 0x1180f2670>,<entities.dtn.DTN object at 0x1180d1550>
44.001540000000546,0.15118500000001234,20603,<entities.dtn.DTN object at 0x1180f2670>,<entities.dtn.DTN object at 0x1180d1550>
44.011615000000546,0.16123000000001042,20603,<entities.dtn.DTN object at 0x1180f2670>,<entities.dtn.DTN object at 0x1180d1550>
44.02169000000055,0.16126000000001284,20603,<entities.dtn.DTN object at 0x1180f2670>,<entities.dtn.DTN object at 0x1180d1550>
44.03176500000055,0.17130500000001092,20603,<entities.dtn.DTN object at 0x1180f2670>,<entities.dtn.DTN object at 0x1180d1550>
44.04184000000055,0.17133500000001334,20603,<entities.dtn.DTN object at 0x1180f2670>,<entities.dtn.DTN object at 0x1180d1550>
44.05191500000055,0.18138000000001142,20603,<entities.dtn.DTN object at 0x1180f2670>,<entities.dtn.DTN object at 0x1180d1550>
44.06199000000055,0.18141000000001384,20603,<entities.dtn.DTN object at 0x1180f2670>,<entities.dtn.DTN object at 0x1180d1550>
44.07206500000055,0.19145500000001192,20603,<entities.dtn.DTN object at 0x1180f2670>,<entities.dtn.DTN object at 0x1180d1550>
44.08214000000055,0.19148500000001434,20603,<entities.dtn.DTN object at 0x1180f2670>,<entities.dtn.DTN object at 0x1180d1550>
44.09221500000055,0.20153000000001242,20603,<entities.dtn.DTN object at 0x1180f2670>,<entities.dtn.DTN object at 0x1180d1550>
44.10229000000055,0.20156000000001484,20603,<entities.dtn.DTN object at 0x1180f2670>,<entities.dtn.DTN object at 0x1180d1550>
44.11236500000055,0.21160500000001292,20603,<entities.dtn.DTN object at 0x1180f2670>,<entities.dtn.DTN object at 0x1180d1550>
44.12244000000055,0.21163500000001534,20603,<entities.dtn.DTN object at 0x1180f2670>,<entities.dtn.DTN object at 0x1180d1550>
44.13251500000055,0.22168000000001342,20603,<entities.dtn.DTN object at 0x1180f2670>,<entities.dtn.DTN object at 0x1180d1550>
44.14259000000055,0.22171000000001584,20603,<entities.dtn.DTN object at 0x1180f2670>,<entities.dtn.DTN object at 0x1180d1550>
44.15266500000055,0.23175500000001392,20603,<entities.dtn.DTN object at 0x1180f2670>,<entities.dtn.DTN object at 0x1180d1550>
44.162740000000554,0.23178500000001634,20603,<entities.dtn.DTN object at 0x1180f2670>,<entities.dtn.DTN object at 0x1180d1550>
44.17280500000055,0.24182000000001125,20603,<entities.dtn.DTN object at 0x1180f2670>,<entities.dtn.DTN object at 0x1180d1550>
44.18283000000055,0.241800000000012,20603,<entities.dtn.DTN object at 0x1180f2670>,<entities.dtn.DTN object at 0x1180d1550>
44.19290500000055,0.2518450000000101,20603,<entities.dtn.DTN object at 0x1180f2670>,<entities.dtn.DTN object at 0x1180d1550>
44.20298000000055,0.2518750000000125,20603,<entities.dtn.DTN object at 0x1180f2670>,<entities.dtn.DTN object at 0x1180d1550>
44.21305500000055,0.2619200000000106,20603,<entities.dtn.DTN object at 0x1180f2670>,<entities.dtn.DTN object at 0x1180d1550>
44.22313000000055,0.261950000000013,20603,<entities.dtn.DTN object at 0x1180f2670>,<entities.dtn.DTN object at 0x1180d1550>
44.23320500000055,0.2719950000000111,20603,<entities.dtn.DTN object at 0x1180f2670>,<entities.dtn.DTN object at 0x1180d1550>
44.24328000000055,0.2720250000000135,20603,<entities.dtn.DTN object at 0x1180f2670>,<entities.dtn.DTN object at 0x1180d1550>
44.25335500000055,0.2820700000000116,20603,<entities.dtn.DTN object at 0x1180f2670>,<entities.dtn.DTN object at 0x1180d1550>
44.263430000000554,0.282100000000014,20603,<entities.dtn.DTN object at 0x1180f2670>,<entities.dtn.DTN object at 0x1180d1550>
44.273505000000554,0.2921450000000121,20603,<entities.dtn.DTN object at 0x1180f2670>,<entities.dtn.DTN object at 0x1180d1550>
44.283580000000555,0.2921750000000145,20603,<entities.dtn.DTN object at 0x1180f2670>,<entities.dtn.DTN object at 0x1180d1550>
44.293655000000555,0.3022200000000126,20603,<entities.dtn.DTN object at 0x1180f2670>,<entities.dtn.DTN object at 0x1180d1550>
44.303730000000556,0.302250000000015,20603,<entities.dtn.DTN object at 0x1180f2670>,<entities.dtn.DTN object at 0x1180d1550>
44.313805000000556,0.3122950000000131,20603,<entities.dtn.DTN object at 0x1180f2670>,<entities.dtn.DTN object at 0x1180d1550>
44.32388000000056,0.3123250000000155,20603,<entities.dtn.DTN object at 0x1180f2670>,<entities.dtn.DTN object at 0x1180d1550>
44.33395500000056,0.3223700000000136,20603,<entities.dtn.DTN object at 0x1180f2670>,<entities.dtn.DTN object at 0x1180d1550>
44.34403000000056,0.322400000000016,20603,<entities.dtn.DTN object at 0x1180f2670>,<entities.dtn.DTN object at 0x1180d1550>
44.35410500000056,0.3324450000000141,20603,<entities.dtn.DTN object at 0x1180f2670>,<entities.dtn.DTN object at 0x1180d1550>
44.36418000000056,0.3324750000000165,20603,<entities.dtn.DTN object at 0x1180f2670>,<entities.dtn.DTN object at 0x1180d1550>
44.37425500000056,0.3425200000000146,20603,<entities.dtn.DTN object at 0x1180f2670>,<entities.dtn.DTN object at 0x1180d1550>
44.38433000000056,0.342550000000017,20603,<entities.dtn.DTN object at 0x1180f2670>,<entities.dtn.DTN object at 0x1180d1550>
44.39440500000056,0.3525950000000151,20603,<entities.dtn.DTN object at 0x1180f2670>,<entities.dtn.DTN object at 0x1180d1550>
44.40448000000056,0.3526250000000175,20603,<entities.dtn.DTN object at 0x1180f2670>,<entities.dtn.DTN object at 0x1180d1550>
44.41455500000056,0.3626700000000156,20603,<entities.dtn.DTN object at 0x1180f2670>,<entities.dtn.DTN object at 0x1180d1550>
44.42463000000056,0.362700000000018,20603,<entities.dtn.DTN object at 0x1180f2670>,<entities.dtn.DTN object at 0x1180d1550>
44.43470500000056,0.3727450000000161,20603,<entities.dtn.DTN object at 0x1180f2670>,<entities.dtn.DTN object at 0x1180d1550>
44.44478000000056,0.3727750000000185,20603,<entities.dtn.DTN object at 0x1180f2670>,<entities.dtn.DTN object at 0x1180d1550>
44.45485500000056,0.3828200000000166,20603,<entities.dtn.DTN object at 0x1180f2670>,<entities.dtn.DTN object at 0x1180d1550>
44.464930000000564,0.382850000000019,20603,<entities.dtn.DTN object at 0x1180f2670>,<entities.dtn.DTN object at 0x1180d1550>
44.475005000000564,0.3928950000000171,20603,<entities.dtn.DTN object at 0x1180f2670>,<entities.dtn.DTN object at 0x1180d1550>
44.485080000000565,0.3929250000000195,20603,<entities.dtn.DTN object at 0x1180f2670>,<entities.dtn.DTN object at 0x1180d1550>
44.495155000000565,0.4029700000000176,20603,<entities.dtn.DTN object at 0x1180f2670>,<entities.dtn.DTN object at 0x1180d1550>
44.505230000000566,0.40300000000002,20603,<entities.dtn.DTN object at 0x1180f2670>,<entities.dtn.DTN object at 0x1180d1550>
44.515305000000566,0.4130450000000181,20603,<entities.dtn.DTN object at 0x1180f2670>,<entities.dtn.DTN object at 0x1180d1550>
44.52538000000057,0.4130750000000205,20603,<entities.dtn.DTN object at 0x1180f2670>,<entities.dtn.DTN object at 0x1180d1550>
44.53545500000057,0.4231200000000186,20603,<entities.dtn.DTN object at 0x1180f2670>,<entities.dtn.DTN object at 0x1180d1550>
44.54553000000057,0.423150000000021,20603,<entities.dtn.DTN object at 0x1180f2670>,<entities.dtn.DTN object at 0x1180d1550>
44.55560500000057,0.4331950000000191,20603,<entities.dtn.DTN object at 0x1180f2670>,<entities.dtn.DTN object at 0x1180d1550>
44.56568000000057,0.4332250000000215,20603,<entities.dtn.DTN object at 0x1180f2670>,<entities.dtn.DTN object at 0x1180d1550>
44.57575500000057,0.4432700000000196,20603,<entities.dtn.DTN object at 0x1180f2670>,<entities.dtn.DTN object at 0x1180d1550>
44.58583000000057,0.443300000000022,20603,<entities.dtn.DTN object at 0x1180f2670>,<entities.dtn.DTN object at 0x1180d1550>
44.59590500000057,0.4533450000000201,20603,<entities.dtn.DTN object at 0x1180f2670>,<entities.dtn.DTN object at 0x1180d1550>
44.60598000000057,0.4533750000000225,20603,<entities.dtn.DTN object at 0x1180f2670>,<entities.dtn.DTN object at 0x1180d1550>
44.61605500000057,0.4634200000000206,20603,<entities.dtn.DTN object at 0x1180f2670>,<entities.dtn.DTN object at 0x1180d1550>
44.62613000000057,0.463450000000023,20603,<entities.dtn.DTN object at 0x1180f2670>,<entities.dtn.DTN object at 0x1180d1550>
44.63620500000057,0.4734950000000211,20603,<entities.dtn.DTN object at 0x1180f2670>,<entities.dtn.DTN object at 0x1180d1550>
44.64628000000057,0.4735250000000235,20603,<entities.dtn.DTN object at 0x1180f2670>,<entities.dtn.DTN object at 0x1180d1550>
44.65633000000057,0.48354500000002076,20603,<entities.dtn.DTN object at 0x1180f2670>,<entities.dtn.DTN object at 0x1180d1550>
45.9490150000006,0.10990500000002612,94693,<entities.dtn.DTN object at 0x1180f2670>,<entities.dtn.DTN object at 0x1180d1550>
46.0590900000006,0.11013500000000676,94693,<entities.dtn.DTN object at 0x1180f2670>,<entities.dtn.DTN object at 0x1180d1550>
46.0691650000006,0.12018000000000484,94693,<entities.dtn.DTN object at 0x1180f2670>,<entities.dtn.DTN object at 0x1180d1550>
46.179240000000604,0.12021000000000726,94693,<entities.dtn.DTN object at 0x1180f2670>,<entities.dtn.DTN object at 0x1180d1550>
46.189315000000605,0.13025500000000534,94693,<entities.dtn.DTN object at 0x1180f2670>,<entities.dtn.DTN object at 0x1180d1550>
46.199390000000605,0.13028500000000776,94693,<entities.dtn.DTN object at 0x1180f2670>,<entities.dtn.DTN object at 0x1180d1550>
46.209465000000606,0.14033000000000584,94693,<entities.dtn.DTN object at 0x1180f2670>,<entities.dtn.DTN object at 0x1180d1550>
46.31954000000061,0.14036000000000826,94693,<entities.dtn.DTN object at 0x1180f2670>,<entities.dtn.DTN object at 0x1180d1550>
46.32961500000061,0.15040500000000634,94693,<entities.dtn.DTN object at 0x1180f2670>,<entities.dtn.DTN object at 0x1180d1550>
46.33969000000061,0.15043500000000876,94693,<entities.dtn.DTN object at 0x1180f2670>,<entities.dtn.DTN object at 0x1180d1550>
46.34976500000061,0.16048000000000684,94693,<entities.dtn.DTN object at 0x1180f2670>,<entities.dtn.DTN object at 0x1180d1550>
46.35984000000061,0.16051000000000926,94693,<entities.dtn.DTN object at 0x1180f2670>,<entities.dtn.DTN object at 0x1180d1550>
46.36991500000061,0.17055500000000734,94693,<entities.dtn.DTN object at 0x1180f2670>,<entities.dtn.DTN object at 0x1180d1550>
46.37999000000061,0.17058500000000976,94693,<entities.dtn.DTN object at 0x1180f2670>,<entities.dtn.DTN object at 0x1180d1550>
46.39006500000061,0.18063000000000784,94693,<entities.dtn.DTN object at 0x1180f2670>,<entities.dtn.DTN object at 0x1180d1550>
46.50014000000061,0.18066000000001026,94693,<entities.dtn.DTN object at 0x1180f2670>,<entities.dtn.DTN object at 0x1180d1550>
46.51018500000061,0.19067500000000592,94693,<entities.dtn.DTN object at 0x1180f2670>,<entities.dtn.DTN object at 0x1180d1550>
46.52023000000061,0.19067500000000592,94693,<entities.dtn.DTN object at 0x1180f2670>,<entities.dtn.DTN object at 0x1180d1550>
46.53030500000061,0.200720000000004,94693,<entities.dtn.DTN object at 0x1180f2670>,<entities.dtn.DTN object at 0x1180d1550>
46.54038000000061,0.20075000000000642,94693,<entities.dtn.DTN object at 0x1180f2670>,<entities.dtn.DTN object at 0x1180d1550>
46.55045500000061,0.2107950000000045,94693,<entities.dtn.DTN object at 0x1180f2670>,<entities.dtn.DTN object at 0x1180d1550>
46.56053000000061,0.21082500000000692,94693,<entities.dtn.DTN object at 0x1180f2670>,<entities.dtn.DTN object at 0x1180d1550>
46.57060500000061,0.220870000000005,94693,<entities.dtn.DTN object at 0x1180f2670>,<entities.dtn.DTN object at 0x1180d1550>
46.58068000000061,0.22090000000000742,94693,<entities.dtn.DTN object at 0x1180f2670>,<entities.dtn.DTN object at 0x1180d1550>
46.59075500000061,0.2309450000000055,94693,<entities.dtn.DTN object at 0x1180f2670>,<entities.dtn.DTN object at 0x1180d1550>
46.60083000000061,0.23097500000000792,94693,<entities.dtn.DTN object at 0x1180f2670>,<entities.dtn.DTN object at 0x1180d1550>
46.61090500000061,0.241020000000006,94693,<entities.dtn.DTN object at 0x1180f2670>,<entities.dtn.DTN object at 0x1180d1550>
46.620980000000614,0.24105000000000842,94693,<entities.dtn.DTN object at 0x1180f2670>,<entities.dtn.DTN object at 0x1180d1550>
46.631055000000615,0.2510950000000065,94693,<entities.dtn.DTN object at 0x1180f2670>,<entities.dtn.DTN object at 0x1180d1550>
46.641130000000615,0.2511250000000089,94693,<entities.dtn.DTN object at 0x1180f2670>,<entities.dtn.DTN object at 0x1180d1550>
46.651205000000616,0.261170000000007,94693,<entities.dtn.DTN object at 0x1180f2670>,<entities.dtn.DTN object at 0x1180d1550>
46.661280000000616,0.161200000000008,94693,<entities.dtn.DTN object at 0x1180f2670>,<entities.dtn.DTN object at 0x1180d1550>
46.67135500000062,0.1712450000000061,94693,<entities.dtn.DTN object at 0x1180f2670>,<entities.dtn.DTN object at 0x1180d1550>
46.68143000000062,0.1712750000000085,94693,<entities.dtn.DTN object at 0x1180f2670>,<entities.dtn.DTN object at 0x1180d1550>
55.31156500000074,0.10779500000002429,90343,<entities.dtn.DTN object at 0x1180f2670>,<entities.dtn.DTN object at 0x1180d1550>
55.42164000000074,0.11013500000000676,90343,<entities.dtn.DTN object at 0x1180f2670>,<entities.dtn.DTN object at 0x1180d1550>
55.43171500000074,0.12018000000000484,90343,<entities.dtn.DTN object at 0x1180f2670>,<entities.dtn.DTN object at 0x1180d1550>
55.541790000000745,0.12021000000000726,90343,<entities.dtn.DTN object at 0x1180f2670>,<entities.dtn.DTN object at 0x1180d1550>
55.551865000000745,0.13025500000000534,90343,<entities.dtn.DTN object at 0x1180f2670>,<entities.dtn.DTN object at 0x1180d1550>
55.561940000000746,0.13028500000000776,90343,<entities.dtn.DTN object at 0x1180f2670>,<entities.dtn.DTN object at 0x1180d1550>
55.57201500000075,0.14033000000000584,90343,<entities.dtn.DTN object at 0x1180f2670>,<entities.dtn.DTN object at 0x1180d1550>
55.68209000000075,0.14036000000000826,90343,<entities.dtn.DTN object at 0x1180f2670>,<entities.dtn.DTN object at 0x1180d1550>
55.69216500000075,0.15040500000000634,90343,<entities.dtn.DTN object at 0x1180f2670>,<entities.dtn.DTN object at 0x1180d1550>
55.70224000000075,0.15043500000000876,90343,<entities.dtn.DTN object at 0x1180f2670>,<entities.dtn.DTN object at 0x1180d1550>
55.71231500000075,0.16048000000000684,90343,<entities.dtn.DTN object at 0x1180f2670>,<entities.dtn.DTN object at 0x1180d1550>
55.72239000000075,0.16051000000000926,90343,<entities.dtn.DTN object at 0x1180f2670>,<entities.dtn.DTN object at 0x1180d1550>
55.73246500000075,0.17055500000000734,90343,<entities.dtn.DTN object at 0x1180f2670>,<entities.dtn.DTN object at 0x1180d1550>
55.74254000000075,0.17058500000000976,90343,<entities.dtn.DTN object at 0x1180f2670>,<entities.dtn.DTN object at 0x1180d1550>
55.75261500000075,0.18063000000000784,90343,<entities.dtn.DTN object at 0x1180f2670>,<entities.dtn.DTN object at 0x1180d1550>
55.862690000000754,0.18066000000001026,90343,<entities.dtn.DTN object at 0x1180f2670>,<entities.dtn.DTN object at 0x1180d1550>
55.87275500000075,0.19069500000000517,90343,<entities.dtn.DTN object at 0x1180f2670>,<entities.dtn.DTN object at 0x1180d1550>
55.88278000000075,0.19067500000000592,90343,<entities.dtn.DTN object at 0x1180f2670>,<entities.dtn.DTN object at 0x1180d1550>
55.89285500000075,0.200720000000004,90343,<entities.dtn.DTN object at 0x1180f2670>,<entities.dtn.DTN object at 0x1180d1550>
55.90293000000075,0.20075000000000642,90343,<entities.dtn.DTN object at 0x1180f2670>,<entities.dtn.DTN object at 0x1180d1550>
55.91300500000075,0.2107950000000045,90343,<entities.dtn.DTN object at 0x1180f2670>,<entities.dtn.DTN object at 0x1180d1550>
55.92308000000075,0.21082500000000692,90343,<entities.dtn.DTN object at 0x1180f2670>,<entities.dtn.DTN object at 0x1180d1550>
55.93315500000075,0.220870000000005,90343,<entities.dtn.DTN object at 0x1180f2670>,<entities.dtn.DTN object at 0x1180d1550>
55.94323000000075,0.22090000000000742,90343,<entities.dtn.DTN object at 0x1180f2670>,<entities.dtn.DTN object at 0x1180d1550>
55.95330500000075,0.2309450000000055,90343,<entities.dtn.DTN object at 0x1180f2670>,<entities.dtn.DTN object at 0x1180d1550>
55.963380000000754,0.23097500000000792,90343,<entities.dtn.DTN object at 0x1180f2670>,<entities.dtn.DTN object at 0x1180d1550>
55.973455000000754,0.241020000000006,90343,<entities.dtn.DTN object at 0x1180f2670>,<entities.dtn.DTN object at 0x1180d1550>
55.983530000000755,0.24105000000000842,90343,<entities.dtn.DTN object at 0x1180f2670>,<entities.dtn.DTN object at 0x1180d1550>
55.993605000000755,0.2510950000000065,90343,<entities.dtn.DTN object at 0x1180f2670>,<entities.dtn.DTN object at 0x1180d1550>
56.003680000000756,0.2511250000000089,90343,<entities.dtn.DTN object at 0x1180f2670>,<entities.dtn.DTN object at 0x1180d1550>
56.01375500000076,0.261170000000007,90343,<entities.dtn.DTN object at 0x1180f2670>,<entities.dtn.DTN object at 0x1180d1550>
56.02383000000076,0.161200000000008,90343,<entities.dtn.DTN object at 0x1180f2670>,<entities.dtn.DTN object at 0x1180d1550>
56.03390500000076,0.1712450000000061,90343,<entities.dtn.DTN object at 0x1180f2670>,<entities.dtn.DTN object at 0x1180d1550>
56.04398000000076,0.1712750000000085,90343,<entities.dtn.DTN object at 0x1180f2670>,<entities.dtn.DTN object at 0x1180d1550>
56.05403000000076,0.18129500000000576,90343,<entities.dtn.DTN object at 0x1180f2670>,<entities.dtn.DTN object at 0x1180d1550>
63.28416500000086,0.10532500000002187,41781,<entities.dtn.DTN object at 0x1180f2670>,<entities.dtn.DTN object at 0x1180d1550>
63.39424000000086,0.11013500000000676,41781,<entities.dtn.DTN object at 0x1180f2670>,<entities.dtn.DTN object at 0x1180d1550>
63.404315000000864,0.12018000000000484,41781,<entities.dtn.DTN object at 0x1180f2670>,<entities.dtn.DTN object at 0x1180d1550>
63.514390000000866,0.12021000000000726,41781,<entities.dtn.DTN object at 0x1180f2670>,<entities.dtn.DTN object at 0x1180d1550>
63.524465000000866,0.13025500000000534,41781,<entities.dtn.DTN object at 0x1180f2670>,<entities.dtn.DTN object at 0x1180d1550>
63.53454000000087,0.13028500000000776,41781,<entities.dtn.DTN object at 0x1180f2670>,<entities.dtn.DTN object at 0x1180d1550>
63.54461500000087,0.14033000000000584,41781,<entities.dtn.DTN object at 0x1180f2670>,<entities.dtn.DTN object at 0x1180d1550>
63.65469000000087,0.14036000000000826,41781,<entities.dtn.DTN object at 0x1180f2670>,<entities.dtn.DTN object at 0x1180d1550>
63.66476500000087,0.15040500000000634,41781,<entities.dtn.DTN object at 0x1180f2670>,<entities.dtn.DTN object at 0x1180d1550>
63.67484000000087,0.15043500000000876,41781,<entities.dtn.DTN object at 0x1180f2670>,<entities.dtn.DTN object at 0x1180d1550>
63.68491500000087,0.16048000000000684,41781,<entities.dtn.DTN object at 0x1180f2670>,<entities.dtn.DTN object at 0x1180d1550>
63.69499000000087,0.16051000000000926,41781,<entities.dtn.DTN object at 0x1180f2670>,<entities.dtn.DTN object at 0x1180d1550>
63.70506500000087,0.17055500000000734,41781,<entities.dtn.DTN object at 0x1180f2670>,<entities.dtn.DTN object at 0x1180d1550>
63.71514000000087,0.17058500000000976,41781,<entities.dtn.DTN object at 0x1180f2670>,<entities.dtn.DTN object at 0x1180d1550>
63.72521500000087,0.18063000000000784,41781,<entities.dtn.DTN object at 0x1180f2670>,<entities.dtn.DTN object at 0x1180d1550>
63.835290000000874,0.18066000000001026,41781,<entities.dtn.DTN object at 0x1180f2670>,<entities.dtn.DTN object at 0x1180d1550>
63.845365000000875,0.19070500000000834,41781,<entities.dtn.DTN object at 0x1180f2670>,<entities.dtn.DTN object at 0x1180d1550>
63.855440000000876,0.19073500000001076,41781,<entities.dtn.DTN object at 0x1180f2670>,<entities.dtn.DTN object at 0x1180d1550>
63.865515000000876,0.20078000000000884,41781,<entities.dtn.DTN object at 0x1180f2670>,<entities.dtn.DTN object at 0x1180d1550>
63.87558000000087,0.20080000000000808,41781,<entities.dtn.DTN object at 0x1180f2670>,<entities.dtn.DTN object at 0x1180d1550>
63.88560500000087,0.2107950000000045,41781,<entities.dtn.DTN object at 0x1180f2670>,<entities.dtn.DTN object at 0x1180d1550>
63.89568000000087,0.21082500000000692,41781,<entities.dtn.DTN object at 0x1180f2670>,<entities.dtn.DTN object at 0x1180d1550>
63.90575500000087,0.220870000000005,41781,<entities.dtn.DTN object at 0x1180f2670>,<entities.dtn.DTN object at 0x1180d1550>
63.915830000000874,0.22090000000000742,41781,<entities.dtn.DTN object at 0x1180f2670>,<entities.dtn.DTN object at 0x1180d1550>
63.925905000000874,0.2309450000000055,41781,<entities.dtn.DTN object at 0x1180f2670>,<entities.dtn.DTN object at 0x1180d1550>
63.935980000000875,0.23097500000000792,41781,<entities.dtn.DTN object at 0x1180f2670>,<entities.dtn.DTN object at 0x1180d1550>
63.946055000000875,0.241020000000006,41781,<entities.dtn.DTN object at 0x1180f2670>,<entities.dtn.DTN object at 0x1180d1550>
63.956130000000876,0.24105000000000842,41781,<entities.dtn.DTN object at 0x1180f2670>,<entities.dtn.DTN object at 0x1180d1550>
63.966205000000876,0.2510950000000065,41781,<entities.dtn.DTN object at 0x1180f2670>,<entities.dtn.DTN object at 0x1180d1550>
63.97628000000088,0.2511250000000089,41781,<entities.dtn.DTN object at 0x1180f2670>,<entities.dtn.DTN object at 0x1180d1550>
63.98635500000088,0.261170000000007,41781,<entities.dtn.DTN object at 0x1180f2670>,<entities.dtn.DTN object at 0x1180d1550>
63.99643000000088,0.161200000000008,41781,<entities.dtn.DTN object at 0x1180f2670>,<entities.dtn.DTN object at 0x1180d1550>
64.00650500000089,0.1712450000000132,41781,<entities.dtn.DTN object at 0x1180f2670>,<entities.dtn.DTN object at 0x1180d1550>
64.01658000000089,0.1712750000000156,41781,<entities.dtn.DTN object at 0x1180f2670>,<entities.dtn.DTN object at 0x1180d1550>
64.02665500000089,0.1813200000000137,41781,<entities.dtn.DTN object at 0x1180f2670>,<entities.dtn.DTN object at 0x1180d1550>
64.03673000000089,0.1813500000000161,41781,<entities.dtn.DTN object at 0x1180f2670>,<entities.dtn.DTN object at 0x1180d1550>
64.04680500000089,0.1913950000000142,41781,<entities.dtn.DTN object at 0x1180f2670>,<entities.dtn.DTN object at 0x1180d1550>
64.05688000000089,0.1914250000000166,41781,<entities.dtn.DTN object at 0x1180f2670>,<entities.dtn.DTN object at 0x1180d1550>
64.06695500000089,0.2014700000000147,41781,<entities.dtn.DTN object at 0x1180f2670>,<entities.dtn.DTN object at 0x1180d1550>
64.07703000000089,0.2015000000000171,41781,<entities.dtn.DTN object at 0x1180f2670>,<entities.dtn.DTN object at 0x1180d1550>
64.0870800000009,0.21152000000002147,41781,<entities.dtn.DTN object at 0x1180f2670>,<entities.dtn.DTN object at 0x1180d1550>
64.41721500000088,0.1014950000000141,16475,<entities.dtn.DTN object at 0x1180f2670>,<entities.dtn.DTN object at 0x1180d1550>
64.52729000000087,0.11013499999998544,16475,<entities.dtn.DTN object at 0x1180f2670>,<entities.dtn.DTN object at 0x1180d1550>
64.53736500000088,0.12017999999999063,16475,<entities.dtn.DTN object at 0x1180f2670>,<entities.dtn.DTN object at 0x1180d1550>
64.64744000000087,0.12020999999998594,16475,<entities.dtn.DTN object at 0x1180f2670>,<entities.dtn.DTN object at 0x1180d1550>
64.65751500000087,0.13025499999999113,16475,<entities.dtn.DTN object at 0x1180f2670>,<entities.dtn.DTN object at 0x1180d1550>
64.66759000000087,0.13028499999998644,16475,<entities.dtn.DTN object at 0x1180f2670>,<entities.dtn.DTN object at 0x1180d1550>
64.67766500000087,0.14032999999999163,16475,<entities.dtn.DTN object at 0x1180f2670>,<entities.dtn.DTN object at 0x1180d1550>
64.78774000000087,0.14035999999998694,16475,<entities.dtn.DTN object at 0x1180f2670>,<entities.dtn.DTN object at 0x1180d1550>
64.79781500000087,0.15040499999999213,16475,<entities.dtn.DTN object at 0x1180f2670>,<entities.dtn.DTN object at 0x1180d1550>
64.80789000000087,0.15043499999998744,16475,<entities.dtn.DTN object at 0x1180f2670>,<entities.dtn.DTN object at 0x1180d1550>
64.81796500000087,0.16047999999999263,16475,<entities.dtn.DTN object at 0x1180f2670>,<entities.dtn.DTN object at 0x1180d1550>
64.82804000000087,0.16050999999998794,16475,<entities.dtn.DTN object at 0x1180f2670>,<entities.dtn.DTN object at 0x1180d1550>
64.83811500000087,0.17055499999999313,16475,<entities.dtn.DTN object at 0x1180f2670>,<entities.dtn.DTN object at 0x1180d1550>
64.84819000000087,0.17058499999998844,16475,<entities.dtn.DTN object at 0x1180f2670>,<entities.dtn.DTN object at 0x1180d1550>
64.85826500000087,0.18062999999999363,16475,<entities.dtn.DTN object at 0x1180f2670>,<entities.dtn.DTN object at 0x1180d1550>
64.96834000000086,0.18065999999998894,16475,<entities.dtn.DTN object at 0x1180f2670>,<entities.dtn.DTN object at 0x1180d1550>
64.97841500000087,0.19070499999999413,16475,<entities.dtn.DTN object at 0x1180f2670>,<entities.dtn.DTN object at 0x1180d1550>
64.98849000000087,0.19073499999998944,16475,<entities.dtn.DTN object at 0x1180f2670>,<entities.dtn.DTN object at 0x1180d1550>
64.99856500000087,0.20077999999999463,16475,<entities.dtn.DTN object at 0x1180f2670>,<entities.dtn.DTN object at 0x1180d1550>
65.00864000000087,0.20080999999998994,16475,<entities.dtn.DTN object at 0x1180f2670>,<entities.dtn.DTN object at 0x1180d1550>
65.01871500000087,0.21085499999999513,16475,<entities.dtn.DTN object at 0x1180f2670>,<entities.dtn.DTN object at 0x1180d1550>
65.02879000000087,0.21088499999999044,16475,<entities.dtn.DTN object at 0x1180f2670>,<entities.dtn.DTN object at 0x1180d1550>
65.03886500000087,0.22092999999999563,16475,<entities.dtn.DTN object at 0x1180f2670>,<entities.dtn.DTN object at 0x1180d1550>
65.04894000000087,0.22095999999999094,16475,<entities.dtn.DTN object at 0x1180f2670>,<entities.dtn.DTN object at 0x1180d1550>
65.05901500000087,0.23100499999999613,16475,<entities.dtn.DTN object at 0x1180f2670>,<entities.dtn.DTN object at 0x1180d1550>
65.06909000000087,0.23103499999999144,16475,<entities.dtn.DTN object at 0x1180f2670>,<entities.dtn.DTN object at 0x1180d1550>
65.07916500000087,0.24107999999999663,16475,<entities.dtn.DTN object at 0x1180f2670>,<entities.dtn.DTN object at 0x1180d1550>
65.08924000000087,0.24110999999999194,16475,<entities.dtn.DTN object at 0x1180f2670>,<entities.dtn.DTN object at 0x1180d1550>
65.09931500000087,0.25115499999999713,16475,<entities.dtn.DTN object at 0x1180f2670>,<entities.dtn.DTN object at 0x1180d1550>
65.10939000000087,0.25118499999999244,16475,<entities.dtn.DTN object at 0x1180f2670>,<entities.dtn.DTN object at 0x1180d1550>
65.11946500000087,0.26122999999999763,16475,<entities.dtn.DTN object at 0x1180f2670>,<entities.dtn.DTN object at 0x1180d1550>
65.12949000000089,0.16121000000001118,16475,<entities.dtn.DTN object at 0x1180f2670>,<entities.dtn.DTN object at 0x1180d1550>
65.13955500000088,0.1712450000000132,16475,<entities.dtn.DTN object at 0x1180f2670>,<entities.dtn.DTN object at 0x1180d1550>
65.14963000000088,0.1712750000000085,16475,<entities.dtn.DTN object at 0x1180f2670>,<entities.dtn.DTN object at 0x1180d1550>
65.15970500000088,0.1813200000000137,16475,<entities.dtn.DTN object at 0x1180f2670>,<entities.dtn.DTN object at 0x1180d1550>
65.16978000000088,0.181350000000009,16475,<entities.dtn.DTN object at 0x1180f2670>,<entities.dtn.DTN object at 0x1180d1550>
65.17985500000088,0.1913950000000142,16475,<entities.dtn.DTN object at 0x1180f2670>,<entities.dtn.DTN object at 0x1180d1550>
65.18993000000089,0.1914250000000095,16475,<entities.dtn.DTN object at 0x1180f2670>,<entities.dtn.DTN object at 0x1180d1550>
65.20000500000089,0.2014700000000147,16475,<entities.dtn.DTN object at 0x1180f2670>,<entities.dtn.DTN object at 0x1180d1550>
65.21008000000089,0.20150000000001,16475,<entities.dtn.DTN object at 0x1180f2670>,<entities.dtn.DTN object at 0x1180d1550>
65.22015500000089,0.2115450000000152,16475,<entities.dtn.DTN object at 0x1180f2670>,<entities.dtn.DTN object at 0x1180d1550>
65.23023000000089,0.2115750000000105,16475,<entities.dtn.DTN object at 0x1180f2670>,<entities.dtn.DTN object at 0x1180d1550>
65.24030500000089,0.2216200000000157,16475,<entities.dtn.DTN object at 0x1180f2670>,<entities.dtn.DTN object at 0x1180d1550>
65.25038000000089,0.221650000000011,16475,<entities.dtn.DTN object at 0x1180f2670>,<entities.dtn.DTN object at 0x1180d1550>
65.26045500000089,0.2316950000000162,16475,<entities.dtn.DTN object at 0x1180f2670>,<entities.dtn.DTN object at 0x1180d1550>
65.27053000000089,0.2317250000000115,16475,<entities.dtn.DTN object at 0x1180f2670>,<entities.dtn.DTN object at 0x1180d1550>
65.28060500000089,0.2417700000000167,16475,<entities.dtn.DTN object at 0x1180f2670>,<entities.dtn.DTN object at 0x1180d1550>
65.29068000000089,0.241800000000012,16475,<entities.dtn.DTN object at 0x1180f2670>,<entities.dtn.DTN object at 0x1180d1550>
65.30075500000089,0.2518450000000172,16475,<entities.dtn.DTN object at 0x1180f2670>,<entities.dtn.DTN object at 0x1180d1550>
65.31083000000089,0.2518750000000125,16475,<entities.dtn.DTN object at 0x1180f2670>,<entities.dtn.DTN object at 0x1180d1550>
65.32090500000089,0.2619200000000177,16475,<entities.dtn.DTN object at 0x1180f2670>,<entities.dtn.DTN object at 0x1180d1550>
65.33098000000089,0.261950000000013,16475,<entities.dtn.DTN object at 0x1180f2670>,<entities.dtn.DTN object at 0x1180d1550>
65.34105500000089,0.2719950000000182,16475,<entities.dtn.DTN object at 0x1180f2670>,<entities.dtn.DTN object at 0x1180d1550>
65.3511300000009,0.2720250000000135,16475,<entities.dtn.DTN object at 0x1180f2670>,<entities.dtn.DTN object at 0x1180d1550>
65.3612050000009,0.2820700000000187,16475,<entities.dtn.DTN object at 0x1180f2670>,<entities.dtn.DTN object at 0x1180d1550>
65.3712800000009,0.282100000000014,16475,<entities.dtn.DTN object at 0x1180f2670>,<entities.dtn.DTN object at 0x1180d1550>
65.3813550000009,0.2921450000000192,16475,<entities.dtn.DTN object at 0x1180f2670>,<entities.dtn.DTN object at 0x1180d1550>
65.3914300000009,0.2921750000000145,16475,<entities.dtn.DTN object at 0x1180f2670>,<entities.dtn.DTN object at 0x1180d1550>
65.4015050000009,0.3022200000000197,16475,<entities.dtn.DTN object at 0x1180f2670>,<entities.dtn.DTN object at 0x1180d1550>
65.4115800000009,0.302250000000015,16475,<entities.dtn.DTN object at 0x1180f2670>,<entities.dtn.DTN object at 0x1180d1550>
65.4216550000009,0.3122950000000202,16475,<entities.dtn.DTN object at 0x1180f2670>,<entities.dtn.DTN object at 0x1180d1550>
65.4317300000009,0.3123250000000155,16475,<entities.dtn.DTN object at 0x1180f2670>,<entities.dtn.DTN object at 0x1180d1550>
65.4418050000009,0.3223700000000207,16475,<entities.dtn.DTN object at 0x1180f2670>,<entities.dtn.DTN object at 0x1180d1550>
65.4518300000009,0.32235000000001435,16475,<entities.dtn.DTN object at 0x1180f2670>,<entities.dtn.DTN object at 0x1180d1550>
1.8401350000000005,0.12405500000000003,73464,<entities.dtn.DTN object at 0x118103460>,<entities.dtn.DTN object at 0x1180d1550>
2.0502100000000008,0.21013500000000018,73464,<entities.dtn.DTN object at 0x118103460>,<entities.dtn.DTN object at 0x1180d1550>
2.060285000000001,0.22018000000000026,73464,<entities.dtn.DTN object at 0x118103460>,<entities.dtn.DTN object at 0x1180d1550>
2.270360000000001,0.22021000000000068,73464,<entities.dtn.DTN object at 0x118103460>,<entities.dtn.DTN object at 0x1180d1550>
2.280435000000001,0.23025500000000054,73464,<entities.dtn.DTN object at 0x118103460>,<entities.dtn.DTN object at 0x1180d1550>
2.290510000000001,0.23028500000000074,73464,<entities.dtn.DTN object at 0x118103460>,<entities.dtn.DTN object at 0x1180d1550>
2.300585000000001,0.2403300000000006,73464,<entities.dtn.DTN object at 0x118103460>,<entities.dtn.DTN object at 0x1180d1550>
2.4106600000000014,0.1403600000000007,73464,<entities.dtn.DTN object at 0x118103460>,<entities.dtn.DTN object at 0x1180d1550>
2.4207350000000014,0.15040500000000057,73464,<entities.dtn.DTN object at 0x118103460>,<entities.dtn.DTN object at 0x1180d1550>
2.4308100000000015,0.15043500000000076,73464,<entities.dtn.DTN object at 0x118103460>,<entities.dtn.DTN object at 0x1180d1550>
2.4408850000000015,0.16048000000000062,73464,<entities.dtn.DTN object at 0x118103460>,<entities.dtn.DTN object at 0x1180d1550>
2.4509600000000016,0.16051000000000082,73464,<entities.dtn.DTN object at 0x118103460>,<entities.dtn.DTN object at 0x1180d1550>
2.4610350000000016,0.17055500000000068,73464,<entities.dtn.DTN object at 0x118103460>,<entities.dtn.DTN object at 0x1180d1550>
2.4711100000000017,0.17058500000000087,73464,<entities.dtn.DTN object at 0x118103460>,<entities.dtn.DTN object at 0x1180d1550>
2.4811850000000018,0.18063000000000073,73464,<entities.dtn.DTN object at 0x118103460>,<entities.dtn.DTN object at 0x1180d1550>
2.591260000000002,0.18066000000000093,73464,<entities.dtn.DTN object at 0x118103460>,<entities.dtn.DTN object at 0x1180d1550>
2.601335000000002,0.1907050000000008,73464,<entities.dtn.DTN object at 0x118103460>,<entities.dtn.DTN object at 0x1180d1550>
2.611410000000002,0.190735000000001,73464,<entities.dtn.DTN object at 0x118103460>,<entities.dtn.DTN object at 0x1180d1550>
2.621485000000002,0.20078000000000085,73464,<entities.dtn.DTN object at 0x118103460>,<entities.dtn.DTN object at 0x1180d1550>
2.631560000000002,0.20081000000000104,73464,<entities.dtn.DTN object at 0x118103460>,<entities.dtn.DTN object at 0x1180d1550>
2.641635000000002,0.2108550000000009,73464,<entities.dtn.DTN object at 0x118103460>,<entities.dtn.DTN object at 0x1180d1550>
2.6517100000000022,0.2108850000000011,73464,<entities.dtn.DTN object at 0x118103460>,<entities.dtn.DTN object at 0x1180d1550>
2.6617850000000023,0.22093000000000096,73464,<entities.dtn.DTN object at 0x118103460>,<entities.dtn.DTN object at 0x1180d1550>
2.6718600000000023,0.22096000000000116,73464,<entities.dtn.DTN object at 0x118103460>,<entities.dtn.DTN object at 0x1180d1550>
2.6819350000000024,0.23100500000000102,73464,<entities.dtn.DTN object at 0x118103460>,<entities.dtn.DTN object at 0x1180d1550>
2.6920100000000025,0.2310350000000012,73464,<entities.dtn.DTN object at 0x118103460>,<entities.dtn.DTN object at 0x1180d1550>
2.7020850000000025,0.24108000000000107,73464,<entities.dtn.DTN object at 0x118103460>,<entities.dtn.DTN object at 0x1180d1550>
2.7121600000000026,0.24111000000000127,73464,<entities.dtn.DTN object at 0x118103460>,<entities.dtn.DTN object at 0x1180d1550>
2.7222350000000026,0.2511550000000011,73464,<entities.dtn.DTN object at 0x118103460>,<entities.dtn.DTN object at 0x1180d1550>
2.7323100000000027,0.2511850000000013,73464,<entities.dtn.DTN object at 0x118103460>,<entities.dtn.DTN object at 0x1180d1550>
2.7423850000000027,0.2612300000000012,73464,<entities.dtn.DTN object at 0x118103460>,<entities.dtn.DTN object at 0x1180d1550>
2.752460000000003,0.1612600000000013,73464,<entities.dtn.DTN object at 0x118103460>,<entities.dtn.DTN object at 0x1180d1550>
2.762535000000003,0.17130500000000115,73464,<entities.dtn.DTN object at 0x118103460>,<entities.dtn.DTN object at 0x1180d1550>
2.772610000000003,0.17133500000000135,73464,<entities.dtn.DTN object at 0x118103460>,<entities.dtn.DTN object at 0x1180d1550>
2.782685000000003,0.1813800000000012,73464,<entities.dtn.DTN object at 0x118103460>,<entities.dtn.DTN object at 0x1180d1550>
2.792760000000003,0.1814100000000014,73464,<entities.dtn.DTN object at 0x118103460>,<entities.dtn.DTN object at 0x1180d1550>
2.802835000000003,0.19145500000000126,73464,<entities.dtn.DTN object at 0x118103460>,<entities.dtn.DTN object at 0x1180d1550>
2.812910000000003,0.19148500000000146,73464,<entities.dtn.DTN object at 0x118103460>,<entities.dtn.DTN object at 0x1180d1550>
2.822985000000003,0.20153000000000132,73464,<entities.dtn.DTN object at 0x118103460>,<entities.dtn.DTN object at 0x1180d1550>
2.8330600000000032,0.20156000000000152,73464,<entities.dtn.DTN object at 0x118103460>,<entities.dtn.DTN object at 0x1180d1550>
2.8431350000000033,0.21160500000000138,73464,<entities.dtn.DTN object at 0x118103460>,<entities.dtn.DTN object at 0x1180d1550>
2.8532100000000034,0.21163500000000157,73464,<entities.dtn.DTN object at 0x118103460>,<entities.dtn.DTN object at 0x1180d1550>
2.8632850000000034,0.22168000000000143,73464,<entities.dtn.DTN object at 0x118103460>,<entities.dtn.DTN object at 0x1180d1550>
2.8733600000000035,0.22171000000000163,73464,<entities.dtn.DTN object at 0x118103460>,<entities.dtn.DTN object at 0x1180d1550>
2.8834350000000035,0.2317550000000015,73464,<entities.dtn.DTN object at 0x118103460>,<entities.dtn.DTN object at 0x1180d1550>
2.8935100000000036,0.23178500000000168,73464,<entities.dtn.DTN object at 0x118103460>,<entities.dtn.DTN object at 0x1180d1550>
2.9035850000000036,0.24183000000000154,73464,<entities.dtn.DTN object at 0x118103460>,<entities.dtn.DTN object at 0x1180d1550>
2.9136600000000037,0.24186000000000174,73464,<entities.dtn.DTN object at 0x118103460>,<entities.dtn.DTN object at 0x1180d1550>
2.9237350000000037,0.2519050000000016,73464,<entities.dtn.DTN object at 0x118103460>,<entities.dtn.DTN object at 0x1180d1550>
2.933810000000004,0.2519350000000018,73464,<entities.dtn.DTN object at 0x118103460>,<entities.dtn.DTN object at 0x1180d1550>
2.9438350000000035,0.26193000000000133,73464,<entities.dtn.DTN object at 0x118103460>,<entities.dtn.DTN object at 0x1180d1550>
2.9539000000000035,0.26195000000000146,73464,<entities.dtn.DTN object at 0x118103460>,<entities.dtn.DTN object at 0x1180d1550>
2.9639750000000036,0.2719950000000013,73464,<entities.dtn.DTN object at 0x118103460>,<entities.dtn.DTN object at 0x1180d1550>
2.9740500000000036,0.2720250000000015,73464,<entities.dtn.DTN object at 0x118103460>,<entities.dtn.DTN object at 0x1180d1550>
2.9841250000000037,0.2820700000000014,73464,<entities.dtn.DTN object at 0x118103460>,<entities.dtn.DTN object at 0x1180d1550>
2.9942000000000037,0.28210000000000157,73464,<entities.dtn.DTN object at 0x118103460>,<entities.dtn.DTN object at 0x1180d1550>
3.004275000000004,0.29214500000000143,73464,<entities.dtn.DTN object at 0x118103460>,<entities.dtn.DTN object at 0x1180d1550>
3.014350000000004,0.29217500000000163,73464,<entities.dtn.DTN object at 0x118103460>,<entities.dtn.DTN object at 0x1180d1550>
3.024425000000004,0.3022200000000015,73464,<entities.dtn.DTN object at 0x118103460>,<entities.dtn.DTN object at 0x1180d1550>
3.034500000000004,0.3022500000000017,73464,<entities.dtn.DTN object at 0x118103460>,<entities.dtn.DTN object at 0x1180d1550>
3.044575000000004,0.31229500000000154,73464,<entities.dtn.DTN object at 0x118103460>,<entities.dtn.DTN object at 0x1180d1550>
3.054650000000004,0.31232500000000174,73464,<entities.dtn.DTN object at 0x118103460>,<entities.dtn.DTN object at 0x1180d1550>
3.064725000000004,0.3223700000000016,73464,<entities.dtn.DTN object at 0x118103460>,<entities.dtn.DTN object at 0x1180d1550>
3.074800000000004,0.3224000000000018,73464,<entities.dtn.DTN object at 0x118103460>,<entities.dtn.DTN object at 0x1180d1550>
3.0848750000000043,0.33244500000000166,73464,<entities.dtn.DTN object at 0x118103460>,<entities.dtn.DTN object at 0x1180d1550>
3.0949500000000043,0.33247500000000185,73464,<entities.dtn.DTN object at 0x118103460>,<entities.dtn.DTN object at 0x1180d1550>
3.1050250000000044,0.3425200000000017,73464,<entities.dtn.DTN object at 0x118103460>,<entities.dtn.DTN object at 0x1180d1550>
3.1151000000000044,0.3425500000000019,73464,<entities.dtn.DTN object at 0x118103460>,<entities.dtn.DTN object at 0x1180d1550>
3.1251750000000045,0.35259500000000177,73464,<entities.dtn.DTN object at 0x118103460>,<entities.dtn.DTN object at 0x1180d1550>
3.1352500000000045,0.35262500000000196,73464,<entities.dtn.DTN object at 0x118103460>,<entities.dtn.DTN object at 0x1180d1550>
3.1453250000000046,0.3626700000000018,73464,<entities.dtn.DTN object at 0x118103460>,<entities.dtn.DTN object at 0x1180d1550>
3.1554000000000046,0.362700000000002,73464,<entities.dtn.DTN object at 0x118103460>,<entities.dtn.DTN object at 0x1180d1550>
3.1654750000000047,0.3727450000000019,73464,<entities.dtn.DTN object at 0x118103460>,<entities.dtn.DTN object at 0x1180d1550>
3.1755500000000048,0.3727750000000021,73464,<entities.dtn.DTN object at 0x118103460>,<entities.dtn.DTN object at 0x1180d1550>
3.185625000000005,0.38282000000000194,73464,<entities.dtn.DTN object at 0x118103460>,<entities.dtn.DTN object at 0x1180d1550>
3.195700000000005,0.38285000000000213,73464,<entities.dtn.DTN object at 0x118103460>,<entities.dtn.DTN object at 0x1180d1550>
3.205775000000005,0.392895000000002,73464,<entities.dtn.DTN object at 0x118103460>,<entities.dtn.DTN object at 0x1180d1550>
3.215850000000005,0.3929250000000022,73464,<entities.dtn.DTN object at 0x118103460>,<entities.dtn.DTN object at 0x1180d1550>
3.225925000000005,0.40297000000000205,73464,<entities.dtn.DTN object at 0x118103460>,<entities.dtn.DTN object at 0x1180d1550>
3.236000000000005,0.40300000000000225,73464,<entities.dtn.DTN object at 0x118103460>,<entities.dtn.DTN object at 0x1180d1550>
3.246075000000005,0.4130450000000021,73464,<entities.dtn.DTN object at 0x118103460>,<entities.dtn.DTN object at 0x1180d1550>
3.256150000000005,0.4130750000000023,73464,<entities.dtn.DTN object at 0x118103460>,<entities.dtn.DTN object at 0x1180d1550>
3.2662250000000053,0.42312000000000216,73464,<entities.dtn.DTN object at 0x118103460>,<entities.dtn.DTN object at 0x1180d1550>
3.2763000000000053,0.42315000000000236,73464,<entities.dtn.DTN object at 0x118103460>,<entities.dtn.DTN object at 0x1180d1550>
3.2863750000000054,0.4331950000000022,73464,<entities.dtn.DTN object at 0x118103460>,<entities.dtn.DTN object at 0x1180d1550>
3.2964500000000054,0.4332250000000024,73464,<entities.dtn.DTN object at 0x118103460>,<entities.dtn.DTN object at 0x1180d1550>
3.3065250000000055,0.4432700000000023,73464,<entities.dtn.DTN object at 0x118103460>,<entities.dtn.DTN object at 0x1180d1550>
3.3166000000000055,0.44330000000000247,73464,<entities.dtn.DTN object at 0x118103460>,<entities.dtn.DTN object at 0x1180d1550>
3.3266750000000056,0.45334500000000233,73464,<entities.dtn.DTN object at 0x118103460>,<entities.dtn.DTN object at 0x1180d1550>
3.3367500000000057,0.4533750000000025,73464,<entities.dtn.DTN object at 0x118103460>,<entities.dtn.DTN object at 0x1180d1550>
3.3468250000000057,0.4634200000000024,73464,<entities.dtn.DTN object at 0x118103460>,<entities.dtn.DTN object at 0x1180d1550>
3.3569000000000058,0.4634500000000026,73464,<entities.dtn.DTN object at 0x118103460>,<entities.dtn.DTN object at 0x1180d1550>
3.366975000000006,0.47349500000000244,73464,<entities.dtn.DTN object at 0x118103460>,<entities.dtn.DTN object at 0x1180d1550>
3.377050000000006,0.47352500000000264,73464,<entities.dtn.DTN object at 0x118103460>,<entities.dtn.DTN object at 0x1180d1550>
3.387125000000006,0.4835700000000025,73464,<entities.dtn.DTN object at 0x118103460>,<entities.dtn.DTN object at 0x1180d1550>
3.397200000000006,0.4836000000000027,73464,<entities.dtn.DTN object at 0x118103460>,<entities.dtn.DTN object at 0x1180d1550>
3.407275000000006,0.49364500000000255,73464,<entities.dtn.DTN object at 0x118103460>,<entities.dtn.DTN object at 0x1180d1550>
3.417350000000006,0.49367500000000275,73464,<entities.dtn.DTN object at 0x118103460>,<entities.dtn.DTN object at 0x1180d1550>
3.427425000000006,0.5037200000000026,73464,<entities.dtn.DTN object at 0x118103460>,<entities.dtn.DTN object at 0x1180d1550>
3.437500000000006,0.5037500000000028,73464,<entities.dtn.DTN object at 0x118103460>,<entities.dtn.DTN object at 0x1180d1550>
3.4475750000000063,0.5137950000000027,73464,<entities.dtn.DTN object at 0x118103460>,<entities.dtn.DTN object at 0x1180d1550>
3.4576000000000064,0.513775000000003,73464,<entities.dtn.DTN object at 0x118103460>,<entities.dtn.DTN object at 0x1180d1550>
5.287735000000001,0.11306499999999886,72932,<entities.dtn.DTN object at 0x118103460>,<entities.dtn.DTN object at 0x1180d1550>
5.49781,0.2101349999999984,72932,<entities.dtn.DTN object at 0x118103460>,<entities.dtn.DTN object at 0x1180d1550>
5.507885,0.22017999999999827,72932,<entities.dtn.DTN object at 0x118103460>,<entities.dtn.DTN object at 0x1180d1550>
5.617959999999999,0.12020999999999837,72932,<entities.dtn.DTN object at 0x118103460>,<entities.dtn.DTN object at 0x1180d1550>
5.628034999999999,0.13025499999999823,72932,<entities.dtn.DTN object at 0x118103460>,<entities.dtn.DTN object at 0x1180d1550>
5.638109999999998,0.13028499999999799,72932,<entities.dtn.DTN object at 0x118103460>,<entities.dtn.DTN object at 0x1180d1550>
5.648184999999998,0.14032999999999785,72932,<entities.dtn.DTN object at 0x118103460>,<entities.dtn.DTN object at 0x1180d1550>
5.758259999999997,0.1403599999999976,72932,<entities.dtn.DTN object at 0x118103460>,<entities.dtn.DTN object at 0x1180d1550>
5.768334999999997,0.15040499999999746,72932,<entities.dtn.DTN object at 0x118103460>,<entities.dtn.DTN object at 0x1180d1550>
5.7784099999999965,0.1504349999999972,72932,<entities.dtn.DTN object at 0x118103460>,<entities.dtn.DTN object at 0x1180d1550>
5.788484999999996,0.16047999999999707,72932,<entities.dtn.DTN object at 0x118103460>,<entities.dtn.DTN object at 0x1180d1550>
5.798559999999996,0.16050999999999682,72932,<entities.dtn.DTN object at 0x118103460>,<entities.dtn.DTN object at 0x1180d1550>
5.808634999999995,0.17055499999999668,72932,<entities.dtn.DTN object at 0x118103460>,<entities.dtn.DTN object at 0x1180d1550>
5.818709999999995,0.17058499999999643,72932,<entities.dtn.DTN object at 0x118103460>,<entities.dtn.DTN object at 0x1180d1550>
5.8287849999999946,0.1806299999999963,72932,<entities.dtn.DTN object at 0x118103460>,<entities.dtn.DTN object at 0x1180d1550>
5.938859999999994,0.18065999999999605,72932,<entities.dtn.DTN object at 0x118103460>,<entities.dtn.DTN object at 0x1180d1550>
5.948934999999993,0.1907049999999959,72932,<entities.dtn.DTN object at 0x118103460>,<entities.dtn.DTN object at 0x1180d1550>
5.959009999999993,0.19073499999999566,72932,<entities.dtn.DTN object at 0x118103460>,<entities.dtn.DTN object at 0x1180d1550>
5.969084999999993,0.20077999999999552,72932,<entities.dtn.DTN object at 0x118103460>,<entities.dtn.DTN object at 0x1180d1550>
5.979159999999992,0.20080999999999527,72932,<entities.dtn.DTN object at 0x118103460>,<entities.dtn.DTN object at 0x1180d1550>
5.989234999999992,0.21085499999999513,72932,<entities.dtn.DTN object at 0x118103460>,<entities.dtn.DTN object at 0x1180d1550>
5.9993099999999915,0.21088499999999488,72932,<entities.dtn.DTN object at 0x118103460>,<entities.dtn.DTN object at 0x1180d1550>
6.009384999999991,0.22092999999999474,72932,<entities.dtn.DTN object at 0x118103460>,<entities.dtn.DTN object at 0x1180d1550>
6.019459999999991,0.2209599999999945,72932,<entities.dtn.DTN object at 0x118103460>,<entities.dtn.DTN object at 0x1180d1550>
6.02953499999999,0.23100499999999435,72932,<entities.dtn.DTN object at 0x118103460>,<entities.dtn.DTN object at 0x1180d1550>
6.03960999999999,0.2310349999999941,72932,<entities.dtn.DTN object at 0x118103460>,<entities.dtn.DTN object at 0x1180d1550>
6.0496849999999895,0.24107999999999397,72932,<entities.dtn.DTN object at 0x118103460>,<entities.dtn.DTN object at 0x1180d1550>
6.059759999999989,0.24110999999999372,72932,<entities.dtn.DTN object at 0x118103460>,<entities.dtn.DTN object at 0x1180d1550>
6.069834999999989,0.2511549999999936,72932,<entities.dtn.DTN object at 0x118103460>,<entities.dtn.DTN object at 0x1180d1550>
6.079909999999988,0.25118499999999333,72932,<entities.dtn.DTN object at 0x118103460>,<entities.dtn.DTN object at 0x1180d1550>
6.089984999999988,0.2612299999999932,72932,<entities.dtn.DTN object at 0x118103460>,<entities.dtn.DTN object at 0x1180d1550>
6.100059999999988,0.1612599999999933,72932,<entities.dtn.DTN object at 0x118103460>,<entities.dtn.DTN object at 0x1180d1550>
6.110134999999987,0.17130499999999316,72932,<entities.dtn.DTN object at 0x118103460>,<entities.dtn.DTN object at 0x1180d1550>
6.120209999999987,0.1713349999999929,72932,<entities.dtn.DTN object at 0x118103460>,<entities.dtn.DTN object at 0x1180d1550>
6.130284999999986,0.18137999999999277,72932,<entities.dtn.DTN object at 0x118103460>,<entities.dtn.DTN object at 0x1180d1550>
6.140359999999986,0.18140999999999252,72932,<entities.dtn.DTN object at 0x118103460>,<entities.dtn.DTN object at 0x1180d1550>
6.150434999999986,0.19145499999999238,72932,<entities.dtn.DTN object at 0x118103460>,<entities.dtn.DTN object at 0x1180d1550>
6.160509999999985,0.19148499999999213,72932,<entities.dtn.DTN object at 0x118103460>,<entities.dtn.DTN object at 0x1180d1550>
6.170584999999985,0.201529999999992,72932,<entities.dtn.DTN object at 0x118103460>,<entities.dtn.DTN object at 0x1180d1550>
6.1806599999999845,0.20155999999999175,72932,<entities.dtn.DTN object at 0x118103460>,<entities.dtn.DTN object at 0x1180d1550>
6.190734999999984,0.2116049999999916,72932,<entities.dtn.DTN object at 0x118103460>,<entities.dtn.DTN object at 0x1180d1550>
6.200809999999984,0.21163499999999136,72932,<entities.dtn.DTN object at 0x118103460>,<entities.dtn.DTN object at 0x1180d1550>
6.210884999999983,0.22167999999999122,72932,<entities.dtn.DTN object at 0x118103460>,<entities.dtn.DTN object at 0x1180d1550>
6.220959999999983,0.22170999999999097,72932,<entities.dtn.DTN object at 0x118103460>,<entities.dtn.DTN object at 0x1180d1550>
6.231034999999983,0.23175499999999083,72932,<entities.dtn.DTN object at 0x118103460>,<entities.dtn.DTN object at 0x1180d1550>
6.241109999999982,0.23178499999999058,72932,<entities.dtn.DTN object at 0x118103460>,<entities.dtn.DTN object at 0x1180d1550>
6.251184999999982,0.24182999999999044,72932,<entities.dtn.DTN object at 0x118103460>,<entities.dtn.DTN object at 0x1180d1550>
6.261259999999981,0.2418599999999902,72932,<entities.dtn.DTN object at 0x118103460>,<entities.dtn.DTN object at 0x1180d1550>
6.271334999999981,0.25190499999999005,72932,<entities.dtn.DTN object at 0x118103460>,<entities.dtn.DTN object at 0x1180d1550>
6.281409999999981,0.2519349999999898,72932,<entities.dtn.DTN object at 0x118103460>,<entities.dtn.DTN object at 0x1180d1550>
6.29148499999998,0.26197999999998967,72932,<entities.dtn.DTN object at 0x118103460>,<entities.dtn.DTN object at 0x1180d1550>
6.30155999999998,0.2620099999999894,72932,<entities.dtn.DTN object at 0x118103460>,<entities.dtn.DTN object at 0x1180d1550>
6.3116349999999795,0.2720549999999893,72932,<entities.dtn.DTN object at 0x118103460>,<entities.dtn.DTN object at 0x1180d1550>
6.321709999999979,0.27208499999998903,72932,<entities.dtn.DTN object at 0x118103460>,<entities.dtn.DTN object at 0x1180d1550>
6.331784999999979,0.2821299999999889,72932,<entities.dtn.DTN object at 0x118103460>,<entities.dtn.DTN object at 0x1180d1550>
6.341859999999978,0.28215999999998864,72932,<entities.dtn.DTN object at 0x118103460>,<entities.dtn.DTN object at 0x1180d1550>
6.351934999999978,0.2922049999999885,72932,<entities.dtn.DTN object at 0x118103460>,<entities.dtn.DTN object at 0x1180d1550>
6.3620099999999775,0.29223499999998825,72932,<entities.dtn.DTN object at 0x118103460>,<entities.dtn.DTN object at 0x1180d1550>
6.372084999999977,0.3022799999999881,72932,<entities.dtn.DTN object at 0x118103460>,<entities.dtn.DTN object at 0x1180d1550>
6.382159999999977,0.30230999999998787,72932,<entities.dtn.DTN object at 0x118103460>,<entities.dtn.DTN object at 0x1180d1550>
6.392234999999976,0.3123549999999877,72932,<entities.dtn.DTN object at 0x118103460>,<entities.dtn.DTN object at 0x1180d1550>
6.402309999999976,0.3123849999999875,72932,<entities.dtn.DTN object at 0x118103460>,<entities.dtn.DTN object at 0x1180d1550>
6.412384999999976,0.32242999999998734,72932,<entities.dtn.DTN object at 0x118103460>,<entities.dtn.DTN object at 0x1180d1550>
6.422459999999975,0.3224599999999871,72932,<entities.dtn.DTN object at 0x118103460>,<entities.dtn.DTN object at 0x1180d1550>
6.432504999999975,0.3324749999999872,72932,<entities.dtn.DTN object at 0x118103460>,<entities.dtn.DTN object at 0x1180d1550>
6.442579999999975,0.33250499999998695,72932,<entities.dtn.DTN object at 0x118103460>,<entities.dtn.DTN object at 0x1180d1550>
6.452654999999974,0.3425499999999868,72932,<entities.dtn.DTN object at 0x118103460>,<entities.dtn.DTN object at 0x1180d1550>
6.462729999999974,0.34257999999998656,72932,<entities.dtn.DTN object at 0x118103460>,<entities.dtn.DTN object at 0x1180d1550>
6.4728049999999735,0.3526249999999864,72932,<entities.dtn.DTN object at 0x118103460>,<entities.dtn.DTN object at 0x1180d1550>
6.482879999999973,0.3526549999999862,72932,<entities.dtn.DTN object at 0x118103460>,<entities.dtn.DTN object at 0x1180d1550>
6.492954999999973,0.36269999999998603,72932,<entities.dtn.DTN object at 0x118103460>,<entities.dtn.DTN object at 0x1180d1550>
6.503029999999972,0.3627299999999858,72932,<entities.dtn.DTN object at 0x118103460>,<entities.dtn.DTN object at 0x1180d1550>
6.513104999999972,0.37277499999998565,72932,<entities.dtn.DTN object at 0x118103460>,<entities.dtn.DTN object at 0x1180d1550>
6.523179999999972,0.3728049999999854,72932,<entities.dtn.DTN object at 0x118103460>,<entities.dtn.DTN object at 0x1180d1550>
6.533254999999971,0.38284999999998526,72932,<entities.dtn.DTN object at 0x118103460>,<entities.dtn.DTN object at 0x1180d1550>
6.543329999999971,0.382879999999985,72932,<entities.dtn.DTN object at 0x118103460>,<entities.dtn.DTN object at 0x1180d1550>
6.55340499999997,0.39292499999998487,72932,<entities.dtn.DTN object at 0x118103460>,<entities.dtn.DTN object at 0x1180d1550>
6.56347999999997,0.3929549999999846,72932,<entities.dtn.DTN object at 0x118103460>,<entities.dtn.DTN object at 0x1180d1550>
6.57355499999997,0.4029999999999845,72932,<entities.dtn.DTN object at 0x118103460>,<entities.dtn.DTN object at 0x1180d1550>
6.583629999999969,0.40302999999998423,72932,<entities.dtn.DTN object at 0x118103460>,<entities.dtn.DTN object at 0x1180d1550>
6.593704999999969,0.4130749999999841,72932,<entities.dtn.DTN object at 0x118103460>,<entities.dtn.DTN object at 0x1180d1550>
6.6037799999999685,0.41310499999998385,72932,<entities.dtn.DTN object at 0x118103460>,<entities.dtn.DTN object at 0x1180d1550>
6.613854999999968,0.4231499999999837,72932,<entities.dtn.DTN object at 0x118103460>,<entities.dtn.DTN object at 0x1180d1550>
6.623959999999967,0.4232099999999832,72932,<entities.dtn.DTN object at 0x118103460>,<entities.dtn.DTN object at 0x1180d1550>
6.634004999999967,0.4332249999999833,72932,<entities.dtn.DTN object at 0x118103460>,<entities.dtn.DTN object at 0x1180d1550>
6.644079999999967,0.43325499999998307,72932,<entities.dtn.DTN object at 0x118103460>,<entities.dtn.DTN object at 0x1180d1550>
6.6541549999999665,0.44329999999998293,72932,<entities.dtn.DTN object at 0x118103460>,<entities.dtn.DTN object at 0x1180d1550>
6.664229999999966,0.4433299999999827,72932,<entities.dtn.DTN object at 0x118103460>,<entities.dtn.DTN object at 0x1180d1550>
6.674304999999966,0.45337499999998254,72932,<entities.dtn.DTN object at 0x118103460>,<entities.dtn.DTN object at 0x1180d1550>
6.684379999999965,0.4534049999999823,72932,<entities.dtn.DTN object at 0x118103460>,<entities.dtn.DTN object at 0x1180d1550>
6.694454999999965,0.46344999999998215,72932,<entities.dtn.DTN object at 0x118103460>,<entities.dtn.DTN object at 0x1180d1550>
6.704529999999965,0.4634799999999819,72932,<entities.dtn.DTN object at 0x118103460>,<entities.dtn.DTN object at 0x1180d1550>
6.714604999999964,0.47352499999998177,72932,<entities.dtn.DTN object at 0x118103460>,<entities.dtn.DTN object at 0x1180d1550>
6.724679999999964,0.4735549999999815,72932,<entities.dtn.DTN object at 0x118103460>,<entities.dtn.DTN object at 0x1180d1550>
6.734754999999963,0.4835999999999814,72932,<entities.dtn.DTN object at 0x118103460>,<entities.dtn.DTN object at 0x1180d1550>
6.744829999999963,0.48362999999998113,72932,<entities.dtn.DTN object at 0x118103460>,<entities.dtn.DTN object at 0x1180d1550>
6.754904999999963,0.493674999999981,72932,<entities.dtn.DTN object at 0x118103460>,<entities.dtn.DTN object at 0x1180d1550>
6.764979999999962,0.49370499999998074,72932,<entities.dtn.DTN object at 0x118103460>,<entities.dtn.DTN object at 0x1180d1550>
6.775054999999962,0.5037499999999806,72932,<entities.dtn.DTN object at 0x118103460>,<entities.dtn.DTN object at 0x1180d1550>
6.7851299999999615,0.5037799999999804,72932,<entities.dtn.DTN object at 0x118103460>,<entities.dtn.DTN object at 0x1180d1550>
6.795204999999961,0.5138249999999802,72932,<entities.dtn.DTN object at 0x118103460>,<entities.dtn.DTN object at 0x1180d1550>
6.805279999999961,0.51385499999998,72932,<entities.dtn.DTN object at 0x118103460>,<entities.dtn.DTN object at 0x1180d1550>
6.81535499999996,0.5238999999999798,72932,<entities.dtn.DTN object at 0x118103460>,<entities.dtn.DTN object at 0x1180d1550>
6.82545999999996,0.5239599999999793,72932,<entities.dtn.DTN object at 0x118103460>,<entities.dtn.DTN object at 0x1180d1550>
6.8355049999999595,0.5339749999999794,72932,<entities.dtn.DTN object at 0x118103460>,<entities.dtn.DTN object at 0x1180d1550>
6.845579999999959,0.5340049999999792,72932,<entities.dtn.DTN object at 0x118103460>,<entities.dtn.DTN object at 0x1180d1550>
6.855654999999959,0.544049999999979,72932,<entities.dtn.DTN object at 0x118103460>,<entities.dtn.DTN object at 0x1180d1550>
6.865729999999958,0.5440799999999788,72932,<entities.dtn.DTN object at 0x118103460>,<entities.dtn.DTN object at 0x1180d1550>
6.875804999999958,0.5541249999999787,72932,<entities.dtn.DTN object at 0x118103460>,<entities.dtn.DTN object at 0x1180d1550>
6.885879999999958,0.5541549999999784,72932,<entities.dtn.DTN object at 0x118103460>,<entities.dtn.DTN object at 0x1180d1550>
6.895954999999957,0.5641999999999783,72932,<entities.dtn.DTN object at 0x118103460>,<entities.dtn.DTN object at 0x1180d1550>
6.906029999999957,0.564229999999978,72932,<entities.dtn.DTN object at 0x118103460>,<entities.dtn.DTN object at 0x1180d1550>
6.916104999999956,0.5742749999999779,72932,<entities.dtn.DTN object at 0x118103460>,<entities.dtn.DTN object at 0x1180d1550>
6.926179999999956,0.5743049999999776,72932,<entities.dtn.DTN object at 0x118103460>,<entities.dtn.DTN object at 0x1180d1550>
6.936254999999956,0.5843499999999775,72932,<entities.dtn.DTN object at 0x118103460>,<entities.dtn.DTN object at 0x1180d1550>
6.946319999999956,0.5843699999999776,72932,<entities.dtn.DTN object at 0x118103460>,<entities.dtn.DTN object at 0x1180d1550>
6.956374999999955,0.5943949999999774,72932,<entities.dtn.DTN object at 0x118103460>,<entities.dtn.DTN object at 0x1180d1550>
6.966449999999955,0.5944249999999771,72932,<entities.dtn.DTN object at 0x118103460>,<entities.dtn.DTN object at 0x1180d1550>
6.976524999999954,0.604469999999977,72932,<entities.dtn.DTN object at 0x118103460>,<entities.dtn.DTN object at 0x1180d1550>
6.986599999999954,0.6044999999999767,72932,<entities.dtn.DTN object at 0x118103460>,<entities.dtn.DTN object at 0x1180d1550>
6.996674999999954,0.6145449999999766,72932,<entities.dtn.DTN object at 0x118103460>,<entities.dtn.DTN object at 0x1180d1550>
7.006749999999953,0.6145749999999763,72932,<entities.dtn.DTN object at 0x118103460>,<entities.dtn.DTN object at 0x1180d1550>
7.016824999999953,0.6246199999999762,72932,<entities.dtn.DTN object at 0x118103460>,<entities.dtn.DTN object at 0x1180d1550>
7.026899999999952,0.624649999999976,72932,<entities.dtn.DTN object at 0x118103460>,<entities.dtn.DTN object at 0x1180d1550>
7.036974999999952,0.6346949999999758,72932,<entities.dtn.DTN object at 0x118103460>,<entities.dtn.DTN object at 0x1180d1550>
7.047049999999952,0.6347249999999756,72932,<entities.dtn.DTN object at 0x118103460>,<entities.dtn.DTN object at 0x1180d1550>
7.057124999999951,0.6447699999999754,72932,<entities.dtn.DTN object at 0x118103460>,<entities.dtn.DTN object at 0x1180d1550>
7.067199999999951,0.6447999999999752,72932,<entities.dtn.DTN object at 0x118103460>,<entities.dtn.DTN object at 0x1180d1550>
7.0772749999999505,0.654844999999975,72932,<entities.dtn.DTN object at 0x118103460>,<entities.dtn.DTN object at 0x1180d1550>
7.08734999999995,0.6548749999999748,72932,<entities.dtn.DTN object at 0x118103460>,<entities.dtn.DTN object at 0x1180d1550>
7.09742499999995,0.6548749999999748,72932,<entities.dtn.DTN object at 0x118103460>,<entities.dtn.DTN object at 0x1180d1550>
7.107499999999949,0.6548749999999748,72932,<entities.dtn.DTN object at 0x118103460>,<entities.dtn.DTN object at 0x1180d1550>
7.117574999999949,0.6548749999999748,72932,<entities.dtn.DTN object at 0x118103460>,<entities.dtn.DTN object at 0x1180d1550>
7.1276499999999485,0.6548749999999748,72932,<entities.dtn.DTN object at 0x118103460>,<entities.dtn.DTN object at 0x1180d1550>
7.137724999999948,0.6548749999999748,72932,<entities.dtn.DTN object at 0x118103460>,<entities.dtn.DTN object at 0x1180d1550>
7.147799999999948,0.6548749999999748,72932,<entities.dtn.DTN object at 0x118103460>,<entities.dtn.DTN object at 0x1180d1550>
7.157874999999947,0.6548749999999748,72932,<entities.dtn.DTN object at 0x118103460>,<entities.dtn.DTN object at 0x1180d1550>
7.167949999999947,0.6548749999999748,72932,<entities.dtn.DTN object at 0x118103460>,<entities.dtn.DTN object at 0x1180d1550>
7.178024999999947,0.6548749999999748,72932,<entities.dtn.DTN object at 0x118103460>,<entities.dtn.DTN object at 0x1180d1550>
7.188099999999946,0.6548749999999748,72932,<entities.dtn.DTN object at 0x118103460>,<entities.dtn.DTN object at 0x1180d1550>
7.198174999999946,0.6548749999999748,72932,<entities.dtn.DTN object at 0x118103460>,<entities.dtn.DTN object at 0x1180d1550>
7.208249999999945,0.6548749999999748,72932,<entities.dtn.DTN object at 0x118103460>,<entities.dtn.DTN object at 0x1180d1550>
7.218324999999945,0.6548749999999748,72932,<entities.dtn.DTN object at 0x118103460>,<entities.dtn.DTN object at 0x1180d1550>
7.228399999999945,0.6548749999999748,72932,<entities.dtn.DTN object at 0x118103460>,<entities.dtn.DTN object at 0x1180d1550>
7.238474999999944,0.6548749999999748,72932,<entities.dtn.DTN object at 0x118103460>,<entities.dtn.DTN object at 0x1180d1550>
7.248549999999944,0.6548749999999748,72932,<entities.dtn.DTN object at 0x118103460>,<entities.dtn.DTN object at 0x1180d1550>
7.2586249999999435,0.6548749999999748,72932,<entities.dtn.DTN object at 0x118103460>,<entities.dtn.DTN object at 0x1180d1550>
7.268699999999943,0.6548749999999748,72932,<entities.dtn.DTN object at 0x118103460>,<entities.dtn.DTN object at 0x1180d1550>
7.278774999999943,0.6548749999999748,72932,<entities.dtn.DTN object at 0x118103460>,<entities.dtn.DTN object at 0x1180d1550>
7.288849999999942,0.6649199999999746,72932,<entities.dtn.DTN object at 0x118103460>,<entities.dtn.DTN object at 0x1180d1550>
7.298924999999942,0.6649499999999744,72932,<entities.dtn.DTN object at 0x118103460>,<entities.dtn.DTN object at 0x1180d1550>
7.3089999999999415,0.6649499999999744,72932,<entities.dtn.DTN object at 0x118103460>,<entities.dtn.DTN object at 0x1180d1550>
7.319074999999941,0.6649499999999744,72932,<entities.dtn.DTN object at 0x118103460>,<entities.dtn.DTN object at 0x1180d1550>
7.329149999999941,0.6649499999999744,72932,<entities.dtn.DTN object at 0x118103460>,<entities.dtn.DTN object at 0x1180d1550>
7.33922499999994,0.6649499999999744,72932,<entities.dtn.DTN object at 0x118103460>,<entities.dtn.DTN object at 0x1180d1550>
7.34929999999994,0.6649499999999744,72932,<entities.dtn.DTN object at 0x118103460>,<entities.dtn.DTN object at 0x1180d1550>
7.35937499999994,0.6649499999999744,72932,<entities.dtn.DTN object at 0x118103460>,<entities.dtn.DTN object at 0x1180d1550>
7.369449999999939,0.6649499999999744,72932,<entities.dtn.DTN object at 0x118103460>,<entities.dtn.DTN object at 0x1180d1550>
7.379524999999939,0.6649499999999744,72932,<entities.dtn.DTN object at 0x118103460>,<entities.dtn.DTN object at 0x1180d1550>
7.389599999999938,0.6649499999999744,72932,<entities.dtn.DTN object at 0x118103460>,<entities.dtn.DTN object at 0x1180d1550>
7.399674999999938,0.6649499999999744,72932,<entities.dtn.DTN object at 0x118103460>,<entities.dtn.DTN object at 0x1180d1550>
7.409749999999938,0.6649499999999744,72932,<entities.dtn.DTN object at 0x118103460>,<entities.dtn.DTN object at 0x1180d1550>
7.419824999999937,0.6649499999999744,72932,<entities.dtn.DTN object at 0x118103460>,<entities.dtn.DTN object at 0x1180d1550>
7.429899999999937,0.6649499999999744,72932,<entities.dtn.DTN object at 0x118103460>,<entities.dtn.DTN object at 0x1180d1550>
7.4399749999999365,0.6649499999999744,72932,<entities.dtn.DTN object at 0x118103460>,<entities.dtn.DTN object at 0x1180d1550>
7.450049999999936,0.6649499999999744,72932,<entities.dtn.DTN object at 0x118103460>,<entities.dtn.DTN object at 0x1180d1550>
7.460124999999936,0.6649499999999744,72932,<entities.dtn.DTN object at 0x118103460>,<entities.dtn.DTN object at 0x1180d1550>
7.470199999999935,0.6649499999999744,72932,<entities.dtn.DTN object at 0x118103460>,<entities.dtn.DTN object at 0x1180d1550>
7.480274999999935,0.6649499999999744,72932,<entities.dtn.DTN object at 0x118103460>,<entities.dtn.DTN object at 0x1180d1550>
7.490349999999935,0.6649499999999744,72932,<entities.dtn.DTN object at 0x118103460>,<entities.dtn.DTN object at 0x1180d1550>
7.500424999999934,0.6749949999999743,72932,<entities.dtn.DTN object at 0x118103460>,<entities.dtn.DTN object at 0x1180d1550>
7.510499999999934,0.675024999999974,72932,<entities.dtn.DTN object at 0x118103460>,<entities.dtn.DTN object at 0x1180d1550>
7.520574999999933,0.675024999999974,72932,<entities.dtn.DTN object at 0x118103460>,<entities.dtn.DTN object at 0x1180d1550>
7.530649999999933,0.675024999999974,72932,<entities.dtn.DTN object at 0x118103460>,<entities.dtn.DTN object at 0x1180d1550>
7.540724999999933,0.675024999999974,72932,<entities.dtn.DTN object at 0x118103460>,<entities.dtn.DTN object at 0x1180d1550>
7.550799999999932,0.675024999999974,72932,<entities.dtn.DTN object at 0x118103460>,<entities.dtn.DTN object at 0x1180d1550>
7.560874999999932,0.675024999999974,72932,<entities.dtn.DTN object at 0x118103460>,<entities.dtn.DTN object at 0x1180d1550>
7.5709499999999315,0.675024999999974,72932,<entities.dtn.DTN object at 0x118103460>,<entities.dtn.DTN object at 0x1180d1550>
7.581024999999931,0.675024999999974,72932,<entities.dtn.DTN object at 0x118103460>,<entities.dtn.DTN object at 0x1180d1550>
7.591099999999931,0.675024999999974,72932,<entities.dtn.DTN object at 0x118103460>,<entities.dtn.DTN object at 0x1180d1550>
7.60117499999993,0.675024999999974,72932,<entities.dtn.DTN object at 0x118103460>,<entities.dtn.DTN object at 0x1180d1550>
7.61124999999993,0.675024999999974,72932,<entities.dtn.DTN object at 0x118103460>,<entities.dtn.DTN object at 0x1180d1550>
7.62129999999993,0.6749999999999741,72932,<entities.dtn.DTN object at 0x118103460>,<entities.dtn.DTN object at 0x1180d1550>
40.588415000000445,0.08898500000008625,42515,<entities.dtn.DTN object at 0x118103460>,<entities.dtn.DTN object at 0x1180d1550>
40.69849000000045,0.11013500000000676,42515,<entities.dtn.DTN object at 0x118103460>,<entities.dtn.DTN object at 0x1180d1550>
40.70856500000045,0.12018000000000484,42515,<entities.dtn.DTN object at 0x118103460>,<entities.dtn.DTN object at 0x1180d1550>
40.81864000000045,0.12021000000000726,42515,<entities.dtn.DTN object at 0x118103460>,<entities.dtn.DTN object at 0x1180d1550>
40.82871500000045,0.13025500000000534,42515,<entities.dtn.DTN object at 0x118103460>,<entities.dtn.DTN object at 0x1180d1550>
40.83879000000045,0.13028500000000776,42515,<entities.dtn.DTN object at 0x118103460>,<entities.dtn.DTN object at 0x1180d1550>
40.84886500000045,0.14033000000000584,42515,<entities.dtn.DTN object at 0x118103460>,<entities.dtn.DTN object at 0x1180d1550>
40.95894000000045,0.14036000000000826,42515,<entities.dtn.DTN object at 0x118103460>,<entities.dtn.DTN object at 0x1180d1550>
40.969015000000454,0.15040500000000634,42515,<entities.dtn.DTN object at 0x118103460>,<entities.dtn.DTN object at 0x1180d1550>
40.979090000000454,0.15043500000000876,42515,<entities.dtn.DTN object at 0x118103460>,<entities.dtn.DTN object at 0x1180d1550>
40.989165000000455,0.16048000000000684,42515,<entities.dtn.DTN object at 0x118103460>,<entities.dtn.DTN object at 0x1180d1550>
40.999240000000455,0.16051000000000926,42515,<entities.dtn.DTN object at 0x118103460>,<entities.dtn.DTN object at 0x1180d1550>
41.009315000000456,0.17055500000000734,42515,<entities.dtn.DTN object at 0x118103460>,<entities.dtn.DTN object at 0x1180d1550>
41.019390000000456,0.17058500000000976,42515,<entities.dtn.DTN object at 0x118103460>,<entities.dtn.DTN object at 0x1180d1550>
41.02946500000046,0.18063000000000784,42515,<entities.dtn.DTN object at 0x118103460>,<entities.dtn.DTN object at 0x1180d1550>
41.13954000000046,0.18066000000001026,42515,<entities.dtn.DTN object at 0x118103460>,<entities.dtn.DTN object at 0x1180d1550>
41.14961500000046,0.19070500000000834,42515,<entities.dtn.DTN object at 0x118103460>,<entities.dtn.DTN object at 0x1180d1550>
41.15969000000046,0.19073500000001076,42515,<entities.dtn.DTN object at 0x118103460>,<entities.dtn.DTN object at 0x1180d1550>
41.16976500000046,0.20078000000000884,42515,<entities.dtn.DTN object at 0x118103460>,<entities.dtn.DTN object at 0x1180d1550>
41.17984000000046,0.20081000000001126,42515,<entities.dtn.DTN object at 0x118103460>,<entities.dtn.DTN object at 0x1180d1550>
41.18991500000046,0.21085500000000934,42515,<entities.dtn.DTN object at 0x118103460>,<entities.dtn.DTN object at 0x1180d1550>
41.19999000000046,0.21088500000001176,42515,<entities.dtn.DTN object at 0x118103460>,<entities.dtn.DTN object at 0x1180d1550>
41.21006500000046,0.22093000000000984,42515,<entities.dtn.DTN object at 0x118103460>,<entities.dtn.DTN object at 0x1180d1550>
41.22014000000046,0.22096000000001226,42515,<entities.dtn.DTN object at 0x118103460>,<entities.dtn.DTN object at 0x1180d1550>
41.23021500000046,0.23100500000001034,42515,<entities.dtn.DTN object at 0x118103460>,<entities.dtn.DTN object at 0x1180d1550>
41.24024000000046,0.2309850000000111,42515,<entities.dtn.DTN object at 0x118103460>,<entities.dtn.DTN object at 0x1180d1550>
41.25030500000046,0.241020000000006,42515,<entities.dtn.DTN object at 0x118103460>,<entities.dtn.DTN object at 0x1180d1550>
41.26038000000046,0.24105000000000842,42515,<entities.dtn.DTN object at 0x118103460>,<entities.dtn.DTN object at 0x1180d1550>
41.27045500000046,0.2510950000000065,42515,<entities.dtn.DTN object at 0x118103460>,<entities.dtn.DTN object at 0x1180d1550>
41.28053000000046,0.2511250000000089,42515,<entities.dtn.DTN object at 0x118103460>,<entities.dtn.DTN object at 0x1180d1550>
41.29060500000046,0.261170000000007,42515,<entities.dtn.DTN object at 0x118103460>,<entities.dtn.DTN object at 0x1180d1550>
41.30068000000046,0.161200000000008,42515,<entities.dtn.DTN object at 0x118103460>,<entities.dtn.DTN object at 0x1180d1550>
41.31075500000046,0.1712450000000061,42515,<entities.dtn.DTN object at 0x118103460>,<entities.dtn.DTN object at 0x1180d1550>
41.32083000000046,0.1712750000000085,42515,<entities.dtn.DTN object at 0x118103460>,<entities.dtn.DTN object at 0x1180d1550>
41.33090500000046,0.1813200000000066,42515,<entities.dtn.DTN object at 0x118103460>,<entities.dtn.DTN object at 0x1180d1550>
41.340980000000464,0.181350000000009,42515,<entities.dtn.DTN object at 0x118103460>,<entities.dtn.DTN object at 0x1180d1550>
41.351055000000464,0.1913950000000071,42515,<entities.dtn.DTN object at 0x118103460>,<entities.dtn.DTN object at 0x1180d1550>
41.361130000000465,0.1914250000000095,42515,<entities.dtn.DTN object at 0x118103460>,<entities.dtn.DTN object at 0x1180d1550>
41.371205000000465,0.2014700000000076,42515,<entities.dtn.DTN object at 0x118103460>,<entities.dtn.DTN object at 0x1180d1550>
41.381280000000466,0.20150000000001,42515,<entities.dtn.DTN object at 0x118103460>,<entities.dtn.DTN object at 0x1180d1550>
41.391355000000466,0.2115450000000081,42515,<entities.dtn.DTN object at 0x118103460>,<entities.dtn.DTN object at 0x1180d1550>
41.40143000000047,0.2115750000000105,42515,<entities.dtn.DTN object at 0x118103460>,<entities.dtn.DTN object at 0x1180d1550>
41.41150500000047,0.2216200000000086,42515,<entities.dtn.DTN object at 0x118103460>,<entities.dtn.DTN object at 0x1180d1550>
41.42158000000047,0.221650000000011,42515,<entities.dtn.DTN object at 0x118103460>,<entities.dtn.DTN object at 0x1180d1550>
41.43165500000047,0.2316950000000091,42515,<entities.dtn.DTN object at 0x118103460>,<entities.dtn.DTN object at 0x1180d1550>
41.44173000000047,0.2317250000000115,42515,<entities.dtn.DTN object at 0x118103460>,<entities.dtn.DTN object at 0x1180d1550>
41.45180500000047,0.2417700000000096,42515,<entities.dtn.DTN object at 0x118103460>,<entities.dtn.DTN object at 0x1180d1550>
41.46188000000047,0.241800000000012,42515,<entities.dtn.DTN object at 0x118103460>,<entities.dtn.DTN object at 0x1180d1550>
41.47195500000047,0.2518450000000101,42515,<entities.dtn.DTN object at 0x118103460>,<entities.dtn.DTN object at 0x1180d1550>
41.48203000000047,0.2518750000000125,42515,<entities.dtn.DTN object at 0x118103460>,<entities.dtn.DTN object at 0x1180d1550>
41.49210500000047,0.2619200000000106,42515,<entities.dtn.DTN object at 0x118103460>,<entities.dtn.DTN object at 0x1180d1550>
41.50213000000047,0.26190000000001135,42515,<entities.dtn.DTN object at 0x118103460>,<entities.dtn.DTN object at 0x1180d1550>
44.98646500000058,0.0411150000001399,27926,<entities.dtn.DTN object at 0x118103460>,<entities.dtn.DTN object at 0x1180d1550>
45.09654000000058,0.11013500000000676,27926,<entities.dtn.DTN object at 0x118103460>,<entities.dtn.DTN object at 0x1180d1550>
45.10661500000058,0.12018000000000484,27926,<entities.dtn.DTN object at 0x118103460>,<entities.dtn.DTN object at 0x1180d1550>
45.21669000000058,0.12021000000000726,27926,<entities.dtn.DTN object at 0x118103460>,<entities.dtn.DTN object at 0x1180d1550>
45.22676500000058,0.13025500000000534,27926,<entities.dtn.DTN object at 0x118103460>,<entities.dtn.DTN object at 0x1180d1550>
45.23684000000058,0.13028500000000776,27926,<entities.dtn.DTN object at 0x118103460>,<entities.dtn.DTN object at 0x1180d1550>
45.246915000000584,0.14033000000000584,27926,<entities.dtn.DTN object at 0x118103460>,<entities.dtn.DTN object at 0x1180d1550>
45.356990000000586,0.14036000000000826,27926,<entities.dtn.DTN object at 0x118103460>,<entities.dtn.DTN object at 0x1180d1550>
45.367065000000586,0.15040500000000634,27926,<entities.dtn.DTN object at 0x118103460>,<entities.dtn.DTN object at 0x1180d1550>
45.37714000000059,0.15043500000000876,27926,<entities.dtn.DTN object at 0x118103460>,<entities.dtn.DTN object at 0x1180d1550>
45.38721500000059,0.16048000000000684,27926,<entities.dtn.DTN object at 0x118103460>,<entities.dtn.DTN object at 0x1180d1550>
45.39729000000059,0.16051000000000926,27926,<entities.dtn.DTN object at 0x118103460>,<entities.dtn.DTN object at 0x1180d1550>
45.40736500000059,0.17055500000000734,27926,<entities.dtn.DTN object at 0x118103460>,<entities.dtn.DTN object at 0x1180d1550>
45.41744000000059,0.17058500000000976,27926,<entities.dtn.DTN object at 0x118103460>,<entities.dtn.DTN object at 0x1180d1550>
45.42751500000059,0.18063000000000784,27926,<entities.dtn.DTN object at 0x118103460>,<entities.dtn.DTN object at 0x1180d1550>
45.43759000000059,0.08066000000000884,27926,<entities.dtn.DTN object at 0x118103460>,<entities.dtn.DTN object at 0x1180d1550>
45.44763500000059,0.0906750000000045,27926,<entities.dtn.DTN object at 0x118103460>,<entities.dtn.DTN object at 0x1180d1550>
45.457680000000586,0.0906750000000045,27926,<entities.dtn.DTN object at 0x118103460>,<entities.dtn.DTN object at 0x1180d1550>
45.46775500000059,0.10072000000000259,27926,<entities.dtn.DTN object at 0x118103460>,<entities.dtn.DTN object at 0x1180d1550>
45.47783000000059,0.100750000000005,27926,<entities.dtn.DTN object at 0x118103460>,<entities.dtn.DTN object at 0x1180d1550>
45.48790500000059,0.11079500000000309,27926,<entities.dtn.DTN object at 0x118103460>,<entities.dtn.DTN object at 0x1180d1550>
45.49798000000059,0.1108250000000055,27926,<entities.dtn.DTN object at 0x118103460>,<entities.dtn.DTN object at 0x1180d1550>
45.50805500000059,0.12087000000000359,27926,<entities.dtn.DTN object at 0x118103460>,<entities.dtn.DTN object at 0x1180d1550>
45.51813000000059,0.120900000000006,27926,<entities.dtn.DTN object at 0x118103460>,<entities.dtn.DTN object at 0x1180d1550>
45.52820500000059,0.13094500000000409,27926,<entities.dtn.DTN object at 0x118103460>,<entities.dtn.DTN object at 0x1180d1550>
45.53828000000059,0.1309750000000065,27926,<entities.dtn.DTN object at 0x118103460>,<entities.dtn.DTN object at 0x1180d1550>
45.54835500000059,0.1410200000000046,27926,<entities.dtn.DTN object at 0x118103460>,<entities.dtn.DTN object at 0x1180d1550>
45.55843000000059,0.141050000000007,27926,<entities.dtn.DTN object at 0x118103460>,<entities.dtn.DTN object at 0x1180d1550>
45.56850500000059,0.1510950000000051,27926,<entities.dtn.DTN object at 0x118103460>,<entities.dtn.DTN object at 0x1180d1550>
45.57858000000059,0.1511250000000075,27926,<entities.dtn.DTN object at 0x118103460>,<entities.dtn.DTN object at 0x1180d1550>
45.58865500000059,0.1611700000000056,27926,<entities.dtn.DTN object at 0x118103460>,<entities.dtn.DTN object at 0x1180d1550>
45.59873000000059,0.161200000000008,27926,<entities.dtn.DTN object at 0x118103460>,<entities.dtn.DTN object at 0x1180d1550>
45.608805000000594,0.1712450000000061,27926,<entities.dtn.DTN object at 0x118103460>,<entities.dtn.DTN object at 0x1180d1550>
45.618880000000594,0.1712750000000085,27926,<entities.dtn.DTN object at 0x118103460>,<entities.dtn.DTN object at 0x1180d1550>
