time,throughput,connection_id,src,dst
1.5,0.0,13302,<entities.processor.Processor object at 0x1180d1220>,<entities.dtn.DTN object at 0x1180d1550>
1.6000999999999999,0.0,52093,<entities.dtn.DTN object at 0x1180d1550>,<entities.processor.Processor object at 0x1180d1220>
2.6001,0.0,52093,<entities.dtn.DTN object at 0x1180d1550>,<entities.processor.Processor object at 0x1180d1220>
3.6001,0.0,52093,<entities.dtn.DTN object at 0x1180d1550>,<entities.processor.Processor object at 0x1180d1220>
4.600099999999999,0.0,52093,<entities.dtn.DTN object at 0x1180d1550>,<entities.processor.Processor object at 0x1180d1220>
5.600099999999999,0.0,52093,<entities.dtn.DTN object at 0x1180d1550>,<entities.processor.Processor object at 0x1180d1220>
6.600099999999999,0.0,52093,<entities.dtn.DTN object at 0x1180d1550>,<entities.processor.Processor object at 0x1180d1220>
7.600099999999999,0.0,52093,<entities.dtn.DTN object at 0x1180d1550>,<entities.processor.Processor object at 0x1180d1220>
8.6001,0.0,52093,<entities.dtn.DTN object at 0x1180d1550>,<entities.processor.Processor object at 0x1180d1220>
9.6001,0.0,52093,<entities.dtn.DTN object at 0x1180d1550>,<entities.processor.Processor object at 0x1180d1220>
10.6001,0.0,52093,<entities.dtn.DTN object at 0x1180d1550>,<entities.processor.Processor object at 0x1180d1220>
11.6001,0.0,52093,<entities.dtn.DTN object at 0x1180d1550>,<entities.processor.Processor object at 0x1180d1220>
12.6001,0.0,52093,<entities.dtn.DTN object at 0x1180d1550>,<entities.processor.Processor object at 0x1180d1220>
13.6001,0.0,52093,<entities.dtn.DTN object at 0x1180d1550>,<entities.processor.Processor object at 0x1180d1220>
14.6001,0.0,52093,<entities.dtn.DTN object at 0x1180d1550>,<entities.processor.Processor object at 0x1180d1220>
15.6001,0.0,52093,<entities.dtn.DTN object at 0x1180d1550>,<entities.processor.Processor object at 0x1180d1220>
16.600099999999998,0.0,52093,<entities.dtn.DTN object at 0x1180d1550>,<entities.processor.Processor object at 0x1180d1220>
17.600099999999998,0.0,52093,<entities.dtn.DTN object at 0x1180d1550>,<entities.processor.Processor object at 0x1180d1220>
18.600099999999998,0.0,52093,<entities.dtn.DTN object at 0x1180d1550>,<entities.processor.Processor object at 0x1180d1220>
19.600099999999998,0.0,52093,<entities.dtn.DTN object at 0x1180d1550>,<entities.processor.Processor object at 0x1180d1220>
20.600099999999998,0.0,52093,<entities.dtn.DTN object at 0x1180d1550>,<entities.processor.Processor object at 0x1180d1220>
21.600099999999998,0.0,52093,<entities.dtn.DTN object at 0x1180d1550>,<entities.processor.Processor object at 0x1180d1220>
22.600099999999998,0.0,52093,<entities.dtn.DTN object at 0x1180d1550>,<entities.processor.Processor object at 0x1180d1220>
23.600099999999998,0.0,52093,<entities.dtn.DTN object at 0x1180d1550>,<entities.processor.Processor object at 0x1180d1220>
24.600099999999998,0.0,52093,<entities.dtn.DTN object at 0x1180d1550>,<entities.processor.Processor object at 0x1180d1220>
25.600099999999998,0.0,52093,<entities.dtn.DTN object at 0x1180d1550>,<entities.processor.Processor object at 0x1180d1220>
26.600099999999998,0.0,52093,<entities.dtn.DTN object at 0x1180d1550>,<entities.processor.Processor object at 0x1180d1220>
27.600099999999998,0.0,52093,<entities.dtn.DTN object at 0x1180d1550>,<entities.processor.Processor object at 0x1180d1220>
28.600099999999998,0.0,52093,<entities.dtn.DTN object at 0x1180d1550>,<entities.processor.Processor object at 0x1180d1220>
29.600099999999998,0.0,52093,<entities.dtn.DTN object at 0x1180d1550>,<entities.processor.Processor object at 0x1180d1220>
30.600099999999998,0.0,52093,<entities.dtn.DTN object at 0x1180d1550>,<entities.processor.Processor object at 0x1180d1220>
31.600099999999998,0.0,52093,<entities.dtn.DTN object at 0x1180d1550>,<entities.processor.Processor object at 0x1180d1220>
32.6001,0.0,52093,<entities.dtn.DTN object at 0x1180d1550>,<entities.processor.Processor object at 0x1180d1220>
33.6001,0.0,52093,<entities.dtn.DTN object at 0x1180d1550>,<entities.processor.Processor object at 0x1180d1220>
34.6001,0.0,52093,<entities.dtn.DTN object at 0x1180d1550>,<entities.processor.Processor object at 0x1180d1220>
35.6001,0.0,52093,<entities.dtn.DTN object at 0x1180d1550>,<entities.processor.Processor object at 0x1180d1220>
36.6001,0.0,52093,<entities.dtn.DTN object at 0x1180d1550>,<entities.processor.Processor object at 0x1180d1220>
37.6001,0.0,52093,<entities.dtn.DTN object at 0x1180d1550>,<entities.processor.Processor object at 0x1180d1220>
38.6001,0.0,52093,<entities.dtn.DTN object at 0x1180d1550>,<entities.processor.Processor object at 0x1180d1220>
39.6001,0.0,52093,<entities.dtn.DTN object at 0x1180d1550>,<entities.processor.Processor object at 0x1180d1220>
40.6001,0.0,52093,<entities.dtn.DTN object at 0x1180d1550>,<entities.processor.Processor object at 0x1180d1220>
41.6001,0.0,52093,<entities.dtn.DTN object at 0x1180d1550>,<entities.processor.Processor object at 0x1180d1220>
42.6001,0.0,52093,<entities.dtn.DTN object at 0x1180d1550>,<entities.processor.Processor object at 0x1180d1220>
43.6001,0.0,52093,<entities.dtn.DTN object at 0x1180d1550>,<entities.processor.Processor object at 0x1180d1220>
44.6001,0.0,52093,<entities.dtn.DTN object at 0x1180d1550>,<entities.processor.Processor object at 0x1180d1220>
45.6001,0.0,52093,<entities.dtn.DTN object at 0x1180d1550>,<entities.processor.Processor object at 0x1180d1220>
46.6001,0.0,52093,<entities.dtn.DTN object at 0x1180d1550>,<entities.processor.Processor object at 0x1180d1220>
47.6001,0.0,52093,<entities.dtn.DTN object at 0x1180d1550>,<entities.processor.Processor object at 0x1180d1220>
48.6001,0.0,52093,<entities.dtn.DTN object at 0x1180d1550>,<entities.processor.Processor object at 0x1180d1220>
49.6001,0.0,52093,<entities.dtn.DTN object at 0x1180d1550>,<entities.processor.Processor object at 0x1180d1220>
50.6001,0.0,52093,<entities.dtn.DTN object at 0x1180d1550>,<entities.processor.Processor object at 0x1180d1220>
51.6001,0.0,52093,<entities.dtn.DTN object at 0x1180d1550>,<entities.processor.Processor object at 0x1180d1220>
52.6001,0.0,52093,<entities.dtn.DTN object at 0x1180d1550>,<entities.processor.Processor object at 0x1180d1220>
53.6001,0.0,52093,<entities.dtn.DTN object at 0x1180d1550>,<entities.processor.Processor object at 0x1180d1220>
54.6001,0.0,52093,<entities.dtn.DTN object at 0x1180d1550>,<entities.processor.Processor object at 0x1180d1220>
55.6001,0.0,52093,<entities.dtn.DTN object at 0x1180d1550>,<entities.processor.Processor object at 0x1180d1220>
56.6001,0.0,52093,<entities.dtn.DTN object at 0x1180d1550>,<entities.processor.Processor object at 0x1180d1220>
57.6001,0.0,52093,<entities.dtn.DTN object at 0x1180d1550>,<entities.processor.Processor object at 0x1180d1220>
58.6001,0.0,52093,<entities.dtn.DTN object at 0x1180d1550>,<entities.processor.Processor object at 0x1180d1220>
59.6001,0.0,52093,<entities.dtn.DTN object at 0x1180d1550>,<entities.processor.Processor object at 0x1180d1220>
60.6001,0.0,52093,<entities.dtn.DTN object at 0x1180d1550>,<entities.processor.Processor object at 0x1180d1220>
61.6001,0.0,52093,<entities.dtn.DTN object at 0x1180d1550>,<entities.processor.Processor object at 0x1180d1220>
62.6001,0.0,52093,<entities.dtn.DTN object at 0x1180d1550>,<entities.processor.Processor object at 0x1180d1220>
63.6001,0.0,52093,<entities.dtn.DTN object at 0x1180d1550>,<entities.processor.Processor object at 0x1180d1220>
64.6001,0.0,52093,<entities.dtn.DTN object at 0x1180d1550>,<entities.processor.Processor object at 0x1180d1220>
65.6001,0.0,52093,<entities.dtn.DTN object at 0x1180d1550>,<entities.processor.Processor object at 0x1180d1220>
66.6001,0.0,52093,<entities.dtn.DTN object at 0x1180d1550>,<entities.processor.Processor object at 0x1180d1220>
67.6001,0.0,52093,<entities.dtn.DTN object at 0x1180d1550>,<entities.processor.Processor object at 0x1180d1220>
68.6001,0.0,52093,<entities.dtn.DTN object at 0x1180d1550>,<entities.processor.Processor object at 0x1180d1220>
69.6001,0.0,52093,<entities.dtn.DTN object at 0x1180d1550>,<entities.processor.Processor object at 0x1180d1220>
70.6001,0.0,52093,<entities.dtn.DTN object at 0x1180d1550>,<entities.processor.Processor object at 0x1180d1220>
71.6001,0.0,52093,<entities.dtn.DTN object at 0x1180d1550>,<entities.processor.Processor object at 0x1180d1220>
72.6001,0.0,52093,<entities.dtn.DTN object at 0x1180d1550>,<entities.processor.Processor object at 0x1180d1220>
73.6001,0.0,52093,<entities.dtn.DTN object at 0x1180d1550>,<entities.processor.Processor object at 0x1180d1220>
74.6001,0.0,52093,<entities.dtn.DTN object at 0x1180d1550>,<entities.processor.Processor object at 0x1180d1220>
75.6001,0.0,52093,<entities.dtn.DTN object at 0x1180d1550>,<entities.processor.Processor object at 0x1180d1220>
76.6001,0.0,52093,<entities.dtn.DTN object at 0x1180d1550>,<entities.processor.Processor object at 0x1180d1220>
77.6001,0.0,52093,<entities.dtn.DTN object at 0x1180d1550>,<entities.processor.Processor object at 0x1180d1220>
78.6001,0.0,52093,<entities.dtn.DTN object at 0x1180d1550>,<entities.processor.Processor object at 0x1180d1220>
79.6001,0.0,52093,<entities.dtn.DTN object at 0x1180d1550>,<entities.processor.Processor object at 0x1180d1220>
80.6001,0.0,52093,<entities.dtn.DTN object at 0x1180d1550>,<entities.processor.Processor object at 0x1180d1220>
81.6001,0.0,52093,<entities.dtn.DTN object at 0x1180d1550>,<entities.processor.Processor object at 0x1180d1220>
82.6001,0.0,52093,<entities.dtn.DTN object at 0x1180d1550>,<entities.processor.Processor object at 0x1180d1220>
83.6001,0.0,52093,<entities.dtn.DTN object at 0x1180d1550>,<entities.processor.Processor object at 0x1180d1220>
84.6001,0.0,52093,<entities.dtn.DTN object at 0x1180d1550>,<entities.processor.Processor object at 0x1180d1220>
85.6001,0.0,52093,<entities.dtn.DTN object at 0x1180d1550>,<entities.processor.Processor object at 0x1180d1220>
86.6001,0.0,52093,<entities.dtn.DTN object at 0x1180d1550>,<entities.processor.Processor object at 0x1180d1220>
87.6001,0.0,52093,<entities.dtn.DTN object at 0x1180d1550>,<entities.processor.Processor object at 0x1180d1220>
88.6001,0.0,52093,<entities.dtn.DTN object at 0x1180d1550>,<entities.processor.Processor object at 0x1180d1220>
89.6001,0.0,52093,<entities.dtn.DTN object at 0x1180d1550>,<entities.processor.Processor object at 0x1180d1220>
90.6001,0.0,52093,<entities.dtn.DTN object at 0x1180d1550>,<entities.processor.Processor object at 0x1180d1220>
91.6001,0.0,52093,<entities.dtn.DTN object at 0x1180d1550>,<entities.processor.Processor object at 0x1180d1220>
92.6001,0.0,52093,<entities.dtn.DTN object at 0x1180d1550>,<entities.processor.Processor object at 0x1180d1220>
93.6001,0.0,52093,<entities.dtn.DTN object at 0x1180d1550>,<entities.processor.Processor object at 0x1180d1220>
94.6001,0.0,52093,<entities.dtn.DTN object at 0x1180d1550>,<entities.processor.Processor object at 0x1180d1220>
95.6001,0.0,52093,<entities.dtn.DTN object at 0x1180d1550>,<entities.processor.Processor object at 0x1180d1220>
96.6001,0.0,52093,<entities.dtn.DTN object at 0x1180d1550>,<entities.processor.Processor object at 0x1180d1220>
97.6001,0.0,52093,<entities.dtn.DTN object at 0x1180d1550>,<entities.processor.Processor object at 0x1180d1220>
98.6001,0.0,52093,<entities.dtn.DTN object at 0x1180d1550>,<entities.processor.Processor object at 0x1180d1220>
99.6001,0.0,52093,<entities.dtn.DTN object at 0x1180d1550>,<entities.processor.Processor object at 0x1180d1220>
100.6001,0.0,52093,<entities.dtn.DTN object at 0x1180d1550>,<entities.processor.Processor object at 0x1180d1220>
101.6001,0.0,52093,<entities.dtn.DTN object at 0x1180d1550>,<entities.processor.Processor object at 0x1180d1220>
102.6001,0.0,52093,<entities.dtn.DTN object at 0x1180d1550>,<entities.processor.Processor object at 0x1180d1220>
103.6001,0.0,52093,<entities.dtn.DTN object at 0x1180d1550>,<entities.processor.Processor object at 0x1180d1220>
104.6001,0.0,52093,<entities.dtn.DTN object at 0x1180d1550>,<entities.processor.Processor object at 0x1180d1220>
105.6001,0.0,52093,<entities.dtn.DTN object at 0x1180d1550>,<entities.processor.Processor object at 0x1180d1220>
106.6001,0.0,52093,<entities.dtn.DTN object at 0x1180d1550>,<entities.processor.Processor object at 0x1180d1220>
107.6001,0.0,52093,<entities.dtn.DTN object at 0x1180d1550>,<entities.processor.Processor object at 0x1180d1220>
108.6001,0.0,52093,<entities.dtn.DTN object at 0x1180d1550>,<entities.processor.Processor object at 0x1180d1220>
109.6001,0.0,52093,<entities.dtn.DTN object at 0x1180d1550>,<entities.processor.Processor object at 0x1180d1220>
110.6001,0.0,52093,<entities.dtn.DTN object at 0x1180d1550>,<entities.processor.Processor object at 0x1180d1220>
111.6001,0.0,52093,<entities.dtn.DTN object at 0x1180d1550>,<entities.processor.Processor object at 0x1180d1220>
112.6001,0.0,52093,<entities.dtn.DTN object at 0x1180d1550>,<entities.processor.Processor object at 0x1180d1220>
113.6001,0.0,52093,<entities.dtn.DTN object at 0x1180d1550>,<entities.processor.Processor object at 0x1180d1220>
114.6001,0.0,52093,<entities.dtn.DTN object at 0x1180d1550>,<entities.processor.Processor object at 0x1180d1220>
115.6001,0.0,52093,<entities.dtn.DTN object at 0x1180d1550>,<entities.processor.Processor object at 0x1180d1220>
116.6001,0.0,52093,<entities.dtn.DTN object at 0x1180d1550>,<entities.processor.Processor object at 0x1180d1220>
117.6001,0.0,52093,<entities.dtn.DTN object at 0x1180d1550>,<entities.processor.Processor object at 0x1180d1220>
118.6001,0.0,52093,<entities.dtn.DTN object at 0x1180d1550>,<entities.processor.Processor object at 0x1180d1220>
119.6001,0.0,52093,<entities.dtn.DTN object at 0x1180d1550>,<entities.processor.Processor object at 0x1180d1220>
120.6001,0.0,52093,<entities.dtn.DTN object at 0x1180d1550>,<entities.processor.Processor object at 0x1180d1220>
121.6001,0.0,52093,<entities.dtn.DTN object at 0x1180d1550>,<entities.processor.Processor object at 0x1180d1220>
122.6001,0.0,52093,<entities.dtn.DTN object at 0x1180d1550>,<entities.processor.Processor object at 0x1180d1220>
123.6001,0.0,52093,<entities.dtn.DTN object at 0x1180d1550>,<entities.processor.Processor object at 0x1180d1220>
124.6001,0.0,52093,<entities.dtn.DTN object at 0x1180d1550>,<entities.processor.Processor object at 0x1180d1220>
125.6001,0.0,52093,<entities.dtn.DTN object at 0x1180d1550>,<entities.processor.Processor object at 0x1180d1220>
126.6001,0.0,52093,<entities.dtn.DTN object at 0x1180d1550>,<entities.processor.Processor object at 0x1180d1220>
127.6001,0.0,52093,<entities.dtn.DTN object at 0x1180d1550>,<entities.processor.Processor object at 0x1180d1220>
128.6001,0.0,52093,<entities.dtn.DTN object at 0x1180d1550>,<entities.processor.Processor object at 0x1180d1220>
129.6001,0.0,52093,<entities.dtn.DTN object at 0x1180d1550>,<entities.processor.Processor object at 0x1180d1220>
130.6001,0.0,52093,<entities.dtn.DTN object at 0x1180d1550>,<entities.processor.Processor object at 0x1180d1220>
131.6001,0.0,52093,<entities.dtn.DTN object at 0x1180d1550>,<entities.processor.Processor object at 0x1180d1220>
132.6001,0.0,52093,<entities.dtn.DTN object at 0x1180d1550>,<entities.processor.Processor object at 0x1180d1220>
133.6001,0.0,52093,<entities.dtn.DTN object at 0x1180d1550>,<entities.processor.Processor object at 0x1180d1220>
134.6001,0.0,52093,<entities.dtn.DTN object at 0x1180d1550>,<entities.processor.Processor object at 0x1180d1220>
135.6001,0.0,52093,<entities.dtn.DTN object at 0x1180d1550>,<entities.processor.Processor object at 0x1180d1220>
136.6001,0.0,52093,<entities.dtn.DTN object at 0x1180d1550>,<entities.processor.Processor object at 0x1180d1220>
137.6001,0.0,52093,<entities.dtn.DTN object at 0x1180d1550>,<entities.processor.Processor object at 0x1180d1220>
138.6001,0.0,52093,<entities.dtn.DTN object at 0x1180d1550>,<entities.processor.Processor object at 0x1180d1220>
139.6001,0.0,52093,<entities.dtn.DTN object at 0x1180d1550>,<entities.processor.Processor object at 0x1180d1220>
140.6001,0.0,52093,<entities.dtn.DTN object at 0x1180d1550>,<entities.processor.Processor object at 0x1180d1220>
141.6001,0.0,52093,<entities.dtn.DTN object at 0x1180d1550>,<entities.processor.Processor object at 0x1180d1220>
142.6001,0.0,52093,<entities.dtn.DTN object at 0x1180d1550>,<entities.processor.Processor object at 0x1180d1220>
143.6001,0.0,52093,<entities.dtn.DTN object at 0x1180d1550>,<entities.processor.Processor object at 0x1180d1220>
144.6001,0.0,52093,<entities.dtn.DTN object at 0x1180d1550>,<entities.processor.Processor object at 0x1180d1220>
145.6001,0.0,52093,<entities.dtn.DTN object at 0x1180d1550>,<entities.processor.Processor object at 0x1180d1220>
146.6001,0.0,52093,<entities.dtn.DTN object at 0x1180d1550>,<entities.processor.Processor object at 0x1180d1220>
147.6001,0.0,52093,<entities.dtn.DTN object at 0x1180d1550>,<entities.processor.Processor object at 0x1180d1220>
148.6001,0.0,52093,<entities.dtn.DTN object at 0x1180d1550>,<entities.processor.Processor object at 0x1180d1220>
149.6001,0.0,52093,<entities.dtn.DTN object at 0x1180d1550>,<entities.processor.Processor object at 0x1180d1220>
150.6001,0.0,52093,<entities.dtn.DTN object at 0x1180d1550>,<entities.processor.Processor object at 0x1180d1220>
151.6001,0.0,52093,<entities.dtn.DTN object at 0x1180d1550>,<entities.processor.Processor object at 0x1180d1220>
152.6001,0.0,52093,<entities.dtn.DTN object at 0x1180d1550>,<entities.processor.Processor object at 0x1180d1220>
153.6001,0.0,52093,<entities.dtn.DTN object at 0x1180d1550>,<entities.processor.Processor object at 0x1180d1220>
154.6001,0.0,52093,<entities.dtn.DTN object at 0x1180d1550>,<entities.processor.Processor object at 0x1180d1220>
155.6001,0.0,52093,<entities.dtn.DTN object at 0x1180d1550>,<entities.processor.Processor object at 0x1180d1220>
156.6001,0.0,52093,<entities.dtn.DTN object at 0x1180d1550>,<entities.processor.Processor object at 0x1180d1220>
157.6001,0.0,52093,<entities.dtn.DTN object at 0x1180d1550>,<entities.processor.Processor object at 0x1180d1220>
158.6001,0.0,52093,<entities.dtn.DTN object at 0x1180d1550>,<entities.processor.Processor object at 0x1180d1220>
159.6001,0.0,52093,<entities.dtn.DTN object at 0x1180d1550>,<entities.processor.Processor object at 0x1180d1220>
160.6001,0.0,52093,<entities.dtn.DTN object at 0x1180d1550>,<entities.processor.Processor object at 0x1180d1220>
161.6001,0.0,52093,<entities.dtn.DTN object at 0x1180d1550>,<entities.processor.Processor object at 0x1180d1220>
162.6001,0.0,52093,<entities.dtn.DTN object at 0x1180d1550>,<entities.processor.Processor object at 0x1180d1220>
163.6001,0.0,52093,<entities.dtn.DTN object at 0x1180d1550>,<entities.processor.Processor object at 0x1180d1220>
164.6001,0.0,52093,<entities.dtn.DTN object at 0x1180d1550>,<entities.processor.Processor object at 0x1180d1220>
165.6001,0.0,52093,<entities.dtn.DTN object at 0x1180d1550>,<entities.processor.Processor object at 0x1180d1220>
166.6001,0.0,52093,<entities.dtn.DTN object at 0x1180d1550>,<entities.processor.Processor object at 0x1180d1220>
167.6001,0.0,52093,<entities.dtn.DTN object at 0x1180d1550>,<entities.processor.Processor object at 0x1180d1220>
168.6001,0.0,52093,<entities.dtn.DTN object at 0x1180d1550>,<entities.processor.Processor object at 0x1180d1220>
169.6001,0.0,52093,<entities.dtn.DTN object at 0x1180d1550>,<entities.processor.Processor object at 0x1180d1220>
170.6001,0.0,52093,<entities.dtn.DTN object at 0x1180d1550>,<entities.processor.Processor object at 0x1180d1220>
171.6001,0.0,52093,<entities.dtn.DTN object at 0x1180d1550>,<entities.processor.Processor object at 0x1180d1220>
172.6001,0.0,52093,<entities.dtn.DTN object at 0x1180d1550>,<entities.processor.Processor object at 0x1180d1220>
173.6001,0.0,52093,<entities.dtn.DTN object at 0x1180d1550>,<entities.processor.Processor object at 0x1180d1220>
174.6001,0.0,52093,<entities.dtn.DTN object at 0x1180d1550>,<entities.processor.Processor object at 0x1180d1220>
175.6001,0.0,52093,<entities.dtn.DTN object at 0x1180d1550>,<entities.processor.Processor object at 0x1180d1220>
176.6001,0.0,52093,<entities.dtn.DTN object at 0x1180d1550>,<entities.processor.Processor object at 0x1180d1220>
177.6001,0.0,52093,<entities.dtn.DTN object at 0x1180d1550>,<entities.processor.Processor object at 0x1180d1220>
178.6001,0.0,52093,<entities.dtn.DTN object at 0x1180d1550>,<entities.processor.Processor object at 0x1180d1220>
179.6001,0.0,52093,<entities.dtn.DTN object at 0x1180d1550>,<entities.processor.Processor object at 0x1180d1220>
180.6001,0.0,52093,<entities.dtn.DTN object at 0x1180d1550>,<entities.processor.Processor object at 0x1180d1220>
181.6001,0.0,52093,<entities.dtn.DTN object at 0x1180d1550>,<entities.processor.Processor object at 0x1180d1220>
182.6001,0.0,52093,<entities.dtn.DTN object at 0x1180d1550>,<entities.processor.Processor object at 0x1180d1220>
183.6001,0.0,52093,<entities.dtn.DTN object at 0x1180d1550>,<entities.processor.Processor object at 0x1180d1220>
184.6001,0.0,52093,<entities.dtn.DTN object at 0x1180d1550>,<entities.processor.Processor object at 0x1180d1220>
185.6001,0.0,52093,<entities.dtn.DTN object at 0x1180d1550>,<entities.processor.Processor object at 0x1180d1220>
186.6001,0.0,52093,<entities.dtn.DTN object at 0x1180d1550>,<entities.processor.Processor object at 0x1180d1220>
187.6001,0.0,52093,<entities.dtn.DTN object at 0x1180d1550>,<entities.processor.Processor object at 0x1180d1220>
188.6001,0.0,52093,<entities.dtn.DTN object at 0x1180d1550>,<entities.processor.Processor object at 0x1180d1220>
189.6001,0.0,52093,<entities.dtn.DTN object at 0x1180d1550>,<entities.processor.Processor object at 0x1180d1220>
190.6001,0.0,52093,<entities.dtn.DTN object at 0x1180d1550>,<entities.processor.Processor object at 0x1180d1220>
191.6001,0.0,52093,<entities.dtn.DTN object at 0x1180d1550>,<entities.processor.Processor object at 0x1180d1220>
192.6001,0.0,52093,<entities.dtn.DTN object at 0x1180d1550>,<entities.processor.Processor object at 0x1180d1220>
193.6001,0.0,52093,<entities.dtn.DTN object at 0x1180d1550>,<entities.processor.Processor object at 0x1180d1220>
194.6001,0.0,52093,<entities.dtn.DTN object at 0x1180d1550>,<entities.processor.Processor object at 0x1180d1220>
195.6001,0.0,52093,<entities.dtn.DTN object at 0x1180d1550>,<entities.processor.Processor object at 0x1180d1220>
196.6001,0.0,52093,<entities.dtn.DTN object at 0x1180d1550>,<entities.processor.Processor object at 0x1180d1220>
197.6001,0.0,52093,<entities.dtn.DTN object at 0x1180d1550>,<entities.processor.Processor object at 0x1180d1220>
198.6001,0.0,52093,<entities.dtn.DTN object at 0x1180d1550>,<entities.processor.Processor object at 0x1180d1220>
199.6001,0.0,52093,<entities.dtn.DTN object at 0x1180d1550>,<entities.processor.Processor object at 0x1180d1220>
2.5,0.0,71964,<entities.processor.Processor object at 0x1180d1280>,<entities.dtn.DTN object at 0x1180d1550>
2.5,0.0,2206,<entities.processor.Processor object at 0x1068b4520>,<entities.dtn.DTN object at 0x1180d1550>
2.5,0.0,50965,<entities.processor.Processor object at 0x1076146d0>,<entities.dtn.DTN object at 0x1180d1550>
2.5001,0.0,56327,<entities.dtn.DTN object at 0x1180d1550>,<entities.processor.Processor object at 0x1180d1280>
3.5001,0.0,56327,<entities.dtn.DTN object at 0x1180d1550>,<entities.processor.Processor object at 0x1180d1280>
4.5001,0.0,56327,<entities.dtn.DTN object at 0x1180d1550>,<entities.processor.Processor object at 0x1180d1280>
5.5001,0.0,56327,<entities.dtn.DTN object at 0x1180d1550>,<entities.processor.Processor object at 0x1180d1280>
6.5001,0.0,56327,<entities.dtn.DTN object at 0x1180d1550>,<entities.processor.Processor object at 0x1180d1280>
7.5001,0.0,56327,<entities.dtn.DTN object at 0x1180d1550>,<entities.processor.Processor object at 0x1180d1280>
8.5001,0.0,56327,<entities.dtn.DTN object at 0x1180d1550>,<entities.processor.Processor object at 0x1180d1280>
9.5001,0.0,56327,<entities.dtn.DTN object at 0x1180d1550>,<entities.processor.Processor object at 0x1180d1280>
10.5001,0.0,56327,<entities.dtn.DTN object at 0x1180d1550>,<entities.processor.Processor object at 0x1180d1280>
11.5001,0.0,56327,<entities.dtn.DTN object at 0x1180d1550>,<entities.processor.Processor object at 0x1180d1280>
12.5001,0.0,56327,<entities.dtn.DTN object at 0x1180d1550>,<entities.processor.Processor object at 0x1180d1280>
13.5001,0.0,56327,<entities.dtn.DTN object at 0x1180d1550>,<entities.processor.Processor object at 0x1180d1280>
14.5001,0.0,56327,<entities.dtn.DTN object at 0x1180d1550>,<entities.processor.Processor object at 0x1180d1280>
15.5001,0.0,56327,<entities.dtn.DTN object at 0x1180d1550>,<entities.processor.Processor object at 0x1180d1280>
16.5001,0.0,56327,<entities.dtn.DTN object at 0x1180d1550>,<entities.processor.Processor object at 0x1180d1280>
17.5001,0.0,56327,<entities.dtn.DTN object at 0x1180d1550>,<entities.processor.Processor object at 0x1180d1280>
18.5001,0.0,56327,<entities.dtn.DTN object at 0x1180d1550>,<entities.processor.Processor object at 0x1180d1280>
19.5001,0.0,56327,<entities.dtn.DTN object at 0x1180d1550>,<entities.processor.Processor object at 0x1180d1280>
20.5001,0.0,56327,<entities.dtn.DTN object at 0x1180d1550>,<entities.processor.Processor object at 0x1180d1280>
21.5001,0.0,56327,<entities.dtn.DTN object at 0x1180d1550>,<entities.processor.Processor object at 0x1180d1280>
22.5001,0.0,56327,<entities.dtn.DTN object at 0x1180d1550>,<entities.processor.Processor object at 0x1180d1280>
23.5001,0.0,56327,<entities.dtn.DTN object at 0x1180d1550>,<entities.processor.Processor object at 0x1180d1280>
24.5001,0.0,56327,<entities.dtn.DTN object at 0x1180d1550>,<entities.processor.Processor object at 0x1180d1280>
25.5001,0.0,56327,<entities.dtn.DTN object at 0x1180d1550>,<entities.processor.Processor object at 0x1180d1280>
26.5001,0.0,56327,<entities.dtn.DTN object at 0x1180d1550>,<entities.processor.Processor object at 0x1180d1280>
27.5001,0.0,56327,<entities.dtn.DTN object at 0x1180d1550>,<entities.processor.Processor object at 0x1180d1280>
28.5001,0.0,56327,<entities.dtn.DTN object at 0x1180d1550>,<entities.processor.Processor object at 0x1180d1280>
29.5001,0.0,56327,<entities.dtn.DTN object at 0x1180d1550>,<entities.processor.Processor object at 0x1180d1280>
30.5001,0.0,56327,<entities.dtn.DTN object at 0x1180d1550>,<entities.processor.Processor object at 0x1180d1280>
31.5001,0.0,56327,<entities.dtn.DTN object at 0x1180d1550>,<entities.processor.Processor object at 0x1180d1280>
32.5001,0.0,56327,<entities.dtn.DTN object at 0x1180d1550>,<entities.processor.Processor object at 0x1180d1280>
33.5001,0.0,56327,<entities.dtn.DTN object at 0x1180d1550>,<entities.processor.Processor object at 0x1180d1280>
34.5001,0.0,56327,<entities.dtn.DTN object at 0x1180d1550>,<entities.processor.Processor object at 0x1180d1280>
35.5001,0.0,56327,<entities.dtn.DTN object at 0x1180d1550>,<entities.processor.Processor object at 0x1180d1280>
36.5001,0.0,56327,<entities.dtn.DTN object at 0x1180d1550>,<entities.processor.Processor object at 0x1180d1280>
37.5001,0.0,56327,<entities.dtn.DTN object at 0x1180d1550>,<entities.processor.Processor object at 0x1180d1280>
38.5001,0.0,56327,<entities.dtn.DTN object at 0x1180d1550>,<entities.processor.Processor object at 0x1180d1280>
39.5001,0.0,56327,<entities.dtn.DTN object at 0x1180d1550>,<entities.processor.Processor object at 0x1180d1280>
40.5001,0.0,56327,<entities.dtn.DTN object at 0x1180d1550>,<entities.processor.Processor object at 0x1180d1280>
41.5001,0.0,56327,<entities.dtn.DTN object at 0x1180d1550>,<entities.processor.Processor object at 0x1180d1280>
42.5001,0.0,56327,<entities.dtn.DTN object at 0x1180d1550>,<entities.processor.Processor object at 0x1180d1280>
43.5001,0.0,56327,<entities.dtn.DTN object at 0x1180d1550>,<entities.processor.Processor object at 0x1180d1280>
44.5001,0.0,56327,<entities.dtn.DTN object at 0x1180d1550>,<entities.processor.Processor object at 0x1180d1280>
45.5001,0.0,56327,<entities.dtn.DTN object at 0x1180d1550>,<entities.processor.Processor object at 0x1180d1280>
46.5001,0.0,56327,<entities.dtn.DTN object at 0x1180d1550>,<entities.processor.Processor object at 0x1180d1280>
47.5001,0.0,56327,<entities.dtn.DTN object at 0x1180d1550>,<entities.processor.Processor object at 0x1180d1280>
48.5001,0.0,56327,<entities.dtn.DTN object at 0x1180d1550>,<entities.processor.Processor object at 0x1180d1280>
49.5001,0.0,56327,<entities.dtn.DTN object at 0x1180d1550>,<entities.processor.Processor object at 0x1180d1280>
50.5001,0.0,56327,<entities.dtn.DTN object at 0x1180d1550>,<entities.processor.Processor object at 0x1180d1280>
51.5001,0.0,56327,<entities.dtn.DTN object at 0x1180d1550>,<entities.processor.Processor object at 0x1180d1280>
52.5001,0.0,56327,<entities.dtn.DTN object at 0x1180d1550>,<entities.processor.Processor object at 0x1180d1280>
53.5001,0.0,56327,<entities.dtn.DTN object at 0x1180d1550>,<entities.processor.Processor object at 0x1180d1280>
54.5001,0.0,56327,<entities.dtn.DTN object at 0x1180d1550>,<entities.processor.Processor object at 0x1180d1280>
55.5001,0.0,56327,<entities.dtn.DTN object at 0x1180d1550>,<entities.processor.Processor object at 0x1180d1280>
56.5001,0.0,56327,<entities.dtn.DTN object at 0x1180d1550>,<entities.processor.Processor object at 0x1180d1280>
57.5001,0.0,56327,<entities.dtn.DTN object at 0x1180d1550>,<entities.processor.Processor object at 0x1180d1280>
58.5001,0.0,56327,<entities.dtn.DTN object at 0x1180d1550>,<entities.processor.Processor object at 0x1180d1280>
59.5001,0.0,56327,<entities.dtn.DTN object at 0x1180d1550>,<entities.processor.Processor object at 0x1180d1280>
60.5001,0.0,56327,<entities.dtn.DTN object at 0x1180d1550>,<entities.processor.Processor object at 0x1180d1280>
61.5001,0.0,56327,<entities.dtn.DTN object at 0x1180d1550>,<entities.processor.Processor object at 0x1180d1280>
62.5001,0.0,56327,<entities.dtn.DTN object at 0x1180d1550>,<entities.processor.Processor object at 0x1180d1280>
63.5001,0.0,56327,<entities.dtn.DTN object at 0x1180d1550>,<entities.processor.Processor object at 0x1180d1280>
64.5001,0.0,56327,<entities.dtn.DTN object at 0x1180d1550>,<entities.processor.Processor object at 0x1180d1280>
65.5001,0.0,56327,<entities.dtn.DTN object at 0x1180d1550>,<entities.processor.Processor object at 0x1180d1280>
66.5001,0.0,56327,<entities.dtn.DTN object at 0x1180d1550>,<entities.processor.Processor object at 0x1180d1280>
67.5001,0.0,56327,<entities.dtn.DTN object at 0x1180d1550>,<entities.processor.Processor object at 0x1180d1280>
68.5001,0.0,56327,<entities.dtn.DTN object at 0x1180d1550>,<entities.processor.Processor object at 0x1180d1280>
69.5001,0.0,56327,<entities.dtn.DTN object at 0x1180d1550>,<entities.processor.Processor object at 0x1180d1280>
70.5001,0.0,56327,<entities.dtn.DTN object at 0x1180d1550>,<entities.processor.Processor object at 0x1180d1280>
71.5001,0.0,56327,<entities.dtn.DTN object at 0x1180d1550>,<entities.processor.Processor object at 0x1180d1280>
72.5001,0.0,56327,<entities.dtn.DTN object at 0x1180d1550>,<entities.processor.Processor object at 0x1180d1280>
73.5001,0.0,56327,<entities.dtn.DTN object at 0x1180d1550>,<entities.processor.Processor object at 0x1180d1280>
74.5001,0.0,56327,<entities.dtn.DTN object at 0x1180d1550>,<entities.processor.Processor object at 0x1180d1280>
75.5001,0.0,56327,<entities.dtn.DTN object at 0x1180d1550>,<entities.processor.Processor object at 0x1180d1280>
76.5001,0.0,56327,<entities.dtn.DTN object at 0x1180d1550>,<entities.processor.Processor object at 0x1180d1280>
77.5001,0.0,56327,<entities.dtn.DTN object at 0x1180d1550>,<entities.processor.Processor object at 0x1180d1280>
78.5001,0.0,56327,<entities.dtn.DTN object at 0x1180d1550>,<entities.processor.Processor object at 0x1180d1280>
79.5001,0.0,56327,<entities.dtn.DTN object at 0x1180d1550>,<entities.processor.Processor object at 0x1180d1280>
80.5001,0.0,56327,<entities.dtn.DTN object at 0x1180d1550>,<entities.processor.Processor object at 0x1180d1280>
81.5001,0.0,56327,<entities.dtn.DTN object at 0x1180d1550>,<entities.processor.Processor object at 0x1180d1280>
82.5001,0.0,56327,<entities.dtn.DTN object at 0x1180d1550>,<entities.processor.Processor object at 0x1180d1280>
83.5001,0.0,56327,<entities.dtn.DTN object at 0x1180d1550>,<entities.processor.Processor object at 0x1180d1280>
84.5001,0.0,56327,<entities.dtn.DTN object at 0x1180d1550>,<entities.processor.Processor object at 0x1180d1280>
85.5001,0.0,56327,<entities.dtn.DTN object at 0x1180d1550>,<entities.processor.Processor object at 0x1180d1280>
86.5001,0.0,56327,<entities.dtn.DTN object at 0x1180d1550>,<entities.processor.Processor object at 0x1180d1280>
87.5001,0.0,56327,<entities.dtn.DTN object at 0x1180d1550>,<entities.processor.Processor object at 0x1180d1280>
88.5001,0.0,56327,<entities.dtn.DTN object at 0x1180d1550>,<entities.processor.Processor object at 0x1180d1280>
89.5001,0.0,56327,<entities.dtn.DTN object at 0x1180d1550>,<entities.processor.Processor object at 0x1180d1280>
90.5001,0.0,56327,<entities.dtn.DTN object at 0x1180d1550>,<entities.processor.Processor object at 0x1180d1280>
91.5001,0.0,56327,<entities.dtn.DTN object at 0x1180d1550>,<entities.processor.Processor object at 0x1180d1280>
92.5001,0.0,56327,<entities.dtn.DTN object at 0x1180d1550>,<entities.processor.Processor object at 0x1180d1280>
93.5001,0.0,56327,<entities.dtn.DTN object at 0x1180d1550>,<entities.processor.Processor object at 0x1180d1280>
94.5001,0.0,56327,<entities.dtn.DTN object at 0x1180d1550>,<entities.processor.Processor object at 0x1180d1280>
95.5001,0.0,56327,<entities.dtn.DTN object at 0x1180d1550>,<entities.processor.Processor object at 0x1180d1280>
96.5001,0.0,56327,<entities.dtn.DTN object at 0x1180d1550>,<entities.processor.Processor object at 0x1180d1280>
97.5001,0.0,56327,<entities.dtn.DTN object at 0x1180d1550>,<entities.processor.Processor object at 0x1180d1280>
98.5001,0.0,56327,<entities.dtn.DTN object at 0x1180d1550>,<entities.processor.Processor object at 0x1180d1280>
99.5001,0.0,56327,<entities.dtn.DTN object at 0x1180d1550>,<entities.processor.Processor object at 0x1180d1280>
100.5001,0.0,56327,<entities.dtn.DTN object at 0x1180d1550>,<entities.processor.Processor object at 0x1180d1280>
101.5001,0.0,56327,<entities.dtn.DTN object at 0x1180d1550>,<entities.processor.Processor object at 0x1180d1280>
102.5001,0.0,56327,<entities.dtn.DTN object at 0x1180d1550>,<entities.processor.Processor object at 0x1180d1280>
103.5001,0.0,56327,<entities.dtn.DTN object at 0x1180d1550>,<entities.processor.Processor object at 0x1180d1280>
104.5001,0.0,56327,<entities.dtn.DTN object at 0x1180d1550>,<entities.processor.Processor object at 0x1180d1280>
105.5001,0.0,56327,<entities.dtn.DTN object at 0x1180d1550>,<entities.processor.Processor object at 0x1180d1280>
106.5001,0.0,56327,<entities.dtn.DTN object at 0x1180d1550>,<entities.processor.Processor object at 0x1180d1280>
107.5001,0.0,56327,<entities.dtn.DTN object at 0x1180d1550>,<entities.processor.Processor object at 0x1180d1280>
108.5001,0.0,56327,<entities.dtn.DTN object at 0x1180d1550>,<entities.processor.Processor object at 0x1180d1280>
109.5001,0.0,56327,<entities.dtn.DTN object at 0x1180d1550>,<entities.processor.Processor object at 0x1180d1280>
110.5001,0.0,56327,<entities.dtn.DTN object at 0x1180d1550>,<entities.processor.Processor object at 0x1180d1280>
111.5001,0.0,56327,<entities.dtn.DTN object at 0x1180d1550>,<entities.processor.Processor object at 0x1180d1280>
112.5001,0.0,56327,<entities.dtn.DTN object at 0x1180d1550>,<entities.processor.Processor object at 0x1180d1280>
113.5001,0.0,56327,<entities.dtn.DTN object at 0x1180d1550>,<entities.processor.Processor object at 0x1180d1280>
114.5001,0.0,56327,<entities.dtn.DTN object at 0x1180d1550>,<entities.processor.Processor object at 0x1180d1280>
115.5001,0.0,56327,<entities.dtn.DTN object at 0x1180d1550>,<entities.processor.Processor object at 0x1180d1280>
116.5001,0.0,56327,<entities.dtn.DTN object at 0x1180d1550>,<entities.processor.Processor object at 0x1180d1280>
117.5001,0.0,56327,<entities.dtn.DTN object at 0x1180d1550>,<entities.processor.Processor object at 0x1180d1280>
118.5001,0.0,56327,<entities.dtn.DTN object at 0x1180d1550>,<entities.processor.Processor object at 0x1180d1280>
119.5001,0.0,56327,<entities.dtn.DTN object at 0x1180d1550>,<entities.processor.Processor object at 0x1180d1280>
120.5001,0.0,56327,<entities.dtn.DTN object at 0x1180d1550>,<entities.processor.Processor object at 0x1180d1280>
121.5001,0.0,56327,<entities.dtn.DTN object at 0x1180d1550>,<entities.processor.Processor object at 0x1180d1280>
122.5001,0.0,56327,<entities.dtn.DTN object at 0x1180d1550>,<entities.processor.Processor object at 0x1180d1280>
123.5001,0.0,56327,<entities.dtn.DTN object at 0x1180d1550>,<entities.processor.Processor object at 0x1180d1280>
124.5001,0.0,56327,<entities.dtn.DTN object at 0x1180d1550>,<entities.processor.Processor object at 0x1180d1280>
125.5001,0.0,56327,<entities.dtn.DTN object at 0x1180d1550>,<entities.processor.Processor object at 0x1180d1280>
126.5001,0.0,56327,<entities.dtn.DTN object at 0x1180d1550>,<entities.processor.Processor object at 0x1180d1280>
127.5001,0.0,56327,<entities.dtn.DTN object at 0x1180d1550>,<entities.processor.Processor object at 0x1180d1280>
128.5001,0.0,56327,<entities.dtn.DTN object at 0x1180d1550>,<entities.processor.Processor object at 0x1180d1280>
129.5001,0.0,56327,<entities.dtn.DTN object at 0x1180d1550>,<entities.processor.Processor object at 0x1180d1280>
130.5001,0.0,56327,<entities.dtn.DTN object at 0x1180d1550>,<entities.processor.Processor object at 0x1180d1280>
131.5001,0.0,56327,<entities.dtn.DTN object at 0x1180d1550>,<entities.processor.Processor object at 0x1180d1280>
132.5001,0.0,56327,<entities.dtn.DTN object at 0x1180d1550>,<entities.processor.Processor object at 0x1180d1280>
133.5001,0.0,56327,<entities.dtn.DTN object at 0x1180d1550>,<entities.processor.Processor object at 0x1180d1280>
134.5001,0.0,56327,<entities.dtn.DTN object at 0x1180d1550>,<entities.processor.Processor object at 0x1180d1280>
135.5001,0.0,56327,<entities.dtn.DTN object at 0x1180d1550>,<entities.processor.Processor object at 0x1180d1280>
136.5001,0.0,56327,<entities.dtn.DTN object at 0x1180d1550>,<entities.processor.Processor object at 0x1180d1280>
137.5001,0.0,56327,<entities.dtn.DTN object at 0x1180d1550>,<entities.processor.Processor object at 0x1180d1280>
138.5001,0.0,56327,<entities.dtn.DTN object at 0x1180d1550>,<entities.processor.Processor object at 0x1180d1280>
139.5001,0.0,56327,<entities.dtn.DTN object at 0x1180d1550>,<entities.processor.Processor object at 0x1180d1280>
140.5001,0.0,56327,<entities.dtn.DTN object at 0x1180d1550>,<entities.processor.Processor object at 0x1180d1280>
141.5001,0.0,56327,<entities.dtn.DTN object at 0x1180d1550>,<entities.processor.Processor object at 0x1180d1280>
142.5001,0.0,56327,<entities.dtn.DTN object at 0x1180d1550>,<entities.processor.Processor object at 0x1180d1280>
143.5001,0.0,56327,<entities.dtn.DTN object at 0x1180d1550>,<entities.processor.Processor object at 0x1180d1280>
144.5001,0.0,56327,<entities.dtn.DTN object at 0x1180d1550>,<entities.processor.Processor object at 0x1180d1280>
145.5001,0.0,56327,<entities.dtn.DTN object at 0x1180d1550>,<entities.processor.Processor object at 0x1180d1280>
146.5001,0.0,56327,<entities.dtn.DTN object at 0x1180d1550>,<entities.processor.Processor object at 0x1180d1280>
147.5001,0.0,56327,<entities.dtn.DTN object at 0x1180d1550>,<entities.processor.Processor object at 0x1180d1280>
148.5001,0.0,56327,<entities.dtn.DTN object at 0x1180d1550>,<entities.processor.Processor object at 0x1180d1280>
149.5001,0.0,56327,<entities.dtn.DTN object at 0x1180d1550>,<entities.processor.Processor object at 0x1180d1280>
150.5001,0.0,56327,<entities.dtn.DTN object at 0x1180d1550>,<entities.processor.Processor object at 0x1180d1280>
151.5001,0.0,56327,<entities.dtn.DTN object at 0x1180d1550>,<entities.processor.Processor object at 0x1180d1280>
152.5001,0.0,56327,<entities.dtn.DTN object at 0x1180d1550>,<entities.processor.Processor object at 0x1180d1280>
153.5001,0.0,56327,<entities.dtn.DTN object at 0x1180d1550>,<entities.processor.Processor object at 0x1180d1280>
154.5001,0.0,56327,<entities.dtn.DTN object at 0x1180d1550>,<entities.processor.Processor object at 0x1180d1280>
155.5001,0.0,56327,<entities.dtn.DTN object at 0x1180d1550>,<entities.processor.Processor object at 0x1180d1280>
156.5001,0.0,56327,<entities.dtn.DTN object at 0x1180d1550>,<entities.processor.Processor object at 0x1180d1280>
157.5001,0.0,56327,<entities.dtn.DTN object at 0x1180d1550>,<entities.processor.Processor object at 0x1180d1280>
158.5001,0.0,56327,<entities.dtn.DTN object at 0x1180d1550>,<entities.processor.Processor object at 0x1180d1280>
159.5001,0.0,56327,<entities.dtn.DTN object at 0x1180d1550>,<entities.processor.Processor object at 0x1180d1280>
160.5001,0.0,56327,<entities.dtn.DTN object at 0x1180d1550>,<entities.processor.Processor object at 0x1180d1280>
161.5001,0.0,56327,<entities.dtn.DTN object at 0x1180d1550>,<entities.processor.Processor object at 0x1180d1280>
162.5001,0.0,56327,<entities.dtn.DTN object at 0x1180d1550>,<entities.processor.Processor object at 0x1180d1280>
163.5001,0.0,56327,<entities.dtn.DTN object at 0x1180d1550>,<entities.processor.Processor object at 0x1180d1280>
164.5001,0.0,56327,<entities.dtn.DTN object at 0x1180d1550>,<entities.processor.Processor object at 0x1180d1280>
165.5001,0.0,56327,<entities.dtn.DTN object at 0x1180d1550>,<entities.processor.Processor object at 0x1180d1280>
166.5001,0.0,56327,<entities.dtn.DTN object at 0x1180d1550>,<entities.processor.Processor object at 0x1180d1280>
167.5001,0.0,56327,<entities.dtn.DTN object at 0x1180d1550>,<entities.processor.Processor object at 0x1180d1280>
168.5001,0.0,56327,<entities.dtn.DTN object at 0x1180d1550>,<entities.processor.Processor object at 0x1180d1280>
169.5001,0.0,56327,<entities.dtn.DTN object at 0x1180d1550>,<entities.processor.Processor object at 0x1180d1280>
170.5001,0.0,56327,<entities.dtn.DTN object at 0x1180d1550>,<entities.processor.Processor object at 0x1180d1280>
171.5001,0.0,56327,<entities.dtn.DTN object at 0x1180d1550>,<entities.processor.Processor object at 0x1180d1280>
172.5001,0.0,56327,<entities.dtn.DTN object at 0x1180d1550>,<entities.processor.Processor object at 0x1180d1280>
173.5001,0.0,56327,<entities.dtn.DTN object at 0x1180d1550>,<entities.processor.Processor object at 0x1180d1280>
174.5001,0.0,56327,<entities.dtn.DTN object at 0x1180d1550>,<entities.processor.Processor object at 0x1180d1280>
175.5001,0.0,56327,<entities.dtn.DTN object at 0x1180d1550>,<entities.processor.Processor object at 0x1180d1280>
176.5001,0.0,56327,<entities.dtn.DTN object at 0x1180d1550>,<entities.processor.Processor object at 0x1180d1280>
177.5001,0.0,56327,<entities.dtn.DTN object at 0x1180d1550>,<entities.processor.Processor object at 0x1180d1280>
178.5001,0.0,56327,<entities.dtn.DTN object at 0x1180d1550>,<entities.processor.Processor object at 0x1180d1280>
179.5001,0.0,56327,<entities.dtn.DTN object at 0x1180d1550>,<entities.processor.Processor object at 0x1180d1280>
180.5001,0.0,56327,<entities.dtn.DTN object at 0x1180d1550>,<entities.processor.Processor object at 0x1180d1280>
181.5001,0.0,56327,<entities.dtn.DTN object at 0x1180d1550>,<entities.processor.Processor object at 0x1180d1280>
182.5001,0.0,56327,<entities.dtn.DTN object at 0x1180d1550>,<entities.processor.Processor object at 0x1180d1280>
183.5001,0.0,56327,<entities.dtn.DTN object at 0x1180d1550>,<entities.processor.Processor object at 0x1180d1280>
184.5001,0.0,56327,<entities.dtn.DTN object at 0x1180d1550>,<entities.processor.Processor object at 0x1180d1280>
185.5001,0.0,56327,<entities.dtn.DTN object at 0x1180d1550>,<entities.processor.Processor object at 0x1180d1280>
186.5001,0.0,56327,<entities.dtn.DTN object at 0x1180d1550>,<entities.processor.Processor object at 0x1180d1280>
187.5001,0.0,56327,<entities.dtn.DTN object at 0x1180d1550>,<entities.processor.Processor object at 0x1180d1280>
188.5001,0.0,56327,<entities.dtn.DTN object at 0x1180d1550>,<entities.processor.Processor object at 0x1180d1280>
189.5001,0.0,56327,<entities.dtn.DTN object at 0x1180d1550>,<entities.processor.Processor object at 0x1180d1280>
190.5001,0.0,56327,<entities.dtn.DTN object at 0x1180d1550>,<entities.processor.Processor object at 0x1180d1280>
191.5001,0.0,56327,<entities.dtn.DTN object at 0x1180d1550>,<entities.processor.Processor object at 0x1180d1280>
192.5001,0.0,56327,<entities.dtn.DTN object at 0x1180d1550>,<entities.processor.Processor object at 0x1180d1280>
193.5001,0.0,56327,<entities.dtn.DTN object at 0x1180d1550>,<entities.processor.Processor object at 0x1180d1280>
194.5001,0.0,56327,<entities.dtn.DTN object at 0x1180d1550>,<entities.processor.Processor object at 0x1180d1280>
195.5001,0.0,56327,<entities.dtn.DTN object at 0x1180d1550>,<entities.processor.Processor object at 0x1180d1280>
196.5001,0.0,56327,<entities.dtn.DTN object at 0x1180d1550>,<entities.processor.Processor object at 0x1180d1280>
197.5001,0.0,56327,<entities.dtn.DTN object at 0x1180d1550>,<entities.processor.Processor object at 0x1180d1280>
198.5001,0.0,56327,<entities.dtn.DTN object at 0x1180d1550>,<entities.processor.Processor object at 0x1180d1280>
199.5001,0.0,56327,<entities.dtn.DTN object at 0x1180d1550>,<entities.processor.Processor object at 0x1180d1280>
2.5001,0.0,70157,<entities.dtn.DTN object at 0x1180d1550>,<entities.processor.Processor object at 0x1076146d0>
3.5001,0.0,70157,<entities.dtn.DTN object at 0x1180d1550>,<entities.processor.Processor object at 0x1076146d0>
4.5001,0.0,70157,<entities.dtn.DTN object at 0x1180d1550>,<entities.processor.Processor object at 0x1076146d0>
5.5001,0.0,70157,<entities.dtn.DTN object at 0x1180d1550>,<entities.processor.Processor object at 0x1076146d0>
6.5001,0.0,70157,<entities.dtn.DTN object at 0x1180d1550>,<entities.processor.Processor object at 0x1076146d0>
7.5001,0.0,70157,<entities.dtn.DTN object at 0x1180d1550>,<entities.processor.Processor object at 0x1076146d0>
8.5001,0.0,70157,<entities.dtn.DTN object at 0x1180d1550>,<entities.processor.Processor object at 0x1076146d0>
9.5001,0.0,70157,<entities.dtn.DTN object at 0x1180d1550>,<entities.processor.Processor object at 0x1076146d0>
10.5001,0.0,70157,<entities.dtn.DTN object at 0x1180d1550>,<entities.processor.Processor object at 0x1076146d0>
11.5001,0.0,70157,<entities.dtn.DTN object at 0x1180d1550>,<entities.processor.Processor object at 0x1076146d0>
12.5001,0.0,70157,<entities.dtn.DTN object at 0x1180d1550>,<entities.processor.Processor object at 0x1076146d0>
13.5001,0.0,70157,<entities.dtn.DTN object at 0x1180d1550>,<entities.processor.Processor object at 0x1076146d0>
14.5001,0.0,70157,<entities.dtn.DTN object at 0x1180d1550>,<entities.processor.Processor object at 0x1076146d0>
15.5001,0.0,70157,<entities.dtn.DTN object at 0x1180d1550>,<entities.processor.Processor object at 0x1076146d0>
16.5001,0.0,70157,<entities.dtn.DTN object at 0x1180d1550>,<entities.processor.Processor object at 0x1076146d0>
17.5001,0.0,70157,<entities.dtn.DTN object at 0x1180d1550>,<entities.processor.Processor object at 0x1076146d0>
18.5001,0.0,70157,<entities.dtn.DTN object at 0x1180d1550>,<entities.processor.Processor object at 0x1076146d0>
19.5001,0.0,70157,<entities.dtn.DTN object at 0x1180d1550>,<entities.processor.Processor object at 0x1076146d0>
20.5001,0.0,70157,<entities.dtn.DTN object at 0x1180d1550>,<entities.processor.Processor object at 0x1076146d0>
21.5001,0.0,70157,<entities.dtn.DTN object at 0x1180d1550>,<entities.processor.Processor object at 0x1076146d0>
22.5001,0.0,70157,<entities.dtn.DTN object at 0x1180d1550>,<entities.processor.Processor object at 0x1076146d0>
23.5001,0.0,70157,<entities.dtn.DTN object at 0x1180d1550>,<entities.processor.Processor object at 0x1076146d0>
24.5001,0.0,70157,<entities.dtn.DTN object at 0x1180d1550>,<entities.processor.Processor object at 0x1076146d0>
25.5001,0.0,70157,<entities.dtn.DTN object at 0x1180d1550>,<entities.processor.Processor object at 0x1076146d0>
26.5001,0.0,70157,<entities.dtn.DTN object at 0x1180d1550>,<entities.processor.Processor object at 0x1076146d0>
27.5001,0.0,70157,<entities.dtn.DTN object at 0x1180d1550>,<entities.processor.Processor object at 0x1076146d0>
28.5001,0.0,70157,<entities.dtn.DTN object at 0x1180d1550>,<entities.processor.Processor object at 0x1076146d0>
29.5001,0.0,70157,<entities.dtn.DTN object at 0x1180d1550>,<entities.processor.Processor object at 0x1076146d0>
30.5001,0.0,70157,<entities.dtn.DTN object at 0x1180d1550>,<entities.processor.Processor object at 0x1076146d0>
31.5001,0.0,70157,<entities.dtn.DTN object at 0x1180d1550>,<entities.processor.Processor object at 0x1076146d0>
32.5001,0.0,70157,<entities.dtn.DTN object at 0x1180d1550>,<entities.processor.Processor object at 0x1076146d0>
33.5001,0.0,70157,<entities.dtn.DTN object at 0x1180d1550>,<entities.processor.Processor object at 0x1076146d0>
34.5001,0.0,70157,<entities.dtn.DTN object at 0x1180d1550>,<entities.processor.Processor object at 0x1076146d0>
35.5001,0.0,70157,<entities.dtn.DTN object at 0x1180d1550>,<entities.processor.Processor object at 0x1076146d0>
36.5001,0.0,70157,<entities.dtn.DTN object at 0x1180d1550>,<entities.processor.Processor object at 0x1076146d0>
37.5001,0.0,70157,<entities.dtn.DTN object at 0x1180d1550>,<entities.processor.Processor object at 0x1076146d0>
38.5001,0.0,70157,<entities.dtn.DTN object at 0x1180d1550>,<entities.processor.Processor object at 0x1076146d0>
39.5001,0.0,70157,<entities.dtn.DTN object at 0x1180d1550>,<entities.processor.Processor object at 0x1076146d0>
40.5001,0.0,70157,<entities.dtn.DTN object at 0x1180d1550>,<entities.processor.Processor object at 0x1076146d0>
41.5001,0.0,70157,<entities.dtn.DTN object at 0x1180d1550>,<entities.processor.Processor object at 0x1076146d0>
42.5001,0.0,70157,<entities.dtn.DTN object at 0x1180d1550>,<entities.processor.Processor object at 0x1076146d0>
43.5001,0.0,70157,<entities.dtn.DTN object at 0x1180d1550>,<entities.processor.Processor object at 0x1076146d0>
44.5001,0.0,70157,<entities.dtn.DTN object at 0x1180d1550>,<entities.processor.Processor object at 0x1076146d0>
45.5001,0.0,70157,<entities.dtn.DTN object at 0x1180d1550>,<entities.processor.Processor object at 0x1076146d0>
46.5001,0.0,70157,<entities.dtn.DTN object at 0x1180d1550>,<entities.processor.Processor object at 0x1076146d0>
47.5001,0.0,70157,<entities.dtn.DTN object at 0x1180d1550>,<entities.processor.Processor object at 0x1076146d0>
48.5001,0.0,70157,<entities.dtn.DTN object at 0x1180d1550>,<entities.processor.Processor object at 0x1076146d0>
49.5001,0.0,70157,<entities.dtn.DTN object at 0x1180d1550>,<entities.processor.Processor object at 0x1076146d0>
50.5001,0.0,70157,<entities.dtn.DTN object at 0x1180d1550>,<entities.processor.Processor object at 0x1076146d0>
51.5001,0.0,70157,<entities.dtn.DTN object at 0x1180d1550>,<entities.processor.Processor object at 0x1076146d0>
52.5001,0.0,70157,<entities.dtn.DTN object at 0x1180d1550>,<entities.processor.Processor object at 0x1076146d0>
53.5001,0.0,70157,<entities.dtn.DTN object at 0x1180d1550>,<entities.processor.Processor object at 0x1076146d0>
54.5001,0.0,70157,<entities.dtn.DTN object at 0x1180d1550>,<entities.processor.Processor object at 0x1076146d0>
55.5001,0.0,70157,<entities.dtn.DTN object at 0x1180d1550>,<entities.processor.Processor object at 0x1076146d0>
56.5001,0.0,70157,<entities.dtn.DTN object at 0x1180d1550>,<entities.processor.Processor object at 0x1076146d0>
57.5001,0.0,70157,<entities.dtn.DTN object at 0x1180d1550>,<entities.processor.Processor object at 0x1076146d0>
58.5001,0.0,70157,<entities.dtn.DTN object at 0x1180d1550>,<entities.processor.Processor object at 0x1076146d0>
59.5001,0.0,70157,<entities.dtn.DTN object at 0x1180d1550>,<entities.processor.Processor object at 0x1076146d0>
60.5001,0.0,70157,<entities.dtn.DTN object at 0x1180d1550>,<entities.processor.Processor object at 0x1076146d0>
61.5001,0.0,70157,<entities.dtn.DTN object at 0x1180d1550>,<entities.processor.Processor object at 0x1076146d0>
62.5001,0.0,70157,<entities.dtn.DTN object at 0x1180d1550>,<entities.processor.Processor object at 0x1076146d0>
63.5001,0.0,70157,<entities.dtn.DTN object at 0x1180d1550>,<entities.processor.Processor object at 0x1076146d0>
64.5001,0.0,70157,<entities.dtn.DTN object at 0x1180d1550>,<entities.processor.Processor object at 0x1076146d0>
65.5001,0.0,70157,<entities.dtn.DTN object at 0x1180d1550>,<entities.processor.Processor object at 0x1076146d0>
66.5001,0.0,70157,<entities.dtn.DTN object at 0x1180d1550>,<entities.processor.Processor object at 0x1076146d0>
67.5001,0.0,70157,<entities.dtn.DTN object at 0x1180d1550>,<entities.processor.Processor object at 0x1076146d0>
68.5001,0.0,70157,<entities.dtn.DTN object at 0x1180d1550>,<entities.processor.Processor object at 0x1076146d0>
69.5001,0.0,70157,<entities.dtn.DTN object at 0x1180d1550>,<entities.processor.Processor object at 0x1076146d0>
70.5001,0.0,70157,<entities.dtn.DTN object at 0x1180d1550>,<entities.processor.Processor object at 0x1076146d0>
71.5001,0.0,70157,<entities.dtn.DTN object at 0x1180d1550>,<entities.processor.Processor object at 0x1076146d0>
72.5001,0.0,70157,<entities.dtn.DTN object at 0x1180d1550>,<entities.processor.Processor object at 0x1076146d0>
73.5001,0.0,70157,<entities.dtn.DTN object at 0x1180d1550>,<entities.processor.Processor object at 0x1076146d0>
74.5001,0.0,70157,<entities.dtn.DTN object at 0x1180d1550>,<entities.processor.Processor object at 0x1076146d0>
75.5001,0.0,70157,<entities.dtn.DTN object at 0x1180d1550>,<entities.processor.Processor object at 0x1076146d0>
76.5001,0.0,70157,<entities.dtn.DTN object at 0x1180d1550>,<entities.processor.Processor object at 0x1076146d0>
77.5001,0.0,70157,<entities.dtn.DTN object at 0x1180d1550>,<entities.processor.Processor object at 0x1076146d0>
78.5001,0.0,70157,<entities.dtn.DTN object at 0x1180d1550>,<entities.processor.Processor object at 0x1076146d0>
79.5001,0.0,70157,<entities.dtn.DTN object at 0x1180d1550>,<entities.processor.Processor object at 0x1076146d0>
80.5001,0.0,70157,<entities.dtn.DTN object at 0x1180d1550>,<entities.processor.Processor object at 0x1076146d0>
81.5001,0.0,70157,<entities.dtn.DTN object at 0x1180d1550>,<entities.processor.Processor object at 0x1076146d0>
82.5001,0.0,70157,<entities.dtn.DTN object at 0x1180d1550>,<entities.processor.Processor object at 0x1076146d0>
83.5001,0.0,70157,<entities.dtn.DTN object at 0x1180d1550>,<entities.processor.Processor object at 0x1076146d0>
84.5001,0.0,70157,<entities.dtn.DTN object at 0x1180d1550>,<entities.processor.Processor object at 0x1076146d0>
85.5001,0.0,70157,<entities.dtn.DTN object at 0x1180d1550>,<entities.processor.Processor object at 0x1076146d0>
86.5001,0.0,70157,<entities.dtn.DTN object at 0x1180d1550>,<entities.processor.Processor object at 0x1076146d0>
87.5001,0.0,70157,<entities.dtn.DTN object at 0x1180d1550>,<entities.processor.Processor object at 0x1076146d0>
88.5001,0.0,70157,<entities.dtn.DTN object at 0x1180d1550>,<entities.processor.Processor object at 0x1076146d0>
89.5001,0.0,70157,<entities.dtn.DTN object at 0x1180d1550>,<entities.processor.Processor object at 0x1076146d0>
90.5001,0.0,70157,<entities.dtn.DTN object at 0x1180d1550>,<entities.processor.Processor object at 0x1076146d0>
91.5001,0.0,70157,<entities.dtn.DTN object at 0x1180d1550>,<entities.processor.Processor object at 0x1076146d0>
92.5001,0.0,70157,<entities.dtn.DTN object at 0x1180d1550>,<entities.processor.Processor object at 0x1076146d0>
93.5001,0.0,70157,<entities.dtn.DTN object at 0x1180d1550>,<entities.processor.Processor object at 0x1076146d0>
94.5001,0.0,70157,<entities.dtn.DTN object at 0x1180d1550>,<entities.processor.Processor object at 0x1076146d0>
95.5001,0.0,70157,<entities.dtn.DTN object at 0x1180d1550>,<entities.processor.Processor object at 0x1076146d0>
96.5001,0.0,70157,<entities.dtn.DTN object at 0x1180d1550>,<entities.processor.Processor object at 0x1076146d0>
97.5001,0.0,70157,<entities.dtn.DTN object at 0x1180d1550>,<entities.processor.Processor object at 0x1076146d0>
98.5001,0.0,70157,<entities.dtn.DTN object at 0x1180d1550>,<entities.processor.Processor object at 0x1076146d0>
99.5001,0.0,70157,<entities.dtn.DTN object at 0x1180d1550>,<entities.processor.Processor object at 0x1076146d0>
100.5001,0.0,70157,<entities.dtn.DTN object at 0x1180d1550>,<entities.processor.Processor object at 0x1076146d0>
101.5001,0.0,70157,<entities.dtn.DTN object at 0x1180d1550>,<entities.processor.Processor object at 0x1076146d0>
102.5001,0.0,70157,<entities.dtn.DTN object at 0x1180d1550>,<entities.processor.Processor object at 0x1076146d0>
103.5001,0.0,70157,<entities.dtn.DTN object at 0x1180d1550>,<entities.processor.Processor object at 0x1076146d0>
104.5001,0.0,70157,<entities.dtn.DTN object at 0x1180d1550>,<entities.processor.Processor object at 0x1076146d0>
105.5001,0.0,70157,<entities.dtn.DTN object at 0x1180d1550>,<entities.processor.Processor object at 0x1076146d0>
106.5001,0.0,70157,<entities.dtn.DTN object at 0x1180d1550>,<entities.processor.Processor object at 0x1076146d0>
107.5001,0.0,70157,<entities.dtn.DTN object at 0x1180d1550>,<entities.processor.Processor object at 0x1076146d0>
108.5001,0.0,70157,<entities.dtn.DTN object at 0x1180d1550>,<entities.processor.Processor object at 0x1076146d0>
109.5001,0.0,70157,<entities.dtn.DTN object at 0x1180d1550>,<entities.processor.Processor object at 0x1076146d0>
110.5001,0.0,70157,<entities.dtn.DTN object at 0x1180d1550>,<entities.processor.Processor object at 0x1076146d0>
111.5001,0.0,70157,<entities.dtn.DTN object at 0x1180d1550>,<entities.processor.Processor object at 0x1076146d0>
112.5001,0.0,70157,<entities.dtn.DTN object at 0x1180d1550>,<entities.processor.Processor object at 0x1076146d0>
113.5001,0.0,70157,<entities.dtn.DTN object at 0x1180d1550>,<entities.processor.Processor object at 0x1076146d0>
114.5001,0.0,70157,<entities.dtn.DTN object at 0x1180d1550>,<entities.processor.Processor object at 0x1076146d0>
115.5001,0.0,70157,<entities.dtn.DTN object at 0x1180d1550>,<entities.processor.Processor object at 0x1076146d0>
116.5001,0.0,70157,<entities.dtn.DTN object at 0x1180d1550>,<entities.processor.Processor object at 0x1076146d0>
117.5001,0.0,70157,<entities.dtn.DTN object at 0x1180d1550>,<entities.processor.Processor object at 0x1076146d0>
118.5001,0.0,70157,<entities.dtn.DTN object at 0x1180d1550>,<entities.processor.Processor object at 0x1076146d0>
119.5001,0.0,70157,<entities.dtn.DTN object at 0x1180d1550>,<entities.processor.Processor object at 0x1076146d0>
120.5001,0.0,70157,<entities.dtn.DTN object at 0x1180d1550>,<entities.processor.Processor object at 0x1076146d0>
121.5001,0.0,70157,<entities.dtn.DTN object at 0x1180d1550>,<entities.processor.Processor object at 0x1076146d0>
122.5001,0.0,70157,<entities.dtn.DTN object at 0x1180d1550>,<entities.processor.Processor object at 0x1076146d0>
123.5001,0.0,70157,<entities.dtn.DTN object at 0x1180d1550>,<entities.processor.Processor object at 0x1076146d0>
124.5001,0.0,70157,<entities.dtn.DTN object at 0x1180d1550>,<entities.processor.Processor object at 0x1076146d0>
125.5001,0.0,70157,<entities.dtn.DTN object at 0x1180d1550>,<entities.processor.Processor object at 0x1076146d0>
126.5001,0.0,70157,<entities.dtn.DTN object at 0x1180d1550>,<entities.processor.Processor object at 0x1076146d0>
127.5001,0.0,70157,<entities.dtn.DTN object at 0x1180d1550>,<entities.processor.Processor object at 0x1076146d0>
128.5001,0.0,70157,<entities.dtn.DTN object at 0x1180d1550>,<entities.processor.Processor object at 0x1076146d0>
129.5001,0.0,70157,<entities.dtn.DTN object at 0x1180d1550>,<entities.processor.Processor object at 0x1076146d0>
130.5001,0.0,70157,<entities.dtn.DTN object at 0x1180d1550>,<entities.processor.Processor object at 0x1076146d0>
131.5001,0.0,70157,<entities.dtn.DTN object at 0x1180d1550>,<entities.processor.Processor object at 0x1076146d0>
132.5001,0.0,70157,<entities.dtn.DTN object at 0x1180d1550>,<entities.processor.Processor object at 0x1076146d0>
133.5001,0.0,70157,<entities.dtn.DTN object at 0x1180d1550>,<entities.processor.Processor object at 0x1076146d0>
134.5001,0.0,70157,<entities.dtn.DTN object at 0x1180d1550>,<entities.processor.Processor object at 0x1076146d0>
135.5001,0.0,70157,<entities.dtn.DTN object at 0x1180d1550>,<entities.processor.Processor object at 0x1076146d0>
136.5001,0.0,70157,<entities.dtn.DTN object at 0x1180d1550>,<entities.processor.Processor object at 0x1076146d0>
137.5001,0.0,70157,<entities.dtn.DTN object at 0x1180d1550>,<entities.processor.Processor object at 0x1076146d0>
138.5001,0.0,70157,<entities.dtn.DTN object at 0x1180d1550>,<entities.processor.Processor object at 0x1076146d0>
139.5001,0.0,70157,<entities.dtn.DTN object at 0x1180d1550>,<entities.processor.Processor object at 0x1076146d0>
140.5001,0.0,70157,<entities.dtn.DTN object at 0x1180d1550>,<entities.processor.Processor object at 0x1076146d0>
141.5001,0.0,70157,<entities.dtn.DTN object at 0x1180d1550>,<entities.processor.Processor object at 0x1076146d0>
142.5001,0.0,70157,<entities.dtn.DTN object at 0x1180d1550>,<entities.processor.Processor object at 0x1076146d0>
143.5001,0.0,70157,<entities.dtn.DTN object at 0x1180d1550>,<entities.processor.Processor object at 0x1076146d0>
144.5001,0.0,70157,<entities.dtn.DTN object at 0x1180d1550>,<entities.processor.Processor object at 0x1076146d0>
145.5001,0.0,70157,<entities.dtn.DTN object at 0x1180d1550>,<entities.processor.Processor object at 0x1076146d0>
146.5001,0.0,70157,<entities.dtn.DTN object at 0x1180d1550>,<entities.processor.Processor object at 0x1076146d0>
147.5001,0.0,70157,<entities.dtn.DTN object at 0x1180d1550>,<entities.processor.Processor object at 0x1076146d0>
148.5001,0.0,70157,<entities.dtn.DTN object at 0x1180d1550>,<entities.processor.Processor object at 0x1076146d0>
149.5001,0.0,70157,<entities.dtn.DTN object at 0x1180d1550>,<entities.processor.Processor object at 0x1076146d0>
150.5001,0.0,70157,<entities.dtn.DTN object at 0x1180d1550>,<entities.processor.Processor object at 0x1076146d0>
151.5001,0.0,70157,<entities.dtn.DTN object at 0x1180d1550>,<entities.processor.Processor object at 0x1076146d0>
152.5001,0.0,70157,<entities.dtn.DTN object at 0x1180d1550>,<entities.processor.Processor object at 0x1076146d0>
153.5001,0.0,70157,<entities.dtn.DTN object at 0x1180d1550>,<entities.processor.Processor object at 0x1076146d0>
154.5001,0.0,70157,<entities.dtn.DTN object at 0x1180d1550>,<entities.processor.Processor object at 0x1076146d0>
155.5001,0.0,70157,<entities.dtn.DTN object at 0x1180d1550>,<entities.processor.Processor object at 0x1076146d0>
156.5001,0.0,70157,<entities.dtn.DTN object at 0x1180d1550>,<entities.processor.Processor object at 0x1076146d0>
157.5001,0.0,70157,<entities.dtn.DTN object at 0x1180d1550>,<entities.processor.Processor object at 0x1076146d0>
158.5001,0.0,70157,<entities.dtn.DTN object at 0x1180d1550>,<entities.processor.Processor object at 0x1076146d0>
159.5001,0.0,70157,<entities.dtn.DTN object at 0x1180d1550>,<entities.processor.Processor object at 0x1076146d0>
160.5001,0.0,70157,<entities.dtn.DTN object at 0x1180d1550>,<entities.processor.Processor object at 0x1076146d0>
161.5001,0.0,70157,<entities.dtn.DTN object at 0x1180d1550>,<entities.processor.Processor object at 0x1076146d0>
162.5001,0.0,70157,<entities.dtn.DTN object at 0x1180d1550>,<entities.processor.Processor object at 0x1076146d0>
163.5001,0.0,70157,<entities.dtn.DTN object at 0x1180d1550>,<entities.processor.Processor object at 0x1076146d0>
164.5001,0.0,70157,<entities.dtn.DTN object at 0x1180d1550>,<entities.processor.Processor object at 0x1076146d0>
165.5001,0.0,70157,<entities.dtn.DTN object at 0x1180d1550>,<entities.processor.Processor object at 0x1076146d0>
166.5001,0.0,70157,<entities.dtn.DTN object at 0x1180d1550>,<entities.processor.Processor object at 0x1076146d0>
167.5001,0.0,70157,<entities.dtn.DTN object at 0x1180d1550>,<entities.processor.Processor object at 0x1076146d0>
168.5001,0.0,70157,<entities.dtn.DTN object at 0x1180d1550>,<entities.processor.Processor object at 0x1076146d0>
169.5001,0.0,70157,<entities.dtn.DTN object at 0x1180d1550>,<entities.processor.Processor object at 0x1076146d0>
170.5001,0.0,70157,<entities.dtn.DTN object at 0x1180d1550>,<entities.processor.Processor object at 0x1076146d0>
171.5001,0.0,70157,<entities.dtn.DTN object at 0x1180d1550>,<entities.processor.Processor object at 0x1076146d0>
172.5001,0.0,70157,<entities.dtn.DTN object at 0x1180d1550>,<entities.processor.Processor object at 0x1076146d0>
173.5001,0.0,70157,<entities.dtn.DTN object at 0x1180d1550>,<entities.processor.Processor object at 0x1076146d0>
174.5001,0.0,70157,<entities.dtn.DTN object at 0x1180d1550>,<entities.processor.Processor object at 0x1076146d0>
175.5001,0.0,70157,<entities.dtn.DTN object at 0x1180d1550>,<entities.processor.Processor object at 0x1076146d0>
176.5001,0.0,70157,<entities.dtn.DTN object at 0x1180d1550>,<entities.processor.Processor object at 0x1076146d0>
177.5001,0.0,70157,<entities.dtn.DTN object at 0x1180d1550>,<entities.processor.Processor object at 0x1076146d0>
178.5001,0.0,70157,<entities.dtn.DTN object at 0x1180d1550>,<entities.processor.Processor object at 0x1076146d0>
179.5001,0.0,70157,<entities.dtn.DTN object at 0x1180d1550>,<entities.processor.Processor object at 0x1076146d0>
180.5001,0.0,70157,<entities.dtn.DTN object at 0x1180d1550>,<entities.processor.Processor object at 0x1076146d0>
181.5001,0.0,70157,<entities.dtn.DTN object at 0x1180d1550>,<entities.processor.Processor object at 0x1076146d0>
182.5001,0.0,70157,<entities.dtn.DTN object at 0x1180d1550>,<entities.processor.Processor object at 0x1076146d0>
183.5001,0.0,70157,<entities.dtn.DTN object at 0x1180d1550>,<entities.processor.Processor object at 0x1076146d0>
184.5001,0.0,70157,<entities.dtn.DTN object at 0x1180d1550>,<entities.processor.Processor object at 0x1076146d0>
185.5001,0.0,70157,<entities.dtn.DTN object at 0x1180d1550>,<entities.processor.Processor object at 0x1076146d0>
186.5001,0.0,70157,<entities.dtn.DTN object at 0x1180d1550>,<entities.processor.Processor object at 0x1076146d0>
187.5001,0.0,70157,<entities.dtn.DTN object at 0x1180d1550>,<entities.processor.Processor object at 0x1076146d0>
188.5001,0.0,70157,<entities.dtn.DTN object at 0x1180d1550>,<entities.processor.Processor object at 0x1076146d0>
189.5001,0.0,70157,<entities.dtn.DTN object at 0x1180d1550>,<entities.processor.Processor object at 0x1076146d0>
190.5001,0.0,70157,<entities.dtn.DTN object at 0x1180d1550>,<entities.processor.Processor object at 0x1076146d0>
191.5001,0.0,70157,<entities.dtn.DTN object at 0x1180d1550>,<entities.processor.Processor object at 0x1076146d0>
192.5001,0.0,70157,<entities.dtn.DTN object at 0x1180d1550>,<entities.processor.Processor object at 0x1076146d0>
193.5001,0.0,70157,<entities.dtn.DTN object at 0x1180d1550>,<entities.processor.Processor object at 0x1076146d0>
194.5001,0.0,70157,<entities.dtn.DTN object at 0x1180d1550>,<entities.processor.Processor object at 0x1076146d0>
195.5001,0.0,70157,<entities.dtn.DTN object at 0x1180d1550>,<entities.processor.Processor object at 0x1076146d0>
196.5001,0.0,70157,<entities.dtn.DTN object at 0x1180d1550>,<entities.processor.Processor object at 0x1076146d0>
197.5001,0.0,70157,<entities.dtn.DTN object at 0x1180d1550>,<entities.processor.Processor object at 0x1076146d0>
198.5001,0.0,70157,<entities.dtn.DTN object at 0x1180d1550>,<entities.processor.Processor object at 0x1076146d0>
199.5001,0.0,70157,<entities.dtn.DTN object at 0x1180d1550>,<entities.processor.Processor object at 0x1076146d0>
4.0,0.0,61241,<entities.processor.Processor object at 0x1180b7ee0>,<entities.dtn.DTN object at 0x1180d1550>
4.000230000000002,0.0,3816,<entities.dtn.DTN object at 0x1180d1550>,<entities.processor.Processor object at 0x1180b7ee0>
5.000230000000002,0.0,3816,<entities.dtn.DTN object at 0x1180d1550>,<entities.processor.Processor object at 0x1180b7ee0>
6.000230000000002,0.0,3816,<entities.dtn.DTN object at 0x1180d1550>,<entities.processor.Processor object at 0x1180b7ee0>
7.000230000000002,0.0,3816,<entities.dtn.DTN object at 0x1180d1550>,<entities.processor.Processor object at 0x1180b7ee0>
8.000230000000002,0.0,3816,<entities.dtn.DTN object at 0x1180d1550>,<entities.processor.Processor object at 0x1180b7ee0>
9.000230000000002,0.0,3816,<entities.dtn.DTN object at 0x1180d1550>,<entities.processor.Processor object at 0x1180b7ee0>
10.000230000000002,0.0,3816,<entities.dtn.DTN object at 0x1180d1550>,<entities.processor.Processor object at 0x1180b7ee0>
11.000230000000002,0.0,3816,<entities.dtn.DTN object at 0x1180d1550>,<entities.processor.Processor object at 0x1180b7ee0>
12.000230000000002,0.0,3816,<entities.dtn.DTN object at 0x1180d1550>,<entities.processor.Processor object at 0x1180b7ee0>
13.000230000000002,0.0,3816,<entities.dtn.DTN object at 0x1180d1550>,<entities.processor.Processor object at 0x1180b7ee0>
14.000230000000002,0.0,3816,<entities.dtn.DTN object at 0x1180d1550>,<entities.processor.Processor object at 0x1180b7ee0>
15.000230000000002,0.0,3816,<entities.dtn.DTN object at 0x1180d1550>,<entities.processor.Processor object at 0x1180b7ee0>
16.000230000000002,0.0,3816,<entities.dtn.DTN object at 0x1180d1550>,<entities.processor.Processor object at 0x1180b7ee0>
17.000230000000002,0.0,3816,<entities.dtn.DTN object at 0x1180d1550>,<entities.processor.Processor object at 0x1180b7ee0>
18.000230000000002,0.0,3816,<entities.dtn.DTN object at 0x1180d1550>,<entities.processor.Processor object at 0x1180b7ee0>
19.000230000000002,0.0,3816,<entities.dtn.DTN object at 0x1180d1550>,<entities.processor.Processor object at 0x1180b7ee0>
20.000230000000002,0.0,3816,<entities.dtn.DTN object at 0x1180d1550>,<entities.processor.Processor object at 0x1180b7ee0>
21.000230000000002,0.0,3816,<entities.dtn.DTN object at 0x1180d1550>,<entities.processor.Processor object at 0x1180b7ee0>
22.000230000000002,0.0,3816,<entities.dtn.DTN object at 0x1180d1550>,<entities.processor.Processor object at 0x1180b7ee0>
23.000230000000002,0.0,3816,<entities.dtn.DTN object at 0x1180d1550>,<entities.processor.Processor object at 0x1180b7ee0>
24.000230000000002,0.0,3816,<entities.dtn.DTN object at 0x1180d1550>,<entities.processor.Processor object at 0x1180b7ee0>
25.000230000000002,0.0,3816,<entities.dtn.DTN object at 0x1180d1550>,<entities.processor.Processor object at 0x1180b7ee0>
26.000230000000002,0.0,3816,<entities.dtn.DTN object at 0x1180d1550>,<entities.processor.Processor object at 0x1180b7ee0>
27.000230000000002,0.0,3816,<entities.dtn.DTN object at 0x1180d1550>,<entities.processor.Processor object at 0x1180b7ee0>
28.000230000000002,0.0,3816,<entities.dtn.DTN object at 0x1180d1550>,<entities.processor.Processor object at 0x1180b7ee0>
29.000230000000002,0.0,3816,<entities.dtn.DTN object at 0x1180d1550>,<entities.processor.Processor object at 0x1180b7ee0>
30.000230000000002,0.0,3816,<entities.dtn.DTN object at 0x1180d1550>,<entities.processor.Processor object at 0x1180b7ee0>
31.000230000000002,0.0,3816,<entities.dtn.DTN object at 0x1180d1550>,<entities.processor.Processor object at 0x1180b7ee0>
32.00023,0.0,3816,<entities.dtn.DTN object at 0x1180d1550>,<entities.processor.Processor object at 0x1180b7ee0>
33.00023,0.0,3816,<entities.dtn.DTN object at 0x1180d1550>,<entities.processor.Processor object at 0x1180b7ee0>
34.00023,0.0,3816,<entities.dtn.DTN object at 0x1180d1550>,<entities.processor.Processor object at 0x1180b7ee0>
35.00023,0.0,3816,<entities.dtn.DTN object at 0x1180d1550>,<entities.processor.Processor object at 0x1180b7ee0>
36.00023,0.0,3816,<entities.dtn.DTN object at 0x1180d1550>,<entities.processor.Processor object at 0x1180b7ee0>
37.00023,0.0,3816,<entities.dtn.DTN object at 0x1180d1550>,<entities.processor.Processor object at 0x1180b7ee0>
38.00023,0.0,3816,<entities.dtn.DTN object at 0x1180d1550>,<entities.processor.Processor object at 0x1180b7ee0>
39.00023,0.0,3816,<entities.dtn.DTN object at 0x1180d1550>,<entities.processor.Processor object at 0x1180b7ee0>
40.00023,0.0,3816,<entities.dtn.DTN object at 0x1180d1550>,<entities.processor.Processor object at 0x1180b7ee0>
41.00023,0.0,3816,<entities.dtn.DTN object at 0x1180d1550>,<entities.processor.Processor object at 0x1180b7ee0>
42.00023,0.0,3816,<entities.dtn.DTN object at 0x1180d1550>,<entities.processor.Processor object at 0x1180b7ee0>
43.00023,0.0,3816,<entities.dtn.DTN object at 0x1180d1550>,<entities.processor.Processor object at 0x1180b7ee0>
44.00023,0.0,3816,<entities.dtn.DTN object at 0x1180d1550>,<entities.processor.Processor object at 0x1180b7ee0>
45.00023,0.0,3816,<entities.dtn.DTN object at 0x1180d1550>,<entities.processor.Processor object at 0x1180b7ee0>
46.00023,0.0,3816,<entities.dtn.DTN object at 0x1180d1550>,<entities.processor.Processor object at 0x1180b7ee0>
47.00023,0.0,3816,<entities.dtn.DTN object at 0x1180d1550>,<entities.processor.Processor object at 0x1180b7ee0>
48.00023,0.0,3816,<entities.dtn.DTN object at 0x1180d1550>,<entities.processor.Processor object at 0x1180b7ee0>
49.00023,0.0,3816,<entities.dtn.DTN object at 0x1180d1550>,<entities.processor.Processor object at 0x1180b7ee0>
50.00023,0.0,3816,<entities.dtn.DTN object at 0x1180d1550>,<entities.processor.Processor object at 0x1180b7ee0>
51.00023,0.0,3816,<entities.dtn.DTN object at 0x1180d1550>,<entities.processor.Processor object at 0x1180b7ee0>
52.00023,0.0,3816,<entities.dtn.DTN object at 0x1180d1550>,<entities.processor.Processor object at 0x1180b7ee0>
53.00023,0.0,3816,<entities.dtn.DTN object at 0x1180d1550>,<entities.processor.Processor object at 0x1180b7ee0>
54.00023,0.0,3816,<entities.dtn.DTN object at 0x1180d1550>,<entities.processor.Processor object at 0x1180b7ee0>
55.00023,0.0,3816,<entities.dtn.DTN object at 0x1180d1550>,<entities.processor.Processor object at 0x1180b7ee0>
56.00023,0.0,3816,<entities.dtn.DTN object at 0x1180d1550>,<entities.processor.Processor object at 0x1180b7ee0>
57.00023,0.0,3816,<entities.dtn.DTN object at 0x1180d1550>,<entities.processor.Processor object at 0x1180b7ee0>
58.00023,0.0,3816,<entities.dtn.DTN object at 0x1180d1550>,<entities.processor.Processor object at 0x1180b7ee0>
59.00023,0.0,3816,<entities.dtn.DTN object at 0x1180d1550>,<entities.processor.Processor object at 0x1180b7ee0>
60.00023,0.0,3816,<entities.dtn.DTN object at 0x1180d1550>,<entities.processor.Processor object at 0x1180b7ee0>
61.00023,0.0,3816,<entities.dtn.DTN object at 0x1180d1550>,<entities.processor.Processor object at 0x1180b7ee0>
62.00023,0.0,3816,<entities.dtn.DTN object at 0x1180d1550>,<entities.processor.Processor object at 0x1180b7ee0>
63.00023,0.0,3816,<entities.dtn.DTN object at 0x1180d1550>,<entities.processor.Processor object at 0x1180b7ee0>
64.00023,0.0,3816,<entities.dtn.DTN object at 0x1180d1550>,<entities.processor.Processor object at 0x1180b7ee0>
65.00023,0.0,3816,<entities.dtn.DTN object at 0x1180d1550>,<entities.processor.Processor object at 0x1180b7ee0>
66.00023,0.0,3816,<entities.dtn.DTN object at 0x1180d1550>,<entities.processor.Processor object at 0x1180b7ee0>
67.00023,0.0,3816,<entities.dtn.DTN object at 0x1180d1550>,<entities.processor.Processor object at 0x1180b7ee0>
68.00023,0.0,3816,<entities.dtn.DTN object at 0x1180d1550>,<entities.processor.Processor object at 0x1180b7ee0>
69.00023,0.0,3816,<entities.dtn.DTN object at 0x1180d1550>,<entities.processor.Processor object at 0x1180b7ee0>
70.00023,0.0,3816,<entities.dtn.DTN object at 0x1180d1550>,<entities.processor.Processor object at 0x1180b7ee0>
71.00023,0.0,3816,<entities.dtn.DTN object at 0x1180d1550>,<entities.processor.Processor object at 0x1180b7ee0>
72.00023,0.0,3816,<entities.dtn.DTN object at 0x1180d1550>,<entities.processor.Processor object at 0x1180b7ee0>
73.00023,0.0,3816,<entities.dtn.DTN object at 0x1180d1550>,<entities.processor.Processor object at 0x1180b7ee0>
74.00023,0.0,3816,<entities.dtn.DTN object at 0x1180d1550>,<entities.processor.Processor object at 0x1180b7ee0>
75.00023,0.0,3816,<entities.dtn.DTN object at 0x1180d1550>,<entities.processor.Processor object at 0x1180b7ee0>
76.00023,0.0,3816,<entities.dtn.DTN object at 0x1180d1550>,<entities.processor.Processor object at 0x1180b7ee0>
77.00023,0.0,3816,<entities.dtn.DTN object at 0x1180d1550>,<entities.processor.Processor object at 0x1180b7ee0>
78.00023,0.0,3816,<entities.dtn.DTN object at 0x1180d1550>,<entities.processor.Processor object at 0x1180b7ee0>
79.00023,0.0,3816,<entities.dtn.DTN object at 0x1180d1550>,<entities.processor.Processor object at 0x1180b7ee0>
80.00023,0.0,3816,<entities.dtn.DTN object at 0x1180d1550>,<entities.processor.Processor object at 0x1180b7ee0>
81.00023,0.0,3816,<entities.dtn.DTN object at 0x1180d1550>,<entities.processor.Processor object at 0x1180b7ee0>
82.00023,0.0,3816,<entities.dtn.DTN object at 0x1180d1550>,<entities.processor.Processor object at 0x1180b7ee0>
83.00023,0.0,3816,<entities.dtn.DTN object at 0x1180d1550>,<entities.processor.Processor object at 0x1180b7ee0>
84.00023,0.0,3816,<entities.dtn.DTN object at 0x1180d1550>,<entities.processor.Processor object at 0x1180b7ee0>
85.00023,0.0,3816,<entities.dtn.DTN object at 0x1180d1550>,<entities.processor.Processor object at 0x1180b7ee0>
86.00023,0.0,3816,<entities.dtn.DTN object at 0x1180d1550>,<entities.processor.Processor object at 0x1180b7ee0>
87.00023,0.0,3816,<entities.dtn.DTN object at 0x1180d1550>,<entities.processor.Processor object at 0x1180b7ee0>
88.00023,0.0,3816,<entities.dtn.DTN object at 0x1180d1550>,<entities.processor.Processor object at 0x1180b7ee0>
89.00023,0.0,3816,<entities.dtn.DTN object at 0x1180d1550>,<entities.processor.Processor object at 0x1180b7ee0>
90.00023,0.0,3816,<entities.dtn.DTN object at 0x1180d1550>,<entities.processor.Processor object at 0x1180b7ee0>
91.00023,0.0,3816,<entities.dtn.DTN object at 0x1180d1550>,<entities.processor.Processor object at 0x1180b7ee0>
92.00023,0.0,3816,<entities.dtn.DTN object at 0x1180d1550>,<entities.processor.Processor object at 0x1180b7ee0>
93.00023,0.0,3816,<entities.dtn.DTN object at 0x1180d1550>,<entities.processor.Processor object at 0x1180b7ee0>
94.00023,0.0,3816,<entities.dtn.DTN object at 0x1180d1550>,<entities.processor.Processor object at 0x1180b7ee0>
95.00023,0.0,3816,<entities.dtn.DTN object at 0x1180d1550>,<entities.processor.Processor object at 0x1180b7ee0>
96.00023,0.0,3816,<entities.dtn.DTN object at 0x1180d1550>,<entities.processor.Processor object at 0x1180b7ee0>
97.00023,0.0,3816,<entities.dtn.DTN object at 0x1180d1550>,<entities.processor.Processor object at 0x1180b7ee0>
98.00023,0.0,3816,<entities.dtn.DTN object at 0x1180d1550>,<entities.processor.Processor object at 0x1180b7ee0>
99.00023,0.0,3816,<entities.dtn.DTN object at 0x1180d1550>,<entities.processor.Processor object at 0x1180b7ee0>
100.00023,0.0,3816,<entities.dtn.DTN object at 0x1180d1550>,<entities.processor.Processor object at 0x1180b7ee0>
101.00023,0.0,3816,<entities.dtn.DTN object at 0x1180d1550>,<entities.processor.Processor object at 0x1180b7ee0>
102.00023,0.0,3816,<entities.dtn.DTN object at 0x1180d1550>,<entities.processor.Processor object at 0x1180b7ee0>
103.00023,0.0,3816,<entities.dtn.DTN object at 0x1180d1550>,<entities.processor.Processor object at 0x1180b7ee0>
104.00023,0.0,3816,<entities.dtn.DTN object at 0x1180d1550>,<entities.processor.Processor object at 0x1180b7ee0>
105.00023,0.0,3816,<entities.dtn.DTN object at 0x1180d1550>,<entities.processor.Processor object at 0x1180b7ee0>
106.00023,0.0,3816,<entities.dtn.DTN object at 0x1180d1550>,<entities.processor.Processor object at 0x1180b7ee0>
107.00023,0.0,3816,<entities.dtn.DTN object at 0x1180d1550>,<entities.processor.Processor object at 0x1180b7ee0>
108.00023,0.0,3816,<entities.dtn.DTN object at 0x1180d1550>,<entities.processor.Processor object at 0x1180b7ee0>
109.00023,0.0,3816,<entities.dtn.DTN object at 0x1180d1550>,<entities.processor.Processor object at 0x1180b7ee0>
110.00023,0.0,3816,<entities.dtn.DTN object at 0x1180d1550>,<entities.processor.Processor object at 0x1180b7ee0>
111.00023,0.0,3816,<entities.dtn.DTN object at 0x1180d1550>,<entities.processor.Processor object at 0x1180b7ee0>
112.00023,0.0,3816,<entities.dtn.DTN object at 0x1180d1550>,<entities.processor.Processor object at 0x1180b7ee0>
113.00023,0.0,3816,<entities.dtn.DTN object at 0x1180d1550>,<entities.processor.Processor object at 0x1180b7ee0>
114.00023,0.0,3816,<entities.dtn.DTN object at 0x1180d1550>,<entities.processor.Processor object at 0x1180b7ee0>
115.00023,0.0,3816,<entities.dtn.DTN object at 0x1180d1550>,<entities.processor.Processor object at 0x1180b7ee0>
116.00023,0.0,3816,<entities.dtn.DTN object at 0x1180d1550>,<entities.processor.Processor object at 0x1180b7ee0>
117.00023,0.0,3816,<entities.dtn.DTN object at 0x1180d1550>,<entities.processor.Processor object at 0x1180b7ee0>
118.00023,0.0,3816,<entities.dtn.DTN object at 0x1180d1550>,<entities.processor.Processor object at 0x1180b7ee0>
119.00023,0.0,3816,<entities.dtn.DTN object at 0x1180d1550>,<entities.processor.Processor object at 0x1180b7ee0>
120.00023,0.0,3816,<entities.dtn.DTN object at 0x1180d1550>,<entities.processor.Processor object at 0x1180b7ee0>
121.00023,0.0,3816,<entities.dtn.DTN object at 0x1180d1550>,<entities.processor.Processor object at 0x1180b7ee0>
122.00023,0.0,3816,<entities.dtn.DTN object at 0x1180d1550>,<entities.processor.Processor object at 0x1180b7ee0>
123.00023,0.0,3816,<entities.dtn.DTN object at 0x1180d1550>,<entities.processor.Processor object at 0x1180b7ee0>
124.00023,0.0,3816,<entities.dtn.DTN object at 0x1180d1550>,<entities.processor.Processor object at 0x1180b7ee0>
125.00023,0.0,3816,<entities.dtn.DTN object at 0x1180d1550>,<entities.processor.Processor object at 0x1180b7ee0>
126.00023,0.0,3816,<entities.dtn.DTN object at 0x1180d1550>,<entities.processor.Processor object at 0x1180b7ee0>
127.00023,0.0,3816,<entities.dtn.DTN object at 0x1180d1550>,<entities.processor.Processor object at 0x1180b7ee0>
128.00023,0.0,3816,<entities.dtn.DTN object at 0x1180d1550>,<entities.processor.Processor object at 0x1180b7ee0>
129.00023,0.0,3816,<entities.dtn.DTN object at 0x1180d1550>,<entities.processor.Processor object at 0x1180b7ee0>
130.00023,0.0,3816,<entities.dtn.DTN object at 0x1180d1550>,<entities.processor.Processor object at 0x1180b7ee0>
131.00023,0.0,3816,<entities.dtn.DTN object at 0x1180d1550>,<entities.processor.Processor object at 0x1180b7ee0>
132.00023,0.0,3816,<entities.dtn.DTN object at 0x1180d1550>,<entities.processor.Processor object at 0x1180b7ee0>
133.00023,0.0,3816,<entities.dtn.DTN object at 0x1180d1550>,<entities.processor.Processor object at 0x1180b7ee0>
134.00023,0.0,3816,<entities.dtn.DTN object at 0x1180d1550>,<entities.processor.Processor object at 0x1180b7ee0>
135.00023,0.0,3816,<entities.dtn.DTN object at 0x1180d1550>,<entities.processor.Processor object at 0x1180b7ee0>
136.00023,0.0,3816,<entities.dtn.DTN object at 0x1180d1550>,<entities.processor.Processor object at 0x1180b7ee0>
137.00023,0.0,3816,<entities.dtn.DTN object at 0x1180d1550>,<entities.processor.Processor object at 0x1180b7ee0>
138.00023,0.0,3816,<entities.dtn.DTN object at 0x1180d1550>,<entities.processor.Processor object at 0x1180b7ee0>
139.00023,0.0,3816,<entities.dtn.DTN object at 0x1180d1550>,<entities.processor.Processor object at 0x1180b7ee0>
140.00023,0.0,3816,<entities.dtn.DTN object at 0x1180d1550>,<entities.processor.Processor object at 0x1180b7ee0>
141.00023,0.0,3816,<entities.dtn.DTN object at 0x1180d1550>,<entities.processor.Processor object at 0x1180b7ee0>
142.00023,0.0,3816,<entities.dtn.DTN object at 0x1180d1550>,<entities.processor.Processor object at 0x1180b7ee0>
143.00023,0.0,3816,<entities.dtn.DTN object at 0x1180d1550>,<entities.processor.Processor object at 0x1180b7ee0>
144.00023,0.0,3816,<entities.dtn.DTN object at 0x1180d1550>,<entities.processor.Processor object at 0x1180b7ee0>
145.00023,0.0,3816,<entities.dtn.DTN object at 0x1180d1550>,<entities.processor.Processor object at 0x1180b7ee0>
146.00023,0.0,3816,<entities.dtn.DTN object at 0x1180d1550>,<entities.processor.Processor object at 0x1180b7ee0>
147.00023,0.0,3816,<entities.dtn.DTN object at 0x1180d1550>,<entities.processor.Processor object at 0x1180b7ee0>
148.00023,0.0,3816,<entities.dtn.DTN object at 0x1180d1550>,<entities.processor.Processor object at 0x1180b7ee0>
149.00023,0.0,3816,<entities.dtn.DTN object at 0x1180d1550>,<entities.processor.Processor object at 0x1180b7ee0>
150.00023,0.0,3816,<entities.dtn.DTN object at 0x1180d1550>,<entities.processor.Processor object at 0x1180b7ee0>
151.00023,0.0,3816,<entities.dtn.DTN object at 0x1180d1550>,<entities.processor.Processor object at 0x1180b7ee0>
152.00023,0.0,3816,<entities.dtn.DTN object at 0x1180d1550>,<entities.processor.Processor object at 0x1180b7ee0>
153.00023,0.0,3816,<entities.dtn.DTN object at 0x1180d1550>,<entities.processor.Processor object at 0x1180b7ee0>
154.00023,0.0,3816,<entities.dtn.DTN object at 0x1180d1550>,<entities.processor.Processor object at 0x1180b7ee0>
155.00023,0.0,3816,<entities.dtn.DTN object at 0x1180d1550>,<entities.processor.Processor object at 0x1180b7ee0>
156.00023,0.0,3816,<entities.dtn.DTN object at 0x1180d1550>,<entities.processor.Processor object at 0x1180b7ee0>
157.00023,0.0,3816,<entities.dtn.DTN object at 0x1180d1550>,<entities.processor.Processor object at 0x1180b7ee0>
158.00023,0.0,3816,<entities.dtn.DTN object at 0x1180d1550>,<entities.processor.Processor object at 0x1180b7ee0>
159.00023,0.0,3816,<entities.dtn.DTN object at 0x1180d1550>,<entities.processor.Processor object at 0x1180b7ee0>
160.00023,0.0,3816,<entities.dtn.DTN object at 0x1180d1550>,<entities.processor.Processor object at 0x1180b7ee0>
161.00023,0.0,3816,<entities.dtn.DTN object at 0x1180d1550>,<entities.processor.Processor object at 0x1180b7ee0>
162.00023,0.0,3816,<entities.dtn.DTN object at 0x1180d1550>,<entities.processor.Processor object at 0x1180b7ee0>
163.00023,0.0,3816,<entities.dtn.DTN object at 0x1180d1550>,<entities.processor.Processor object at 0x1180b7ee0>
164.00023,0.0,3816,<entities.dtn.DTN object at 0x1180d1550>,<entities.processor.Processor object at 0x1180b7ee0>
165.00023,0.0,3816,<entities.dtn.DTN object at 0x1180d1550>,<entities.processor.Processor object at 0x1180b7ee0>
166.00023,0.0,3816,<entities.dtn.DTN object at 0x1180d1550>,<entities.processor.Processor object at 0x1180b7ee0>
167.00023,0.0,3816,<entities.dtn.DTN object at 0x1180d1550>,<entities.processor.Processor object at 0x1180b7ee0>
168.00023,0.0,3816,<entities.dtn.DTN object at 0x1180d1550>,<entities.processor.Processor object at 0x1180b7ee0>
169.00023,0.0,3816,<entities.dtn.DTN object at 0x1180d1550>,<entities.processor.Processor object at 0x1180b7ee0>
170.00023,0.0,3816,<entities.dtn.DTN object at 0x1180d1550>,<entities.processor.Processor object at 0x1180b7ee0>
171.00023,0.0,3816,<entities.dtn.DTN object at 0x1180d1550>,<entities.processor.Processor object at 0x1180b7ee0>
172.00023,0.0,3816,<entities.dtn.DTN object at 0x1180d1550>,<entities.processor.Processor object at 0x1180b7ee0>
173.00023,0.0,3816,<entities.dtn.DTN object at 0x1180d1550>,<entities.processor.Processor object at 0x1180b7ee0>
174.00023,0.0,3816,<entities.dtn.DTN object at 0x1180d1550>,<entities.processor.Processor object at 0x1180b7ee0>
175.00023,0.0,3816,<entities.dtn.DTN object at 0x1180d1550>,<entities.processor.Processor object at 0x1180b7ee0>
176.00023,0.0,3816,<entities.dtn.DTN object at 0x1180d1550>,<entities.processor.Processor object at 0x1180b7ee0>
177.00023,0.0,3816,<entities.dtn.DTN object at 0x1180d1550>,<entities.processor.Processor object at 0x1180b7ee0>
178.00023,0.0,3816,<entities.dtn.DTN object at 0x1180d1550>,<entities.processor.Processor object at 0x1180b7ee0>
179.00023,0.0,3816,<entities.dtn.DTN object at 0x1180d1550>,<entities.processor.Processor object at 0x1180b7ee0>
180.00023,0.0,3816,<entities.dtn.DTN object at 0x1180d1550>,<entities.processor.Processor object at 0x1180b7ee0>
181.00023,0.0,3816,<entities.dtn.DTN object at 0x1180d1550>,<entities.processor.Processor object at 0x1180b7ee0>
182.00023,0.0,3816,<entities.dtn.DTN object at 0x1180d1550>,<entities.processor.Processor object at 0x1180b7ee0>
183.00023,0.0,3816,<entities.dtn.DTN object at 0x1180d1550>,<entities.processor.Processor object at 0x1180b7ee0>
184.00023,0.0,3816,<entities.dtn.DTN object at 0x1180d1550>,<entities.processor.Processor object at 0x1180b7ee0>
185.00023,0.0,3816,<entities.dtn.DTN object at 0x1180d1550>,<entities.processor.Processor object at 0x1180b7ee0>
186.00023,0.0,3816,<entities.dtn.DTN object at 0x1180d1550>,<entities.processor.Processor object at 0x1180b7ee0>
187.00023,0.0,3816,<entities.dtn.DTN object at 0x1180d1550>,<entities.processor.Processor object at 0x1180b7ee0>
188.00023,0.0,3816,<entities.dtn.DTN object at 0x1180d1550>,<entities.processor.Processor object at 0x1180b7ee0>
189.00023,0.0,3816,<entities.dtn.DTN object at 0x1180d1550>,<entities.processor.Processor object at 0x1180b7ee0>
190.00023,0.0,3816,<entities.dtn.DTN object at 0x1180d1550>,<entities.processor.Processor object at 0x1180b7ee0>
191.00023,0.0,3816,<entities.dtn.DTN object at 0x1180d1550>,<entities.processor.Processor object at 0x1180b7ee0>
192.00023,0.0,3816,<entities.dtn.DTN object at 0x1180d1550>,<entities.processor.Processor object at 0x1180b7ee0>
193.00023,0.0,3816,<entities.dtn.DTN object at 0x1180d1550>,<entities.processor.Processor object at 0x1180b7ee0>
194.00023,0.0,3816,<entities.dtn.DTN object at 0x1180d1550>,<entities.processor.Processor object at 0x1180b7ee0>
195.00023,0.0,3816,<entities.dtn.DTN object at 0x1180d1550>,<entities.processor.Processor object at 0x1180b7ee0>
196.00023,0.0,3816,<entities.dtn.DTN object at 0x1180d1550>,<entities.processor.Processor object at 0x1180b7ee0>
197.00023,0.0,3816,<entities.dtn.DTN object at 0x1180d1550>,<entities.processor.Processor object at 0x1180b7ee0>
198.00023,0.0,3816,<entities.dtn.DTN object at 0x1180d1550>,<entities.processor.Processor object at 0x1180b7ee0>
199.00023,0.0,3816,<entities.dtn.DTN object at 0x1180d1550>,<entities.processor.Processor object at 0x1180b7ee0>
4.5,0.0,83490,<entities.processor.Processor object at 0x1180dc8e0>,<entities.dtn.DTN object at 0x1180d1550>
4.647600000000007,0.0,95848,<entities.dtn.DTN object at 0x1180d1550>,<entities.processor.Processor object at 0x1068b4520>
5.647600000000007,0.0,95848,<entities.dtn.DTN object at 0x1180d1550>,<entities.processor.Processor object at 0x1068b4520>
6.647600000000007,0.0,95848,<entities.dtn.DTN object at 0x1180d1550>,<entities.processor.Processor object at 0x1068b4520>
7.647600000000007,0.0,95848,<entities.dtn.DTN object at 0x1180d1550>,<entities.processor.Processor object at 0x1068b4520>
8.647600000000008,0.0,95848,<entities.dtn.DTN object at 0x1180d1550>,<entities.processor.Processor object at 0x1068b4520>
9.647600000000008,0.0,95848,<entities.dtn.DTN object at 0x1180d1550>,<entities.processor.Processor object at 0x1068b4520>
10.647600000000008,0.0,95848,<entities.dtn.DTN object at 0x1180d1550>,<entities.processor.Processor object at 0x1068b4520>
11.647600000000008,0.0,95848,<entities.dtn.DTN object at 0x1180d1550>,<entities.processor.Processor object at 0x1068b4520>
12.647600000000008,0.0,95848,<entities.dtn.DTN object at 0x1180d1550>,<entities.processor.Processor object at 0x1068b4520>
13.647600000000008,0.0,95848,<entities.dtn.DTN object at 0x1180d1550>,<entities.processor.Processor object at 0x1068b4520>
14.647600000000008,0.0,95848,<entities.dtn.DTN object at 0x1180d1550>,<entities.processor.Processor object at 0x1068b4520>
15.647600000000008,0.0,95848,<entities.dtn.DTN object at 0x1180d1550>,<entities.processor.Processor object at 0x1068b4520>
16.647600000000008,0.0,95848,<entities.dtn.DTN object at 0x1180d1550>,<entities.processor.Processor object at 0x1068b4520>
17.647600000000008,0.0,95848,<entities.dtn.DTN object at 0x1180d1550>,<entities.processor.Processor object at 0x1068b4520>
18.647600000000008,0.0,95848,<entities.dtn.DTN object at 0x1180d1550>,<entities.processor.Processor object at 0x1068b4520>
19.647600000000008,0.0,95848,<entities.dtn.DTN object at 0x1180d1550>,<entities.processor.Processor object at 0x1068b4520>
20.647600000000008,0.0,95848,<entities.dtn.DTN object at 0x1180d1550>,<entities.processor.Processor object at 0x1068b4520>
21.647600000000008,0.0,95848,<entities.dtn.DTN object at 0x1180d1550>,<entities.processor.Processor object at 0x1068b4520>
22.647600000000008,0.0,95848,<entities.dtn.DTN object at 0x1180d1550>,<entities.processor.Processor object at 0x1068b4520>
23.647600000000008,0.0,95848,<entities.dtn.DTN object at 0x1180d1550>,<entities.processor.Processor object at 0x1068b4520>
24.647600000000008,0.0,95848,<entities.dtn.DTN object at 0x1180d1550>,<entities.processor.Processor object at 0x1068b4520>
25.647600000000008,0.0,95848,<entities.dtn.DTN object at 0x1180d1550>,<entities.processor.Processor object at 0x1068b4520>
26.647600000000008,0.0,95848,<entities.dtn.DTN object at 0x1180d1550>,<entities.processor.Processor object at 0x1068b4520>
27.647600000000008,0.0,95848,<entities.dtn.DTN object at 0x1180d1550>,<entities.processor.Processor object at 0x1068b4520>
28.647600000000008,0.0,95848,<entities.dtn.DTN object at 0x1180d1550>,<entities.processor.Processor object at 0x1068b4520>
29.647600000000008,0.0,95848,<entities.dtn.DTN object at 0x1180d1550>,<entities.processor.Processor object at 0x1068b4520>
30.647600000000008,0.0,95848,<entities.dtn.DTN object at 0x1180d1550>,<entities.processor.Processor object at 0x1068b4520>
31.647600000000008,0.0,95848,<entities.dtn.DTN object at 0x1180d1550>,<entities.processor.Processor object at 0x1068b4520>
32.64760000000001,0.0,95848,<entities.dtn.DTN object at 0x1180d1550>,<entities.processor.Processor object at 0x1068b4520>
33.64760000000001,0.0,95848,<entities.dtn.DTN object at 0x1180d1550>,<entities.processor.Processor object at 0x1068b4520>
34.64760000000001,0.0,95848,<entities.dtn.DTN object at 0x1180d1550>,<entities.processor.Processor object at 0x1068b4520>
35.64760000000001,0.0,95848,<entities.dtn.DTN object at 0x1180d1550>,<entities.processor.Processor object at 0x1068b4520>
36.64760000000001,0.0,95848,<entities.dtn.DTN object at 0x1180d1550>,<entities.processor.Processor object at 0x1068b4520>
37.64760000000001,0.0,95848,<entities.dtn.DTN object at 0x1180d1550>,<entities.processor.Processor object at 0x1068b4520>
38.64760000000001,0.0,95848,<entities.dtn.DTN object at 0x1180d1550>,<entities.processor.Processor object at 0x1068b4520>
39.64760000000001,0.0,95848,<entities.dtn.DTN object at 0x1180d1550>,<entities.processor.Processor object at 0x1068b4520>
40.64760000000001,0.0,95848,<entities.dtn.DTN object at 0x1180d1550>,<entities.processor.Processor object at 0x1068b4520>
41.64760000000001,0.0,95848,<entities.dtn.DTN object at 0x1180d1550>,<entities.processor.Processor object at 0x1068b4520>
42.64760000000001,0.0,95848,<entities.dtn.DTN object at 0x1180d1550>,<entities.processor.Processor object at 0x1068b4520>
43.64760000000001,0.0,95848,<entities.dtn.DTN object at 0x1180d1550>,<entities.processor.Processor object at 0x1068b4520>
44.64760000000001,0.0,95848,<entities.dtn.DTN object at 0x1180d1550>,<entities.processor.Processor object at 0x1068b4520>
45.64760000000001,0.0,95848,<entities.dtn.DTN object at 0x1180d1550>,<entities.processor.Processor object at 0x1068b4520>
46.64760000000001,0.0,95848,<entities.dtn.DTN object at 0x1180d1550>,<entities.processor.Processor object at 0x1068b4520>
47.64760000000001,0.0,95848,<entities.dtn.DTN object at 0x1180d1550>,<entities.processor.Processor object at 0x1068b4520>
48.64760000000001,0.0,95848,<entities.dtn.DTN object at 0x1180d1550>,<entities.processor.Processor object at 0x1068b4520>
49.64760000000001,0.0,95848,<entities.dtn.DTN object at 0x1180d1550>,<entities.processor.Processor object at 0x1068b4520>
50.64760000000001,0.0,95848,<entities.dtn.DTN object at 0x1180d1550>,<entities.processor.Processor object at 0x1068b4520>
51.64760000000001,0.0,95848,<entities.dtn.DTN object at 0x1180d1550>,<entities.processor.Processor object at 0x1068b4520>
52.64760000000001,0.0,95848,<entities.dtn.DTN object at 0x1180d1550>,<entities.processor.Processor object at 0x1068b4520>
53.64760000000001,0.0,95848,<entities.dtn.DTN object at 0x1180d1550>,<entities.processor.Processor object at 0x1068b4520>
54.64760000000001,0.0,95848,<entities.dtn.DTN object at 0x1180d1550>,<entities.processor.Processor object at 0x1068b4520>
55.64760000000001,0.0,95848,<entities.dtn.DTN object at 0x1180d1550>,<entities.processor.Processor object at 0x1068b4520>
56.64760000000001,0.0,95848,<entities.dtn.DTN object at 0x1180d1550>,<entities.processor.Processor object at 0x1068b4520>
57.64760000000001,0.0,95848,<entities.dtn.DTN object at 0x1180d1550>,<entities.processor.Processor object at 0x1068b4520>
58.64760000000001,0.0,95848,<entities.dtn.DTN object at 0x1180d1550>,<entities.processor.Processor object at 0x1068b4520>
59.64760000000001,0.0,95848,<entities.dtn.DTN object at 0x1180d1550>,<entities.processor.Processor object at 0x1068b4520>
60.64760000000001,0.0,95848,<entities.dtn.DTN object at 0x1180d1550>,<entities.processor.Processor object at 0x1068b4520>
61.64760000000001,0.0,95848,<entities.dtn.DTN object at 0x1180d1550>,<entities.processor.Processor object at 0x1068b4520>
62.64760000000001,0.0,95848,<entities.dtn.DTN object at 0x1180d1550>,<entities.processor.Processor object at 0x1068b4520>
63.64760000000001,0.0,95848,<entities.dtn.DTN object at 0x1180d1550>,<entities.processor.Processor object at 0x1068b4520>
64.64760000000001,0.0,95848,<entities.dtn.DTN object at 0x1180d1550>,<entities.processor.Processor object at 0x1068b4520>
65.64760000000001,0.0,95848,<entities.dtn.DTN object at 0x1180d1550>,<entities.processor.Processor object at 0x1068b4520>
66.64760000000001,0.0,95848,<entities.dtn.DTN object at 0x1180d1550>,<entities.processor.Processor object at 0x1068b4520>
67.64760000000001,0.0,95848,<entities.dtn.DTN object at 0x1180d1550>,<entities.processor.Processor object at 0x1068b4520>
68.64760000000001,0.0,95848,<entities.dtn.DTN object at 0x1180d1550>,<entities.processor.Processor object at 0x1068b4520>
69.64760000000001,0.0,95848,<entities.dtn.DTN object at 0x1180d1550>,<entities.processor.Processor object at 0x1068b4520>
70.64760000000001,0.0,95848,<entities.dtn.DTN object at 0x1180d1550>,<entities.processor.Processor object at 0x1068b4520>
71.64760000000001,0.0,95848,<entities.dtn.DTN object at 0x1180d1550>,<entities.processor.Processor object at 0x1068b4520>
72.64760000000001,0.0,95848,<entities.dtn.DTN object at 0x1180d1550>,<entities.processor.Processor object at 0x1068b4520>
73.64760000000001,0.0,95848,<entities.dtn.DTN object at 0x1180d1550>,<entities.processor.Processor object at 0x1068b4520>
74.64760000000001,0.0,95848,<entities.dtn.DTN object at 0x1180d1550>,<entities.processor.Processor object at 0x1068b4520>
75.64760000000001,0.0,95848,<entities.dtn.DTN object at 0x1180d1550>,<entities.processor.Processor object at 0x1068b4520>
76.64760000000001,0.0,95848,<entities.dtn.DTN object at 0x1180d1550>,<entities.processor.Processor object at 0x1068b4520>
77.64760000000001,0.0,95848,<entities.dtn.DTN object at 0x1180d1550>,<entities.processor.Processor object at 0x1068b4520>
78.64760000000001,0.0,95848,<entities.dtn.DTN object at 0x1180d1550>,<entities.processor.Processor object at 0x1068b4520>
79.64760000000001,0.0,95848,<entities.dtn.DTN object at 0x1180d1550>,<entities.processor.Processor object at 0x1068b4520>
80.64760000000001,0.0,95848,<entities.dtn.DTN object at 0x1180d1550>,<entities.processor.Processor object at 0x1068b4520>
81.64760000000001,0.0,95848,<entities.dtn.DTN object at 0x1180d1550>,<entities.processor.Processor object at 0x1068b4520>
82.64760000000001,0.0,95848,<entities.dtn.DTN object at 0x1180d1550>,<entities.processor.Processor object at 0x1068b4520>
83.64760000000001,0.0,95848,<entities.dtn.DTN object at 0x1180d1550>,<entities.processor.Processor object at 0x1068b4520>
84.64760000000001,0.0,95848,<entities.dtn.DTN object at 0x1180d1550>,<entities.processor.Processor object at 0x1068b4520>
85.64760000000001,0.0,95848,<entities.dtn.DTN object at 0x1180d1550>,<entities.processor.Processor object at 0x1068b4520>
86.64760000000001,0.0,95848,<entities.dtn.DTN object at 0x1180d1550>,<entities.processor.Processor object at 0x1068b4520>
87.64760000000001,0.0,95848,<entities.dtn.DTN object at 0x1180d1550>,<entities.processor.Processor object at 0x1068b4520>
88.64760000000001,0.0,95848,<entities.dtn.DTN object at 0x1180d1550>,<entities.processor.Processor object at 0x1068b4520>
89.64760000000001,0.0,95848,<entities.dtn.DTN object at 0x1180d1550>,<entities.processor.Processor object at 0x1068b4520>
90.64760000000001,0.0,95848,<entities.dtn.DTN object at 0x1180d1550>,<entities.processor.Processor object at 0x1068b4520>
91.64760000000001,0.0,95848,<entities.dtn.DTN object at 0x1180d1550>,<entities.processor.Processor object at 0x1068b4520>
92.64760000000001,0.0,95848,<entities.dtn.DTN object at 0x1180d1550>,<entities.processor.Processor object at 0x1068b4520>
93.64760000000001,0.0,95848,<entities.dtn.DTN object at 0x1180d1550>,<entities.processor.Processor object at 0x1068b4520>
94.64760000000001,0.0,95848,<entities.dtn.DTN object at 0x1180d1550>,<entities.processor.Processor object at 0x1068b4520>
95.64760000000001,0.0,95848,<entities.dtn.DTN object at 0x1180d1550>,<entities.processor.Processor object at 0x1068b4520>
96.64760000000001,0.0,95848,<entities.dtn.DTN object at 0x1180d1550>,<entities.processor.Processor object at 0x1068b4520>
97.64760000000001,0.0,95848,<entities.dtn.DTN object at 0x1180d1550>,<entities.processor.Processor object at 0x1068b4520>
98.64760000000001,0.0,95848,<entities.dtn.DTN object at 0x1180d1550>,<entities.processor.Processor object at 0x1068b4520>
99.64760000000001,0.0,95848,<entities.dtn.DTN object at 0x1180d1550>,<entities.processor.Processor object at 0x1068b4520>
100.64760000000001,0.0,95848,<entities.dtn.DTN object at 0x1180d1550>,<entities.processor.Processor object at 0x1068b4520>
101.64760000000001,0.0,95848,<entities.dtn.DTN object at 0x1180d1550>,<entities.processor.Processor object at 0x1068b4520>
102.64760000000001,0.0,95848,<entities.dtn.DTN object at 0x1180d1550>,<entities.processor.Processor object at 0x1068b4520>
103.64760000000001,0.0,95848,<entities.dtn.DTN object at 0x1180d1550>,<entities.processor.Processor object at 0x1068b4520>
104.64760000000001,0.0,95848,<entities.dtn.DTN object at 0x1180d1550>,<entities.processor.Processor object at 0x1068b4520>
105.64760000000001,0.0,95848,<entities.dtn.DTN object at 0x1180d1550>,<entities.processor.Processor object at 0x1068b4520>
106.64760000000001,0.0,95848,<entities.dtn.DTN object at 0x1180d1550>,<entities.processor.Processor object at 0x1068b4520>
107.64760000000001,0.0,95848,<entities.dtn.DTN object at 0x1180d1550>,<entities.processor.Processor object at 0x1068b4520>
108.64760000000001,0.0,95848,<entities.dtn.DTN object at 0x1180d1550>,<entities.processor.Processor object at 0x1068b4520>
109.64760000000001,0.0,95848,<entities.dtn.DTN object at 0x1180d1550>,<entities.processor.Processor object at 0x1068b4520>
110.64760000000001,0.0,95848,<entities.dtn.DTN object at 0x1180d1550>,<entities.processor.Processor object at 0x1068b4520>
111.64760000000001,0.0,95848,<entities.dtn.DTN object at 0x1180d1550>,<entities.processor.Processor object at 0x1068b4520>
112.64760000000001,0.0,95848,<entities.dtn.DTN object at 0x1180d1550>,<entities.processor.Processor object at 0x1068b4520>
113.64760000000001,0.0,95848,<entities.dtn.DTN object at 0x1180d1550>,<entities.processor.Processor object at 0x1068b4520>
114.64760000000001,0.0,95848,<entities.dtn.DTN object at 0x1180d1550>,<entities.processor.Processor object at 0x1068b4520>
115.64760000000001,0.0,95848,<entities.dtn.DTN object at 0x1180d1550>,<entities.processor.Processor object at 0x1068b4520>
116.64760000000001,0.0,95848,<entities.dtn.DTN object at 0x1180d1550>,<entities.processor.Processor object at 0x1068b4520>
117.64760000000001,0.0,95848,<entities.dtn.DTN object at 0x1180d1550>,<entities.processor.Processor object at 0x1068b4520>
118.64760000000001,0.0,95848,<entities.dtn.DTN object at 0x1180d1550>,<entities.processor.Processor object at 0x1068b4520>
119.64760000000001,0.0,95848,<entities.dtn.DTN object at 0x1180d1550>,<entities.processor.Processor object at 0x1068b4520>
120.64760000000001,0.0,95848,<entities.dtn.DTN object at 0x1180d1550>,<entities.processor.Processor object at 0x1068b4520>
121.64760000000001,0.0,95848,<entities.dtn.DTN object at 0x1180d1550>,<entities.processor.Processor object at 0x1068b4520>
122.64760000000001,0.0,95848,<entities.dtn.DTN object at 0x1180d1550>,<entities.processor.Processor object at 0x1068b4520>
123.64760000000001,0.0,95848,<entities.dtn.DTN object at 0x1180d1550>,<entities.processor.Processor object at 0x1068b4520>
124.64760000000001,0.0,95848,<entities.dtn.DTN object at 0x1180d1550>,<entities.processor.Processor object at 0x1068b4520>
125.64760000000001,0.0,95848,<entities.dtn.DTN object at 0x1180d1550>,<entities.processor.Processor object at 0x1068b4520>
126.64760000000001,0.0,95848,<entities.dtn.DTN object at 0x1180d1550>,<entities.processor.Processor object at 0x1068b4520>
127.64760000000001,0.0,95848,<entities.dtn.DTN object at 0x1180d1550>,<entities.processor.Processor object at 0x1068b4520>
128.6476,0.0,95848,<entities.dtn.DTN object at 0x1180d1550>,<entities.processor.Processor object at 0x1068b4520>
129.6476,0.0,95848,<entities.dtn.DTN object at 0x1180d1550>,<entities.processor.Processor object at 0x1068b4520>
130.6476,0.0,95848,<entities.dtn.DTN object at 0x1180d1550>,<entities.processor.Processor object at 0x1068b4520>
131.6476,0.0,95848,<entities.dtn.DTN object at 0x1180d1550>,<entities.processor.Processor object at 0x1068b4520>
132.6476,0.0,95848,<entities.dtn.DTN object at 0x1180d1550>,<entities.processor.Processor object at 0x1068b4520>
133.6476,0.0,95848,<entities.dtn.DTN object at 0x1180d1550>,<entities.processor.Processor object at 0x1068b4520>
134.6476,0.0,95848,<entities.dtn.DTN object at 0x1180d1550>,<entities.processor.Processor object at 0x1068b4520>
135.6476,0.0,95848,<entities.dtn.DTN object at 0x1180d1550>,<entities.processor.Processor object at 0x1068b4520>
136.6476,0.0,95848,<entities.dtn.DTN object at 0x1180d1550>,<entities.processor.Processor object at 0x1068b4520>
137.6476,0.0,95848,<entities.dtn.DTN object at 0x1180d1550>,<entities.processor.Processor object at 0x1068b4520>
138.6476,0.0,95848,<entities.dtn.DTN object at 0x1180d1550>,<entities.processor.Processor object at 0x1068b4520>
139.6476,0.0,95848,<entities.dtn.DTN object at 0x1180d1550>,<entities.processor.Processor object at 0x1068b4520>
140.6476,0.0,95848,<entities.dtn.DTN object at 0x1180d1550>,<entities.processor.Processor object at 0x1068b4520>
141.6476,0.0,95848,<entities.dtn.DTN object at 0x1180d1550>,<entities.processor.Processor object at 0x1068b4520>
142.6476,0.0,95848,<entities.dtn.DTN object at 0x1180d1550>,<entities.processor.Processor object at 0x1068b4520>
143.6476,0.0,95848,<entities.dtn.DTN object at 0x1180d1550>,<entities.processor.Processor object at 0x1068b4520>
144.6476,0.0,95848,<entities.dtn.DTN object at 0x1180d1550>,<entities.processor.Processor object at 0x1068b4520>
145.6476,0.0,95848,<entities.dtn.DTN object at 0x1180d1550>,<entities.processor.Processor object at 0x1068b4520>
146.6476,0.0,95848,<entities.dtn.DTN object at 0x1180d1550>,<entities.processor.Processor object at 0x1068b4520>
147.6476,0.0,95848,<entities.dtn.DTN object at 0x1180d1550>,<entities.processor.Processor object at 0x1068b4520>
148.6476,0.0,95848,<entities.dtn.DTN object at 0x1180d1550>,<entities.processor.Processor object at 0x1068b4520>
149.6476,0.0,95848,<entities.dtn.DTN object at 0x1180d1550>,<entities.processor.Processor object at 0x1068b4520>
150.6476,0.0,95848,<entities.dtn.DTN object at 0x1180d1550>,<entities.processor.Processor object at 0x1068b4520>
151.6476,0.0,95848,<entities.dtn.DTN object at 0x1180d1550>,<entities.processor.Processor object at 0x1068b4520>
152.6476,0.0,95848,<entities.dtn.DTN object at 0x1180d1550>,<entities.processor.Processor object at 0x1068b4520>
153.6476,0.0,95848,<entities.dtn.DTN object at 0x1180d1550>,<entities.processor.Processor object at 0x1068b4520>
154.6476,0.0,95848,<entities.dtn.DTN object at 0x1180d1550>,<entities.processor.Processor object at 0x1068b4520>
155.6476,0.0,95848,<entities.dtn.DTN object at 0x1180d1550>,<entities.processor.Processor object at 0x1068b4520>
156.6476,0.0,95848,<entities.dtn.DTN object at 0x1180d1550>,<entities.processor.Processor object at 0x1068b4520>
157.6476,0.0,95848,<entities.dtn.DTN object at 0x1180d1550>,<entities.processor.Processor object at 0x1068b4520>
158.6476,0.0,95848,<entities.dtn.DTN object at 0x1180d1550>,<entities.processor.Processor object at 0x1068b4520>
159.6476,0.0,95848,<entities.dtn.DTN object at 0x1180d1550>,<entities.processor.Processor object at 0x1068b4520>
160.6476,0.0,95848,<entities.dtn.DTN object at 0x1180d1550>,<entities.processor.Processor object at 0x1068b4520>
161.6476,0.0,95848,<entities.dtn.DTN object at 0x1180d1550>,<entities.processor.Processor object at 0x1068b4520>
162.6476,0.0,95848,<entities.dtn.DTN object at 0x1180d1550>,<entities.processor.Processor object at 0x1068b4520>
163.6476,0.0,95848,<entities.dtn.DTN object at 0x1180d1550>,<entities.processor.Processor object at 0x1068b4520>
164.6476,0.0,95848,<entities.dtn.DTN object at 0x1180d1550>,<entities.processor.Processor object at 0x1068b4520>
165.6476,0.0,95848,<entities.dtn.DTN object at 0x1180d1550>,<entities.processor.Processor object at 0x1068b4520>
166.6476,0.0,95848,<entities.dtn.DTN object at 0x1180d1550>,<entities.processor.Processor object at 0x1068b4520>
167.6476,0.0,95848,<entities.dtn.DTN object at 0x1180d1550>,<entities.processor.Processor object at 0x1068b4520>
168.6476,0.0,95848,<entities.dtn.DTN object at 0x1180d1550>,<entities.processor.Processor object at 0x1068b4520>
169.6476,0.0,95848,<entities.dtn.DTN object at 0x1180d1550>,<entities.processor.Processor object at 0x1068b4520>
170.6476,0.0,95848,<entities.dtn.DTN object at 0x1180d1550>,<entities.processor.Processor object at 0x1068b4520>
171.6476,0.0,95848,<entities.dtn.DTN object at 0x1180d1550>,<entities.processor.Processor object at 0x1068b4520>
172.6476,0.0,95848,<entities.dtn.DTN object at 0x1180d1550>,<entities.processor.Processor object at 0x1068b4520>
173.6476,0.0,95848,<entities.dtn.DTN object at 0x1180d1550>,<entities.processor.Processor object at 0x1068b4520>
174.6476,0.0,95848,<entities.dtn.DTN object at 0x1180d1550>,<entities.processor.Processor object at 0x1068b4520>
175.6476,0.0,95848,<entities.dtn.DTN object at 0x1180d1550>,<entities.processor.Processor object at 0x1068b4520>
176.6476,0.0,95848,<entities.dtn.DTN object at 0x1180d1550>,<entities.processor.Processor object at 0x1068b4520>
177.6476,0.0,95848,<entities.dtn.DTN object at 0x1180d1550>,<entities.processor.Processor object at 0x1068b4520>
178.6476,0.0,95848,<entities.dtn.DTN object at 0x1180d1550>,<entities.processor.Processor object at 0x1068b4520>
179.6476,0.0,95848,<entities.dtn.DTN object at 0x1180d1550>,<entities.processor.Processor object at 0x1068b4520>
180.6476,0.0,95848,<entities.dtn.DTN object at 0x1180d1550>,<entities.processor.Processor object at 0x1068b4520>
181.6476,0.0,95848,<entities.dtn.DTN object at 0x1180d1550>,<entities.processor.Processor object at 0x1068b4520>
182.6476,0.0,95848,<entities.dtn.DTN object at 0x1180d1550>,<entities.processor.Processor object at 0x1068b4520>
183.6476,0.0,95848,<entities.dtn.DTN object at 0x1180d1550>,<entities.processor.Processor object at 0x1068b4520>
184.6476,0.0,95848,<entities.dtn.DTN object at 0x1180d1550>,<entities.processor.Processor object at 0x1068b4520>
185.6476,0.0,95848,<entities.dtn.DTN object at 0x1180d1550>,<entities.processor.Processor object at 0x1068b4520>
186.6476,0.0,95848,<entities.dtn.DTN object at 0x1180d1550>,<entities.processor.Processor object at 0x1068b4520>
187.6476,0.0,95848,<entities.dtn.DTN object at 0x1180d1550>,<entities.processor.Processor object at 0x1068b4520>
188.6476,0.0,95848,<entities.dtn.DTN object at 0x1180d1550>,<entities.processor.Processor object at 0x1068b4520>
189.6476,0.0,95848,<entities.dtn.DTN object at 0x1180d1550>,<entities.processor.Processor object at 0x1068b4520>
190.6476,0.0,95848,<entities.dtn.DTN object at 0x1180d1550>,<entities.processor.Processor object at 0x1068b4520>
191.6476,0.0,95848,<entities.dtn.DTN object at 0x1180d1550>,<entities.processor.Processor object at 0x1068b4520>
192.6476,0.0,95848,<entities.dtn.DTN object at 0x1180d1550>,<entities.processor.Processor object at 0x1068b4520>
193.6476,0.0,95848,<entities.dtn.DTN object at 0x1180d1550>,<entities.processor.Processor object at 0x1068b4520>
194.6476,0.0,95848,<entities.dtn.DTN object at 0x1180d1550>,<entities.processor.Processor object at 0x1068b4520>
195.6476,0.0,95848,<entities.dtn.DTN object at 0x1180d1550>,<entities.processor.Processor object at 0x1068b4520>
196.6476,0.0,95848,<entities.dtn.DTN object at 0x1180d1550>,<entities.processor.Processor object at 0x1068b4520>
197.6476,0.0,95848,<entities.dtn.DTN object at 0x1180d1550>,<entities.processor.Processor object at 0x1068b4520>
198.6476,0.0,95848,<entities.dtn.DTN object at 0x1180d1550>,<entities.processor.Processor object at 0x1068b4520>
199.6476,0.0,95848,<entities.dtn.DTN object at 0x1180d1550>,<entities.processor.Processor object at 0x1068b4520>
4.647730000000007,0.0,16845,<entities.dtn.DTN object at 0x1180d1550>,<entities.processor.Processor object at 0x1180dc8e0>
5.647730000000007,0.0,16845,<entities.dtn.DTN object at 0x1180d1550>,<entities.processor.Processor object at 0x1180dc8e0>
6.647730000000007,0.0,16845,<entities.dtn.DTN object at 0x1180d1550>,<entities.processor.Processor object at 0x1180dc8e0>
7.647730000000007,0.0,16845,<entities.dtn.DTN object at 0x1180d1550>,<entities.processor.Processor object at 0x1180dc8e0>
8.647730000000006,0.0,16845,<entities.dtn.DTN object at 0x1180d1550>,<entities.processor.Processor object at 0x1180dc8e0>
9.647730000000006,0.0,16845,<entities.dtn.DTN object at 0x1180d1550>,<entities.processor.Processor object at 0x1180dc8e0>
10.647730000000006,0.0,16845,<entities.dtn.DTN object at 0x1180d1550>,<entities.processor.Processor object at 0x1180dc8e0>
11.647730000000006,0.0,16845,<entities.dtn.DTN object at 0x1180d1550>,<entities.processor.Processor object at 0x1180dc8e0>
12.647730000000006,0.0,16845,<entities.dtn.DTN object at 0x1180d1550>,<entities.processor.Processor object at 0x1180dc8e0>
13.647730000000006,0.0,16845,<entities.dtn.DTN object at 0x1180d1550>,<entities.processor.Processor object at 0x1180dc8e0>
14.647730000000006,0.0,16845,<entities.dtn.DTN object at 0x1180d1550>,<entities.processor.Processor object at 0x1180dc8e0>
15.647730000000006,0.0,16845,<entities.dtn.DTN object at 0x1180d1550>,<entities.processor.Processor object at 0x1180dc8e0>
16.647730000000006,0.0,16845,<entities.dtn.DTN object at 0x1180d1550>,<entities.processor.Processor object at 0x1180dc8e0>
17.647730000000006,0.0,16845,<entities.dtn.DTN object at 0x1180d1550>,<entities.processor.Processor object at 0x1180dc8e0>
18.647730000000006,0.0,16845,<entities.dtn.DTN object at 0x1180d1550>,<entities.processor.Processor object at 0x1180dc8e0>
19.647730000000006,0.0,16845,<entities.dtn.DTN object at 0x1180d1550>,<entities.processor.Processor object at 0x1180dc8e0>
20.647730000000006,0.0,16845,<entities.dtn.DTN object at 0x1180d1550>,<entities.processor.Processor object at 0x1180dc8e0>
21.647730000000006,0.0,16845,<entities.dtn.DTN object at 0x1180d1550>,<entities.processor.Processor object at 0x1180dc8e0>
22.647730000000006,0.0,16845,<entities.dtn.DTN object at 0x1180d1550>,<entities.processor.Processor object at 0x1180dc8e0>
23.647730000000006,0.0,16845,<entities.dtn.DTN object at 0x1180d1550>,<entities.processor.Processor object at 0x1180dc8e0>
24.647730000000006,0.0,16845,<entities.dtn.DTN object at 0x1180d1550>,<entities.processor.Processor object at 0x1180dc8e0>
25.647730000000006,0.0,16845,<entities.dtn.DTN object at 0x1180d1550>,<entities.processor.Processor object at 0x1180dc8e0>
26.647730000000006,0.0,16845,<entities.dtn.DTN object at 0x1180d1550>,<entities.processor.Processor object at 0x1180dc8e0>
27.647730000000006,0.0,16845,<entities.dtn.DTN object at 0x1180d1550>,<entities.processor.Processor object at 0x1180dc8e0>
28.647730000000006,0.0,16845,<entities.dtn.DTN object at 0x1180d1550>,<entities.processor.Processor object at 0x1180dc8e0>
29.647730000000006,0.0,16845,<entities.dtn.DTN object at 0x1180d1550>,<entities.processor.Processor object at 0x1180dc8e0>
30.647730000000006,0.0,16845,<entities.dtn.DTN object at 0x1180d1550>,<entities.processor.Processor object at 0x1180dc8e0>
31.647730000000006,0.0,16845,<entities.dtn.DTN object at 0x1180d1550>,<entities.processor.Processor object at 0x1180dc8e0>
32.64773000000001,0.0,16845,<entities.dtn.DTN object at 0x1180d1550>,<entities.processor.Processor object at 0x1180dc8e0>
33.64773000000001,0.0,16845,<entities.dtn.DTN object at 0x1180d1550>,<entities.processor.Processor object at 0x1180dc8e0>
34.64773000000001,0.0,16845,<entities.dtn.DTN object at 0x1180d1550>,<entities.processor.Processor object at 0x1180dc8e0>
35.64773000000001,0.0,16845,<entities.dtn.DTN object at 0x1180d1550>,<entities.processor.Processor object at 0x1180dc8e0>
36.64773000000001,0.0,16845,<entities.dtn.DTN object at 0x1180d1550>,<entities.processor.Processor object at 0x1180dc8e0>
37.64773000000001,0.0,16845,<entities.dtn.DTN object at 0x1180d1550>,<entities.processor.Processor object at 0x1180dc8e0>
38.64773000000001,0.0,16845,<entities.dtn.DTN object at 0x1180d1550>,<entities.processor.Processor object at 0x1180dc8e0>
39.64773000000001,0.0,16845,<entities.dtn.DTN object at 0x1180d1550>,<entities.processor.Processor object at 0x1180dc8e0>
40.64773000000001,0.0,16845,<entities.dtn.DTN object at 0x1180d1550>,<entities.processor.Processor object at 0x1180dc8e0>
41.64773000000001,0.0,16845,<entities.dtn.DTN object at 0x1180d1550>,<entities.processor.Processor object at 0x1180dc8e0>
42.64773000000001,0.0,16845,<entities.dtn.DTN object at 0x1180d1550>,<entities.processor.Processor object at 0x1180dc8e0>
43.64773000000001,0.0,16845,<entities.dtn.DTN object at 0x1180d1550>,<entities.processor.Processor object at 0x1180dc8e0>
44.64773000000001,0.0,16845,<entities.dtn.DTN object at 0x1180d1550>,<entities.processor.Processor object at 0x1180dc8e0>
45.64773000000001,0.0,16845,<entities.dtn.DTN object at 0x1180d1550>,<entities.processor.Processor object at 0x1180dc8e0>
46.64773000000001,0.0,16845,<entities.dtn.DTN object at 0x1180d1550>,<entities.processor.Processor object at 0x1180dc8e0>
47.64773000000001,0.0,16845,<entities.dtn.DTN object at 0x1180d1550>,<entities.processor.Processor object at 0x1180dc8e0>
48.64773000000001,0.0,16845,<entities.dtn.DTN object at 0x1180d1550>,<entities.processor.Processor object at 0x1180dc8e0>
49.64773000000001,0.0,16845,<entities.dtn.DTN object at 0x1180d1550>,<entities.processor.Processor object at 0x1180dc8e0>
50.64773000000001,0.0,16845,<entities.dtn.DTN object at 0x1180d1550>,<entities.processor.Processor object at 0x1180dc8e0>
51.64773000000001,0.0,16845,<entities.dtn.DTN object at 0x1180d1550>,<entities.processor.Processor object at 0x1180dc8e0>
52.64773000000001,0.0,16845,<entities.dtn.DTN object at 0x1180d1550>,<entities.processor.Processor object at 0x1180dc8e0>
53.64773000000001,0.0,16845,<entities.dtn.DTN object at 0x1180d1550>,<entities.processor.Processor object at 0x1180dc8e0>
54.64773000000001,0.0,16845,<entities.dtn.DTN object at 0x1180d1550>,<entities.processor.Processor object at 0x1180dc8e0>
55.64773000000001,0.0,16845,<entities.dtn.DTN object at 0x1180d1550>,<entities.processor.Processor object at 0x1180dc8e0>
56.64773000000001,0.0,16845,<entities.dtn.DTN object at 0x1180d1550>,<entities.processor.Processor object at 0x1180dc8e0>
57.64773000000001,0.0,16845,<entities.dtn.DTN object at 0x1180d1550>,<entities.processor.Processor object at 0x1180dc8e0>
58.64773000000001,0.0,16845,<entities.dtn.DTN object at 0x1180d1550>,<entities.processor.Processor object at 0x1180dc8e0>
59.64773000000001,0.0,16845,<entities.dtn.DTN object at 0x1180d1550>,<entities.processor.Processor object at 0x1180dc8e0>
60.64773000000001,0.0,16845,<entities.dtn.DTN object at 0x1180d1550>,<entities.processor.Processor object at 0x1180dc8e0>
61.64773000000001,0.0,16845,<entities.dtn.DTN object at 0x1180d1550>,<entities.processor.Processor object at 0x1180dc8e0>
62.64773000000001,0.0,16845,<entities.dtn.DTN object at 0x1180d1550>,<entities.processor.Processor object at 0x1180dc8e0>
63.64773000000001,0.0,16845,<entities.dtn.DTN object at 0x1180d1550>,<entities.processor.Processor object at 0x1180dc8e0>
64.64773000000001,0.0,16845,<entities.dtn.DTN object at 0x1180d1550>,<entities.processor.Processor object at 0x1180dc8e0>
65.64773000000001,0.0,16845,<entities.dtn.DTN object at 0x1180d1550>,<entities.processor.Processor object at 0x1180dc8e0>
66.64773000000001,0.0,16845,<entities.dtn.DTN object at 0x1180d1550>,<entities.processor.Processor object at 0x1180dc8e0>
67.64773000000001,0.0,16845,<entities.dtn.DTN object at 0x1180d1550>,<entities.processor.Processor object at 0x1180dc8e0>
68.64773000000001,0.0,16845,<entities.dtn.DTN object at 0x1180d1550>,<entities.processor.Processor object at 0x1180dc8e0>
69.64773000000001,0.0,16845,<entities.dtn.DTN object at 0x1180d1550>,<entities.processor.Processor object at 0x1180dc8e0>
70.64773000000001,0.0,16845,<entities.dtn.DTN object at 0x1180d1550>,<entities.processor.Processor object at 0x1180dc8e0>
71.64773000000001,0.0,16845,<entities.dtn.DTN object at 0x1180d1550>,<entities.processor.Processor object at 0x1180dc8e0>
72.64773000000001,0.0,16845,<entities.dtn.DTN object at 0x1180d1550>,<entities.processor.Processor object at 0x1180dc8e0>
73.64773000000001,0.0,16845,<entities.dtn.DTN object at 0x1180d1550>,<entities.processor.Processor object at 0x1180dc8e0>
74.64773000000001,0.0,16845,<entities.dtn.DTN object at 0x1180d1550>,<entities.processor.Processor object at 0x1180dc8e0>
75.64773000000001,0.0,16845,<entities.dtn.DTN object at 0x1180d1550>,<entities.processor.Processor object at 0x1180dc8e0>
76.64773000000001,0.0,16845,<entities.dtn.DTN object at 0x1180d1550>,<entities.processor.Processor object at 0x1180dc8e0>
77.64773000000001,0.0,16845,<entities.dtn.DTN object at 0x1180d1550>,<entities.processor.Processor object at 0x1180dc8e0>
78.64773000000001,0.0,16845,<entities.dtn.DTN object at 0x1180d1550>,<entities.processor.Processor object at 0x1180dc8e0>
79.64773000000001,0.0,16845,<entities.dtn.DTN object at 0x1180d1550>,<entities.processor.Processor object at 0x1180dc8e0>
80.64773000000001,0.0,16845,<entities.dtn.DTN object at 0x1180d1550>,<entities.processor.Processor object at 0x1180dc8e0>
81.64773000000001,0.0,16845,<entities.dtn.DTN object at 0x1180d1550>,<entities.processor.Processor object at 0x1180dc8e0>
82.64773000000001,0.0,16845,<entities.dtn.DTN object at 0x1180d1550>,<entities.processor.Processor object at 0x1180dc8e0>
83.64773000000001,0.0,16845,<entities.dtn.DTN object at 0x1180d1550>,<entities.processor.Processor object at 0x1180dc8e0>
84.64773000000001,0.0,16845,<entities.dtn.DTN object at 0x1180d1550>,<entities.processor.Processor object at 0x1180dc8e0>
85.64773000000001,0.0,16845,<entities.dtn.DTN object at 0x1180d1550>,<entities.processor.Processor object at 0x1180dc8e0>
86.64773000000001,0.0,16845,<entities.dtn.DTN object at 0x1180d1550>,<entities.processor.Processor object at 0x1180dc8e0>
87.64773000000001,0.0,16845,<entities.dtn.DTN object at 0x1180d1550>,<entities.processor.Processor object at 0x1180dc8e0>
88.64773000000001,0.0,16845,<entities.dtn.DTN object at 0x1180d1550>,<entities.processor.Processor object at 0x1180dc8e0>
89.64773000000001,0.0,16845,<entities.dtn.DTN object at 0x1180d1550>,<entities.processor.Processor object at 0x1180dc8e0>
90.64773000000001,0.0,16845,<entities.dtn.DTN object at 0x1180d1550>,<entities.processor.Processor object at 0x1180dc8e0>
91.64773000000001,0.0,16845,<entities.dtn.DTN object at 0x1180d1550>,<entities.processor.Processor object at 0x1180dc8e0>
92.64773000000001,0.0,16845,<entities.dtn.DTN object at 0x1180d1550>,<entities.processor.Processor object at 0x1180dc8e0>
93.64773000000001,0.0,16845,<entities.dtn.DTN object at 0x1180d1550>,<entities.processor.Processor object at 0x1180dc8e0>
94.64773000000001,0.0,16845,<entities.dtn.DTN object at 0x1180d1550>,<entities.processor.Processor object at 0x1180dc8e0>
95.64773000000001,0.0,16845,<entities.dtn.DTN object at 0x1180d1550>,<entities.processor.Processor object at 0x1180dc8e0>
96.64773000000001,0.0,16845,<entities.dtn.DTN object at 0x1180d1550>,<entities.processor.Processor object at 0x1180dc8e0>
97.64773000000001,0.0,16845,<entities.dtn.DTN object at 0x1180d1550>,<entities.processor.Processor object at 0x1180dc8e0>
98.64773000000001,0.0,16845,<entities.dtn.DTN object at 0x1180d1550>,<entities.processor.Processor object at 0x1180dc8e0>
99.64773000000001,0.0,16845,<entities.dtn.DTN object at 0x1180d1550>,<entities.processor.Processor object at 0x1180dc8e0>
100.64773000000001,0.0,16845,<entities.dtn.DTN object at 0x1180d1550>,<entities.processor.Processor object at 0x1180dc8e0>
101.64773000000001,0.0,16845,<entities.dtn.DTN object at 0x1180d1550>,<entities.processor.Processor object at 0x1180dc8e0>
102.64773000000001,0.0,16845,<entities.dtn.DTN object at 0x1180d1550>,<entities.processor.Processor object at 0x1180dc8e0>
103.64773000000001,0.0,16845,<entities.dtn.DTN object at 0x1180d1550>,<entities.processor.Processor object at 0x1180dc8e0>
104.64773000000001,0.0,16845,<entities.dtn.DTN object at 0x1180d1550>,<entities.processor.Processor object at 0x1180dc8e0>
105.64773000000001,0.0,16845,<entities.dtn.DTN object at 0x1180d1550>,<entities.processor.Processor object at 0x1180dc8e0>
106.64773000000001,0.0,16845,<entities.dtn.DTN object at 0x1180d1550>,<entities.processor.Processor object at 0x1180dc8e0>
107.64773000000001,0.0,16845,<entities.dtn.DTN object at 0x1180d1550>,<entities.processor.Processor object at 0x1180dc8e0>
108.64773000000001,0.0,16845,<entities.dtn.DTN object at 0x1180d1550>,<entities.processor.Processor object at 0x1180dc8e0>
109.64773000000001,0.0,16845,<entities.dtn.DTN object at 0x1180d1550>,<entities.processor.Processor object at 0x1180dc8e0>
110.64773000000001,0.0,16845,<entities.dtn.DTN object at 0x1180d1550>,<entities.processor.Processor object at 0x1180dc8e0>
111.64773000000001,0.0,16845,<entities.dtn.DTN object at 0x1180d1550>,<entities.processor.Processor object at 0x1180dc8e0>
112.64773000000001,0.0,16845,<entities.dtn.DTN object at 0x1180d1550>,<entities.processor.Processor object at 0x1180dc8e0>
113.64773000000001,0.0,16845,<entities.dtn.DTN object at 0x1180d1550>,<entities.processor.Processor object at 0x1180dc8e0>
114.64773000000001,0.0,16845,<entities.dtn.DTN object at 0x1180d1550>,<entities.processor.Processor object at 0x1180dc8e0>
115.64773000000001,0.0,16845,<entities.dtn.DTN object at 0x1180d1550>,<entities.processor.Processor object at 0x1180dc8e0>
116.64773000000001,0.0,16845,<entities.dtn.DTN object at 0x1180d1550>,<entities.processor.Processor object at 0x1180dc8e0>
117.64773000000001,0.0,16845,<entities.dtn.DTN object at 0x1180d1550>,<entities.processor.Processor object at 0x1180dc8e0>
118.64773000000001,0.0,16845,<entities.dtn.DTN object at 0x1180d1550>,<entities.processor.Processor object at 0x1180dc8e0>
119.64773000000001,0.0,16845,<entities.dtn.DTN object at 0x1180d1550>,<entities.processor.Processor object at 0x1180dc8e0>
120.64773000000001,0.0,16845,<entities.dtn.DTN object at 0x1180d1550>,<entities.processor.Processor object at 0x1180dc8e0>
121.64773000000001,0.0,16845,<entities.dtn.DTN object at 0x1180d1550>,<entities.processor.Processor object at 0x1180dc8e0>
122.64773000000001,0.0,16845,<entities.dtn.DTN object at 0x1180d1550>,<entities.processor.Processor object at 0x1180dc8e0>
123.64773000000001,0.0,16845,<entities.dtn.DTN object at 0x1180d1550>,<entities.processor.Processor object at 0x1180dc8e0>
124.64773000000001,0.0,16845,<entities.dtn.DTN object at 0x1180d1550>,<entities.processor.Processor object at 0x1180dc8e0>
125.64773000000001,0.0,16845,<entities.dtn.DTN object at 0x1180d1550>,<entities.processor.Processor object at 0x1180dc8e0>
126.64773000000001,0.0,16845,<entities.dtn.DTN object at 0x1180d1550>,<entities.processor.Processor object at 0x1180dc8e0>
127.64773000000001,0.0,16845,<entities.dtn.DTN object at 0x1180d1550>,<entities.processor.Processor object at 0x1180dc8e0>
128.64773000000002,0.0,16845,<entities.dtn.DTN object at 0x1180d1550>,<entities.processor.Processor object at 0x1180dc8e0>
129.64773000000002,0.0,16845,<entities.dtn.DTN object at 0x1180d1550>,<entities.processor.Processor object at 0x1180dc8e0>
130.64773000000002,0.0,16845,<entities.dtn.DTN object at 0x1180d1550>,<entities.processor.Processor object at 0x1180dc8e0>
131.64773000000002,0.0,16845,<entities.dtn.DTN object at 0x1180d1550>,<entities.processor.Processor object at 0x1180dc8e0>
132.64773000000002,0.0,16845,<entities.dtn.DTN object at 0x1180d1550>,<entities.processor.Processor object at 0x1180dc8e0>
133.64773000000002,0.0,16845,<entities.dtn.DTN object at 0x1180d1550>,<entities.processor.Processor object at 0x1180dc8e0>
134.64773000000002,0.0,16845,<entities.dtn.DTN object at 0x1180d1550>,<entities.processor.Processor object at 0x1180dc8e0>
135.64773000000002,0.0,16845,<entities.dtn.DTN object at 0x1180d1550>,<entities.processor.Processor object at 0x1180dc8e0>
136.64773000000002,0.0,16845,<entities.dtn.DTN object at 0x1180d1550>,<entities.processor.Processor object at 0x1180dc8e0>
137.64773000000002,0.0,16845,<entities.dtn.DTN object at 0x1180d1550>,<entities.processor.Processor object at 0x1180dc8e0>
138.64773000000002,0.0,16845,<entities.dtn.DTN object at 0x1180d1550>,<entities.processor.Processor object at 0x1180dc8e0>
139.64773000000002,0.0,16845,<entities.dtn.DTN object at 0x1180d1550>,<entities.processor.Processor object at 0x1180dc8e0>
140.64773000000002,0.0,16845,<entities.dtn.DTN object at 0x1180d1550>,<entities.processor.Processor object at 0x1180dc8e0>
141.64773000000002,0.0,16845,<entities.dtn.DTN object at 0x1180d1550>,<entities.processor.Processor object at 0x1180dc8e0>
142.64773000000002,0.0,16845,<entities.dtn.DTN object at 0x1180d1550>,<entities.processor.Processor object at 0x1180dc8e0>
143.64773000000002,0.0,16845,<entities.dtn.DTN object at 0x1180d1550>,<entities.processor.Processor object at 0x1180dc8e0>
144.64773000000002,0.0,16845,<entities.dtn.DTN object at 0x1180d1550>,<entities.processor.Processor object at 0x1180dc8e0>
145.64773000000002,0.0,16845,<entities.dtn.DTN object at 0x1180d1550>,<entities.processor.Processor object at 0x1180dc8e0>
146.64773000000002,0.0,16845,<entities.dtn.DTN object at 0x1180d1550>,<entities.processor.Processor object at 0x1180dc8e0>
147.64773000000002,0.0,16845,<entities.dtn.DTN object at 0x1180d1550>,<entities.processor.Processor object at 0x1180dc8e0>
148.64773000000002,0.0,16845,<entities.dtn.DTN object at 0x1180d1550>,<entities.processor.Processor object at 0x1180dc8e0>
149.64773000000002,0.0,16845,<entities.dtn.DTN object at 0x1180d1550>,<entities.processor.Processor object at 0x1180dc8e0>
150.64773000000002,0.0,16845,<entities.dtn.DTN object at 0x1180d1550>,<entities.processor.Processor object at 0x1180dc8e0>
151.64773000000002,0.0,16845,<entities.dtn.DTN object at 0x1180d1550>,<entities.processor.Processor object at 0x1180dc8e0>
152.64773000000002,0.0,16845,<entities.dtn.DTN object at 0x1180d1550>,<entities.processor.Processor object at 0x1180dc8e0>
153.64773000000002,0.0,16845,<entities.dtn.DTN object at 0x1180d1550>,<entities.processor.Processor object at 0x1180dc8e0>
154.64773000000002,0.0,16845,<entities.dtn.DTN object at 0x1180d1550>,<entities.processor.Processor object at 0x1180dc8e0>
155.64773000000002,0.0,16845,<entities.dtn.DTN object at 0x1180d1550>,<entities.processor.Processor object at 0x1180dc8e0>
156.64773000000002,0.0,16845,<entities.dtn.DTN object at 0x1180d1550>,<entities.processor.Processor object at 0x1180dc8e0>
157.64773000000002,0.0,16845,<entities.dtn.DTN object at 0x1180d1550>,<entities.processor.Processor object at 0x1180dc8e0>
158.64773000000002,0.0,16845,<entities.dtn.DTN object at 0x1180d1550>,<entities.processor.Processor object at 0x1180dc8e0>
159.64773000000002,0.0,16845,<entities.dtn.DTN object at 0x1180d1550>,<entities.processor.Processor object at 0x1180dc8e0>
160.64773000000002,0.0,16845,<entities.dtn.DTN object at 0x1180d1550>,<entities.processor.Processor object at 0x1180dc8e0>
161.64773000000002,0.0,16845,<entities.dtn.DTN object at 0x1180d1550>,<entities.processor.Processor object at 0x1180dc8e0>
162.64773000000002,0.0,16845,<entities.dtn.DTN object at 0x1180d1550>,<entities.processor.Processor object at 0x1180dc8e0>
163.64773000000002,0.0,16845,<entities.dtn.DTN object at 0x1180d1550>,<entities.processor.Processor object at 0x1180dc8e0>
164.64773000000002,0.0,16845,<entities.dtn.DTN object at 0x1180d1550>,<entities.processor.Processor object at 0x1180dc8e0>
165.64773000000002,0.0,16845,<entities.dtn.DTN object at 0x1180d1550>,<entities.processor.Processor object at 0x1180dc8e0>
166.64773000000002,0.0,16845,<entities.dtn.DTN object at 0x1180d1550>,<entities.processor.Processor object at 0x1180dc8e0>
167.64773000000002,0.0,16845,<entities.dtn.DTN object at 0x1180d1550>,<entities.processor.Processor object at 0x1180dc8e0>
168.64773000000002,0.0,16845,<entities.dtn.DTN object at 0x1180d1550>,<entities.processor.Processor object at 0x1180dc8e0>
169.64773000000002,0.0,16845,<entities.dtn.DTN object at 0x1180d1550>,<entities.processor.Processor object at 0x1180dc8e0>
170.64773000000002,0.0,16845,<entities.dtn.DTN object at 0x1180d1550>,<entities.processor.Processor object at 0x1180dc8e0>
171.64773000000002,0.0,16845,<entities.dtn.DTN object at 0x1180d1550>,<entities.processor.Processor object at 0x1180dc8e0>
172.64773000000002,0.0,16845,<entities.dtn.DTN object at 0x1180d1550>,<entities.processor.Processor object at 0x1180dc8e0>
173.64773000000002,0.0,16845,<entities.dtn.DTN object at 0x1180d1550>,<entities.processor.Processor object at 0x1180dc8e0>
174.64773000000002,0.0,16845,<entities.dtn.DTN object at 0x1180d1550>,<entities.processor.Processor object at 0x1180dc8e0>
175.64773000000002,0.0,16845,<entities.dtn.DTN object at 0x1180d1550>,<entities.processor.Processor object at 0x1180dc8e0>
176.64773000000002,0.0,16845,<entities.dtn.DTN object at 0x1180d1550>,<entities.processor.Processor object at 0x1180dc8e0>
177.64773000000002,0.0,16845,<entities.dtn.DTN object at 0x1180d1550>,<entities.processor.Processor object at 0x1180dc8e0>
178.64773000000002,0.0,16845,<entities.dtn.DTN object at 0x1180d1550>,<entities.processor.Processor object at 0x1180dc8e0>
179.64773000000002,0.0,16845,<entities.dtn.DTN object at 0x1180d1550>,<entities.processor.Processor object at 0x1180dc8e0>
180.64773000000002,0.0,16845,<entities.dtn.DTN object at 0x1180d1550>,<entities.processor.Processor object at 0x1180dc8e0>
181.64773000000002,0.0,16845,<entities.dtn.DTN object at 0x1180d1550>,<entities.processor.Processor object at 0x1180dc8e0>
182.64773000000002,0.0,16845,<entities.dtn.DTN object at 0x1180d1550>,<entities.processor.Processor object at 0x1180dc8e0>
183.64773000000002,0.0,16845,<entities.dtn.DTN object at 0x1180d1550>,<entities.processor.Processor object at 0x1180dc8e0>
184.64773000000002,0.0,16845,<entities.dtn.DTN object at 0x1180d1550>,<entities.processor.Processor object at 0x1180dc8e0>
185.64773000000002,0.0,16845,<entities.dtn.DTN object at 0x1180d1550>,<entities.processor.Processor object at 0x1180dc8e0>
186.64773000000002,0.0,16845,<entities.dtn.DTN object at 0x1180d1550>,<entities.processor.Processor object at 0x1180dc8e0>
187.64773000000002,0.0,16845,<entities.dtn.DTN object at 0x1180d1550>,<entities.processor.Processor object at 0x1180dc8e0>
188.64773000000002,0.0,16845,<entities.dtn.DTN object at 0x1180d1550>,<entities.processor.Processor object at 0x1180dc8e0>
189.64773000000002,0.0,16845,<entities.dtn.DTN object at 0x1180d1550>,<entities.processor.Processor object at 0x1180dc8e0>
190.64773000000002,0.0,16845,<entities.dtn.DTN object at 0x1180d1550>,<entities.processor.Processor object at 0x1180dc8e0>
191.64773000000002,0.0,16845,<entities.dtn.DTN object at 0x1180d1550>,<entities.processor.Processor object at 0x1180dc8e0>
192.64773000000002,0.0,16845,<entities.dtn.DTN object at 0x1180d1550>,<entities.processor.Processor object at 0x1180dc8e0>
193.64773000000002,0.0,16845,<entities.dtn.DTN object at 0x1180d1550>,<entities.processor.Processor object at 0x1180dc8e0>
194.64773000000002,0.0,16845,<entities.dtn.DTN object at 0x1180d1550>,<entities.processor.Processor object at 0x1180dc8e0>
195.64773000000002,0.0,16845,<entities.dtn.DTN object at 0x1180d1550>,<entities.processor.Processor object at 0x1180dc8e0>
196.64773000000002,0.0,16845,<entities.dtn.DTN object at 0x1180d1550>,<entities.processor.Processor object at 0x1180dc8e0>
197.64773000000002,0.0,16845,<entities.dtn.DTN object at 0x1180d1550>,<entities.processor.Processor object at 0x1180dc8e0>
198.64773000000002,0.0,16845,<entities.dtn.DTN object at 0x1180d1550>,<entities.processor.Processor object at 0x1180dc8e0>
199.64773000000002,0.0,16845,<entities.dtn.DTN object at 0x1180d1550>,<entities.processor.Processor object at 0x1180dc8e0>
5.0,0.0,66640,<entities.processor.Processor object at 0x1180dca90>,<entities.dtn.DTN object at 0x1180d1550>
5.000230000000002,0.0,56326,<entities.dtn.DTN object at 0x1180d1550>,<entities.processor.Processor object at 0x1180dca90>
6.000230000000002,0.0,56326,<entities.dtn.DTN object at 0x1180d1550>,<entities.processor.Processor object at 0x1180dca90>
7.000230000000002,0.0,56326,<entities.dtn.DTN object at 0x1180d1550>,<entities.processor.Processor object at 0x1180dca90>
8.000230000000002,0.0,56326,<entities.dtn.DTN object at 0x1180d1550>,<entities.processor.Processor object at 0x1180dca90>
9.000230000000002,0.0,56326,<entities.dtn.DTN object at 0x1180d1550>,<entities.processor.Processor object at 0x1180dca90>
10.000230000000002,0.0,56326,<entities.dtn.DTN object at 0x1180d1550>,<entities.processor.Processor object at 0x1180dca90>
11.000230000000002,0.0,56326,<entities.dtn.DTN object at 0x1180d1550>,<entities.processor.Processor object at 0x1180dca90>
12.000230000000002,0.0,56326,<entities.dtn.DTN object at 0x1180d1550>,<entities.processor.Processor object at 0x1180dca90>
13.000230000000002,0.0,56326,<entities.dtn.DTN object at 0x1180d1550>,<entities.processor.Processor object at 0x1180dca90>
14.000230000000002,0.0,56326,<entities.dtn.DTN object at 0x1180d1550>,<entities.processor.Processor object at 0x1180dca90>
15.000230000000002,0.0,56326,<entities.dtn.DTN object at 0x1180d1550>,<entities.processor.Processor object at 0x1180dca90>
16.000230000000002,0.0,56326,<entities.dtn.DTN object at 0x1180d1550>,<entities.processor.Processor object at 0x1180dca90>
17.000230000000002,0.0,56326,<entities.dtn.DTN object at 0x1180d1550>,<entities.processor.Processor object at 0x1180dca90>
18.000230000000002,0.0,56326,<entities.dtn.DTN object at 0x1180d1550>,<entities.processor.Processor object at 0x1180dca90>
19.000230000000002,0.0,56326,<entities.dtn.DTN object at 0x1180d1550>,<entities.processor.Processor object at 0x1180dca90>
20.000230000000002,0.0,56326,<entities.dtn.DTN object at 0x1180d1550>,<entities.processor.Processor object at 0x1180dca90>
21.000230000000002,0.0,56326,<entities.dtn.DTN object at 0x1180d1550>,<entities.processor.Processor object at 0x1180dca90>
22.000230000000002,0.0,56326,<entities.dtn.DTN object at 0x1180d1550>,<entities.processor.Processor object at 0x1180dca90>
23.000230000000002,0.0,56326,<entities.dtn.DTN object at 0x1180d1550>,<entities.processor.Processor object at 0x1180dca90>
24.000230000000002,0.0,56326,<entities.dtn.DTN object at 0x1180d1550>,<entities.processor.Processor object at 0x1180dca90>
25.000230000000002,0.0,56326,<entities.dtn.DTN object at 0x1180d1550>,<entities.processor.Processor object at 0x1180dca90>
26.000230000000002,0.0,56326,<entities.dtn.DTN object at 0x1180d1550>,<entities.processor.Processor object at 0x1180dca90>
27.000230000000002,0.0,56326,<entities.dtn.DTN object at 0x1180d1550>,<entities.processor.Processor object at 0x1180dca90>
28.000230000000002,0.0,56326,<entities.dtn.DTN object at 0x1180d1550>,<entities.processor.Processor object at 0x1180dca90>
29.000230000000002,0.0,56326,<entities.dtn.DTN object at 0x1180d1550>,<entities.processor.Processor object at 0x1180dca90>
30.000230000000002,0.0,56326,<entities.dtn.DTN object at 0x1180d1550>,<entities.processor.Processor object at 0x1180dca90>
31.000230000000002,0.0,56326,<entities.dtn.DTN object at 0x1180d1550>,<entities.processor.Processor object at 0x1180dca90>
32.00023,0.0,56326,<entities.dtn.DTN object at 0x1180d1550>,<entities.processor.Processor object at 0x1180dca90>
33.00023,0.0,56326,<entities.dtn.DTN object at 0x1180d1550>,<entities.processor.Processor object at 0x1180dca90>
34.00023,0.0,56326,<entities.dtn.DTN object at 0x1180d1550>,<entities.processor.Processor object at 0x1180dca90>
35.00023,0.0,56326,<entities.dtn.DTN object at 0x1180d1550>,<entities.processor.Processor object at 0x1180dca90>
36.00023,0.0,56326,<entities.dtn.DTN object at 0x1180d1550>,<entities.processor.Processor object at 0x1180dca90>
37.00023,0.0,56326,<entities.dtn.DTN object at 0x1180d1550>,<entities.processor.Processor object at 0x1180dca90>
38.00023,0.0,56326,<entities.dtn.DTN object at 0x1180d1550>,<entities.processor.Processor object at 0x1180dca90>
39.00023,0.0,56326,<entities.dtn.DTN object at 0x1180d1550>,<entities.processor.Processor object at 0x1180dca90>
40.00023,0.0,56326,<entities.dtn.DTN object at 0x1180d1550>,<entities.processor.Processor object at 0x1180dca90>
41.00023,0.0,56326,<entities.dtn.DTN object at 0x1180d1550>,<entities.processor.Processor object at 0x1180dca90>
42.00023,0.0,56326,<entities.dtn.DTN object at 0x1180d1550>,<entities.processor.Processor object at 0x1180dca90>
43.00023,0.0,56326,<entities.dtn.DTN object at 0x1180d1550>,<entities.processor.Processor object at 0x1180dca90>
44.00023,0.0,56326,<entities.dtn.DTN object at 0x1180d1550>,<entities.processor.Processor object at 0x1180dca90>
45.00023,0.0,56326,<entities.dtn.DTN object at 0x1180d1550>,<entities.processor.Processor object at 0x1180dca90>
46.00023,0.0,56326,<entities.dtn.DTN object at 0x1180d1550>,<entities.processor.Processor object at 0x1180dca90>
47.00023,0.0,56326,<entities.dtn.DTN object at 0x1180d1550>,<entities.processor.Processor object at 0x1180dca90>
48.00023,0.0,56326,<entities.dtn.DTN object at 0x1180d1550>,<entities.processor.Processor object at 0x1180dca90>
49.00023,0.0,56326,<entities.dtn.DTN object at 0x1180d1550>,<entities.processor.Processor object at 0x1180dca90>
50.00023,0.0,56326,<entities.dtn.DTN object at 0x1180d1550>,<entities.processor.Processor object at 0x1180dca90>
51.00023,0.0,56326,<entities.dtn.DTN object at 0x1180d1550>,<entities.processor.Processor object at 0x1180dca90>
52.00023,0.0,56326,<entities.dtn.DTN object at 0x1180d1550>,<entities.processor.Processor object at 0x1180dca90>
53.00023,0.0,56326,<entities.dtn.DTN object at 0x1180d1550>,<entities.processor.Processor object at 0x1180dca90>
54.00023,0.0,56326,<entities.dtn.DTN object at 0x1180d1550>,<entities.processor.Processor object at 0x1180dca90>
55.00023,0.0,56326,<entities.dtn.DTN object at 0x1180d1550>,<entities.processor.Processor object at 0x1180dca90>
56.00023,0.0,56326,<entities.dtn.DTN object at 0x1180d1550>,<entities.processor.Processor object at 0x1180dca90>
57.00023,0.0,56326,<entities.dtn.DTN object at 0x1180d1550>,<entities.processor.Processor object at 0x1180dca90>
58.00023,0.0,56326,<entities.dtn.DTN object at 0x1180d1550>,<entities.processor.Processor object at 0x1180dca90>
59.00023,0.0,56326,<entities.dtn.DTN object at 0x1180d1550>,<entities.processor.Processor object at 0x1180dca90>
60.00023,0.0,56326,<entities.dtn.DTN object at 0x1180d1550>,<entities.processor.Processor object at 0x1180dca90>
61.00023,0.0,56326,<entities.dtn.DTN object at 0x1180d1550>,<entities.processor.Processor object at 0x1180dca90>
62.00023,0.0,56326,<entities.dtn.DTN object at 0x1180d1550>,<entities.processor.Processor object at 0x1180dca90>
63.00023,0.0,56326,<entities.dtn.DTN object at 0x1180d1550>,<entities.processor.Processor object at 0x1180dca90>
64.00023,0.0,56326,<entities.dtn.DTN object at 0x1180d1550>,<entities.processor.Processor object at 0x1180dca90>
65.00023,0.0,56326,<entities.dtn.DTN object at 0x1180d1550>,<entities.processor.Processor object at 0x1180dca90>
66.00023,0.0,56326,<entities.dtn.DTN object at 0x1180d1550>,<entities.processor.Processor object at 0x1180dca90>
67.00023,0.0,56326,<entities.dtn.DTN object at 0x1180d1550>,<entities.processor.Processor object at 0x1180dca90>
68.00023,0.0,56326,<entities.dtn.DTN object at 0x1180d1550>,<entities.processor.Processor object at 0x1180dca90>
69.00023,0.0,56326,<entities.dtn.DTN object at 0x1180d1550>,<entities.processor.Processor object at 0x1180dca90>
70.00023,0.0,56326,<entities.dtn.DTN object at 0x1180d1550>,<entities.processor.Processor object at 0x1180dca90>
71.00023,0.0,56326,<entities.dtn.DTN object at 0x1180d1550>,<entities.processor.Processor object at 0x1180dca90>
72.00023,0.0,56326,<entities.dtn.DTN object at 0x1180d1550>,<entities.processor.Processor object at 0x1180dca90>
73.00023,0.0,56326,<entities.dtn.DTN object at 0x1180d1550>,<entities.processor.Processor object at 0x1180dca90>
74.00023,0.0,56326,<entities.dtn.DTN object at 0x1180d1550>,<entities.processor.Processor object at 0x1180dca90>
75.00023,0.0,56326,<entities.dtn.DTN object at 0x1180d1550>,<entities.processor.Processor object at 0x1180dca90>
76.00023,0.0,56326,<entities.dtn.DTN object at 0x1180d1550>,<entities.processor.Processor object at 0x1180dca90>
77.00023,0.0,56326,<entities.dtn.DTN object at 0x1180d1550>,<entities.processor.Processor object at 0x1180dca90>
78.00023,0.0,56326,<entities.dtn.DTN object at 0x1180d1550>,<entities.processor.Processor object at 0x1180dca90>
79.00023,0.0,56326,<entities.dtn.DTN object at 0x1180d1550>,<entities.processor.Processor object at 0x1180dca90>
80.00023,0.0,56326,<entities.dtn.DTN object at 0x1180d1550>,<entities.processor.Processor object at 0x1180dca90>
81.00023,0.0,56326,<entities.dtn.DTN object at 0x1180d1550>,<entities.processor.Processor object at 0x1180dca90>
82.00023,0.0,56326,<entities.dtn.DTN object at 0x1180d1550>,<entities.processor.Processor object at 0x1180dca90>
83.00023,0.0,56326,<entities.dtn.DTN object at 0x1180d1550>,<entities.processor.Processor object at 0x1180dca90>
84.00023,0.0,56326,<entities.dtn.DTN object at 0x1180d1550>,<entities.processor.Processor object at 0x1180dca90>
85.00023,0.0,56326,<entities.dtn.DTN object at 0x1180d1550>,<entities.processor.Processor object at 0x1180dca90>
86.00023,0.0,56326,<entities.dtn.DTN object at 0x1180d1550>,<entities.processor.Processor object at 0x1180dca90>
87.00023,0.0,56326,<entities.dtn.DTN object at 0x1180d1550>,<entities.processor.Processor object at 0x1180dca90>
88.00023,0.0,56326,<entities.dtn.DTN object at 0x1180d1550>,<entities.processor.Processor object at 0x1180dca90>
89.00023,0.0,56326,<entities.dtn.DTN object at 0x1180d1550>,<entities.processor.Processor object at 0x1180dca90>
90.00023,0.0,56326,<entities.dtn.DTN object at 0x1180d1550>,<entities.processor.Processor object at 0x1180dca90>
91.00023,0.0,56326,<entities.dtn.DTN object at 0x1180d1550>,<entities.processor.Processor object at 0x1180dca90>
92.00023,0.0,56326,<entities.dtn.DTN object at 0x1180d1550>,<entities.processor.Processor object at 0x1180dca90>
93.00023,0.0,56326,<entities.dtn.DTN object at 0x1180d1550>,<entities.processor.Processor object at 0x1180dca90>
94.00023,0.0,56326,<entities.dtn.DTN object at 0x1180d1550>,<entities.processor.Processor object at 0x1180dca90>
95.00023,0.0,56326,<entities.dtn.DTN object at 0x1180d1550>,<entities.processor.Processor object at 0x1180dca90>
96.00023,0.0,56326,<entities.dtn.DTN object at 0x1180d1550>,<entities.processor.Processor object at 0x1180dca90>
97.00023,0.0,56326,<entities.dtn.DTN object at 0x1180d1550>,<entities.processor.Processor object at 0x1180dca90>
98.00023,0.0,56326,<entities.dtn.DTN object at 0x1180d1550>,<entities.processor.Processor object at 0x1180dca90>
99.00023,0.0,56326,<entities.dtn.DTN object at 0x1180d1550>,<entities.processor.Processor object at 0x1180dca90>
100.00023,0.0,56326,<entities.dtn.DTN object at 0x1180d1550>,<entities.processor.Processor object at 0x1180dca90>
101.00023,0.0,56326,<entities.dtn.DTN object at 0x1180d1550>,<entities.processor.Processor object at 0x1180dca90>
102.00023,0.0,56326,<entities.dtn.DTN object at 0x1180d1550>,<entities.processor.Processor object at 0x1180dca90>
103.00023,0.0,56326,<entities.dtn.DTN object at 0x1180d1550>,<entities.processor.Processor object at 0x1180dca90>
104.00023,0.0,56326,<entities.dtn.DTN object at 0x1180d1550>,<entities.processor.Processor object at 0x1180dca90>
105.00023,0.0,56326,<entities.dtn.DTN object at 0x1180d1550>,<entities.processor.Processor object at 0x1180dca90>
106.00023,0.0,56326,<entities.dtn.DTN object at 0x1180d1550>,<entities.processor.Processor object at 0x1180dca90>
107.00023,0.0,56326,<entities.dtn.DTN object at 0x1180d1550>,<entities.processor.Processor object at 0x1180dca90>
108.00023,0.0,56326,<entities.dtn.DTN object at 0x1180d1550>,<entities.processor.Processor object at 0x1180dca90>
109.00023,0.0,56326,<entities.dtn.DTN object at 0x1180d1550>,<entities.processor.Processor object at 0x1180dca90>
110.00023,0.0,56326,<entities.dtn.DTN object at 0x1180d1550>,<entities.processor.Processor object at 0x1180dca90>
111.00023,0.0,56326,<entities.dtn.DTN object at 0x1180d1550>,<entities.processor.Processor object at 0x1180dca90>
112.00023,0.0,56326,<entities.dtn.DTN object at 0x1180d1550>,<entities.processor.Processor object at 0x1180dca90>
113.00023,0.0,56326,<entities.dtn.DTN object at 0x1180d1550>,<entities.processor.Processor object at 0x1180dca90>
114.00023,0.0,56326,<entities.dtn.DTN object at 0x1180d1550>,<entities.processor.Processor object at 0x1180dca90>
115.00023,0.0,56326,<entities.dtn.DTN object at 0x1180d1550>,<entities.processor.Processor object at 0x1180dca90>
116.00023,0.0,56326,<entities.dtn.DTN object at 0x1180d1550>,<entities.processor.Processor object at 0x1180dca90>
117.00023,0.0,56326,<entities.dtn.DTN object at 0x1180d1550>,<entities.processor.Processor object at 0x1180dca90>
118.00023,0.0,56326,<entities.dtn.DTN object at 0x1180d1550>,<entities.processor.Processor object at 0x1180dca90>
119.00023,0.0,56326,<entities.dtn.DTN object at 0x1180d1550>,<entities.processor.Processor object at 0x1180dca90>
120.00023,0.0,56326,<entities.dtn.DTN object at 0x1180d1550>,<entities.processor.Processor object at 0x1180dca90>
121.00023,0.0,56326,<entities.dtn.DTN object at 0x1180d1550>,<entities.processor.Processor object at 0x1180dca90>
122.00023,0.0,56326,<entities.dtn.DTN object at 0x1180d1550>,<entities.processor.Processor object at 0x1180dca90>
123.00023,0.0,56326,<entities.dtn.DTN object at 0x1180d1550>,<entities.processor.Processor object at 0x1180dca90>
124.00023,0.0,56326,<entities.dtn.DTN object at 0x1180d1550>,<entities.processor.Processor object at 0x1180dca90>
125.00023,0.0,56326,<entities.dtn.DTN object at 0x1180d1550>,<entities.processor.Processor object at 0x1180dca90>
126.00023,0.0,56326,<entities.dtn.DTN object at 0x1180d1550>,<entities.processor.Processor object at 0x1180dca90>
127.00023,0.0,56326,<entities.dtn.DTN object at 0x1180d1550>,<entities.processor.Processor object at 0x1180dca90>
128.00023,0.0,56326,<entities.dtn.DTN object at 0x1180d1550>,<entities.processor.Processor object at 0x1180dca90>
129.00023,0.0,56326,<entities.dtn.DTN object at 0x1180d1550>,<entities.processor.Processor object at 0x1180dca90>
130.00023,0.0,56326,<entities.dtn.DTN object at 0x1180d1550>,<entities.processor.Processor object at 0x1180dca90>
131.00023,0.0,56326,<entities.dtn.DTN object at 0x1180d1550>,<entities.processor.Processor object at 0x1180dca90>
132.00023,0.0,56326,<entities.dtn.DTN object at 0x1180d1550>,<entities.processor.Processor object at 0x1180dca90>
133.00023,0.0,56326,<entities.dtn.DTN object at 0x1180d1550>,<entities.processor.Processor object at 0x1180dca90>
134.00023,0.0,56326,<entities.dtn.DTN object at 0x1180d1550>,<entities.processor.Processor object at 0x1180dca90>
135.00023,0.0,56326,<entities.dtn.DTN object at 0x1180d1550>,<entities.processor.Processor object at 0x1180dca90>
136.00023,0.0,56326,<entities.dtn.DTN object at 0x1180d1550>,<entities.processor.Processor object at 0x1180dca90>
137.00023,0.0,56326,<entities.dtn.DTN object at 0x1180d1550>,<entities.processor.Processor object at 0x1180dca90>
138.00023,0.0,56326,<entities.dtn.DTN object at 0x1180d1550>,<entities.processor.Processor object at 0x1180dca90>
139.00023,0.0,56326,<entities.dtn.DTN object at 0x1180d1550>,<entities.processor.Processor object at 0x1180dca90>
140.00023,0.0,56326,<entities.dtn.DTN object at 0x1180d1550>,<entities.processor.Processor object at 0x1180dca90>
141.00023,0.0,56326,<entities.dtn.DTN object at 0x1180d1550>,<entities.processor.Processor object at 0x1180dca90>
142.00023,0.0,56326,<entities.dtn.DTN object at 0x1180d1550>,<entities.processor.Processor object at 0x1180dca90>
143.00023,0.0,56326,<entities.dtn.DTN object at 0x1180d1550>,<entities.processor.Processor object at 0x1180dca90>
144.00023,0.0,56326,<entities.dtn.DTN object at 0x1180d1550>,<entities.processor.Processor object at 0x1180dca90>
145.00023,0.0,56326,<entities.dtn.DTN object at 0x1180d1550>,<entities.processor.Processor object at 0x1180dca90>
146.00023,0.0,56326,<entities.dtn.DTN object at 0x1180d1550>,<entities.processor.Processor object at 0x1180dca90>
147.00023,0.0,56326,<entities.dtn.DTN object at 0x1180d1550>,<entities.processor.Processor object at 0x1180dca90>
148.00023,0.0,56326,<entities.dtn.DTN object at 0x1180d1550>,<entities.processor.Processor object at 0x1180dca90>
149.00023,0.0,56326,<entities.dtn.DTN object at 0x1180d1550>,<entities.processor.Processor object at 0x1180dca90>
150.00023,0.0,56326,<entities.dtn.DTN object at 0x1180d1550>,<entities.processor.Processor object at 0x1180dca90>
151.00023,0.0,56326,<entities.dtn.DTN object at 0x1180d1550>,<entities.processor.Processor object at 0x1180dca90>
152.00023,0.0,56326,<entities.dtn.DTN object at 0x1180d1550>,<entities.processor.Processor object at 0x1180dca90>
153.00023,0.0,56326,<entities.dtn.DTN object at 0x1180d1550>,<entities.processor.Processor object at 0x1180dca90>
154.00023,0.0,56326,<entities.dtn.DTN object at 0x1180d1550>,<entities.processor.Processor object at 0x1180dca90>
155.00023,0.0,56326,<entities.dtn.DTN object at 0x1180d1550>,<entities.processor.Processor object at 0x1180dca90>
156.00023,0.0,56326,<entities.dtn.DTN object at 0x1180d1550>,<entities.processor.Processor object at 0x1180dca90>
157.00023,0.0,56326,<entities.dtn.DTN object at 0x1180d1550>,<entities.processor.Processor object at 0x1180dca90>
158.00023,0.0,56326,<entities.dtn.DTN object at 0x1180d1550>,<entities.processor.Processor object at 0x1180dca90>
159.00023,0.0,56326,<entities.dtn.DTN object at 0x1180d1550>,<entities.processor.Processor object at 0x1180dca90>
160.00023,0.0,56326,<entities.dtn.DTN object at 0x1180d1550>,<entities.processor.Processor object at 0x1180dca90>
161.00023,0.0,56326,<entities.dtn.DTN object at 0x1180d1550>,<entities.processor.Processor object at 0x1180dca90>
162.00023,0.0,56326,<entities.dtn.DTN object at 0x1180d1550>,<entities.processor.Processor object at 0x1180dca90>
163.00023,0.0,56326,<entities.dtn.DTN object at 0x1180d1550>,<entities.processor.Processor object at 0x1180dca90>
164.00023,0.0,56326,<entities.dtn.DTN object at 0x1180d1550>,<entities.processor.Processor object at 0x1180dca90>
165.00023,0.0,56326,<entities.dtn.DTN object at 0x1180d1550>,<entities.processor.Processor object at 0x1180dca90>
166.00023,0.0,56326,<entities.dtn.DTN object at 0x1180d1550>,<entities.processor.Processor object at 0x1180dca90>
167.00023,0.0,56326,<entities.dtn.DTN object at 0x1180d1550>,<entities.processor.Processor object at 0x1180dca90>
168.00023,0.0,56326,<entities.dtn.DTN object at 0x1180d1550>,<entities.processor.Processor object at 0x1180dca90>
169.00023,0.0,56326,<entities.dtn.DTN object at 0x1180d1550>,<entities.processor.Processor object at 0x1180dca90>
170.00023,0.0,56326,<entities.dtn.DTN object at 0x1180d1550>,<entities.processor.Processor object at 0x1180dca90>
171.00023,0.0,56326,<entities.dtn.DTN object at 0x1180d1550>,<entities.processor.Processor object at 0x1180dca90>
172.00023,0.0,56326,<entities.dtn.DTN object at 0x1180d1550>,<entities.processor.Processor object at 0x1180dca90>
173.00023,0.0,56326,<entities.dtn.DTN object at 0x1180d1550>,<entities.processor.Processor object at 0x1180dca90>
174.00023,0.0,56326,<entities.dtn.DTN object at 0x1180d1550>,<entities.processor.Processor object at 0x1180dca90>
175.00023,0.0,56326,<entities.dtn.DTN object at 0x1180d1550>,<entities.processor.Processor object at 0x1180dca90>
176.00023,0.0,56326,<entities.dtn.DTN object at 0x1180d1550>,<entities.processor.Processor object at 0x1180dca90>
177.00023,0.0,56326,<entities.dtn.DTN object at 0x1180d1550>,<entities.processor.Processor object at 0x1180dca90>
178.00023,0.0,56326,<entities.dtn.DTN object at 0x1180d1550>,<entities.processor.Processor object at 0x1180dca90>
179.00023,0.0,56326,<entities.dtn.DTN object at 0x1180d1550>,<entities.processor.Processor object at 0x1180dca90>
180.00023,0.0,56326,<entities.dtn.DTN object at 0x1180d1550>,<entities.processor.Processor object at 0x1180dca90>
181.00023,0.0,56326,<entities.dtn.DTN object at 0x1180d1550>,<entities.processor.Processor object at 0x1180dca90>
182.00023,0.0,56326,<entities.dtn.DTN object at 0x1180d1550>,<entities.processor.Processor object at 0x1180dca90>
183.00023,0.0,56326,<entities.dtn.DTN object at 0x1180d1550>,<entities.processor.Processor object at 0x1180dca90>
184.00023,0.0,56326,<entities.dtn.DTN object at 0x1180d1550>,<entities.processor.Processor object at 0x1180dca90>
185.00023,0.0,56326,<entities.dtn.DTN object at 0x1180d1550>,<entities.processor.Processor object at 0x1180dca90>
186.00023,0.0,56326,<entities.dtn.DTN object at 0x1180d1550>,<entities.processor.Processor object at 0x1180dca90>
187.00023,0.0,56326,<entities.dtn.DTN object at 0x1180d1550>,<entities.processor.Processor object at 0x1180dca90>
188.00023,0.0,56326,<entities.dtn.DTN object at 0x1180d1550>,<entities.processor.Processor object at 0x1180dca90>
189.00023,0.0,56326,<entities.dtn.DTN object at 0x1180d1550>,<entities.processor.Processor object at 0x1180dca90>
190.00023,0.0,56326,<entities.dtn.DTN object at 0x1180d1550>,<entities.processor.Processor object at 0x1180dca90>
191.00023,0.0,56326,<entities.dtn.DTN object at 0x1180d1550>,<entities.processor.Processor object at 0x1180dca90>
192.00023,0.0,56326,<entities.dtn.DTN object at 0x1180d1550>,<entities.processor.Processor object at 0x1180dca90>
193.00023,0.0,56326,<entities.dtn.DTN object at 0x1180d1550>,<entities.processor.Processor object at 0x1180dca90>
194.00023,0.0,56326,<entities.dtn.DTN object at 0x1180d1550>,<entities.processor.Processor object at 0x1180dca90>
195.00023,0.0,56326,<entities.dtn.DTN object at 0x1180d1550>,<entities.processor.Processor object at 0x1180dca90>
196.00023,0.0,56326,<entities.dtn.DTN object at 0x1180d1550>,<entities.processor.Processor object at 0x1180dca90>
197.00023,0.0,56326,<entities.dtn.DTN object at 0x1180d1550>,<entities.processor.Processor object at 0x1180dca90>
198.00023,0.0,56326,<entities.dtn.DTN object at 0x1180d1550>,<entities.processor.Processor object at 0x1180dca90>
199.00023,0.0,56326,<entities.dtn.DTN object at 0x1180d1550>,<entities.processor.Processor object at 0x1180dca90>
6.0,0.0,5525,<entities.processor.Processor object at 0x1180dcd00>,<entities.dtn.DTN object at 0x1180d1550>
7.5,0.0,22456,<entities.processor.Processor object at 0x1180b7c10>,<entities.dtn.DTN object at 0x1180d1550>
7.5003599999999935,0.0,4876,<entities.dtn.DTN object at 0x1180d1550>,<entities.processor.Processor object at 0x1180b7c10>
8.500359999999993,0.0,4876,<entities.dtn.DTN object at 0x1180d1550>,<entities.processor.Processor object at 0x1180b7c10>
9.500359999999993,0.0,4876,<entities.dtn.DTN object at 0x1180d1550>,<entities.processor.Processor object at 0x1180b7c10>
10.500359999999993,0.0,4876,<entities.dtn.DTN object at 0x1180d1550>,<entities.processor.Processor object at 0x1180b7c10>
11.500359999999993,0.0,4876,<entities.dtn.DTN object at 0x1180d1550>,<entities.processor.Processor object at 0x1180b7c10>
12.500359999999993,0.0,4876,<entities.dtn.DTN object at 0x1180d1550>,<entities.processor.Processor object at 0x1180b7c10>
13.500359999999993,0.0,4876,<entities.dtn.DTN object at 0x1180d1550>,<entities.processor.Processor object at 0x1180b7c10>
14.500359999999993,0.0,4876,<entities.dtn.DTN object at 0x1180d1550>,<entities.processor.Processor object at 0x1180b7c10>
15.500359999999993,0.0,4876,<entities.dtn.DTN object at 0x1180d1550>,<entities.processor.Processor object at 0x1180b7c10>
16.500359999999993,0.0,4876,<entities.dtn.DTN object at 0x1180d1550>,<entities.processor.Processor object at 0x1180b7c10>
17.500359999999993,0.0,4876,<entities.dtn.DTN object at 0x1180d1550>,<entities.processor.Processor object at 0x1180b7c10>
18.500359999999993,0.0,4876,<entities.dtn.DTN object at 0x1180d1550>,<entities.processor.Processor object at 0x1180b7c10>
19.500359999999993,0.0,4876,<entities.dtn.DTN object at 0x1180d1550>,<entities.processor.Processor object at 0x1180b7c10>
20.500359999999993,0.0,4876,<entities.dtn.DTN object at 0x1180d1550>,<entities.processor.Processor object at 0x1180b7c10>
21.500359999999993,0.0,4876,<entities.dtn.DTN object at 0x1180d1550>,<entities.processor.Processor object at 0x1180b7c10>
22.500359999999993,0.0,4876,<entities.dtn.DTN object at 0x1180d1550>,<entities.processor.Processor object at 0x1180b7c10>
23.500359999999993,0.0,4876,<entities.dtn.DTN object at 0x1180d1550>,<entities.processor.Processor object at 0x1180b7c10>
24.500359999999993,0.0,4876,<entities.dtn.DTN object at 0x1180d1550>,<entities.processor.Processor object at 0x1180b7c10>
25.500359999999993,0.0,4876,<entities.dtn.DTN object at 0x1180d1550>,<entities.processor.Processor object at 0x1180b7c10>
26.500359999999993,0.0,4876,<entities.dtn.DTN object at 0x1180d1550>,<entities.processor.Processor object at 0x1180b7c10>
27.500359999999993,0.0,4876,<entities.dtn.DTN object at 0x1180d1550>,<entities.processor.Processor object at 0x1180b7c10>
28.500359999999993,0.0,4876,<entities.dtn.DTN object at 0x1180d1550>,<entities.processor.Processor object at 0x1180b7c10>
29.500359999999993,0.0,4876,<entities.dtn.DTN object at 0x1180d1550>,<entities.processor.Processor object at 0x1180b7c10>
30.500359999999993,0.0,4876,<entities.dtn.DTN object at 0x1180d1550>,<entities.processor.Processor object at 0x1180b7c10>
31.500359999999993,0.0,4876,<entities.dtn.DTN object at 0x1180d1550>,<entities.processor.Processor object at 0x1180b7c10>
32.50035999999999,0.0,4876,<entities.dtn.DTN object at 0x1180d1550>,<entities.processor.Processor object at 0x1180b7c10>
33.50035999999999,0.0,4876,<entities.dtn.DTN object at 0x1180d1550>,<entities.processor.Processor object at 0x1180b7c10>
34.50035999999999,0.0,4876,<entities.dtn.DTN object at 0x1180d1550>,<entities.processor.Processor object at 0x1180b7c10>
35.50035999999999,0.0,4876,<entities.dtn.DTN object at 0x1180d1550>,<entities.processor.Processor object at 0x1180b7c10>
36.50035999999999,0.0,4876,<entities.dtn.DTN object at 0x1180d1550>,<entities.processor.Processor object at 0x1180b7c10>
37.50035999999999,0.0,4876,<entities.dtn.DTN object at 0x1180d1550>,<entities.processor.Processor object at 0x1180b7c10>
38.50035999999999,0.0,4876,<entities.dtn.DTN object at 0x1180d1550>,<entities.processor.Processor object at 0x1180b7c10>
39.50035999999999,0.0,4876,<entities.dtn.DTN object at 0x1180d1550>,<entities.processor.Processor object at 0x1180b7c10>
40.50035999999999,0.0,4876,<entities.dtn.DTN object at 0x1180d1550>,<entities.processor.Processor object at 0x1180b7c10>
41.50035999999999,0.0,4876,<entities.dtn.DTN object at 0x1180d1550>,<entities.processor.Processor object at 0x1180b7c10>
42.50035999999999,0.0,4876,<entities.dtn.DTN object at 0x1180d1550>,<entities.processor.Processor object at 0x1180b7c10>
43.50035999999999,0.0,4876,<entities.dtn.DTN object at 0x1180d1550>,<entities.processor.Processor object at 0x1180b7c10>
44.50035999999999,0.0,4876,<entities.dtn.DTN object at 0x1180d1550>,<entities.processor.Processor object at 0x1180b7c10>
45.50035999999999,0.0,4876,<entities.dtn.DTN object at 0x1180d1550>,<entities.processor.Processor object at 0x1180b7c10>
46.50035999999999,0.0,4876,<entities.dtn.DTN object at 0x1180d1550>,<entities.processor.Processor object at 0x1180b7c10>
47.50035999999999,0.0,4876,<entities.dtn.DTN object at 0x1180d1550>,<entities.processor.Processor object at 0x1180b7c10>
48.50035999999999,0.0,4876,<entities.dtn.DTN object at 0x1180d1550>,<entities.processor.Processor object at 0x1180b7c10>
49.50035999999999,0.0,4876,<entities.dtn.DTN object at 0x1180d1550>,<entities.processor.Processor object at 0x1180b7c10>
50.50035999999999,0.0,4876,<entities.dtn.DTN object at 0x1180d1550>,<entities.processor.Processor object at 0x1180b7c10>
51.50035999999999,0.0,4876,<entities.dtn.DTN object at 0x1180d1550>,<entities.processor.Processor object at 0x1180b7c10>
52.50035999999999,0.0,4876,<entities.dtn.DTN object at 0x1180d1550>,<entities.processor.Processor object at 0x1180b7c10>
53.50035999999999,0.0,4876,<entities.dtn.DTN object at 0x1180d1550>,<entities.processor.Processor object at 0x1180b7c10>
54.50035999999999,0.0,4876,<entities.dtn.DTN object at 0x1180d1550>,<entities.processor.Processor object at 0x1180b7c10>
55.50035999999999,0.0,4876,<entities.dtn.DTN object at 0x1180d1550>,<entities.processor.Processor object at 0x1180b7c10>
56.50035999999999,0.0,4876,<entities.dtn.DTN object at 0x1180d1550>,<entities.processor.Processor object at 0x1180b7c10>
57.50035999999999,0.0,4876,<entities.dtn.DTN object at 0x1180d1550>,<entities.processor.Processor object at 0x1180b7c10>
58.50035999999999,0.0,4876,<entities.dtn.DTN object at 0x1180d1550>,<entities.processor.Processor object at 0x1180b7c10>
59.50035999999999,0.0,4876,<entities.dtn.DTN object at 0x1180d1550>,<entities.processor.Processor object at 0x1180b7c10>
60.50035999999999,0.0,4876,<entities.dtn.DTN object at 0x1180d1550>,<entities.processor.Processor object at 0x1180b7c10>
61.50035999999999,0.0,4876,<entities.dtn.DTN object at 0x1180d1550>,<entities.processor.Processor object at 0x1180b7c10>
62.50035999999999,0.0,4876,<entities.dtn.DTN object at 0x1180d1550>,<entities.processor.Processor object at 0x1180b7c10>
63.50035999999999,0.0,4876,<entities.dtn.DTN object at 0x1180d1550>,<entities.processor.Processor object at 0x1180b7c10>
64.50036,0.0,4876,<entities.dtn.DTN object at 0x1180d1550>,<entities.processor.Processor object at 0x1180b7c10>
65.50036,0.0,4876,<entities.dtn.DTN object at 0x1180d1550>,<entities.processor.Processor object at 0x1180b7c10>
66.50036,0.0,4876,<entities.dtn.DTN object at 0x1180d1550>,<entities.processor.Processor object at 0x1180b7c10>
67.50036,0.0,4876,<entities.dtn.DTN object at 0x1180d1550>,<entities.processor.Processor object at 0x1180b7c10>
68.50036,0.0,4876,<entities.dtn.DTN object at 0x1180d1550>,<entities.processor.Processor object at 0x1180b7c10>
69.50036,0.0,4876,<entities.dtn.DTN object at 0x1180d1550>,<entities.processor.Processor object at 0x1180b7c10>
70.50036,0.0,4876,<entities.dtn.DTN object at 0x1180d1550>,<entities.processor.Processor object at 0x1180b7c10>
71.50036,0.0,4876,<entities.dtn.DTN object at 0x1180d1550>,<entities.processor.Processor object at 0x1180b7c10>
72.50036,0.0,4876,<entities.dtn.DTN object at 0x1180d1550>,<entities.processor.Processor object at 0x1180b7c10>
73.50036,0.0,4876,<entities.dtn.DTN object at 0x1180d1550>,<entities.processor.Processor object at 0x1180b7c10>
74.50036,0.0,4876,<entities.dtn.DTN object at 0x1180d1550>,<entities.processor.Processor object at 0x1180b7c10>
75.50036,0.0,4876,<entities.dtn.DTN object at 0x1180d1550>,<entities.processor.Processor object at 0x1180b7c10>
76.50036,0.0,4876,<entities.dtn.DTN object at 0x1180d1550>,<entities.processor.Processor object at 0x1180b7c10>
77.50036,0.0,4876,<entities.dtn.DTN object at 0x1180d1550>,<entities.processor.Processor object at 0x1180b7c10>
78.50036,0.0,4876,<entities.dtn.DTN object at 0x1180d1550>,<entities.processor.Processor object at 0x1180b7c10>
79.50036,0.0,4876,<entities.dtn.DTN object at 0x1180d1550>,<entities.processor.Processor object at 0x1180b7c10>
80.50036,0.0,4876,<entities.dtn.DTN object at 0x1180d1550>,<entities.processor.Processor object at 0x1180b7c10>
81.50036,0.0,4876,<entities.dtn.DTN object at 0x1180d1550>,<entities.processor.Processor object at 0x1180b7c10>
82.50036,0.0,4876,<entities.dtn.DTN object at 0x1180d1550>,<entities.processor.Processor object at 0x1180b7c10>
83.50036,0.0,4876,<entities.dtn.DTN object at 0x1180d1550>,<entities.processor.Processor object at 0x1180b7c10>
84.50036,0.0,4876,<entities.dtn.DTN object at 0x1180d1550>,<entities.processor.Processor object at 0x1180b7c10>
85.50036,0.0,4876,<entities.dtn.DTN object at 0x1180d1550>,<entities.processor.Processor object at 0x1180b7c10>
86.50036,0.0,4876,<entities.dtn.DTN object at 0x1180d1550>,<entities.processor.Processor object at 0x1180b7c10>
87.50036,0.0,4876,<entities.dtn.DTN object at 0x1180d1550>,<entities.processor.Processor object at 0x1180b7c10>
88.50036,0.0,4876,<entities.dtn.DTN object at 0x1180d1550>,<entities.processor.Processor object at 0x1180b7c10>
89.50036,0.0,4876,<entities.dtn.DTN object at 0x1180d1550>,<entities.processor.Processor object at 0x1180b7c10>
90.50036,0.0,4876,<entities.dtn.DTN object at 0x1180d1550>,<entities.processor.Processor object at 0x1180b7c10>
91.50036,0.0,4876,<entities.dtn.DTN object at 0x1180d1550>,<entities.processor.Processor object at 0x1180b7c10>
92.50036,0.0,4876,<entities.dtn.DTN object at 0x1180d1550>,<entities.processor.Processor object at 0x1180b7c10>
93.50036,0.0,4876,<entities.dtn.DTN object at 0x1180d1550>,<entities.processor.Processor object at 0x1180b7c10>
94.50036,0.0,4876,<entities.dtn.DTN object at 0x1180d1550>,<entities.processor.Processor object at 0x1180b7c10>
95.50036,0.0,4876,<entities.dtn.DTN object at 0x1180d1550>,<entities.processor.Processor object at 0x1180b7c10>
96.50036,0.0,4876,<entities.dtn.DTN object at 0x1180d1550>,<entities.processor.Processor object at 0x1180b7c10>
97.50036,0.0,4876,<entities.dtn.DTN object at 0x1180d1550>,<entities.processor.Processor object at 0x1180b7c10>
98.50036,0.0,4876,<entities.dtn.DTN object at 0x1180d1550>,<entities.processor.Processor object at 0x1180b7c10>
99.50036,0.0,4876,<entities.dtn.DTN object at 0x1180d1550>,<entities.processor.Processor object at 0x1180b7c10>
100.50036,0.0,4876,<entities.dtn.DTN object at 0x1180d1550>,<entities.processor.Processor object at 0x1180b7c10>
101.50036,0.0,4876,<entities.dtn.DTN object at 0x1180d1550>,<entities.processor.Processor object at 0x1180b7c10>
102.50036,0.0,4876,<entities.dtn.DTN object at 0x1180d1550>,<entities.processor.Processor object at 0x1180b7c10>
103.50036,0.0,4876,<entities.dtn.DTN object at 0x1180d1550>,<entities.processor.Processor object at 0x1180b7c10>
104.50036,0.0,4876,<entities.dtn.DTN object at 0x1180d1550>,<entities.processor.Processor object at 0x1180b7c10>
105.50036,0.0,4876,<entities.dtn.DTN object at 0x1180d1550>,<entities.processor.Processor object at 0x1180b7c10>
106.50036,0.0,4876,<entities.dtn.DTN object at 0x1180d1550>,<entities.processor.Processor object at 0x1180b7c10>
107.50036,0.0,4876,<entities.dtn.DTN object at 0x1180d1550>,<entities.processor.Processor object at 0x1180b7c10>
108.50036,0.0,4876,<entities.dtn.DTN object at 0x1180d1550>,<entities.processor.Processor object at 0x1180b7c10>
109.50036,0.0,4876,<entities.dtn.DTN object at 0x1180d1550>,<entities.processor.Processor object at 0x1180b7c10>
110.50036,0.0,4876,<entities.dtn.DTN object at 0x1180d1550>,<entities.processor.Processor object at 0x1180b7c10>
111.50036,0.0,4876,<entities.dtn.DTN object at 0x1180d1550>,<entities.processor.Processor object at 0x1180b7c10>
112.50036,0.0,4876,<entities.dtn.DTN object at 0x1180d1550>,<entities.processor.Processor object at 0x1180b7c10>
113.50036,0.0,4876,<entities.dtn.DTN object at 0x1180d1550>,<entities.processor.Processor object at 0x1180b7c10>
114.50036,0.0,4876,<entities.dtn.DTN object at 0x1180d1550>,<entities.processor.Processor object at 0x1180b7c10>
115.50036,0.0,4876,<entities.dtn.DTN object at 0x1180d1550>,<entities.processor.Processor object at 0x1180b7c10>
116.50036,0.0,4876,<entities.dtn.DTN object at 0x1180d1550>,<entities.processor.Processor object at 0x1180b7c10>
117.50036,0.0,4876,<entities.dtn.DTN object at 0x1180d1550>,<entities.processor.Processor object at 0x1180b7c10>
118.50036,0.0,4876,<entities.dtn.DTN object at 0x1180d1550>,<entities.processor.Processor object at 0x1180b7c10>
119.50036,0.0,4876,<entities.dtn.DTN object at 0x1180d1550>,<entities.processor.Processor object at 0x1180b7c10>
120.50036,0.0,4876,<entities.dtn.DTN object at 0x1180d1550>,<entities.processor.Processor object at 0x1180b7c10>
121.50036,0.0,4876,<entities.dtn.DTN object at 0x1180d1550>,<entities.processor.Processor object at 0x1180b7c10>
122.50036,0.0,4876,<entities.dtn.DTN object at 0x1180d1550>,<entities.processor.Processor object at 0x1180b7c10>
123.50036,0.0,4876,<entities.dtn.DTN object at 0x1180d1550>,<entities.processor.Processor object at 0x1180b7c10>
124.50036,0.0,4876,<entities.dtn.DTN object at 0x1180d1550>,<entities.processor.Processor object at 0x1180b7c10>
125.50036,0.0,4876,<entities.dtn.DTN object at 0x1180d1550>,<entities.processor.Processor object at 0x1180b7c10>
126.50036,0.0,4876,<entities.dtn.DTN object at 0x1180d1550>,<entities.processor.Processor object at 0x1180b7c10>
127.50036,0.0,4876,<entities.dtn.DTN object at 0x1180d1550>,<entities.processor.Processor object at 0x1180b7c10>
128.50036,0.0,4876,<entities.dtn.DTN object at 0x1180d1550>,<entities.processor.Processor object at 0x1180b7c10>
129.50036,0.0,4876,<entities.dtn.DTN object at 0x1180d1550>,<entities.processor.Processor object at 0x1180b7c10>
130.50036,0.0,4876,<entities.dtn.DTN object at 0x1180d1550>,<entities.processor.Processor object at 0x1180b7c10>
131.50036,0.0,4876,<entities.dtn.DTN object at 0x1180d1550>,<entities.processor.Processor object at 0x1180b7c10>
132.50036,0.0,4876,<entities.dtn.DTN object at 0x1180d1550>,<entities.processor.Processor object at 0x1180b7c10>
133.50036,0.0,4876,<entities.dtn.DTN object at 0x1180d1550>,<entities.processor.Processor object at 0x1180b7c10>
134.50036,0.0,4876,<entities.dtn.DTN object at 0x1180d1550>,<entities.processor.Processor object at 0x1180b7c10>
135.50036,0.0,4876,<entities.dtn.DTN object at 0x1180d1550>,<entities.processor.Processor object at 0x1180b7c10>
136.50036,0.0,4876,<entities.dtn.DTN object at 0x1180d1550>,<entities.processor.Processor object at 0x1180b7c10>
137.50036,0.0,4876,<entities.dtn.DTN object at 0x1180d1550>,<entities.processor.Processor object at 0x1180b7c10>
138.50036,0.0,4876,<entities.dtn.DTN object at 0x1180d1550>,<entities.processor.Processor object at 0x1180b7c10>
139.50036,0.0,4876,<entities.dtn.DTN object at 0x1180d1550>,<entities.processor.Processor object at 0x1180b7c10>
140.50036,0.0,4876,<entities.dtn.DTN object at 0x1180d1550>,<entities.processor.Processor object at 0x1180b7c10>
141.50036,0.0,4876,<entities.dtn.DTN object at 0x1180d1550>,<entities.processor.Processor object at 0x1180b7c10>
142.50036,0.0,4876,<entities.dtn.DTN object at 0x1180d1550>,<entities.processor.Processor object at 0x1180b7c10>
143.50036,0.0,4876,<entities.dtn.DTN object at 0x1180d1550>,<entities.processor.Processor object at 0x1180b7c10>
144.50036,0.0,4876,<entities.dtn.DTN object at 0x1180d1550>,<entities.processor.Processor object at 0x1180b7c10>
145.50036,0.0,4876,<entities.dtn.DTN object at 0x1180d1550>,<entities.processor.Processor object at 0x1180b7c10>
146.50036,0.0,4876,<entities.dtn.DTN object at 0x1180d1550>,<entities.processor.Processor object at 0x1180b7c10>
147.50036,0.0,4876,<entities.dtn.DTN object at 0x1180d1550>,<entities.processor.Processor object at 0x1180b7c10>
148.50036,0.0,4876,<entities.dtn.DTN object at 0x1180d1550>,<entities.processor.Processor object at 0x1180b7c10>
149.50036,0.0,4876,<entities.dtn.DTN object at 0x1180d1550>,<entities.processor.Processor object at 0x1180b7c10>
150.50036,0.0,4876,<entities.dtn.DTN object at 0x1180d1550>,<entities.processor.Processor object at 0x1180b7c10>
151.50036,0.0,4876,<entities.dtn.DTN object at 0x1180d1550>,<entities.processor.Processor object at 0x1180b7c10>
152.50036,0.0,4876,<entities.dtn.DTN object at 0x1180d1550>,<entities.processor.Processor object at 0x1180b7c10>
153.50036,0.0,4876,<entities.dtn.DTN object at 0x1180d1550>,<entities.processor.Processor object at 0x1180b7c10>
154.50036,0.0,4876,<entities.dtn.DTN object at 0x1180d1550>,<entities.processor.Processor object at 0x1180b7c10>
155.50036,0.0,4876,<entities.dtn.DTN object at 0x1180d1550>,<entities.processor.Processor object at 0x1180b7c10>
156.50036,0.0,4876,<entities.dtn.DTN object at 0x1180d1550>,<entities.processor.Processor object at 0x1180b7c10>
157.50036,0.0,4876,<entities.dtn.DTN object at 0x1180d1550>,<entities.processor.Processor object at 0x1180b7c10>
158.50036,0.0,4876,<entities.dtn.DTN object at 0x1180d1550>,<entities.processor.Processor object at 0x1180b7c10>
159.50036,0.0,4876,<entities.dtn.DTN object at 0x1180d1550>,<entities.processor.Processor object at 0x1180b7c10>
160.50036,0.0,4876,<entities.dtn.DTN object at 0x1180d1550>,<entities.processor.Processor object at 0x1180b7c10>
161.50036,0.0,4876,<entities.dtn.DTN object at 0x1180d1550>,<entities.processor.Processor object at 0x1180b7c10>
162.50036,0.0,4876,<entities.dtn.DTN object at 0x1180d1550>,<entities.processor.Processor object at 0x1180b7c10>
163.50036,0.0,4876,<entities.dtn.DTN object at 0x1180d1550>,<entities.processor.Processor object at 0x1180b7c10>
164.50036,0.0,4876,<entities.dtn.DTN object at 0x1180d1550>,<entities.processor.Processor object at 0x1180b7c10>
165.50036,0.0,4876,<entities.dtn.DTN object at 0x1180d1550>,<entities.processor.Processor object at 0x1180b7c10>
166.50036,0.0,4876,<entities.dtn.DTN object at 0x1180d1550>,<entities.processor.Processor object at 0x1180b7c10>
167.50036,0.0,4876,<entities.dtn.DTN object at 0x1180d1550>,<entities.processor.Processor object at 0x1180b7c10>
168.50036,0.0,4876,<entities.dtn.DTN object at 0x1180d1550>,<entities.processor.Processor object at 0x1180b7c10>
169.50036,0.0,4876,<entities.dtn.DTN object at 0x1180d1550>,<entities.processor.Processor object at 0x1180b7c10>
170.50036,0.0,4876,<entities.dtn.DTN object at 0x1180d1550>,<entities.processor.Processor object at 0x1180b7c10>
171.50036,0.0,4876,<entities.dtn.DTN object at 0x1180d1550>,<entities.processor.Processor object at 0x1180b7c10>
172.50036,0.0,4876,<entities.dtn.DTN object at 0x1180d1550>,<entities.processor.Processor object at 0x1180b7c10>
173.50036,0.0,4876,<entities.dtn.DTN object at 0x1180d1550>,<entities.processor.Processor object at 0x1180b7c10>
174.50036,0.0,4876,<entities.dtn.DTN object at 0x1180d1550>,<entities.processor.Processor object at 0x1180b7c10>
175.50036,0.0,4876,<entities.dtn.DTN object at 0x1180d1550>,<entities.processor.Processor object at 0x1180b7c10>
176.50036,0.0,4876,<entities.dtn.DTN object at 0x1180d1550>,<entities.processor.Processor object at 0x1180b7c10>
177.50036,0.0,4876,<entities.dtn.DTN object at 0x1180d1550>,<entities.processor.Processor object at 0x1180b7c10>
178.50036,0.0,4876,<entities.dtn.DTN object at 0x1180d1550>,<entities.processor.Processor object at 0x1180b7c10>
179.50036,0.0,4876,<entities.dtn.DTN object at 0x1180d1550>,<entities.processor.Processor object at 0x1180b7c10>
180.50036,0.0,4876,<entities.dtn.DTN object at 0x1180d1550>,<entities.processor.Processor object at 0x1180b7c10>
181.50036,0.0,4876,<entities.dtn.DTN object at 0x1180d1550>,<entities.processor.Processor object at 0x1180b7c10>
182.50036,0.0,4876,<entities.dtn.DTN object at 0x1180d1550>,<entities.processor.Processor object at 0x1180b7c10>
183.50036,0.0,4876,<entities.dtn.DTN object at 0x1180d1550>,<entities.processor.Processor object at 0x1180b7c10>
184.50036,0.0,4876,<entities.dtn.DTN object at 0x1180d1550>,<entities.processor.Processor object at 0x1180b7c10>
185.50036,0.0,4876,<entities.dtn.DTN object at 0x1180d1550>,<entities.processor.Processor object at 0x1180b7c10>
186.50036,0.0,4876,<entities.dtn.DTN object at 0x1180d1550>,<entities.processor.Processor object at 0x1180b7c10>
187.50036,0.0,4876,<entities.dtn.DTN object at 0x1180d1550>,<entities.processor.Processor object at 0x1180b7c10>
188.50036,0.0,4876,<entities.dtn.DTN object at 0x1180d1550>,<entities.processor.Processor object at 0x1180b7c10>
189.50036,0.0,4876,<entities.dtn.DTN object at 0x1180d1550>,<entities.processor.Processor object at 0x1180b7c10>
190.50036,0.0,4876,<entities.dtn.DTN object at 0x1180d1550>,<entities.processor.Processor object at 0x1180b7c10>
191.50036,0.0,4876,<entities.dtn.DTN object at 0x1180d1550>,<entities.processor.Processor object at 0x1180b7c10>
192.50036,0.0,4876,<entities.dtn.DTN object at 0x1180d1550>,<entities.processor.Processor object at 0x1180b7c10>
193.50036,0.0,4876,<entities.dtn.DTN object at 0x1180d1550>,<entities.processor.Processor object at 0x1180b7c10>
194.50036,0.0,4876,<entities.dtn.DTN object at 0x1180d1550>,<entities.processor.Processor object at 0x1180b7c10>
195.50036,0.0,4876,<entities.dtn.DTN object at 0x1180d1550>,<entities.processor.Processor object at 0x1180b7c10>
196.50036,0.0,4876,<entities.dtn.DTN object at 0x1180d1550>,<entities.processor.Processor object at 0x1180b7c10>
197.50036,0.0,4876,<entities.dtn.DTN object at 0x1180d1550>,<entities.processor.Processor object at 0x1180b7c10>
198.50036,0.0,4876,<entities.dtn.DTN object at 0x1180d1550>,<entities.processor.Processor object at 0x1180b7c10>
199.50036,0.0,4876,<entities.dtn.DTN object at 0x1180d1550>,<entities.processor.Processor object at 0x1180b7c10>
8.811299999999928,0.0,85824,<entities.dtn.DTN object at 0x1180d1550>,<entities.processor.Processor object at 0x1180dcd00>
9.811299999999928,0.0,85824,<entities.dtn.DTN object at 0x1180d1550>,<entities.processor.Processor object at 0x1180dcd00>
10.811299999999928,0.0,85824,<entities.dtn.DTN object at 0x1180d1550>,<entities.processor.Processor object at 0x1180dcd00>
11.811299999999928,0.0,85824,<entities.dtn.DTN object at 0x1180d1550>,<entities.processor.Processor object at 0x1180dcd00>
12.811299999999928,0.0,85824,<entities.dtn.DTN object at 0x1180d1550>,<entities.processor.Processor object at 0x1180dcd00>
13.811299999999928,0.0,85824,<entities.dtn.DTN object at 0x1180d1550>,<entities.processor.Processor object at 0x1180dcd00>
14.811299999999928,0.0,85824,<entities.dtn.DTN object at 0x1180d1550>,<entities.processor.Processor object at 0x1180dcd00>
15.811299999999928,0.0,85824,<entities.dtn.DTN object at 0x1180d1550>,<entities.processor.Processor object at 0x1180dcd00>
16.811299999999928,0.0,85824,<entities.dtn.DTN object at 0x1180d1550>,<entities.processor.Processor object at 0x1180dcd00>
17.811299999999928,0.0,85824,<entities.dtn.DTN object at 0x1180d1550>,<entities.processor.Processor object at 0x1180dcd00>
18.811299999999928,0.0,85824,<entities.dtn.DTN object at 0x1180d1550>,<entities.processor.Processor object at 0x1180dcd00>
19.811299999999928,0.0,85824,<entities.dtn.DTN object at 0x1180d1550>,<entities.processor.Processor object at 0x1180dcd00>
20.811299999999928,0.0,85824,<entities.dtn.DTN object at 0x1180d1550>,<entities.processor.Processor object at 0x1180dcd00>
21.811299999999928,0.0,85824,<entities.dtn.DTN object at 0x1180d1550>,<entities.processor.Processor object at 0x1180dcd00>
22.811299999999928,0.0,85824,<entities.dtn.DTN object at 0x1180d1550>,<entities.processor.Processor object at 0x1180dcd00>
23.811299999999928,0.0,85824,<entities.dtn.DTN object at 0x1180d1550>,<entities.processor.Processor object at 0x1180dcd00>
24.811299999999928,0.0,85824,<entities.dtn.DTN object at 0x1180d1550>,<entities.processor.Processor object at 0x1180dcd00>
25.811299999999928,0.0,85824,<entities.dtn.DTN object at 0x1180d1550>,<entities.processor.Processor object at 0x1180dcd00>
26.811299999999928,0.0,85824,<entities.dtn.DTN object at 0x1180d1550>,<entities.processor.Processor object at 0x1180dcd00>
27.811299999999928,0.0,85824,<entities.dtn.DTN object at 0x1180d1550>,<entities.processor.Processor object at 0x1180dcd00>
28.811299999999928,0.0,85824,<entities.dtn.DTN object at 0x1180d1550>,<entities.processor.Processor object at 0x1180dcd00>
29.811299999999928,0.0,85824,<entities.dtn.DTN object at 0x1180d1550>,<entities.processor.Processor object at 0x1180dcd00>
30.811299999999928,0.0,85824,<entities.dtn.DTN object at 0x1180d1550>,<entities.processor.Processor object at 0x1180dcd00>
31.811299999999928,0.0,85824,<entities.dtn.DTN object at 0x1180d1550>,<entities.processor.Processor object at 0x1180dcd00>
32.81129999999993,0.0,85824,<entities.dtn.DTN object at 0x1180d1550>,<entities.processor.Processor object at 0x1180dcd00>
33.81129999999993,0.0,85824,<entities.dtn.DTN object at 0x1180d1550>,<entities.processor.Processor object at 0x1180dcd00>
34.81129999999993,0.0,85824,<entities.dtn.DTN object at 0x1180d1550>,<entities.processor.Processor object at 0x1180dcd00>
35.81129999999993,0.0,85824,<entities.dtn.DTN object at 0x1180d1550>,<entities.processor.Processor object at 0x1180dcd00>
36.81129999999993,0.0,85824,<entities.dtn.DTN object at 0x1180d1550>,<entities.processor.Processor object at 0x1180dcd00>
37.81129999999993,0.0,85824,<entities.dtn.DTN object at 0x1180d1550>,<entities.processor.Processor object at 0x1180dcd00>
38.81129999999993,0.0,85824,<entities.dtn.DTN object at 0x1180d1550>,<entities.processor.Processor object at 0x1180dcd00>
39.81129999999993,0.0,85824,<entities.dtn.DTN object at 0x1180d1550>,<entities.processor.Processor object at 0x1180dcd00>
40.81129999999993,0.0,85824,<entities.dtn.DTN object at 0x1180d1550>,<entities.processor.Processor object at 0x1180dcd00>
41.81129999999993,0.0,85824,<entities.dtn.DTN object at 0x1180d1550>,<entities.processor.Processor object at 0x1180dcd00>
42.81129999999993,0.0,85824,<entities.dtn.DTN object at 0x1180d1550>,<entities.processor.Processor object at 0x1180dcd00>
43.81129999999993,0.0,85824,<entities.dtn.DTN object at 0x1180d1550>,<entities.processor.Processor object at 0x1180dcd00>
44.81129999999993,0.0,85824,<entities.dtn.DTN object at 0x1180d1550>,<entities.processor.Processor object at 0x1180dcd00>
45.81129999999993,0.0,85824,<entities.dtn.DTN object at 0x1180d1550>,<entities.processor.Processor object at 0x1180dcd00>
46.81129999999993,0.0,85824,<entities.dtn.DTN object at 0x1180d1550>,<entities.processor.Processor object at 0x1180dcd00>
47.81129999999993,0.0,85824,<entities.dtn.DTN object at 0x1180d1550>,<entities.processor.Processor object at 0x1180dcd00>
48.81129999999993,0.0,85824,<entities.dtn.DTN object at 0x1180d1550>,<entities.processor.Processor object at 0x1180dcd00>
49.81129999999993,0.0,85824,<entities.dtn.DTN object at 0x1180d1550>,<entities.processor.Processor object at 0x1180dcd00>
50.81129999999993,0.0,85824,<entities.dtn.DTN object at 0x1180d1550>,<entities.processor.Processor object at 0x1180dcd00>
51.81129999999993,0.0,85824,<entities.dtn.DTN object at 0x1180d1550>,<entities.processor.Processor object at 0x1180dcd00>
52.81129999999993,0.0,85824,<entities.dtn.DTN object at 0x1180d1550>,<entities.processor.Processor object at 0x1180dcd00>
53.81129999999993,0.0,85824,<entities.dtn.DTN object at 0x1180d1550>,<entities.processor.Processor object at 0x1180dcd00>
54.81129999999993,0.0,85824,<entities.dtn.DTN object at 0x1180d1550>,<entities.processor.Processor object at 0x1180dcd00>
55.81129999999993,0.0,85824,<entities.dtn.DTN object at 0x1180d1550>,<entities.processor.Processor object at 0x1180dcd00>
56.81129999999993,0.0,85824,<entities.dtn.DTN object at 0x1180d1550>,<entities.processor.Processor object at 0x1180dcd00>
57.81129999999993,0.0,85824,<entities.dtn.DTN object at 0x1180d1550>,<entities.processor.Processor object at 0x1180dcd00>
58.81129999999993,0.0,85824,<entities.dtn.DTN object at 0x1180d1550>,<entities.processor.Processor object at 0x1180dcd00>
59.81129999999993,0.0,85824,<entities.dtn.DTN object at 0x1180d1550>,<entities.processor.Processor object at 0x1180dcd00>
60.81129999999993,0.0,85824,<entities.dtn.DTN object at 0x1180d1550>,<entities.processor.Processor object at 0x1180dcd00>
61.81129999999993,0.0,85824,<entities.dtn.DTN object at 0x1180d1550>,<entities.processor.Processor object at 0x1180dcd00>
62.81129999999993,0.0,85824,<entities.dtn.DTN object at 0x1180d1550>,<entities.processor.Processor object at 0x1180dcd00>
63.81129999999993,0.0,85824,<entities.dtn.DTN object at 0x1180d1550>,<entities.processor.Processor object at 0x1180dcd00>
64.81129999999993,0.0,85824,<entities.dtn.DTN object at 0x1180d1550>,<entities.processor.Processor object at 0x1180dcd00>
65.81129999999993,0.0,85824,<entities.dtn.DTN object at 0x1180d1550>,<entities.processor.Processor object at 0x1180dcd00>
66.81129999999993,0.0,85824,<entities.dtn.DTN object at 0x1180d1550>,<entities.processor.Processor object at 0x1180dcd00>
67.81129999999993,0.0,85824,<entities.dtn.DTN object at 0x1180d1550>,<entities.processor.Processor object at 0x1180dcd00>
68.81129999999993,0.0,85824,<entities.dtn.DTN object at 0x1180d1550>,<entities.processor.Processor object at 0x1180dcd00>
69.81129999999993,0.0,85824,<entities.dtn.DTN object at 0x1180d1550>,<entities.processor.Processor object at 0x1180dcd00>
70.81129999999993,0.0,85824,<entities.dtn.DTN object at 0x1180d1550>,<entities.processor.Processor object at 0x1180dcd00>
71.81129999999993,0.0,85824,<entities.dtn.DTN object at 0x1180d1550>,<entities.processor.Processor object at 0x1180dcd00>
72.81129999999993,0.0,85824,<entities.dtn.DTN object at 0x1180d1550>,<entities.processor.Processor object at 0x1180dcd00>
73.81129999999993,0.0,85824,<entities.dtn.DTN object at 0x1180d1550>,<entities.processor.Processor object at 0x1180dcd00>
74.81129999999993,0.0,85824,<entities.dtn.DTN object at 0x1180d1550>,<entities.processor.Processor object at 0x1180dcd00>
75.81129999999993,0.0,85824,<entities.dtn.DTN object at 0x1180d1550>,<entities.processor.Processor object at 0x1180dcd00>
76.81129999999993,0.0,85824,<entities.dtn.DTN object at 0x1180d1550>,<entities.processor.Processor object at 0x1180dcd00>
77.81129999999993,0.0,85824,<entities.dtn.DTN object at 0x1180d1550>,<entities.processor.Processor object at 0x1180dcd00>
78.81129999999993,0.0,85824,<entities.dtn.DTN object at 0x1180d1550>,<entities.processor.Processor object at 0x1180dcd00>
79.81129999999993,0.0,85824,<entities.dtn.DTN object at 0x1180d1550>,<entities.processor.Processor object at 0x1180dcd00>
80.81129999999993,0.0,85824,<entities.dtn.DTN object at 0x1180d1550>,<entities.processor.Processor object at 0x1180dcd00>
81.81129999999993,0.0,85824,<entities.dtn.DTN object at 0x1180d1550>,<entities.processor.Processor object at 0x1180dcd00>
82.81129999999993,0.0,85824,<entities.dtn.DTN object at 0x1180d1550>,<entities.processor.Processor object at 0x1180dcd00>
83.81129999999993,0.0,85824,<entities.dtn.DTN object at 0x1180d1550>,<entities.processor.Processor object at 0x1180dcd00>
84.81129999999993,0.0,85824,<entities.dtn.DTN object at 0x1180d1550>,<entities.processor.Processor object at 0x1180dcd00>
85.81129999999993,0.0,85824,<entities.dtn.DTN object at 0x1180d1550>,<entities.processor.Processor object at 0x1180dcd00>
86.81129999999993,0.0,85824,<entities.dtn.DTN object at 0x1180d1550>,<entities.processor.Processor object at 0x1180dcd00>
87.81129999999993,0.0,85824,<entities.dtn.DTN object at 0x1180d1550>,<entities.processor.Processor object at 0x1180dcd00>
88.81129999999993,0.0,85824,<entities.dtn.DTN object at 0x1180d1550>,<entities.processor.Processor object at 0x1180dcd00>
89.81129999999993,0.0,85824,<entities.dtn.DTN object at 0x1180d1550>,<entities.processor.Processor object at 0x1180dcd00>
90.81129999999993,0.0,85824,<entities.dtn.DTN object at 0x1180d1550>,<entities.processor.Processor object at 0x1180dcd00>
91.81129999999993,0.0,85824,<entities.dtn.DTN object at 0x1180d1550>,<entities.processor.Processor object at 0x1180dcd00>
92.81129999999993,0.0,85824,<entities.dtn.DTN object at 0x1180d1550>,<entities.processor.Processor object at 0x1180dcd00>
93.81129999999993,0.0,85824,<entities.dtn.DTN object at 0x1180d1550>,<entities.processor.Processor object at 0x1180dcd00>
94.81129999999993,0.0,85824,<entities.dtn.DTN object at 0x1180d1550>,<entities.processor.Processor object at 0x1180dcd00>
95.81129999999993,0.0,85824,<entities.dtn.DTN object at 0x1180d1550>,<entities.processor.Processor object at 0x1180dcd00>
96.81129999999993,0.0,85824,<entities.dtn.DTN object at 0x1180d1550>,<entities.processor.Processor object at 0x1180dcd00>
97.81129999999993,0.0,85824,<entities.dtn.DTN object at 0x1180d1550>,<entities.processor.Processor object at 0x1180dcd00>
98.81129999999993,0.0,85824,<entities.dtn.DTN object at 0x1180d1550>,<entities.processor.Processor object at 0x1180dcd00>
99.81129999999993,0.0,85824,<entities.dtn.DTN object at 0x1180d1550>,<entities.processor.Processor object at 0x1180dcd00>
100.81129999999993,0.0,85824,<entities.dtn.DTN object at 0x1180d1550>,<entities.processor.Processor object at 0x1180dcd00>
101.81129999999993,0.0,85824,<entities.dtn.DTN object at 0x1180d1550>,<entities.processor.Processor object at 0x1180dcd00>
102.81129999999993,0.0,85824,<entities.dtn.DTN object at 0x1180d1550>,<entities.processor.Processor object at 0x1180dcd00>
103.81129999999993,0.0,85824,<entities.dtn.DTN object at 0x1180d1550>,<entities.processor.Processor object at 0x1180dcd00>
104.81129999999993,0.0,85824,<entities.dtn.DTN object at 0x1180d1550>,<entities.processor.Processor object at 0x1180dcd00>
105.81129999999993,0.0,85824,<entities.dtn.DTN object at 0x1180d1550>,<entities.processor.Processor object at 0x1180dcd00>
106.81129999999993,0.0,85824,<entities.dtn.DTN object at 0x1180d1550>,<entities.processor.Processor object at 0x1180dcd00>
107.81129999999993,0.0,85824,<entities.dtn.DTN object at 0x1180d1550>,<entities.processor.Processor object at 0x1180dcd00>
108.81129999999993,0.0,85824,<entities.dtn.DTN object at 0x1180d1550>,<entities.processor.Processor object at 0x1180dcd00>
109.81129999999993,0.0,85824,<entities.dtn.DTN object at 0x1180d1550>,<entities.processor.Processor object at 0x1180dcd00>
110.81129999999993,0.0,85824,<entities.dtn.DTN object at 0x1180d1550>,<entities.processor.Processor object at 0x1180dcd00>
111.81129999999993,0.0,85824,<entities.dtn.DTN object at 0x1180d1550>,<entities.processor.Processor object at 0x1180dcd00>
112.81129999999993,0.0,85824,<entities.dtn.DTN object at 0x1180d1550>,<entities.processor.Processor object at 0x1180dcd00>
113.81129999999993,0.0,85824,<entities.dtn.DTN object at 0x1180d1550>,<entities.processor.Processor object at 0x1180dcd00>
114.81129999999993,0.0,85824,<entities.dtn.DTN object at 0x1180d1550>,<entities.processor.Processor object at 0x1180dcd00>
115.81129999999993,0.0,85824,<entities.dtn.DTN object at 0x1180d1550>,<entities.processor.Processor object at 0x1180dcd00>
116.81129999999993,0.0,85824,<entities.dtn.DTN object at 0x1180d1550>,<entities.processor.Processor object at 0x1180dcd00>
117.81129999999993,0.0,85824,<entities.dtn.DTN object at 0x1180d1550>,<entities.processor.Processor object at 0x1180dcd00>
118.81129999999993,0.0,85824,<entities.dtn.DTN object at 0x1180d1550>,<entities.processor.Processor object at 0x1180dcd00>
119.81129999999993,0.0,85824,<entities.dtn.DTN object at 0x1180d1550>,<entities.processor.Processor object at 0x1180dcd00>
120.81129999999993,0.0,85824,<entities.dtn.DTN object at 0x1180d1550>,<entities.processor.Processor object at 0x1180dcd00>
121.81129999999993,0.0,85824,<entities.dtn.DTN object at 0x1180d1550>,<entities.processor.Processor object at 0x1180dcd00>
122.81129999999993,0.0,85824,<entities.dtn.DTN object at 0x1180d1550>,<entities.processor.Processor object at 0x1180dcd00>
123.81129999999993,0.0,85824,<entities.dtn.DTN object at 0x1180d1550>,<entities.processor.Processor object at 0x1180dcd00>
124.81129999999993,0.0,85824,<entities.dtn.DTN object at 0x1180d1550>,<entities.processor.Processor object at 0x1180dcd00>
125.81129999999993,0.0,85824,<entities.dtn.DTN object at 0x1180d1550>,<entities.processor.Processor object at 0x1180dcd00>
126.81129999999993,0.0,85824,<entities.dtn.DTN object at 0x1180d1550>,<entities.processor.Processor object at 0x1180dcd00>
127.81129999999993,0.0,85824,<entities.dtn.DTN object at 0x1180d1550>,<entities.processor.Processor object at 0x1180dcd00>
128.81129999999993,0.0,85824,<entities.dtn.DTN object at 0x1180d1550>,<entities.processor.Processor object at 0x1180dcd00>
129.81129999999993,0.0,85824,<entities.dtn.DTN object at 0x1180d1550>,<entities.processor.Processor object at 0x1180dcd00>
130.81129999999993,0.0,85824,<entities.dtn.DTN object at 0x1180d1550>,<entities.processor.Processor object at 0x1180dcd00>
131.81129999999993,0.0,85824,<entities.dtn.DTN object at 0x1180d1550>,<entities.processor.Processor object at 0x1180dcd00>
132.81129999999993,0.0,85824,<entities.dtn.DTN object at 0x1180d1550>,<entities.processor.Processor object at 0x1180dcd00>
133.81129999999993,0.0,85824,<entities.dtn.DTN object at 0x1180d1550>,<entities.processor.Processor object at 0x1180dcd00>
134.81129999999993,0.0,85824,<entities.dtn.DTN object at 0x1180d1550>,<entities.processor.Processor object at 0x1180dcd00>
135.81129999999993,0.0,85824,<entities.dtn.DTN object at 0x1180d1550>,<entities.processor.Processor object at 0x1180dcd00>
136.81129999999993,0.0,85824,<entities.dtn.DTN object at 0x1180d1550>,<entities.processor.Processor object at 0x1180dcd00>
137.81129999999993,0.0,85824,<entities.dtn.DTN object at 0x1180d1550>,<entities.processor.Processor object at 0x1180dcd00>
138.81129999999993,0.0,85824,<entities.dtn.DTN object at 0x1180d1550>,<entities.processor.Processor object at 0x1180dcd00>
139.81129999999993,0.0,85824,<entities.dtn.DTN object at 0x1180d1550>,<entities.processor.Processor object at 0x1180dcd00>
140.81129999999993,0.0,85824,<entities.dtn.DTN object at 0x1180d1550>,<entities.processor.Processor object at 0x1180dcd00>
141.81129999999993,0.0,85824,<entities.dtn.DTN object at 0x1180d1550>,<entities.processor.Processor object at 0x1180dcd00>
142.81129999999993,0.0,85824,<entities.dtn.DTN object at 0x1180d1550>,<entities.processor.Processor object at 0x1180dcd00>
143.81129999999993,0.0,85824,<entities.dtn.DTN object at 0x1180d1550>,<entities.processor.Processor object at 0x1180dcd00>
144.81129999999993,0.0,85824,<entities.dtn.DTN object at 0x1180d1550>,<entities.processor.Processor object at 0x1180dcd00>
145.81129999999993,0.0,85824,<entities.dtn.DTN object at 0x1180d1550>,<entities.processor.Processor object at 0x1180dcd00>
146.81129999999993,0.0,85824,<entities.dtn.DTN object at 0x1180d1550>,<entities.processor.Processor object at 0x1180dcd00>
147.81129999999993,0.0,85824,<entities.dtn.DTN object at 0x1180d1550>,<entities.processor.Processor object at 0x1180dcd00>
148.81129999999993,0.0,85824,<entities.dtn.DTN object at 0x1180d1550>,<entities.processor.Processor object at 0x1180dcd00>
149.81129999999993,0.0,85824,<entities.dtn.DTN object at 0x1180d1550>,<entities.processor.Processor object at 0x1180dcd00>
150.81129999999993,0.0,85824,<entities.dtn.DTN object at 0x1180d1550>,<entities.processor.Processor object at 0x1180dcd00>
151.81129999999993,0.0,85824,<entities.dtn.DTN object at 0x1180d1550>,<entities.processor.Processor object at 0x1180dcd00>
152.81129999999993,0.0,85824,<entities.dtn.DTN object at 0x1180d1550>,<entities.processor.Processor object at 0x1180dcd00>
153.81129999999993,0.0,85824,<entities.dtn.DTN object at 0x1180d1550>,<entities.processor.Processor object at 0x1180dcd00>
154.81129999999993,0.0,85824,<entities.dtn.DTN object at 0x1180d1550>,<entities.processor.Processor object at 0x1180dcd00>
155.81129999999993,0.0,85824,<entities.dtn.DTN object at 0x1180d1550>,<entities.processor.Processor object at 0x1180dcd00>
156.81129999999993,0.0,85824,<entities.dtn.DTN object at 0x1180d1550>,<entities.processor.Processor object at 0x1180dcd00>
157.81129999999993,0.0,85824,<entities.dtn.DTN object at 0x1180d1550>,<entities.processor.Processor object at 0x1180dcd00>
158.81129999999993,0.0,85824,<entities.dtn.DTN object at 0x1180d1550>,<entities.processor.Processor object at 0x1180dcd00>
159.81129999999993,0.0,85824,<entities.dtn.DTN object at 0x1180d1550>,<entities.processor.Processor object at 0x1180dcd00>
160.81129999999993,0.0,85824,<entities.dtn.DTN object at 0x1180d1550>,<entities.processor.Processor object at 0x1180dcd00>
161.81129999999993,0.0,85824,<entities.dtn.DTN object at 0x1180d1550>,<entities.processor.Processor object at 0x1180dcd00>
162.81129999999993,0.0,85824,<entities.dtn.DTN object at 0x1180d1550>,<entities.processor.Processor object at 0x1180dcd00>
163.81129999999993,0.0,85824,<entities.dtn.DTN object at 0x1180d1550>,<entities.processor.Processor object at 0x1180dcd00>
164.81129999999993,0.0,85824,<entities.dtn.DTN object at 0x1180d1550>,<entities.processor.Processor object at 0x1180dcd00>
165.81129999999993,0.0,85824,<entities.dtn.DTN object at 0x1180d1550>,<entities.processor.Processor object at 0x1180dcd00>
166.81129999999993,0.0,85824,<entities.dtn.DTN object at 0x1180d1550>,<entities.processor.Processor object at 0x1180dcd00>
167.81129999999993,0.0,85824,<entities.dtn.DTN object at 0x1180d1550>,<entities.processor.Processor object at 0x1180dcd00>
168.81129999999993,0.0,85824,<entities.dtn.DTN object at 0x1180d1550>,<entities.processor.Processor object at 0x1180dcd00>
169.81129999999993,0.0,85824,<entities.dtn.DTN object at 0x1180d1550>,<entities.processor.Processor object at 0x1180dcd00>
170.81129999999993,0.0,85824,<entities.dtn.DTN object at 0x1180d1550>,<entities.processor.Processor object at 0x1180dcd00>
171.81129999999993,0.0,85824,<entities.dtn.DTN object at 0x1180d1550>,<entities.processor.Processor object at 0x1180dcd00>
172.81129999999993,0.0,85824,<entities.dtn.DTN object at 0x1180d1550>,<entities.processor.Processor object at 0x1180dcd00>
173.81129999999993,0.0,85824,<entities.dtn.DTN object at 0x1180d1550>,<entities.processor.Processor object at 0x1180dcd00>
174.81129999999993,0.0,85824,<entities.dtn.DTN object at 0x1180d1550>,<entities.processor.Processor object at 0x1180dcd00>
175.81129999999993,0.0,85824,<entities.dtn.DTN object at 0x1180d1550>,<entities.processor.Processor object at 0x1180dcd00>
176.81129999999993,0.0,85824,<entities.dtn.DTN object at 0x1180d1550>,<entities.processor.Processor object at 0x1180dcd00>
177.81129999999993,0.0,85824,<entities.dtn.DTN object at 0x1180d1550>,<entities.processor.Processor object at 0x1180dcd00>
178.81129999999993,0.0,85824,<entities.dtn.DTN object at 0x1180d1550>,<entities.processor.Processor object at 0x1180dcd00>
179.81129999999993,0.0,85824,<entities.dtn.DTN object at 0x1180d1550>,<entities.processor.Processor object at 0x1180dcd00>
180.81129999999993,0.0,85824,<entities.dtn.DTN object at 0x1180d1550>,<entities.processor.Processor object at 0x1180dcd00>
181.81129999999993,0.0,85824,<entities.dtn.DTN object at 0x1180d1550>,<entities.processor.Processor object at 0x1180dcd00>
182.81129999999993,0.0,85824,<entities.dtn.DTN object at 0x1180d1550>,<entities.processor.Processor object at 0x1180dcd00>
183.81129999999993,0.0,85824,<entities.dtn.DTN object at 0x1180d1550>,<entities.processor.Processor object at 0x1180dcd00>
184.81129999999993,0.0,85824,<entities.dtn.DTN object at 0x1180d1550>,<entities.processor.Processor object at 0x1180dcd00>
185.81129999999993,0.0,85824,<entities.dtn.DTN object at 0x1180d1550>,<entities.processor.Processor object at 0x1180dcd00>
186.81129999999993,0.0,85824,<entities.dtn.DTN object at 0x1180d1550>,<entities.processor.Processor object at 0x1180dcd00>
187.81129999999993,0.0,85824,<entities.dtn.DTN object at 0x1180d1550>,<entities.processor.Processor object at 0x1180dcd00>
188.81129999999993,0.0,85824,<entities.dtn.DTN object at 0x1180d1550>,<entities.processor.Processor object at 0x1180dcd00>
189.81129999999993,0.0,85824,<entities.dtn.DTN object at 0x1180d1550>,<entities.processor.Processor object at 0x1180dcd00>
190.81129999999993,0.0,85824,<entities.dtn.DTN object at 0x1180d1550>,<entities.processor.Processor object at 0x1180dcd00>
191.81129999999993,0.0,85824,<entities.dtn.DTN object at 0x1180d1550>,<entities.processor.Processor object at 0x1180dcd00>
192.81129999999993,0.0,85824,<entities.dtn.DTN object at 0x1180d1550>,<entities.processor.Processor object at 0x1180dcd00>
193.81129999999993,0.0,85824,<entities.dtn.DTN object at 0x1180d1550>,<entities.processor.Processor object at 0x1180dcd00>
194.81129999999993,0.0,85824,<entities.dtn.DTN object at 0x1180d1550>,<entities.processor.Processor object at 0x1180dcd00>
195.81129999999993,0.0,85824,<entities.dtn.DTN object at 0x1180d1550>,<entities.processor.Processor object at 0x1180dcd00>
196.81129999999993,0.0,85824,<entities.dtn.DTN object at 0x1180d1550>,<entities.processor.Processor object at 0x1180dcd00>
197.81129999999993,0.0,85824,<entities.dtn.DTN object at 0x1180d1550>,<entities.processor.Processor object at 0x1180dcd00>
198.81129999999993,0.0,85824,<entities.dtn.DTN object at 0x1180d1550>,<entities.processor.Processor object at 0x1180dcd00>
199.81129999999993,0.0,85824,<entities.dtn.DTN object at 0x1180d1550>,<entities.processor.Processor object at 0x1180dcd00>
18.0,0.0,5630,<entities.processor.Processor object at 0x1180b7ee0>,<entities.dtn.DTN object at 0x1180d1550>
18.000489999999974,0.0,22001,<entities.dtn.DTN object at 0x1180d1550>,<entities.processor.Processor object at 0x1180b7ee0>
19.000489999999974,0.0,22001,<entities.dtn.DTN object at 0x1180d1550>,<entities.processor.Processor object at 0x1180b7ee0>
20.000489999999974,0.0,22001,<entities.dtn.DTN object at 0x1180d1550>,<entities.processor.Processor object at 0x1180b7ee0>
21.000489999999974,0.0,22001,<entities.dtn.DTN object at 0x1180d1550>,<entities.processor.Processor object at 0x1180b7ee0>
22.000489999999974,0.0,22001,<entities.dtn.DTN object at 0x1180d1550>,<entities.processor.Processor object at 0x1180b7ee0>
23.000489999999974,0.0,22001,<entities.dtn.DTN object at 0x1180d1550>,<entities.processor.Processor object at 0x1180b7ee0>
24.000489999999974,0.0,22001,<entities.dtn.DTN object at 0x1180d1550>,<entities.processor.Processor object at 0x1180b7ee0>
25.000489999999974,0.0,22001,<entities.dtn.DTN object at 0x1180d1550>,<entities.processor.Processor object at 0x1180b7ee0>
26.000489999999974,0.0,22001,<entities.dtn.DTN object at 0x1180d1550>,<entities.processor.Processor object at 0x1180b7ee0>
27.000489999999974,0.0,22001,<entities.dtn.DTN object at 0x1180d1550>,<entities.processor.Processor object at 0x1180b7ee0>
28.000489999999974,0.0,22001,<entities.dtn.DTN object at 0x1180d1550>,<entities.processor.Processor object at 0x1180b7ee0>
29.000489999999974,0.0,22001,<entities.dtn.DTN object at 0x1180d1550>,<entities.processor.Processor object at 0x1180b7ee0>
30.000489999999974,0.0,22001,<entities.dtn.DTN object at 0x1180d1550>,<entities.processor.Processor object at 0x1180b7ee0>
31.000489999999974,0.0,22001,<entities.dtn.DTN object at 0x1180d1550>,<entities.processor.Processor object at 0x1180b7ee0>
32.00048999999997,0.0,22001,<entities.dtn.DTN object at 0x1180d1550>,<entities.processor.Processor object at 0x1180b7ee0>
33.00048999999997,0.0,22001,<entities.dtn.DTN object at 0x1180d1550>,<entities.processor.Processor object at 0x1180b7ee0>
34.00048999999997,0.0,22001,<entities.dtn.DTN object at 0x1180d1550>,<entities.processor.Processor object at 0x1180b7ee0>
35.00048999999997,0.0,22001,<entities.dtn.DTN object at 0x1180d1550>,<entities.processor.Processor object at 0x1180b7ee0>
36.00048999999997,0.0,22001,<entities.dtn.DTN object at 0x1180d1550>,<entities.processor.Processor object at 0x1180b7ee0>
37.00048999999997,0.0,22001,<entities.dtn.DTN object at 0x1180d1550>,<entities.processor.Processor object at 0x1180b7ee0>
38.00048999999997,0.0,22001,<entities.dtn.DTN object at 0x1180d1550>,<entities.processor.Processor object at 0x1180b7ee0>
39.00048999999997,0.0,22001,<entities.dtn.DTN object at 0x1180d1550>,<entities.processor.Processor object at 0x1180b7ee0>
40.00048999999997,0.0,22001,<entities.dtn.DTN object at 0x1180d1550>,<entities.processor.Processor object at 0x1180b7ee0>
41.00048999999997,0.0,22001,<entities.dtn.DTN object at 0x1180d1550>,<entities.processor.Processor object at 0x1180b7ee0>
42.00048999999997,0.0,22001,<entities.dtn.DTN object at 0x1180d1550>,<entities.processor.Processor object at 0x1180b7ee0>
43.00048999999997,0.0,22001,<entities.dtn.DTN object at 0x1180d1550>,<entities.processor.Processor object at 0x1180b7ee0>
44.00048999999997,0.0,22001,<entities.dtn.DTN object at 0x1180d1550>,<entities.processor.Processor object at 0x1180b7ee0>
45.00048999999997,0.0,22001,<entities.dtn.DTN object at 0x1180d1550>,<entities.processor.Processor object at 0x1180b7ee0>
46.00048999999997,0.0,22001,<entities.dtn.DTN object at 0x1180d1550>,<entities.processor.Processor object at 0x1180b7ee0>
47.00048999999997,0.0,22001,<entities.dtn.DTN object at 0x1180d1550>,<entities.processor.Processor object at 0x1180b7ee0>
48.00048999999997,0.0,22001,<entities.dtn.DTN object at 0x1180d1550>,<entities.processor.Processor object at 0x1180b7ee0>
49.00048999999997,0.0,22001,<entities.dtn.DTN object at 0x1180d1550>,<entities.processor.Processor object at 0x1180b7ee0>
50.00048999999997,0.0,22001,<entities.dtn.DTN object at 0x1180d1550>,<entities.processor.Processor object at 0x1180b7ee0>
51.00048999999997,0.0,22001,<entities.dtn.DTN object at 0x1180d1550>,<entities.processor.Processor object at 0x1180b7ee0>
52.00048999999997,0.0,22001,<entities.dtn.DTN object at 0x1180d1550>,<entities.processor.Processor object at 0x1180b7ee0>
53.00048999999997,0.0,22001,<entities.dtn.DTN object at 0x1180d1550>,<entities.processor.Processor object at 0x1180b7ee0>
54.00048999999997,0.0,22001,<entities.dtn.DTN object at 0x1180d1550>,<entities.processor.Processor object at 0x1180b7ee0>
55.00048999999997,0.0,22001,<entities.dtn.DTN object at 0x1180d1550>,<entities.processor.Processor object at 0x1180b7ee0>
56.00048999999997,0.0,22001,<entities.dtn.DTN object at 0x1180d1550>,<entities.processor.Processor object at 0x1180b7ee0>
57.00048999999997,0.0,22001,<entities.dtn.DTN object at 0x1180d1550>,<entities.processor.Processor object at 0x1180b7ee0>
58.00048999999997,0.0,22001,<entities.dtn.DTN object at 0x1180d1550>,<entities.processor.Processor object at 0x1180b7ee0>
59.00048999999997,0.0,22001,<entities.dtn.DTN object at 0x1180d1550>,<entities.processor.Processor object at 0x1180b7ee0>
60.00048999999997,0.0,22001,<entities.dtn.DTN object at 0x1180d1550>,<entities.processor.Processor object at 0x1180b7ee0>
61.00048999999997,0.0,22001,<entities.dtn.DTN object at 0x1180d1550>,<entities.processor.Processor object at 0x1180b7ee0>
62.00048999999997,0.0,22001,<entities.dtn.DTN object at 0x1180d1550>,<entities.processor.Processor object at 0x1180b7ee0>
63.00048999999997,0.0,22001,<entities.dtn.DTN object at 0x1180d1550>,<entities.processor.Processor object at 0x1180b7ee0>
64.00048999999997,0.0,22001,<entities.dtn.DTN object at 0x1180d1550>,<entities.processor.Processor object at 0x1180b7ee0>
65.00048999999997,0.0,22001,<entities.dtn.DTN object at 0x1180d1550>,<entities.processor.Processor object at 0x1180b7ee0>
66.00048999999997,0.0,22001,<entities.dtn.DTN object at 0x1180d1550>,<entities.processor.Processor object at 0x1180b7ee0>
67.00048999999997,0.0,22001,<entities.dtn.DTN object at 0x1180d1550>,<entities.processor.Processor object at 0x1180b7ee0>
68.00048999999997,0.0,22001,<entities.dtn.DTN object at 0x1180d1550>,<entities.processor.Processor object at 0x1180b7ee0>
69.00048999999997,0.0,22001,<entities.dtn.DTN object at 0x1180d1550>,<entities.processor.Processor object at 0x1180b7ee0>
70.00048999999997,0.0,22001,<entities.dtn.DTN object at 0x1180d1550>,<entities.processor.Processor object at 0x1180b7ee0>
71.00048999999997,0.0,22001,<entities.dtn.DTN object at 0x1180d1550>,<entities.processor.Processor object at 0x1180b7ee0>
72.00048999999997,0.0,22001,<entities.dtn.DTN object at 0x1180d1550>,<entities.processor.Processor object at 0x1180b7ee0>
73.00048999999997,0.0,22001,<entities.dtn.DTN object at 0x1180d1550>,<entities.processor.Processor object at 0x1180b7ee0>
74.00048999999997,0.0,22001,<entities.dtn.DTN object at 0x1180d1550>,<entities.processor.Processor object at 0x1180b7ee0>
75.00048999999997,0.0,22001,<entities.dtn.DTN object at 0x1180d1550>,<entities.processor.Processor object at 0x1180b7ee0>
76.00048999999997,0.0,22001,<entities.dtn.DTN object at 0x1180d1550>,<entities.processor.Processor object at 0x1180b7ee0>
77.00048999999997,0.0,22001,<entities.dtn.DTN object at 0x1180d1550>,<entities.processor.Processor object at 0x1180b7ee0>
78.00048999999997,0.0,22001,<entities.dtn.DTN object at 0x1180d1550>,<entities.processor.Processor object at 0x1180b7ee0>
79.00048999999997,0.0,22001,<entities.dtn.DTN object at 0x1180d1550>,<entities.processor.Processor object at 0x1180b7ee0>
80.00048999999997,0.0,22001,<entities.dtn.DTN object at 0x1180d1550>,<entities.processor.Processor object at 0x1180b7ee0>
81.00048999999997,0.0,22001,<entities.dtn.DTN object at 0x1180d1550>,<entities.processor.Processor object at 0x1180b7ee0>
82.00048999999997,0.0,22001,<entities.dtn.DTN object at 0x1180d1550>,<entities.processor.Processor object at 0x1180b7ee0>
83.00048999999997,0.0,22001,<entities.dtn.DTN object at 0x1180d1550>,<entities.processor.Processor object at 0x1180b7ee0>
84.00048999999997,0.0,22001,<entities.dtn.DTN object at 0x1180d1550>,<entities.processor.Processor object at 0x1180b7ee0>
85.00048999999997,0.0,22001,<entities.dtn.DTN object at 0x1180d1550>,<entities.processor.Processor object at 0x1180b7ee0>
86.00048999999997,0.0,22001,<entities.dtn.DTN object at 0x1180d1550>,<entities.processor.Processor object at 0x1180b7ee0>
87.00048999999997,0.0,22001,<entities.dtn.DTN object at 0x1180d1550>,<entities.processor.Processor object at 0x1180b7ee0>
88.00048999999997,0.0,22001,<entities.dtn.DTN object at 0x1180d1550>,<entities.processor.Processor object at 0x1180b7ee0>
89.00048999999997,0.0,22001,<entities.dtn.DTN object at 0x1180d1550>,<entities.processor.Processor object at 0x1180b7ee0>
90.00048999999997,0.0,22001,<entities.dtn.DTN object at 0x1180d1550>,<entities.processor.Processor object at 0x1180b7ee0>
91.00048999999997,0.0,22001,<entities.dtn.DTN object at 0x1180d1550>,<entities.processor.Processor object at 0x1180b7ee0>
92.00048999999997,0.0,22001,<entities.dtn.DTN object at 0x1180d1550>,<entities.processor.Processor object at 0x1180b7ee0>
93.00048999999997,0.0,22001,<entities.dtn.DTN object at 0x1180d1550>,<entities.processor.Processor object at 0x1180b7ee0>
94.00048999999997,0.0,22001,<entities.dtn.DTN object at 0x1180d1550>,<entities.processor.Processor object at 0x1180b7ee0>
95.00048999999997,0.0,22001,<entities.dtn.DTN object at 0x1180d1550>,<entities.processor.Processor object at 0x1180b7ee0>
96.00048999999997,0.0,22001,<entities.dtn.DTN object at 0x1180d1550>,<entities.processor.Processor object at 0x1180b7ee0>
97.00048999999997,0.0,22001,<entities.dtn.DTN object at 0x1180d1550>,<entities.processor.Processor object at 0x1180b7ee0>
98.00048999999997,0.0,22001,<entities.dtn.DTN object at 0x1180d1550>,<entities.processor.Processor object at 0x1180b7ee0>
99.00048999999997,0.0,22001,<entities.dtn.DTN object at 0x1180d1550>,<entities.processor.Processor object at 0x1180b7ee0>
100.00048999999997,0.0,22001,<entities.dtn.DTN object at 0x1180d1550>,<entities.processor.Processor object at 0x1180b7ee0>
101.00048999999997,0.0,22001,<entities.dtn.DTN object at 0x1180d1550>,<entities.processor.Processor object at 0x1180b7ee0>
102.00048999999997,0.0,22001,<entities.dtn.DTN object at 0x1180d1550>,<entities.processor.Processor object at 0x1180b7ee0>
103.00048999999997,0.0,22001,<entities.dtn.DTN object at 0x1180d1550>,<entities.processor.Processor object at 0x1180b7ee0>
104.00048999999997,0.0,22001,<entities.dtn.DTN object at 0x1180d1550>,<entities.processor.Processor object at 0x1180b7ee0>
105.00048999999997,0.0,22001,<entities.dtn.DTN object at 0x1180d1550>,<entities.processor.Processor object at 0x1180b7ee0>
106.00048999999997,0.0,22001,<entities.dtn.DTN object at 0x1180d1550>,<entities.processor.Processor object at 0x1180b7ee0>
107.00048999999997,0.0,22001,<entities.dtn.DTN object at 0x1180d1550>,<entities.processor.Processor object at 0x1180b7ee0>
108.00048999999997,0.0,22001,<entities.dtn.DTN object at 0x1180d1550>,<entities.processor.Processor object at 0x1180b7ee0>
109.00048999999997,0.0,22001,<entities.dtn.DTN object at 0x1180d1550>,<entities.processor.Processor object at 0x1180b7ee0>
110.00048999999997,0.0,22001,<entities.dtn.DTN object at 0x1180d1550>,<entities.processor.Processor object at 0x1180b7ee0>
111.00048999999997,0.0,22001,<entities.dtn.DTN object at 0x1180d1550>,<entities.processor.Processor object at 0x1180b7ee0>
112.00048999999997,0.0,22001,<entities.dtn.DTN object at 0x1180d1550>,<entities.processor.Processor object at 0x1180b7ee0>
113.00048999999997,0.0,22001,<entities.dtn.DTN object at 0x1180d1550>,<entities.processor.Processor object at 0x1180b7ee0>
114.00048999999997,0.0,22001,<entities.dtn.DTN object at 0x1180d1550>,<entities.processor.Processor object at 0x1180b7ee0>
115.00048999999997,0.0,22001,<entities.dtn.DTN object at 0x1180d1550>,<entities.processor.Processor object at 0x1180b7ee0>
116.00048999999997,0.0,22001,<entities.dtn.DTN object at 0x1180d1550>,<entities.processor.Processor object at 0x1180b7ee0>
117.00048999999997,0.0,22001,<entities.dtn.DTN object at 0x1180d1550>,<entities.processor.Processor object at 0x1180b7ee0>
118.00048999999997,0.0,22001,<entities.dtn.DTN object at 0x1180d1550>,<entities.processor.Processor object at 0x1180b7ee0>
119.00048999999997,0.0,22001,<entities.dtn.DTN object at 0x1180d1550>,<entities.processor.Processor object at 0x1180b7ee0>
120.00048999999997,0.0,22001,<entities.dtn.DTN object at 0x1180d1550>,<entities.processor.Processor object at 0x1180b7ee0>
121.00048999999997,0.0,22001,<entities.dtn.DTN object at 0x1180d1550>,<entities.processor.Processor object at 0x1180b7ee0>
122.00048999999997,0.0,22001,<entities.dtn.DTN object at 0x1180d1550>,<entities.processor.Processor object at 0x1180b7ee0>
123.00048999999997,0.0,22001,<entities.dtn.DTN object at 0x1180d1550>,<entities.processor.Processor object at 0x1180b7ee0>
124.00048999999997,0.0,22001,<entities.dtn.DTN object at 0x1180d1550>,<entities.processor.Processor object at 0x1180b7ee0>
125.00048999999997,0.0,22001,<entities.dtn.DTN object at 0x1180d1550>,<entities.processor.Processor object at 0x1180b7ee0>
126.00048999999997,0.0,22001,<entities.dtn.DTN object at 0x1180d1550>,<entities.processor.Processor object at 0x1180b7ee0>
127.00048999999997,0.0,22001,<entities.dtn.DTN object at 0x1180d1550>,<entities.processor.Processor object at 0x1180b7ee0>
128.00048999999996,0.0,22001,<entities.dtn.DTN object at 0x1180d1550>,<entities.processor.Processor object at 0x1180b7ee0>
129.00048999999996,0.0,22001,<entities.dtn.DTN object at 0x1180d1550>,<entities.processor.Processor object at 0x1180b7ee0>
130.00048999999996,0.0,22001,<entities.dtn.DTN object at 0x1180d1550>,<entities.processor.Processor object at 0x1180b7ee0>
131.00048999999996,0.0,22001,<entities.dtn.DTN object at 0x1180d1550>,<entities.processor.Processor object at 0x1180b7ee0>
132.00048999999996,0.0,22001,<entities.dtn.DTN object at 0x1180d1550>,<entities.processor.Processor object at 0x1180b7ee0>
133.00048999999996,0.0,22001,<entities.dtn.DTN object at 0x1180d1550>,<entities.processor.Processor object at 0x1180b7ee0>
134.00048999999996,0.0,22001,<entities.dtn.DTN object at 0x1180d1550>,<entities.processor.Processor object at 0x1180b7ee0>
135.00048999999996,0.0,22001,<entities.dtn.DTN object at 0x1180d1550>,<entities.processor.Processor object at 0x1180b7ee0>
136.00048999999996,0.0,22001,<entities.dtn.DTN object at 0x1180d1550>,<entities.processor.Processor object at 0x1180b7ee0>
137.00048999999996,0.0,22001,<entities.dtn.DTN object at 0x1180d1550>,<entities.processor.Processor object at 0x1180b7ee0>
138.00048999999996,0.0,22001,<entities.dtn.DTN object at 0x1180d1550>,<entities.processor.Processor object at 0x1180b7ee0>
139.00048999999996,0.0,22001,<entities.dtn.DTN object at 0x1180d1550>,<entities.processor.Processor object at 0x1180b7ee0>
140.00048999999996,0.0,22001,<entities.dtn.DTN object at 0x1180d1550>,<entities.processor.Processor object at 0x1180b7ee0>
141.00048999999996,0.0,22001,<entities.dtn.DTN object at 0x1180d1550>,<entities.processor.Processor object at 0x1180b7ee0>
142.00048999999996,0.0,22001,<entities.dtn.DTN object at 0x1180d1550>,<entities.processor.Processor object at 0x1180b7ee0>
143.00048999999996,0.0,22001,<entities.dtn.DTN object at 0x1180d1550>,<entities.processor.Processor object at 0x1180b7ee0>
144.00048999999996,0.0,22001,<entities.dtn.DTN object at 0x1180d1550>,<entities.processor.Processor object at 0x1180b7ee0>
145.00048999999996,0.0,22001,<entities.dtn.DTN object at 0x1180d1550>,<entities.processor.Processor object at 0x1180b7ee0>
146.00048999999996,0.0,22001,<entities.dtn.DTN object at 0x1180d1550>,<entities.processor.Processor object at 0x1180b7ee0>
147.00048999999996,0.0,22001,<entities.dtn.DTN object at 0x1180d1550>,<entities.processor.Processor object at 0x1180b7ee0>
148.00048999999996,0.0,22001,<entities.dtn.DTN object at 0x1180d1550>,<entities.processor.Processor object at 0x1180b7ee0>
149.00048999999996,0.0,22001,<entities.dtn.DTN object at 0x1180d1550>,<entities.processor.Processor object at 0x1180b7ee0>
150.00048999999996,0.0,22001,<entities.dtn.DTN object at 0x1180d1550>,<entities.processor.Processor object at 0x1180b7ee0>
151.00048999999996,0.0,22001,<entities.dtn.DTN object at 0x1180d1550>,<entities.processor.Processor object at 0x1180b7ee0>
152.00048999999996,0.0,22001,<entities.dtn.DTN object at 0x1180d1550>,<entities.processor.Processor object at 0x1180b7ee0>
153.00048999999996,0.0,22001,<entities.dtn.DTN object at 0x1180d1550>,<entities.processor.Processor object at 0x1180b7ee0>
154.00048999999996,0.0,22001,<entities.dtn.DTN object at 0x1180d1550>,<entities.processor.Processor object at 0x1180b7ee0>
155.00048999999996,0.0,22001,<entities.dtn.DTN object at 0x1180d1550>,<entities.processor.Processor object at 0x1180b7ee0>
156.00048999999996,0.0,22001,<entities.dtn.DTN object at 0x1180d1550>,<entities.processor.Processor object at 0x1180b7ee0>
157.00048999999996,0.0,22001,<entities.dtn.DTN object at 0x1180d1550>,<entities.processor.Processor object at 0x1180b7ee0>
158.00048999999996,0.0,22001,<entities.dtn.DTN object at 0x1180d1550>,<entities.processor.Processor object at 0x1180b7ee0>
159.00048999999996,0.0,22001,<entities.dtn.DTN object at 0x1180d1550>,<entities.processor.Processor object at 0x1180b7ee0>
160.00048999999996,0.0,22001,<entities.dtn.DTN object at 0x1180d1550>,<entities.processor.Processor object at 0x1180b7ee0>
161.00048999999996,0.0,22001,<entities.dtn.DTN object at 0x1180d1550>,<entities.processor.Processor object at 0x1180b7ee0>
162.00048999999996,0.0,22001,<entities.dtn.DTN object at 0x1180d1550>,<entities.processor.Processor object at 0x1180b7ee0>
163.00048999999996,0.0,22001,<entities.dtn.DTN object at 0x1180d1550>,<entities.processor.Processor object at 0x1180b7ee0>
164.00048999999996,0.0,22001,<entities.dtn.DTN object at 0x1180d1550>,<entities.processor.Processor object at 0x1180b7ee0>
165.00048999999996,0.0,22001,<entities.dtn.DTN object at 0x1180d1550>,<entities.processor.Processor object at 0x1180b7ee0>
166.00048999999996,0.0,22001,<entities.dtn.DTN object at 0x1180d1550>,<entities.processor.Processor object at 0x1180b7ee0>
167.00048999999996,0.0,22001,<entities.dtn.DTN object at 0x1180d1550>,<entities.processor.Processor object at 0x1180b7ee0>
168.00048999999996,0.0,22001,<entities.dtn.DTN object at 0x1180d1550>,<entities.processor.Processor object at 0x1180b7ee0>
169.00048999999996,0.0,22001,<entities.dtn.DTN object at 0x1180d1550>,<entities.processor.Processor object at 0x1180b7ee0>
170.00048999999996,0.0,22001,<entities.dtn.DTN object at 0x1180d1550>,<entities.processor.Processor object at 0x1180b7ee0>
171.00048999999996,0.0,22001,<entities.dtn.DTN object at 0x1180d1550>,<entities.processor.Processor object at 0x1180b7ee0>
172.00048999999996,0.0,22001,<entities.dtn.DTN object at 0x1180d1550>,<entities.processor.Processor object at 0x1180b7ee0>
173.00048999999996,0.0,22001,<entities.dtn.DTN object at 0x1180d1550>,<entities.processor.Processor object at 0x1180b7ee0>
174.00048999999996,0.0,22001,<entities.dtn.DTN object at 0x1180d1550>,<entities.processor.Processor object at 0x1180b7ee0>
175.00048999999996,0.0,22001,<entities.dtn.DTN object at 0x1180d1550>,<entities.processor.Processor object at 0x1180b7ee0>
176.00048999999996,0.0,22001,<entities.dtn.DTN object at 0x1180d1550>,<entities.processor.Processor object at 0x1180b7ee0>
177.00048999999996,0.0,22001,<entities.dtn.DTN object at 0x1180d1550>,<entities.processor.Processor object at 0x1180b7ee0>
178.00048999999996,0.0,22001,<entities.dtn.DTN object at 0x1180d1550>,<entities.processor.Processor object at 0x1180b7ee0>
179.00048999999996,0.0,22001,<entities.dtn.DTN object at 0x1180d1550>,<entities.processor.Processor object at 0x1180b7ee0>
180.00048999999996,0.0,22001,<entities.dtn.DTN object at 0x1180d1550>,<entities.processor.Processor object at 0x1180b7ee0>
181.00048999999996,0.0,22001,<entities.dtn.DTN object at 0x1180d1550>,<entities.processor.Processor object at 0x1180b7ee0>
182.00048999999996,0.0,22001,<entities.dtn.DTN object at 0x1180d1550>,<entities.processor.Processor object at 0x1180b7ee0>
183.00048999999996,0.0,22001,<entities.dtn.DTN object at 0x1180d1550>,<entities.processor.Processor object at 0x1180b7ee0>
184.00048999999996,0.0,22001,<entities.dtn.DTN object at 0x1180d1550>,<entities.processor.Processor object at 0x1180b7ee0>
185.00048999999996,0.0,22001,<entities.dtn.DTN object at 0x1180d1550>,<entities.processor.Processor object at 0x1180b7ee0>
186.00048999999996,0.0,22001,<entities.dtn.DTN object at 0x1180d1550>,<entities.processor.Processor object at 0x1180b7ee0>
187.00048999999996,0.0,22001,<entities.dtn.DTN object at 0x1180d1550>,<entities.processor.Processor object at 0x1180b7ee0>
188.00048999999996,0.0,22001,<entities.dtn.DTN object at 0x1180d1550>,<entities.processor.Processor object at 0x1180b7ee0>
189.00048999999996,0.0,22001,<entities.dtn.DTN object at 0x1180d1550>,<entities.processor.Processor object at 0x1180b7ee0>
190.00048999999996,0.0,22001,<entities.dtn.DTN object at 0x1180d1550>,<entities.processor.Processor object at 0x1180b7ee0>
191.00048999999996,0.0,22001,<entities.dtn.DTN object at 0x1180d1550>,<entities.processor.Processor object at 0x1180b7ee0>
192.00048999999996,0.0,22001,<entities.dtn.DTN object at 0x1180d1550>,<entities.processor.Processor object at 0x1180b7ee0>
193.00048999999996,0.0,22001,<entities.dtn.DTN object at 0x1180d1550>,<entities.processor.Processor object at 0x1180b7ee0>
194.00048999999996,0.0,22001,<entities.dtn.DTN object at 0x1180d1550>,<entities.processor.Processor object at 0x1180b7ee0>
195.00048999999996,0.0,22001,<entities.dtn.DTN object at 0x1180d1550>,<entities.processor.Processor object at 0x1180b7ee0>
196.00048999999996,0.0,22001,<entities.dtn.DTN object at 0x1180d1550>,<entities.processor.Processor object at 0x1180b7ee0>
197.00048999999996,0.0,22001,<entities.dtn.DTN object at 0x1180d1550>,<entities.processor.Processor object at 0x1180b7ee0>
198.00048999999996,0.0,22001,<entities.dtn.DTN object at 0x1180d1550>,<entities.processor.Processor object at 0x1180b7ee0>
199.00048999999996,0.0,22001,<entities.dtn.DTN object at 0x1180d1550>,<entities.processor.Processor object at 0x1180b7ee0>
18.5,0.0,60093,<entities.processor.Processor object at 0x1180b7c10>,<entities.dtn.DTN object at 0x1180d1550>
20.0,0.0,28804,<entities.processor.Processor object at 0x1180d1220>,<entities.dtn.DTN object at 0x1180d1550>
20.491230000000076,0.0,7218,<entities.dtn.DTN object at 0x1180d1550>,<entities.processor.Processor object at 0x1180b7c10>
21.491230000000076,0.0,7218,<entities.dtn.DTN object at 0x1180d1550>,<entities.processor.Processor object at 0x1180b7c10>
22.491230000000076,0.0,7218,<entities.dtn.DTN object at 0x1180d1550>,<entities.processor.Processor object at 0x1180b7c10>
23.491230000000076,0.0,7218,<entities.dtn.DTN object at 0x1180d1550>,<entities.processor.Processor object at 0x1180b7c10>
24.491230000000076,0.0,7218,<entities.dtn.DTN object at 0x1180d1550>,<entities.processor.Processor object at 0x1180b7c10>
25.491230000000076,0.0,7218,<entities.dtn.DTN object at 0x1180d1550>,<entities.processor.Processor object at 0x1180b7c10>
26.491230000000076,0.0,7218,<entities.dtn.DTN object at 0x1180d1550>,<entities.processor.Processor object at 0x1180b7c10>
27.491230000000076,0.0,7218,<entities.dtn.DTN object at 0x1180d1550>,<entities.processor.Processor object at 0x1180b7c10>
28.491230000000076,0.0,7218,<entities.dtn.DTN object at 0x1180d1550>,<entities.processor.Processor object at 0x1180b7c10>
29.491230000000076,0.0,7218,<entities.dtn.DTN object at 0x1180d1550>,<entities.processor.Processor object at 0x1180b7c10>
30.491230000000076,0.0,7218,<entities.dtn.DTN object at 0x1180d1550>,<entities.processor.Processor object at 0x1180b7c10>
31.491230000000076,0.0,7218,<entities.dtn.DTN object at 0x1180d1550>,<entities.processor.Processor object at 0x1180b7c10>
32.49123000000007,0.0,7218,<entities.dtn.DTN object at 0x1180d1550>,<entities.processor.Processor object at 0x1180b7c10>
33.49123000000007,0.0,7218,<entities.dtn.DTN object at 0x1180d1550>,<entities.processor.Processor object at 0x1180b7c10>
34.49123000000007,0.0,7218,<entities.dtn.DTN object at 0x1180d1550>,<entities.processor.Processor object at 0x1180b7c10>
35.49123000000007,0.0,7218,<entities.dtn.DTN object at 0x1180d1550>,<entities.processor.Processor object at 0x1180b7c10>
36.49123000000007,0.0,7218,<entities.dtn.DTN object at 0x1180d1550>,<entities.processor.Processor object at 0x1180b7c10>
37.49123000000007,0.0,7218,<entities.dtn.DTN object at 0x1180d1550>,<entities.processor.Processor object at 0x1180b7c10>
38.49123000000007,0.0,7218,<entities.dtn.DTN object at 0x1180d1550>,<entities.processor.Processor object at 0x1180b7c10>
39.49123000000007,0.0,7218,<entities.dtn.DTN object at 0x1180d1550>,<entities.processor.Processor object at 0x1180b7c10>
40.49123000000007,0.0,7218,<entities.dtn.DTN object at 0x1180d1550>,<entities.processor.Processor object at 0x1180b7c10>
41.49123000000007,0.0,7218,<entities.dtn.DTN object at 0x1180d1550>,<entities.processor.Processor object at 0x1180b7c10>
42.49123000000007,0.0,7218,<entities.dtn.DTN object at 0x1180d1550>,<entities.processor.Processor object at 0x1180b7c10>
43.49123000000007,0.0,7218,<entities.dtn.DTN object at 0x1180d1550>,<entities.processor.Processor object at 0x1180b7c10>
44.49123000000007,0.0,7218,<entities.dtn.DTN object at 0x1180d1550>,<entities.processor.Processor object at 0x1180b7c10>
45.49123000000007,0.0,7218,<entities.dtn.DTN object at 0x1180d1550>,<entities.processor.Processor object at 0x1180b7c10>
46.49123000000007,0.0,7218,<entities.dtn.DTN object at 0x1180d1550>,<entities.processor.Processor object at 0x1180b7c10>
47.49123000000007,0.0,7218,<entities.dtn.DTN object at 0x1180d1550>,<entities.processor.Processor object at 0x1180b7c10>
48.49123000000007,0.0,7218,<entities.dtn.DTN object at 0x1180d1550>,<entities.processor.Processor object at 0x1180b7c10>
49.49123000000007,0.0,7218,<entities.dtn.DTN object at 0x1180d1550>,<entities.processor.Processor object at 0x1180b7c10>
50.49123000000007,0.0,7218,<entities.dtn.DTN object at 0x1180d1550>,<entities.processor.Processor object at 0x1180b7c10>
51.49123000000007,0.0,7218,<entities.dtn.DTN object at 0x1180d1550>,<entities.processor.Processor object at 0x1180b7c10>
52.49123000000007,0.0,7218,<entities.dtn.DTN object at 0x1180d1550>,<entities.processor.Processor object at 0x1180b7c10>
53.49123000000007,0.0,7218,<entities.dtn.DTN object at 0x1180d1550>,<entities.processor.Processor object at 0x1180b7c10>
54.49123000000007,0.0,7218,<entities.dtn.DTN object at 0x1180d1550>,<entities.processor.Processor object at 0x1180b7c10>
55.49123000000007,0.0,7218,<entities.dtn.DTN object at 0x1180d1550>,<entities.processor.Processor object at 0x1180b7c10>
56.49123000000007,0.0,7218,<entities.dtn.DTN object at 0x1180d1550>,<entities.processor.Processor object at 0x1180b7c10>
57.49123000000007,0.0,7218,<entities.dtn.DTN object at 0x1180d1550>,<entities.processor.Processor object at 0x1180b7c10>
58.49123000000007,0.0,7218,<entities.dtn.DTN object at 0x1180d1550>,<entities.processor.Processor object at 0x1180b7c10>
59.49123000000007,0.0,7218,<entities.dtn.DTN object at 0x1180d1550>,<entities.processor.Processor object at 0x1180b7c10>
60.49123000000007,0.0,7218,<entities.dtn.DTN object at 0x1180d1550>,<entities.processor.Processor object at 0x1180b7c10>
61.49123000000007,0.0,7218,<entities.dtn.DTN object at 0x1180d1550>,<entities.processor.Processor object at 0x1180b7c10>
62.49123000000007,0.0,7218,<entities.dtn.DTN object at 0x1180d1550>,<entities.processor.Processor object at 0x1180b7c10>
63.49123000000007,0.0,7218,<entities.dtn.DTN object at 0x1180d1550>,<entities.processor.Processor object at 0x1180b7c10>
64.49123000000007,0.0,7218,<entities.dtn.DTN object at 0x1180d1550>,<entities.processor.Processor object at 0x1180b7c10>
65.49123000000007,0.0,7218,<entities.dtn.DTN object at 0x1180d1550>,<entities.processor.Processor object at 0x1180b7c10>
66.49123000000007,0.0,7218,<entities.dtn.DTN object at 0x1180d1550>,<entities.processor.Processor object at 0x1180b7c10>
67.49123000000007,0.0,7218,<entities.dtn.DTN object at 0x1180d1550>,<entities.processor.Processor object at 0x1180b7c10>
68.49123000000007,0.0,7218,<entities.dtn.DTN object at 0x1180d1550>,<entities.processor.Processor object at 0x1180b7c10>
69.49123000000007,0.0,7218,<entities.dtn.DTN object at 0x1180d1550>,<entities.processor.Processor object at 0x1180b7c10>
70.49123000000007,0.0,7218,<entities.dtn.DTN object at 0x1180d1550>,<entities.processor.Processor object at 0x1180b7c10>
71.49123000000007,0.0,7218,<entities.dtn.DTN object at 0x1180d1550>,<entities.processor.Processor object at 0x1180b7c10>
72.49123000000007,0.0,7218,<entities.dtn.DTN object at 0x1180d1550>,<entities.processor.Processor object at 0x1180b7c10>
73.49123000000007,0.0,7218,<entities.dtn.DTN object at 0x1180d1550>,<entities.processor.Processor object at 0x1180b7c10>
74.49123000000007,0.0,7218,<entities.dtn.DTN object at 0x1180d1550>,<entities.processor.Processor object at 0x1180b7c10>
75.49123000000007,0.0,7218,<entities.dtn.DTN object at 0x1180d1550>,<entities.processor.Processor object at 0x1180b7c10>
76.49123000000007,0.0,7218,<entities.dtn.DTN object at 0x1180d1550>,<entities.processor.Processor object at 0x1180b7c10>
77.49123000000007,0.0,7218,<entities.dtn.DTN object at 0x1180d1550>,<entities.processor.Processor object at 0x1180b7c10>
78.49123000000007,0.0,7218,<entities.dtn.DTN object at 0x1180d1550>,<entities.processor.Processor object at 0x1180b7c10>
79.49123000000007,0.0,7218,<entities.dtn.DTN object at 0x1180d1550>,<entities.processor.Processor object at 0x1180b7c10>
80.49123000000007,0.0,7218,<entities.dtn.DTN object at 0x1180d1550>,<entities.processor.Processor object at 0x1180b7c10>
81.49123000000007,0.0,7218,<entities.dtn.DTN object at 0x1180d1550>,<entities.processor.Processor object at 0x1180b7c10>
82.49123000000007,0.0,7218,<entities.dtn.DTN object at 0x1180d1550>,<entities.processor.Processor object at 0x1180b7c10>
83.49123000000007,0.0,7218,<entities.dtn.DTN object at 0x1180d1550>,<entities.processor.Processor object at 0x1180b7c10>
84.49123000000007,0.0,7218,<entities.dtn.DTN object at 0x1180d1550>,<entities.processor.Processor object at 0x1180b7c10>
85.49123000000007,0.0,7218,<entities.dtn.DTN object at 0x1180d1550>,<entities.processor.Processor object at 0x1180b7c10>
86.49123000000007,0.0,7218,<entities.dtn.DTN object at 0x1180d1550>,<entities.processor.Processor object at 0x1180b7c10>
87.49123000000007,0.0,7218,<entities.dtn.DTN object at 0x1180d1550>,<entities.processor.Processor object at 0x1180b7c10>
88.49123000000007,0.0,7218,<entities.dtn.DTN object at 0x1180d1550>,<entities.processor.Processor object at 0x1180b7c10>
89.49123000000007,0.0,7218,<entities.dtn.DTN object at 0x1180d1550>,<entities.processor.Processor object at 0x1180b7c10>
90.49123000000007,0.0,7218,<entities.dtn.DTN object at 0x1180d1550>,<entities.processor.Processor object at 0x1180b7c10>
91.49123000000007,0.0,7218,<entities.dtn.DTN object at 0x1180d1550>,<entities.processor.Processor object at 0x1180b7c10>
92.49123000000007,0.0,7218,<entities.dtn.DTN object at 0x1180d1550>,<entities.processor.Processor object at 0x1180b7c10>
93.49123000000007,0.0,7218,<entities.dtn.DTN object at 0x1180d1550>,<entities.processor.Processor object at 0x1180b7c10>
94.49123000000007,0.0,7218,<entities.dtn.DTN object at 0x1180d1550>,<entities.processor.Processor object at 0x1180b7c10>
95.49123000000007,0.0,7218,<entities.dtn.DTN object at 0x1180d1550>,<entities.processor.Processor object at 0x1180b7c10>
96.49123000000007,0.0,7218,<entities.dtn.DTN object at 0x1180d1550>,<entities.processor.Processor object at 0x1180b7c10>
97.49123000000007,0.0,7218,<entities.dtn.DTN object at 0x1180d1550>,<entities.processor.Processor object at 0x1180b7c10>
98.49123000000007,0.0,7218,<entities.dtn.DTN object at 0x1180d1550>,<entities.processor.Processor object at 0x1180b7c10>
99.49123000000007,0.0,7218,<entities.dtn.DTN object at 0x1180d1550>,<entities.processor.Processor object at 0x1180b7c10>
100.49123000000007,0.0,7218,<entities.dtn.DTN object at 0x1180d1550>,<entities.processor.Processor object at 0x1180b7c10>
101.49123000000007,0.0,7218,<entities.dtn.DTN object at 0x1180d1550>,<entities.processor.Processor object at 0x1180b7c10>
102.49123000000007,0.0,7218,<entities.dtn.DTN object at 0x1180d1550>,<entities.processor.Processor object at 0x1180b7c10>
103.49123000000007,0.0,7218,<entities.dtn.DTN object at 0x1180d1550>,<entities.processor.Processor object at 0x1180b7c10>
104.49123000000007,0.0,7218,<entities.dtn.DTN object at 0x1180d1550>,<entities.processor.Processor object at 0x1180b7c10>
105.49123000000007,0.0,7218,<entities.dtn.DTN object at 0x1180d1550>,<entities.processor.Processor object at 0x1180b7c10>
106.49123000000007,0.0,7218,<entities.dtn.DTN object at 0x1180d1550>,<entities.processor.Processor object at 0x1180b7c10>
107.49123000000007,0.0,7218,<entities.dtn.DTN object at 0x1180d1550>,<entities.processor.Processor object at 0x1180b7c10>
108.49123000000007,0.0,7218,<entities.dtn.DTN object at 0x1180d1550>,<entities.processor.Processor object at 0x1180b7c10>
109.49123000000007,0.0,7218,<entities.dtn.DTN object at 0x1180d1550>,<entities.processor.Processor object at 0x1180b7c10>
110.49123000000007,0.0,7218,<entities.dtn.DTN object at 0x1180d1550>,<entities.processor.Processor object at 0x1180b7c10>
111.49123000000007,0.0,7218,<entities.dtn.DTN object at 0x1180d1550>,<entities.processor.Processor object at 0x1180b7c10>
112.49123000000007,0.0,7218,<entities.dtn.DTN object at 0x1180d1550>,<entities.processor.Processor object at 0x1180b7c10>
113.49123000000007,0.0,7218,<entities.dtn.DTN object at 0x1180d1550>,<entities.processor.Processor object at 0x1180b7c10>
114.49123000000007,0.0,7218,<entities.dtn.DTN object at 0x1180d1550>,<entities.processor.Processor object at 0x1180b7c10>
115.49123000000007,0.0,7218,<entities.dtn.DTN object at 0x1180d1550>,<entities.processor.Processor object at 0x1180b7c10>
116.49123000000007,0.0,7218,<entities.dtn.DTN object at 0x1180d1550>,<entities.processor.Processor object at 0x1180b7c10>
117.49123000000007,0.0,7218,<entities.dtn.DTN object at 0x1180d1550>,<entities.processor.Processor object at 0x1180b7c10>
118.49123000000007,0.0,7218,<entities.dtn.DTN object at 0x1180d1550>,<entities.processor.Processor object at 0x1180b7c10>
119.49123000000007,0.0,7218,<entities.dtn.DTN object at 0x1180d1550>,<entities.processor.Processor object at 0x1180b7c10>
120.49123000000007,0.0,7218,<entities.dtn.DTN object at 0x1180d1550>,<entities.processor.Processor object at 0x1180b7c10>
121.49123000000007,0.0,7218,<entities.dtn.DTN object at 0x1180d1550>,<entities.processor.Processor object at 0x1180b7c10>
122.49123000000007,0.0,7218,<entities.dtn.DTN object at 0x1180d1550>,<entities.processor.Processor object at 0x1180b7c10>
123.49123000000007,0.0,7218,<entities.dtn.DTN object at 0x1180d1550>,<entities.processor.Processor object at 0x1180b7c10>
124.49123000000007,0.0,7218,<entities.dtn.DTN object at 0x1180d1550>,<entities.processor.Processor object at 0x1180b7c10>
125.49123000000007,0.0,7218,<entities.dtn.DTN object at 0x1180d1550>,<entities.processor.Processor object at 0x1180b7c10>
126.49123000000007,0.0,7218,<entities.dtn.DTN object at 0x1180d1550>,<entities.processor.Processor object at 0x1180b7c10>
127.49123000000007,0.0,7218,<entities.dtn.DTN object at 0x1180d1550>,<entities.processor.Processor object at 0x1180b7c10>
128.4912300000001,0.0,7218,<entities.dtn.DTN object at 0x1180d1550>,<entities.processor.Processor object at 0x1180b7c10>
129.4912300000001,0.0,7218,<entities.dtn.DTN object at 0x1180d1550>,<entities.processor.Processor object at 0x1180b7c10>
130.4912300000001,0.0,7218,<entities.dtn.DTN object at 0x1180d1550>,<entities.processor.Processor object at 0x1180b7c10>
131.4912300000001,0.0,7218,<entities.dtn.DTN object at 0x1180d1550>,<entities.processor.Processor object at 0x1180b7c10>
132.4912300000001,0.0,7218,<entities.dtn.DTN object at 0x1180d1550>,<entities.processor.Processor object at 0x1180b7c10>
133.4912300000001,0.0,7218,<entities.dtn.DTN object at 0x1180d1550>,<entities.processor.Processor object at 0x1180b7c10>
134.4912300000001,0.0,7218,<entities.dtn.DTN object at 0x1180d1550>,<entities.processor.Processor object at 0x1180b7c10>
135.4912300000001,0.0,7218,<entities.dtn.DTN object at 0x1180d1550>,<entities.processor.Processor object at 0x1180b7c10>
136.4912300000001,0.0,7218,<entities.dtn.DTN object at 0x1180d1550>,<entities.processor.Processor object at 0x1180b7c10>
137.4912300000001,0.0,7218,<entities.dtn.DTN object at 0x1180d1550>,<entities.processor.Processor object at 0x1180b7c10>
138.4912300000001,0.0,7218,<entities.dtn.DTN object at 0x1180d1550>,<entities.processor.Processor object at 0x1180b7c10>
139.4912300000001,0.0,7218,<entities.dtn.DTN object at 0x1180d1550>,<entities.processor.Processor object at 0x1180b7c10>
140.4912300000001,0.0,7218,<entities.dtn.DTN object at 0x1180d1550>,<entities.processor.Processor object at 0x1180b7c10>
141.4912300000001,0.0,7218,<entities.dtn.DTN object at 0x1180d1550>,<entities.processor.Processor object at 0x1180b7c10>
142.4912300000001,0.0,7218,<entities.dtn.DTN object at 0x1180d1550>,<entities.processor.Processor object at 0x1180b7c10>
143.4912300000001,0.0,7218,<entities.dtn.DTN object at 0x1180d1550>,<entities.processor.Processor object at 0x1180b7c10>
144.4912300000001,0.0,7218,<entities.dtn.DTN object at 0x1180d1550>,<entities.processor.Processor object at 0x1180b7c10>
145.4912300000001,0.0,7218,<entities.dtn.DTN object at 0x1180d1550>,<entities.processor.Processor object at 0x1180b7c10>
146.4912300000001,0.0,7218,<entities.dtn.DTN object at 0x1180d1550>,<entities.processor.Processor object at 0x1180b7c10>
147.4912300000001,0.0,7218,<entities.dtn.DTN object at 0x1180d1550>,<entities.processor.Processor object at 0x1180b7c10>
148.4912300000001,0.0,7218,<entities.dtn.DTN object at 0x1180d1550>,<entities.processor.Processor object at 0x1180b7c10>
149.4912300000001,0.0,7218,<entities.dtn.DTN object at 0x1180d1550>,<entities.processor.Processor object at 0x1180b7c10>
150.4912300000001,0.0,7218,<entities.dtn.DTN object at 0x1180d1550>,<entities.processor.Processor object at 0x1180b7c10>
151.4912300000001,0.0,7218,<entities.dtn.DTN object at 0x1180d1550>,<entities.processor.Processor object at 0x1180b7c10>
152.4912300000001,0.0,7218,<entities.dtn.DTN object at 0x1180d1550>,<entities.processor.Processor object at 0x1180b7c10>
153.4912300000001,0.0,7218,<entities.dtn.DTN object at 0x1180d1550>,<entities.processor.Processor object at 0x1180b7c10>
154.4912300000001,0.0,7218,<entities.dtn.DTN object at 0x1180d1550>,<entities.processor.Processor object at 0x1180b7c10>
155.4912300000001,0.0,7218,<entities.dtn.DTN object at 0x1180d1550>,<entities.processor.Processor object at 0x1180b7c10>
156.4912300000001,0.0,7218,<entities.dtn.DTN object at 0x1180d1550>,<entities.processor.Processor object at 0x1180b7c10>
157.4912300000001,0.0,7218,<entities.dtn.DTN object at 0x1180d1550>,<entities.processor.Processor object at 0x1180b7c10>
158.4912300000001,0.0,7218,<entities.dtn.DTN object at 0x1180d1550>,<entities.processor.Processor object at 0x1180b7c10>
159.4912300000001,0.0,7218,<entities.dtn.DTN object at 0x1180d1550>,<entities.processor.Processor object at 0x1180b7c10>
160.4912300000001,0.0,7218,<entities.dtn.DTN object at 0x1180d1550>,<entities.processor.Processor object at 0x1180b7c10>
161.4912300000001,0.0,7218,<entities.dtn.DTN object at 0x1180d1550>,<entities.processor.Processor object at 0x1180b7c10>
162.4912300000001,0.0,7218,<entities.dtn.DTN object at 0x1180d1550>,<entities.processor.Processor object at 0x1180b7c10>
163.4912300000001,0.0,7218,<entities.dtn.DTN object at 0x1180d1550>,<entities.processor.Processor object at 0x1180b7c10>
164.4912300000001,0.0,7218,<entities.dtn.DTN object at 0x1180d1550>,<entities.processor.Processor object at 0x1180b7c10>
165.4912300000001,0.0,7218,<entities.dtn.DTN object at 0x1180d1550>,<entities.processor.Processor object at 0x1180b7c10>
166.4912300000001,0.0,7218,<entities.dtn.DTN object at 0x1180d1550>,<entities.processor.Processor object at 0x1180b7c10>
167.4912300000001,0.0,7218,<entities.dtn.DTN object at 0x1180d1550>,<entities.processor.Processor object at 0x1180b7c10>
168.4912300000001,0.0,7218,<entities.dtn.DTN object at 0x1180d1550>,<entities.processor.Processor object at 0x1180b7c10>
169.4912300000001,0.0,7218,<entities.dtn.DTN object at 0x1180d1550>,<entities.processor.Processor object at 0x1180b7c10>
170.4912300000001,0.0,7218,<entities.dtn.DTN object at 0x1180d1550>,<entities.processor.Processor object at 0x1180b7c10>
171.4912300000001,0.0,7218,<entities.dtn.DTN object at 0x1180d1550>,<entities.processor.Processor object at 0x1180b7c10>
172.4912300000001,0.0,7218,<entities.dtn.DTN object at 0x1180d1550>,<entities.processor.Processor object at 0x1180b7c10>
173.4912300000001,0.0,7218,<entities.dtn.DTN object at 0x1180d1550>,<entities.processor.Processor object at 0x1180b7c10>
174.4912300000001,0.0,7218,<entities.dtn.DTN object at 0x1180d1550>,<entities.processor.Processor object at 0x1180b7c10>
175.4912300000001,0.0,7218,<entities.dtn.DTN object at 0x1180d1550>,<entities.processor.Processor object at 0x1180b7c10>
176.4912300000001,0.0,7218,<entities.dtn.DTN object at 0x1180d1550>,<entities.processor.Processor object at 0x1180b7c10>
177.4912300000001,0.0,7218,<entities.dtn.DTN object at 0x1180d1550>,<entities.processor.Processor object at 0x1180b7c10>
178.4912300000001,0.0,7218,<entities.dtn.DTN object at 0x1180d1550>,<entities.processor.Processor object at 0x1180b7c10>
179.4912300000001,0.0,7218,<entities.dtn.DTN object at 0x1180d1550>,<entities.processor.Processor object at 0x1180b7c10>
180.4912300000001,0.0,7218,<entities.dtn.DTN object at 0x1180d1550>,<entities.processor.Processor object at 0x1180b7c10>
181.4912300000001,0.0,7218,<entities.dtn.DTN object at 0x1180d1550>,<entities.processor.Processor object at 0x1180b7c10>
182.4912300000001,0.0,7218,<entities.dtn.DTN object at 0x1180d1550>,<entities.processor.Processor object at 0x1180b7c10>
183.4912300000001,0.0,7218,<entities.dtn.DTN object at 0x1180d1550>,<entities.processor.Processor object at 0x1180b7c10>
184.4912300000001,0.0,7218,<entities.dtn.DTN object at 0x1180d1550>,<entities.processor.Processor object at 0x1180b7c10>
185.4912300000001,0.0,7218,<entities.dtn.DTN object at 0x1180d1550>,<entities.processor.Processor object at 0x1180b7c10>
186.4912300000001,0.0,7218,<entities.dtn.DTN object at 0x1180d1550>,<entities.processor.Processor object at 0x1180b7c10>
187.4912300000001,0.0,7218,<entities.dtn.DTN object at 0x1180d1550>,<entities.processor.Processor object at 0x1180b7c10>
188.4912300000001,0.0,7218,<entities.dtn.DTN object at 0x1180d1550>,<entities.processor.Processor object at 0x1180b7c10>
189.4912300000001,0.0,7218,<entities.dtn.DTN object at 0x1180d1550>,<entities.processor.Processor object at 0x1180b7c10>
190.4912300000001,0.0,7218,<entities.dtn.DTN object at 0x1180d1550>,<entities.processor.Processor object at 0x1180b7c10>
191.4912300000001,0.0,7218,<entities.dtn.DTN object at 0x1180d1550>,<entities.processor.Processor object at 0x1180b7c10>
192.4912300000001,0.0,7218,<entities.dtn.DTN object at 0x1180d1550>,<entities.processor.Processor object at 0x1180b7c10>
193.4912300000001,0.0,7218,<entities.dtn.DTN object at 0x1180d1550>,<entities.processor.Processor object at 0x1180b7c10>
194.4912300000001,0.0,7218,<entities.dtn.DTN object at 0x1180d1550>,<entities.processor.Processor object at 0x1180b7c10>
195.4912300000001,0.0,7218,<entities.dtn.DTN object at 0x1180d1550>,<entities.processor.Processor object at 0x1180b7c10>
196.4912300000001,0.0,7218,<entities.dtn.DTN object at 0x1180d1550>,<entities.processor.Processor object at 0x1180b7c10>
197.4912300000001,0.0,7218,<entities.dtn.DTN object at 0x1180d1550>,<entities.processor.Processor object at 0x1180b7c10>
198.4912300000001,0.0,7218,<entities.dtn.DTN object at 0x1180d1550>,<entities.processor.Processor object at 0x1180b7c10>
199.4912300000001,0.0,7218,<entities.dtn.DTN object at 0x1180d1550>,<entities.processor.Processor object at 0x1180b7c10>
20.491360000000075,0.0,11019,<entities.dtn.DTN object at 0x1180d1550>,<entities.processor.Processor object at 0x1180d1220>
21.491360000000075,0.0,11019,<entities.dtn.DTN object at 0x1180d1550>,<entities.processor.Processor object at 0x1180d1220>
22.491360000000075,0.0,11019,<entities.dtn.DTN object at 0x1180d1550>,<entities.processor.Processor object at 0x1180d1220>
23.491360000000075,0.0,11019,<entities.dtn.DTN object at 0x1180d1550>,<entities.processor.Processor object at 0x1180d1220>
24.491360000000075,0.0,11019,<entities.dtn.DTN object at 0x1180d1550>,<entities.processor.Processor object at 0x1180d1220>
25.491360000000075,0.0,11019,<entities.dtn.DTN object at 0x1180d1550>,<entities.processor.Processor object at 0x1180d1220>
26.491360000000075,0.0,11019,<entities.dtn.DTN object at 0x1180d1550>,<entities.processor.Processor object at 0x1180d1220>
27.491360000000075,0.0,11019,<entities.dtn.DTN object at 0x1180d1550>,<entities.processor.Processor object at 0x1180d1220>
28.491360000000075,0.0,11019,<entities.dtn.DTN object at 0x1180d1550>,<entities.processor.Processor object at 0x1180d1220>
29.491360000000075,0.0,11019,<entities.dtn.DTN object at 0x1180d1550>,<entities.processor.Processor object at 0x1180d1220>
30.491360000000075,0.0,11019,<entities.dtn.DTN object at 0x1180d1550>,<entities.processor.Processor object at 0x1180d1220>
31.491360000000075,0.0,11019,<entities.dtn.DTN object at 0x1180d1550>,<entities.processor.Processor object at 0x1180d1220>
32.49136000000007,0.0,11019,<entities.dtn.DTN object at 0x1180d1550>,<entities.processor.Processor object at 0x1180d1220>
33.49136000000007,0.0,11019,<entities.dtn.DTN object at 0x1180d1550>,<entities.processor.Processor object at 0x1180d1220>
34.49136000000007,0.0,11019,<entities.dtn.DTN object at 0x1180d1550>,<entities.processor.Processor object at 0x1180d1220>
35.49136000000007,0.0,11019,<entities.dtn.DTN object at 0x1180d1550>,<entities.processor.Processor object at 0x1180d1220>
36.49136000000007,0.0,11019,<entities.dtn.DTN object at 0x1180d1550>,<entities.processor.Processor object at 0x1180d1220>
37.49136000000007,0.0,11019,<entities.dtn.DTN object at 0x1180d1550>,<entities.processor.Processor object at 0x1180d1220>
38.49136000000007,0.0,11019,<entities.dtn.DTN object at 0x1180d1550>,<entities.processor.Processor object at 0x1180d1220>
39.49136000000007,0.0,11019,<entities.dtn.DTN object at 0x1180d1550>,<entities.processor.Processor object at 0x1180d1220>
40.49136000000007,0.0,11019,<entities.dtn.DTN object at 0x1180d1550>,<entities.processor.Processor object at 0x1180d1220>
41.49136000000007,0.0,11019,<entities.dtn.DTN object at 0x1180d1550>,<entities.processor.Processor object at 0x1180d1220>
42.49136000000007,0.0,11019,<entities.dtn.DTN object at 0x1180d1550>,<entities.processor.Processor object at 0x1180d1220>
43.49136000000007,0.0,11019,<entities.dtn.DTN object at 0x1180d1550>,<entities.processor.Processor object at 0x1180d1220>
44.49136000000007,0.0,11019,<entities.dtn.DTN object at 0x1180d1550>,<entities.processor.Processor object at 0x1180d1220>
45.49136000000007,0.0,11019,<entities.dtn.DTN object at 0x1180d1550>,<entities.processor.Processor object at 0x1180d1220>
46.49136000000007,0.0,11019,<entities.dtn.DTN object at 0x1180d1550>,<entities.processor.Processor object at 0x1180d1220>
47.49136000000007,0.0,11019,<entities.dtn.DTN object at 0x1180d1550>,<entities.processor.Processor object at 0x1180d1220>
48.49136000000007,0.0,11019,<entities.dtn.DTN object at 0x1180d1550>,<entities.processor.Processor object at 0x1180d1220>
49.49136000000007,0.0,11019,<entities.dtn.DTN object at 0x1180d1550>,<entities.processor.Processor object at 0x1180d1220>
50.49136000000007,0.0,11019,<entities.dtn.DTN object at 0x1180d1550>,<entities.processor.Processor object at 0x1180d1220>
51.49136000000007,0.0,11019,<entities.dtn.DTN object at 0x1180d1550>,<entities.processor.Processor object at 0x1180d1220>
52.49136000000007,0.0,11019,<entities.dtn.DTN object at 0x1180d1550>,<entities.processor.Processor object at 0x1180d1220>
53.49136000000007,0.0,11019,<entities.dtn.DTN object at 0x1180d1550>,<entities.processor.Processor object at 0x1180d1220>
54.49136000000007,0.0,11019,<entities.dtn.DTN object at 0x1180d1550>,<entities.processor.Processor object at 0x1180d1220>
55.49136000000007,0.0,11019,<entities.dtn.DTN object at 0x1180d1550>,<entities.processor.Processor object at 0x1180d1220>
56.49136000000007,0.0,11019,<entities.dtn.DTN object at 0x1180d1550>,<entities.processor.Processor object at 0x1180d1220>
57.49136000000007,0.0,11019,<entities.dtn.DTN object at 0x1180d1550>,<entities.processor.Processor object at 0x1180d1220>
58.49136000000007,0.0,11019,<entities.dtn.DTN object at 0x1180d1550>,<entities.processor.Processor object at 0x1180d1220>
59.49136000000007,0.0,11019,<entities.dtn.DTN object at 0x1180d1550>,<entities.processor.Processor object at 0x1180d1220>
60.49136000000007,0.0,11019,<entities.dtn.DTN object at 0x1180d1550>,<entities.processor.Processor object at 0x1180d1220>
61.49136000000007,0.0,11019,<entities.dtn.DTN object at 0x1180d1550>,<entities.processor.Processor object at 0x1180d1220>
62.49136000000007,0.0,11019,<entities.dtn.DTN object at 0x1180d1550>,<entities.processor.Processor object at 0x1180d1220>
63.49136000000007,0.0,11019,<entities.dtn.DTN object at 0x1180d1550>,<entities.processor.Processor object at 0x1180d1220>
64.49136000000007,0.0,11019,<entities.dtn.DTN object at 0x1180d1550>,<entities.processor.Processor object at 0x1180d1220>
65.49136000000007,0.0,11019,<entities.dtn.DTN object at 0x1180d1550>,<entities.processor.Processor object at 0x1180d1220>
66.49136000000007,0.0,11019,<entities.dtn.DTN object at 0x1180d1550>,<entities.processor.Processor object at 0x1180d1220>
67.49136000000007,0.0,11019,<entities.dtn.DTN object at 0x1180d1550>,<entities.processor.Processor object at 0x1180d1220>
68.49136000000007,0.0,11019,<entities.dtn.DTN object at 0x1180d1550>,<entities.processor.Processor object at 0x1180d1220>
69.49136000000007,0.0,11019,<entities.dtn.DTN object at 0x1180d1550>,<entities.processor.Processor object at 0x1180d1220>
70.49136000000007,0.0,11019,<entities.dtn.DTN object at 0x1180d1550>,<entities.processor.Processor object at 0x1180d1220>
71.49136000000007,0.0,11019,<entities.dtn.DTN object at 0x1180d1550>,<entities.processor.Processor object at 0x1180d1220>
72.49136000000007,0.0,11019,<entities.dtn.DTN object at 0x1180d1550>,<entities.processor.Processor object at 0x1180d1220>
73.49136000000007,0.0,11019,<entities.dtn.DTN object at 0x1180d1550>,<entities.processor.Processor object at 0x1180d1220>
74.49136000000007,0.0,11019,<entities.dtn.DTN object at 0x1180d1550>,<entities.processor.Processor object at 0x1180d1220>
75.49136000000007,0.0,11019,<entities.dtn.DTN object at 0x1180d1550>,<entities.processor.Processor object at 0x1180d1220>
76.49136000000007,0.0,11019,<entities.dtn.DTN object at 0x1180d1550>,<entities.processor.Processor object at 0x1180d1220>
77.49136000000007,0.0,11019,<entities.dtn.DTN object at 0x1180d1550>,<entities.processor.Processor object at 0x1180d1220>
78.49136000000007,0.0,11019,<entities.dtn.DTN object at 0x1180d1550>,<entities.processor.Processor object at 0x1180d1220>
79.49136000000007,0.0,11019,<entities.dtn.DTN object at 0x1180d1550>,<entities.processor.Processor object at 0x1180d1220>
80.49136000000007,0.0,11019,<entities.dtn.DTN object at 0x1180d1550>,<entities.processor.Processor object at 0x1180d1220>
81.49136000000007,0.0,11019,<entities.dtn.DTN object at 0x1180d1550>,<entities.processor.Processor object at 0x1180d1220>
82.49136000000007,0.0,11019,<entities.dtn.DTN object at 0x1180d1550>,<entities.processor.Processor object at 0x1180d1220>
83.49136000000007,0.0,11019,<entities.dtn.DTN object at 0x1180d1550>,<entities.processor.Processor object at 0x1180d1220>
84.49136000000007,0.0,11019,<entities.dtn.DTN object at 0x1180d1550>,<entities.processor.Processor object at 0x1180d1220>
85.49136000000007,0.0,11019,<entities.dtn.DTN object at 0x1180d1550>,<entities.processor.Processor object at 0x1180d1220>
86.49136000000007,0.0,11019,<entities.dtn.DTN object at 0x1180d1550>,<entities.processor.Processor object at 0x1180d1220>
87.49136000000007,0.0,11019,<entities.dtn.DTN object at 0x1180d1550>,<entities.processor.Processor object at 0x1180d1220>
88.49136000000007,0.0,11019,<entities.dtn.DTN object at 0x1180d1550>,<entities.processor.Processor object at 0x1180d1220>
89.49136000000007,0.0,11019,<entities.dtn.DTN object at 0x1180d1550>,<entities.processor.Processor object at 0x1180d1220>
90.49136000000007,0.0,11019,<entities.dtn.DTN object at 0x1180d1550>,<entities.processor.Processor object at 0x1180d1220>
91.49136000000007,0.0,11019,<entities.dtn.DTN object at 0x1180d1550>,<entities.processor.Processor object at 0x1180d1220>
92.49136000000007,0.0,11019,<entities.dtn.DTN object at 0x1180d1550>,<entities.processor.Processor object at 0x1180d1220>
93.49136000000007,0.0,11019,<entities.dtn.DTN object at 0x1180d1550>,<entities.processor.Processor object at 0x1180d1220>
94.49136000000007,0.0,11019,<entities.dtn.DTN object at 0x1180d1550>,<entities.processor.Processor object at 0x1180d1220>
95.49136000000007,0.0,11019,<entities.dtn.DTN object at 0x1180d1550>,<entities.processor.Processor object at 0x1180d1220>
96.49136000000007,0.0,11019,<entities.dtn.DTN object at 0x1180d1550>,<entities.processor.Processor object at 0x1180d1220>
97.49136000000007,0.0,11019,<entities.dtn.DTN object at 0x1180d1550>,<entities.processor.Processor object at 0x1180d1220>
98.49136000000007,0.0,11019,<entities.dtn.DTN object at 0x1180d1550>,<entities.processor.Processor object at 0x1180d1220>
99.49136000000007,0.0,11019,<entities.dtn.DTN object at 0x1180d1550>,<entities.processor.Processor object at 0x1180d1220>
100.49136000000007,0.0,11019,<entities.dtn.DTN object at 0x1180d1550>,<entities.processor.Processor object at 0x1180d1220>
101.49136000000007,0.0,11019,<entities.dtn.DTN object at 0x1180d1550>,<entities.processor.Processor object at 0x1180d1220>
102.49136000000007,0.0,11019,<entities.dtn.DTN object at 0x1180d1550>,<entities.processor.Processor object at 0x1180d1220>
103.49136000000007,0.0,11019,<entities.dtn.DTN object at 0x1180d1550>,<entities.processor.Processor object at 0x1180d1220>
104.49136000000007,0.0,11019,<entities.dtn.DTN object at 0x1180d1550>,<entities.processor.Processor object at 0x1180d1220>
105.49136000000007,0.0,11019,<entities.dtn.DTN object at 0x1180d1550>,<entities.processor.Processor object at 0x1180d1220>
106.49136000000007,0.0,11019,<entities.dtn.DTN object at 0x1180d1550>,<entities.processor.Processor object at 0x1180d1220>
107.49136000000007,0.0,11019,<entities.dtn.DTN object at 0x1180d1550>,<entities.processor.Processor object at 0x1180d1220>
108.49136000000007,0.0,11019,<entities.dtn.DTN object at 0x1180d1550>,<entities.processor.Processor object at 0x1180d1220>
109.49136000000007,0.0,11019,<entities.dtn.DTN object at 0x1180d1550>,<entities.processor.Processor object at 0x1180d1220>
110.49136000000007,0.0,11019,<entities.dtn.DTN object at 0x1180d1550>,<entities.processor.Processor object at 0x1180d1220>
111.49136000000007,0.0,11019,<entities.dtn.DTN object at 0x1180d1550>,<entities.processor.Processor object at 0x1180d1220>
112.49136000000007,0.0,11019,<entities.dtn.DTN object at 0x1180d1550>,<entities.processor.Processor object at 0x1180d1220>
113.49136000000007,0.0,11019,<entities.dtn.DTN object at 0x1180d1550>,<entities.processor.Processor object at 0x1180d1220>
114.49136000000007,0.0,11019,<entities.dtn.DTN object at 0x1180d1550>,<entities.processor.Processor object at 0x1180d1220>
115.49136000000007,0.0,11019,<entities.dtn.DTN object at 0x1180d1550>,<entities.processor.Processor object at 0x1180d1220>
116.49136000000007,0.0,11019,<entities.dtn.DTN object at 0x1180d1550>,<entities.processor.Processor object at 0x1180d1220>
117.49136000000007,0.0,11019,<entities.dtn.DTN object at 0x1180d1550>,<entities.processor.Processor object at 0x1180d1220>
118.49136000000007,0.0,11019,<entities.dtn.DTN object at 0x1180d1550>,<entities.processor.Processor object at 0x1180d1220>
119.49136000000007,0.0,11019,<entities.dtn.DTN object at 0x1180d1550>,<entities.processor.Processor object at 0x1180d1220>
120.49136000000007,0.0,11019,<entities.dtn.DTN object at 0x1180d1550>,<entities.processor.Processor object at 0x1180d1220>
121.49136000000007,0.0,11019,<entities.dtn.DTN object at 0x1180d1550>,<entities.processor.Processor object at 0x1180d1220>
122.49136000000007,0.0,11019,<entities.dtn.DTN object at 0x1180d1550>,<entities.processor.Processor object at 0x1180d1220>
123.49136000000007,0.0,11019,<entities.dtn.DTN object at 0x1180d1550>,<entities.processor.Processor object at 0x1180d1220>
124.49136000000007,0.0,11019,<entities.dtn.DTN object at 0x1180d1550>,<entities.processor.Processor object at 0x1180d1220>
125.49136000000007,0.0,11019,<entities.dtn.DTN object at 0x1180d1550>,<entities.processor.Processor object at 0x1180d1220>
126.49136000000007,0.0,11019,<entities.dtn.DTN object at 0x1180d1550>,<entities.processor.Processor object at 0x1180d1220>
127.49136000000007,0.0,11019,<entities.dtn.DTN object at 0x1180d1550>,<entities.processor.Processor object at 0x1180d1220>
128.49136000000007,0.0,11019,<entities.dtn.DTN object at 0x1180d1550>,<entities.processor.Processor object at 0x1180d1220>
129.49136000000007,0.0,11019,<entities.dtn.DTN object at 0x1180d1550>,<entities.processor.Processor object at 0x1180d1220>
130.49136000000007,0.0,11019,<entities.dtn.DTN object at 0x1180d1550>,<entities.processor.Processor object at 0x1180d1220>
131.49136000000007,0.0,11019,<entities.dtn.DTN object at 0x1180d1550>,<entities.processor.Processor object at 0x1180d1220>
132.49136000000007,0.0,11019,<entities.dtn.DTN object at 0x1180d1550>,<entities.processor.Processor object at 0x1180d1220>
133.49136000000007,0.0,11019,<entities.dtn.DTN object at 0x1180d1550>,<entities.processor.Processor object at 0x1180d1220>
134.49136000000007,0.0,11019,<entities.dtn.DTN object at 0x1180d1550>,<entities.processor.Processor object at 0x1180d1220>
135.49136000000007,0.0,11019,<entities.dtn.DTN object at 0x1180d1550>,<entities.processor.Processor object at 0x1180d1220>
136.49136000000007,0.0,11019,<entities.dtn.DTN object at 0x1180d1550>,<entities.processor.Processor object at 0x1180d1220>
137.49136000000007,0.0,11019,<entities.dtn.DTN object at 0x1180d1550>,<entities.processor.Processor object at 0x1180d1220>
138.49136000000007,0.0,11019,<entities.dtn.DTN object at 0x1180d1550>,<entities.processor.Processor object at 0x1180d1220>
139.49136000000007,0.0,11019,<entities.dtn.DTN object at 0x1180d1550>,<entities.processor.Processor object at 0x1180d1220>
140.49136000000007,0.0,11019,<entities.dtn.DTN object at 0x1180d1550>,<entities.processor.Processor object at 0x1180d1220>
141.49136000000007,0.0,11019,<entities.dtn.DTN object at 0x1180d1550>,<entities.processor.Processor object at 0x1180d1220>
142.49136000000007,0.0,11019,<entities.dtn.DTN object at 0x1180d1550>,<entities.processor.Processor object at 0x1180d1220>
143.49136000000007,0.0,11019,<entities.dtn.DTN object at 0x1180d1550>,<entities.processor.Processor object at 0x1180d1220>
144.49136000000007,0.0,11019,<entities.dtn.DTN object at 0x1180d1550>,<entities.processor.Processor object at 0x1180d1220>
145.49136000000007,0.0,11019,<entities.dtn.DTN object at 0x1180d1550>,<entities.processor.Processor object at 0x1180d1220>
146.49136000000007,0.0,11019,<entities.dtn.DTN object at 0x1180d1550>,<entities.processor.Processor object at 0x1180d1220>
147.49136000000007,0.0,11019,<entities.dtn.DTN object at 0x1180d1550>,<entities.processor.Processor object at 0x1180d1220>
148.49136000000007,0.0,11019,<entities.dtn.DTN object at 0x1180d1550>,<entities.processor.Processor object at 0x1180d1220>
149.49136000000007,0.0,11019,<entities.dtn.DTN object at 0x1180d1550>,<entities.processor.Processor object at 0x1180d1220>
150.49136000000007,0.0,11019,<entities.dtn.DTN object at 0x1180d1550>,<entities.processor.Processor object at 0x1180d1220>
151.49136000000007,0.0,11019,<entities.dtn.DTN object at 0x1180d1550>,<entities.processor.Processor object at 0x1180d1220>
152.49136000000007,0.0,11019,<entities.dtn.DTN object at 0x1180d1550>,<entities.processor.Processor object at 0x1180d1220>
153.49136000000007,0.0,11019,<entities.dtn.DTN object at 0x1180d1550>,<entities.processor.Processor object at 0x1180d1220>
154.49136000000007,0.0,11019,<entities.dtn.DTN object at 0x1180d1550>,<entities.processor.Processor object at 0x1180d1220>
155.49136000000007,0.0,11019,<entities.dtn.DTN object at 0x1180d1550>,<entities.processor.Processor object at 0x1180d1220>
156.49136000000007,0.0,11019,<entities.dtn.DTN object at 0x1180d1550>,<entities.processor.Processor object at 0x1180d1220>
157.49136000000007,0.0,11019,<entities.dtn.DTN object at 0x1180d1550>,<entities.processor.Processor object at 0x1180d1220>
158.49136000000007,0.0,11019,<entities.dtn.DTN object at 0x1180d1550>,<entities.processor.Processor object at 0x1180d1220>
159.49136000000007,0.0,11019,<entities.dtn.DTN object at 0x1180d1550>,<entities.processor.Processor object at 0x1180d1220>
160.49136000000007,0.0,11019,<entities.dtn.DTN object at 0x1180d1550>,<entities.processor.Processor object at 0x1180d1220>
161.49136000000007,0.0,11019,<entities.dtn.DTN object at 0x1180d1550>,<entities.processor.Processor object at 0x1180d1220>
162.49136000000007,0.0,11019,<entities.dtn.DTN object at 0x1180d1550>,<entities.processor.Processor object at 0x1180d1220>
163.49136000000007,0.0,11019,<entities.dtn.DTN object at 0x1180d1550>,<entities.processor.Processor object at 0x1180d1220>
164.49136000000007,0.0,11019,<entities.dtn.DTN object at 0x1180d1550>,<entities.processor.Processor object at 0x1180d1220>
165.49136000000007,0.0,11019,<entities.dtn.DTN object at 0x1180d1550>,<entities.processor.Processor object at 0x1180d1220>
166.49136000000007,0.0,11019,<entities.dtn.DTN object at 0x1180d1550>,<entities.processor.Processor object at 0x1180d1220>
167.49136000000007,0.0,11019,<entities.dtn.DTN object at 0x1180d1550>,<entities.processor.Processor object at 0x1180d1220>
168.49136000000007,0.0,11019,<entities.dtn.DTN object at 0x1180d1550>,<entities.processor.Processor object at 0x1180d1220>
169.49136000000007,0.0,11019,<entities.dtn.DTN object at 0x1180d1550>,<entities.processor.Processor object at 0x1180d1220>
170.49136000000007,0.0,11019,<entities.dtn.DTN object at 0x1180d1550>,<entities.processor.Processor object at 0x1180d1220>
171.49136000000007,0.0,11019,<entities.dtn.DTN object at 0x1180d1550>,<entities.processor.Processor object at 0x1180d1220>
172.49136000000007,0.0,11019,<entities.dtn.DTN object at 0x1180d1550>,<entities.processor.Processor object at 0x1180d1220>
173.49136000000007,0.0,11019,<entities.dtn.DTN object at 0x1180d1550>,<entities.processor.Processor object at 0x1180d1220>
174.49136000000007,0.0,11019,<entities.dtn.DTN object at 0x1180d1550>,<entities.processor.Processor object at 0x1180d1220>
175.49136000000007,0.0,11019,<entities.dtn.DTN object at 0x1180d1550>,<entities.processor.Processor object at 0x1180d1220>
176.49136000000007,0.0,11019,<entities.dtn.DTN object at 0x1180d1550>,<entities.processor.Processor object at 0x1180d1220>
177.49136000000007,0.0,11019,<entities.dtn.DTN object at 0x1180d1550>,<entities.processor.Processor object at 0x1180d1220>
178.49136000000007,0.0,11019,<entities.dtn.DTN object at 0x1180d1550>,<entities.processor.Processor object at 0x1180d1220>
179.49136000000007,0.0,11019,<entities.dtn.DTN object at 0x1180d1550>,<entities.processor.Processor object at 0x1180d1220>
180.49136000000007,0.0,11019,<entities.dtn.DTN object at 0x1180d1550>,<entities.processor.Processor object at 0x1180d1220>
181.49136000000007,0.0,11019,<entities.dtn.DTN object at 0x1180d1550>,<entities.processor.Processor object at 0x1180d1220>
182.49136000000007,0.0,11019,<entities.dtn.DTN object at 0x1180d1550>,<entities.processor.Processor object at 0x1180d1220>
183.49136000000007,0.0,11019,<entities.dtn.DTN object at 0x1180d1550>,<entities.processor.Processor object at 0x1180d1220>
184.49136000000007,0.0,11019,<entities.dtn.DTN object at 0x1180d1550>,<entities.processor.Processor object at 0x1180d1220>
185.49136000000007,0.0,11019,<entities.dtn.DTN object at 0x1180d1550>,<entities.processor.Processor object at 0x1180d1220>
186.49136000000007,0.0,11019,<entities.dtn.DTN object at 0x1180d1550>,<entities.processor.Processor object at 0x1180d1220>
187.49136000000007,0.0,11019,<entities.dtn.DTN object at 0x1180d1550>,<entities.processor.Processor object at 0x1180d1220>
188.49136000000007,0.0,11019,<entities.dtn.DTN object at 0x1180d1550>,<entities.processor.Processor object at 0x1180d1220>
189.49136000000007,0.0,11019,<entities.dtn.DTN object at 0x1180d1550>,<entities.processor.Processor object at 0x1180d1220>
190.49136000000007,0.0,11019,<entities.dtn.DTN object at 0x1180d1550>,<entities.processor.Processor object at 0x1180d1220>
191.49136000000007,0.0,11019,<entities.dtn.DTN object at 0x1180d1550>,<entities.processor.Processor object at 0x1180d1220>
192.49136000000007,0.0,11019,<entities.dtn.DTN object at 0x1180d1550>,<entities.processor.Processor object at 0x1180d1220>
193.49136000000007,0.0,11019,<entities.dtn.DTN object at 0x1180d1550>,<entities.processor.Processor object at 0x1180d1220>
194.49136000000007,0.0,11019,<entities.dtn.DTN object at 0x1180d1550>,<entities.processor.Processor object at 0x1180d1220>
195.49136000000007,0.0,11019,<entities.dtn.DTN object at 0x1180d1550>,<entities.processor.Processor object at 0x1180d1220>
196.49136000000007,0.0,11019,<entities.dtn.DTN object at 0x1180d1550>,<entities.processor.Processor object at 0x1180d1220>
197.49136000000007,0.0,11019,<entities.dtn.DTN object at 0x1180d1550>,<entities.processor.Processor object at 0x1180d1220>
198.49136000000007,0.0,11019,<entities.dtn.DTN object at 0x1180d1550>,<entities.processor.Processor object at 0x1180d1220>
199.49136000000007,0.0,11019,<entities.dtn.DTN object at 0x1180d1550>,<entities.processor.Processor object at 0x1180d1220>
22.0,0.0,93277,<entities.processor.Processor object at 0x1180b7ee0>,<entities.dtn.DTN object at 0x1180d1550>
22.091490000000096,0.0,5905,<entities.dtn.DTN object at 0x1180d1550>,<entities.processor.Processor object at 0x1180b7ee0>
23.091490000000096,0.0,5905,<entities.dtn.DTN object at 0x1180d1550>,<entities.processor.Processor object at 0x1180b7ee0>
24.091490000000096,0.0,5905,<entities.dtn.DTN object at 0x1180d1550>,<entities.processor.Processor object at 0x1180b7ee0>
25.091490000000096,0.0,5905,<entities.dtn.DTN object at 0x1180d1550>,<entities.processor.Processor object at 0x1180b7ee0>
26.091490000000096,0.0,5905,<entities.dtn.DTN object at 0x1180d1550>,<entities.processor.Processor object at 0x1180b7ee0>
27.091490000000096,0.0,5905,<entities.dtn.DTN object at 0x1180d1550>,<entities.processor.Processor object at 0x1180b7ee0>
28.091490000000096,0.0,5905,<entities.dtn.DTN object at 0x1180d1550>,<entities.processor.Processor object at 0x1180b7ee0>
29.091490000000096,0.0,5905,<entities.dtn.DTN object at 0x1180d1550>,<entities.processor.Processor object at 0x1180b7ee0>
30.091490000000096,0.0,5905,<entities.dtn.DTN object at 0x1180d1550>,<entities.processor.Processor object at 0x1180b7ee0>
31.091490000000096,0.0,5905,<entities.dtn.DTN object at 0x1180d1550>,<entities.processor.Processor object at 0x1180b7ee0>
32.09149000000009,0.0,5905,<entities.dtn.DTN object at 0x1180d1550>,<entities.processor.Processor object at 0x1180b7ee0>
33.09149000000009,0.0,5905,<entities.dtn.DTN object at 0x1180d1550>,<entities.processor.Processor object at 0x1180b7ee0>
34.09149000000009,0.0,5905,<entities.dtn.DTN object at 0x1180d1550>,<entities.processor.Processor object at 0x1180b7ee0>
35.09149000000009,0.0,5905,<entities.dtn.DTN object at 0x1180d1550>,<entities.processor.Processor object at 0x1180b7ee0>
36.09149000000009,0.0,5905,<entities.dtn.DTN object at 0x1180d1550>,<entities.processor.Processor object at 0x1180b7ee0>
37.09149000000009,0.0,5905,<entities.dtn.DTN object at 0x1180d1550>,<entities.processor.Processor object at 0x1180b7ee0>
38.09149000000009,0.0,5905,<entities.dtn.DTN object at 0x1180d1550>,<entities.processor.Processor object at 0x1180b7ee0>
39.09149000000009,0.0,5905,<entities.dtn.DTN object at 0x1180d1550>,<entities.processor.Processor object at 0x1180b7ee0>
40.09149000000009,0.0,5905,<entities.dtn.DTN object at 0x1180d1550>,<entities.processor.Processor object at 0x1180b7ee0>
41.09149000000009,0.0,5905,<entities.dtn.DTN object at 0x1180d1550>,<entities.processor.Processor object at 0x1180b7ee0>
42.09149000000009,0.0,5905,<entities.dtn.DTN object at 0x1180d1550>,<entities.processor.Processor object at 0x1180b7ee0>
43.09149000000009,0.0,5905,<entities.dtn.DTN object at 0x1180d1550>,<entities.processor.Processor object at 0x1180b7ee0>
44.09149000000009,0.0,5905,<entities.dtn.DTN object at 0x1180d1550>,<entities.processor.Processor object at 0x1180b7ee0>
45.09149000000009,0.0,5905,<entities.dtn.DTN object at 0x1180d1550>,<entities.processor.Processor object at 0x1180b7ee0>
46.09149000000009,0.0,5905,<entities.dtn.DTN object at 0x1180d1550>,<entities.processor.Processor object at 0x1180b7ee0>
47.09149000000009,0.0,5905,<entities.dtn.DTN object at 0x1180d1550>,<entities.processor.Processor object at 0x1180b7ee0>
48.09149000000009,0.0,5905,<entities.dtn.DTN object at 0x1180d1550>,<entities.processor.Processor object at 0x1180b7ee0>
49.09149000000009,0.0,5905,<entities.dtn.DTN object at 0x1180d1550>,<entities.processor.Processor object at 0x1180b7ee0>
50.09149000000009,0.0,5905,<entities.dtn.DTN object at 0x1180d1550>,<entities.processor.Processor object at 0x1180b7ee0>
51.09149000000009,0.0,5905,<entities.dtn.DTN object at 0x1180d1550>,<entities.processor.Processor object at 0x1180b7ee0>
52.09149000000009,0.0,5905,<entities.dtn.DTN object at 0x1180d1550>,<entities.processor.Processor object at 0x1180b7ee0>
53.09149000000009,0.0,5905,<entities.dtn.DTN object at 0x1180d1550>,<entities.processor.Processor object at 0x1180b7ee0>
54.09149000000009,0.0,5905,<entities.dtn.DTN object at 0x1180d1550>,<entities.processor.Processor object at 0x1180b7ee0>
55.09149000000009,0.0,5905,<entities.dtn.DTN object at 0x1180d1550>,<entities.processor.Processor object at 0x1180b7ee0>
56.09149000000009,0.0,5905,<entities.dtn.DTN object at 0x1180d1550>,<entities.processor.Processor object at 0x1180b7ee0>
57.09149000000009,0.0,5905,<entities.dtn.DTN object at 0x1180d1550>,<entities.processor.Processor object at 0x1180b7ee0>
58.09149000000009,0.0,5905,<entities.dtn.DTN object at 0x1180d1550>,<entities.processor.Processor object at 0x1180b7ee0>
59.09149000000009,0.0,5905,<entities.dtn.DTN object at 0x1180d1550>,<entities.processor.Processor object at 0x1180b7ee0>
60.09149000000009,0.0,5905,<entities.dtn.DTN object at 0x1180d1550>,<entities.processor.Processor object at 0x1180b7ee0>
61.09149000000009,0.0,5905,<entities.dtn.DTN object at 0x1180d1550>,<entities.processor.Processor object at 0x1180b7ee0>
62.09149000000009,0.0,5905,<entities.dtn.DTN object at 0x1180d1550>,<entities.processor.Processor object at 0x1180b7ee0>
63.09149000000009,0.0,5905,<entities.dtn.DTN object at 0x1180d1550>,<entities.processor.Processor object at 0x1180b7ee0>
64.09149000000009,0.0,5905,<entities.dtn.DTN object at 0x1180d1550>,<entities.processor.Processor object at 0x1180b7ee0>
65.09149000000009,0.0,5905,<entities.dtn.DTN object at 0x1180d1550>,<entities.processor.Processor object at 0x1180b7ee0>
66.09149000000009,0.0,5905,<entities.dtn.DTN object at 0x1180d1550>,<entities.processor.Processor object at 0x1180b7ee0>
67.09149000000009,0.0,5905,<entities.dtn.DTN object at 0x1180d1550>,<entities.processor.Processor object at 0x1180b7ee0>
68.09149000000009,0.0,5905,<entities.dtn.DTN object at 0x1180d1550>,<entities.processor.Processor object at 0x1180b7ee0>
69.09149000000009,0.0,5905,<entities.dtn.DTN object at 0x1180d1550>,<entities.processor.Processor object at 0x1180b7ee0>
70.09149000000009,0.0,5905,<entities.dtn.DTN object at 0x1180d1550>,<entities.processor.Processor object at 0x1180b7ee0>
71.09149000000009,0.0,5905,<entities.dtn.DTN object at 0x1180d1550>,<entities.processor.Processor object at 0x1180b7ee0>
72.09149000000009,0.0,5905,<entities.dtn.DTN object at 0x1180d1550>,<entities.processor.Processor object at 0x1180b7ee0>
73.09149000000009,0.0,5905,<entities.dtn.DTN object at 0x1180d1550>,<entities.processor.Processor object at 0x1180b7ee0>
74.09149000000009,0.0,5905,<entities.dtn.DTN object at 0x1180d1550>,<entities.processor.Processor object at 0x1180b7ee0>
75.09149000000009,0.0,5905,<entities.dtn.DTN object at 0x1180d1550>,<entities.processor.Processor object at 0x1180b7ee0>
76.09149000000009,0.0,5905,<entities.dtn.DTN object at 0x1180d1550>,<entities.processor.Processor object at 0x1180b7ee0>
77.09149000000009,0.0,5905,<entities.dtn.DTN object at 0x1180d1550>,<entities.processor.Processor object at 0x1180b7ee0>
78.09149000000009,0.0,5905,<entities.dtn.DTN object at 0x1180d1550>,<entities.processor.Processor object at 0x1180b7ee0>
79.09149000000009,0.0,5905,<entities.dtn.DTN object at 0x1180d1550>,<entities.processor.Processor object at 0x1180b7ee0>
80.09149000000009,0.0,5905,<entities.dtn.DTN object at 0x1180d1550>,<entities.processor.Processor object at 0x1180b7ee0>
81.09149000000009,0.0,5905,<entities.dtn.DTN object at 0x1180d1550>,<entities.processor.Processor object at 0x1180b7ee0>
82.09149000000009,0.0,5905,<entities.dtn.DTN object at 0x1180d1550>,<entities.processor.Processor object at 0x1180b7ee0>
83.09149000000009,0.0,5905,<entities.dtn.DTN object at 0x1180d1550>,<entities.processor.Processor object at 0x1180b7ee0>
84.09149000000009,0.0,5905,<entities.dtn.DTN object at 0x1180d1550>,<entities.processor.Processor object at 0x1180b7ee0>
85.09149000000009,0.0,5905,<entities.dtn.DTN object at 0x1180d1550>,<entities.processor.Processor object at 0x1180b7ee0>
86.09149000000009,0.0,5905,<entities.dtn.DTN object at 0x1180d1550>,<entities.processor.Processor object at 0x1180b7ee0>
87.09149000000009,0.0,5905,<entities.dtn.DTN object at 0x1180d1550>,<entities.processor.Processor object at 0x1180b7ee0>
88.09149000000009,0.0,5905,<entities.dtn.DTN object at 0x1180d1550>,<entities.processor.Processor object at 0x1180b7ee0>
89.09149000000009,0.0,5905,<entities.dtn.DTN object at 0x1180d1550>,<entities.processor.Processor object at 0x1180b7ee0>
90.09149000000009,0.0,5905,<entities.dtn.DTN object at 0x1180d1550>,<entities.processor.Processor object at 0x1180b7ee0>
91.09149000000009,0.0,5905,<entities.dtn.DTN object at 0x1180d1550>,<entities.processor.Processor object at 0x1180b7ee0>
92.09149000000009,0.0,5905,<entities.dtn.DTN object at 0x1180d1550>,<entities.processor.Processor object at 0x1180b7ee0>
93.09149000000009,0.0,5905,<entities.dtn.DTN object at 0x1180d1550>,<entities.processor.Processor object at 0x1180b7ee0>
94.09149000000009,0.0,5905,<entities.dtn.DTN object at 0x1180d1550>,<entities.processor.Processor object at 0x1180b7ee0>
95.09149000000009,0.0,5905,<entities.dtn.DTN object at 0x1180d1550>,<entities.processor.Processor object at 0x1180b7ee0>
96.09149000000009,0.0,5905,<entities.dtn.DTN object at 0x1180d1550>,<entities.processor.Processor object at 0x1180b7ee0>
97.09149000000009,0.0,5905,<entities.dtn.DTN object at 0x1180d1550>,<entities.processor.Processor object at 0x1180b7ee0>
98.09149000000009,0.0,5905,<entities.dtn.DTN object at 0x1180d1550>,<entities.processor.Processor object at 0x1180b7ee0>
99.09149000000009,0.0,5905,<entities.dtn.DTN object at 0x1180d1550>,<entities.processor.Processor object at 0x1180b7ee0>
100.09149000000009,0.0,5905,<entities.dtn.DTN object at 0x1180d1550>,<entities.processor.Processor object at 0x1180b7ee0>
101.09149000000009,0.0,5905,<entities.dtn.DTN object at 0x1180d1550>,<entities.processor.Processor object at 0x1180b7ee0>
102.09149000000009,0.0,5905,<entities.dtn.DTN object at 0x1180d1550>,<entities.processor.Processor object at 0x1180b7ee0>
103.09149000000009,0.0,5905,<entities.dtn.DTN object at 0x1180d1550>,<entities.processor.Processor object at 0x1180b7ee0>
104.09149000000009,0.0,5905,<entities.dtn.DTN object at 0x1180d1550>,<entities.processor.Processor object at 0x1180b7ee0>
105.09149000000009,0.0,5905,<entities.dtn.DTN object at 0x1180d1550>,<entities.processor.Processor object at 0x1180b7ee0>
106.09149000000009,0.0,5905,<entities.dtn.DTN object at 0x1180d1550>,<entities.processor.Processor object at 0x1180b7ee0>
107.09149000000009,0.0,5905,<entities.dtn.DTN object at 0x1180d1550>,<entities.processor.Processor object at 0x1180b7ee0>
108.09149000000009,0.0,5905,<entities.dtn.DTN object at 0x1180d1550>,<entities.processor.Processor object at 0x1180b7ee0>
109.09149000000009,0.0,5905,<entities.dtn.DTN object at 0x1180d1550>,<entities.processor.Processor object at 0x1180b7ee0>
110.09149000000009,0.0,5905,<entities.dtn.DTN object at 0x1180d1550>,<entities.processor.Processor object at 0x1180b7ee0>
111.09149000000009,0.0,5905,<entities.dtn.DTN object at 0x1180d1550>,<entities.processor.Processor object at 0x1180b7ee0>
112.09149000000009,0.0,5905,<entities.dtn.DTN object at 0x1180d1550>,<entities.processor.Processor object at 0x1180b7ee0>
113.09149000000009,0.0,5905,<entities.dtn.DTN object at 0x1180d1550>,<entities.processor.Processor object at 0x1180b7ee0>
114.09149000000009,0.0,5905,<entities.dtn.DTN object at 0x1180d1550>,<entities.processor.Processor object at 0x1180b7ee0>
115.09149000000009,0.0,5905,<entities.dtn.DTN object at 0x1180d1550>,<entities.processor.Processor object at 0x1180b7ee0>
116.09149000000009,0.0,5905,<entities.dtn.DTN object at 0x1180d1550>,<entities.processor.Processor object at 0x1180b7ee0>
117.09149000000009,0.0,5905,<entities.dtn.DTN object at 0x1180d1550>,<entities.processor.Processor object at 0x1180b7ee0>
118.09149000000009,0.0,5905,<entities.dtn.DTN object at 0x1180d1550>,<entities.processor.Processor object at 0x1180b7ee0>
119.09149000000009,0.0,5905,<entities.dtn.DTN object at 0x1180d1550>,<entities.processor.Processor object at 0x1180b7ee0>
120.09149000000009,0.0,5905,<entities.dtn.DTN object at 0x1180d1550>,<entities.processor.Processor object at 0x1180b7ee0>
121.09149000000009,0.0,5905,<entities.dtn.DTN object at 0x1180d1550>,<entities.processor.Processor object at 0x1180b7ee0>
122.09149000000009,0.0,5905,<entities.dtn.DTN object at 0x1180d1550>,<entities.processor.Processor object at 0x1180b7ee0>
123.09149000000009,0.0,5905,<entities.dtn.DTN object at 0x1180d1550>,<entities.processor.Processor object at 0x1180b7ee0>
124.09149000000009,0.0,5905,<entities.dtn.DTN object at 0x1180d1550>,<entities.processor.Processor object at 0x1180b7ee0>
125.09149000000009,0.0,5905,<entities.dtn.DTN object at 0x1180d1550>,<entities.processor.Processor object at 0x1180b7ee0>
126.09149000000009,0.0,5905,<entities.dtn.DTN object at 0x1180d1550>,<entities.processor.Processor object at 0x1180b7ee0>
127.09149000000009,0.0,5905,<entities.dtn.DTN object at 0x1180d1550>,<entities.processor.Processor object at 0x1180b7ee0>
128.09149000000008,0.0,5905,<entities.dtn.DTN object at 0x1180d1550>,<entities.processor.Processor object at 0x1180b7ee0>
129.09149000000008,0.0,5905,<entities.dtn.DTN object at 0x1180d1550>,<entities.processor.Processor object at 0x1180b7ee0>
130.09149000000008,0.0,5905,<entities.dtn.DTN object at 0x1180d1550>,<entities.processor.Processor object at 0x1180b7ee0>
131.09149000000008,0.0,5905,<entities.dtn.DTN object at 0x1180d1550>,<entities.processor.Processor object at 0x1180b7ee0>
132.09149000000008,0.0,5905,<entities.dtn.DTN object at 0x1180d1550>,<entities.processor.Processor object at 0x1180b7ee0>
133.09149000000008,0.0,5905,<entities.dtn.DTN object at 0x1180d1550>,<entities.processor.Processor object at 0x1180b7ee0>
134.09149000000008,0.0,5905,<entities.dtn.DTN object at 0x1180d1550>,<entities.processor.Processor object at 0x1180b7ee0>
135.09149000000008,0.0,5905,<entities.dtn.DTN object at 0x1180d1550>,<entities.processor.Processor object at 0x1180b7ee0>
136.09149000000008,0.0,5905,<entities.dtn.DTN object at 0x1180d1550>,<entities.processor.Processor object at 0x1180b7ee0>
137.09149000000008,0.0,5905,<entities.dtn.DTN object at 0x1180d1550>,<entities.processor.Processor object at 0x1180b7ee0>
138.09149000000008,0.0,5905,<entities.dtn.DTN object at 0x1180d1550>,<entities.processor.Processor object at 0x1180b7ee0>
139.09149000000008,0.0,5905,<entities.dtn.DTN object at 0x1180d1550>,<entities.processor.Processor object at 0x1180b7ee0>
140.09149000000008,0.0,5905,<entities.dtn.DTN object at 0x1180d1550>,<entities.processor.Processor object at 0x1180b7ee0>
141.09149000000008,0.0,5905,<entities.dtn.DTN object at 0x1180d1550>,<entities.processor.Processor object at 0x1180b7ee0>
142.09149000000008,0.0,5905,<entities.dtn.DTN object at 0x1180d1550>,<entities.processor.Processor object at 0x1180b7ee0>
143.09149000000008,0.0,5905,<entities.dtn.DTN object at 0x1180d1550>,<entities.processor.Processor object at 0x1180b7ee0>
144.09149000000008,0.0,5905,<entities.dtn.DTN object at 0x1180d1550>,<entities.processor.Processor object at 0x1180b7ee0>
145.09149000000008,0.0,5905,<entities.dtn.DTN object at 0x1180d1550>,<entities.processor.Processor object at 0x1180b7ee0>
146.09149000000008,0.0,5905,<entities.dtn.DTN object at 0x1180d1550>,<entities.processor.Processor object at 0x1180b7ee0>
147.09149000000008,0.0,5905,<entities.dtn.DTN object at 0x1180d1550>,<entities.processor.Processor object at 0x1180b7ee0>
148.09149000000008,0.0,5905,<entities.dtn.DTN object at 0x1180d1550>,<entities.processor.Processor object at 0x1180b7ee0>
149.09149000000008,0.0,5905,<entities.dtn.DTN object at 0x1180d1550>,<entities.processor.Processor object at 0x1180b7ee0>
150.09149000000008,0.0,5905,<entities.dtn.DTN object at 0x1180d1550>,<entities.processor.Processor object at 0x1180b7ee0>
151.09149000000008,0.0,5905,<entities.dtn.DTN object at 0x1180d1550>,<entities.processor.Processor object at 0x1180b7ee0>
152.09149000000008,0.0,5905,<entities.dtn.DTN object at 0x1180d1550>,<entities.processor.Processor object at 0x1180b7ee0>
153.09149000000008,0.0,5905,<entities.dtn.DTN object at 0x1180d1550>,<entities.processor.Processor object at 0x1180b7ee0>
154.09149000000008,0.0,5905,<entities.dtn.DTN object at 0x1180d1550>,<entities.processor.Processor object at 0x1180b7ee0>
155.09149000000008,0.0,5905,<entities.dtn.DTN object at 0x1180d1550>,<entities.processor.Processor object at 0x1180b7ee0>
156.09149000000008,0.0,5905,<entities.dtn.DTN object at 0x1180d1550>,<entities.processor.Processor object at 0x1180b7ee0>
157.09149000000008,0.0,5905,<entities.dtn.DTN object at 0x1180d1550>,<entities.processor.Processor object at 0x1180b7ee0>
158.09149000000008,0.0,5905,<entities.dtn.DTN object at 0x1180d1550>,<entities.processor.Processor object at 0x1180b7ee0>
159.09149000000008,0.0,5905,<entities.dtn.DTN object at 0x1180d1550>,<entities.processor.Processor object at 0x1180b7ee0>
160.09149000000008,0.0,5905,<entities.dtn.DTN object at 0x1180d1550>,<entities.processor.Processor object at 0x1180b7ee0>
161.09149000000008,0.0,5905,<entities.dtn.DTN object at 0x1180d1550>,<entities.processor.Processor object at 0x1180b7ee0>
162.09149000000008,0.0,5905,<entities.dtn.DTN object at 0x1180d1550>,<entities.processor.Processor object at 0x1180b7ee0>
163.09149000000008,0.0,5905,<entities.dtn.DTN object at 0x1180d1550>,<entities.processor.Processor object at 0x1180b7ee0>
164.09149000000008,0.0,5905,<entities.dtn.DTN object at 0x1180d1550>,<entities.processor.Processor object at 0x1180b7ee0>
165.09149000000008,0.0,5905,<entities.dtn.DTN object at 0x1180d1550>,<entities.processor.Processor object at 0x1180b7ee0>
166.09149000000008,0.0,5905,<entities.dtn.DTN object at 0x1180d1550>,<entities.processor.Processor object at 0x1180b7ee0>
167.09149000000008,0.0,5905,<entities.dtn.DTN object at 0x1180d1550>,<entities.processor.Processor object at 0x1180b7ee0>
168.09149000000008,0.0,5905,<entities.dtn.DTN object at 0x1180d1550>,<entities.processor.Processor object at 0x1180b7ee0>
169.09149000000008,0.0,5905,<entities.dtn.DTN object at 0x1180d1550>,<entities.processor.Processor object at 0x1180b7ee0>
170.09149000000008,0.0,5905,<entities.dtn.DTN object at 0x1180d1550>,<entities.processor.Processor object at 0x1180b7ee0>
171.09149000000008,0.0,5905,<entities.dtn.DTN object at 0x1180d1550>,<entities.processor.Processor object at 0x1180b7ee0>
172.09149000000008,0.0,5905,<entities.dtn.DTN object at 0x1180d1550>,<entities.processor.Processor object at 0x1180b7ee0>
173.09149000000008,0.0,5905,<entities.dtn.DTN object at 0x1180d1550>,<entities.processor.Processor object at 0x1180b7ee0>
174.09149000000008,0.0,5905,<entities.dtn.DTN object at 0x1180d1550>,<entities.processor.Processor object at 0x1180b7ee0>
175.09149000000008,0.0,5905,<entities.dtn.DTN object at 0x1180d1550>,<entities.processor.Processor object at 0x1180b7ee0>
176.09149000000008,0.0,5905,<entities.dtn.DTN object at 0x1180d1550>,<entities.processor.Processor object at 0x1180b7ee0>
177.09149000000008,0.0,5905,<entities.dtn.DTN object at 0x1180d1550>,<entities.processor.Processor object at 0x1180b7ee0>
178.09149000000008,0.0,5905,<entities.dtn.DTN object at 0x1180d1550>,<entities.processor.Processor object at 0x1180b7ee0>
179.09149000000008,0.0,5905,<entities.dtn.DTN object at 0x1180d1550>,<entities.processor.Processor object at 0x1180b7ee0>
180.09149000000008,0.0,5905,<entities.dtn.DTN object at 0x1180d1550>,<entities.processor.Processor object at 0x1180b7ee0>
181.09149000000008,0.0,5905,<entities.dtn.DTN object at 0x1180d1550>,<entities.processor.Processor object at 0x1180b7ee0>
182.09149000000008,0.0,5905,<entities.dtn.DTN object at 0x1180d1550>,<entities.processor.Processor object at 0x1180b7ee0>
183.09149000000008,0.0,5905,<entities.dtn.DTN object at 0x1180d1550>,<entities.processor.Processor object at 0x1180b7ee0>
184.09149000000008,0.0,5905,<entities.dtn.DTN object at 0x1180d1550>,<entities.processor.Processor object at 0x1180b7ee0>
185.09149000000008,0.0,5905,<entities.dtn.DTN object at 0x1180d1550>,<entities.processor.Processor object at 0x1180b7ee0>
186.09149000000008,0.0,5905,<entities.dtn.DTN object at 0x1180d1550>,<entities.processor.Processor object at 0x1180b7ee0>
187.09149000000008,0.0,5905,<entities.dtn.DTN object at 0x1180d1550>,<entities.processor.Processor object at 0x1180b7ee0>
188.09149000000008,0.0,5905,<entities.dtn.DTN object at 0x1180d1550>,<entities.processor.Processor object at 0x1180b7ee0>
189.09149000000008,0.0,5905,<entities.dtn.DTN object at 0x1180d1550>,<entities.processor.Processor object at 0x1180b7ee0>
190.09149000000008,0.0,5905,<entities.dtn.DTN object at 0x1180d1550>,<entities.processor.Processor object at 0x1180b7ee0>
191.09149000000008,0.0,5905,<entities.dtn.DTN object at 0x1180d1550>,<entities.processor.Processor object at 0x1180b7ee0>
192.09149000000008,0.0,5905,<entities.dtn.DTN object at 0x1180d1550>,<entities.processor.Processor object at 0x1180b7ee0>
193.09149000000008,0.0,5905,<entities.dtn.DTN object at 0x1180d1550>,<entities.processor.Processor object at 0x1180b7ee0>
194.09149000000008,0.0,5905,<entities.dtn.DTN object at 0x1180d1550>,<entities.processor.Processor object at 0x1180b7ee0>
195.09149000000008,0.0,5905,<entities.dtn.DTN object at 0x1180d1550>,<entities.processor.Processor object at 0x1180b7ee0>
196.09149000000008,0.0,5905,<entities.dtn.DTN object at 0x1180d1550>,<entities.processor.Processor object at 0x1180b7ee0>
197.09149000000008,0.0,5905,<entities.dtn.DTN object at 0x1180d1550>,<entities.processor.Processor object at 0x1180b7ee0>
198.09149000000008,0.0,5905,<entities.dtn.DTN object at 0x1180d1550>,<entities.processor.Processor object at 0x1180b7ee0>
199.09149000000008,0.0,5905,<entities.dtn.DTN object at 0x1180d1550>,<entities.processor.Processor object at 0x1180b7ee0>
26.0,0.0,43957,<entities.processor.Processor object at 0x1180d1220>,<entities.dtn.DTN object at 0x1180d1550>
26.09162000000015,0.0,91060,<entities.dtn.DTN object at 0x1180d1550>,<entities.processor.Processor object at 0x1180d1220>
27.09162000000015,0.0,91060,<entities.dtn.DTN object at 0x1180d1550>,<entities.processor.Processor object at 0x1180d1220>
28.09162000000015,0.0,91060,<entities.dtn.DTN object at 0x1180d1550>,<entities.processor.Processor object at 0x1180d1220>
29.09162000000015,0.0,91060,<entities.dtn.DTN object at 0x1180d1550>,<entities.processor.Processor object at 0x1180d1220>
30.09162000000015,0.0,91060,<entities.dtn.DTN object at 0x1180d1550>,<entities.processor.Processor object at 0x1180d1220>
31.09162000000015,0.0,91060,<entities.dtn.DTN object at 0x1180d1550>,<entities.processor.Processor object at 0x1180d1220>
32.09162000000015,0.0,91060,<entities.dtn.DTN object at 0x1180d1550>,<entities.processor.Processor object at 0x1180d1220>
33.09162000000015,0.0,91060,<entities.dtn.DTN object at 0x1180d1550>,<entities.processor.Processor object at 0x1180d1220>
34.09162000000015,0.0,91060,<entities.dtn.DTN object at 0x1180d1550>,<entities.processor.Processor object at 0x1180d1220>
35.09162000000015,0.0,91060,<entities.dtn.DTN object at 0x1180d1550>,<entities.processor.Processor object at 0x1180d1220>
36.09162000000015,0.0,91060,<entities.dtn.DTN object at 0x1180d1550>,<entities.processor.Processor object at 0x1180d1220>
37.09162000000015,0.0,91060,<entities.dtn.DTN object at 0x1180d1550>,<entities.processor.Processor object at 0x1180d1220>
38.09162000000015,0.0,91060,<entities.dtn.DTN object at 0x1180d1550>,<entities.processor.Processor object at 0x1180d1220>
39.09162000000015,0.0,91060,<entities.dtn.DTN object at 0x1180d1550>,<entities.processor.Processor object at 0x1180d1220>
40.09162000000015,0.0,91060,<entities.dtn.DTN object at 0x1180d1550>,<entities.processor.Processor object at 0x1180d1220>
41.09162000000015,0.0,91060,<entities.dtn.DTN object at 0x1180d1550>,<entities.processor.Processor object at 0x1180d1220>
42.09162000000015,0.0,91060,<entities.dtn.DTN object at 0x1180d1550>,<entities.processor.Processor object at 0x1180d1220>
43.09162000000015,0.0,91060,<entities.dtn.DTN object at 0x1180d1550>,<entities.processor.Processor object at 0x1180d1220>
44.09162000000015,0.0,91060,<entities.dtn.DTN object at 0x1180d1550>,<entities.processor.Processor object at 0x1180d1220>
45.09162000000015,0.0,91060,<entities.dtn.DTN object at 0x1180d1550>,<entities.processor.Processor object at 0x1180d1220>
46.09162000000015,0.0,91060,<entities.dtn.DTN object at 0x1180d1550>,<entities.processor.Processor object at 0x1180d1220>
47.09162000000015,0.0,91060,<entities.dtn.DTN object at 0x1180d1550>,<entities.processor.Processor object at 0x1180d1220>
48.09162000000015,0.0,91060,<entities.dtn.DTN object at 0x1180d1550>,<entities.processor.Processor object at 0x1180d1220>
49.09162000000015,0.0,91060,<entities.dtn.DTN object at 0x1180d1550>,<entities.processor.Processor object at 0x1180d1220>
50.09162000000015,0.0,91060,<entities.dtn.DTN object at 0x1180d1550>,<entities.processor.Processor object at 0x1180d1220>
51.09162000000015,0.0,91060,<entities.dtn.DTN object at 0x1180d1550>,<entities.processor.Processor object at 0x1180d1220>
52.09162000000015,0.0,91060,<entities.dtn.DTN object at 0x1180d1550>,<entities.processor.Processor object at 0x1180d1220>
53.09162000000015,0.0,91060,<entities.dtn.DTN object at 0x1180d1550>,<entities.processor.Processor object at 0x1180d1220>
54.09162000000015,0.0,91060,<entities.dtn.DTN object at 0x1180d1550>,<entities.processor.Processor object at 0x1180d1220>
55.09162000000015,0.0,91060,<entities.dtn.DTN object at 0x1180d1550>,<entities.processor.Processor object at 0x1180d1220>
56.09162000000015,0.0,91060,<entities.dtn.DTN object at 0x1180d1550>,<entities.processor.Processor object at 0x1180d1220>
57.09162000000015,0.0,91060,<entities.dtn.DTN object at 0x1180d1550>,<entities.processor.Processor object at 0x1180d1220>
58.09162000000015,0.0,91060,<entities.dtn.DTN object at 0x1180d1550>,<entities.processor.Processor object at 0x1180d1220>
59.09162000000015,0.0,91060,<entities.dtn.DTN object at 0x1180d1550>,<entities.processor.Processor object at 0x1180d1220>
60.09162000000015,0.0,91060,<entities.dtn.DTN object at 0x1180d1550>,<entities.processor.Processor object at 0x1180d1220>
61.09162000000015,0.0,91060,<entities.dtn.DTN object at 0x1180d1550>,<entities.processor.Processor object at 0x1180d1220>
62.09162000000015,0.0,91060,<entities.dtn.DTN object at 0x1180d1550>,<entities.processor.Processor object at 0x1180d1220>
63.09162000000015,0.0,91060,<entities.dtn.DTN object at 0x1180d1550>,<entities.processor.Processor object at 0x1180d1220>
64.09162000000015,0.0,91060,<entities.dtn.DTN object at 0x1180d1550>,<entities.processor.Processor object at 0x1180d1220>
65.09162000000015,0.0,91060,<entities.dtn.DTN object at 0x1180d1550>,<entities.processor.Processor object at 0x1180d1220>
66.09162000000015,0.0,91060,<entities.dtn.DTN object at 0x1180d1550>,<entities.processor.Processor object at 0x1180d1220>
67.09162000000015,0.0,91060,<entities.dtn.DTN object at 0x1180d1550>,<entities.processor.Processor object at 0x1180d1220>
68.09162000000015,0.0,91060,<entities.dtn.DTN object at 0x1180d1550>,<entities.processor.Processor object at 0x1180d1220>
69.09162000000015,0.0,91060,<entities.dtn.DTN object at 0x1180d1550>,<entities.processor.Processor object at 0x1180d1220>
70.09162000000015,0.0,91060,<entities.dtn.DTN object at 0x1180d1550>,<entities.processor.Processor object at 0x1180d1220>
71.09162000000015,0.0,91060,<entities.dtn.DTN object at 0x1180d1550>,<entities.processor.Processor object at 0x1180d1220>
72.09162000000015,0.0,91060,<entities.dtn.DTN object at 0x1180d1550>,<entities.processor.Processor object at 0x1180d1220>
73.09162000000015,0.0,91060,<entities.dtn.DTN object at 0x1180d1550>,<entities.processor.Processor object at 0x1180d1220>
74.09162000000015,0.0,91060,<entities.dtn.DTN object at 0x1180d1550>,<entities.processor.Processor object at 0x1180d1220>
75.09162000000015,0.0,91060,<entities.dtn.DTN object at 0x1180d1550>,<entities.processor.Processor object at 0x1180d1220>
76.09162000000015,0.0,91060,<entities.dtn.DTN object at 0x1180d1550>,<entities.processor.Processor object at 0x1180d1220>
77.09162000000015,0.0,91060,<entities.dtn.DTN object at 0x1180d1550>,<entities.processor.Processor object at 0x1180d1220>
78.09162000000015,0.0,91060,<entities.dtn.DTN object at 0x1180d1550>,<entities.processor.Processor object at 0x1180d1220>
79.09162000000015,0.0,91060,<entities.dtn.DTN object at 0x1180d1550>,<entities.processor.Processor object at 0x1180d1220>
80.09162000000015,0.0,91060,<entities.dtn.DTN object at 0x1180d1550>,<entities.processor.Processor object at 0x1180d1220>
81.09162000000015,0.0,91060,<entities.dtn.DTN object at 0x1180d1550>,<entities.processor.Processor object at 0x1180d1220>
82.09162000000015,0.0,91060,<entities.dtn.DTN object at 0x1180d1550>,<entities.processor.Processor object at 0x1180d1220>
83.09162000000015,0.0,91060,<entities.dtn.DTN object at 0x1180d1550>,<entities.processor.Processor object at 0x1180d1220>
84.09162000000015,0.0,91060,<entities.dtn.DTN object at 0x1180d1550>,<entities.processor.Processor object at 0x1180d1220>
85.09162000000015,0.0,91060,<entities.dtn.DTN object at 0x1180d1550>,<entities.processor.Processor object at 0x1180d1220>
86.09162000000015,0.0,91060,<entities.dtn.DTN object at 0x1180d1550>,<entities.processor.Processor object at 0x1180d1220>
87.09162000000015,0.0,91060,<entities.dtn.DTN object at 0x1180d1550>,<entities.processor.Processor object at 0x1180d1220>
88.09162000000015,0.0,91060,<entities.dtn.DTN object at 0x1180d1550>,<entities.processor.Processor object at 0x1180d1220>
89.09162000000015,0.0,91060,<entities.dtn.DTN object at 0x1180d1550>,<entities.processor.Processor object at 0x1180d1220>
90.09162000000015,0.0,91060,<entities.dtn.DTN object at 0x1180d1550>,<entities.processor.Processor object at 0x1180d1220>
91.09162000000015,0.0,91060,<entities.dtn.DTN object at 0x1180d1550>,<entities.processor.Processor object at 0x1180d1220>
92.09162000000015,0.0,91060,<entities.dtn.DTN object at 0x1180d1550>,<entities.processor.Processor object at 0x1180d1220>
93.09162000000015,0.0,91060,<entities.dtn.DTN object at 0x1180d1550>,<entities.processor.Processor object at 0x1180d1220>
94.09162000000015,0.0,91060,<entities.dtn.DTN object at 0x1180d1550>,<entities.processor.Processor object at 0x1180d1220>
95.09162000000015,0.0,91060,<entities.dtn.DTN object at 0x1180d1550>,<entities.processor.Processor object at 0x1180d1220>
96.09162000000015,0.0,91060,<entities.dtn.DTN object at 0x1180d1550>,<entities.processor.Processor object at 0x1180d1220>
97.09162000000015,0.0,91060,<entities.dtn.DTN object at 0x1180d1550>,<entities.processor.Processor object at 0x1180d1220>
98.09162000000015,0.0,91060,<entities.dtn.DTN object at 0x1180d1550>,<entities.processor.Processor object at 0x1180d1220>
99.09162000000015,0.0,91060,<entities.dtn.DTN object at 0x1180d1550>,<entities.processor.Processor object at 0x1180d1220>
100.09162000000015,0.0,91060,<entities.dtn.DTN object at 0x1180d1550>,<entities.processor.Processor object at 0x1180d1220>
101.09162000000015,0.0,91060,<entities.dtn.DTN object at 0x1180d1550>,<entities.processor.Processor object at 0x1180d1220>
102.09162000000015,0.0,91060,<entities.dtn.DTN object at 0x1180d1550>,<entities.processor.Processor object at 0x1180d1220>
103.09162000000015,0.0,91060,<entities.dtn.DTN object at 0x1180d1550>,<entities.processor.Processor object at 0x1180d1220>
104.09162000000015,0.0,91060,<entities.dtn.DTN object at 0x1180d1550>,<entities.processor.Processor object at 0x1180d1220>
105.09162000000015,0.0,91060,<entities.dtn.DTN object at 0x1180d1550>,<entities.processor.Processor object at 0x1180d1220>
106.09162000000015,0.0,91060,<entities.dtn.DTN object at 0x1180d1550>,<entities.processor.Processor object at 0x1180d1220>
107.09162000000015,0.0,91060,<entities.dtn.DTN object at 0x1180d1550>,<entities.processor.Processor object at 0x1180d1220>
108.09162000000015,0.0,91060,<entities.dtn.DTN object at 0x1180d1550>,<entities.processor.Processor object at 0x1180d1220>
109.09162000000015,0.0,91060,<entities.dtn.DTN object at 0x1180d1550>,<entities.processor.Processor object at 0x1180d1220>
110.09162000000015,0.0,91060,<entities.dtn.DTN object at 0x1180d1550>,<entities.processor.Processor object at 0x1180d1220>
111.09162000000015,0.0,91060,<entities.dtn.DTN object at 0x1180d1550>,<entities.processor.Processor object at 0x1180d1220>
112.09162000000015,0.0,91060,<entities.dtn.DTN object at 0x1180d1550>,<entities.processor.Processor object at 0x1180d1220>
113.09162000000015,0.0,91060,<entities.dtn.DTN object at 0x1180d1550>,<entities.processor.Processor object at 0x1180d1220>
114.09162000000015,0.0,91060,<entities.dtn.DTN object at 0x1180d1550>,<entities.processor.Processor object at 0x1180d1220>
115.09162000000015,0.0,91060,<entities.dtn.DTN object at 0x1180d1550>,<entities.processor.Processor object at 0x1180d1220>
116.09162000000015,0.0,91060,<entities.dtn.DTN object at 0x1180d1550>,<entities.processor.Processor object at 0x1180d1220>
117.09162000000015,0.0,91060,<entities.dtn.DTN object at 0x1180d1550>,<entities.processor.Processor object at 0x1180d1220>
118.09162000000015,0.0,91060,<entities.dtn.DTN object at 0x1180d1550>,<entities.processor.Processor object at 0x1180d1220>
119.09162000000015,0.0,91060,<entities.dtn.DTN object at 0x1180d1550>,<entities.processor.Processor object at 0x1180d1220>
120.09162000000015,0.0,91060,<entities.dtn.DTN object at 0x1180d1550>,<entities.processor.Processor object at 0x1180d1220>
121.09162000000015,0.0,91060,<entities.dtn.DTN object at 0x1180d1550>,<entities.processor.Processor object at 0x1180d1220>
122.09162000000015,0.0,91060,<entities.dtn.DTN object at 0x1180d1550>,<entities.processor.Processor object at 0x1180d1220>
123.09162000000015,0.0,91060,<entities.dtn.DTN object at 0x1180d1550>,<entities.processor.Processor object at 0x1180d1220>
124.09162000000015,0.0,91060,<entities.dtn.DTN object at 0x1180d1550>,<entities.processor.Processor object at 0x1180d1220>
125.09162000000015,0.0,91060,<entities.dtn.DTN object at 0x1180d1550>,<entities.processor.Processor object at 0x1180d1220>
126.09162000000015,0.0,91060,<entities.dtn.DTN object at 0x1180d1550>,<entities.processor.Processor object at 0x1180d1220>
127.09162000000015,0.0,91060,<entities.dtn.DTN object at 0x1180d1550>,<entities.processor.Processor object at 0x1180d1220>
128.09162000000015,0.0,91060,<entities.dtn.DTN object at 0x1180d1550>,<entities.processor.Processor object at 0x1180d1220>
129.09162000000015,0.0,91060,<entities.dtn.DTN object at 0x1180d1550>,<entities.processor.Processor object at 0x1180d1220>
130.09162000000015,0.0,91060,<entities.dtn.DTN object at 0x1180d1550>,<entities.processor.Processor object at 0x1180d1220>
131.09162000000015,0.0,91060,<entities.dtn.DTN object at 0x1180d1550>,<entities.processor.Processor object at 0x1180d1220>
132.09162000000015,0.0,91060,<entities.dtn.DTN object at 0x1180d1550>,<entities.processor.Processor object at 0x1180d1220>
133.09162000000015,0.0,91060,<entities.dtn.DTN object at 0x1180d1550>,<entities.processor.Processor object at 0x1180d1220>
134.09162000000015,0.0,91060,<entities.dtn.DTN object at 0x1180d1550>,<entities.processor.Processor object at 0x1180d1220>
135.09162000000015,0.0,91060,<entities.dtn.DTN object at 0x1180d1550>,<entities.processor.Processor object at 0x1180d1220>
136.09162000000015,0.0,91060,<entities.dtn.DTN object at 0x1180d1550>,<entities.processor.Processor object at 0x1180d1220>
137.09162000000015,0.0,91060,<entities.dtn.DTN object at 0x1180d1550>,<entities.processor.Processor object at 0x1180d1220>
138.09162000000015,0.0,91060,<entities.dtn.DTN object at 0x1180d1550>,<entities.processor.Processor object at 0x1180d1220>
139.09162000000015,0.0,91060,<entities.dtn.DTN object at 0x1180d1550>,<entities.processor.Processor object at 0x1180d1220>
140.09162000000015,0.0,91060,<entities.dtn.DTN object at 0x1180d1550>,<entities.processor.Processor object at 0x1180d1220>
141.09162000000015,0.0,91060,<entities.dtn.DTN object at 0x1180d1550>,<entities.processor.Processor object at 0x1180d1220>
142.09162000000015,0.0,91060,<entities.dtn.DTN object at 0x1180d1550>,<entities.processor.Processor object at 0x1180d1220>
143.09162000000015,0.0,91060,<entities.dtn.DTN object at 0x1180d1550>,<entities.processor.Processor object at 0x1180d1220>
144.09162000000015,0.0,91060,<entities.dtn.DTN object at 0x1180d1550>,<entities.processor.Processor object at 0x1180d1220>
145.09162000000015,0.0,91060,<entities.dtn.DTN object at 0x1180d1550>,<entities.processor.Processor object at 0x1180d1220>
146.09162000000015,0.0,91060,<entities.dtn.DTN object at 0x1180d1550>,<entities.processor.Processor object at 0x1180d1220>
147.09162000000015,0.0,91060,<entities.dtn.DTN object at 0x1180d1550>,<entities.processor.Processor object at 0x1180d1220>
148.09162000000015,0.0,91060,<entities.dtn.DTN object at 0x1180d1550>,<entities.processor.Processor object at 0x1180d1220>
149.09162000000015,0.0,91060,<entities.dtn.DTN object at 0x1180d1550>,<entities.processor.Processor object at 0x1180d1220>
150.09162000000015,0.0,91060,<entities.dtn.DTN object at 0x1180d1550>,<entities.processor.Processor object at 0x1180d1220>
151.09162000000015,0.0,91060,<entities.dtn.DTN object at 0x1180d1550>,<entities.processor.Processor object at 0x1180d1220>
152.09162000000015,0.0,91060,<entities.dtn.DTN object at 0x1180d1550>,<entities.processor.Processor object at 0x1180d1220>
153.09162000000015,0.0,91060,<entities.dtn.DTN object at 0x1180d1550>,<entities.processor.Processor object at 0x1180d1220>
154.09162000000015,0.0,91060,<entities.dtn.DTN object at 0x1180d1550>,<entities.processor.Processor object at 0x1180d1220>
155.09162000000015,0.0,91060,<entities.dtn.DTN object at 0x1180d1550>,<entities.processor.Processor object at 0x1180d1220>
156.09162000000015,0.0,91060,<entities.dtn.DTN object at 0x1180d1550>,<entities.processor.Processor object at 0x1180d1220>
157.09162000000015,0.0,91060,<entities.dtn.DTN object at 0x1180d1550>,<entities.processor.Processor object at 0x1180d1220>
158.09162000000015,0.0,91060,<entities.dtn.DTN object at 0x1180d1550>,<entities.processor.Processor object at 0x1180d1220>
159.09162000000015,0.0,91060,<entities.dtn.DTN object at 0x1180d1550>,<entities.processor.Processor object at 0x1180d1220>
160.09162000000015,0.0,91060,<entities.dtn.DTN object at 0x1180d1550>,<entities.processor.Processor object at 0x1180d1220>
161.09162000000015,0.0,91060,<entities.dtn.DTN object at 0x1180d1550>,<entities.processor.Processor object at 0x1180d1220>
162.09162000000015,0.0,91060,<entities.dtn.DTN object at 0x1180d1550>,<entities.processor.Processor object at 0x1180d1220>
163.09162000000015,0.0,91060,<entities.dtn.DTN object at 0x1180d1550>,<entities.processor.Processor object at 0x1180d1220>
164.09162000000015,0.0,91060,<entities.dtn.DTN object at 0x1180d1550>,<entities.processor.Processor object at 0x1180d1220>
165.09162000000015,0.0,91060,<entities.dtn.DTN object at 0x1180d1550>,<entities.processor.Processor object at 0x1180d1220>
166.09162000000015,0.0,91060,<entities.dtn.DTN object at 0x1180d1550>,<entities.processor.Processor object at 0x1180d1220>
167.09162000000015,0.0,91060,<entities.dtn.DTN object at 0x1180d1550>,<entities.processor.Processor object at 0x1180d1220>
168.09162000000015,0.0,91060,<entities.dtn.DTN object at 0x1180d1550>,<entities.processor.Processor object at 0x1180d1220>
169.09162000000015,0.0,91060,<entities.dtn.DTN object at 0x1180d1550>,<entities.processor.Processor object at 0x1180d1220>
170.09162000000015,0.0,91060,<entities.dtn.DTN object at 0x1180d1550>,<entities.processor.Processor object at 0x1180d1220>
171.09162000000015,0.0,91060,<entities.dtn.DTN object at 0x1180d1550>,<entities.processor.Processor object at 0x1180d1220>
172.09162000000015,0.0,91060,<entities.dtn.DTN object at 0x1180d1550>,<entities.processor.Processor object at 0x1180d1220>
173.09162000000015,0.0,91060,<entities.dtn.DTN object at 0x1180d1550>,<entities.processor.Processor object at 0x1180d1220>
174.09162000000015,0.0,91060,<entities.dtn.DTN object at 0x1180d1550>,<entities.processor.Processor object at 0x1180d1220>
175.09162000000015,0.0,91060,<entities.dtn.DTN object at 0x1180d1550>,<entities.processor.Processor object at 0x1180d1220>
176.09162000000015,0.0,91060,<entities.dtn.DTN object at 0x1180d1550>,<entities.processor.Processor object at 0x1180d1220>
177.09162000000015,0.0,91060,<entities.dtn.DTN object at 0x1180d1550>,<entities.processor.Processor object at 0x1180d1220>
178.09162000000015,0.0,91060,<entities.dtn.DTN object at 0x1180d1550>,<entities.processor.Processor object at 0x1180d1220>
179.09162000000015,0.0,91060,<entities.dtn.DTN object at 0x1180d1550>,<entities.processor.Processor object at 0x1180d1220>
180.09162000000015,0.0,91060,<entities.dtn.DTN object at 0x1180d1550>,<entities.processor.Processor object at 0x1180d1220>
181.09162000000015,0.0,91060,<entities.dtn.DTN object at 0x1180d1550>,<entities.processor.Processor object at 0x1180d1220>
182.09162000000015,0.0,91060,<entities.dtn.DTN object at 0x1180d1550>,<entities.processor.Processor object at 0x1180d1220>
183.09162000000015,0.0,91060,<entities.dtn.DTN object at 0x1180d1550>,<entities.processor.Processor object at 0x1180d1220>
184.09162000000015,0.0,91060,<entities.dtn.DTN object at 0x1180d1550>,<entities.processor.Processor object at 0x1180d1220>
185.09162000000015,0.0,91060,<entities.dtn.DTN object at 0x1180d1550>,<entities.processor.Processor object at 0x1180d1220>
186.09162000000015,0.0,91060,<entities.dtn.DTN object at 0x1180d1550>,<entities.processor.Processor object at 0x1180d1220>
187.09162000000015,0.0,91060,<entities.dtn.DTN object at 0x1180d1550>,<entities.processor.Processor object at 0x1180d1220>
188.09162000000015,0.0,91060,<entities.dtn.DTN object at 0x1180d1550>,<entities.processor.Processor object at 0x1180d1220>
189.09162000000015,0.0,91060,<entities.dtn.DTN object at 0x1180d1550>,<entities.processor.Processor object at 0x1180d1220>
190.09162000000015,0.0,91060,<entities.dtn.DTN object at 0x1180d1550>,<entities.processor.Processor object at 0x1180d1220>
191.09162000000015,0.0,91060,<entities.dtn.DTN object at 0x1180d1550>,<entities.processor.Processor object at 0x1180d1220>
192.09162000000015,0.0,91060,<entities.dtn.DTN object at 0x1180d1550>,<entities.processor.Processor object at 0x1180d1220>
193.09162000000015,0.0,91060,<entities.dtn.DTN object at 0x1180d1550>,<entities.processor.Processor object at 0x1180d1220>
194.09162000000015,0.0,91060,<entities.dtn.DTN object at 0x1180d1550>,<entities.processor.Processor object at 0x1180d1220>
195.09162000000015,0.0,91060,<entities.dtn.DTN object at 0x1180d1550>,<entities.processor.Processor object at 0x1180d1220>
196.09162000000015,0.0,91060,<entities.dtn.DTN object at 0x1180d1550>,<entities.processor.Processor object at 0x1180d1220>
197.09162000000015,0.0,91060,<entities.dtn.DTN object at 0x1180d1550>,<entities.processor.Processor object at 0x1180d1220>
198.09162000000015,0.0,91060,<entities.dtn.DTN object at 0x1180d1550>,<entities.processor.Processor object at 0x1180d1220>
199.09162000000015,0.0,91060,<entities.dtn.DTN object at 0x1180d1550>,<entities.processor.Processor object at 0x1180d1220>
26.5,0.0,71035,<entities.processor.Processor object at 0x1180b7c10>,<entities.dtn.DTN object at 0x1180d1550>
26.591750000000157,0.0,70798,<entities.dtn.DTN object at 0x1180d1550>,<entities.processor.Processor object at 0x1180b7c10>
27.591750000000157,0.0,70798,<entities.dtn.DTN object at 0x1180d1550>,<entities.processor.Processor object at 0x1180b7c10>
28.591750000000157,0.0,70798,<entities.dtn.DTN object at 0x1180d1550>,<entities.processor.Processor object at 0x1180b7c10>
29.591750000000157,0.0,70798,<entities.dtn.DTN object at 0x1180d1550>,<entities.processor.Processor object at 0x1180b7c10>
30.591750000000157,0.0,70798,<entities.dtn.DTN object at 0x1180d1550>,<entities.processor.Processor object at 0x1180b7c10>
31.591750000000157,0.0,70798,<entities.dtn.DTN object at 0x1180d1550>,<entities.processor.Processor object at 0x1180b7c10>
32.59175000000016,0.0,70798,<entities.dtn.DTN object at 0x1180d1550>,<entities.processor.Processor object at 0x1180b7c10>
33.59175000000016,0.0,70798,<entities.dtn.DTN object at 0x1180d1550>,<entities.processor.Processor object at 0x1180b7c10>
34.59175000000016,0.0,70798,<entities.dtn.DTN object at 0x1180d1550>,<entities.processor.Processor object at 0x1180b7c10>
35.59175000000016,0.0,70798,<entities.dtn.DTN object at 0x1180d1550>,<entities.processor.Processor object at 0x1180b7c10>
36.59175000000016,0.0,70798,<entities.dtn.DTN object at 0x1180d1550>,<entities.processor.Processor object at 0x1180b7c10>
37.59175000000016,0.0,70798,<entities.dtn.DTN object at 0x1180d1550>,<entities.processor.Processor object at 0x1180b7c10>
38.59175000000016,0.0,70798,<entities.dtn.DTN object at 0x1180d1550>,<entities.processor.Processor object at 0x1180b7c10>
39.59175000000016,0.0,70798,<entities.dtn.DTN object at 0x1180d1550>,<entities.processor.Processor object at 0x1180b7c10>
40.59175000000016,0.0,70798,<entities.dtn.DTN object at 0x1180d1550>,<entities.processor.Processor object at 0x1180b7c10>
41.59175000000016,0.0,70798,<entities.dtn.DTN object at 0x1180d1550>,<entities.processor.Processor object at 0x1180b7c10>
42.59175000000016,0.0,70798,<entities.dtn.DTN object at 0x1180d1550>,<entities.processor.Processor object at 0x1180b7c10>
43.59175000000016,0.0,70798,<entities.dtn.DTN object at 0x1180d1550>,<entities.processor.Processor object at 0x1180b7c10>
44.59175000000016,0.0,70798,<entities.dtn.DTN object at 0x1180d1550>,<entities.processor.Processor object at 0x1180b7c10>
45.59175000000016,0.0,70798,<entities.dtn.DTN object at 0x1180d1550>,<entities.processor.Processor object at 0x1180b7c10>
46.59175000000016,0.0,70798,<entities.dtn.DTN object at 0x1180d1550>,<entities.processor.Processor object at 0x1180b7c10>
47.59175000000016,0.0,70798,<entities.dtn.DTN object at 0x1180d1550>,<entities.processor.Processor object at 0x1180b7c10>
48.59175000000016,0.0,70798,<entities.dtn.DTN object at 0x1180d1550>,<entities.processor.Processor object at 0x1180b7c10>
49.59175000000016,0.0,70798,<entities.dtn.DTN object at 0x1180d1550>,<entities.processor.Processor object at 0x1180b7c10>
50.59175000000016,0.0,70798,<entities.dtn.DTN object at 0x1180d1550>,<entities.processor.Processor object at 0x1180b7c10>
51.59175000000016,0.0,70798,<entities.dtn.DTN object at 0x1180d1550>,<entities.processor.Processor object at 0x1180b7c10>
52.59175000000016,0.0,70798,<entities.dtn.DTN object at 0x1180d1550>,<entities.processor.Processor object at 0x1180b7c10>
53.59175000000016,0.0,70798,<entities.dtn.DTN object at 0x1180d1550>,<entities.processor.Processor object at 0x1180b7c10>
54.59175000000016,0.0,70798,<entities.dtn.DTN object at 0x1180d1550>,<entities.processor.Processor object at 0x1180b7c10>
55.59175000000016,0.0,70798,<entities.dtn.DTN object at 0x1180d1550>,<entities.processor.Processor object at 0x1180b7c10>
56.59175000000016,0.0,70798,<entities.dtn.DTN object at 0x1180d1550>,<entities.processor.Processor object at 0x1180b7c10>
57.59175000000016,0.0,70798,<entities.dtn.DTN object at 0x1180d1550>,<entities.processor.Processor object at 0x1180b7c10>
58.59175000000016,0.0,70798,<entities.dtn.DTN object at 0x1180d1550>,<entities.processor.Processor object at 0x1180b7c10>
59.59175000000016,0.0,70798,<entities.dtn.DTN object at 0x1180d1550>,<entities.processor.Processor object at 0x1180b7c10>
60.59175000000016,0.0,70798,<entities.dtn.DTN object at 0x1180d1550>,<entities.processor.Processor object at 0x1180b7c10>
61.59175000000016,0.0,70798,<entities.dtn.DTN object at 0x1180d1550>,<entities.processor.Processor object at 0x1180b7c10>
62.59175000000016,0.0,70798,<entities.dtn.DTN object at 0x1180d1550>,<entities.processor.Processor object at 0x1180b7c10>
63.59175000000016,0.0,70798,<entities.dtn.DTN object at 0x1180d1550>,<entities.processor.Processor object at 0x1180b7c10>
64.59175000000016,0.0,70798,<entities.dtn.DTN object at 0x1180d1550>,<entities.processor.Processor object at 0x1180b7c10>
65.59175000000016,0.0,70798,<entities.dtn.DTN object at 0x1180d1550>,<entities.processor.Processor object at 0x1180b7c10>
66.59175000000016,0.0,70798,<entities.dtn.DTN object at 0x1180d1550>,<entities.processor.Processor object at 0x1180b7c10>
67.59175000000016,0.0,70798,<entities.dtn.DTN object at 0x1180d1550>,<entities.processor.Processor object at 0x1180b7c10>
68.59175000000016,0.0,70798,<entities.dtn.DTN object at 0x1180d1550>,<entities.processor.Processor object at 0x1180b7c10>
69.59175000000016,0.0,70798,<entities.dtn.DTN object at 0x1180d1550>,<entities.processor.Processor object at 0x1180b7c10>
70.59175000000016,0.0,70798,<entities.dtn.DTN object at 0x1180d1550>,<entities.processor.Processor object at 0x1180b7c10>
71.59175000000016,0.0,70798,<entities.dtn.DTN object at 0x1180d1550>,<entities.processor.Processor object at 0x1180b7c10>
72.59175000000016,0.0,70798,<entities.dtn.DTN object at 0x1180d1550>,<entities.processor.Processor object at 0x1180b7c10>
73.59175000000016,0.0,70798,<entities.dtn.DTN object at 0x1180d1550>,<entities.processor.Processor object at 0x1180b7c10>
74.59175000000016,0.0,70798,<entities.dtn.DTN object at 0x1180d1550>,<entities.processor.Processor object at 0x1180b7c10>
75.59175000000016,0.0,70798,<entities.dtn.DTN object at 0x1180d1550>,<entities.processor.Processor object at 0x1180b7c10>
76.59175000000016,0.0,70798,<entities.dtn.DTN object at 0x1180d1550>,<entities.processor.Processor object at 0x1180b7c10>
77.59175000000016,0.0,70798,<entities.dtn.DTN object at 0x1180d1550>,<entities.processor.Processor object at 0x1180b7c10>
78.59175000000016,0.0,70798,<entities.dtn.DTN object at 0x1180d1550>,<entities.processor.Processor object at 0x1180b7c10>
79.59175000000016,0.0,70798,<entities.dtn.DTN object at 0x1180d1550>,<entities.processor.Processor object at 0x1180b7c10>
80.59175000000016,0.0,70798,<entities.dtn.DTN object at 0x1180d1550>,<entities.processor.Processor object at 0x1180b7c10>
81.59175000000016,0.0,70798,<entities.dtn.DTN object at 0x1180d1550>,<entities.processor.Processor object at 0x1180b7c10>
82.59175000000016,0.0,70798,<entities.dtn.DTN object at 0x1180d1550>,<entities.processor.Processor object at 0x1180b7c10>
83.59175000000016,0.0,70798,<entities.dtn.DTN object at 0x1180d1550>,<entities.processor.Processor object at 0x1180b7c10>
84.59175000000016,0.0,70798,<entities.dtn.DTN object at 0x1180d1550>,<entities.processor.Processor object at 0x1180b7c10>
85.59175000000016,0.0,70798,<entities.dtn.DTN object at 0x1180d1550>,<entities.processor.Processor object at 0x1180b7c10>
86.59175000000016,0.0,70798,<entities.dtn.DTN object at 0x1180d1550>,<entities.processor.Processor object at 0x1180b7c10>
87.59175000000016,0.0,70798,<entities.dtn.DTN object at 0x1180d1550>,<entities.processor.Processor object at 0x1180b7c10>
88.59175000000016,0.0,70798,<entities.dtn.DTN object at 0x1180d1550>,<entities.processor.Processor object at 0x1180b7c10>
89.59175000000016,0.0,70798,<entities.dtn.DTN object at 0x1180d1550>,<entities.processor.Processor object at 0x1180b7c10>
90.59175000000016,0.0,70798,<entities.dtn.DTN object at 0x1180d1550>,<entities.processor.Processor object at 0x1180b7c10>
91.59175000000016,0.0,70798,<entities.dtn.DTN object at 0x1180d1550>,<entities.processor.Processor object at 0x1180b7c10>
92.59175000000016,0.0,70798,<entities.dtn.DTN object at 0x1180d1550>,<entities.processor.Processor object at 0x1180b7c10>
93.59175000000016,0.0,70798,<entities.dtn.DTN object at 0x1180d1550>,<entities.processor.Processor object at 0x1180b7c10>
94.59175000000016,0.0,70798,<entities.dtn.DTN object at 0x1180d1550>,<entities.processor.Processor object at 0x1180b7c10>
95.59175000000016,0.0,70798,<entities.dtn.DTN object at 0x1180d1550>,<entities.processor.Processor object at 0x1180b7c10>
96.59175000000016,0.0,70798,<entities.dtn.DTN object at 0x1180d1550>,<entities.processor.Processor object at 0x1180b7c10>
97.59175000000016,0.0,70798,<entities.dtn.DTN object at 0x1180d1550>,<entities.processor.Processor object at 0x1180b7c10>
98.59175000000016,0.0,70798,<entities.dtn.DTN object at 0x1180d1550>,<entities.processor.Processor object at 0x1180b7c10>
99.59175000000016,0.0,70798,<entities.dtn.DTN object at 0x1180d1550>,<entities.processor.Processor object at 0x1180b7c10>
100.59175000000016,0.0,70798,<entities.dtn.DTN object at 0x1180d1550>,<entities.processor.Processor object at 0x1180b7c10>
101.59175000000016,0.0,70798,<entities.dtn.DTN object at 0x1180d1550>,<entities.processor.Processor object at 0x1180b7c10>
102.59175000000016,0.0,70798,<entities.dtn.DTN object at 0x1180d1550>,<entities.processor.Processor object at 0x1180b7c10>
103.59175000000016,0.0,70798,<entities.dtn.DTN object at 0x1180d1550>,<entities.processor.Processor object at 0x1180b7c10>
104.59175000000016,0.0,70798,<entities.dtn.DTN object at 0x1180d1550>,<entities.processor.Processor object at 0x1180b7c10>
105.59175000000016,0.0,70798,<entities.dtn.DTN object at 0x1180d1550>,<entities.processor.Processor object at 0x1180b7c10>
106.59175000000016,0.0,70798,<entities.dtn.DTN object at 0x1180d1550>,<entities.processor.Processor object at 0x1180b7c10>
107.59175000000016,0.0,70798,<entities.dtn.DTN object at 0x1180d1550>,<entities.processor.Processor object at 0x1180b7c10>
108.59175000000016,0.0,70798,<entities.dtn.DTN object at 0x1180d1550>,<entities.processor.Processor object at 0x1180b7c10>
109.59175000000016,0.0,70798,<entities.dtn.DTN object at 0x1180d1550>,<entities.processor.Processor object at 0x1180b7c10>
110.59175000000016,0.0,70798,<entities.dtn.DTN object at 0x1180d1550>,<entities.processor.Processor object at 0x1180b7c10>
111.59175000000016,0.0,70798,<entities.dtn.DTN object at 0x1180d1550>,<entities.processor.Processor object at 0x1180b7c10>
112.59175000000016,0.0,70798,<entities.dtn.DTN object at 0x1180d1550>,<entities.processor.Processor object at 0x1180b7c10>
113.59175000000016,0.0,70798,<entities.dtn.DTN object at 0x1180d1550>,<entities.processor.Processor object at 0x1180b7c10>
114.59175000000016,0.0,70798,<entities.dtn.DTN object at 0x1180d1550>,<entities.processor.Processor object at 0x1180b7c10>
115.59175000000016,0.0,70798,<entities.dtn.DTN object at 0x1180d1550>,<entities.processor.Processor object at 0x1180b7c10>
116.59175000000016,0.0,70798,<entities.dtn.DTN object at 0x1180d1550>,<entities.processor.Processor object at 0x1180b7c10>
117.59175000000016,0.0,70798,<entities.dtn.DTN object at 0x1180d1550>,<entities.processor.Processor object at 0x1180b7c10>
118.59175000000016,0.0,70798,<entities.dtn.DTN object at 0x1180d1550>,<entities.processor.Processor object at 0x1180b7c10>
119.59175000000016,0.0,70798,<entities.dtn.DTN object at 0x1180d1550>,<entities.processor.Processor object at 0x1180b7c10>
120.59175000000016,0.0,70798,<entities.dtn.DTN object at 0x1180d1550>,<entities.processor.Processor object at 0x1180b7c10>
121.59175000000016,0.0,70798,<entities.dtn.DTN object at 0x1180d1550>,<entities.processor.Processor object at 0x1180b7c10>
122.59175000000016,0.0,70798,<entities.dtn.DTN object at 0x1180d1550>,<entities.processor.Processor object at 0x1180b7c10>
123.59175000000016,0.0,70798,<entities.dtn.DTN object at 0x1180d1550>,<entities.processor.Processor object at 0x1180b7c10>
124.59175000000016,0.0,70798,<entities.dtn.DTN object at 0x1180d1550>,<entities.processor.Processor object at 0x1180b7c10>
125.59175000000016,0.0,70798,<entities.dtn.DTN object at 0x1180d1550>,<entities.processor.Processor object at 0x1180b7c10>
126.59175000000016,0.0,70798,<entities.dtn.DTN object at 0x1180d1550>,<entities.processor.Processor object at 0x1180b7c10>
127.59175000000016,0.0,70798,<entities.dtn.DTN object at 0x1180d1550>,<entities.processor.Processor object at 0x1180b7c10>
128.59175000000016,0.0,70798,<entities.dtn.DTN object at 0x1180d1550>,<entities.processor.Processor object at 0x1180b7c10>
129.59175000000016,0.0,70798,<entities.dtn.DTN object at 0x1180d1550>,<entities.processor.Processor object at 0x1180b7c10>
130.59175000000016,0.0,70798,<entities.dtn.DTN object at 0x1180d1550>,<entities.processor.Processor object at 0x1180b7c10>
131.59175000000016,0.0,70798,<entities.dtn.DTN object at 0x1180d1550>,<entities.processor.Processor object at 0x1180b7c10>
132.59175000000016,0.0,70798,<entities.dtn.DTN object at 0x1180d1550>,<entities.processor.Processor object at 0x1180b7c10>
133.59175000000016,0.0,70798,<entities.dtn.DTN object at 0x1180d1550>,<entities.processor.Processor object at 0x1180b7c10>
134.59175000000016,0.0,70798,<entities.dtn.DTN object at 0x1180d1550>,<entities.processor.Processor object at 0x1180b7c10>
135.59175000000016,0.0,70798,<entities.dtn.DTN object at 0x1180d1550>,<entities.processor.Processor object at 0x1180b7c10>
136.59175000000016,0.0,70798,<entities.dtn.DTN object at 0x1180d1550>,<entities.processor.Processor object at 0x1180b7c10>
137.59175000000016,0.0,70798,<entities.dtn.DTN object at 0x1180d1550>,<entities.processor.Processor object at 0x1180b7c10>
138.59175000000016,0.0,70798,<entities.dtn.DTN object at 0x1180d1550>,<entities.processor.Processor object at 0x1180b7c10>
139.59175000000016,0.0,70798,<entities.dtn.DTN object at 0x1180d1550>,<entities.processor.Processor object at 0x1180b7c10>
140.59175000000016,0.0,70798,<entities.dtn.DTN object at 0x1180d1550>,<entities.processor.Processor object at 0x1180b7c10>
141.59175000000016,0.0,70798,<entities.dtn.DTN object at 0x1180d1550>,<entities.processor.Processor object at 0x1180b7c10>
142.59175000000016,0.0,70798,<entities.dtn.DTN object at 0x1180d1550>,<entities.processor.Processor object at 0x1180b7c10>
143.59175000000016,0.0,70798,<entities.dtn.DTN object at 0x1180d1550>,<entities.processor.Processor object at 0x1180b7c10>
144.59175000000016,0.0,70798,<entities.dtn.DTN object at 0x1180d1550>,<entities.processor.Processor object at 0x1180b7c10>
145.59175000000016,0.0,70798,<entities.dtn.DTN object at 0x1180d1550>,<entities.processor.Processor object at 0x1180b7c10>
146.59175000000016,0.0,70798,<entities.dtn.DTN object at 0x1180d1550>,<entities.processor.Processor object at 0x1180b7c10>
147.59175000000016,0.0,70798,<entities.dtn.DTN object at 0x1180d1550>,<entities.processor.Processor object at 0x1180b7c10>
148.59175000000016,0.0,70798,<entities.dtn.DTN object at 0x1180d1550>,<entities.processor.Processor object at 0x1180b7c10>
149.59175000000016,0.0,70798,<entities.dtn.DTN object at 0x1180d1550>,<entities.processor.Processor object at 0x1180b7c10>
150.59175000000016,0.0,70798,<entities.dtn.DTN object at 0x1180d1550>,<entities.processor.Processor object at 0x1180b7c10>
151.59175000000016,0.0,70798,<entities.dtn.DTN object at 0x1180d1550>,<entities.processor.Processor object at 0x1180b7c10>
152.59175000000016,0.0,70798,<entities.dtn.DTN object at 0x1180d1550>,<entities.processor.Processor object at 0x1180b7c10>
153.59175000000016,0.0,70798,<entities.dtn.DTN object at 0x1180d1550>,<entities.processor.Processor object at 0x1180b7c10>
154.59175000000016,0.0,70798,<entities.dtn.DTN object at 0x1180d1550>,<entities.processor.Processor object at 0x1180b7c10>
155.59175000000016,0.0,70798,<entities.dtn.DTN object at 0x1180d1550>,<entities.processor.Processor object at 0x1180b7c10>
156.59175000000016,0.0,70798,<entities.dtn.DTN object at 0x1180d1550>,<entities.processor.Processor object at 0x1180b7c10>
157.59175000000016,0.0,70798,<entities.dtn.DTN object at 0x1180d1550>,<entities.processor.Processor object at 0x1180b7c10>
158.59175000000016,0.0,70798,<entities.dtn.DTN object at 0x1180d1550>,<entities.processor.Processor object at 0x1180b7c10>
159.59175000000016,0.0,70798,<entities.dtn.DTN object at 0x1180d1550>,<entities.processor.Processor object at 0x1180b7c10>
160.59175000000016,0.0,70798,<entities.dtn.DTN object at 0x1180d1550>,<entities.processor.Processor object at 0x1180b7c10>
161.59175000000016,0.0,70798,<entities.dtn.DTN object at 0x1180d1550>,<entities.processor.Processor object at 0x1180b7c10>
162.59175000000016,0.0,70798,<entities.dtn.DTN object at 0x1180d1550>,<entities.processor.Processor object at 0x1180b7c10>
163.59175000000016,0.0,70798,<entities.dtn.DTN object at 0x1180d1550>,<entities.processor.Processor object at 0x1180b7c10>
164.59175000000016,0.0,70798,<entities.dtn.DTN object at 0x1180d1550>,<entities.processor.Processor object at 0x1180b7c10>
165.59175000000016,0.0,70798,<entities.dtn.DTN object at 0x1180d1550>,<entities.processor.Processor object at 0x1180b7c10>
166.59175000000016,0.0,70798,<entities.dtn.DTN object at 0x1180d1550>,<entities.processor.Processor object at 0x1180b7c10>
167.59175000000016,0.0,70798,<entities.dtn.DTN object at 0x1180d1550>,<entities.processor.Processor object at 0x1180b7c10>
168.59175000000016,0.0,70798,<entities.dtn.DTN object at 0x1180d1550>,<entities.processor.Processor object at 0x1180b7c10>
169.59175000000016,0.0,70798,<entities.dtn.DTN object at 0x1180d1550>,<entities.processor.Processor object at 0x1180b7c10>
170.59175000000016,0.0,70798,<entities.dtn.DTN object at 0x1180d1550>,<entities.processor.Processor object at 0x1180b7c10>
171.59175000000016,0.0,70798,<entities.dtn.DTN object at 0x1180d1550>,<entities.processor.Processor object at 0x1180b7c10>
172.59175000000016,0.0,70798,<entities.dtn.DTN object at 0x1180d1550>,<entities.processor.Processor object at 0x1180b7c10>
173.59175000000016,0.0,70798,<entities.dtn.DTN object at 0x1180d1550>,<entities.processor.Processor object at 0x1180b7c10>
174.59175000000016,0.0,70798,<entities.dtn.DTN object at 0x1180d1550>,<entities.processor.Processor object at 0x1180b7c10>
175.59175000000016,0.0,70798,<entities.dtn.DTN object at 0x1180d1550>,<entities.processor.Processor object at 0x1180b7c10>
176.59175000000016,0.0,70798,<entities.dtn.DTN object at 0x1180d1550>,<entities.processor.Processor object at 0x1180b7c10>
177.59175000000016,0.0,70798,<entities.dtn.DTN object at 0x1180d1550>,<entities.processor.Processor object at 0x1180b7c10>
178.59175000000016,0.0,70798,<entities.dtn.DTN object at 0x1180d1550>,<entities.processor.Processor object at 0x1180b7c10>
179.59175000000016,0.0,70798,<entities.dtn.DTN object at 0x1180d1550>,<entities.processor.Processor object at 0x1180b7c10>
180.59175000000016,0.0,70798,<entities.dtn.DTN object at 0x1180d1550>,<entities.processor.Processor object at 0x1180b7c10>
181.59175000000016,0.0,70798,<entities.dtn.DTN object at 0x1180d1550>,<entities.processor.Processor object at 0x1180b7c10>
182.59175000000016,0.0,70798,<entities.dtn.DTN object at 0x1180d1550>,<entities.processor.Processor object at 0x1180b7c10>
183.59175000000016,0.0,70798,<entities.dtn.DTN object at 0x1180d1550>,<entities.processor.Processor object at 0x1180b7c10>
184.59175000000016,0.0,70798,<entities.dtn.DTN object at 0x1180d1550>,<entities.processor.Processor object at 0x1180b7c10>
185.59175000000016,0.0,70798,<entities.dtn.DTN object at 0x1180d1550>,<entities.processor.Processor object at 0x1180b7c10>
186.59175000000016,0.0,70798,<entities.dtn.DTN object at 0x1180d1550>,<entities.processor.Processor object at 0x1180b7c10>
187.59175000000016,0.0,70798,<entities.dtn.DTN object at 0x1180d1550>,<entities.processor.Processor object at 0x1180b7c10>
188.59175000000016,0.0,70798,<entities.dtn.DTN object at 0x1180d1550>,<entities.processor.Processor object at 0x1180b7c10>
189.59175000000016,0.0,70798,<entities.dtn.DTN object at 0x1180d1550>,<entities.processor.Processor object at 0x1180b7c10>
190.59175000000016,0.0,70798,<entities.dtn.DTN object at 0x1180d1550>,<entities.processor.Processor object at 0x1180b7c10>
191.59175000000016,0.0,70798,<entities.dtn.DTN object at 0x1180d1550>,<entities.processor.Processor object at 0x1180b7c10>
192.59175000000016,0.0,70798,<entities.dtn.DTN object at 0x1180d1550>,<entities.processor.Processor object at 0x1180b7c10>
193.59175000000016,0.0,70798,<entities.dtn.DTN object at 0x1180d1550>,<entities.processor.Processor object at 0x1180b7c10>
194.59175000000016,0.0,70798,<entities.dtn.DTN object at 0x1180d1550>,<entities.processor.Processor object at 0x1180b7c10>
195.59175000000016,0.0,70798,<entities.dtn.DTN object at 0x1180d1550>,<entities.processor.Processor object at 0x1180b7c10>
196.59175000000016,0.0,70798,<entities.dtn.DTN object at 0x1180d1550>,<entities.processor.Processor object at 0x1180b7c10>
197.59175000000016,0.0,70798,<entities.dtn.DTN object at 0x1180d1550>,<entities.processor.Processor object at 0x1180b7c10>
198.59175000000016,0.0,70798,<entities.dtn.DTN object at 0x1180d1550>,<entities.processor.Processor object at 0x1180b7c10>
199.59175000000016,0.0,70798,<entities.dtn.DTN object at 0x1180d1550>,<entities.processor.Processor object at 0x1180b7c10>
27.5,0.0,18434,<entities.processor.Processor object at 0x1180b7ee0>,<entities.dtn.DTN object at 0x1180d1550>
29.668330000000243,0.0,43038,<entities.dtn.DTN object at 0x1180d1550>,<entities.processor.Processor object at 0x1180b7ee0>
30.668330000000243,0.0,43038,<entities.dtn.DTN object at 0x1180d1550>,<entities.processor.Processor object at 0x1180b7ee0>
31.668330000000243,0.0,43038,<entities.dtn.DTN object at 0x1180d1550>,<entities.processor.Processor object at 0x1180b7ee0>
32.66833000000024,0.0,43038,<entities.dtn.DTN object at 0x1180d1550>,<entities.processor.Processor object at 0x1180b7ee0>
33.66833000000024,0.0,43038,<entities.dtn.DTN object at 0x1180d1550>,<entities.processor.Processor object at 0x1180b7ee0>
34.66833000000024,0.0,43038,<entities.dtn.DTN object at 0x1180d1550>,<entities.processor.Processor object at 0x1180b7ee0>
35.66833000000024,0.0,43038,<entities.dtn.DTN object at 0x1180d1550>,<entities.processor.Processor object at 0x1180b7ee0>
36.66833000000024,0.0,43038,<entities.dtn.DTN object at 0x1180d1550>,<entities.processor.Processor object at 0x1180b7ee0>
37.66833000000024,0.0,43038,<entities.dtn.DTN object at 0x1180d1550>,<entities.processor.Processor object at 0x1180b7ee0>
38.66833000000024,0.0,43038,<entities.dtn.DTN object at 0x1180d1550>,<entities.processor.Processor object at 0x1180b7ee0>
39.66833000000024,0.0,43038,<entities.dtn.DTN object at 0x1180d1550>,<entities.processor.Processor object at 0x1180b7ee0>
40.66833000000024,0.0,43038,<entities.dtn.DTN object at 0x1180d1550>,<entities.processor.Processor object at 0x1180b7ee0>
41.66833000000024,0.0,43038,<entities.dtn.DTN object at 0x1180d1550>,<entities.processor.Processor object at 0x1180b7ee0>
42.66833000000024,0.0,43038,<entities.dtn.DTN object at 0x1180d1550>,<entities.processor.Processor object at 0x1180b7ee0>
43.66833000000024,0.0,43038,<entities.dtn.DTN object at 0x1180d1550>,<entities.processor.Processor object at 0x1180b7ee0>
44.66833000000024,0.0,43038,<entities.dtn.DTN object at 0x1180d1550>,<entities.processor.Processor object at 0x1180b7ee0>
45.66833000000024,0.0,43038,<entities.dtn.DTN object at 0x1180d1550>,<entities.processor.Processor object at 0x1180b7ee0>
46.66833000000024,0.0,43038,<entities.dtn.DTN object at 0x1180d1550>,<entities.processor.Processor object at 0x1180b7ee0>
47.66833000000024,0.0,43038,<entities.dtn.DTN object at 0x1180d1550>,<entities.processor.Processor object at 0x1180b7ee0>
48.66833000000024,0.0,43038,<entities.dtn.DTN object at 0x1180d1550>,<entities.processor.Processor object at 0x1180b7ee0>
49.66833000000024,0.0,43038,<entities.dtn.DTN object at 0x1180d1550>,<entities.processor.Processor object at 0x1180b7ee0>
50.66833000000024,0.0,43038,<entities.dtn.DTN object at 0x1180d1550>,<entities.processor.Processor object at 0x1180b7ee0>
51.66833000000024,0.0,43038,<entities.dtn.DTN object at 0x1180d1550>,<entities.processor.Processor object at 0x1180b7ee0>
52.66833000000024,0.0,43038,<entities.dtn.DTN object at 0x1180d1550>,<entities.processor.Processor object at 0x1180b7ee0>
53.66833000000024,0.0,43038,<entities.dtn.DTN object at 0x1180d1550>,<entities.processor.Processor object at 0x1180b7ee0>
54.66833000000024,0.0,43038,<entities.dtn.DTN object at 0x1180d1550>,<entities.processor.Processor object at 0x1180b7ee0>
55.66833000000024,0.0,43038,<entities.dtn.DTN object at 0x1180d1550>,<entities.processor.Processor object at 0x1180b7ee0>
56.66833000000024,0.0,43038,<entities.dtn.DTN object at 0x1180d1550>,<entities.processor.Processor object at 0x1180b7ee0>
57.66833000000024,0.0,43038,<entities.dtn.DTN object at 0x1180d1550>,<entities.processor.Processor object at 0x1180b7ee0>
58.66833000000024,0.0,43038,<entities.dtn.DTN object at 0x1180d1550>,<entities.processor.Processor object at 0x1180b7ee0>
59.66833000000024,0.0,43038,<entities.dtn.DTN object at 0x1180d1550>,<entities.processor.Processor object at 0x1180b7ee0>
60.66833000000024,0.0,43038,<entities.dtn.DTN object at 0x1180d1550>,<entities.processor.Processor object at 0x1180b7ee0>
61.66833000000024,0.0,43038,<entities.dtn.DTN object at 0x1180d1550>,<entities.processor.Processor object at 0x1180b7ee0>
62.66833000000024,0.0,43038,<entities.dtn.DTN object at 0x1180d1550>,<entities.processor.Processor object at 0x1180b7ee0>
63.66833000000024,0.0,43038,<entities.dtn.DTN object at 0x1180d1550>,<entities.processor.Processor object at 0x1180b7ee0>
64.66833000000024,0.0,43038,<entities.dtn.DTN object at 0x1180d1550>,<entities.processor.Processor object at 0x1180b7ee0>
65.66833000000024,0.0,43038,<entities.dtn.DTN object at 0x1180d1550>,<entities.processor.Processor object at 0x1180b7ee0>
66.66833000000024,0.0,43038,<entities.dtn.DTN object at 0x1180d1550>,<entities.processor.Processor object at 0x1180b7ee0>
67.66833000000024,0.0,43038,<entities.dtn.DTN object at 0x1180d1550>,<entities.processor.Processor object at 0x1180b7ee0>
68.66833000000024,0.0,43038,<entities.dtn.DTN object at 0x1180d1550>,<entities.processor.Processor object at 0x1180b7ee0>
69.66833000000024,0.0,43038,<entities.dtn.DTN object at 0x1180d1550>,<entities.processor.Processor object at 0x1180b7ee0>
70.66833000000024,0.0,43038,<entities.dtn.DTN object at 0x1180d1550>,<entities.processor.Processor object at 0x1180b7ee0>
71.66833000000024,0.0,43038,<entities.dtn.DTN object at 0x1180d1550>,<entities.processor.Processor object at 0x1180b7ee0>
72.66833000000024,0.0,43038,<entities.dtn.DTN object at 0x1180d1550>,<entities.processor.Processor object at 0x1180b7ee0>
73.66833000000024,0.0,43038,<entities.dtn.DTN object at 0x1180d1550>,<entities.processor.Processor object at 0x1180b7ee0>
74.66833000000024,0.0,43038,<entities.dtn.DTN object at 0x1180d1550>,<entities.processor.Processor object at 0x1180b7ee0>
75.66833000000024,0.0,43038,<entities.dtn.DTN object at 0x1180d1550>,<entities.processor.Processor object at 0x1180b7ee0>
76.66833000000024,0.0,43038,<entities.dtn.DTN object at 0x1180d1550>,<entities.processor.Processor object at 0x1180b7ee0>
77.66833000000024,0.0,43038,<entities.dtn.DTN object at 0x1180d1550>,<entities.processor.Processor object at 0x1180b7ee0>
78.66833000000024,0.0,43038,<entities.dtn.DTN object at 0x1180d1550>,<entities.processor.Processor object at 0x1180b7ee0>
79.66833000000024,0.0,43038,<entities.dtn.DTN object at 0x1180d1550>,<entities.processor.Processor object at 0x1180b7ee0>
80.66833000000024,0.0,43038,<entities.dtn.DTN object at 0x1180d1550>,<entities.processor.Processor object at 0x1180b7ee0>
81.66833000000024,0.0,43038,<entities.dtn.DTN object at 0x1180d1550>,<entities.processor.Processor object at 0x1180b7ee0>
82.66833000000024,0.0,43038,<entities.dtn.DTN object at 0x1180d1550>,<entities.processor.Processor object at 0x1180b7ee0>
83.66833000000024,0.0,43038,<entities.dtn.DTN object at 0x1180d1550>,<entities.processor.Processor object at 0x1180b7ee0>
84.66833000000024,0.0,43038,<entities.dtn.DTN object at 0x1180d1550>,<entities.processor.Processor object at 0x1180b7ee0>
85.66833000000024,0.0,43038,<entities.dtn.DTN object at 0x1180d1550>,<entities.processor.Processor object at 0x1180b7ee0>
86.66833000000024,0.0,43038,<entities.dtn.DTN object at 0x1180d1550>,<entities.processor.Processor object at 0x1180b7ee0>
87.66833000000024,0.0,43038,<entities.dtn.DTN object at 0x1180d1550>,<entities.processor.Processor object at 0x1180b7ee0>
88.66833000000024,0.0,43038,<entities.dtn.DTN object at 0x1180d1550>,<entities.processor.Processor object at 0x1180b7ee0>
89.66833000000024,0.0,43038,<entities.dtn.DTN object at 0x1180d1550>,<entities.processor.Processor object at 0x1180b7ee0>
90.66833000000024,0.0,43038,<entities.dtn.DTN object at 0x1180d1550>,<entities.processor.Processor object at 0x1180b7ee0>
91.66833000000024,0.0,43038,<entities.dtn.DTN object at 0x1180d1550>,<entities.processor.Processor object at 0x1180b7ee0>
92.66833000000024,0.0,43038,<entities.dtn.DTN object at 0x1180d1550>,<entities.processor.Processor object at 0x1180b7ee0>
93.66833000000024,0.0,43038,<entities.dtn.DTN object at 0x1180d1550>,<entities.processor.Processor object at 0x1180b7ee0>
94.66833000000024,0.0,43038,<entities.dtn.DTN object at 0x1180d1550>,<entities.processor.Processor object at 0x1180b7ee0>
95.66833000000024,0.0,43038,<entities.dtn.DTN object at 0x1180d1550>,<entities.processor.Processor object at 0x1180b7ee0>
96.66833000000024,0.0,43038,<entities.dtn.DTN object at 0x1180d1550>,<entities.processor.Processor object at 0x1180b7ee0>
97.66833000000024,0.0,43038,<entities.dtn.DTN object at 0x1180d1550>,<entities.processor.Processor object at 0x1180b7ee0>
98.66833000000024,0.0,43038,<entities.dtn.DTN object at 0x1180d1550>,<entities.processor.Processor object at 0x1180b7ee0>
99.66833000000024,0.0,43038,<entities.dtn.DTN object at 0x1180d1550>,<entities.processor.Processor object at 0x1180b7ee0>
100.66833000000024,0.0,43038,<entities.dtn.DTN object at 0x1180d1550>,<entities.processor.Processor object at 0x1180b7ee0>
101.66833000000024,0.0,43038,<entities.dtn.DTN object at 0x1180d1550>,<entities.processor.Processor object at 0x1180b7ee0>
102.66833000000024,0.0,43038,<entities.dtn.DTN object at 0x1180d1550>,<entities.processor.Processor object at 0x1180b7ee0>
103.66833000000024,0.0,43038,<entities.dtn.DTN object at 0x1180d1550>,<entities.processor.Processor object at 0x1180b7ee0>
104.66833000000024,0.0,43038,<entities.dtn.DTN object at 0x1180d1550>,<entities.processor.Processor object at 0x1180b7ee0>
105.66833000000024,0.0,43038,<entities.dtn.DTN object at 0x1180d1550>,<entities.processor.Processor object at 0x1180b7ee0>
106.66833000000024,0.0,43038,<entities.dtn.DTN object at 0x1180d1550>,<entities.processor.Processor object at 0x1180b7ee0>
107.66833000000024,0.0,43038,<entities.dtn.DTN object at 0x1180d1550>,<entities.processor.Processor object at 0x1180b7ee0>
108.66833000000024,0.0,43038,<entities.dtn.DTN object at 0x1180d1550>,<entities.processor.Processor object at 0x1180b7ee0>
109.66833000000024,0.0,43038,<entities.dtn.DTN object at 0x1180d1550>,<entities.processor.Processor object at 0x1180b7ee0>
110.66833000000024,0.0,43038,<entities.dtn.DTN object at 0x1180d1550>,<entities.processor.Processor object at 0x1180b7ee0>
111.66833000000024,0.0,43038,<entities.dtn.DTN object at 0x1180d1550>,<entities.processor.Processor object at 0x1180b7ee0>
112.66833000000024,0.0,43038,<entities.dtn.DTN object at 0x1180d1550>,<entities.processor.Processor object at 0x1180b7ee0>
113.66833000000024,0.0,43038,<entities.dtn.DTN object at 0x1180d1550>,<entities.processor.Processor object at 0x1180b7ee0>
114.66833000000024,0.0,43038,<entities.dtn.DTN object at 0x1180d1550>,<entities.processor.Processor object at 0x1180b7ee0>
115.66833000000024,0.0,43038,<entities.dtn.DTN object at 0x1180d1550>,<entities.processor.Processor object at 0x1180b7ee0>
116.66833000000024,0.0,43038,<entities.dtn.DTN object at 0x1180d1550>,<entities.processor.Processor object at 0x1180b7ee0>
117.66833000000024,0.0,43038,<entities.dtn.DTN object at 0x1180d1550>,<entities.processor.Processor object at 0x1180b7ee0>
118.66833000000024,0.0,43038,<entities.dtn.DTN object at 0x1180d1550>,<entities.processor.Processor object at 0x1180b7ee0>
119.66833000000024,0.0,43038,<entities.dtn.DTN object at 0x1180d1550>,<entities.processor.Processor object at 0x1180b7ee0>
120.66833000000024,0.0,43038,<entities.dtn.DTN object at 0x1180d1550>,<entities.processor.Processor object at 0x1180b7ee0>
121.66833000000024,0.0,43038,<entities.dtn.DTN object at 0x1180d1550>,<entities.processor.Processor object at 0x1180b7ee0>
122.66833000000024,0.0,43038,<entities.dtn.DTN object at 0x1180d1550>,<entities.processor.Processor object at 0x1180b7ee0>
123.66833000000024,0.0,43038,<entities.dtn.DTN object at 0x1180d1550>,<entities.processor.Processor object at 0x1180b7ee0>
124.66833000000024,0.0,43038,<entities.dtn.DTN object at 0x1180d1550>,<entities.processor.Processor object at 0x1180b7ee0>
125.66833000000024,0.0,43038,<entities.dtn.DTN object at 0x1180d1550>,<entities.processor.Processor object at 0x1180b7ee0>
126.66833000000024,0.0,43038,<entities.dtn.DTN object at 0x1180d1550>,<entities.processor.Processor object at 0x1180b7ee0>
127.66833000000024,0.0,43038,<entities.dtn.DTN object at 0x1180d1550>,<entities.processor.Processor object at 0x1180b7ee0>
128.66833000000025,0.0,43038,<entities.dtn.DTN object at 0x1180d1550>,<entities.processor.Processor object at 0x1180b7ee0>
129.66833000000025,0.0,43038,<entities.dtn.DTN object at 0x1180d1550>,<entities.processor.Processor object at 0x1180b7ee0>
130.66833000000025,0.0,43038,<entities.dtn.DTN object at 0x1180d1550>,<entities.processor.Processor object at 0x1180b7ee0>
131.66833000000025,0.0,43038,<entities.dtn.DTN object at 0x1180d1550>,<entities.processor.Processor object at 0x1180b7ee0>
132.66833000000025,0.0,43038,<entities.dtn.DTN object at 0x1180d1550>,<entities.processor.Processor object at 0x1180b7ee0>
133.66833000000025,0.0,43038,<entities.dtn.DTN object at 0x1180d1550>,<entities.processor.Processor object at 0x1180b7ee0>
134.66833000000025,0.0,43038,<entities.dtn.DTN object at 0x1180d1550>,<entities.processor.Processor object at 0x1180b7ee0>
135.66833000000025,0.0,43038,<entities.dtn.DTN object at 0x1180d1550>,<entities.processor.Processor object at 0x1180b7ee0>
136.66833000000025,0.0,43038,<entities.dtn.DTN object at 0x1180d1550>,<entities.processor.Processor object at 0x1180b7ee0>
137.66833000000025,0.0,43038,<entities.dtn.DTN object at 0x1180d1550>,<entities.processor.Processor object at 0x1180b7ee0>
138.66833000000025,0.0,43038,<entities.dtn.DTN object at 0x1180d1550>,<entities.processor.Processor object at 0x1180b7ee0>
139.66833000000025,0.0,43038,<entities.dtn.DTN object at 0x1180d1550>,<entities.processor.Processor object at 0x1180b7ee0>
140.66833000000025,0.0,43038,<entities.dtn.DTN object at 0x1180d1550>,<entities.processor.Processor object at 0x1180b7ee0>
141.66833000000025,0.0,43038,<entities.dtn.DTN object at 0x1180d1550>,<entities.processor.Processor object at 0x1180b7ee0>
142.66833000000025,0.0,43038,<entities.dtn.DTN object at 0x1180d1550>,<entities.processor.Processor object at 0x1180b7ee0>
143.66833000000025,0.0,43038,<entities.dtn.DTN object at 0x1180d1550>,<entities.processor.Processor object at 0x1180b7ee0>
144.66833000000025,0.0,43038,<entities.dtn.DTN object at 0x1180d1550>,<entities.processor.Processor object at 0x1180b7ee0>
145.66833000000025,0.0,43038,<entities.dtn.DTN object at 0x1180d1550>,<entities.processor.Processor object at 0x1180b7ee0>
146.66833000000025,0.0,43038,<entities.dtn.DTN object at 0x1180d1550>,<entities.processor.Processor object at 0x1180b7ee0>
147.66833000000025,0.0,43038,<entities.dtn.DTN object at 0x1180d1550>,<entities.processor.Processor object at 0x1180b7ee0>
148.66833000000025,0.0,43038,<entities.dtn.DTN object at 0x1180d1550>,<entities.processor.Processor object at 0x1180b7ee0>
149.66833000000025,0.0,43038,<entities.dtn.DTN object at 0x1180d1550>,<entities.processor.Processor object at 0x1180b7ee0>
150.66833000000025,0.0,43038,<entities.dtn.DTN object at 0x1180d1550>,<entities.processor.Processor object at 0x1180b7ee0>
151.66833000000025,0.0,43038,<entities.dtn.DTN object at 0x1180d1550>,<entities.processor.Processor object at 0x1180b7ee0>
152.66833000000025,0.0,43038,<entities.dtn.DTN object at 0x1180d1550>,<entities.processor.Processor object at 0x1180b7ee0>
153.66833000000025,0.0,43038,<entities.dtn.DTN object at 0x1180d1550>,<entities.processor.Processor object at 0x1180b7ee0>
154.66833000000025,0.0,43038,<entities.dtn.DTN object at 0x1180d1550>,<entities.processor.Processor object at 0x1180b7ee0>
155.66833000000025,0.0,43038,<entities.dtn.DTN object at 0x1180d1550>,<entities.processor.Processor object at 0x1180b7ee0>
156.66833000000025,0.0,43038,<entities.dtn.DTN object at 0x1180d1550>,<entities.processor.Processor object at 0x1180b7ee0>
157.66833000000025,0.0,43038,<entities.dtn.DTN object at 0x1180d1550>,<entities.processor.Processor object at 0x1180b7ee0>
158.66833000000025,0.0,43038,<entities.dtn.DTN object at 0x1180d1550>,<entities.processor.Processor object at 0x1180b7ee0>
159.66833000000025,0.0,43038,<entities.dtn.DTN object at 0x1180d1550>,<entities.processor.Processor object at 0x1180b7ee0>
160.66833000000025,0.0,43038,<entities.dtn.DTN object at 0x1180d1550>,<entities.processor.Processor object at 0x1180b7ee0>
161.66833000000025,0.0,43038,<entities.dtn.DTN object at 0x1180d1550>,<entities.processor.Processor object at 0x1180b7ee0>
162.66833000000025,0.0,43038,<entities.dtn.DTN object at 0x1180d1550>,<entities.processor.Processor object at 0x1180b7ee0>
163.66833000000025,0.0,43038,<entities.dtn.DTN object at 0x1180d1550>,<entities.processor.Processor object at 0x1180b7ee0>
164.66833000000025,0.0,43038,<entities.dtn.DTN object at 0x1180d1550>,<entities.processor.Processor object at 0x1180b7ee0>
165.66833000000025,0.0,43038,<entities.dtn.DTN object at 0x1180d1550>,<entities.processor.Processor object at 0x1180b7ee0>
166.66833000000025,0.0,43038,<entities.dtn.DTN object at 0x1180d1550>,<entities.processor.Processor object at 0x1180b7ee0>
167.66833000000025,0.0,43038,<entities.dtn.DTN object at 0x1180d1550>,<entities.processor.Processor object at 0x1180b7ee0>
168.66833000000025,0.0,43038,<entities.dtn.DTN object at 0x1180d1550>,<entities.processor.Processor object at 0x1180b7ee0>
169.66833000000025,0.0,43038,<entities.dtn.DTN object at 0x1180d1550>,<entities.processor.Processor object at 0x1180b7ee0>
170.66833000000025,0.0,43038,<entities.dtn.DTN object at 0x1180d1550>,<entities.processor.Processor object at 0x1180b7ee0>
171.66833000000025,0.0,43038,<entities.dtn.DTN object at 0x1180d1550>,<entities.processor.Processor object at 0x1180b7ee0>
172.66833000000025,0.0,43038,<entities.dtn.DTN object at 0x1180d1550>,<entities.processor.Processor object at 0x1180b7ee0>
173.66833000000025,0.0,43038,<entities.dtn.DTN object at 0x1180d1550>,<entities.processor.Processor object at 0x1180b7ee0>
174.66833000000025,0.0,43038,<entities.dtn.DTN object at 0x1180d1550>,<entities.processor.Processor object at 0x1180b7ee0>
175.66833000000025,0.0,43038,<entities.dtn.DTN object at 0x1180d1550>,<entities.processor.Processor object at 0x1180b7ee0>
176.66833000000025,0.0,43038,<entities.dtn.DTN object at 0x1180d1550>,<entities.processor.Processor object at 0x1180b7ee0>
177.66833000000025,0.0,43038,<entities.dtn.DTN object at 0x1180d1550>,<entities.processor.Processor object at 0x1180b7ee0>
178.66833000000025,0.0,43038,<entities.dtn.DTN object at 0x1180d1550>,<entities.processor.Processor object at 0x1180b7ee0>
179.66833000000025,0.0,43038,<entities.dtn.DTN object at 0x1180d1550>,<entities.processor.Processor object at 0x1180b7ee0>
180.66833000000025,0.0,43038,<entities.dtn.DTN object at 0x1180d1550>,<entities.processor.Processor object at 0x1180b7ee0>
181.66833000000025,0.0,43038,<entities.dtn.DTN object at 0x1180d1550>,<entities.processor.Processor object at 0x1180b7ee0>
182.66833000000025,0.0,43038,<entities.dtn.DTN object at 0x1180d1550>,<entities.processor.Processor object at 0x1180b7ee0>
183.66833000000025,0.0,43038,<entities.dtn.DTN object at 0x1180d1550>,<entities.processor.Processor object at 0x1180b7ee0>
184.66833000000025,0.0,43038,<entities.dtn.DTN object at 0x1180d1550>,<entities.processor.Processor object at 0x1180b7ee0>
185.66833000000025,0.0,43038,<entities.dtn.DTN object at 0x1180d1550>,<entities.processor.Processor object at 0x1180b7ee0>
186.66833000000025,0.0,43038,<entities.dtn.DTN object at 0x1180d1550>,<entities.processor.Processor object at 0x1180b7ee0>
187.66833000000025,0.0,43038,<entities.dtn.DTN object at 0x1180d1550>,<entities.processor.Processor object at 0x1180b7ee0>
188.66833000000025,0.0,43038,<entities.dtn.DTN object at 0x1180d1550>,<entities.processor.Processor object at 0x1180b7ee0>
189.66833000000025,0.0,43038,<entities.dtn.DTN object at 0x1180d1550>,<entities.processor.Processor object at 0x1180b7ee0>
190.66833000000025,0.0,43038,<entities.dtn.DTN object at 0x1180d1550>,<entities.processor.Processor object at 0x1180b7ee0>
191.66833000000025,0.0,43038,<entities.dtn.DTN object at 0x1180d1550>,<entities.processor.Processor object at 0x1180b7ee0>
192.66833000000025,0.0,43038,<entities.dtn.DTN object at 0x1180d1550>,<entities.processor.Processor object at 0x1180b7ee0>
193.66833000000025,0.0,43038,<entities.dtn.DTN object at 0x1180d1550>,<entities.processor.Processor object at 0x1180b7ee0>
194.66833000000025,0.0,43038,<entities.dtn.DTN object at 0x1180d1550>,<entities.processor.Processor object at 0x1180b7ee0>
195.66833000000025,0.0,43038,<entities.dtn.DTN object at 0x1180d1550>,<entities.processor.Processor object at 0x1180b7ee0>
196.66833000000025,0.0,43038,<entities.dtn.DTN object at 0x1180d1550>,<entities.processor.Processor object at 0x1180b7ee0>
197.66833000000025,0.0,43038,<entities.dtn.DTN object at 0x1180d1550>,<entities.processor.Processor object at 0x1180b7ee0>
198.66833000000025,0.0,43038,<entities.dtn.DTN object at 0x1180d1550>,<entities.processor.Processor object at 0x1180b7ee0>
199.66833000000025,0.0,43038,<entities.dtn.DTN object at 0x1180d1550>,<entities.processor.Processor object at 0x1180b7ee0>
30.0,0.0,6129,<entities.processor.Processor object at 0x1180b7ee0>,<entities.dtn.DTN object at 0x1180d1550>
30.068460000000247,0.0,17386,<entities.dtn.DTN object at 0x1180d1550>,<entities.processor.Processor object at 0x1180b7ee0>
31.068460000000247,0.0,17386,<entities.dtn.DTN object at 0x1180d1550>,<entities.processor.Processor object at 0x1180b7ee0>
32.06846000000024,0.0,17386,<entities.dtn.DTN object at 0x1180d1550>,<entities.processor.Processor object at 0x1180b7ee0>
33.06846000000024,0.0,17386,<entities.dtn.DTN object at 0x1180d1550>,<entities.processor.Processor object at 0x1180b7ee0>
34.06846000000024,0.0,17386,<entities.dtn.DTN object at 0x1180d1550>,<entities.processor.Processor object at 0x1180b7ee0>
35.06846000000024,0.0,17386,<entities.dtn.DTN object at 0x1180d1550>,<entities.processor.Processor object at 0x1180b7ee0>
36.06846000000024,0.0,17386,<entities.dtn.DTN object at 0x1180d1550>,<entities.processor.Processor object at 0x1180b7ee0>
37.06846000000024,0.0,17386,<entities.dtn.DTN object at 0x1180d1550>,<entities.processor.Processor object at 0x1180b7ee0>
38.06846000000024,0.0,17386,<entities.dtn.DTN object at 0x1180d1550>,<entities.processor.Processor object at 0x1180b7ee0>
39.06846000000024,0.0,17386,<entities.dtn.DTN object at 0x1180d1550>,<entities.processor.Processor object at 0x1180b7ee0>
40.06846000000024,0.0,17386,<entities.dtn.DTN object at 0x1180d1550>,<entities.processor.Processor object at 0x1180b7ee0>
41.06846000000024,0.0,17386,<entities.dtn.DTN object at 0x1180d1550>,<entities.processor.Processor object at 0x1180b7ee0>
42.06846000000024,0.0,17386,<entities.dtn.DTN object at 0x1180d1550>,<entities.processor.Processor object at 0x1180b7ee0>
43.06846000000024,0.0,17386,<entities.dtn.DTN object at 0x1180d1550>,<entities.processor.Processor object at 0x1180b7ee0>
44.06846000000024,0.0,17386,<entities.dtn.DTN object at 0x1180d1550>,<entities.processor.Processor object at 0x1180b7ee0>
45.06846000000024,0.0,17386,<entities.dtn.DTN object at 0x1180d1550>,<entities.processor.Processor object at 0x1180b7ee0>
46.06846000000024,0.0,17386,<entities.dtn.DTN object at 0x1180d1550>,<entities.processor.Processor object at 0x1180b7ee0>
47.06846000000024,0.0,17386,<entities.dtn.DTN object at 0x1180d1550>,<entities.processor.Processor object at 0x1180b7ee0>
48.06846000000024,0.0,17386,<entities.dtn.DTN object at 0x1180d1550>,<entities.processor.Processor object at 0x1180b7ee0>
49.06846000000024,0.0,17386,<entities.dtn.DTN object at 0x1180d1550>,<entities.processor.Processor object at 0x1180b7ee0>
50.06846000000024,0.0,17386,<entities.dtn.DTN object at 0x1180d1550>,<entities.processor.Processor object at 0x1180b7ee0>
51.06846000000024,0.0,17386,<entities.dtn.DTN object at 0x1180d1550>,<entities.processor.Processor object at 0x1180b7ee0>
52.06846000000024,0.0,17386,<entities.dtn.DTN object at 0x1180d1550>,<entities.processor.Processor object at 0x1180b7ee0>
53.06846000000024,0.0,17386,<entities.dtn.DTN object at 0x1180d1550>,<entities.processor.Processor object at 0x1180b7ee0>
54.06846000000024,0.0,17386,<entities.dtn.DTN object at 0x1180d1550>,<entities.processor.Processor object at 0x1180b7ee0>
55.06846000000024,0.0,17386,<entities.dtn.DTN object at 0x1180d1550>,<entities.processor.Processor object at 0x1180b7ee0>
56.06846000000024,0.0,17386,<entities.dtn.DTN object at 0x1180d1550>,<entities.processor.Processor object at 0x1180b7ee0>
57.06846000000024,0.0,17386,<entities.dtn.DTN object at 0x1180d1550>,<entities.processor.Processor object at 0x1180b7ee0>
58.06846000000024,0.0,17386,<entities.dtn.DTN object at 0x1180d1550>,<entities.processor.Processor object at 0x1180b7ee0>
59.06846000000024,0.0,17386,<entities.dtn.DTN object at 0x1180d1550>,<entities.processor.Processor object at 0x1180b7ee0>
60.06846000000024,0.0,17386,<entities.dtn.DTN object at 0x1180d1550>,<entities.processor.Processor object at 0x1180b7ee0>
61.06846000000024,0.0,17386,<entities.dtn.DTN object at 0x1180d1550>,<entities.processor.Processor object at 0x1180b7ee0>
62.06846000000024,0.0,17386,<entities.dtn.DTN object at 0x1180d1550>,<entities.processor.Processor object at 0x1180b7ee0>
63.06846000000024,0.0,17386,<entities.dtn.DTN object at 0x1180d1550>,<entities.processor.Processor object at 0x1180b7ee0>
64.06846000000024,0.0,17386,<entities.dtn.DTN object at 0x1180d1550>,<entities.processor.Processor object at 0x1180b7ee0>
65.06846000000024,0.0,17386,<entities.dtn.DTN object at 0x1180d1550>,<entities.processor.Processor object at 0x1180b7ee0>
66.06846000000024,0.0,17386,<entities.dtn.DTN object at 0x1180d1550>,<entities.processor.Processor object at 0x1180b7ee0>
67.06846000000024,0.0,17386,<entities.dtn.DTN object at 0x1180d1550>,<entities.processor.Processor object at 0x1180b7ee0>
68.06846000000024,0.0,17386,<entities.dtn.DTN object at 0x1180d1550>,<entities.processor.Processor object at 0x1180b7ee0>
69.06846000000024,0.0,17386,<entities.dtn.DTN object at 0x1180d1550>,<entities.processor.Processor object at 0x1180b7ee0>
70.06846000000024,0.0,17386,<entities.dtn.DTN object at 0x1180d1550>,<entities.processor.Processor object at 0x1180b7ee0>
71.06846000000024,0.0,17386,<entities.dtn.DTN object at 0x1180d1550>,<entities.processor.Processor object at 0x1180b7ee0>
72.06846000000024,0.0,17386,<entities.dtn.DTN object at 0x1180d1550>,<entities.processor.Processor object at 0x1180b7ee0>
73.06846000000024,0.0,17386,<entities.dtn.DTN object at 0x1180d1550>,<entities.processor.Processor object at 0x1180b7ee0>
74.06846000000024,0.0,17386,<entities.dtn.DTN object at 0x1180d1550>,<entities.processor.Processor object at 0x1180b7ee0>
75.06846000000024,0.0,17386,<entities.dtn.DTN object at 0x1180d1550>,<entities.processor.Processor object at 0x1180b7ee0>
76.06846000000024,0.0,17386,<entities.dtn.DTN object at 0x1180d1550>,<entities.processor.Processor object at 0x1180b7ee0>
77.06846000000024,0.0,17386,<entities.dtn.DTN object at 0x1180d1550>,<entities.processor.Processor object at 0x1180b7ee0>
78.06846000000024,0.0,17386,<entities.dtn.DTN object at 0x1180d1550>,<entities.processor.Processor object at 0x1180b7ee0>
79.06846000000024,0.0,17386,<entities.dtn.DTN object at 0x1180d1550>,<entities.processor.Processor object at 0x1180b7ee0>
80.06846000000024,0.0,17386,<entities.dtn.DTN object at 0x1180d1550>,<entities.processor.Processor object at 0x1180b7ee0>
81.06846000000024,0.0,17386,<entities.dtn.DTN object at 0x1180d1550>,<entities.processor.Processor object at 0x1180b7ee0>
82.06846000000024,0.0,17386,<entities.dtn.DTN object at 0x1180d1550>,<entities.processor.Processor object at 0x1180b7ee0>
83.06846000000024,0.0,17386,<entities.dtn.DTN object at 0x1180d1550>,<entities.processor.Processor object at 0x1180b7ee0>
84.06846000000024,0.0,17386,<entities.dtn.DTN object at 0x1180d1550>,<entities.processor.Processor object at 0x1180b7ee0>
85.06846000000024,0.0,17386,<entities.dtn.DTN object at 0x1180d1550>,<entities.processor.Processor object at 0x1180b7ee0>
86.06846000000024,0.0,17386,<entities.dtn.DTN object at 0x1180d1550>,<entities.processor.Processor object at 0x1180b7ee0>
87.06846000000024,0.0,17386,<entities.dtn.DTN object at 0x1180d1550>,<entities.processor.Processor object at 0x1180b7ee0>
88.06846000000024,0.0,17386,<entities.dtn.DTN object at 0x1180d1550>,<entities.processor.Processor object at 0x1180b7ee0>
89.06846000000024,0.0,17386,<entities.dtn.DTN object at 0x1180d1550>,<entities.processor.Processor object at 0x1180b7ee0>
90.06846000000024,0.0,17386,<entities.dtn.DTN object at 0x1180d1550>,<entities.processor.Processor object at 0x1180b7ee0>
91.06846000000024,0.0,17386,<entities.dtn.DTN object at 0x1180d1550>,<entities.processor.Processor object at 0x1180b7ee0>
92.06846000000024,0.0,17386,<entities.dtn.DTN object at 0x1180d1550>,<entities.processor.Processor object at 0x1180b7ee0>
93.06846000000024,0.0,17386,<entities.dtn.DTN object at 0x1180d1550>,<entities.processor.Processor object at 0x1180b7ee0>
94.06846000000024,0.0,17386,<entities.dtn.DTN object at 0x1180d1550>,<entities.processor.Processor object at 0x1180b7ee0>
95.06846000000024,0.0,17386,<entities.dtn.DTN object at 0x1180d1550>,<entities.processor.Processor object at 0x1180b7ee0>
96.06846000000024,0.0,17386,<entities.dtn.DTN object at 0x1180d1550>,<entities.processor.Processor object at 0x1180b7ee0>
97.06846000000024,0.0,17386,<entities.dtn.DTN object at 0x1180d1550>,<entities.processor.Processor object at 0x1180b7ee0>
98.06846000000024,0.0,17386,<entities.dtn.DTN object at 0x1180d1550>,<entities.processor.Processor object at 0x1180b7ee0>
99.06846000000024,0.0,17386,<entities.dtn.DTN object at 0x1180d1550>,<entities.processor.Processor object at 0x1180b7ee0>
100.06846000000024,0.0,17386,<entities.dtn.DTN object at 0x1180d1550>,<entities.processor.Processor object at 0x1180b7ee0>
101.06846000000024,0.0,17386,<entities.dtn.DTN object at 0x1180d1550>,<entities.processor.Processor object at 0x1180b7ee0>
102.06846000000024,0.0,17386,<entities.dtn.DTN object at 0x1180d1550>,<entities.processor.Processor object at 0x1180b7ee0>
103.06846000000024,0.0,17386,<entities.dtn.DTN object at 0x1180d1550>,<entities.processor.Processor object at 0x1180b7ee0>
104.06846000000024,0.0,17386,<entities.dtn.DTN object at 0x1180d1550>,<entities.processor.Processor object at 0x1180b7ee0>
105.06846000000024,0.0,17386,<entities.dtn.DTN object at 0x1180d1550>,<entities.processor.Processor object at 0x1180b7ee0>
106.06846000000024,0.0,17386,<entities.dtn.DTN object at 0x1180d1550>,<entities.processor.Processor object at 0x1180b7ee0>
107.06846000000024,0.0,17386,<entities.dtn.DTN object at 0x1180d1550>,<entities.processor.Processor object at 0x1180b7ee0>
108.06846000000024,0.0,17386,<entities.dtn.DTN object at 0x1180d1550>,<entities.processor.Processor object at 0x1180b7ee0>
109.06846000000024,0.0,17386,<entities.dtn.DTN object at 0x1180d1550>,<entities.processor.Processor object at 0x1180b7ee0>
110.06846000000024,0.0,17386,<entities.dtn.DTN object at 0x1180d1550>,<entities.processor.Processor object at 0x1180b7ee0>
111.06846000000024,0.0,17386,<entities.dtn.DTN object at 0x1180d1550>,<entities.processor.Processor object at 0x1180b7ee0>
112.06846000000024,0.0,17386,<entities.dtn.DTN object at 0x1180d1550>,<entities.processor.Processor object at 0x1180b7ee0>
113.06846000000024,0.0,17386,<entities.dtn.DTN object at 0x1180d1550>,<entities.processor.Processor object at 0x1180b7ee0>
114.06846000000024,0.0,17386,<entities.dtn.DTN object at 0x1180d1550>,<entities.processor.Processor object at 0x1180b7ee0>
115.06846000000024,0.0,17386,<entities.dtn.DTN object at 0x1180d1550>,<entities.processor.Processor object at 0x1180b7ee0>
116.06846000000024,0.0,17386,<entities.dtn.DTN object at 0x1180d1550>,<entities.processor.Processor object at 0x1180b7ee0>
117.06846000000024,0.0,17386,<entities.dtn.DTN object at 0x1180d1550>,<entities.processor.Processor object at 0x1180b7ee0>
118.06846000000024,0.0,17386,<entities.dtn.DTN object at 0x1180d1550>,<entities.processor.Processor object at 0x1180b7ee0>
119.06846000000024,0.0,17386,<entities.dtn.DTN object at 0x1180d1550>,<entities.processor.Processor object at 0x1180b7ee0>
120.06846000000024,0.0,17386,<entities.dtn.DTN object at 0x1180d1550>,<entities.processor.Processor object at 0x1180b7ee0>
121.06846000000024,0.0,17386,<entities.dtn.DTN object at 0x1180d1550>,<entities.processor.Processor object at 0x1180b7ee0>
122.06846000000024,0.0,17386,<entities.dtn.DTN object at 0x1180d1550>,<entities.processor.Processor object at 0x1180b7ee0>
123.06846000000024,0.0,17386,<entities.dtn.DTN object at 0x1180d1550>,<entities.processor.Processor object at 0x1180b7ee0>
124.06846000000024,0.0,17386,<entities.dtn.DTN object at 0x1180d1550>,<entities.processor.Processor object at 0x1180b7ee0>
125.06846000000024,0.0,17386,<entities.dtn.DTN object at 0x1180d1550>,<entities.processor.Processor object at 0x1180b7ee0>
126.06846000000024,0.0,17386,<entities.dtn.DTN object at 0x1180d1550>,<entities.processor.Processor object at 0x1180b7ee0>
127.06846000000024,0.0,17386,<entities.dtn.DTN object at 0x1180d1550>,<entities.processor.Processor object at 0x1180b7ee0>
128.06846000000024,0.0,17386,<entities.dtn.DTN object at 0x1180d1550>,<entities.processor.Processor object at 0x1180b7ee0>
129.06846000000024,0.0,17386,<entities.dtn.DTN object at 0x1180d1550>,<entities.processor.Processor object at 0x1180b7ee0>
130.06846000000024,0.0,17386,<entities.dtn.DTN object at 0x1180d1550>,<entities.processor.Processor object at 0x1180b7ee0>
131.06846000000024,0.0,17386,<entities.dtn.DTN object at 0x1180d1550>,<entities.processor.Processor object at 0x1180b7ee0>
132.06846000000024,0.0,17386,<entities.dtn.DTN object at 0x1180d1550>,<entities.processor.Processor object at 0x1180b7ee0>
133.06846000000024,0.0,17386,<entities.dtn.DTN object at 0x1180d1550>,<entities.processor.Processor object at 0x1180b7ee0>
134.06846000000024,0.0,17386,<entities.dtn.DTN object at 0x1180d1550>,<entities.processor.Processor object at 0x1180b7ee0>
135.06846000000024,0.0,17386,<entities.dtn.DTN object at 0x1180d1550>,<entities.processor.Processor object at 0x1180b7ee0>
136.06846000000024,0.0,17386,<entities.dtn.DTN object at 0x1180d1550>,<entities.processor.Processor object at 0x1180b7ee0>
137.06846000000024,0.0,17386,<entities.dtn.DTN object at 0x1180d1550>,<entities.processor.Processor object at 0x1180b7ee0>
138.06846000000024,0.0,17386,<entities.dtn.DTN object at 0x1180d1550>,<entities.processor.Processor object at 0x1180b7ee0>
139.06846000000024,0.0,17386,<entities.dtn.DTN object at 0x1180d1550>,<entities.processor.Processor object at 0x1180b7ee0>
140.06846000000024,0.0,17386,<entities.dtn.DTN object at 0x1180d1550>,<entities.processor.Processor object at 0x1180b7ee0>
141.06846000000024,0.0,17386,<entities.dtn.DTN object at 0x1180d1550>,<entities.processor.Processor object at 0x1180b7ee0>
142.06846000000024,0.0,17386,<entities.dtn.DTN object at 0x1180d1550>,<entities.processor.Processor object at 0x1180b7ee0>
143.06846000000024,0.0,17386,<entities.dtn.DTN object at 0x1180d1550>,<entities.processor.Processor object at 0x1180b7ee0>
144.06846000000024,0.0,17386,<entities.dtn.DTN object at 0x1180d1550>,<entities.processor.Processor object at 0x1180b7ee0>
145.06846000000024,0.0,17386,<entities.dtn.DTN object at 0x1180d1550>,<entities.processor.Processor object at 0x1180b7ee0>
146.06846000000024,0.0,17386,<entities.dtn.DTN object at 0x1180d1550>,<entities.processor.Processor object at 0x1180b7ee0>
147.06846000000024,0.0,17386,<entities.dtn.DTN object at 0x1180d1550>,<entities.processor.Processor object at 0x1180b7ee0>
148.06846000000024,0.0,17386,<entities.dtn.DTN object at 0x1180d1550>,<entities.processor.Processor object at 0x1180b7ee0>
149.06846000000024,0.0,17386,<entities.dtn.DTN object at 0x1180d1550>,<entities.processor.Processor object at 0x1180b7ee0>
150.06846000000024,0.0,17386,<entities.dtn.DTN object at 0x1180d1550>,<entities.processor.Processor object at 0x1180b7ee0>
151.06846000000024,0.0,17386,<entities.dtn.DTN object at 0x1180d1550>,<entities.processor.Processor object at 0x1180b7ee0>
152.06846000000024,0.0,17386,<entities.dtn.DTN object at 0x1180d1550>,<entities.processor.Processor object at 0x1180b7ee0>
153.06846000000024,0.0,17386,<entities.dtn.DTN object at 0x1180d1550>,<entities.processor.Processor object at 0x1180b7ee0>
154.06846000000024,0.0,17386,<entities.dtn.DTN object at 0x1180d1550>,<entities.processor.Processor object at 0x1180b7ee0>
155.06846000000024,0.0,17386,<entities.dtn.DTN object at 0x1180d1550>,<entities.processor.Processor object at 0x1180b7ee0>
156.06846000000024,0.0,17386,<entities.dtn.DTN object at 0x1180d1550>,<entities.processor.Processor object at 0x1180b7ee0>
157.06846000000024,0.0,17386,<entities.dtn.DTN object at 0x1180d1550>,<entities.processor.Processor object at 0x1180b7ee0>
158.06846000000024,0.0,17386,<entities.dtn.DTN object at 0x1180d1550>,<entities.processor.Processor object at 0x1180b7ee0>
159.06846000000024,0.0,17386,<entities.dtn.DTN object at 0x1180d1550>,<entities.processor.Processor object at 0x1180b7ee0>
160.06846000000024,0.0,17386,<entities.dtn.DTN object at 0x1180d1550>,<entities.processor.Processor object at 0x1180b7ee0>
161.06846000000024,0.0,17386,<entities.dtn.DTN object at 0x1180d1550>,<entities.processor.Processor object at 0x1180b7ee0>
162.06846000000024,0.0,17386,<entities.dtn.DTN object at 0x1180d1550>,<entities.processor.Processor object at 0x1180b7ee0>
163.06846000000024,0.0,17386,<entities.dtn.DTN object at 0x1180d1550>,<entities.processor.Processor object at 0x1180b7ee0>
164.06846000000024,0.0,17386,<entities.dtn.DTN object at 0x1180d1550>,<entities.processor.Processor object at 0x1180b7ee0>
165.06846000000024,0.0,17386,<entities.dtn.DTN object at 0x1180d1550>,<entities.processor.Processor object at 0x1180b7ee0>
166.06846000000024,0.0,17386,<entities.dtn.DTN object at 0x1180d1550>,<entities.processor.Processor object at 0x1180b7ee0>
167.06846000000024,0.0,17386,<entities.dtn.DTN object at 0x1180d1550>,<entities.processor.Processor object at 0x1180b7ee0>
168.06846000000024,0.0,17386,<entities.dtn.DTN object at 0x1180d1550>,<entities.processor.Processor object at 0x1180b7ee0>
169.06846000000024,0.0,17386,<entities.dtn.DTN object at 0x1180d1550>,<entities.processor.Processor object at 0x1180b7ee0>
170.06846000000024,0.0,17386,<entities.dtn.DTN object at 0x1180d1550>,<entities.processor.Processor object at 0x1180b7ee0>
171.06846000000024,0.0,17386,<entities.dtn.DTN object at 0x1180d1550>,<entities.processor.Processor object at 0x1180b7ee0>
172.06846000000024,0.0,17386,<entities.dtn.DTN object at 0x1180d1550>,<entities.processor.Processor object at 0x1180b7ee0>
173.06846000000024,0.0,17386,<entities.dtn.DTN object at 0x1180d1550>,<entities.processor.Processor object at 0x1180b7ee0>
174.06846000000024,0.0,17386,<entities.dtn.DTN object at 0x1180d1550>,<entities.processor.Processor object at 0x1180b7ee0>
175.06846000000024,0.0,17386,<entities.dtn.DTN object at 0x1180d1550>,<entities.processor.Processor object at 0x1180b7ee0>
176.06846000000024,0.0,17386,<entities.dtn.DTN object at 0x1180d1550>,<entities.processor.Processor object at 0x1180b7ee0>
177.06846000000024,0.0,17386,<entities.dtn.DTN object at 0x1180d1550>,<entities.processor.Processor object at 0x1180b7ee0>
178.06846000000024,0.0,17386,<entities.dtn.DTN object at 0x1180d1550>,<entities.processor.Processor object at 0x1180b7ee0>
179.06846000000024,0.0,17386,<entities.dtn.DTN object at 0x1180d1550>,<entities.processor.Processor object at 0x1180b7ee0>
180.06846000000024,0.0,17386,<entities.dtn.DTN object at 0x1180d1550>,<entities.processor.Processor object at 0x1180b7ee0>
181.06846000000024,0.0,17386,<entities.dtn.DTN object at 0x1180d1550>,<entities.processor.Processor object at 0x1180b7ee0>
182.06846000000024,0.0,17386,<entities.dtn.DTN object at 0x1180d1550>,<entities.processor.Processor object at 0x1180b7ee0>
183.06846000000024,0.0,17386,<entities.dtn.DTN object at 0x1180d1550>,<entities.processor.Processor object at 0x1180b7ee0>
184.06846000000024,0.0,17386,<entities.dtn.DTN object at 0x1180d1550>,<entities.processor.Processor object at 0x1180b7ee0>
185.06846000000024,0.0,17386,<entities.dtn.DTN object at 0x1180d1550>,<entities.processor.Processor object at 0x1180b7ee0>
186.06846000000024,0.0,17386,<entities.dtn.DTN object at 0x1180d1550>,<entities.processor.Processor object at 0x1180b7ee0>
187.06846000000024,0.0,17386,<entities.dtn.DTN object at 0x1180d1550>,<entities.processor.Processor object at 0x1180b7ee0>
188.06846000000024,0.0,17386,<entities.dtn.DTN object at 0x1180d1550>,<entities.processor.Processor object at 0x1180b7ee0>
189.06846000000024,0.0,17386,<entities.dtn.DTN object at 0x1180d1550>,<entities.processor.Processor object at 0x1180b7ee0>
190.06846000000024,0.0,17386,<entities.dtn.DTN object at 0x1180d1550>,<entities.processor.Processor object at 0x1180b7ee0>
191.06846000000024,0.0,17386,<entities.dtn.DTN object at 0x1180d1550>,<entities.processor.Processor object at 0x1180b7ee0>
192.06846000000024,0.0,17386,<entities.dtn.DTN object at 0x1180d1550>,<entities.processor.Processor object at 0x1180b7ee0>
193.06846000000024,0.0,17386,<entities.dtn.DTN object at 0x1180d1550>,<entities.processor.Processor object at 0x1180b7ee0>
194.06846000000024,0.0,17386,<entities.dtn.DTN object at 0x1180d1550>,<entities.processor.Processor object at 0x1180b7ee0>
195.06846000000024,0.0,17386,<entities.dtn.DTN object at 0x1180d1550>,<entities.processor.Processor object at 0x1180b7ee0>
196.06846000000024,0.0,17386,<entities.dtn.DTN object at 0x1180d1550>,<entities.processor.Processor object at 0x1180b7ee0>
197.06846000000024,0.0,17386,<entities.dtn.DTN object at 0x1180d1550>,<entities.processor.Processor object at 0x1180b7ee0>
198.06846000000024,0.0,17386,<entities.dtn.DTN object at 0x1180d1550>,<entities.processor.Processor object at 0x1180b7ee0>
199.06846000000024,0.0,17386,<entities.dtn.DTN object at 0x1180d1550>,<entities.processor.Processor object at 0x1180b7ee0>
34.0,0.0,39762,<entities.processor.Processor object at 0x1180d1220>,<entities.dtn.DTN object at 0x1180d1550>
36.07568000000036,0.0,72162,<entities.dtn.DTN object at 0x1180d1550>,<entities.processor.Processor object at 0x1180d1220>
37.07568000000036,0.0,72162,<entities.dtn.DTN object at 0x1180d1550>,<entities.processor.Processor object at 0x1180d1220>
38.07568000000036,0.0,72162,<entities.dtn.DTN object at 0x1180d1550>,<entities.processor.Processor object at 0x1180d1220>
39.07568000000036,0.0,72162,<entities.dtn.DTN object at 0x1180d1550>,<entities.processor.Processor object at 0x1180d1220>
40.07568000000036,0.0,72162,<entities.dtn.DTN object at 0x1180d1550>,<entities.processor.Processor object at 0x1180d1220>
41.07568000000036,0.0,72162,<entities.dtn.DTN object at 0x1180d1550>,<entities.processor.Processor object at 0x1180d1220>
42.07568000000036,0.0,72162,<entities.dtn.DTN object at 0x1180d1550>,<entities.processor.Processor object at 0x1180d1220>
43.07568000000036,0.0,72162,<entities.dtn.DTN object at 0x1180d1550>,<entities.processor.Processor object at 0x1180d1220>
44.07568000000036,0.0,72162,<entities.dtn.DTN object at 0x1180d1550>,<entities.processor.Processor object at 0x1180d1220>
45.07568000000036,0.0,72162,<entities.dtn.DTN object at 0x1180d1550>,<entities.processor.Processor object at 0x1180d1220>
46.07568000000036,0.0,72162,<entities.dtn.DTN object at 0x1180d1550>,<entities.processor.Processor object at 0x1180d1220>
47.07568000000036,0.0,72162,<entities.dtn.DTN object at 0x1180d1550>,<entities.processor.Processor object at 0x1180d1220>
48.07568000000036,0.0,72162,<entities.dtn.DTN object at 0x1180d1550>,<entities.processor.Processor object at 0x1180d1220>
49.07568000000036,0.0,72162,<entities.dtn.DTN object at 0x1180d1550>,<entities.processor.Processor object at 0x1180d1220>
50.07568000000036,0.0,72162,<entities.dtn.DTN object at 0x1180d1550>,<entities.processor.Processor object at 0x1180d1220>
51.07568000000036,0.0,72162,<entities.dtn.DTN object at 0x1180d1550>,<entities.processor.Processor object at 0x1180d1220>
52.07568000000036,0.0,72162,<entities.dtn.DTN object at 0x1180d1550>,<entities.processor.Processor object at 0x1180d1220>
53.07568000000036,0.0,72162,<entities.dtn.DTN object at 0x1180d1550>,<entities.processor.Processor object at 0x1180d1220>
54.07568000000036,0.0,72162,<entities.dtn.DTN object at 0x1180d1550>,<entities.processor.Processor object at 0x1180d1220>
55.07568000000036,0.0,72162,<entities.dtn.DTN object at 0x1180d1550>,<entities.processor.Processor object at 0x1180d1220>
56.07568000000036,0.0,72162,<entities.dtn.DTN object at 0x1180d1550>,<entities.processor.Processor object at 0x1180d1220>
57.07568000000036,0.0,72162,<entities.dtn.DTN object at 0x1180d1550>,<entities.processor.Processor object at 0x1180d1220>
58.07568000000036,0.0,72162,<entities.dtn.DTN object at 0x1180d1550>,<entities.processor.Processor object at 0x1180d1220>
59.07568000000036,0.0,72162,<entities.dtn.DTN object at 0x1180d1550>,<entities.processor.Processor object at 0x1180d1220>
60.07568000000036,0.0,72162,<entities.dtn.DTN object at 0x1180d1550>,<entities.processor.Processor object at 0x1180d1220>
61.07568000000036,0.0,72162,<entities.dtn.DTN object at 0x1180d1550>,<entities.processor.Processor object at 0x1180d1220>
62.07568000000036,0.0,72162,<entities.dtn.DTN object at 0x1180d1550>,<entities.processor.Processor object at 0x1180d1220>
63.07568000000036,0.0,72162,<entities.dtn.DTN object at 0x1180d1550>,<entities.processor.Processor object at 0x1180d1220>
64.07568000000036,0.0,72162,<entities.dtn.DTN object at 0x1180d1550>,<entities.processor.Processor object at 0x1180d1220>
65.07568000000036,0.0,72162,<entities.dtn.DTN object at 0x1180d1550>,<entities.processor.Processor object at 0x1180d1220>
66.07568000000036,0.0,72162,<entities.dtn.DTN object at 0x1180d1550>,<entities.processor.Processor object at 0x1180d1220>
67.07568000000036,0.0,72162,<entities.dtn.DTN object at 0x1180d1550>,<entities.processor.Processor object at 0x1180d1220>
68.07568000000036,0.0,72162,<entities.dtn.DTN object at 0x1180d1550>,<entities.processor.Processor object at 0x1180d1220>
69.07568000000036,0.0,72162,<entities.dtn.DTN object at 0x1180d1550>,<entities.processor.Processor object at 0x1180d1220>
70.07568000000036,0.0,72162,<entities.dtn.DTN object at 0x1180d1550>,<entities.processor.Processor object at 0x1180d1220>
71.07568000000036,0.0,72162,<entities.dtn.DTN object at 0x1180d1550>,<entities.processor.Processor object at 0x1180d1220>
72.07568000000036,0.0,72162,<entities.dtn.DTN object at 0x1180d1550>,<entities.processor.Processor object at 0x1180d1220>
73.07568000000036,0.0,72162,<entities.dtn.DTN object at 0x1180d1550>,<entities.processor.Processor object at 0x1180d1220>
74.07568000000036,0.0,72162,<entities.dtn.DTN object at 0x1180d1550>,<entities.processor.Processor object at 0x1180d1220>
75.07568000000036,0.0,72162,<entities.dtn.DTN object at 0x1180d1550>,<entities.processor.Processor object at 0x1180d1220>
76.07568000000036,0.0,72162,<entities.dtn.DTN object at 0x1180d1550>,<entities.processor.Processor object at 0x1180d1220>
77.07568000000036,0.0,72162,<entities.dtn.DTN object at 0x1180d1550>,<entities.processor.Processor object at 0x1180d1220>
78.07568000000036,0.0,72162,<entities.dtn.DTN object at 0x1180d1550>,<entities.processor.Processor object at 0x1180d1220>
79.07568000000036,0.0,72162,<entities.dtn.DTN object at 0x1180d1550>,<entities.processor.Processor object at 0x1180d1220>
80.07568000000036,0.0,72162,<entities.dtn.DTN object at 0x1180d1550>,<entities.processor.Processor object at 0x1180d1220>
81.07568000000036,0.0,72162,<entities.dtn.DTN object at 0x1180d1550>,<entities.processor.Processor object at 0x1180d1220>
82.07568000000036,0.0,72162,<entities.dtn.DTN object at 0x1180d1550>,<entities.processor.Processor object at 0x1180d1220>
83.07568000000036,0.0,72162,<entities.dtn.DTN object at 0x1180d1550>,<entities.processor.Processor object at 0x1180d1220>
84.07568000000036,0.0,72162,<entities.dtn.DTN object at 0x1180d1550>,<entities.processor.Processor object at 0x1180d1220>
85.07568000000036,0.0,72162,<entities.dtn.DTN object at 0x1180d1550>,<entities.processor.Processor object at 0x1180d1220>
86.07568000000036,0.0,72162,<entities.dtn.DTN object at 0x1180d1550>,<entities.processor.Processor object at 0x1180d1220>
87.07568000000036,0.0,72162,<entities.dtn.DTN object at 0x1180d1550>,<entities.processor.Processor object at 0x1180d1220>
88.07568000000036,0.0,72162,<entities.dtn.DTN object at 0x1180d1550>,<entities.processor.Processor object at 0x1180d1220>
89.07568000000036,0.0,72162,<entities.dtn.DTN object at 0x1180d1550>,<entities.processor.Processor object at 0x1180d1220>
90.07568000000036,0.0,72162,<entities.dtn.DTN object at 0x1180d1550>,<entities.processor.Processor object at 0x1180d1220>
91.07568000000036,0.0,72162,<entities.dtn.DTN object at 0x1180d1550>,<entities.processor.Processor object at 0x1180d1220>
92.07568000000036,0.0,72162,<entities.dtn.DTN object at 0x1180d1550>,<entities.processor.Processor object at 0x1180d1220>
93.07568000000036,0.0,72162,<entities.dtn.DTN object at 0x1180d1550>,<entities.processor.Processor object at 0x1180d1220>
94.07568000000036,0.0,72162,<entities.dtn.DTN object at 0x1180d1550>,<entities.processor.Processor object at 0x1180d1220>
95.07568000000036,0.0,72162,<entities.dtn.DTN object at 0x1180d1550>,<entities.processor.Processor object at 0x1180d1220>
96.07568000000036,0.0,72162,<entities.dtn.DTN object at 0x1180d1550>,<entities.processor.Processor object at 0x1180d1220>
97.07568000000036,0.0,72162,<entities.dtn.DTN object at 0x1180d1550>,<entities.processor.Processor object at 0x1180d1220>
98.07568000000036,0.0,72162,<entities.dtn.DTN object at 0x1180d1550>,<entities.processor.Processor object at 0x1180d1220>
99.07568000000036,0.0,72162,<entities.dtn.DTN object at 0x1180d1550>,<entities.processor.Processor object at 0x1180d1220>
100.07568000000036,0.0,72162,<entities.dtn.DTN object at 0x1180d1550>,<entities.processor.Processor object at 0x1180d1220>
101.07568000000036,0.0,72162,<entities.dtn.DTN object at 0x1180d1550>,<entities.processor.Processor object at 0x1180d1220>
102.07568000000036,0.0,72162,<entities.dtn.DTN object at 0x1180d1550>,<entities.processor.Processor object at 0x1180d1220>
103.07568000000036,0.0,72162,<entities.dtn.DTN object at 0x1180d1550>,<entities.processor.Processor object at 0x1180d1220>
104.07568000000036,0.0,72162,<entities.dtn.DTN object at 0x1180d1550>,<entities.processor.Processor object at 0x1180d1220>
105.07568000000036,0.0,72162,<entities.dtn.DTN object at 0x1180d1550>,<entities.processor.Processor object at 0x1180d1220>
106.07568000000036,0.0,72162,<entities.dtn.DTN object at 0x1180d1550>,<entities.processor.Processor object at 0x1180d1220>
107.07568000000036,0.0,72162,<entities.dtn.DTN object at 0x1180d1550>,<entities.processor.Processor object at 0x1180d1220>
108.07568000000036,0.0,72162,<entities.dtn.DTN object at 0x1180d1550>,<entities.processor.Processor object at 0x1180d1220>
109.07568000000036,0.0,72162,<entities.dtn.DTN object at 0x1180d1550>,<entities.processor.Processor object at 0x1180d1220>
110.07568000000036,0.0,72162,<entities.dtn.DTN object at 0x1180d1550>,<entities.processor.Processor object at 0x1180d1220>
111.07568000000036,0.0,72162,<entities.dtn.DTN object at 0x1180d1550>,<entities.processor.Processor object at 0x1180d1220>
112.07568000000036,0.0,72162,<entities.dtn.DTN object at 0x1180d1550>,<entities.processor.Processor object at 0x1180d1220>
113.07568000000036,0.0,72162,<entities.dtn.DTN object at 0x1180d1550>,<entities.processor.Processor object at 0x1180d1220>
114.07568000000036,0.0,72162,<entities.dtn.DTN object at 0x1180d1550>,<entities.processor.Processor object at 0x1180d1220>
115.07568000000036,0.0,72162,<entities.dtn.DTN object at 0x1180d1550>,<entities.processor.Processor object at 0x1180d1220>
116.07568000000036,0.0,72162,<entities.dtn.DTN object at 0x1180d1550>,<entities.processor.Processor object at 0x1180d1220>
117.07568000000036,0.0,72162,<entities.dtn.DTN object at 0x1180d1550>,<entities.processor.Processor object at 0x1180d1220>
118.07568000000036,0.0,72162,<entities.dtn.DTN object at 0x1180d1550>,<entities.processor.Processor object at 0x1180d1220>
119.07568000000036,0.0,72162,<entities.dtn.DTN object at 0x1180d1550>,<entities.processor.Processor object at 0x1180d1220>
120.07568000000036,0.0,72162,<entities.dtn.DTN object at 0x1180d1550>,<entities.processor.Processor object at 0x1180d1220>
121.07568000000036,0.0,72162,<entities.dtn.DTN object at 0x1180d1550>,<entities.processor.Processor object at 0x1180d1220>
122.07568000000036,0.0,72162,<entities.dtn.DTN object at 0x1180d1550>,<entities.processor.Processor object at 0x1180d1220>
123.07568000000036,0.0,72162,<entities.dtn.DTN object at 0x1180d1550>,<entities.processor.Processor object at 0x1180d1220>
124.07568000000036,0.0,72162,<entities.dtn.DTN object at 0x1180d1550>,<entities.processor.Processor object at 0x1180d1220>
125.07568000000036,0.0,72162,<entities.dtn.DTN object at 0x1180d1550>,<entities.processor.Processor object at 0x1180d1220>
126.07568000000036,0.0,72162,<entities.dtn.DTN object at 0x1180d1550>,<entities.processor.Processor object at 0x1180d1220>
127.07568000000036,0.0,72162,<entities.dtn.DTN object at 0x1180d1550>,<entities.processor.Processor object at 0x1180d1220>
128.07568000000038,0.0,72162,<entities.dtn.DTN object at 0x1180d1550>,<entities.processor.Processor object at 0x1180d1220>
129.07568000000038,0.0,72162,<entities.dtn.DTN object at 0x1180d1550>,<entities.processor.Processor object at 0x1180d1220>
130.07568000000038,0.0,72162,<entities.dtn.DTN object at 0x1180d1550>,<entities.processor.Processor object at 0x1180d1220>
131.07568000000038,0.0,72162,<entities.dtn.DTN object at 0x1180d1550>,<entities.processor.Processor object at 0x1180d1220>
132.07568000000038,0.0,72162,<entities.dtn.DTN object at 0x1180d1550>,<entities.processor.Processor object at 0x1180d1220>
133.07568000000038,0.0,72162,<entities.dtn.DTN object at 0x1180d1550>,<entities.processor.Processor object at 0x1180d1220>
134.07568000000038,0.0,72162,<entities.dtn.DTN object at 0x1180d1550>,<entities.processor.Processor object at 0x1180d1220>
135.07568000000038,0.0,72162,<entities.dtn.DTN object at 0x1180d1550>,<entities.processor.Processor object at 0x1180d1220>
136.07568000000038,0.0,72162,<entities.dtn.DTN object at 0x1180d1550>,<entities.processor.Processor object at 0x1180d1220>
137.07568000000038,0.0,72162,<entities.dtn.DTN object at 0x1180d1550>,<entities.processor.Processor object at 0x1180d1220>
138.07568000000038,0.0,72162,<entities.dtn.DTN object at 0x1180d1550>,<entities.processor.Processor object at 0x1180d1220>
139.07568000000038,0.0,72162,<entities.dtn.DTN object at 0x1180d1550>,<entities.processor.Processor object at 0x1180d1220>
140.07568000000038,0.0,72162,<entities.dtn.DTN object at 0x1180d1550>,<entities.processor.Processor object at 0x1180d1220>
141.07568000000038,0.0,72162,<entities.dtn.DTN object at 0x1180d1550>,<entities.processor.Processor object at 0x1180d1220>
142.07568000000038,0.0,72162,<entities.dtn.DTN object at 0x1180d1550>,<entities.processor.Processor object at 0x1180d1220>
143.07568000000038,0.0,72162,<entities.dtn.DTN object at 0x1180d1550>,<entities.processor.Processor object at 0x1180d1220>
144.07568000000038,0.0,72162,<entities.dtn.DTN object at 0x1180d1550>,<entities.processor.Processor object at 0x1180d1220>
145.07568000000038,0.0,72162,<entities.dtn.DTN object at 0x1180d1550>,<entities.processor.Processor object at 0x1180d1220>
146.07568000000038,0.0,72162,<entities.dtn.DTN object at 0x1180d1550>,<entities.processor.Processor object at 0x1180d1220>
147.07568000000038,0.0,72162,<entities.dtn.DTN object at 0x1180d1550>,<entities.processor.Processor object at 0x1180d1220>
148.07568000000038,0.0,72162,<entities.dtn.DTN object at 0x1180d1550>,<entities.processor.Processor object at 0x1180d1220>
149.07568000000038,0.0,72162,<entities.dtn.DTN object at 0x1180d1550>,<entities.processor.Processor object at 0x1180d1220>
150.07568000000038,0.0,72162,<entities.dtn.DTN object at 0x1180d1550>,<entities.processor.Processor object at 0x1180d1220>
151.07568000000038,0.0,72162,<entities.dtn.DTN object at 0x1180d1550>,<entities.processor.Processor object at 0x1180d1220>
152.07568000000038,0.0,72162,<entities.dtn.DTN object at 0x1180d1550>,<entities.processor.Processor object at 0x1180d1220>
153.07568000000038,0.0,72162,<entities.dtn.DTN object at 0x1180d1550>,<entities.processor.Processor object at 0x1180d1220>
154.07568000000038,0.0,72162,<entities.dtn.DTN object at 0x1180d1550>,<entities.processor.Processor object at 0x1180d1220>
155.07568000000038,0.0,72162,<entities.dtn.DTN object at 0x1180d1550>,<entities.processor.Processor object at 0x1180d1220>
156.07568000000038,0.0,72162,<entities.dtn.DTN object at 0x1180d1550>,<entities.processor.Processor object at 0x1180d1220>
157.07568000000038,0.0,72162,<entities.dtn.DTN object at 0x1180d1550>,<entities.processor.Processor object at 0x1180d1220>
158.07568000000038,0.0,72162,<entities.dtn.DTN object at 0x1180d1550>,<entities.processor.Processor object at 0x1180d1220>
159.07568000000038,0.0,72162,<entities.dtn.DTN object at 0x1180d1550>,<entities.processor.Processor object at 0x1180d1220>
160.07568000000038,0.0,72162,<entities.dtn.DTN object at 0x1180d1550>,<entities.processor.Processor object at 0x1180d1220>
161.07568000000038,0.0,72162,<entities.dtn.DTN object at 0x1180d1550>,<entities.processor.Processor object at 0x1180d1220>
162.07568000000038,0.0,72162,<entities.dtn.DTN object at 0x1180d1550>,<entities.processor.Processor object at 0x1180d1220>
163.07568000000038,0.0,72162,<entities.dtn.DTN object at 0x1180d1550>,<entities.processor.Processor object at 0x1180d1220>
164.07568000000038,0.0,72162,<entities.dtn.DTN object at 0x1180d1550>,<entities.processor.Processor object at 0x1180d1220>
165.07568000000038,0.0,72162,<entities.dtn.DTN object at 0x1180d1550>,<entities.processor.Processor object at 0x1180d1220>
166.07568000000038,0.0,72162,<entities.dtn.DTN object at 0x1180d1550>,<entities.processor.Processor object at 0x1180d1220>
167.07568000000038,0.0,72162,<entities.dtn.DTN object at 0x1180d1550>,<entities.processor.Processor object at 0x1180d1220>
168.07568000000038,0.0,72162,<entities.dtn.DTN object at 0x1180d1550>,<entities.processor.Processor object at 0x1180d1220>
169.07568000000038,0.0,72162,<entities.dtn.DTN object at 0x1180d1550>,<entities.processor.Processor object at 0x1180d1220>
170.07568000000038,0.0,72162,<entities.dtn.DTN object at 0x1180d1550>,<entities.processor.Processor object at 0x1180d1220>
171.07568000000038,0.0,72162,<entities.dtn.DTN object at 0x1180d1550>,<entities.processor.Processor object at 0x1180d1220>
172.07568000000038,0.0,72162,<entities.dtn.DTN object at 0x1180d1550>,<entities.processor.Processor object at 0x1180d1220>
173.07568000000038,0.0,72162,<entities.dtn.DTN object at 0x1180d1550>,<entities.processor.Processor object at 0x1180d1220>
174.07568000000038,0.0,72162,<entities.dtn.DTN object at 0x1180d1550>,<entities.processor.Processor object at 0x1180d1220>
175.07568000000038,0.0,72162,<entities.dtn.DTN object at 0x1180d1550>,<entities.processor.Processor object at 0x1180d1220>
176.07568000000038,0.0,72162,<entities.dtn.DTN object at 0x1180d1550>,<entities.processor.Processor object at 0x1180d1220>
177.07568000000038,0.0,72162,<entities.dtn.DTN object at 0x1180d1550>,<entities.processor.Processor object at 0x1180d1220>
178.07568000000038,0.0,72162,<entities.dtn.DTN object at 0x1180d1550>,<entities.processor.Processor object at 0x1180d1220>
179.07568000000038,0.0,72162,<entities.dtn.DTN object at 0x1180d1550>,<entities.processor.Processor object at 0x1180d1220>
180.07568000000038,0.0,72162,<entities.dtn.DTN object at 0x1180d1550>,<entities.processor.Processor object at 0x1180d1220>
181.07568000000038,0.0,72162,<entities.dtn.DTN object at 0x1180d1550>,<entities.processor.Processor object at 0x1180d1220>
182.07568000000038,0.0,72162,<entities.dtn.DTN object at 0x1180d1550>,<entities.processor.Processor object at 0x1180d1220>
183.07568000000038,0.0,72162,<entities.dtn.DTN object at 0x1180d1550>,<entities.processor.Processor object at 0x1180d1220>
184.07568000000038,0.0,72162,<entities.dtn.DTN object at 0x1180d1550>,<entities.processor.Processor object at 0x1180d1220>
185.07568000000038,0.0,72162,<entities.dtn.DTN object at 0x1180d1550>,<entities.processor.Processor object at 0x1180d1220>
186.07568000000038,0.0,72162,<entities.dtn.DTN object at 0x1180d1550>,<entities.processor.Processor object at 0x1180d1220>
187.07568000000038,0.0,72162,<entities.dtn.DTN object at 0x1180d1550>,<entities.processor.Processor object at 0x1180d1220>
188.07568000000038,0.0,72162,<entities.dtn.DTN object at 0x1180d1550>,<entities.processor.Processor object at 0x1180d1220>
189.07568000000038,0.0,72162,<entities.dtn.DTN object at 0x1180d1550>,<entities.processor.Processor object at 0x1180d1220>
190.07568000000038,0.0,72162,<entities.dtn.DTN object at 0x1180d1550>,<entities.processor.Processor object at 0x1180d1220>
191.07568000000038,0.0,72162,<entities.dtn.DTN object at 0x1180d1550>,<entities.processor.Processor object at 0x1180d1220>
192.07568000000038,0.0,72162,<entities.dtn.DTN object at 0x1180d1550>,<entities.processor.Processor object at 0x1180d1220>
193.07568000000038,0.0,72162,<entities.dtn.DTN object at 0x1180d1550>,<entities.processor.Processor object at 0x1180d1220>
194.07568000000038,0.0,72162,<entities.dtn.DTN object at 0x1180d1550>,<entities.processor.Processor object at 0x1180d1220>
195.07568000000038,0.0,72162,<entities.dtn.DTN object at 0x1180d1550>,<entities.processor.Processor object at 0x1180d1220>
196.07568000000038,0.0,72162,<entities.dtn.DTN object at 0x1180d1550>,<entities.processor.Processor object at 0x1180d1220>
197.07568000000038,0.0,72162,<entities.dtn.DTN object at 0x1180d1550>,<entities.processor.Processor object at 0x1180d1220>
198.07568000000038,0.0,72162,<entities.dtn.DTN object at 0x1180d1550>,<entities.processor.Processor object at 0x1180d1220>
199.07568000000038,0.0,72162,<entities.dtn.DTN object at 0x1180d1550>,<entities.processor.Processor object at 0x1180d1220>
36.5,0.0,39538,<entities.processor.Processor object at 0x1180b7c10>,<entities.dtn.DTN object at 0x1180d1550>
36.575810000000374,0.0,94272,<entities.dtn.DTN object at 0x1180d1550>,<entities.processor.Processor object at 0x1180b7c10>
37.575810000000374,0.0,94272,<entities.dtn.DTN object at 0x1180d1550>,<entities.processor.Processor object at 0x1180b7c10>
38.575810000000374,0.0,94272,<entities.dtn.DTN object at 0x1180d1550>,<entities.processor.Processor object at 0x1180b7c10>
39.575810000000374,0.0,94272,<entities.dtn.DTN object at 0x1180d1550>,<entities.processor.Processor object at 0x1180b7c10>
40.575810000000374,0.0,94272,<entities.dtn.DTN object at 0x1180d1550>,<entities.processor.Processor object at 0x1180b7c10>
41.575810000000374,0.0,94272,<entities.dtn.DTN object at 0x1180d1550>,<entities.processor.Processor object at 0x1180b7c10>
42.575810000000374,0.0,94272,<entities.dtn.DTN object at 0x1180d1550>,<entities.processor.Processor object at 0x1180b7c10>
43.575810000000374,0.0,94272,<entities.dtn.DTN object at 0x1180d1550>,<entities.processor.Processor object at 0x1180b7c10>
44.575810000000374,0.0,94272,<entities.dtn.DTN object at 0x1180d1550>,<entities.processor.Processor object at 0x1180b7c10>
45.575810000000374,0.0,94272,<entities.dtn.DTN object at 0x1180d1550>,<entities.processor.Processor object at 0x1180b7c10>
46.575810000000374,0.0,94272,<entities.dtn.DTN object at 0x1180d1550>,<entities.processor.Processor object at 0x1180b7c10>
47.575810000000374,0.0,94272,<entities.dtn.DTN object at 0x1180d1550>,<entities.processor.Processor object at 0x1180b7c10>
48.575810000000374,0.0,94272,<entities.dtn.DTN object at 0x1180d1550>,<entities.processor.Processor object at 0x1180b7c10>
49.575810000000374,0.0,94272,<entities.dtn.DTN object at 0x1180d1550>,<entities.processor.Processor object at 0x1180b7c10>
50.575810000000374,0.0,94272,<entities.dtn.DTN object at 0x1180d1550>,<entities.processor.Processor object at 0x1180b7c10>
51.575810000000374,0.0,94272,<entities.dtn.DTN object at 0x1180d1550>,<entities.processor.Processor object at 0x1180b7c10>
52.575810000000374,0.0,94272,<entities.dtn.DTN object at 0x1180d1550>,<entities.processor.Processor object at 0x1180b7c10>
53.575810000000374,0.0,94272,<entities.dtn.DTN object at 0x1180d1550>,<entities.processor.Processor object at 0x1180b7c10>
54.575810000000374,0.0,94272,<entities.dtn.DTN object at 0x1180d1550>,<entities.processor.Processor object at 0x1180b7c10>
55.575810000000374,0.0,94272,<entities.dtn.DTN object at 0x1180d1550>,<entities.processor.Processor object at 0x1180b7c10>
56.575810000000374,0.0,94272,<entities.dtn.DTN object at 0x1180d1550>,<entities.processor.Processor object at 0x1180b7c10>
57.575810000000374,0.0,94272,<entities.dtn.DTN object at 0x1180d1550>,<entities.processor.Processor object at 0x1180b7c10>
58.575810000000374,0.0,94272,<entities.dtn.DTN object at 0x1180d1550>,<entities.processor.Processor object at 0x1180b7c10>
59.575810000000374,0.0,94272,<entities.dtn.DTN object at 0x1180d1550>,<entities.processor.Processor object at 0x1180b7c10>
60.575810000000374,0.0,94272,<entities.dtn.DTN object at 0x1180d1550>,<entities.processor.Processor object at 0x1180b7c10>
61.575810000000374,0.0,94272,<entities.dtn.DTN object at 0x1180d1550>,<entities.processor.Processor object at 0x1180b7c10>
62.575810000000374,0.0,94272,<entities.dtn.DTN object at 0x1180d1550>,<entities.processor.Processor object at 0x1180b7c10>
63.575810000000374,0.0,94272,<entities.dtn.DTN object at 0x1180d1550>,<entities.processor.Processor object at 0x1180b7c10>
64.57581000000037,0.0,94272,<entities.dtn.DTN object at 0x1180d1550>,<entities.processor.Processor object at 0x1180b7c10>
65.57581000000037,0.0,94272,<entities.dtn.DTN object at 0x1180d1550>,<entities.processor.Processor object at 0x1180b7c10>
66.57581000000037,0.0,94272,<entities.dtn.DTN object at 0x1180d1550>,<entities.processor.Processor object at 0x1180b7c10>
67.57581000000037,0.0,94272,<entities.dtn.DTN object at 0x1180d1550>,<entities.processor.Processor object at 0x1180b7c10>
68.57581000000037,0.0,94272,<entities.dtn.DTN object at 0x1180d1550>,<entities.processor.Processor object at 0x1180b7c10>
69.57581000000037,0.0,94272,<entities.dtn.DTN object at 0x1180d1550>,<entities.processor.Processor object at 0x1180b7c10>
70.57581000000037,0.0,94272,<entities.dtn.DTN object at 0x1180d1550>,<entities.processor.Processor object at 0x1180b7c10>
71.57581000000037,0.0,94272,<entities.dtn.DTN object at 0x1180d1550>,<entities.processor.Processor object at 0x1180b7c10>
72.57581000000037,0.0,94272,<entities.dtn.DTN object at 0x1180d1550>,<entities.processor.Processor object at 0x1180b7c10>
73.57581000000037,0.0,94272,<entities.dtn.DTN object at 0x1180d1550>,<entities.processor.Processor object at 0x1180b7c10>
74.57581000000037,0.0,94272,<entities.dtn.DTN object at 0x1180d1550>,<entities.processor.Processor object at 0x1180b7c10>
75.57581000000037,0.0,94272,<entities.dtn.DTN object at 0x1180d1550>,<entities.processor.Processor object at 0x1180b7c10>
76.57581000000037,0.0,94272,<entities.dtn.DTN object at 0x1180d1550>,<entities.processor.Processor object at 0x1180b7c10>
77.57581000000037,0.0,94272,<entities.dtn.DTN object at 0x1180d1550>,<entities.processor.Processor object at 0x1180b7c10>
78.57581000000037,0.0,94272,<entities.dtn.DTN object at 0x1180d1550>,<entities.processor.Processor object at 0x1180b7c10>
79.57581000000037,0.0,94272,<entities.dtn.DTN object at 0x1180d1550>,<entities.processor.Processor object at 0x1180b7c10>
80.57581000000037,0.0,94272,<entities.dtn.DTN object at 0x1180d1550>,<entities.processor.Processor object at 0x1180b7c10>
81.57581000000037,0.0,94272,<entities.dtn.DTN object at 0x1180d1550>,<entities.processor.Processor object at 0x1180b7c10>
82.57581000000037,0.0,94272,<entities.dtn.DTN object at 0x1180d1550>,<entities.processor.Processor object at 0x1180b7c10>
83.57581000000037,0.0,94272,<entities.dtn.DTN object at 0x1180d1550>,<entities.processor.Processor object at 0x1180b7c10>
84.57581000000037,0.0,94272,<entities.dtn.DTN object at 0x1180d1550>,<entities.processor.Processor object at 0x1180b7c10>
85.57581000000037,0.0,94272,<entities.dtn.DTN object at 0x1180d1550>,<entities.processor.Processor object at 0x1180b7c10>
86.57581000000037,0.0,94272,<entities.dtn.DTN object at 0x1180d1550>,<entities.processor.Processor object at 0x1180b7c10>
87.57581000000037,0.0,94272,<entities.dtn.DTN object at 0x1180d1550>,<entities.processor.Processor object at 0x1180b7c10>
88.57581000000037,0.0,94272,<entities.dtn.DTN object at 0x1180d1550>,<entities.processor.Processor object at 0x1180b7c10>
89.57581000000037,0.0,94272,<entities.dtn.DTN object at 0x1180d1550>,<entities.processor.Processor object at 0x1180b7c10>
90.57581000000037,0.0,94272,<entities.dtn.DTN object at 0x1180d1550>,<entities.processor.Processor object at 0x1180b7c10>
91.57581000000037,0.0,94272,<entities.dtn.DTN object at 0x1180d1550>,<entities.processor.Processor object at 0x1180b7c10>
92.57581000000037,0.0,94272,<entities.dtn.DTN object at 0x1180d1550>,<entities.processor.Processor object at 0x1180b7c10>
93.57581000000037,0.0,94272,<entities.dtn.DTN object at 0x1180d1550>,<entities.processor.Processor object at 0x1180b7c10>
94.57581000000037,0.0,94272,<entities.dtn.DTN object at 0x1180d1550>,<entities.processor.Processor object at 0x1180b7c10>
95.57581000000037,0.0,94272,<entities.dtn.DTN object at 0x1180d1550>,<entities.processor.Processor object at 0x1180b7c10>
96.57581000000037,0.0,94272,<entities.dtn.DTN object at 0x1180d1550>,<entities.processor.Processor object at 0x1180b7c10>
97.57581000000037,0.0,94272,<entities.dtn.DTN object at 0x1180d1550>,<entities.processor.Processor object at 0x1180b7c10>
98.57581000000037,0.0,94272,<entities.dtn.DTN object at 0x1180d1550>,<entities.processor.Processor object at 0x1180b7c10>
99.57581000000037,0.0,94272,<entities.dtn.DTN object at 0x1180d1550>,<entities.processor.Processor object at 0x1180b7c10>
100.57581000000037,0.0,94272,<entities.dtn.DTN object at 0x1180d1550>,<entities.processor.Processor object at 0x1180b7c10>
101.57581000000037,0.0,94272,<entities.dtn.DTN object at 0x1180d1550>,<entities.processor.Processor object at 0x1180b7c10>
102.57581000000037,0.0,94272,<entities.dtn.DTN object at 0x1180d1550>,<entities.processor.Processor object at 0x1180b7c10>
103.57581000000037,0.0,94272,<entities.dtn.DTN object at 0x1180d1550>,<entities.processor.Processor object at 0x1180b7c10>
104.57581000000037,0.0,94272,<entities.dtn.DTN object at 0x1180d1550>,<entities.processor.Processor object at 0x1180b7c10>
105.57581000000037,0.0,94272,<entities.dtn.DTN object at 0x1180d1550>,<entities.processor.Processor object at 0x1180b7c10>
106.57581000000037,0.0,94272,<entities.dtn.DTN object at 0x1180d1550>,<entities.processor.Processor object at 0x1180b7c10>
107.57581000000037,0.0,94272,<entities.dtn.DTN object at 0x1180d1550>,<entities.processor.Processor object at 0x1180b7c10>
108.57581000000037,0.0,94272,<entities.dtn.DTN object at 0x1180d1550>,<entities.processor.Processor object at 0x1180b7c10>
109.57581000000037,0.0,94272,<entities.dtn.DTN object at 0x1180d1550>,<entities.processor.Processor object at 0x1180b7c10>
110.57581000000037,0.0,94272,<entities.dtn.DTN object at 0x1180d1550>,<entities.processor.Processor object at 0x1180b7c10>
111.57581000000037,0.0,94272,<entities.dtn.DTN object at 0x1180d1550>,<entities.processor.Processor object at 0x1180b7c10>
112.57581000000037,0.0,94272,<entities.dtn.DTN object at 0x1180d1550>,<entities.processor.Processor object at 0x1180b7c10>
113.57581000000037,0.0,94272,<entities.dtn.DTN object at 0x1180d1550>,<entities.processor.Processor object at 0x1180b7c10>
114.57581000000037,0.0,94272,<entities.dtn.DTN object at 0x1180d1550>,<entities.processor.Processor object at 0x1180b7c10>
115.57581000000037,0.0,94272,<entities.dtn.DTN object at 0x1180d1550>,<entities.processor.Processor object at 0x1180b7c10>
116.57581000000037,0.0,94272,<entities.dtn.DTN object at 0x1180d1550>,<entities.processor.Processor object at 0x1180b7c10>
117.57581000000037,0.0,94272,<entities.dtn.DTN object at 0x1180d1550>,<entities.processor.Processor object at 0x1180b7c10>
118.57581000000037,0.0,94272,<entities.dtn.DTN object at 0x1180d1550>,<entities.processor.Processor object at 0x1180b7c10>
119.57581000000037,0.0,94272,<entities.dtn.DTN object at 0x1180d1550>,<entities.processor.Processor object at 0x1180b7c10>
120.57581000000037,0.0,94272,<entities.dtn.DTN object at 0x1180d1550>,<entities.processor.Processor object at 0x1180b7c10>
121.57581000000037,0.0,94272,<entities.dtn.DTN object at 0x1180d1550>,<entities.processor.Processor object at 0x1180b7c10>
122.57581000000037,0.0,94272,<entities.dtn.DTN object at 0x1180d1550>,<entities.processor.Processor object at 0x1180b7c10>
123.57581000000037,0.0,94272,<entities.dtn.DTN object at 0x1180d1550>,<entities.processor.Processor object at 0x1180b7c10>
124.57581000000037,0.0,94272,<entities.dtn.DTN object at 0x1180d1550>,<entities.processor.Processor object at 0x1180b7c10>
125.57581000000037,0.0,94272,<entities.dtn.DTN object at 0x1180d1550>,<entities.processor.Processor object at 0x1180b7c10>
126.57581000000037,0.0,94272,<entities.dtn.DTN object at 0x1180d1550>,<entities.processor.Processor object at 0x1180b7c10>
127.57581000000037,0.0,94272,<entities.dtn.DTN object at 0x1180d1550>,<entities.processor.Processor object at 0x1180b7c10>
128.5758100000004,0.0,94272,<entities.dtn.DTN object at 0x1180d1550>,<entities.processor.Processor object at 0x1180b7c10>
129.5758100000004,0.0,94272,<entities.dtn.DTN object at 0x1180d1550>,<entities.processor.Processor object at 0x1180b7c10>
130.5758100000004,0.0,94272,<entities.dtn.DTN object at 0x1180d1550>,<entities.processor.Processor object at 0x1180b7c10>
131.5758100000004,0.0,94272,<entities.dtn.DTN object at 0x1180d1550>,<entities.processor.Processor object at 0x1180b7c10>
132.5758100000004,0.0,94272,<entities.dtn.DTN object at 0x1180d1550>,<entities.processor.Processor object at 0x1180b7c10>
133.5758100000004,0.0,94272,<entities.dtn.DTN object at 0x1180d1550>,<entities.processor.Processor object at 0x1180b7c10>
134.5758100000004,0.0,94272,<entities.dtn.DTN object at 0x1180d1550>,<entities.processor.Processor object at 0x1180b7c10>
135.5758100000004,0.0,94272,<entities.dtn.DTN object at 0x1180d1550>,<entities.processor.Processor object at 0x1180b7c10>
136.5758100000004,0.0,94272,<entities.dtn.DTN object at 0x1180d1550>,<entities.processor.Processor object at 0x1180b7c10>
137.5758100000004,0.0,94272,<entities.dtn.DTN object at 0x1180d1550>,<entities.processor.Processor object at 0x1180b7c10>
138.5758100000004,0.0,94272,<entities.dtn.DTN object at 0x1180d1550>,<entities.processor.Processor object at 0x1180b7c10>
139.5758100000004,0.0,94272,<entities.dtn.DTN object at 0x1180d1550>,<entities.processor.Processor object at 0x1180b7c10>
140.5758100000004,0.0,94272,<entities.dtn.DTN object at 0x1180d1550>,<entities.processor.Processor object at 0x1180b7c10>
141.5758100000004,0.0,94272,<entities.dtn.DTN object at 0x1180d1550>,<entities.processor.Processor object at 0x1180b7c10>
142.5758100000004,0.0,94272,<entities.dtn.DTN object at 0x1180d1550>,<entities.processor.Processor object at 0x1180b7c10>
143.5758100000004,0.0,94272,<entities.dtn.DTN object at 0x1180d1550>,<entities.processor.Processor object at 0x1180b7c10>
144.5758100000004,0.0,94272,<entities.dtn.DTN object at 0x1180d1550>,<entities.processor.Processor object at 0x1180b7c10>
145.5758100000004,0.0,94272,<entities.dtn.DTN object at 0x1180d1550>,<entities.processor.Processor object at 0x1180b7c10>
146.5758100000004,0.0,94272,<entities.dtn.DTN object at 0x1180d1550>,<entities.processor.Processor object at 0x1180b7c10>
147.5758100000004,0.0,94272,<entities.dtn.DTN object at 0x1180d1550>,<entities.processor.Processor object at 0x1180b7c10>
148.5758100000004,0.0,94272,<entities.dtn.DTN object at 0x1180d1550>,<entities.processor.Processor object at 0x1180b7c10>
149.5758100000004,0.0,94272,<entities.dtn.DTN object at 0x1180d1550>,<entities.processor.Processor object at 0x1180b7c10>
150.5758100000004,0.0,94272,<entities.dtn.DTN object at 0x1180d1550>,<entities.processor.Processor object at 0x1180b7c10>
151.5758100000004,0.0,94272,<entities.dtn.DTN object at 0x1180d1550>,<entities.processor.Processor object at 0x1180b7c10>
152.5758100000004,0.0,94272,<entities.dtn.DTN object at 0x1180d1550>,<entities.processor.Processor object at 0x1180b7c10>
153.5758100000004,0.0,94272,<entities.dtn.DTN object at 0x1180d1550>,<entities.processor.Processor object at 0x1180b7c10>
154.5758100000004,0.0,94272,<entities.dtn.DTN object at 0x1180d1550>,<entities.processor.Processor object at 0x1180b7c10>
155.5758100000004,0.0,94272,<entities.dtn.DTN object at 0x1180d1550>,<entities.processor.Processor object at 0x1180b7c10>
156.5758100000004,0.0,94272,<entities.dtn.DTN object at 0x1180d1550>,<entities.processor.Processor object at 0x1180b7c10>
157.5758100000004,0.0,94272,<entities.dtn.DTN object at 0x1180d1550>,<entities.processor.Processor object at 0x1180b7c10>
158.5758100000004,0.0,94272,<entities.dtn.DTN object at 0x1180d1550>,<entities.processor.Processor object at 0x1180b7c10>
159.5758100000004,0.0,94272,<entities.dtn.DTN object at 0x1180d1550>,<entities.processor.Processor object at 0x1180b7c10>
160.5758100000004,0.0,94272,<entities.dtn.DTN object at 0x1180d1550>,<entities.processor.Processor object at 0x1180b7c10>
161.5758100000004,0.0,94272,<entities.dtn.DTN object at 0x1180d1550>,<entities.processor.Processor object at 0x1180b7c10>
162.5758100000004,0.0,94272,<entities.dtn.DTN object at 0x1180d1550>,<entities.processor.Processor object at 0x1180b7c10>
163.5758100000004,0.0,94272,<entities.dtn.DTN object at 0x1180d1550>,<entities.processor.Processor object at 0x1180b7c10>
164.5758100000004,0.0,94272,<entities.dtn.DTN object at 0x1180d1550>,<entities.processor.Processor object at 0x1180b7c10>
165.5758100000004,0.0,94272,<entities.dtn.DTN object at 0x1180d1550>,<entities.processor.Processor object at 0x1180b7c10>
166.5758100000004,0.0,94272,<entities.dtn.DTN object at 0x1180d1550>,<entities.processor.Processor object at 0x1180b7c10>
167.5758100000004,0.0,94272,<entities.dtn.DTN object at 0x1180d1550>,<entities.processor.Processor object at 0x1180b7c10>
168.5758100000004,0.0,94272,<entities.dtn.DTN object at 0x1180d1550>,<entities.processor.Processor object at 0x1180b7c10>
169.5758100000004,0.0,94272,<entities.dtn.DTN object at 0x1180d1550>,<entities.processor.Processor object at 0x1180b7c10>
170.5758100000004,0.0,94272,<entities.dtn.DTN object at 0x1180d1550>,<entities.processor.Processor object at 0x1180b7c10>
171.5758100000004,0.0,94272,<entities.dtn.DTN object at 0x1180d1550>,<entities.processor.Processor object at 0x1180b7c10>
172.5758100000004,0.0,94272,<entities.dtn.DTN object at 0x1180d1550>,<entities.processor.Processor object at 0x1180b7c10>
173.5758100000004,0.0,94272,<entities.dtn.DTN object at 0x1180d1550>,<entities.processor.Processor object at 0x1180b7c10>
174.5758100000004,0.0,94272,<entities.dtn.DTN object at 0x1180d1550>,<entities.processor.Processor object at 0x1180b7c10>
175.5758100000004,0.0,94272,<entities.dtn.DTN object at 0x1180d1550>,<entities.processor.Processor object at 0x1180b7c10>
176.5758100000004,0.0,94272,<entities.dtn.DTN object at 0x1180d1550>,<entities.processor.Processor object at 0x1180b7c10>
177.5758100000004,0.0,94272,<entities.dtn.DTN object at 0x1180d1550>,<entities.processor.Processor object at 0x1180b7c10>
178.5758100000004,0.0,94272,<entities.dtn.DTN object at 0x1180d1550>,<entities.processor.Processor object at 0x1180b7c10>
179.5758100000004,0.0,94272,<entities.dtn.DTN object at 0x1180d1550>,<entities.processor.Processor object at 0x1180b7c10>
180.5758100000004,0.0,94272,<entities.dtn.DTN object at 0x1180d1550>,<entities.processor.Processor object at 0x1180b7c10>
181.5758100000004,0.0,94272,<entities.dtn.DTN object at 0x1180d1550>,<entities.processor.Processor object at 0x1180b7c10>
182.5758100000004,0.0,94272,<entities.dtn.DTN object at 0x1180d1550>,<entities.processor.Processor object at 0x1180b7c10>
183.5758100000004,0.0,94272,<entities.dtn.DTN object at 0x1180d1550>,<entities.processor.Processor object at 0x1180b7c10>
184.5758100000004,0.0,94272,<entities.dtn.DTN object at 0x1180d1550>,<entities.processor.Processor object at 0x1180b7c10>
185.5758100000004,0.0,94272,<entities.dtn.DTN object at 0x1180d1550>,<entities.processor.Processor object at 0x1180b7c10>
186.5758100000004,0.0,94272,<entities.dtn.DTN object at 0x1180d1550>,<entities.processor.Processor object at 0x1180b7c10>
187.5758100000004,0.0,94272,<entities.dtn.DTN object at 0x1180d1550>,<entities.processor.Processor object at 0x1180b7c10>
188.5758100000004,0.0,94272,<entities.dtn.DTN object at 0x1180d1550>,<entities.processor.Processor object at 0x1180b7c10>
189.5758100000004,0.0,94272,<entities.dtn.DTN object at 0x1180d1550>,<entities.processor.Processor object at 0x1180b7c10>
190.5758100000004,0.0,94272,<entities.dtn.DTN object at 0x1180d1550>,<entities.processor.Processor object at 0x1180b7c10>
191.5758100000004,0.0,94272,<entities.dtn.DTN object at 0x1180d1550>,<entities.processor.Processor object at 0x1180b7c10>
192.5758100000004,0.0,94272,<entities.dtn.DTN object at 0x1180d1550>,<entities.processor.Processor object at 0x1180b7c10>
193.5758100000004,0.0,94272,<entities.dtn.DTN object at 0x1180d1550>,<entities.processor.Processor object at 0x1180b7c10>
194.5758100000004,0.0,94272,<entities.dtn.DTN object at 0x1180d1550>,<entities.processor.Processor object at 0x1180b7c10>
195.5758100000004,0.0,94272,<entities.dtn.DTN object at 0x1180d1550>,<entities.processor.Processor object at 0x1180b7c10>
196.5758100000004,0.0,94272,<entities.dtn.DTN object at 0x1180d1550>,<entities.processor.Processor object at 0x1180b7c10>
197.5758100000004,0.0,94272,<entities.dtn.DTN object at 0x1180d1550>,<entities.processor.Processor object at 0x1180b7c10>
198.5758100000004,0.0,94272,<entities.dtn.DTN object at 0x1180d1550>,<entities.processor.Processor object at 0x1180b7c10>
199.5758100000004,0.0,94272,<entities.dtn.DTN object at 0x1180d1550>,<entities.processor.Processor object at 0x1180b7c10>
40.0,0.0,81977,<entities.processor.Processor object at 0x1180b7ee0>,<entities.dtn.DTN object at 0x1180d1550>
40.5,0.0,33293,<entities.processor.Processor object at 0x1180d1220>,<entities.dtn.DTN object at 0x1180d1550>
41.0,0.0,99734,<entities.processor.Processor object at 0x1180b7c10>,<entities.dtn.DTN object at 0x1180d1550>
42.0,142.0,99734,<entities.processor.Processor object at 0x1180b7c10>,<entities.dtn.DTN object at 0x1180d1550>
41.34828000000044,0.0,59707,<entities.dtn.DTN object at 0x1180d1550>,<entities.processor.Processor object at 0x1180b7ee0>
42.34828000000044,0.0,59707,<entities.dtn.DTN object at 0x1180d1550>,<entities.processor.Processor object at 0x1180b7ee0>
43.34828000000044,0.0,59707,<entities.dtn.DTN object at 0x1180d1550>,<entities.processor.Processor object at 0x1180b7ee0>
44.34828000000044,0.0,59707,<entities.dtn.DTN object at 0x1180d1550>,<entities.processor.Processor object at 0x1180b7ee0>
45.34828000000044,0.0,59707,<entities.dtn.DTN object at 0x1180d1550>,<entities.processor.Processor object at 0x1180b7ee0>
46.34828000000044,0.0,59707,<entities.dtn.DTN object at 0x1180d1550>,<entities.processor.Processor object at 0x1180b7ee0>
47.34828000000044,0.0,59707,<entities.dtn.DTN object at 0x1180d1550>,<entities.processor.Processor object at 0x1180b7ee0>
48.34828000000044,0.0,59707,<entities.dtn.DTN object at 0x1180d1550>,<entities.processor.Processor object at 0x1180b7ee0>
49.34828000000044,0.0,59707,<entities.dtn.DTN object at 0x1180d1550>,<entities.processor.Processor object at 0x1180b7ee0>
50.34828000000044,0.0,59707,<entities.dtn.DTN object at 0x1180d1550>,<entities.processor.Processor object at 0x1180b7ee0>
51.34828000000044,0.0,59707,<entities.dtn.DTN object at 0x1180d1550>,<entities.processor.Processor object at 0x1180b7ee0>
52.34828000000044,0.0,59707,<entities.dtn.DTN object at 0x1180d1550>,<entities.processor.Processor object at 0x1180b7ee0>
53.34828000000044,0.0,59707,<entities.dtn.DTN object at 0x1180d1550>,<entities.processor.Processor object at 0x1180b7ee0>
54.34828000000044,0.0,59707,<entities.dtn.DTN object at 0x1180d1550>,<entities.processor.Processor object at 0x1180b7ee0>
55.34828000000044,0.0,59707,<entities.dtn.DTN object at 0x1180d1550>,<entities.processor.Processor object at 0x1180b7ee0>
56.34828000000044,0.0,59707,<entities.dtn.DTN object at 0x1180d1550>,<entities.processor.Processor object at 0x1180b7ee0>
57.34828000000044,0.0,59707,<entities.dtn.DTN object at 0x1180d1550>,<entities.processor.Processor object at 0x1180b7ee0>
58.34828000000044,0.0,59707,<entities.dtn.DTN object at 0x1180d1550>,<entities.processor.Processor object at 0x1180b7ee0>
59.34828000000044,0.0,59707,<entities.dtn.DTN object at 0x1180d1550>,<entities.processor.Processor object at 0x1180b7ee0>
60.34828000000044,0.0,59707,<entities.dtn.DTN object at 0x1180d1550>,<entities.processor.Processor object at 0x1180b7ee0>
61.34828000000044,0.0,59707,<entities.dtn.DTN object at 0x1180d1550>,<entities.processor.Processor object at 0x1180b7ee0>
62.34828000000044,0.0,59707,<entities.dtn.DTN object at 0x1180d1550>,<entities.processor.Processor object at 0x1180b7ee0>
63.34828000000044,0.0,59707,<entities.dtn.DTN object at 0x1180d1550>,<entities.processor.Processor object at 0x1180b7ee0>
64.34828000000044,0.0,59707,<entities.dtn.DTN object at 0x1180d1550>,<entities.processor.Processor object at 0x1180b7ee0>
65.34828000000044,0.0,59707,<entities.dtn.DTN object at 0x1180d1550>,<entities.processor.Processor object at 0x1180b7ee0>
66.34828000000044,0.0,59707,<entities.dtn.DTN object at 0x1180d1550>,<entities.processor.Processor object at 0x1180b7ee0>
67.34828000000044,0.0,59707,<entities.dtn.DTN object at 0x1180d1550>,<entities.processor.Processor object at 0x1180b7ee0>
68.34828000000044,0.0,59707,<entities.dtn.DTN object at 0x1180d1550>,<entities.processor.Processor object at 0x1180b7ee0>
69.34828000000044,0.0,59707,<entities.dtn.DTN object at 0x1180d1550>,<entities.processor.Processor object at 0x1180b7ee0>
70.34828000000044,0.0,59707,<entities.dtn.DTN object at 0x1180d1550>,<entities.processor.Processor object at 0x1180b7ee0>
71.34828000000044,0.0,59707,<entities.dtn.DTN object at 0x1180d1550>,<entities.processor.Processor object at 0x1180b7ee0>
72.34828000000044,0.0,59707,<entities.dtn.DTN object at 0x1180d1550>,<entities.processor.Processor object at 0x1180b7ee0>
73.34828000000044,0.0,59707,<entities.dtn.DTN object at 0x1180d1550>,<entities.processor.Processor object at 0x1180b7ee0>
74.34828000000044,0.0,59707,<entities.dtn.DTN object at 0x1180d1550>,<entities.processor.Processor object at 0x1180b7ee0>
75.34828000000044,0.0,59707,<entities.dtn.DTN object at 0x1180d1550>,<entities.processor.Processor object at 0x1180b7ee0>
76.34828000000044,0.0,59707,<entities.dtn.DTN object at 0x1180d1550>,<entities.processor.Processor object at 0x1180b7ee0>
77.34828000000044,0.0,59707,<entities.dtn.DTN object at 0x1180d1550>,<entities.processor.Processor object at 0x1180b7ee0>
78.34828000000044,0.0,59707,<entities.dtn.DTN object at 0x1180d1550>,<entities.processor.Processor object at 0x1180b7ee0>
79.34828000000044,0.0,59707,<entities.dtn.DTN object at 0x1180d1550>,<entities.processor.Processor object at 0x1180b7ee0>
80.34828000000044,0.0,59707,<entities.dtn.DTN object at 0x1180d1550>,<entities.processor.Processor object at 0x1180b7ee0>
81.34828000000044,0.0,59707,<entities.dtn.DTN object at 0x1180d1550>,<entities.processor.Processor object at 0x1180b7ee0>
82.34828000000044,0.0,59707,<entities.dtn.DTN object at 0x1180d1550>,<entities.processor.Processor object at 0x1180b7ee0>
83.34828000000044,0.0,59707,<entities.dtn.DTN object at 0x1180d1550>,<entities.processor.Processor object at 0x1180b7ee0>
84.34828000000044,0.0,59707,<entities.dtn.DTN object at 0x1180d1550>,<entities.processor.Processor object at 0x1180b7ee0>
85.34828000000044,0.0,59707,<entities.dtn.DTN object at 0x1180d1550>,<entities.processor.Processor object at 0x1180b7ee0>
86.34828000000044,0.0,59707,<entities.dtn.DTN object at 0x1180d1550>,<entities.processor.Processor object at 0x1180b7ee0>
87.34828000000044,0.0,59707,<entities.dtn.DTN object at 0x1180d1550>,<entities.processor.Processor object at 0x1180b7ee0>
88.34828000000044,0.0,59707,<entities.dtn.DTN object at 0x1180d1550>,<entities.processor.Processor object at 0x1180b7ee0>
89.34828000000044,0.0,59707,<entities.dtn.DTN object at 0x1180d1550>,<entities.processor.Processor object at 0x1180b7ee0>
90.34828000000044,0.0,59707,<entities.dtn.DTN object at 0x1180d1550>,<entities.processor.Processor object at 0x1180b7ee0>
91.34828000000044,0.0,59707,<entities.dtn.DTN object at 0x1180d1550>,<entities.processor.Processor object at 0x1180b7ee0>
92.34828000000044,0.0,59707,<entities.dtn.DTN object at 0x1180d1550>,<entities.processor.Processor object at 0x1180b7ee0>
93.34828000000044,0.0,59707,<entities.dtn.DTN object at 0x1180d1550>,<entities.processor.Processor object at 0x1180b7ee0>
94.34828000000044,0.0,59707,<entities.dtn.DTN object at 0x1180d1550>,<entities.processor.Processor object at 0x1180b7ee0>
95.34828000000044,0.0,59707,<entities.dtn.DTN object at 0x1180d1550>,<entities.processor.Processor object at 0x1180b7ee0>
96.34828000000044,0.0,59707,<entities.dtn.DTN object at 0x1180d1550>,<entities.processor.Processor object at 0x1180b7ee0>
97.34828000000044,0.0,59707,<entities.dtn.DTN object at 0x1180d1550>,<entities.processor.Processor object at 0x1180b7ee0>
98.34828000000044,0.0,59707,<entities.dtn.DTN object at 0x1180d1550>,<entities.processor.Processor object at 0x1180b7ee0>
99.34828000000044,0.0,59707,<entities.dtn.DTN object at 0x1180d1550>,<entities.processor.Processor object at 0x1180b7ee0>
100.34828000000044,0.0,59707,<entities.dtn.DTN object at 0x1180d1550>,<entities.processor.Processor object at 0x1180b7ee0>
101.34828000000044,0.0,59707,<entities.dtn.DTN object at 0x1180d1550>,<entities.processor.Processor object at 0x1180b7ee0>
102.34828000000044,0.0,59707,<entities.dtn.DTN object at 0x1180d1550>,<entities.processor.Processor object at 0x1180b7ee0>
103.34828000000044,0.0,59707,<entities.dtn.DTN object at 0x1180d1550>,<entities.processor.Processor object at 0x1180b7ee0>
104.34828000000044,0.0,59707,<entities.dtn.DTN object at 0x1180d1550>,<entities.processor.Processor object at 0x1180b7ee0>
105.34828000000044,0.0,59707,<entities.dtn.DTN object at 0x1180d1550>,<entities.processor.Processor object at 0x1180b7ee0>
106.34828000000044,0.0,59707,<entities.dtn.DTN object at 0x1180d1550>,<entities.processor.Processor object at 0x1180b7ee0>
107.34828000000044,0.0,59707,<entities.dtn.DTN object at 0x1180d1550>,<entities.processor.Processor object at 0x1180b7ee0>
108.34828000000044,0.0,59707,<entities.dtn.DTN object at 0x1180d1550>,<entities.processor.Processor object at 0x1180b7ee0>
109.34828000000044,0.0,59707,<entities.dtn.DTN object at 0x1180d1550>,<entities.processor.Processor object at 0x1180b7ee0>
110.34828000000044,0.0,59707,<entities.dtn.DTN object at 0x1180d1550>,<entities.processor.Processor object at 0x1180b7ee0>
111.34828000000044,0.0,59707,<entities.dtn.DTN object at 0x1180d1550>,<entities.processor.Processor object at 0x1180b7ee0>
112.34828000000044,0.0,59707,<entities.dtn.DTN object at 0x1180d1550>,<entities.processor.Processor object at 0x1180b7ee0>
113.34828000000044,0.0,59707,<entities.dtn.DTN object at 0x1180d1550>,<entities.processor.Processor object at 0x1180b7ee0>
114.34828000000044,0.0,59707,<entities.dtn.DTN object at 0x1180d1550>,<entities.processor.Processor object at 0x1180b7ee0>
115.34828000000044,0.0,59707,<entities.dtn.DTN object at 0x1180d1550>,<entities.processor.Processor object at 0x1180b7ee0>
116.34828000000044,0.0,59707,<entities.dtn.DTN object at 0x1180d1550>,<entities.processor.Processor object at 0x1180b7ee0>
117.34828000000044,0.0,59707,<entities.dtn.DTN object at 0x1180d1550>,<entities.processor.Processor object at 0x1180b7ee0>
118.34828000000044,0.0,59707,<entities.dtn.DTN object at 0x1180d1550>,<entities.processor.Processor object at 0x1180b7ee0>
119.34828000000044,0.0,59707,<entities.dtn.DTN object at 0x1180d1550>,<entities.processor.Processor object at 0x1180b7ee0>
120.34828000000044,0.0,59707,<entities.dtn.DTN object at 0x1180d1550>,<entities.processor.Processor object at 0x1180b7ee0>
121.34828000000044,0.0,59707,<entities.dtn.DTN object at 0x1180d1550>,<entities.processor.Processor object at 0x1180b7ee0>
122.34828000000044,0.0,59707,<entities.dtn.DTN object at 0x1180d1550>,<entities.processor.Processor object at 0x1180b7ee0>
123.34828000000044,0.0,59707,<entities.dtn.DTN object at 0x1180d1550>,<entities.processor.Processor object at 0x1180b7ee0>
124.34828000000044,0.0,59707,<entities.dtn.DTN object at 0x1180d1550>,<entities.processor.Processor object at 0x1180b7ee0>
125.34828000000044,0.0,59707,<entities.dtn.DTN object at 0x1180d1550>,<entities.processor.Processor object at 0x1180b7ee0>
126.34828000000044,0.0,59707,<entities.dtn.DTN object at 0x1180d1550>,<entities.processor.Processor object at 0x1180b7ee0>
127.34828000000044,0.0,59707,<entities.dtn.DTN object at 0x1180d1550>,<entities.processor.Processor object at 0x1180b7ee0>
128.34828000000044,0.0,59707,<entities.dtn.DTN object at 0x1180d1550>,<entities.processor.Processor object at 0x1180b7ee0>
129.34828000000044,0.0,59707,<entities.dtn.DTN object at 0x1180d1550>,<entities.processor.Processor object at 0x1180b7ee0>
130.34828000000044,0.0,59707,<entities.dtn.DTN object at 0x1180d1550>,<entities.processor.Processor object at 0x1180b7ee0>
131.34828000000044,0.0,59707,<entities.dtn.DTN object at 0x1180d1550>,<entities.processor.Processor object at 0x1180b7ee0>
132.34828000000044,0.0,59707,<entities.dtn.DTN object at 0x1180d1550>,<entities.processor.Processor object at 0x1180b7ee0>
133.34828000000044,0.0,59707,<entities.dtn.DTN object at 0x1180d1550>,<entities.processor.Processor object at 0x1180b7ee0>
134.34828000000044,0.0,59707,<entities.dtn.DTN object at 0x1180d1550>,<entities.processor.Processor object at 0x1180b7ee0>
135.34828000000044,0.0,59707,<entities.dtn.DTN object at 0x1180d1550>,<entities.processor.Processor object at 0x1180b7ee0>
136.34828000000044,0.0,59707,<entities.dtn.DTN object at 0x1180d1550>,<entities.processor.Processor object at 0x1180b7ee0>
137.34828000000044,0.0,59707,<entities.dtn.DTN object at 0x1180d1550>,<entities.processor.Processor object at 0x1180b7ee0>
138.34828000000044,0.0,59707,<entities.dtn.DTN object at 0x1180d1550>,<entities.processor.Processor object at 0x1180b7ee0>
139.34828000000044,0.0,59707,<entities.dtn.DTN object at 0x1180d1550>,<entities.processor.Processor object at 0x1180b7ee0>
140.34828000000044,0.0,59707,<entities.dtn.DTN object at 0x1180d1550>,<entities.processor.Processor object at 0x1180b7ee0>
141.34828000000044,0.0,59707,<entities.dtn.DTN object at 0x1180d1550>,<entities.processor.Processor object at 0x1180b7ee0>
142.34828000000044,0.0,59707,<entities.dtn.DTN object at 0x1180d1550>,<entities.processor.Processor object at 0x1180b7ee0>
143.34828000000044,0.0,59707,<entities.dtn.DTN object at 0x1180d1550>,<entities.processor.Processor object at 0x1180b7ee0>
144.34828000000044,0.0,59707,<entities.dtn.DTN object at 0x1180d1550>,<entities.processor.Processor object at 0x1180b7ee0>
145.34828000000044,0.0,59707,<entities.dtn.DTN object at 0x1180d1550>,<entities.processor.Processor object at 0x1180b7ee0>
146.34828000000044,0.0,59707,<entities.dtn.DTN object at 0x1180d1550>,<entities.processor.Processor object at 0x1180b7ee0>
147.34828000000044,0.0,59707,<entities.dtn.DTN object at 0x1180d1550>,<entities.processor.Processor object at 0x1180b7ee0>
148.34828000000044,0.0,59707,<entities.dtn.DTN object at 0x1180d1550>,<entities.processor.Processor object at 0x1180b7ee0>
149.34828000000044,0.0,59707,<entities.dtn.DTN object at 0x1180d1550>,<entities.processor.Processor object at 0x1180b7ee0>
150.34828000000044,0.0,59707,<entities.dtn.DTN object at 0x1180d1550>,<entities.processor.Processor object at 0x1180b7ee0>
151.34828000000044,0.0,59707,<entities.dtn.DTN object at 0x1180d1550>,<entities.processor.Processor object at 0x1180b7ee0>
152.34828000000044,0.0,59707,<entities.dtn.DTN object at 0x1180d1550>,<entities.processor.Processor object at 0x1180b7ee0>
153.34828000000044,0.0,59707,<entities.dtn.DTN object at 0x1180d1550>,<entities.processor.Processor object at 0x1180b7ee0>
154.34828000000044,0.0,59707,<entities.dtn.DTN object at 0x1180d1550>,<entities.processor.Processor object at 0x1180b7ee0>
155.34828000000044,0.0,59707,<entities.dtn.DTN object at 0x1180d1550>,<entities.processor.Processor object at 0x1180b7ee0>
156.34828000000044,0.0,59707,<entities.dtn.DTN object at 0x1180d1550>,<entities.processor.Processor object at 0x1180b7ee0>
157.34828000000044,0.0,59707,<entities.dtn.DTN object at 0x1180d1550>,<entities.processor.Processor object at 0x1180b7ee0>
158.34828000000044,0.0,59707,<entities.dtn.DTN object at 0x1180d1550>,<entities.processor.Processor object at 0x1180b7ee0>
159.34828000000044,0.0,59707,<entities.dtn.DTN object at 0x1180d1550>,<entities.processor.Processor object at 0x1180b7ee0>
160.34828000000044,0.0,59707,<entities.dtn.DTN object at 0x1180d1550>,<entities.processor.Processor object at 0x1180b7ee0>
161.34828000000044,0.0,59707,<entities.dtn.DTN object at 0x1180d1550>,<entities.processor.Processor object at 0x1180b7ee0>
162.34828000000044,0.0,59707,<entities.dtn.DTN object at 0x1180d1550>,<entities.processor.Processor object at 0x1180b7ee0>
163.34828000000044,0.0,59707,<entities.dtn.DTN object at 0x1180d1550>,<entities.processor.Processor object at 0x1180b7ee0>
164.34828000000044,0.0,59707,<entities.dtn.DTN object at 0x1180d1550>,<entities.processor.Processor object at 0x1180b7ee0>
165.34828000000044,0.0,59707,<entities.dtn.DTN object at 0x1180d1550>,<entities.processor.Processor object at 0x1180b7ee0>
166.34828000000044,0.0,59707,<entities.dtn.DTN object at 0x1180d1550>,<entities.processor.Processor object at 0x1180b7ee0>
167.34828000000044,0.0,59707,<entities.dtn.DTN object at 0x1180d1550>,<entities.processor.Processor object at 0x1180b7ee0>
168.34828000000044,0.0,59707,<entities.dtn.DTN object at 0x1180d1550>,<entities.processor.Processor object at 0x1180b7ee0>
169.34828000000044,0.0,59707,<entities.dtn.DTN object at 0x1180d1550>,<entities.processor.Processor object at 0x1180b7ee0>
170.34828000000044,0.0,59707,<entities.dtn.DTN object at 0x1180d1550>,<entities.processor.Processor object at 0x1180b7ee0>
171.34828000000044,0.0,59707,<entities.dtn.DTN object at 0x1180d1550>,<entities.processor.Processor object at 0x1180b7ee0>
172.34828000000044,0.0,59707,<entities.dtn.DTN object at 0x1180d1550>,<entities.processor.Processor object at 0x1180b7ee0>
173.34828000000044,0.0,59707,<entities.dtn.DTN object at 0x1180d1550>,<entities.processor.Processor object at 0x1180b7ee0>
174.34828000000044,0.0,59707,<entities.dtn.DTN object at 0x1180d1550>,<entities.processor.Processor object at 0x1180b7ee0>
175.34828000000044,0.0,59707,<entities.dtn.DTN object at 0x1180d1550>,<entities.processor.Processor object at 0x1180b7ee0>
176.34828000000044,0.0,59707,<entities.dtn.DTN object at 0x1180d1550>,<entities.processor.Processor object at 0x1180b7ee0>
177.34828000000044,0.0,59707,<entities.dtn.DTN object at 0x1180d1550>,<entities.processor.Processor object at 0x1180b7ee0>
178.34828000000044,0.0,59707,<entities.dtn.DTN object at 0x1180d1550>,<entities.processor.Processor object at 0x1180b7ee0>
179.34828000000044,0.0,59707,<entities.dtn.DTN object at 0x1180d1550>,<entities.processor.Processor object at 0x1180b7ee0>
180.34828000000044,0.0,59707,<entities.dtn.DTN object at 0x1180d1550>,<entities.processor.Processor object at 0x1180b7ee0>
181.34828000000044,0.0,59707,<entities.dtn.DTN object at 0x1180d1550>,<entities.processor.Processor object at 0x1180b7ee0>
182.34828000000044,0.0,59707,<entities.dtn.DTN object at 0x1180d1550>,<entities.processor.Processor object at 0x1180b7ee0>
183.34828000000044,0.0,59707,<entities.dtn.DTN object at 0x1180d1550>,<entities.processor.Processor object at 0x1180b7ee0>
184.34828000000044,0.0,59707,<entities.dtn.DTN object at 0x1180d1550>,<entities.processor.Processor object at 0x1180b7ee0>
185.34828000000044,0.0,59707,<entities.dtn.DTN object at 0x1180d1550>,<entities.processor.Processor object at 0x1180b7ee0>
186.34828000000044,0.0,59707,<entities.dtn.DTN object at 0x1180d1550>,<entities.processor.Processor object at 0x1180b7ee0>
187.34828000000044,0.0,59707,<entities.dtn.DTN object at 0x1180d1550>,<entities.processor.Processor object at 0x1180b7ee0>
188.34828000000044,0.0,59707,<entities.dtn.DTN object at 0x1180d1550>,<entities.processor.Processor object at 0x1180b7ee0>
189.34828000000044,0.0,59707,<entities.dtn.DTN object at 0x1180d1550>,<entities.processor.Processor object at 0x1180b7ee0>
190.34828000000044,0.0,59707,<entities.dtn.DTN object at 0x1180d1550>,<entities.processor.Processor object at 0x1180b7ee0>
191.34828000000044,0.0,59707,<entities.dtn.DTN object at 0x1180d1550>,<entities.processor.Processor object at 0x1180b7ee0>
192.34828000000044,0.0,59707,<entities.dtn.DTN object at 0x1180d1550>,<entities.processor.Processor object at 0x1180b7ee0>
193.34828000000044,0.0,59707,<entities.dtn.DTN object at 0x1180d1550>,<entities.processor.Processor object at 0x1180b7ee0>
194.34828000000044,0.0,59707,<entities.dtn.DTN object at 0x1180d1550>,<entities.processor.Processor object at 0x1180b7ee0>
195.34828000000044,0.0,59707,<entities.dtn.DTN object at 0x1180d1550>,<entities.processor.Processor object at 0x1180b7ee0>
196.34828000000044,0.0,59707,<entities.dtn.DTN object at 0x1180d1550>,<entities.processor.Processor object at 0x1180b7ee0>
197.34828000000044,0.0,59707,<entities.dtn.DTN object at 0x1180d1550>,<entities.processor.Processor object at 0x1180b7ee0>
198.34828000000044,0.0,59707,<entities.dtn.DTN object at 0x1180d1550>,<entities.processor.Processor object at 0x1180b7ee0>
199.34828000000044,0.0,59707,<entities.dtn.DTN object at 0x1180d1550>,<entities.processor.Processor object at 0x1180b7ee0>
41.5,0.0,76891,<entities.processor.Processor object at 0x1180b7ee0>,<entities.dtn.DTN object at 0x1180d1550>
42.5,120.0,76891,<entities.processor.Processor object at 0x1180b7ee0>,<entities.dtn.DTN object at 0x1180d1550>
43.5,0.0,76891,<entities.processor.Processor object at 0x1180b7ee0>,<entities.dtn.DTN object at 0x1180d1550>
42.59213000000047,0.0,29856,<entities.dtn.DTN object at 0x1180d1550>,<entities.processor.Processor object at 0x1180d1220>
43.59213000000047,0.0,29856,<entities.dtn.DTN object at 0x1180d1550>,<entities.processor.Processor object at 0x1180d1220>
44.59213000000047,0.0,29856,<entities.dtn.DTN object at 0x1180d1550>,<entities.processor.Processor object at 0x1180d1220>
45.59213000000047,0.0,29856,<entities.dtn.DTN object at 0x1180d1550>,<entities.processor.Processor object at 0x1180d1220>
46.59213000000047,0.0,29856,<entities.dtn.DTN object at 0x1180d1550>,<entities.processor.Processor object at 0x1180d1220>
47.59213000000047,0.0,29856,<entities.dtn.DTN object at 0x1180d1550>,<entities.processor.Processor object at 0x1180d1220>
48.59213000000047,0.0,29856,<entities.dtn.DTN object at 0x1180d1550>,<entities.processor.Processor object at 0x1180d1220>
49.59213000000047,0.0,29856,<entities.dtn.DTN object at 0x1180d1550>,<entities.processor.Processor object at 0x1180d1220>
50.59213000000047,0.0,29856,<entities.dtn.DTN object at 0x1180d1550>,<entities.processor.Processor object at 0x1180d1220>
51.59213000000047,0.0,29856,<entities.dtn.DTN object at 0x1180d1550>,<entities.processor.Processor object at 0x1180d1220>
52.59213000000047,0.0,29856,<entities.dtn.DTN object at 0x1180d1550>,<entities.processor.Processor object at 0x1180d1220>
53.59213000000047,0.0,29856,<entities.dtn.DTN object at 0x1180d1550>,<entities.processor.Processor object at 0x1180d1220>
54.59213000000047,0.0,29856,<entities.dtn.DTN object at 0x1180d1550>,<entities.processor.Processor object at 0x1180d1220>
55.59213000000047,0.0,29856,<entities.dtn.DTN object at 0x1180d1550>,<entities.processor.Processor object at 0x1180d1220>
56.59213000000047,0.0,29856,<entities.dtn.DTN object at 0x1180d1550>,<entities.processor.Processor object at 0x1180d1220>
57.59213000000047,0.0,29856,<entities.dtn.DTN object at 0x1180d1550>,<entities.processor.Processor object at 0x1180d1220>
58.59213000000047,0.0,29856,<entities.dtn.DTN object at 0x1180d1550>,<entities.processor.Processor object at 0x1180d1220>
59.59213000000047,0.0,29856,<entities.dtn.DTN object at 0x1180d1550>,<entities.processor.Processor object at 0x1180d1220>
60.59213000000047,0.0,29856,<entities.dtn.DTN object at 0x1180d1550>,<entities.processor.Processor object at 0x1180d1220>
61.59213000000047,0.0,29856,<entities.dtn.DTN object at 0x1180d1550>,<entities.processor.Processor object at 0x1180d1220>
62.59213000000047,0.0,29856,<entities.dtn.DTN object at 0x1180d1550>,<entities.processor.Processor object at 0x1180d1220>
63.59213000000047,0.0,29856,<entities.dtn.DTN object at 0x1180d1550>,<entities.processor.Processor object at 0x1180d1220>
64.59213000000048,0.0,29856,<entities.dtn.DTN object at 0x1180d1550>,<entities.processor.Processor object at 0x1180d1220>
65.59213000000048,0.0,29856,<entities.dtn.DTN object at 0x1180d1550>,<entities.processor.Processor object at 0x1180d1220>
66.59213000000048,0.0,29856,<entities.dtn.DTN object at 0x1180d1550>,<entities.processor.Processor object at 0x1180d1220>
67.59213000000048,0.0,29856,<entities.dtn.DTN object at 0x1180d1550>,<entities.processor.Processor object at 0x1180d1220>
68.59213000000048,0.0,29856,<entities.dtn.DTN object at 0x1180d1550>,<entities.processor.Processor object at 0x1180d1220>
69.59213000000048,0.0,29856,<entities.dtn.DTN object at 0x1180d1550>,<entities.processor.Processor object at 0x1180d1220>
70.59213000000048,0.0,29856,<entities.dtn.DTN object at 0x1180d1550>,<entities.processor.Processor object at 0x1180d1220>
71.59213000000048,0.0,29856,<entities.dtn.DTN object at 0x1180d1550>,<entities.processor.Processor object at 0x1180d1220>
72.59213000000048,0.0,29856,<entities.dtn.DTN object at 0x1180d1550>,<entities.processor.Processor object at 0x1180d1220>
73.59213000000048,0.0,29856,<entities.dtn.DTN object at 0x1180d1550>,<entities.processor.Processor object at 0x1180d1220>
74.59213000000048,0.0,29856,<entities.dtn.DTN object at 0x1180d1550>,<entities.processor.Processor object at 0x1180d1220>
75.59213000000048,0.0,29856,<entities.dtn.DTN object at 0x1180d1550>,<entities.processor.Processor object at 0x1180d1220>
76.59213000000048,0.0,29856,<entities.dtn.DTN object at 0x1180d1550>,<entities.processor.Processor object at 0x1180d1220>
77.59213000000048,0.0,29856,<entities.dtn.DTN object at 0x1180d1550>,<entities.processor.Processor object at 0x1180d1220>
78.59213000000048,0.0,29856,<entities.dtn.DTN object at 0x1180d1550>,<entities.processor.Processor object at 0x1180d1220>
79.59213000000048,0.0,29856,<entities.dtn.DTN object at 0x1180d1550>,<entities.processor.Processor object at 0x1180d1220>
80.59213000000048,0.0,29856,<entities.dtn.DTN object at 0x1180d1550>,<entities.processor.Processor object at 0x1180d1220>
81.59213000000048,0.0,29856,<entities.dtn.DTN object at 0x1180d1550>,<entities.processor.Processor object at 0x1180d1220>
82.59213000000048,0.0,29856,<entities.dtn.DTN object at 0x1180d1550>,<entities.processor.Processor object at 0x1180d1220>
83.59213000000048,0.0,29856,<entities.dtn.DTN object at 0x1180d1550>,<entities.processor.Processor object at 0x1180d1220>
84.59213000000048,0.0,29856,<entities.dtn.DTN object at 0x1180d1550>,<entities.processor.Processor object at 0x1180d1220>
85.59213000000048,0.0,29856,<entities.dtn.DTN object at 0x1180d1550>,<entities.processor.Processor object at 0x1180d1220>
86.59213000000048,0.0,29856,<entities.dtn.DTN object at 0x1180d1550>,<entities.processor.Processor object at 0x1180d1220>
87.59213000000048,0.0,29856,<entities.dtn.DTN object at 0x1180d1550>,<entities.processor.Processor object at 0x1180d1220>
88.59213000000048,0.0,29856,<entities.dtn.DTN object at 0x1180d1550>,<entities.processor.Processor object at 0x1180d1220>
89.59213000000048,0.0,29856,<entities.dtn.DTN object at 0x1180d1550>,<entities.processor.Processor object at 0x1180d1220>
90.59213000000048,0.0,29856,<entities.dtn.DTN object at 0x1180d1550>,<entities.processor.Processor object at 0x1180d1220>
91.59213000000048,0.0,29856,<entities.dtn.DTN object at 0x1180d1550>,<entities.processor.Processor object at 0x1180d1220>
92.59213000000048,0.0,29856,<entities.dtn.DTN object at 0x1180d1550>,<entities.processor.Processor object at 0x1180d1220>
93.59213000000048,0.0,29856,<entities.dtn.DTN object at 0x1180d1550>,<entities.processor.Processor object at 0x1180d1220>
94.59213000000048,0.0,29856,<entities.dtn.DTN object at 0x1180d1550>,<entities.processor.Processor object at 0x1180d1220>
95.59213000000048,0.0,29856,<entities.dtn.DTN object at 0x1180d1550>,<entities.processor.Processor object at 0x1180d1220>
96.59213000000048,0.0,29856,<entities.dtn.DTN object at 0x1180d1550>,<entities.processor.Processor object at 0x1180d1220>
97.59213000000048,0.0,29856,<entities.dtn.DTN object at 0x1180d1550>,<entities.processor.Processor object at 0x1180d1220>
98.59213000000048,0.0,29856,<entities.dtn.DTN object at 0x1180d1550>,<entities.processor.Processor object at 0x1180d1220>
99.59213000000048,0.0,29856,<entities.dtn.DTN object at 0x1180d1550>,<entities.processor.Processor object at 0x1180d1220>
100.59213000000048,0.0,29856,<entities.dtn.DTN object at 0x1180d1550>,<entities.processor.Processor object at 0x1180d1220>
101.59213000000048,0.0,29856,<entities.dtn.DTN object at 0x1180d1550>,<entities.processor.Processor object at 0x1180d1220>
102.59213000000048,0.0,29856,<entities.dtn.DTN object at 0x1180d1550>,<entities.processor.Processor object at 0x1180d1220>
103.59213000000048,0.0,29856,<entities.dtn.DTN object at 0x1180d1550>,<entities.processor.Processor object at 0x1180d1220>
104.59213000000048,0.0,29856,<entities.dtn.DTN object at 0x1180d1550>,<entities.processor.Processor object at 0x1180d1220>
105.59213000000048,0.0,29856,<entities.dtn.DTN object at 0x1180d1550>,<entities.processor.Processor object at 0x1180d1220>
106.59213000000048,0.0,29856,<entities.dtn.DTN object at 0x1180d1550>,<entities.processor.Processor object at 0x1180d1220>
107.59213000000048,0.0,29856,<entities.dtn.DTN object at 0x1180d1550>,<entities.processor.Processor object at 0x1180d1220>
108.59213000000048,0.0,29856,<entities.dtn.DTN object at 0x1180d1550>,<entities.processor.Processor object at 0x1180d1220>
109.59213000000048,0.0,29856,<entities.dtn.DTN object at 0x1180d1550>,<entities.processor.Processor object at 0x1180d1220>
110.59213000000048,0.0,29856,<entities.dtn.DTN object at 0x1180d1550>,<entities.processor.Processor object at 0x1180d1220>
111.59213000000048,0.0,29856,<entities.dtn.DTN object at 0x1180d1550>,<entities.processor.Processor object at 0x1180d1220>
112.59213000000048,0.0,29856,<entities.dtn.DTN object at 0x1180d1550>,<entities.processor.Processor object at 0x1180d1220>
113.59213000000048,0.0,29856,<entities.dtn.DTN object at 0x1180d1550>,<entities.processor.Processor object at 0x1180d1220>
114.59213000000048,0.0,29856,<entities.dtn.DTN object at 0x1180d1550>,<entities.processor.Processor object at 0x1180d1220>
115.59213000000048,0.0,29856,<entities.dtn.DTN object at 0x1180d1550>,<entities.processor.Processor object at 0x1180d1220>
116.59213000000048,0.0,29856,<entities.dtn.DTN object at 0x1180d1550>,<entities.processor.Processor object at 0x1180d1220>
117.59213000000048,0.0,29856,<entities.dtn.DTN object at 0x1180d1550>,<entities.processor.Processor object at 0x1180d1220>
118.59213000000048,0.0,29856,<entities.dtn.DTN object at 0x1180d1550>,<entities.processor.Processor object at 0x1180d1220>
119.59213000000048,0.0,29856,<entities.dtn.DTN object at 0x1180d1550>,<entities.processor.Processor object at 0x1180d1220>
120.59213000000048,0.0,29856,<entities.dtn.DTN object at 0x1180d1550>,<entities.processor.Processor object at 0x1180d1220>
121.59213000000048,0.0,29856,<entities.dtn.DTN object at 0x1180d1550>,<entities.processor.Processor object at 0x1180d1220>
122.59213000000048,0.0,29856,<entities.dtn.DTN object at 0x1180d1550>,<entities.processor.Processor object at 0x1180d1220>
123.59213000000048,0.0,29856,<entities.dtn.DTN object at 0x1180d1550>,<entities.processor.Processor object at 0x1180d1220>
124.59213000000048,0.0,29856,<entities.dtn.DTN object at 0x1180d1550>,<entities.processor.Processor object at 0x1180d1220>
125.59213000000048,0.0,29856,<entities.dtn.DTN object at 0x1180d1550>,<entities.processor.Processor object at 0x1180d1220>
126.59213000000048,0.0,29856,<entities.dtn.DTN object at 0x1180d1550>,<entities.processor.Processor object at 0x1180d1220>
127.59213000000048,0.0,29856,<entities.dtn.DTN object at 0x1180d1550>,<entities.processor.Processor object at 0x1180d1220>
128.59213000000048,0.0,29856,<entities.dtn.DTN object at 0x1180d1550>,<entities.processor.Processor object at 0x1180d1220>
129.59213000000048,0.0,29856,<entities.dtn.DTN object at 0x1180d1550>,<entities.processor.Processor object at 0x1180d1220>
130.59213000000048,0.0,29856,<entities.dtn.DTN object at 0x1180d1550>,<entities.processor.Processor object at 0x1180d1220>
131.59213000000048,0.0,29856,<entities.dtn.DTN object at 0x1180d1550>,<entities.processor.Processor object at 0x1180d1220>
132.59213000000048,0.0,29856,<entities.dtn.DTN object at 0x1180d1550>,<entities.processor.Processor object at 0x1180d1220>
133.59213000000048,0.0,29856,<entities.dtn.DTN object at 0x1180d1550>,<entities.processor.Processor object at 0x1180d1220>
134.59213000000048,0.0,29856,<entities.dtn.DTN object at 0x1180d1550>,<entities.processor.Processor object at 0x1180d1220>
135.59213000000048,0.0,29856,<entities.dtn.DTN object at 0x1180d1550>,<entities.processor.Processor object at 0x1180d1220>
136.59213000000048,0.0,29856,<entities.dtn.DTN object at 0x1180d1550>,<entities.processor.Processor object at 0x1180d1220>
137.59213000000048,0.0,29856,<entities.dtn.DTN object at 0x1180d1550>,<entities.processor.Processor object at 0x1180d1220>
138.59213000000048,0.0,29856,<entities.dtn.DTN object at 0x1180d1550>,<entities.processor.Processor object at 0x1180d1220>
139.59213000000048,0.0,29856,<entities.dtn.DTN object at 0x1180d1550>,<entities.processor.Processor object at 0x1180d1220>
140.59213000000048,0.0,29856,<entities.dtn.DTN object at 0x1180d1550>,<entities.processor.Processor object at 0x1180d1220>
141.59213000000048,0.0,29856,<entities.dtn.DTN object at 0x1180d1550>,<entities.processor.Processor object at 0x1180d1220>
142.59213000000048,0.0,29856,<entities.dtn.DTN object at 0x1180d1550>,<entities.processor.Processor object at 0x1180d1220>
143.59213000000048,0.0,29856,<entities.dtn.DTN object at 0x1180d1550>,<entities.processor.Processor object at 0x1180d1220>
144.59213000000048,0.0,29856,<entities.dtn.DTN object at 0x1180d1550>,<entities.processor.Processor object at 0x1180d1220>
145.59213000000048,0.0,29856,<entities.dtn.DTN object at 0x1180d1550>,<entities.processor.Processor object at 0x1180d1220>
146.59213000000048,0.0,29856,<entities.dtn.DTN object at 0x1180d1550>,<entities.processor.Processor object at 0x1180d1220>
147.59213000000048,0.0,29856,<entities.dtn.DTN object at 0x1180d1550>,<entities.processor.Processor object at 0x1180d1220>
148.59213000000048,0.0,29856,<entities.dtn.DTN object at 0x1180d1550>,<entities.processor.Processor object at 0x1180d1220>
149.59213000000048,0.0,29856,<entities.dtn.DTN object at 0x1180d1550>,<entities.processor.Processor object at 0x1180d1220>
150.59213000000048,0.0,29856,<entities.dtn.DTN object at 0x1180d1550>,<entities.processor.Processor object at 0x1180d1220>
151.59213000000048,0.0,29856,<entities.dtn.DTN object at 0x1180d1550>,<entities.processor.Processor object at 0x1180d1220>
152.59213000000048,0.0,29856,<entities.dtn.DTN object at 0x1180d1550>,<entities.processor.Processor object at 0x1180d1220>
153.59213000000048,0.0,29856,<entities.dtn.DTN object at 0x1180d1550>,<entities.processor.Processor object at 0x1180d1220>
154.59213000000048,0.0,29856,<entities.dtn.DTN object at 0x1180d1550>,<entities.processor.Processor object at 0x1180d1220>
155.59213000000048,0.0,29856,<entities.dtn.DTN object at 0x1180d1550>,<entities.processor.Processor object at 0x1180d1220>
156.59213000000048,0.0,29856,<entities.dtn.DTN object at 0x1180d1550>,<entities.processor.Processor object at 0x1180d1220>
157.59213000000048,0.0,29856,<entities.dtn.DTN object at 0x1180d1550>,<entities.processor.Processor object at 0x1180d1220>
158.59213000000048,0.0,29856,<entities.dtn.DTN object at 0x1180d1550>,<entities.processor.Processor object at 0x1180d1220>
159.59213000000048,0.0,29856,<entities.dtn.DTN object at 0x1180d1550>,<entities.processor.Processor object at 0x1180d1220>
160.59213000000048,0.0,29856,<entities.dtn.DTN object at 0x1180d1550>,<entities.processor.Processor object at 0x1180d1220>
161.59213000000048,0.0,29856,<entities.dtn.DTN object at 0x1180d1550>,<entities.processor.Processor object at 0x1180d1220>
162.59213000000048,0.0,29856,<entities.dtn.DTN object at 0x1180d1550>,<entities.processor.Processor object at 0x1180d1220>
163.59213000000048,0.0,29856,<entities.dtn.DTN object at 0x1180d1550>,<entities.processor.Processor object at 0x1180d1220>
164.59213000000048,0.0,29856,<entities.dtn.DTN object at 0x1180d1550>,<entities.processor.Processor object at 0x1180d1220>
165.59213000000048,0.0,29856,<entities.dtn.DTN object at 0x1180d1550>,<entities.processor.Processor object at 0x1180d1220>
166.59213000000048,0.0,29856,<entities.dtn.DTN object at 0x1180d1550>,<entities.processor.Processor object at 0x1180d1220>
167.59213000000048,0.0,29856,<entities.dtn.DTN object at 0x1180d1550>,<entities.processor.Processor object at 0x1180d1220>
168.59213000000048,0.0,29856,<entities.dtn.DTN object at 0x1180d1550>,<entities.processor.Processor object at 0x1180d1220>
169.59213000000048,0.0,29856,<entities.dtn.DTN object at 0x1180d1550>,<entities.processor.Processor object at 0x1180d1220>
170.59213000000048,0.0,29856,<entities.dtn.DTN object at 0x1180d1550>,<entities.processor.Processor object at 0x1180d1220>
171.59213000000048,0.0,29856,<entities.dtn.DTN object at 0x1180d1550>,<entities.processor.Processor object at 0x1180d1220>
172.59213000000048,0.0,29856,<entities.dtn.DTN object at 0x1180d1550>,<entities.processor.Processor object at 0x1180d1220>
173.59213000000048,0.0,29856,<entities.dtn.DTN object at 0x1180d1550>,<entities.processor.Processor object at 0x1180d1220>
174.59213000000048,0.0,29856,<entities.dtn.DTN object at 0x1180d1550>,<entities.processor.Processor object at 0x1180d1220>
175.59213000000048,0.0,29856,<entities.dtn.DTN object at 0x1180d1550>,<entities.processor.Processor object at 0x1180d1220>
176.59213000000048,0.0,29856,<entities.dtn.DTN object at 0x1180d1550>,<entities.processor.Processor object at 0x1180d1220>
177.59213000000048,0.0,29856,<entities.dtn.DTN object at 0x1180d1550>,<entities.processor.Processor object at 0x1180d1220>
178.59213000000048,0.0,29856,<entities.dtn.DTN object at 0x1180d1550>,<entities.processor.Processor object at 0x1180d1220>
179.59213000000048,0.0,29856,<entities.dtn.DTN object at 0x1180d1550>,<entities.processor.Processor object at 0x1180d1220>
180.59213000000048,0.0,29856,<entities.dtn.DTN object at 0x1180d1550>,<entities.processor.Processor object at 0x1180d1220>
181.59213000000048,0.0,29856,<entities.dtn.DTN object at 0x1180d1550>,<entities.processor.Processor object at 0x1180d1220>
182.59213000000048,0.0,29856,<entities.dtn.DTN object at 0x1180d1550>,<entities.processor.Processor object at 0x1180d1220>
183.59213000000048,0.0,29856,<entities.dtn.DTN object at 0x1180d1550>,<entities.processor.Processor object at 0x1180d1220>
184.59213000000048,0.0,29856,<entities.dtn.DTN object at 0x1180d1550>,<entities.processor.Processor object at 0x1180d1220>
185.59213000000048,0.0,29856,<entities.dtn.DTN object at 0x1180d1550>,<entities.processor.Processor object at 0x1180d1220>
186.59213000000048,0.0,29856,<entities.dtn.DTN object at 0x1180d1550>,<entities.processor.Processor object at 0x1180d1220>
187.59213000000048,0.0,29856,<entities.dtn.DTN object at 0x1180d1550>,<entities.processor.Processor object at 0x1180d1220>
188.59213000000048,0.0,29856,<entities.dtn.DTN object at 0x1180d1550>,<entities.processor.Processor object at 0x1180d1220>
189.59213000000048,0.0,29856,<entities.dtn.DTN object at 0x1180d1550>,<entities.processor.Processor object at 0x1180d1220>
190.59213000000048,0.0,29856,<entities.dtn.DTN object at 0x1180d1550>,<entities.processor.Processor object at 0x1180d1220>
191.59213000000048,0.0,29856,<entities.dtn.DTN object at 0x1180d1550>,<entities.processor.Processor object at 0x1180d1220>
192.59213000000048,0.0,29856,<entities.dtn.DTN object at 0x1180d1550>,<entities.processor.Processor object at 0x1180d1220>
193.59213000000048,0.0,29856,<entities.dtn.DTN object at 0x1180d1550>,<entities.processor.Processor object at 0x1180d1220>
194.59213000000048,0.0,29856,<entities.dtn.DTN object at 0x1180d1550>,<entities.processor.Processor object at 0x1180d1220>
195.59213000000048,0.0,29856,<entities.dtn.DTN object at 0x1180d1550>,<entities.processor.Processor object at 0x1180d1220>
196.59213000000048,0.0,29856,<entities.dtn.DTN object at 0x1180d1550>,<entities.processor.Processor object at 0x1180d1220>
197.59213000000048,0.0,29856,<entities.dtn.DTN object at 0x1180d1550>,<entities.processor.Processor object at 0x1180d1220>
198.59213000000048,0.0,29856,<entities.dtn.DTN object at 0x1180d1550>,<entities.processor.Processor object at 0x1180d1220>
199.59213000000048,0.0,29856,<entities.dtn.DTN object at 0x1180d1550>,<entities.processor.Processor object at 0x1180d1220>
44.0,0.0,21208,<entities.processor.Processor object at 0x1180b7c10>,<entities.dtn.DTN object at 0x1180d1550>
45.0,51.0,21208,<entities.processor.Processor object at 0x1180b7c10>,<entities.dtn.DTN object at 0x1180d1550>
44.169230000000525,0.0,14229,<entities.dtn.DTN object at 0x1180d1550>,<entities.processor.Processor object at 0x1180b7c10>
45.169230000000525,0.0,14229,<entities.dtn.DTN object at 0x1180d1550>,<entities.processor.Processor object at 0x1180b7c10>
46.169230000000525,0.0,14229,<entities.dtn.DTN object at 0x1180d1550>,<entities.processor.Processor object at 0x1180b7c10>
47.169230000000525,0.0,14229,<entities.dtn.DTN object at 0x1180d1550>,<entities.processor.Processor object at 0x1180b7c10>
48.169230000000525,0.0,14229,<entities.dtn.DTN object at 0x1180d1550>,<entities.processor.Processor object at 0x1180b7c10>
49.169230000000525,0.0,14229,<entities.dtn.DTN object at 0x1180d1550>,<entities.processor.Processor object at 0x1180b7c10>
50.169230000000525,0.0,14229,<entities.dtn.DTN object at 0x1180d1550>,<entities.processor.Processor object at 0x1180b7c10>
51.169230000000525,0.0,14229,<entities.dtn.DTN object at 0x1180d1550>,<entities.processor.Processor object at 0x1180b7c10>
52.169230000000525,0.0,14229,<entities.dtn.DTN object at 0x1180d1550>,<entities.processor.Processor object at 0x1180b7c10>
53.169230000000525,0.0,14229,<entities.dtn.DTN object at 0x1180d1550>,<entities.processor.Processor object at 0x1180b7c10>
54.169230000000525,0.0,14229,<entities.dtn.DTN object at 0x1180d1550>,<entities.processor.Processor object at 0x1180b7c10>
55.169230000000525,0.0,14229,<entities.dtn.DTN object at 0x1180d1550>,<entities.processor.Processor object at 0x1180b7c10>
56.169230000000525,0.0,14229,<entities.dtn.DTN object at 0x1180d1550>,<entities.processor.Processor object at 0x1180b7c10>
57.169230000000525,0.0,14229,<entities.dtn.DTN object at 0x1180d1550>,<entities.processor.Processor object at 0x1180b7c10>
58.169230000000525,0.0,14229,<entities.dtn.DTN object at 0x1180d1550>,<entities.processor.Processor object at 0x1180b7c10>
59.169230000000525,0.0,14229,<entities.dtn.DTN object at 0x1180d1550>,<entities.processor.Processor object at 0x1180b7c10>
60.169230000000525,0.0,14229,<entities.dtn.DTN object at 0x1180d1550>,<entities.processor.Processor object at 0x1180b7c10>
61.169230000000525,0.0,14229,<entities.dtn.DTN object at 0x1180d1550>,<entities.processor.Processor object at 0x1180b7c10>
62.169230000000525,0.0,14229,<entities.dtn.DTN object at 0x1180d1550>,<entities.processor.Processor object at 0x1180b7c10>
63.169230000000525,0.0,14229,<entities.dtn.DTN object at 0x1180d1550>,<entities.processor.Processor object at 0x1180b7c10>
64.16923000000052,0.0,14229,<entities.dtn.DTN object at 0x1180d1550>,<entities.processor.Processor object at 0x1180b7c10>
65.16923000000052,0.0,14229,<entities.dtn.DTN object at 0x1180d1550>,<entities.processor.Processor object at 0x1180b7c10>
66.16923000000052,0.0,14229,<entities.dtn.DTN object at 0x1180d1550>,<entities.processor.Processor object at 0x1180b7c10>
67.16923000000052,0.0,14229,<entities.dtn.DTN object at 0x1180d1550>,<entities.processor.Processor object at 0x1180b7c10>
68.16923000000052,0.0,14229,<entities.dtn.DTN object at 0x1180d1550>,<entities.processor.Processor object at 0x1180b7c10>
69.16923000000052,0.0,14229,<entities.dtn.DTN object at 0x1180d1550>,<entities.processor.Processor object at 0x1180b7c10>
70.16923000000052,0.0,14229,<entities.dtn.DTN object at 0x1180d1550>,<entities.processor.Processor object at 0x1180b7c10>
71.16923000000052,0.0,14229,<entities.dtn.DTN object at 0x1180d1550>,<entities.processor.Processor object at 0x1180b7c10>
72.16923000000052,0.0,14229,<entities.dtn.DTN object at 0x1180d1550>,<entities.processor.Processor object at 0x1180b7c10>
73.16923000000052,0.0,14229,<entities.dtn.DTN object at 0x1180d1550>,<entities.processor.Processor object at 0x1180b7c10>
74.16923000000052,0.0,14229,<entities.dtn.DTN object at 0x1180d1550>,<entities.processor.Processor object at 0x1180b7c10>
75.16923000000052,0.0,14229,<entities.dtn.DTN object at 0x1180d1550>,<entities.processor.Processor object at 0x1180b7c10>
76.16923000000052,0.0,14229,<entities.dtn.DTN object at 0x1180d1550>,<entities.processor.Processor object at 0x1180b7c10>
77.16923000000052,0.0,14229,<entities.dtn.DTN object at 0x1180d1550>,<entities.processor.Processor object at 0x1180b7c10>
78.16923000000052,0.0,14229,<entities.dtn.DTN object at 0x1180d1550>,<entities.processor.Processor object at 0x1180b7c10>
79.16923000000052,0.0,14229,<entities.dtn.DTN object at 0x1180d1550>,<entities.processor.Processor object at 0x1180b7c10>
80.16923000000052,0.0,14229,<entities.dtn.DTN object at 0x1180d1550>,<entities.processor.Processor object at 0x1180b7c10>
81.16923000000052,0.0,14229,<entities.dtn.DTN object at 0x1180d1550>,<entities.processor.Processor object at 0x1180b7c10>
82.16923000000052,0.0,14229,<entities.dtn.DTN object at 0x1180d1550>,<entities.processor.Processor object at 0x1180b7c10>
83.16923000000052,0.0,14229,<entities.dtn.DTN object at 0x1180d1550>,<entities.processor.Processor object at 0x1180b7c10>
84.16923000000052,0.0,14229,<entities.dtn.DTN object at 0x1180d1550>,<entities.processor.Processor object at 0x1180b7c10>
85.16923000000052,0.0,14229,<entities.dtn.DTN object at 0x1180d1550>,<entities.processor.Processor object at 0x1180b7c10>
86.16923000000052,0.0,14229,<entities.dtn.DTN object at 0x1180d1550>,<entities.processor.Processor object at 0x1180b7c10>
87.16923000000052,0.0,14229,<entities.dtn.DTN object at 0x1180d1550>,<entities.processor.Processor object at 0x1180b7c10>
88.16923000000052,0.0,14229,<entities.dtn.DTN object at 0x1180d1550>,<entities.processor.Processor object at 0x1180b7c10>
89.16923000000052,0.0,14229,<entities.dtn.DTN object at 0x1180d1550>,<entities.processor.Processor object at 0x1180b7c10>
90.16923000000052,0.0,14229,<entities.dtn.DTN object at 0x1180d1550>,<entities.processor.Processor object at 0x1180b7c10>
91.16923000000052,0.0,14229,<entities.dtn.DTN object at 0x1180d1550>,<entities.processor.Processor object at 0x1180b7c10>
92.16923000000052,0.0,14229,<entities.dtn.DTN object at 0x1180d1550>,<entities.processor.Processor object at 0x1180b7c10>
93.16923000000052,0.0,14229,<entities.dtn.DTN object at 0x1180d1550>,<entities.processor.Processor object at 0x1180b7c10>
94.16923000000052,0.0,14229,<entities.dtn.DTN object at 0x1180d1550>,<entities.processor.Processor object at 0x1180b7c10>
95.16923000000052,0.0,14229,<entities.dtn.DTN object at 0x1180d1550>,<entities.processor.Processor object at 0x1180b7c10>
96.16923000000052,0.0,14229,<entities.dtn.DTN object at 0x1180d1550>,<entities.processor.Processor object at 0x1180b7c10>
97.16923000000052,0.0,14229,<entities.dtn.DTN object at 0x1180d1550>,<entities.processor.Processor object at 0x1180b7c10>
98.16923000000052,0.0,14229,<entities.dtn.DTN object at 0x1180d1550>,<entities.processor.Processor object at 0x1180b7c10>
99.16923000000052,0.0,14229,<entities.dtn.DTN object at 0x1180d1550>,<entities.processor.Processor object at 0x1180b7c10>
100.16923000000052,0.0,14229,<entities.dtn.DTN object at 0x1180d1550>,<entities.processor.Processor object at 0x1180b7c10>
101.16923000000052,0.0,14229,<entities.dtn.DTN object at 0x1180d1550>,<entities.processor.Processor object at 0x1180b7c10>
102.16923000000052,0.0,14229,<entities.dtn.DTN object at 0x1180d1550>,<entities.processor.Processor object at 0x1180b7c10>
103.16923000000052,0.0,14229,<entities.dtn.DTN object at 0x1180d1550>,<entities.processor.Processor object at 0x1180b7c10>
104.16923000000052,0.0,14229,<entities.dtn.DTN object at 0x1180d1550>,<entities.processor.Processor object at 0x1180b7c10>
105.16923000000052,0.0,14229,<entities.dtn.DTN object at 0x1180d1550>,<entities.processor.Processor object at 0x1180b7c10>
106.16923000000052,0.0,14229,<entities.dtn.DTN object at 0x1180d1550>,<entities.processor.Processor object at 0x1180b7c10>
107.16923000000052,0.0,14229,<entities.dtn.DTN object at 0x1180d1550>,<entities.processor.Processor object at 0x1180b7c10>
108.16923000000052,0.0,14229,<entities.dtn.DTN object at 0x1180d1550>,<entities.processor.Processor object at 0x1180b7c10>
109.16923000000052,0.0,14229,<entities.dtn.DTN object at 0x1180d1550>,<entities.processor.Processor object at 0x1180b7c10>
110.16923000000052,0.0,14229,<entities.dtn.DTN object at 0x1180d1550>,<entities.processor.Processor object at 0x1180b7c10>
111.16923000000052,0.0,14229,<entities.dtn.DTN object at 0x1180d1550>,<entities.processor.Processor object at 0x1180b7c10>
112.16923000000052,0.0,14229,<entities.dtn.DTN object at 0x1180d1550>,<entities.processor.Processor object at 0x1180b7c10>
113.16923000000052,0.0,14229,<entities.dtn.DTN object at 0x1180d1550>,<entities.processor.Processor object at 0x1180b7c10>
114.16923000000052,0.0,14229,<entities.dtn.DTN object at 0x1180d1550>,<entities.processor.Processor object at 0x1180b7c10>
115.16923000000052,0.0,14229,<entities.dtn.DTN object at 0x1180d1550>,<entities.processor.Processor object at 0x1180b7c10>
116.16923000000052,0.0,14229,<entities.dtn.DTN object at 0x1180d1550>,<entities.processor.Processor object at 0x1180b7c10>
117.16923000000052,0.0,14229,<entities.dtn.DTN object at 0x1180d1550>,<entities.processor.Processor object at 0x1180b7c10>
118.16923000000052,0.0,14229,<entities.dtn.DTN object at 0x1180d1550>,<entities.processor.Processor object at 0x1180b7c10>
119.16923000000052,0.0,14229,<entities.dtn.DTN object at 0x1180d1550>,<entities.processor.Processor object at 0x1180b7c10>
120.16923000000052,0.0,14229,<entities.dtn.DTN object at 0x1180d1550>,<entities.processor.Processor object at 0x1180b7c10>
121.16923000000052,0.0,14229,<entities.dtn.DTN object at 0x1180d1550>,<entities.processor.Processor object at 0x1180b7c10>
122.16923000000052,0.0,14229,<entities.dtn.DTN object at 0x1180d1550>,<entities.processor.Processor object at 0x1180b7c10>
123.16923000000052,0.0,14229,<entities.dtn.DTN object at 0x1180d1550>,<entities.processor.Processor object at 0x1180b7c10>
124.16923000000052,0.0,14229,<entities.dtn.DTN object at 0x1180d1550>,<entities.processor.Processor object at 0x1180b7c10>
125.16923000000052,0.0,14229,<entities.dtn.DTN object at 0x1180d1550>,<entities.processor.Processor object at 0x1180b7c10>
126.16923000000052,0.0,14229,<entities.dtn.DTN object at 0x1180d1550>,<entities.processor.Processor object at 0x1180b7c10>
127.16923000000052,0.0,14229,<entities.dtn.DTN object at 0x1180d1550>,<entities.processor.Processor object at 0x1180b7c10>
128.16923000000054,0.0,14229,<entities.dtn.DTN object at 0x1180d1550>,<entities.processor.Processor object at 0x1180b7c10>
129.16923000000054,0.0,14229,<entities.dtn.DTN object at 0x1180d1550>,<entities.processor.Processor object at 0x1180b7c10>
130.16923000000054,0.0,14229,<entities.dtn.DTN object at 0x1180d1550>,<entities.processor.Processor object at 0x1180b7c10>
131.16923000000054,0.0,14229,<entities.dtn.DTN object at 0x1180d1550>,<entities.processor.Processor object at 0x1180b7c10>
132.16923000000054,0.0,14229,<entities.dtn.DTN object at 0x1180d1550>,<entities.processor.Processor object at 0x1180b7c10>
133.16923000000054,0.0,14229,<entities.dtn.DTN object at 0x1180d1550>,<entities.processor.Processor object at 0x1180b7c10>
134.16923000000054,0.0,14229,<entities.dtn.DTN object at 0x1180d1550>,<entities.processor.Processor object at 0x1180b7c10>
135.16923000000054,0.0,14229,<entities.dtn.DTN object at 0x1180d1550>,<entities.processor.Processor object at 0x1180b7c10>
136.16923000000054,0.0,14229,<entities.dtn.DTN object at 0x1180d1550>,<entities.processor.Processor object at 0x1180b7c10>
137.16923000000054,0.0,14229,<entities.dtn.DTN object at 0x1180d1550>,<entities.processor.Processor object at 0x1180b7c10>
138.16923000000054,0.0,14229,<entities.dtn.DTN object at 0x1180d1550>,<entities.processor.Processor object at 0x1180b7c10>
139.16923000000054,0.0,14229,<entities.dtn.DTN object at 0x1180d1550>,<entities.processor.Processor object at 0x1180b7c10>
140.16923000000054,0.0,14229,<entities.dtn.DTN object at 0x1180d1550>,<entities.processor.Processor object at 0x1180b7c10>
141.16923000000054,0.0,14229,<entities.dtn.DTN object at 0x1180d1550>,<entities.processor.Processor object at 0x1180b7c10>
142.16923000000054,0.0,14229,<entities.dtn.DTN object at 0x1180d1550>,<entities.processor.Processor object at 0x1180b7c10>
143.16923000000054,0.0,14229,<entities.dtn.DTN object at 0x1180d1550>,<entities.processor.Processor object at 0x1180b7c10>
144.16923000000054,0.0,14229,<entities.dtn.DTN object at 0x1180d1550>,<entities.processor.Processor object at 0x1180b7c10>
145.16923000000054,0.0,14229,<entities.dtn.DTN object at 0x1180d1550>,<entities.processor.Processor object at 0x1180b7c10>
146.16923000000054,0.0,14229,<entities.dtn.DTN object at 0x1180d1550>,<entities.processor.Processor object at 0x1180b7c10>
147.16923000000054,0.0,14229,<entities.dtn.DTN object at 0x1180d1550>,<entities.processor.Processor object at 0x1180b7c10>
148.16923000000054,0.0,14229,<entities.dtn.DTN object at 0x1180d1550>,<entities.processor.Processor object at 0x1180b7c10>
149.16923000000054,0.0,14229,<entities.dtn.DTN object at 0x1180d1550>,<entities.processor.Processor object at 0x1180b7c10>
150.16923000000054,0.0,14229,<entities.dtn.DTN object at 0x1180d1550>,<entities.processor.Processor object at 0x1180b7c10>
151.16923000000054,0.0,14229,<entities.dtn.DTN object at 0x1180d1550>,<entities.processor.Processor object at 0x1180b7c10>
152.16923000000054,0.0,14229,<entities.dtn.DTN object at 0x1180d1550>,<entities.processor.Processor object at 0x1180b7c10>
153.16923000000054,0.0,14229,<entities.dtn.DTN object at 0x1180d1550>,<entities.processor.Processor object at 0x1180b7c10>
154.16923000000054,0.0,14229,<entities.dtn.DTN object at 0x1180d1550>,<entities.processor.Processor object at 0x1180b7c10>
155.16923000000054,0.0,14229,<entities.dtn.DTN object at 0x1180d1550>,<entities.processor.Processor object at 0x1180b7c10>
156.16923000000054,0.0,14229,<entities.dtn.DTN object at 0x1180d1550>,<entities.processor.Processor object at 0x1180b7c10>
157.16923000000054,0.0,14229,<entities.dtn.DTN object at 0x1180d1550>,<entities.processor.Processor object at 0x1180b7c10>
158.16923000000054,0.0,14229,<entities.dtn.DTN object at 0x1180d1550>,<entities.processor.Processor object at 0x1180b7c10>
159.16923000000054,0.0,14229,<entities.dtn.DTN object at 0x1180d1550>,<entities.processor.Processor object at 0x1180b7c10>
160.16923000000054,0.0,14229,<entities.dtn.DTN object at 0x1180d1550>,<entities.processor.Processor object at 0x1180b7c10>
161.16923000000054,0.0,14229,<entities.dtn.DTN object at 0x1180d1550>,<entities.processor.Processor object at 0x1180b7c10>
162.16923000000054,0.0,14229,<entities.dtn.DTN object at 0x1180d1550>,<entities.processor.Processor object at 0x1180b7c10>
163.16923000000054,0.0,14229,<entities.dtn.DTN object at 0x1180d1550>,<entities.processor.Processor object at 0x1180b7c10>
164.16923000000054,0.0,14229,<entities.dtn.DTN object at 0x1180d1550>,<entities.processor.Processor object at 0x1180b7c10>
165.16923000000054,0.0,14229,<entities.dtn.DTN object at 0x1180d1550>,<entities.processor.Processor object at 0x1180b7c10>
166.16923000000054,0.0,14229,<entities.dtn.DTN object at 0x1180d1550>,<entities.processor.Processor object at 0x1180b7c10>
167.16923000000054,0.0,14229,<entities.dtn.DTN object at 0x1180d1550>,<entities.processor.Processor object at 0x1180b7c10>
168.16923000000054,0.0,14229,<entities.dtn.DTN object at 0x1180d1550>,<entities.processor.Processor object at 0x1180b7c10>
169.16923000000054,0.0,14229,<entities.dtn.DTN object at 0x1180d1550>,<entities.processor.Processor object at 0x1180b7c10>
170.16923000000054,0.0,14229,<entities.dtn.DTN object at 0x1180d1550>,<entities.processor.Processor object at 0x1180b7c10>
171.16923000000054,0.0,14229,<entities.dtn.DTN object at 0x1180d1550>,<entities.processor.Processor object at 0x1180b7c10>
172.16923000000054,0.0,14229,<entities.dtn.DTN object at 0x1180d1550>,<entities.processor.Processor object at 0x1180b7c10>
173.16923000000054,0.0,14229,<entities.dtn.DTN object at 0x1180d1550>,<entities.processor.Processor object at 0x1180b7c10>
174.16923000000054,0.0,14229,<entities.dtn.DTN object at 0x1180d1550>,<entities.processor.Processor object at 0x1180b7c10>
175.16923000000054,0.0,14229,<entities.dtn.DTN object at 0x1180d1550>,<entities.processor.Processor object at 0x1180b7c10>
176.16923000000054,0.0,14229,<entities.dtn.DTN object at 0x1180d1550>,<entities.processor.Processor object at 0x1180b7c10>
177.16923000000054,0.0,14229,<entities.dtn.DTN object at 0x1180d1550>,<entities.processor.Processor object at 0x1180b7c10>
178.16923000000054,0.0,14229,<entities.dtn.DTN object at 0x1180d1550>,<entities.processor.Processor object at 0x1180b7c10>
179.16923000000054,0.0,14229,<entities.dtn.DTN object at 0x1180d1550>,<entities.processor.Processor object at 0x1180b7c10>
180.16923000000054,0.0,14229,<entities.dtn.DTN object at 0x1180d1550>,<entities.processor.Processor object at 0x1180b7c10>
181.16923000000054,0.0,14229,<entities.dtn.DTN object at 0x1180d1550>,<entities.processor.Processor object at 0x1180b7c10>
182.16923000000054,0.0,14229,<entities.dtn.DTN object at 0x1180d1550>,<entities.processor.Processor object at 0x1180b7c10>
183.16923000000054,0.0,14229,<entities.dtn.DTN object at 0x1180d1550>,<entities.processor.Processor object at 0x1180b7c10>
184.16923000000054,0.0,14229,<entities.dtn.DTN object at 0x1180d1550>,<entities.processor.Processor object at 0x1180b7c10>
185.16923000000054,0.0,14229,<entities.dtn.DTN object at 0x1180d1550>,<entities.processor.Processor object at 0x1180b7c10>
186.16923000000054,0.0,14229,<entities.dtn.DTN object at 0x1180d1550>,<entities.processor.Processor object at 0x1180b7c10>
187.16923000000054,0.0,14229,<entities.dtn.DTN object at 0x1180d1550>,<entities.processor.Processor object at 0x1180b7c10>
188.16923000000054,0.0,14229,<entities.dtn.DTN object at 0x1180d1550>,<entities.processor.Processor object at 0x1180b7c10>
189.16923000000054,0.0,14229,<entities.dtn.DTN object at 0x1180d1550>,<entities.processor.Processor object at 0x1180b7c10>
190.16923000000054,0.0,14229,<entities.dtn.DTN object at 0x1180d1550>,<entities.processor.Processor object at 0x1180b7c10>
191.16923000000054,0.0,14229,<entities.dtn.DTN object at 0x1180d1550>,<entities.processor.Processor object at 0x1180b7c10>
192.16923000000054,0.0,14229,<entities.dtn.DTN object at 0x1180d1550>,<entities.processor.Processor object at 0x1180b7c10>
193.16923000000054,0.0,14229,<entities.dtn.DTN object at 0x1180d1550>,<entities.processor.Processor object at 0x1180b7c10>
194.16923000000054,0.0,14229,<entities.dtn.DTN object at 0x1180d1550>,<entities.processor.Processor object at 0x1180b7c10>
195.16923000000054,0.0,14229,<entities.dtn.DTN object at 0x1180d1550>,<entities.processor.Processor object at 0x1180b7c10>
196.16923000000054,0.0,14229,<entities.dtn.DTN object at 0x1180d1550>,<entities.processor.Processor object at 0x1180b7c10>
197.16923000000054,0.0,14229,<entities.dtn.DTN object at 0x1180d1550>,<entities.processor.Processor object at 0x1180b7c10>
198.16923000000054,0.0,14229,<entities.dtn.DTN object at 0x1180d1550>,<entities.processor.Processor object at 0x1180b7c10>
199.16923000000054,0.0,14229,<entities.dtn.DTN object at 0x1180d1550>,<entities.processor.Processor object at 0x1180b7c10>
44.16936000000053,0.0,44003,<entities.dtn.DTN object at 0x1180d1550>,<entities.processor.Processor object at 0x1180b7ee0>
45.16936000000053,0.0,44003,<entities.dtn.DTN object at 0x1180d1550>,<entities.processor.Processor object at 0x1180b7ee0>
46.16936000000053,0.0,44003,<entities.dtn.DTN object at 0x1180d1550>,<entities.processor.Processor object at 0x1180b7ee0>
47.16936000000053,0.0,44003,<entities.dtn.DTN object at 0x1180d1550>,<entities.processor.Processor object at 0x1180b7ee0>
48.16936000000053,0.0,44003,<entities.dtn.DTN object at 0x1180d1550>,<entities.processor.Processor object at 0x1180b7ee0>
49.16936000000053,0.0,44003,<entities.dtn.DTN object at 0x1180d1550>,<entities.processor.Processor object at 0x1180b7ee0>
50.16936000000053,0.0,44003,<entities.dtn.DTN object at 0x1180d1550>,<entities.processor.Processor object at 0x1180b7ee0>
51.16936000000053,0.0,44003,<entities.dtn.DTN object at 0x1180d1550>,<entities.processor.Processor object at 0x1180b7ee0>
52.16936000000053,0.0,44003,<entities.dtn.DTN object at 0x1180d1550>,<entities.processor.Processor object at 0x1180b7ee0>
53.16936000000053,0.0,44003,<entities.dtn.DTN object at 0x1180d1550>,<entities.processor.Processor object at 0x1180b7ee0>
54.16936000000053,0.0,44003,<entities.dtn.DTN object at 0x1180d1550>,<entities.processor.Processor object at 0x1180b7ee0>
55.16936000000053,0.0,44003,<entities.dtn.DTN object at 0x1180d1550>,<entities.processor.Processor object at 0x1180b7ee0>
56.16936000000053,0.0,44003,<entities.dtn.DTN object at 0x1180d1550>,<entities.processor.Processor object at 0x1180b7ee0>
57.16936000000053,0.0,44003,<entities.dtn.DTN object at 0x1180d1550>,<entities.processor.Processor object at 0x1180b7ee0>
58.16936000000053,0.0,44003,<entities.dtn.DTN object at 0x1180d1550>,<entities.processor.Processor object at 0x1180b7ee0>
59.16936000000053,0.0,44003,<entities.dtn.DTN object at 0x1180d1550>,<entities.processor.Processor object at 0x1180b7ee0>
60.16936000000053,0.0,44003,<entities.dtn.DTN object at 0x1180d1550>,<entities.processor.Processor object at 0x1180b7ee0>
61.16936000000053,0.0,44003,<entities.dtn.DTN object at 0x1180d1550>,<entities.processor.Processor object at 0x1180b7ee0>
62.16936000000053,0.0,44003,<entities.dtn.DTN object at 0x1180d1550>,<entities.processor.Processor object at 0x1180b7ee0>
63.16936000000053,0.0,44003,<entities.dtn.DTN object at 0x1180d1550>,<entities.processor.Processor object at 0x1180b7ee0>
64.16936000000052,0.0,44003,<entities.dtn.DTN object at 0x1180d1550>,<entities.processor.Processor object at 0x1180b7ee0>
65.16936000000052,0.0,44003,<entities.dtn.DTN object at 0x1180d1550>,<entities.processor.Processor object at 0x1180b7ee0>
66.16936000000052,0.0,44003,<entities.dtn.DTN object at 0x1180d1550>,<entities.processor.Processor object at 0x1180b7ee0>
67.16936000000052,0.0,44003,<entities.dtn.DTN object at 0x1180d1550>,<entities.processor.Processor object at 0x1180b7ee0>
68.16936000000052,0.0,44003,<entities.dtn.DTN object at 0x1180d1550>,<entities.processor.Processor object at 0x1180b7ee0>
69.16936000000052,0.0,44003,<entities.dtn.DTN object at 0x1180d1550>,<entities.processor.Processor object at 0x1180b7ee0>
70.16936000000052,0.0,44003,<entities.dtn.DTN object at 0x1180d1550>,<entities.processor.Processor object at 0x1180b7ee0>
71.16936000000052,0.0,44003,<entities.dtn.DTN object at 0x1180d1550>,<entities.processor.Processor object at 0x1180b7ee0>
72.16936000000052,0.0,44003,<entities.dtn.DTN object at 0x1180d1550>,<entities.processor.Processor object at 0x1180b7ee0>
73.16936000000052,0.0,44003,<entities.dtn.DTN object at 0x1180d1550>,<entities.processor.Processor object at 0x1180b7ee0>
74.16936000000052,0.0,44003,<entities.dtn.DTN object at 0x1180d1550>,<entities.processor.Processor object at 0x1180b7ee0>
75.16936000000052,0.0,44003,<entities.dtn.DTN object at 0x1180d1550>,<entities.processor.Processor object at 0x1180b7ee0>
76.16936000000052,0.0,44003,<entities.dtn.DTN object at 0x1180d1550>,<entities.processor.Processor object at 0x1180b7ee0>
77.16936000000052,0.0,44003,<entities.dtn.DTN object at 0x1180d1550>,<entities.processor.Processor object at 0x1180b7ee0>
78.16936000000052,0.0,44003,<entities.dtn.DTN object at 0x1180d1550>,<entities.processor.Processor object at 0x1180b7ee0>
79.16936000000052,0.0,44003,<entities.dtn.DTN object at 0x1180d1550>,<entities.processor.Processor object at 0x1180b7ee0>
80.16936000000052,0.0,44003,<entities.dtn.DTN object at 0x1180d1550>,<entities.processor.Processor object at 0x1180b7ee0>
81.16936000000052,0.0,44003,<entities.dtn.DTN object at 0x1180d1550>,<entities.processor.Processor object at 0x1180b7ee0>
82.16936000000052,0.0,44003,<entities.dtn.DTN object at 0x1180d1550>,<entities.processor.Processor object at 0x1180b7ee0>
83.16936000000052,0.0,44003,<entities.dtn.DTN object at 0x1180d1550>,<entities.processor.Processor object at 0x1180b7ee0>
84.16936000000052,0.0,44003,<entities.dtn.DTN object at 0x1180d1550>,<entities.processor.Processor object at 0x1180b7ee0>
85.16936000000052,0.0,44003,<entities.dtn.DTN object at 0x1180d1550>,<entities.processor.Processor object at 0x1180b7ee0>
86.16936000000052,0.0,44003,<entities.dtn.DTN object at 0x1180d1550>,<entities.processor.Processor object at 0x1180b7ee0>
87.16936000000052,0.0,44003,<entities.dtn.DTN object at 0x1180d1550>,<entities.processor.Processor object at 0x1180b7ee0>
88.16936000000052,0.0,44003,<entities.dtn.DTN object at 0x1180d1550>,<entities.processor.Processor object at 0x1180b7ee0>
89.16936000000052,0.0,44003,<entities.dtn.DTN object at 0x1180d1550>,<entities.processor.Processor object at 0x1180b7ee0>
90.16936000000052,0.0,44003,<entities.dtn.DTN object at 0x1180d1550>,<entities.processor.Processor object at 0x1180b7ee0>
91.16936000000052,0.0,44003,<entities.dtn.DTN object at 0x1180d1550>,<entities.processor.Processor object at 0x1180b7ee0>
92.16936000000052,0.0,44003,<entities.dtn.DTN object at 0x1180d1550>,<entities.processor.Processor object at 0x1180b7ee0>
93.16936000000052,0.0,44003,<entities.dtn.DTN object at 0x1180d1550>,<entities.processor.Processor object at 0x1180b7ee0>
94.16936000000052,0.0,44003,<entities.dtn.DTN object at 0x1180d1550>,<entities.processor.Processor object at 0x1180b7ee0>
95.16936000000052,0.0,44003,<entities.dtn.DTN object at 0x1180d1550>,<entities.processor.Processor object at 0x1180b7ee0>
96.16936000000052,0.0,44003,<entities.dtn.DTN object at 0x1180d1550>,<entities.processor.Processor object at 0x1180b7ee0>
97.16936000000052,0.0,44003,<entities.dtn.DTN object at 0x1180d1550>,<entities.processor.Processor object at 0x1180b7ee0>
98.16936000000052,0.0,44003,<entities.dtn.DTN object at 0x1180d1550>,<entities.processor.Processor object at 0x1180b7ee0>
99.16936000000052,0.0,44003,<entities.dtn.DTN object at 0x1180d1550>,<entities.processor.Processor object at 0x1180b7ee0>
100.16936000000052,0.0,44003,<entities.dtn.DTN object at 0x1180d1550>,<entities.processor.Processor object at 0x1180b7ee0>
101.16936000000052,0.0,44003,<entities.dtn.DTN object at 0x1180d1550>,<entities.processor.Processor object at 0x1180b7ee0>
102.16936000000052,0.0,44003,<entities.dtn.DTN object at 0x1180d1550>,<entities.processor.Processor object at 0x1180b7ee0>
103.16936000000052,0.0,44003,<entities.dtn.DTN object at 0x1180d1550>,<entities.processor.Processor object at 0x1180b7ee0>
104.16936000000052,0.0,44003,<entities.dtn.DTN object at 0x1180d1550>,<entities.processor.Processor object at 0x1180b7ee0>
105.16936000000052,0.0,44003,<entities.dtn.DTN object at 0x1180d1550>,<entities.processor.Processor object at 0x1180b7ee0>
106.16936000000052,0.0,44003,<entities.dtn.DTN object at 0x1180d1550>,<entities.processor.Processor object at 0x1180b7ee0>
107.16936000000052,0.0,44003,<entities.dtn.DTN object at 0x1180d1550>,<entities.processor.Processor object at 0x1180b7ee0>
108.16936000000052,0.0,44003,<entities.dtn.DTN object at 0x1180d1550>,<entities.processor.Processor object at 0x1180b7ee0>
109.16936000000052,0.0,44003,<entities.dtn.DTN object at 0x1180d1550>,<entities.processor.Processor object at 0x1180b7ee0>
110.16936000000052,0.0,44003,<entities.dtn.DTN object at 0x1180d1550>,<entities.processor.Processor object at 0x1180b7ee0>
111.16936000000052,0.0,44003,<entities.dtn.DTN object at 0x1180d1550>,<entities.processor.Processor object at 0x1180b7ee0>
112.16936000000052,0.0,44003,<entities.dtn.DTN object at 0x1180d1550>,<entities.processor.Processor object at 0x1180b7ee0>
113.16936000000052,0.0,44003,<entities.dtn.DTN object at 0x1180d1550>,<entities.processor.Processor object at 0x1180b7ee0>
114.16936000000052,0.0,44003,<entities.dtn.DTN object at 0x1180d1550>,<entities.processor.Processor object at 0x1180b7ee0>
115.16936000000052,0.0,44003,<entities.dtn.DTN object at 0x1180d1550>,<entities.processor.Processor object at 0x1180b7ee0>
116.16936000000052,0.0,44003,<entities.dtn.DTN object at 0x1180d1550>,<entities.processor.Processor object at 0x1180b7ee0>
117.16936000000052,0.0,44003,<entities.dtn.DTN object at 0x1180d1550>,<entities.processor.Processor object at 0x1180b7ee0>
118.16936000000052,0.0,44003,<entities.dtn.DTN object at 0x1180d1550>,<entities.processor.Processor object at 0x1180b7ee0>
119.16936000000052,0.0,44003,<entities.dtn.DTN object at 0x1180d1550>,<entities.processor.Processor object at 0x1180b7ee0>
120.16936000000052,0.0,44003,<entities.dtn.DTN object at 0x1180d1550>,<entities.processor.Processor object at 0x1180b7ee0>
121.16936000000052,0.0,44003,<entities.dtn.DTN object at 0x1180d1550>,<entities.processor.Processor object at 0x1180b7ee0>
122.16936000000052,0.0,44003,<entities.dtn.DTN object at 0x1180d1550>,<entities.processor.Processor object at 0x1180b7ee0>
123.16936000000052,0.0,44003,<entities.dtn.DTN object at 0x1180d1550>,<entities.processor.Processor object at 0x1180b7ee0>
124.16936000000052,0.0,44003,<entities.dtn.DTN object at 0x1180d1550>,<entities.processor.Processor object at 0x1180b7ee0>
125.16936000000052,0.0,44003,<entities.dtn.DTN object at 0x1180d1550>,<entities.processor.Processor object at 0x1180b7ee0>
126.16936000000052,0.0,44003,<entities.dtn.DTN object at 0x1180d1550>,<entities.processor.Processor object at 0x1180b7ee0>
127.16936000000052,0.0,44003,<entities.dtn.DTN object at 0x1180d1550>,<entities.processor.Processor object at 0x1180b7ee0>
128.16936000000052,0.0,44003,<entities.dtn.DTN object at 0x1180d1550>,<entities.processor.Processor object at 0x1180b7ee0>
129.16936000000052,0.0,44003,<entities.dtn.DTN object at 0x1180d1550>,<entities.processor.Processor object at 0x1180b7ee0>
130.16936000000052,0.0,44003,<entities.dtn.DTN object at 0x1180d1550>,<entities.processor.Processor object at 0x1180b7ee0>
131.16936000000052,0.0,44003,<entities.dtn.DTN object at 0x1180d1550>,<entities.processor.Processor object at 0x1180b7ee0>
132.16936000000052,0.0,44003,<entities.dtn.DTN object at 0x1180d1550>,<entities.processor.Processor object at 0x1180b7ee0>
133.16936000000052,0.0,44003,<entities.dtn.DTN object at 0x1180d1550>,<entities.processor.Processor object at 0x1180b7ee0>
134.16936000000052,0.0,44003,<entities.dtn.DTN object at 0x1180d1550>,<entities.processor.Processor object at 0x1180b7ee0>
135.16936000000052,0.0,44003,<entities.dtn.DTN object at 0x1180d1550>,<entities.processor.Processor object at 0x1180b7ee0>
136.16936000000052,0.0,44003,<entities.dtn.DTN object at 0x1180d1550>,<entities.processor.Processor object at 0x1180b7ee0>
137.16936000000052,0.0,44003,<entities.dtn.DTN object at 0x1180d1550>,<entities.processor.Processor object at 0x1180b7ee0>
138.16936000000052,0.0,44003,<entities.dtn.DTN object at 0x1180d1550>,<entities.processor.Processor object at 0x1180b7ee0>
139.16936000000052,0.0,44003,<entities.dtn.DTN object at 0x1180d1550>,<entities.processor.Processor object at 0x1180b7ee0>
140.16936000000052,0.0,44003,<entities.dtn.DTN object at 0x1180d1550>,<entities.processor.Processor object at 0x1180b7ee0>
141.16936000000052,0.0,44003,<entities.dtn.DTN object at 0x1180d1550>,<entities.processor.Processor object at 0x1180b7ee0>
142.16936000000052,0.0,44003,<entities.dtn.DTN object at 0x1180d1550>,<entities.processor.Processor object at 0x1180b7ee0>
143.16936000000052,0.0,44003,<entities.dtn.DTN object at 0x1180d1550>,<entities.processor.Processor object at 0x1180b7ee0>
144.16936000000052,0.0,44003,<entities.dtn.DTN object at 0x1180d1550>,<entities.processor.Processor object at 0x1180b7ee0>
145.16936000000052,0.0,44003,<entities.dtn.DTN object at 0x1180d1550>,<entities.processor.Processor object at 0x1180b7ee0>
146.16936000000052,0.0,44003,<entities.dtn.DTN object at 0x1180d1550>,<entities.processor.Processor object at 0x1180b7ee0>
147.16936000000052,0.0,44003,<entities.dtn.DTN object at 0x1180d1550>,<entities.processor.Processor object at 0x1180b7ee0>
148.16936000000052,0.0,44003,<entities.dtn.DTN object at 0x1180d1550>,<entities.processor.Processor object at 0x1180b7ee0>
149.16936000000052,0.0,44003,<entities.dtn.DTN object at 0x1180d1550>,<entities.processor.Processor object at 0x1180b7ee0>
150.16936000000052,0.0,44003,<entities.dtn.DTN object at 0x1180d1550>,<entities.processor.Processor object at 0x1180b7ee0>
151.16936000000052,0.0,44003,<entities.dtn.DTN object at 0x1180d1550>,<entities.processor.Processor object at 0x1180b7ee0>
152.16936000000052,0.0,44003,<entities.dtn.DTN object at 0x1180d1550>,<entities.processor.Processor object at 0x1180b7ee0>
153.16936000000052,0.0,44003,<entities.dtn.DTN object at 0x1180d1550>,<entities.processor.Processor object at 0x1180b7ee0>
154.16936000000052,0.0,44003,<entities.dtn.DTN object at 0x1180d1550>,<entities.processor.Processor object at 0x1180b7ee0>
155.16936000000052,0.0,44003,<entities.dtn.DTN object at 0x1180d1550>,<entities.processor.Processor object at 0x1180b7ee0>
156.16936000000052,0.0,44003,<entities.dtn.DTN object at 0x1180d1550>,<entities.processor.Processor object at 0x1180b7ee0>
157.16936000000052,0.0,44003,<entities.dtn.DTN object at 0x1180d1550>,<entities.processor.Processor object at 0x1180b7ee0>
158.16936000000052,0.0,44003,<entities.dtn.DTN object at 0x1180d1550>,<entities.processor.Processor object at 0x1180b7ee0>
159.16936000000052,0.0,44003,<entities.dtn.DTN object at 0x1180d1550>,<entities.processor.Processor object at 0x1180b7ee0>
160.16936000000052,0.0,44003,<entities.dtn.DTN object at 0x1180d1550>,<entities.processor.Processor object at 0x1180b7ee0>
161.16936000000052,0.0,44003,<entities.dtn.DTN object at 0x1180d1550>,<entities.processor.Processor object at 0x1180b7ee0>
162.16936000000052,0.0,44003,<entities.dtn.DTN object at 0x1180d1550>,<entities.processor.Processor object at 0x1180b7ee0>
163.16936000000052,0.0,44003,<entities.dtn.DTN object at 0x1180d1550>,<entities.processor.Processor object at 0x1180b7ee0>
164.16936000000052,0.0,44003,<entities.dtn.DTN object at 0x1180d1550>,<entities.processor.Processor object at 0x1180b7ee0>
165.16936000000052,0.0,44003,<entities.dtn.DTN object at 0x1180d1550>,<entities.processor.Processor object at 0x1180b7ee0>
166.16936000000052,0.0,44003,<entities.dtn.DTN object at 0x1180d1550>,<entities.processor.Processor object at 0x1180b7ee0>
167.16936000000052,0.0,44003,<entities.dtn.DTN object at 0x1180d1550>,<entities.processor.Processor object at 0x1180b7ee0>
168.16936000000052,0.0,44003,<entities.dtn.DTN object at 0x1180d1550>,<entities.processor.Processor object at 0x1180b7ee0>
169.16936000000052,0.0,44003,<entities.dtn.DTN object at 0x1180d1550>,<entities.processor.Processor object at 0x1180b7ee0>
170.16936000000052,0.0,44003,<entities.dtn.DTN object at 0x1180d1550>,<entities.processor.Processor object at 0x1180b7ee0>
171.16936000000052,0.0,44003,<entities.dtn.DTN object at 0x1180d1550>,<entities.processor.Processor object at 0x1180b7ee0>
172.16936000000052,0.0,44003,<entities.dtn.DTN object at 0x1180d1550>,<entities.processor.Processor object at 0x1180b7ee0>
173.16936000000052,0.0,44003,<entities.dtn.DTN object at 0x1180d1550>,<entities.processor.Processor object at 0x1180b7ee0>
174.16936000000052,0.0,44003,<entities.dtn.DTN object at 0x1180d1550>,<entities.processor.Processor object at 0x1180b7ee0>
175.16936000000052,0.0,44003,<entities.dtn.DTN object at 0x1180d1550>,<entities.processor.Processor object at 0x1180b7ee0>
176.16936000000052,0.0,44003,<entities.dtn.DTN object at 0x1180d1550>,<entities.processor.Processor object at 0x1180b7ee0>
177.16936000000052,0.0,44003,<entities.dtn.DTN object at 0x1180d1550>,<entities.processor.Processor object at 0x1180b7ee0>
178.16936000000052,0.0,44003,<entities.dtn.DTN object at 0x1180d1550>,<entities.processor.Processor object at 0x1180b7ee0>
179.16936000000052,0.0,44003,<entities.dtn.DTN object at 0x1180d1550>,<entities.processor.Processor object at 0x1180b7ee0>
180.16936000000052,0.0,44003,<entities.dtn.DTN object at 0x1180d1550>,<entities.processor.Processor object at 0x1180b7ee0>
181.16936000000052,0.0,44003,<entities.dtn.DTN object at 0x1180d1550>,<entities.processor.Processor object at 0x1180b7ee0>
182.16936000000052,0.0,44003,<entities.dtn.DTN object at 0x1180d1550>,<entities.processor.Processor object at 0x1180b7ee0>
183.16936000000052,0.0,44003,<entities.dtn.DTN object at 0x1180d1550>,<entities.processor.Processor object at 0x1180b7ee0>
184.16936000000052,0.0,44003,<entities.dtn.DTN object at 0x1180d1550>,<entities.processor.Processor object at 0x1180b7ee0>
185.16936000000052,0.0,44003,<entities.dtn.DTN object at 0x1180d1550>,<entities.processor.Processor object at 0x1180b7ee0>
186.16936000000052,0.0,44003,<entities.dtn.DTN object at 0x1180d1550>,<entities.processor.Processor object at 0x1180b7ee0>
187.16936000000052,0.0,44003,<entities.dtn.DTN object at 0x1180d1550>,<entities.processor.Processor object at 0x1180b7ee0>
188.16936000000052,0.0,44003,<entities.dtn.DTN object at 0x1180d1550>,<entities.processor.Processor object at 0x1180b7ee0>
189.16936000000052,0.0,44003,<entities.dtn.DTN object at 0x1180d1550>,<entities.processor.Processor object at 0x1180b7ee0>
190.16936000000052,0.0,44003,<entities.dtn.DTN object at 0x1180d1550>,<entities.processor.Processor object at 0x1180b7ee0>
191.16936000000052,0.0,44003,<entities.dtn.DTN object at 0x1180d1550>,<entities.processor.Processor object at 0x1180b7ee0>
192.16936000000052,0.0,44003,<entities.dtn.DTN object at 0x1180d1550>,<entities.processor.Processor object at 0x1180b7ee0>
193.16936000000052,0.0,44003,<entities.dtn.DTN object at 0x1180d1550>,<entities.processor.Processor object at 0x1180b7ee0>
194.16936000000052,0.0,44003,<entities.dtn.DTN object at 0x1180d1550>,<entities.processor.Processor object at 0x1180b7ee0>
195.16936000000052,0.0,44003,<entities.dtn.DTN object at 0x1180d1550>,<entities.processor.Processor object at 0x1180b7ee0>
196.16936000000052,0.0,44003,<entities.dtn.DTN object at 0x1180d1550>,<entities.processor.Processor object at 0x1180b7ee0>
197.16936000000052,0.0,44003,<entities.dtn.DTN object at 0x1180d1550>,<entities.processor.Processor object at 0x1180b7ee0>
198.16936000000052,0.0,44003,<entities.dtn.DTN object at 0x1180d1550>,<entities.processor.Processor object at 0x1180b7ee0>
199.16936000000052,0.0,44003,<entities.dtn.DTN object at 0x1180d1550>,<entities.processor.Processor object at 0x1180b7ee0>
45.5,0.0,28097,<entities.processor.Processor object at 0x1180d1220>,<entities.dtn.DTN object at 0x1180d1550>
46.5,90.0,28097,<entities.processor.Processor object at 0x1180d1220>,<entities.dtn.DTN object at 0x1180d1550>
47.5,0.0,28097,<entities.processor.Processor object at 0x1180d1220>,<entities.dtn.DTN object at 0x1180d1550>
45.746330000000576,0.0,19570,<entities.dtn.DTN object at 0x1180d1550>,<entities.processor.Processor object at 0x1180b7c10>
46.746330000000576,0.0,19570,<entities.dtn.DTN object at 0x1180d1550>,<entities.processor.Processor object at 0x1180b7c10>
47.746330000000576,0.0,19570,<entities.dtn.DTN object at 0x1180d1550>,<entities.processor.Processor object at 0x1180b7c10>
48.746330000000576,0.0,19570,<entities.dtn.DTN object at 0x1180d1550>,<entities.processor.Processor object at 0x1180b7c10>
49.746330000000576,0.0,19570,<entities.dtn.DTN object at 0x1180d1550>,<entities.processor.Processor object at 0x1180b7c10>
50.746330000000576,0.0,19570,<entities.dtn.DTN object at 0x1180d1550>,<entities.processor.Processor object at 0x1180b7c10>
51.746330000000576,0.0,19570,<entities.dtn.DTN object at 0x1180d1550>,<entities.processor.Processor object at 0x1180b7c10>
52.746330000000576,0.0,19570,<entities.dtn.DTN object at 0x1180d1550>,<entities.processor.Processor object at 0x1180b7c10>
53.746330000000576,0.0,19570,<entities.dtn.DTN object at 0x1180d1550>,<entities.processor.Processor object at 0x1180b7c10>
54.746330000000576,0.0,19570,<entities.dtn.DTN object at 0x1180d1550>,<entities.processor.Processor object at 0x1180b7c10>
55.746330000000576,0.0,19570,<entities.dtn.DTN object at 0x1180d1550>,<entities.processor.Processor object at 0x1180b7c10>
56.746330000000576,0.0,19570,<entities.dtn.DTN object at 0x1180d1550>,<entities.processor.Processor object at 0x1180b7c10>
57.746330000000576,0.0,19570,<entities.dtn.DTN object at 0x1180d1550>,<entities.processor.Processor object at 0x1180b7c10>
58.746330000000576,0.0,19570,<entities.dtn.DTN object at 0x1180d1550>,<entities.processor.Processor object at 0x1180b7c10>
59.746330000000576,0.0,19570,<entities.dtn.DTN object at 0x1180d1550>,<entities.processor.Processor object at 0x1180b7c10>
60.746330000000576,0.0,19570,<entities.dtn.DTN object at 0x1180d1550>,<entities.processor.Processor object at 0x1180b7c10>
61.746330000000576,0.0,19570,<entities.dtn.DTN object at 0x1180d1550>,<entities.processor.Processor object at 0x1180b7c10>
62.746330000000576,0.0,19570,<entities.dtn.DTN object at 0x1180d1550>,<entities.processor.Processor object at 0x1180b7c10>
63.746330000000576,0.0,19570,<entities.dtn.DTN object at 0x1180d1550>,<entities.processor.Processor object at 0x1180b7c10>
64.74633000000057,0.0,19570,<entities.dtn.DTN object at 0x1180d1550>,<entities.processor.Processor object at 0x1180b7c10>
65.74633000000057,0.0,19570,<entities.dtn.DTN object at 0x1180d1550>,<entities.processor.Processor object at 0x1180b7c10>
66.74633000000057,0.0,19570,<entities.dtn.DTN object at 0x1180d1550>,<entities.processor.Processor object at 0x1180b7c10>
67.74633000000057,0.0,19570,<entities.dtn.DTN object at 0x1180d1550>,<entities.processor.Processor object at 0x1180b7c10>
68.74633000000057,0.0,19570,<entities.dtn.DTN object at 0x1180d1550>,<entities.processor.Processor object at 0x1180b7c10>
69.74633000000057,0.0,19570,<entities.dtn.DTN object at 0x1180d1550>,<entities.processor.Processor object at 0x1180b7c10>
70.74633000000057,0.0,19570,<entities.dtn.DTN object at 0x1180d1550>,<entities.processor.Processor object at 0x1180b7c10>
71.74633000000057,0.0,19570,<entities.dtn.DTN object at 0x1180d1550>,<entities.processor.Processor object at 0x1180b7c10>
72.74633000000057,0.0,19570,<entities.dtn.DTN object at 0x1180d1550>,<entities.processor.Processor object at 0x1180b7c10>
73.74633000000057,0.0,19570,<entities.dtn.DTN object at 0x1180d1550>,<entities.processor.Processor object at 0x1180b7c10>
74.74633000000057,0.0,19570,<entities.dtn.DTN object at 0x1180d1550>,<entities.processor.Processor object at 0x1180b7c10>
75.74633000000057,0.0,19570,<entities.dtn.DTN object at 0x1180d1550>,<entities.processor.Processor object at 0x1180b7c10>
76.74633000000057,0.0,19570,<entities.dtn.DTN object at 0x1180d1550>,<entities.processor.Processor object at 0x1180b7c10>
77.74633000000057,0.0,19570,<entities.dtn.DTN object at 0x1180d1550>,<entities.processor.Processor object at 0x1180b7c10>
78.74633000000057,0.0,19570,<entities.dtn.DTN object at 0x1180d1550>,<entities.processor.Processor object at 0x1180b7c10>
79.74633000000057,0.0,19570,<entities.dtn.DTN object at 0x1180d1550>,<entities.processor.Processor object at 0x1180b7c10>
80.74633000000057,0.0,19570,<entities.dtn.DTN object at 0x1180d1550>,<entities.processor.Processor object at 0x1180b7c10>
81.74633000000057,0.0,19570,<entities.dtn.DTN object at 0x1180d1550>,<entities.processor.Processor object at 0x1180b7c10>
82.74633000000057,0.0,19570,<entities.dtn.DTN object at 0x1180d1550>,<entities.processor.Processor object at 0x1180b7c10>
83.74633000000057,0.0,19570,<entities.dtn.DTN object at 0x1180d1550>,<entities.processor.Processor object at 0x1180b7c10>
84.74633000000057,0.0,19570,<entities.dtn.DTN object at 0x1180d1550>,<entities.processor.Processor object at 0x1180b7c10>
85.74633000000057,0.0,19570,<entities.dtn.DTN object at 0x1180d1550>,<entities.processor.Processor object at 0x1180b7c10>
86.74633000000057,0.0,19570,<entities.dtn.DTN object at 0x1180d1550>,<entities.processor.Processor object at 0x1180b7c10>
87.74633000000057,0.0,19570,<entities.dtn.DTN object at 0x1180d1550>,<entities.processor.Processor object at 0x1180b7c10>
88.74633000000057,0.0,19570,<entities.dtn.DTN object at 0x1180d1550>,<entities.processor.Processor object at 0x1180b7c10>
89.74633000000057,0.0,19570,<entities.dtn.DTN object at 0x1180d1550>,<entities.processor.Processor object at 0x1180b7c10>
90.74633000000057,0.0,19570,<entities.dtn.DTN object at 0x1180d1550>,<entities.processor.Processor object at 0x1180b7c10>
91.74633000000057,0.0,19570,<entities.dtn.DTN object at 0x1180d1550>,<entities.processor.Processor object at 0x1180b7c10>
92.74633000000057,0.0,19570,<entities.dtn.DTN object at 0x1180d1550>,<entities.processor.Processor object at 0x1180b7c10>
93.74633000000057,0.0,19570,<entities.dtn.DTN object at 0x1180d1550>,<entities.processor.Processor object at 0x1180b7c10>
94.74633000000057,0.0,19570,<entities.dtn.DTN object at 0x1180d1550>,<entities.processor.Processor object at 0x1180b7c10>
95.74633000000057,0.0,19570,<entities.dtn.DTN object at 0x1180d1550>,<entities.processor.Processor object at 0x1180b7c10>
96.74633000000057,0.0,19570,<entities.dtn.DTN object at 0x1180d1550>,<entities.processor.Processor object at 0x1180b7c10>
97.74633000000057,0.0,19570,<entities.dtn.DTN object at 0x1180d1550>,<entities.processor.Processor object at 0x1180b7c10>
98.74633000000057,0.0,19570,<entities.dtn.DTN object at 0x1180d1550>,<entities.processor.Processor object at 0x1180b7c10>
99.74633000000057,0.0,19570,<entities.dtn.DTN object at 0x1180d1550>,<entities.processor.Processor object at 0x1180b7c10>
100.74633000000057,0.0,19570,<entities.dtn.DTN object at 0x1180d1550>,<entities.processor.Processor object at 0x1180b7c10>
101.74633000000057,0.0,19570,<entities.dtn.DTN object at 0x1180d1550>,<entities.processor.Processor object at 0x1180b7c10>
102.74633000000057,0.0,19570,<entities.dtn.DTN object at 0x1180d1550>,<entities.processor.Processor object at 0x1180b7c10>
103.74633000000057,0.0,19570,<entities.dtn.DTN object at 0x1180d1550>,<entities.processor.Processor object at 0x1180b7c10>
104.74633000000057,0.0,19570,<entities.dtn.DTN object at 0x1180d1550>,<entities.processor.Processor object at 0x1180b7c10>
105.74633000000057,0.0,19570,<entities.dtn.DTN object at 0x1180d1550>,<entities.processor.Processor object at 0x1180b7c10>
106.74633000000057,0.0,19570,<entities.dtn.DTN object at 0x1180d1550>,<entities.processor.Processor object at 0x1180b7c10>
107.74633000000057,0.0,19570,<entities.dtn.DTN object at 0x1180d1550>,<entities.processor.Processor object at 0x1180b7c10>
108.74633000000057,0.0,19570,<entities.dtn.DTN object at 0x1180d1550>,<entities.processor.Processor object at 0x1180b7c10>
109.74633000000057,0.0,19570,<entities.dtn.DTN object at 0x1180d1550>,<entities.processor.Processor object at 0x1180b7c10>
110.74633000000057,0.0,19570,<entities.dtn.DTN object at 0x1180d1550>,<entities.processor.Processor object at 0x1180b7c10>
111.74633000000057,0.0,19570,<entities.dtn.DTN object at 0x1180d1550>,<entities.processor.Processor object at 0x1180b7c10>
112.74633000000057,0.0,19570,<entities.dtn.DTN object at 0x1180d1550>,<entities.processor.Processor object at 0x1180b7c10>
113.74633000000057,0.0,19570,<entities.dtn.DTN object at 0x1180d1550>,<entities.processor.Processor object at 0x1180b7c10>
114.74633000000057,0.0,19570,<entities.dtn.DTN object at 0x1180d1550>,<entities.processor.Processor object at 0x1180b7c10>
115.74633000000057,0.0,19570,<entities.dtn.DTN object at 0x1180d1550>,<entities.processor.Processor object at 0x1180b7c10>
116.74633000000057,0.0,19570,<entities.dtn.DTN object at 0x1180d1550>,<entities.processor.Processor object at 0x1180b7c10>
117.74633000000057,0.0,19570,<entities.dtn.DTN object at 0x1180d1550>,<entities.processor.Processor object at 0x1180b7c10>
118.74633000000057,0.0,19570,<entities.dtn.DTN object at 0x1180d1550>,<entities.processor.Processor object at 0x1180b7c10>
119.74633000000057,0.0,19570,<entities.dtn.DTN object at 0x1180d1550>,<entities.processor.Processor object at 0x1180b7c10>
120.74633000000057,0.0,19570,<entities.dtn.DTN object at 0x1180d1550>,<entities.processor.Processor object at 0x1180b7c10>
121.74633000000057,0.0,19570,<entities.dtn.DTN object at 0x1180d1550>,<entities.processor.Processor object at 0x1180b7c10>
122.74633000000057,0.0,19570,<entities.dtn.DTN object at 0x1180d1550>,<entities.processor.Processor object at 0x1180b7c10>
123.74633000000057,0.0,19570,<entities.dtn.DTN object at 0x1180d1550>,<entities.processor.Processor object at 0x1180b7c10>
124.74633000000057,0.0,19570,<entities.dtn.DTN object at 0x1180d1550>,<entities.processor.Processor object at 0x1180b7c10>
125.74633000000057,0.0,19570,<entities.dtn.DTN object at 0x1180d1550>,<entities.processor.Processor object at 0x1180b7c10>
126.74633000000057,0.0,19570,<entities.dtn.DTN object at 0x1180d1550>,<entities.processor.Processor object at 0x1180b7c10>
127.74633000000057,0.0,19570,<entities.dtn.DTN object at 0x1180d1550>,<entities.processor.Processor object at 0x1180b7c10>
128.74633000000057,0.0,19570,<entities.dtn.DTN object at 0x1180d1550>,<entities.processor.Processor object at 0x1180b7c10>
129.74633000000057,0.0,19570,<entities.dtn.DTN object at 0x1180d1550>,<entities.processor.Processor object at 0x1180b7c10>
130.74633000000057,0.0,19570,<entities.dtn.DTN object at 0x1180d1550>,<entities.processor.Processor object at 0x1180b7c10>
131.74633000000057,0.0,19570,<entities.dtn.DTN object at 0x1180d1550>,<entities.processor.Processor object at 0x1180b7c10>
132.74633000000057,0.0,19570,<entities.dtn.DTN object at 0x1180d1550>,<entities.processor.Processor object at 0x1180b7c10>
133.74633000000057,0.0,19570,<entities.dtn.DTN object at 0x1180d1550>,<entities.processor.Processor object at 0x1180b7c10>
134.74633000000057,0.0,19570,<entities.dtn.DTN object at 0x1180d1550>,<entities.processor.Processor object at 0x1180b7c10>
135.74633000000057,0.0,19570,<entities.dtn.DTN object at 0x1180d1550>,<entities.processor.Processor object at 0x1180b7c10>
136.74633000000057,0.0,19570,<entities.dtn.DTN object at 0x1180d1550>,<entities.processor.Processor object at 0x1180b7c10>
137.74633000000057,0.0,19570,<entities.dtn.DTN object at 0x1180d1550>,<entities.processor.Processor object at 0x1180b7c10>
138.74633000000057,0.0,19570,<entities.dtn.DTN object at 0x1180d1550>,<entities.processor.Processor object at 0x1180b7c10>
139.74633000000057,0.0,19570,<entities.dtn.DTN object at 0x1180d1550>,<entities.processor.Processor object at 0x1180b7c10>
140.74633000000057,0.0,19570,<entities.dtn.DTN object at 0x1180d1550>,<entities.processor.Processor object at 0x1180b7c10>
141.74633000000057,0.0,19570,<entities.dtn.DTN object at 0x1180d1550>,<entities.processor.Processor object at 0x1180b7c10>
142.74633000000057,0.0,19570,<entities.dtn.DTN object at 0x1180d1550>,<entities.processor.Processor object at 0x1180b7c10>
143.74633000000057,0.0,19570,<entities.dtn.DTN object at 0x1180d1550>,<entities.processor.Processor object at 0x1180b7c10>
144.74633000000057,0.0,19570,<entities.dtn.DTN object at 0x1180d1550>,<entities.processor.Processor object at 0x1180b7c10>
145.74633000000057,0.0,19570,<entities.dtn.DTN object at 0x1180d1550>,<entities.processor.Processor object at 0x1180b7c10>
146.74633000000057,0.0,19570,<entities.dtn.DTN object at 0x1180d1550>,<entities.processor.Processor object at 0x1180b7c10>
147.74633000000057,0.0,19570,<entities.dtn.DTN object at 0x1180d1550>,<entities.processor.Processor object at 0x1180b7c10>
148.74633000000057,0.0,19570,<entities.dtn.DTN object at 0x1180d1550>,<entities.processor.Processor object at 0x1180b7c10>
149.74633000000057,0.0,19570,<entities.dtn.DTN object at 0x1180d1550>,<entities.processor.Processor object at 0x1180b7c10>
150.74633000000057,0.0,19570,<entities.dtn.DTN object at 0x1180d1550>,<entities.processor.Processor object at 0x1180b7c10>
151.74633000000057,0.0,19570,<entities.dtn.DTN object at 0x1180d1550>,<entities.processor.Processor object at 0x1180b7c10>
152.74633000000057,0.0,19570,<entities.dtn.DTN object at 0x1180d1550>,<entities.processor.Processor object at 0x1180b7c10>
153.74633000000057,0.0,19570,<entities.dtn.DTN object at 0x1180d1550>,<entities.processor.Processor object at 0x1180b7c10>
154.74633000000057,0.0,19570,<entities.dtn.DTN object at 0x1180d1550>,<entities.processor.Processor object at 0x1180b7c10>
155.74633000000057,0.0,19570,<entities.dtn.DTN object at 0x1180d1550>,<entities.processor.Processor object at 0x1180b7c10>
156.74633000000057,0.0,19570,<entities.dtn.DTN object at 0x1180d1550>,<entities.processor.Processor object at 0x1180b7c10>
157.74633000000057,0.0,19570,<entities.dtn.DTN object at 0x1180d1550>,<entities.processor.Processor object at 0x1180b7c10>
158.74633000000057,0.0,19570,<entities.dtn.DTN object at 0x1180d1550>,<entities.processor.Processor object at 0x1180b7c10>
159.74633000000057,0.0,19570,<entities.dtn.DTN object at 0x1180d1550>,<entities.processor.Processor object at 0x1180b7c10>
160.74633000000057,0.0,19570,<entities.dtn.DTN object at 0x1180d1550>,<entities.processor.Processor object at 0x1180b7c10>
161.74633000000057,0.0,19570,<entities.dtn.DTN object at 0x1180d1550>,<entities.processor.Processor object at 0x1180b7c10>
162.74633000000057,0.0,19570,<entities.dtn.DTN object at 0x1180d1550>,<entities.processor.Processor object at 0x1180b7c10>
163.74633000000057,0.0,19570,<entities.dtn.DTN object at 0x1180d1550>,<entities.processor.Processor object at 0x1180b7c10>
164.74633000000057,0.0,19570,<entities.dtn.DTN object at 0x1180d1550>,<entities.processor.Processor object at 0x1180b7c10>
165.74633000000057,0.0,19570,<entities.dtn.DTN object at 0x1180d1550>,<entities.processor.Processor object at 0x1180b7c10>
166.74633000000057,0.0,19570,<entities.dtn.DTN object at 0x1180d1550>,<entities.processor.Processor object at 0x1180b7c10>
167.74633000000057,0.0,19570,<entities.dtn.DTN object at 0x1180d1550>,<entities.processor.Processor object at 0x1180b7c10>
168.74633000000057,0.0,19570,<entities.dtn.DTN object at 0x1180d1550>,<entities.processor.Processor object at 0x1180b7c10>
169.74633000000057,0.0,19570,<entities.dtn.DTN object at 0x1180d1550>,<entities.processor.Processor object at 0x1180b7c10>
170.74633000000057,0.0,19570,<entities.dtn.DTN object at 0x1180d1550>,<entities.processor.Processor object at 0x1180b7c10>
171.74633000000057,0.0,19570,<entities.dtn.DTN object at 0x1180d1550>,<entities.processor.Processor object at 0x1180b7c10>
172.74633000000057,0.0,19570,<entities.dtn.DTN object at 0x1180d1550>,<entities.processor.Processor object at 0x1180b7c10>
173.74633000000057,0.0,19570,<entities.dtn.DTN object at 0x1180d1550>,<entities.processor.Processor object at 0x1180b7c10>
174.74633000000057,0.0,19570,<entities.dtn.DTN object at 0x1180d1550>,<entities.processor.Processor object at 0x1180b7c10>
175.74633000000057,0.0,19570,<entities.dtn.DTN object at 0x1180d1550>,<entities.processor.Processor object at 0x1180b7c10>
176.74633000000057,0.0,19570,<entities.dtn.DTN object at 0x1180d1550>,<entities.processor.Processor object at 0x1180b7c10>
177.74633000000057,0.0,19570,<entities.dtn.DTN object at 0x1180d1550>,<entities.processor.Processor object at 0x1180b7c10>
178.74633000000057,0.0,19570,<entities.dtn.DTN object at 0x1180d1550>,<entities.processor.Processor object at 0x1180b7c10>
179.74633000000057,0.0,19570,<entities.dtn.DTN object at 0x1180d1550>,<entities.processor.Processor object at 0x1180b7c10>
180.74633000000057,0.0,19570,<entities.dtn.DTN object at 0x1180d1550>,<entities.processor.Processor object at 0x1180b7c10>
181.74633000000057,0.0,19570,<entities.dtn.DTN object at 0x1180d1550>,<entities.processor.Processor object at 0x1180b7c10>
182.74633000000057,0.0,19570,<entities.dtn.DTN object at 0x1180d1550>,<entities.processor.Processor object at 0x1180b7c10>
183.74633000000057,0.0,19570,<entities.dtn.DTN object at 0x1180d1550>,<entities.processor.Processor object at 0x1180b7c10>
184.74633000000057,0.0,19570,<entities.dtn.DTN object at 0x1180d1550>,<entities.processor.Processor object at 0x1180b7c10>
185.74633000000057,0.0,19570,<entities.dtn.DTN object at 0x1180d1550>,<entities.processor.Processor object at 0x1180b7c10>
186.74633000000057,0.0,19570,<entities.dtn.DTN object at 0x1180d1550>,<entities.processor.Processor object at 0x1180b7c10>
187.74633000000057,0.0,19570,<entities.dtn.DTN object at 0x1180d1550>,<entities.processor.Processor object at 0x1180b7c10>
188.74633000000057,0.0,19570,<entities.dtn.DTN object at 0x1180d1550>,<entities.processor.Processor object at 0x1180b7c10>
189.74633000000057,0.0,19570,<entities.dtn.DTN object at 0x1180d1550>,<entities.processor.Processor object at 0x1180b7c10>
190.74633000000057,0.0,19570,<entities.dtn.DTN object at 0x1180d1550>,<entities.processor.Processor object at 0x1180b7c10>
191.74633000000057,0.0,19570,<entities.dtn.DTN object at 0x1180d1550>,<entities.processor.Processor object at 0x1180b7c10>
192.74633000000057,0.0,19570,<entities.dtn.DTN object at 0x1180d1550>,<entities.processor.Processor object at 0x1180b7c10>
193.74633000000057,0.0,19570,<entities.dtn.DTN object at 0x1180d1550>,<entities.processor.Processor object at 0x1180b7c10>
194.74633000000057,0.0,19570,<entities.dtn.DTN object at 0x1180d1550>,<entities.processor.Processor object at 0x1180b7c10>
195.74633000000057,0.0,19570,<entities.dtn.DTN object at 0x1180d1550>,<entities.processor.Processor object at 0x1180b7c10>
196.74633000000057,0.0,19570,<entities.dtn.DTN object at 0x1180d1550>,<entities.processor.Processor object at 0x1180b7c10>
197.74633000000057,0.0,19570,<entities.dtn.DTN object at 0x1180d1550>,<entities.processor.Processor object at 0x1180b7c10>
198.74633000000057,0.0,19570,<entities.dtn.DTN object at 0x1180d1550>,<entities.processor.Processor object at 0x1180b7c10>
199.74633000000057,0.0,19570,<entities.dtn.DTN object at 0x1180d1550>,<entities.processor.Processor object at 0x1180b7c10>
45.74646000000058,0.0,95716,<entities.dtn.DTN object at 0x1180d1550>,<entities.processor.Processor object at 0x1180b7ee0>
46.74646000000058,0.0,95716,<entities.dtn.DTN object at 0x1180d1550>,<entities.processor.Processor object at 0x1180b7ee0>
47.74646000000058,0.0,95716,<entities.dtn.DTN object at 0x1180d1550>,<entities.processor.Processor object at 0x1180b7ee0>
48.74646000000058,0.0,95716,<entities.dtn.DTN object at 0x1180d1550>,<entities.processor.Processor object at 0x1180b7ee0>
49.74646000000058,0.0,95716,<entities.dtn.DTN object at 0x1180d1550>,<entities.processor.Processor object at 0x1180b7ee0>
50.74646000000058,0.0,95716,<entities.dtn.DTN object at 0x1180d1550>,<entities.processor.Processor object at 0x1180b7ee0>
51.74646000000058,0.0,95716,<entities.dtn.DTN object at 0x1180d1550>,<entities.processor.Processor object at 0x1180b7ee0>
52.74646000000058,0.0,95716,<entities.dtn.DTN object at 0x1180d1550>,<entities.processor.Processor object at 0x1180b7ee0>
53.74646000000058,0.0,95716,<entities.dtn.DTN object at 0x1180d1550>,<entities.processor.Processor object at 0x1180b7ee0>
54.74646000000058,0.0,95716,<entities.dtn.DTN object at 0x1180d1550>,<entities.processor.Processor object at 0x1180b7ee0>
55.74646000000058,0.0,95716,<entities.dtn.DTN object at 0x1180d1550>,<entities.processor.Processor object at 0x1180b7ee0>
56.74646000000058,0.0,95716,<entities.dtn.DTN object at 0x1180d1550>,<entities.processor.Processor object at 0x1180b7ee0>
57.74646000000058,0.0,95716,<entities.dtn.DTN object at 0x1180d1550>,<entities.processor.Processor object at 0x1180b7ee0>
58.74646000000058,0.0,95716,<entities.dtn.DTN object at 0x1180d1550>,<entities.processor.Processor object at 0x1180b7ee0>
59.74646000000058,0.0,95716,<entities.dtn.DTN object at 0x1180d1550>,<entities.processor.Processor object at 0x1180b7ee0>
60.74646000000058,0.0,95716,<entities.dtn.DTN object at 0x1180d1550>,<entities.processor.Processor object at 0x1180b7ee0>
61.74646000000058,0.0,95716,<entities.dtn.DTN object at 0x1180d1550>,<entities.processor.Processor object at 0x1180b7ee0>
62.74646000000058,0.0,95716,<entities.dtn.DTN object at 0x1180d1550>,<entities.processor.Processor object at 0x1180b7ee0>
63.74646000000058,0.0,95716,<entities.dtn.DTN object at 0x1180d1550>,<entities.processor.Processor object at 0x1180b7ee0>
64.74646000000058,0.0,95716,<entities.dtn.DTN object at 0x1180d1550>,<entities.processor.Processor object at 0x1180b7ee0>
65.74646000000058,0.0,95716,<entities.dtn.DTN object at 0x1180d1550>,<entities.processor.Processor object at 0x1180b7ee0>
66.74646000000058,0.0,95716,<entities.dtn.DTN object at 0x1180d1550>,<entities.processor.Processor object at 0x1180b7ee0>
67.74646000000058,0.0,95716,<entities.dtn.DTN object at 0x1180d1550>,<entities.processor.Processor object at 0x1180b7ee0>
68.74646000000058,0.0,95716,<entities.dtn.DTN object at 0x1180d1550>,<entities.processor.Processor object at 0x1180b7ee0>
69.74646000000058,0.0,95716,<entities.dtn.DTN object at 0x1180d1550>,<entities.processor.Processor object at 0x1180b7ee0>
70.74646000000058,0.0,95716,<entities.dtn.DTN object at 0x1180d1550>,<entities.processor.Processor object at 0x1180b7ee0>
71.74646000000058,0.0,95716,<entities.dtn.DTN object at 0x1180d1550>,<entities.processor.Processor object at 0x1180b7ee0>
72.74646000000058,0.0,95716,<entities.dtn.DTN object at 0x1180d1550>,<entities.processor.Processor object at 0x1180b7ee0>
73.74646000000058,0.0,95716,<entities.dtn.DTN object at 0x1180d1550>,<entities.processor.Processor object at 0x1180b7ee0>
74.74646000000058,0.0,95716,<entities.dtn.DTN object at 0x1180d1550>,<entities.processor.Processor object at 0x1180b7ee0>
75.74646000000058,0.0,95716,<entities.dtn.DTN object at 0x1180d1550>,<entities.processor.Processor object at 0x1180b7ee0>
76.74646000000058,0.0,95716,<entities.dtn.DTN object at 0x1180d1550>,<entities.processor.Processor object at 0x1180b7ee0>
77.74646000000058,0.0,95716,<entities.dtn.DTN object at 0x1180d1550>,<entities.processor.Processor object at 0x1180b7ee0>
78.74646000000058,0.0,95716,<entities.dtn.DTN object at 0x1180d1550>,<entities.processor.Processor object at 0x1180b7ee0>
79.74646000000058,0.0,95716,<entities.dtn.DTN object at 0x1180d1550>,<entities.processor.Processor object at 0x1180b7ee0>
80.74646000000058,0.0,95716,<entities.dtn.DTN object at 0x1180d1550>,<entities.processor.Processor object at 0x1180b7ee0>
81.74646000000058,0.0,95716,<entities.dtn.DTN object at 0x1180d1550>,<entities.processor.Processor object at 0x1180b7ee0>
82.74646000000058,0.0,95716,<entities.dtn.DTN object at 0x1180d1550>,<entities.processor.Processor object at 0x1180b7ee0>
83.74646000000058,0.0,95716,<entities.dtn.DTN object at 0x1180d1550>,<entities.processor.Processor object at 0x1180b7ee0>
84.74646000000058,0.0,95716,<entities.dtn.DTN object at 0x1180d1550>,<entities.processor.Processor object at 0x1180b7ee0>
85.74646000000058,0.0,95716,<entities.dtn.DTN object at 0x1180d1550>,<entities.processor.Processor object at 0x1180b7ee0>
86.74646000000058,0.0,95716,<entities.dtn.DTN object at 0x1180d1550>,<entities.processor.Processor object at 0x1180b7ee0>
87.74646000000058,0.0,95716,<entities.dtn.DTN object at 0x1180d1550>,<entities.processor.Processor object at 0x1180b7ee0>
88.74646000000058,0.0,95716,<entities.dtn.DTN object at 0x1180d1550>,<entities.processor.Processor object at 0x1180b7ee0>
89.74646000000058,0.0,95716,<entities.dtn.DTN object at 0x1180d1550>,<entities.processor.Processor object at 0x1180b7ee0>
90.74646000000058,0.0,95716,<entities.dtn.DTN object at 0x1180d1550>,<entities.processor.Processor object at 0x1180b7ee0>
91.74646000000058,0.0,95716,<entities.dtn.DTN object at 0x1180d1550>,<entities.processor.Processor object at 0x1180b7ee0>
92.74646000000058,0.0,95716,<entities.dtn.DTN object at 0x1180d1550>,<entities.processor.Processor object at 0x1180b7ee0>
93.74646000000058,0.0,95716,<entities.dtn.DTN object at 0x1180d1550>,<entities.processor.Processor object at 0x1180b7ee0>
94.74646000000058,0.0,95716,<entities.dtn.DTN object at 0x1180d1550>,<entities.processor.Processor object at 0x1180b7ee0>
95.74646000000058,0.0,95716,<entities.dtn.DTN object at 0x1180d1550>,<entities.processor.Processor object at 0x1180b7ee0>
96.74646000000058,0.0,95716,<entities.dtn.DTN object at 0x1180d1550>,<entities.processor.Processor object at 0x1180b7ee0>
97.74646000000058,0.0,95716,<entities.dtn.DTN object at 0x1180d1550>,<entities.processor.Processor object at 0x1180b7ee0>
98.74646000000058,0.0,95716,<entities.dtn.DTN object at 0x1180d1550>,<entities.processor.Processor object at 0x1180b7ee0>
99.74646000000058,0.0,95716,<entities.dtn.DTN object at 0x1180d1550>,<entities.processor.Processor object at 0x1180b7ee0>
100.74646000000058,0.0,95716,<entities.dtn.DTN object at 0x1180d1550>,<entities.processor.Processor object at 0x1180b7ee0>
101.74646000000058,0.0,95716,<entities.dtn.DTN object at 0x1180d1550>,<entities.processor.Processor object at 0x1180b7ee0>
102.74646000000058,0.0,95716,<entities.dtn.DTN object at 0x1180d1550>,<entities.processor.Processor object at 0x1180b7ee0>
103.74646000000058,0.0,95716,<entities.dtn.DTN object at 0x1180d1550>,<entities.processor.Processor object at 0x1180b7ee0>
104.74646000000058,0.0,95716,<entities.dtn.DTN object at 0x1180d1550>,<entities.processor.Processor object at 0x1180b7ee0>
105.74646000000058,0.0,95716,<entities.dtn.DTN object at 0x1180d1550>,<entities.processor.Processor object at 0x1180b7ee0>
106.74646000000058,0.0,95716,<entities.dtn.DTN object at 0x1180d1550>,<entities.processor.Processor object at 0x1180b7ee0>
107.74646000000058,0.0,95716,<entities.dtn.DTN object at 0x1180d1550>,<entities.processor.Processor object at 0x1180b7ee0>
108.74646000000058,0.0,95716,<entities.dtn.DTN object at 0x1180d1550>,<entities.processor.Processor object at 0x1180b7ee0>
109.74646000000058,0.0,95716,<entities.dtn.DTN object at 0x1180d1550>,<entities.processor.Processor object at 0x1180b7ee0>
110.74646000000058,0.0,95716,<entities.dtn.DTN object at 0x1180d1550>,<entities.processor.Processor object at 0x1180b7ee0>
111.74646000000058,0.0,95716,<entities.dtn.DTN object at 0x1180d1550>,<entities.processor.Processor object at 0x1180b7ee0>
112.74646000000058,0.0,95716,<entities.dtn.DTN object at 0x1180d1550>,<entities.processor.Processor object at 0x1180b7ee0>
113.74646000000058,0.0,95716,<entities.dtn.DTN object at 0x1180d1550>,<entities.processor.Processor object at 0x1180b7ee0>
114.74646000000058,0.0,95716,<entities.dtn.DTN object at 0x1180d1550>,<entities.processor.Processor object at 0x1180b7ee0>
115.74646000000058,0.0,95716,<entities.dtn.DTN object at 0x1180d1550>,<entities.processor.Processor object at 0x1180b7ee0>
116.74646000000058,0.0,95716,<entities.dtn.DTN object at 0x1180d1550>,<entities.processor.Processor object at 0x1180b7ee0>
117.74646000000058,0.0,95716,<entities.dtn.DTN object at 0x1180d1550>,<entities.processor.Processor object at 0x1180b7ee0>
118.74646000000058,0.0,95716,<entities.dtn.DTN object at 0x1180d1550>,<entities.processor.Processor object at 0x1180b7ee0>
119.74646000000058,0.0,95716,<entities.dtn.DTN object at 0x1180d1550>,<entities.processor.Processor object at 0x1180b7ee0>
120.74646000000058,0.0,95716,<entities.dtn.DTN object at 0x1180d1550>,<entities.processor.Processor object at 0x1180b7ee0>
121.74646000000058,0.0,95716,<entities.dtn.DTN object at 0x1180d1550>,<entities.processor.Processor object at 0x1180b7ee0>
122.74646000000058,0.0,95716,<entities.dtn.DTN object at 0x1180d1550>,<entities.processor.Processor object at 0x1180b7ee0>
123.74646000000058,0.0,95716,<entities.dtn.DTN object at 0x1180d1550>,<entities.processor.Processor object at 0x1180b7ee0>
124.74646000000058,0.0,95716,<entities.dtn.DTN object at 0x1180d1550>,<entities.processor.Processor object at 0x1180b7ee0>
125.74646000000058,0.0,95716,<entities.dtn.DTN object at 0x1180d1550>,<entities.processor.Processor object at 0x1180b7ee0>
126.74646000000058,0.0,95716,<entities.dtn.DTN object at 0x1180d1550>,<entities.processor.Processor object at 0x1180b7ee0>
127.74646000000058,0.0,95716,<entities.dtn.DTN object at 0x1180d1550>,<entities.processor.Processor object at 0x1180b7ee0>
128.74646000000058,0.0,95716,<entities.dtn.DTN object at 0x1180d1550>,<entities.processor.Processor object at 0x1180b7ee0>
129.74646000000058,0.0,95716,<entities.dtn.DTN object at 0x1180d1550>,<entities.processor.Processor object at 0x1180b7ee0>
130.74646000000058,0.0,95716,<entities.dtn.DTN object at 0x1180d1550>,<entities.processor.Processor object at 0x1180b7ee0>
131.74646000000058,0.0,95716,<entities.dtn.DTN object at 0x1180d1550>,<entities.processor.Processor object at 0x1180b7ee0>
132.74646000000058,0.0,95716,<entities.dtn.DTN object at 0x1180d1550>,<entities.processor.Processor object at 0x1180b7ee0>
133.74646000000058,0.0,95716,<entities.dtn.DTN object at 0x1180d1550>,<entities.processor.Processor object at 0x1180b7ee0>
134.74646000000058,0.0,95716,<entities.dtn.DTN object at 0x1180d1550>,<entities.processor.Processor object at 0x1180b7ee0>
135.74646000000058,0.0,95716,<entities.dtn.DTN object at 0x1180d1550>,<entities.processor.Processor object at 0x1180b7ee0>
136.74646000000058,0.0,95716,<entities.dtn.DTN object at 0x1180d1550>,<entities.processor.Processor object at 0x1180b7ee0>
137.74646000000058,0.0,95716,<entities.dtn.DTN object at 0x1180d1550>,<entities.processor.Processor object at 0x1180b7ee0>
138.74646000000058,0.0,95716,<entities.dtn.DTN object at 0x1180d1550>,<entities.processor.Processor object at 0x1180b7ee0>
139.74646000000058,0.0,95716,<entities.dtn.DTN object at 0x1180d1550>,<entities.processor.Processor object at 0x1180b7ee0>
140.74646000000058,0.0,95716,<entities.dtn.DTN object at 0x1180d1550>,<entities.processor.Processor object at 0x1180b7ee0>
141.74646000000058,0.0,95716,<entities.dtn.DTN object at 0x1180d1550>,<entities.processor.Processor object at 0x1180b7ee0>
142.74646000000058,0.0,95716,<entities.dtn.DTN object at 0x1180d1550>,<entities.processor.Processor object at 0x1180b7ee0>
143.74646000000058,0.0,95716,<entities.dtn.DTN object at 0x1180d1550>,<entities.processor.Processor object at 0x1180b7ee0>
144.74646000000058,0.0,95716,<entities.dtn.DTN object at 0x1180d1550>,<entities.processor.Processor object at 0x1180b7ee0>
145.74646000000058,0.0,95716,<entities.dtn.DTN object at 0x1180d1550>,<entities.processor.Processor object at 0x1180b7ee0>
146.74646000000058,0.0,95716,<entities.dtn.DTN object at 0x1180d1550>,<entities.processor.Processor object at 0x1180b7ee0>
147.74646000000058,0.0,95716,<entities.dtn.DTN object at 0x1180d1550>,<entities.processor.Processor object at 0x1180b7ee0>
148.74646000000058,0.0,95716,<entities.dtn.DTN object at 0x1180d1550>,<entities.processor.Processor object at 0x1180b7ee0>
149.74646000000058,0.0,95716,<entities.dtn.DTN object at 0x1180d1550>,<entities.processor.Processor object at 0x1180b7ee0>
150.74646000000058,0.0,95716,<entities.dtn.DTN object at 0x1180d1550>,<entities.processor.Processor object at 0x1180b7ee0>
151.74646000000058,0.0,95716,<entities.dtn.DTN object at 0x1180d1550>,<entities.processor.Processor object at 0x1180b7ee0>
152.74646000000058,0.0,95716,<entities.dtn.DTN object at 0x1180d1550>,<entities.processor.Processor object at 0x1180b7ee0>
153.74646000000058,0.0,95716,<entities.dtn.DTN object at 0x1180d1550>,<entities.processor.Processor object at 0x1180b7ee0>
154.74646000000058,0.0,95716,<entities.dtn.DTN object at 0x1180d1550>,<entities.processor.Processor object at 0x1180b7ee0>
155.74646000000058,0.0,95716,<entities.dtn.DTN object at 0x1180d1550>,<entities.processor.Processor object at 0x1180b7ee0>
156.74646000000058,0.0,95716,<entities.dtn.DTN object at 0x1180d1550>,<entities.processor.Processor object at 0x1180b7ee0>
157.74646000000058,0.0,95716,<entities.dtn.DTN object at 0x1180d1550>,<entities.processor.Processor object at 0x1180b7ee0>
158.74646000000058,0.0,95716,<entities.dtn.DTN object at 0x1180d1550>,<entities.processor.Processor object at 0x1180b7ee0>
159.74646000000058,0.0,95716,<entities.dtn.DTN object at 0x1180d1550>,<entities.processor.Processor object at 0x1180b7ee0>
160.74646000000058,0.0,95716,<entities.dtn.DTN object at 0x1180d1550>,<entities.processor.Processor object at 0x1180b7ee0>
161.74646000000058,0.0,95716,<entities.dtn.DTN object at 0x1180d1550>,<entities.processor.Processor object at 0x1180b7ee0>
162.74646000000058,0.0,95716,<entities.dtn.DTN object at 0x1180d1550>,<entities.processor.Processor object at 0x1180b7ee0>
163.74646000000058,0.0,95716,<entities.dtn.DTN object at 0x1180d1550>,<entities.processor.Processor object at 0x1180b7ee0>
164.74646000000058,0.0,95716,<entities.dtn.DTN object at 0x1180d1550>,<entities.processor.Processor object at 0x1180b7ee0>
165.74646000000058,0.0,95716,<entities.dtn.DTN object at 0x1180d1550>,<entities.processor.Processor object at 0x1180b7ee0>
166.74646000000058,0.0,95716,<entities.dtn.DTN object at 0x1180d1550>,<entities.processor.Processor object at 0x1180b7ee0>
167.74646000000058,0.0,95716,<entities.dtn.DTN object at 0x1180d1550>,<entities.processor.Processor object at 0x1180b7ee0>
168.74646000000058,0.0,95716,<entities.dtn.DTN object at 0x1180d1550>,<entities.processor.Processor object at 0x1180b7ee0>
169.74646000000058,0.0,95716,<entities.dtn.DTN object at 0x1180d1550>,<entities.processor.Processor object at 0x1180b7ee0>
170.74646000000058,0.0,95716,<entities.dtn.DTN object at 0x1180d1550>,<entities.processor.Processor object at 0x1180b7ee0>
171.74646000000058,0.0,95716,<entities.dtn.DTN object at 0x1180d1550>,<entities.processor.Processor object at 0x1180b7ee0>
172.74646000000058,0.0,95716,<entities.dtn.DTN object at 0x1180d1550>,<entities.processor.Processor object at 0x1180b7ee0>
173.74646000000058,0.0,95716,<entities.dtn.DTN object at 0x1180d1550>,<entities.processor.Processor object at 0x1180b7ee0>
174.74646000000058,0.0,95716,<entities.dtn.DTN object at 0x1180d1550>,<entities.processor.Processor object at 0x1180b7ee0>
175.74646000000058,0.0,95716,<entities.dtn.DTN object at 0x1180d1550>,<entities.processor.Processor object at 0x1180b7ee0>
176.74646000000058,0.0,95716,<entities.dtn.DTN object at 0x1180d1550>,<entities.processor.Processor object at 0x1180b7ee0>
177.74646000000058,0.0,95716,<entities.dtn.DTN object at 0x1180d1550>,<entities.processor.Processor object at 0x1180b7ee0>
178.74646000000058,0.0,95716,<entities.dtn.DTN object at 0x1180d1550>,<entities.processor.Processor object at 0x1180b7ee0>
179.74646000000058,0.0,95716,<entities.dtn.DTN object at 0x1180d1550>,<entities.processor.Processor object at 0x1180b7ee0>
180.74646000000058,0.0,95716,<entities.dtn.DTN object at 0x1180d1550>,<entities.processor.Processor object at 0x1180b7ee0>
181.74646000000058,0.0,95716,<entities.dtn.DTN object at 0x1180d1550>,<entities.processor.Processor object at 0x1180b7ee0>
182.74646000000058,0.0,95716,<entities.dtn.DTN object at 0x1180d1550>,<entities.processor.Processor object at 0x1180b7ee0>
183.74646000000058,0.0,95716,<entities.dtn.DTN object at 0x1180d1550>,<entities.processor.Processor object at 0x1180b7ee0>
184.74646000000058,0.0,95716,<entities.dtn.DTN object at 0x1180d1550>,<entities.processor.Processor object at 0x1180b7ee0>
185.74646000000058,0.0,95716,<entities.dtn.DTN object at 0x1180d1550>,<entities.processor.Processor object at 0x1180b7ee0>
186.74646000000058,0.0,95716,<entities.dtn.DTN object at 0x1180d1550>,<entities.processor.Processor object at 0x1180b7ee0>
187.74646000000058,0.0,95716,<entities.dtn.DTN object at 0x1180d1550>,<entities.processor.Processor object at 0x1180b7ee0>
188.74646000000058,0.0,95716,<entities.dtn.DTN object at 0x1180d1550>,<entities.processor.Processor object at 0x1180b7ee0>
189.74646000000058,0.0,95716,<entities.dtn.DTN object at 0x1180d1550>,<entities.processor.Processor object at 0x1180b7ee0>
190.74646000000058,0.0,95716,<entities.dtn.DTN object at 0x1180d1550>,<entities.processor.Processor object at 0x1180b7ee0>
191.74646000000058,0.0,95716,<entities.dtn.DTN object at 0x1180d1550>,<entities.processor.Processor object at 0x1180b7ee0>
192.74646000000058,0.0,95716,<entities.dtn.DTN object at 0x1180d1550>,<entities.processor.Processor object at 0x1180b7ee0>
193.74646000000058,0.0,95716,<entities.dtn.DTN object at 0x1180d1550>,<entities.processor.Processor object at 0x1180b7ee0>
194.74646000000058,0.0,95716,<entities.dtn.DTN object at 0x1180d1550>,<entities.processor.Processor object at 0x1180b7ee0>
195.74646000000058,0.0,95716,<entities.dtn.DTN object at 0x1180d1550>,<entities.processor.Processor object at 0x1180b7ee0>
196.74646000000058,0.0,95716,<entities.dtn.DTN object at 0x1180d1550>,<entities.processor.Processor object at 0x1180b7ee0>
197.74646000000058,0.0,95716,<entities.dtn.DTN object at 0x1180d1550>,<entities.processor.Processor object at 0x1180b7ee0>
198.74646000000058,0.0,95716,<entities.dtn.DTN object at 0x1180d1550>,<entities.processor.Processor object at 0x1180b7ee0>
199.74646000000058,0.0,95716,<entities.dtn.DTN object at 0x1180d1550>,<entities.processor.Processor object at 0x1180b7ee0>
46.7088800000006,0.0,24351,<entities.dtn.DTN object at 0x1180d1550>,<entities.processor.Processor object at 0x1180b7c10>
47.7088800000006,0.0,24351,<entities.dtn.DTN object at 0x1180d1550>,<entities.processor.Processor object at 0x1180b7c10>
48.7088800000006,0.0,24351,<entities.dtn.DTN object at 0x1180d1550>,<entities.processor.Processor object at 0x1180b7c10>
49.7088800000006,0.0,24351,<entities.dtn.DTN object at 0x1180d1550>,<entities.processor.Processor object at 0x1180b7c10>
50.7088800000006,0.0,24351,<entities.dtn.DTN object at 0x1180d1550>,<entities.processor.Processor object at 0x1180b7c10>
51.7088800000006,0.0,24351,<entities.dtn.DTN object at 0x1180d1550>,<entities.processor.Processor object at 0x1180b7c10>
52.7088800000006,0.0,24351,<entities.dtn.DTN object at 0x1180d1550>,<entities.processor.Processor object at 0x1180b7c10>
53.7088800000006,0.0,24351,<entities.dtn.DTN object at 0x1180d1550>,<entities.processor.Processor object at 0x1180b7c10>
54.7088800000006,0.0,24351,<entities.dtn.DTN object at 0x1180d1550>,<entities.processor.Processor object at 0x1180b7c10>
55.7088800000006,0.0,24351,<entities.dtn.DTN object at 0x1180d1550>,<entities.processor.Processor object at 0x1180b7c10>
56.7088800000006,0.0,24351,<entities.dtn.DTN object at 0x1180d1550>,<entities.processor.Processor object at 0x1180b7c10>
57.7088800000006,0.0,24351,<entities.dtn.DTN object at 0x1180d1550>,<entities.processor.Processor object at 0x1180b7c10>
58.7088800000006,0.0,24351,<entities.dtn.DTN object at 0x1180d1550>,<entities.processor.Processor object at 0x1180b7c10>
59.7088800000006,0.0,24351,<entities.dtn.DTN object at 0x1180d1550>,<entities.processor.Processor object at 0x1180b7c10>
60.7088800000006,0.0,24351,<entities.dtn.DTN object at 0x1180d1550>,<entities.processor.Processor object at 0x1180b7c10>
61.7088800000006,0.0,24351,<entities.dtn.DTN object at 0x1180d1550>,<entities.processor.Processor object at 0x1180b7c10>
62.7088800000006,0.0,24351,<entities.dtn.DTN object at 0x1180d1550>,<entities.processor.Processor object at 0x1180b7c10>
63.7088800000006,0.0,24351,<entities.dtn.DTN object at 0x1180d1550>,<entities.processor.Processor object at 0x1180b7c10>
64.70888000000059,0.0,24351,<entities.dtn.DTN object at 0x1180d1550>,<entities.processor.Processor object at 0x1180b7c10>
65.70888000000059,0.0,24351,<entities.dtn.DTN object at 0x1180d1550>,<entities.processor.Processor object at 0x1180b7c10>
66.70888000000059,0.0,24351,<entities.dtn.DTN object at 0x1180d1550>,<entities.processor.Processor object at 0x1180b7c10>
67.70888000000059,0.0,24351,<entities.dtn.DTN object at 0x1180d1550>,<entities.processor.Processor object at 0x1180b7c10>
68.70888000000059,0.0,24351,<entities.dtn.DTN object at 0x1180d1550>,<entities.processor.Processor object at 0x1180b7c10>
69.70888000000059,0.0,24351,<entities.dtn.DTN object at 0x1180d1550>,<entities.processor.Processor object at 0x1180b7c10>
70.70888000000059,0.0,24351,<entities.dtn.DTN object at 0x1180d1550>,<entities.processor.Processor object at 0x1180b7c10>
71.70888000000059,0.0,24351,<entities.dtn.DTN object at 0x1180d1550>,<entities.processor.Processor object at 0x1180b7c10>
72.70888000000059,0.0,24351,<entities.dtn.DTN object at 0x1180d1550>,<entities.processor.Processor object at 0x1180b7c10>
73.70888000000059,0.0,24351,<entities.dtn.DTN object at 0x1180d1550>,<entities.processor.Processor object at 0x1180b7c10>
74.70888000000059,0.0,24351,<entities.dtn.DTN object at 0x1180d1550>,<entities.processor.Processor object at 0x1180b7c10>
75.70888000000059,0.0,24351,<entities.dtn.DTN object at 0x1180d1550>,<entities.processor.Processor object at 0x1180b7c10>
76.70888000000059,0.0,24351,<entities.dtn.DTN object at 0x1180d1550>,<entities.processor.Processor object at 0x1180b7c10>
77.70888000000059,0.0,24351,<entities.dtn.DTN object at 0x1180d1550>,<entities.processor.Processor object at 0x1180b7c10>
78.70888000000059,0.0,24351,<entities.dtn.DTN object at 0x1180d1550>,<entities.processor.Processor object at 0x1180b7c10>
79.70888000000059,0.0,24351,<entities.dtn.DTN object at 0x1180d1550>,<entities.processor.Processor object at 0x1180b7c10>
80.70888000000059,0.0,24351,<entities.dtn.DTN object at 0x1180d1550>,<entities.processor.Processor object at 0x1180b7c10>
81.70888000000059,0.0,24351,<entities.dtn.DTN object at 0x1180d1550>,<entities.processor.Processor object at 0x1180b7c10>
82.70888000000059,0.0,24351,<entities.dtn.DTN object at 0x1180d1550>,<entities.processor.Processor object at 0x1180b7c10>
83.70888000000059,0.0,24351,<entities.dtn.DTN object at 0x1180d1550>,<entities.processor.Processor object at 0x1180b7c10>
84.70888000000059,0.0,24351,<entities.dtn.DTN object at 0x1180d1550>,<entities.processor.Processor object at 0x1180b7c10>
85.70888000000059,0.0,24351,<entities.dtn.DTN object at 0x1180d1550>,<entities.processor.Processor object at 0x1180b7c10>
86.70888000000059,0.0,24351,<entities.dtn.DTN object at 0x1180d1550>,<entities.processor.Processor object at 0x1180b7c10>
87.70888000000059,0.0,24351,<entities.dtn.DTN object at 0x1180d1550>,<entities.processor.Processor object at 0x1180b7c10>
88.70888000000059,0.0,24351,<entities.dtn.DTN object at 0x1180d1550>,<entities.processor.Processor object at 0x1180b7c10>
89.70888000000059,0.0,24351,<entities.dtn.DTN object at 0x1180d1550>,<entities.processor.Processor object at 0x1180b7c10>
90.70888000000059,0.0,24351,<entities.dtn.DTN object at 0x1180d1550>,<entities.processor.Processor object at 0x1180b7c10>
91.70888000000059,0.0,24351,<entities.dtn.DTN object at 0x1180d1550>,<entities.processor.Processor object at 0x1180b7c10>
92.70888000000059,0.0,24351,<entities.dtn.DTN object at 0x1180d1550>,<entities.processor.Processor object at 0x1180b7c10>
93.70888000000059,0.0,24351,<entities.dtn.DTN object at 0x1180d1550>,<entities.processor.Processor object at 0x1180b7c10>
94.70888000000059,0.0,24351,<entities.dtn.DTN object at 0x1180d1550>,<entities.processor.Processor object at 0x1180b7c10>
95.70888000000059,0.0,24351,<entities.dtn.DTN object at 0x1180d1550>,<entities.processor.Processor object at 0x1180b7c10>
96.70888000000059,0.0,24351,<entities.dtn.DTN object at 0x1180d1550>,<entities.processor.Processor object at 0x1180b7c10>
97.70888000000059,0.0,24351,<entities.dtn.DTN object at 0x1180d1550>,<entities.processor.Processor object at 0x1180b7c10>
98.70888000000059,0.0,24351,<entities.dtn.DTN object at 0x1180d1550>,<entities.processor.Processor object at 0x1180b7c10>
99.70888000000059,0.0,24351,<entities.dtn.DTN object at 0x1180d1550>,<entities.processor.Processor object at 0x1180b7c10>
100.70888000000059,0.0,24351,<entities.dtn.DTN object at 0x1180d1550>,<entities.processor.Processor object at 0x1180b7c10>
101.70888000000059,0.0,24351,<entities.dtn.DTN object at 0x1180d1550>,<entities.processor.Processor object at 0x1180b7c10>
102.70888000000059,0.0,24351,<entities.dtn.DTN object at 0x1180d1550>,<entities.processor.Processor object at 0x1180b7c10>
103.70888000000059,0.0,24351,<entities.dtn.DTN object at 0x1180d1550>,<entities.processor.Processor object at 0x1180b7c10>
104.70888000000059,0.0,24351,<entities.dtn.DTN object at 0x1180d1550>,<entities.processor.Processor object at 0x1180b7c10>
105.70888000000059,0.0,24351,<entities.dtn.DTN object at 0x1180d1550>,<entities.processor.Processor object at 0x1180b7c10>
106.70888000000059,0.0,24351,<entities.dtn.DTN object at 0x1180d1550>,<entities.processor.Processor object at 0x1180b7c10>
107.70888000000059,0.0,24351,<entities.dtn.DTN object at 0x1180d1550>,<entities.processor.Processor object at 0x1180b7c10>
108.70888000000059,0.0,24351,<entities.dtn.DTN object at 0x1180d1550>,<entities.processor.Processor object at 0x1180b7c10>
109.70888000000059,0.0,24351,<entities.dtn.DTN object at 0x1180d1550>,<entities.processor.Processor object at 0x1180b7c10>
110.70888000000059,0.0,24351,<entities.dtn.DTN object at 0x1180d1550>,<entities.processor.Processor object at 0x1180b7c10>
111.70888000000059,0.0,24351,<entities.dtn.DTN object at 0x1180d1550>,<entities.processor.Processor object at 0x1180b7c10>
112.70888000000059,0.0,24351,<entities.dtn.DTN object at 0x1180d1550>,<entities.processor.Processor object at 0x1180b7c10>
113.70888000000059,0.0,24351,<entities.dtn.DTN object at 0x1180d1550>,<entities.processor.Processor object at 0x1180b7c10>
114.70888000000059,0.0,24351,<entities.dtn.DTN object at 0x1180d1550>,<entities.processor.Processor object at 0x1180b7c10>
115.70888000000059,0.0,24351,<entities.dtn.DTN object at 0x1180d1550>,<entities.processor.Processor object at 0x1180b7c10>
116.70888000000059,0.0,24351,<entities.dtn.DTN object at 0x1180d1550>,<entities.processor.Processor object at 0x1180b7c10>
117.70888000000059,0.0,24351,<entities.dtn.DTN object at 0x1180d1550>,<entities.processor.Processor object at 0x1180b7c10>
118.70888000000059,0.0,24351,<entities.dtn.DTN object at 0x1180d1550>,<entities.processor.Processor object at 0x1180b7c10>
119.70888000000059,0.0,24351,<entities.dtn.DTN object at 0x1180d1550>,<entities.processor.Processor object at 0x1180b7c10>
120.70888000000059,0.0,24351,<entities.dtn.DTN object at 0x1180d1550>,<entities.processor.Processor object at 0x1180b7c10>
121.70888000000059,0.0,24351,<entities.dtn.DTN object at 0x1180d1550>,<entities.processor.Processor object at 0x1180b7c10>
122.70888000000059,0.0,24351,<entities.dtn.DTN object at 0x1180d1550>,<entities.processor.Processor object at 0x1180b7c10>
123.70888000000059,0.0,24351,<entities.dtn.DTN object at 0x1180d1550>,<entities.processor.Processor object at 0x1180b7c10>
124.70888000000059,0.0,24351,<entities.dtn.DTN object at 0x1180d1550>,<entities.processor.Processor object at 0x1180b7c10>
125.70888000000059,0.0,24351,<entities.dtn.DTN object at 0x1180d1550>,<entities.processor.Processor object at 0x1180b7c10>
126.70888000000059,0.0,24351,<entities.dtn.DTN object at 0x1180d1550>,<entities.processor.Processor object at 0x1180b7c10>
127.70888000000059,0.0,24351,<entities.dtn.DTN object at 0x1180d1550>,<entities.processor.Processor object at 0x1180b7c10>
128.7088800000006,0.0,24351,<entities.dtn.DTN object at 0x1180d1550>,<entities.processor.Processor object at 0x1180b7c10>
129.7088800000006,0.0,24351,<entities.dtn.DTN object at 0x1180d1550>,<entities.processor.Processor object at 0x1180b7c10>
130.7088800000006,0.0,24351,<entities.dtn.DTN object at 0x1180d1550>,<entities.processor.Processor object at 0x1180b7c10>
131.7088800000006,0.0,24351,<entities.dtn.DTN object at 0x1180d1550>,<entities.processor.Processor object at 0x1180b7c10>
132.7088800000006,0.0,24351,<entities.dtn.DTN object at 0x1180d1550>,<entities.processor.Processor object at 0x1180b7c10>
133.7088800000006,0.0,24351,<entities.dtn.DTN object at 0x1180d1550>,<entities.processor.Processor object at 0x1180b7c10>
134.7088800000006,0.0,24351,<entities.dtn.DTN object at 0x1180d1550>,<entities.processor.Processor object at 0x1180b7c10>
135.7088800000006,0.0,24351,<entities.dtn.DTN object at 0x1180d1550>,<entities.processor.Processor object at 0x1180b7c10>
136.7088800000006,0.0,24351,<entities.dtn.DTN object at 0x1180d1550>,<entities.processor.Processor object at 0x1180b7c10>
137.7088800000006,0.0,24351,<entities.dtn.DTN object at 0x1180d1550>,<entities.processor.Processor object at 0x1180b7c10>
138.7088800000006,0.0,24351,<entities.dtn.DTN object at 0x1180d1550>,<entities.processor.Processor object at 0x1180b7c10>
139.7088800000006,0.0,24351,<entities.dtn.DTN object at 0x1180d1550>,<entities.processor.Processor object at 0x1180b7c10>
140.7088800000006,0.0,24351,<entities.dtn.DTN object at 0x1180d1550>,<entities.processor.Processor object at 0x1180b7c10>
141.7088800000006,0.0,24351,<entities.dtn.DTN object at 0x1180d1550>,<entities.processor.Processor object at 0x1180b7c10>
142.7088800000006,0.0,24351,<entities.dtn.DTN object at 0x1180d1550>,<entities.processor.Processor object at 0x1180b7c10>
143.7088800000006,0.0,24351,<entities.dtn.DTN object at 0x1180d1550>,<entities.processor.Processor object at 0x1180b7c10>
144.7088800000006,0.0,24351,<entities.dtn.DTN object at 0x1180d1550>,<entities.processor.Processor object at 0x1180b7c10>
145.7088800000006,0.0,24351,<entities.dtn.DTN object at 0x1180d1550>,<entities.processor.Processor object at 0x1180b7c10>
146.7088800000006,0.0,24351,<entities.dtn.DTN object at 0x1180d1550>,<entities.processor.Processor object at 0x1180b7c10>
147.7088800000006,0.0,24351,<entities.dtn.DTN object at 0x1180d1550>,<entities.processor.Processor object at 0x1180b7c10>
148.7088800000006,0.0,24351,<entities.dtn.DTN object at 0x1180d1550>,<entities.processor.Processor object at 0x1180b7c10>
149.7088800000006,0.0,24351,<entities.dtn.DTN object at 0x1180d1550>,<entities.processor.Processor object at 0x1180b7c10>
150.7088800000006,0.0,24351,<entities.dtn.DTN object at 0x1180d1550>,<entities.processor.Processor object at 0x1180b7c10>
151.7088800000006,0.0,24351,<entities.dtn.DTN object at 0x1180d1550>,<entities.processor.Processor object at 0x1180b7c10>
152.7088800000006,0.0,24351,<entities.dtn.DTN object at 0x1180d1550>,<entities.processor.Processor object at 0x1180b7c10>
153.7088800000006,0.0,24351,<entities.dtn.DTN object at 0x1180d1550>,<entities.processor.Processor object at 0x1180b7c10>
154.7088800000006,0.0,24351,<entities.dtn.DTN object at 0x1180d1550>,<entities.processor.Processor object at 0x1180b7c10>
155.7088800000006,0.0,24351,<entities.dtn.DTN object at 0x1180d1550>,<entities.processor.Processor object at 0x1180b7c10>
156.7088800000006,0.0,24351,<entities.dtn.DTN object at 0x1180d1550>,<entities.processor.Processor object at 0x1180b7c10>
157.7088800000006,0.0,24351,<entities.dtn.DTN object at 0x1180d1550>,<entities.processor.Processor object at 0x1180b7c10>
158.7088800000006,0.0,24351,<entities.dtn.DTN object at 0x1180d1550>,<entities.processor.Processor object at 0x1180b7c10>
159.7088800000006,0.0,24351,<entities.dtn.DTN object at 0x1180d1550>,<entities.processor.Processor object at 0x1180b7c10>
160.7088800000006,0.0,24351,<entities.dtn.DTN object at 0x1180d1550>,<entities.processor.Processor object at 0x1180b7c10>
161.7088800000006,0.0,24351,<entities.dtn.DTN object at 0x1180d1550>,<entities.processor.Processor object at 0x1180b7c10>
162.7088800000006,0.0,24351,<entities.dtn.DTN object at 0x1180d1550>,<entities.processor.Processor object at 0x1180b7c10>
163.7088800000006,0.0,24351,<entities.dtn.DTN object at 0x1180d1550>,<entities.processor.Processor object at 0x1180b7c10>
164.7088800000006,0.0,24351,<entities.dtn.DTN object at 0x1180d1550>,<entities.processor.Processor object at 0x1180b7c10>
165.7088800000006,0.0,24351,<entities.dtn.DTN object at 0x1180d1550>,<entities.processor.Processor object at 0x1180b7c10>
166.7088800000006,0.0,24351,<entities.dtn.DTN object at 0x1180d1550>,<entities.processor.Processor object at 0x1180b7c10>
167.7088800000006,0.0,24351,<entities.dtn.DTN object at 0x1180d1550>,<entities.processor.Processor object at 0x1180b7c10>
168.7088800000006,0.0,24351,<entities.dtn.DTN object at 0x1180d1550>,<entities.processor.Processor object at 0x1180b7c10>
169.7088800000006,0.0,24351,<entities.dtn.DTN object at 0x1180d1550>,<entities.processor.Processor object at 0x1180b7c10>
170.7088800000006,0.0,24351,<entities.dtn.DTN object at 0x1180d1550>,<entities.processor.Processor object at 0x1180b7c10>
171.7088800000006,0.0,24351,<entities.dtn.DTN object at 0x1180d1550>,<entities.processor.Processor object at 0x1180b7c10>
172.7088800000006,0.0,24351,<entities.dtn.DTN object at 0x1180d1550>,<entities.processor.Processor object at 0x1180b7c10>
173.7088800000006,0.0,24351,<entities.dtn.DTN object at 0x1180d1550>,<entities.processor.Processor object at 0x1180b7c10>
174.7088800000006,0.0,24351,<entities.dtn.DTN object at 0x1180d1550>,<entities.processor.Processor object at 0x1180b7c10>
175.7088800000006,0.0,24351,<entities.dtn.DTN object at 0x1180d1550>,<entities.processor.Processor object at 0x1180b7c10>
176.7088800000006,0.0,24351,<entities.dtn.DTN object at 0x1180d1550>,<entities.processor.Processor object at 0x1180b7c10>
177.7088800000006,0.0,24351,<entities.dtn.DTN object at 0x1180d1550>,<entities.processor.Processor object at 0x1180b7c10>
178.7088800000006,0.0,24351,<entities.dtn.DTN object at 0x1180d1550>,<entities.processor.Processor object at 0x1180b7c10>
179.7088800000006,0.0,24351,<entities.dtn.DTN object at 0x1180d1550>,<entities.processor.Processor object at 0x1180b7c10>
180.7088800000006,0.0,24351,<entities.dtn.DTN object at 0x1180d1550>,<entities.processor.Processor object at 0x1180b7c10>
181.7088800000006,0.0,24351,<entities.dtn.DTN object at 0x1180d1550>,<entities.processor.Processor object at 0x1180b7c10>
182.7088800000006,0.0,24351,<entities.dtn.DTN object at 0x1180d1550>,<entities.processor.Processor object at 0x1180b7c10>
183.7088800000006,0.0,24351,<entities.dtn.DTN object at 0x1180d1550>,<entities.processor.Processor object at 0x1180b7c10>
184.7088800000006,0.0,24351,<entities.dtn.DTN object at 0x1180d1550>,<entities.processor.Processor object at 0x1180b7c10>
185.7088800000006,0.0,24351,<entities.dtn.DTN object at 0x1180d1550>,<entities.processor.Processor object at 0x1180b7c10>
186.7088800000006,0.0,24351,<entities.dtn.DTN object at 0x1180d1550>,<entities.processor.Processor object at 0x1180b7c10>
187.7088800000006,0.0,24351,<entities.dtn.DTN object at 0x1180d1550>,<entities.processor.Processor object at 0x1180b7c10>
188.7088800000006,0.0,24351,<entities.dtn.DTN object at 0x1180d1550>,<entities.processor.Processor object at 0x1180b7c10>
189.7088800000006,0.0,24351,<entities.dtn.DTN object at 0x1180d1550>,<entities.processor.Processor object at 0x1180b7c10>
190.7088800000006,0.0,24351,<entities.dtn.DTN object at 0x1180d1550>,<entities.processor.Processor object at 0x1180b7c10>
191.7088800000006,0.0,24351,<entities.dtn.DTN object at 0x1180d1550>,<entities.processor.Processor object at 0x1180b7c10>
192.7088800000006,0.0,24351,<entities.dtn.DTN object at 0x1180d1550>,<entities.processor.Processor object at 0x1180b7c10>
193.7088800000006,0.0,24351,<entities.dtn.DTN object at 0x1180d1550>,<entities.processor.Processor object at 0x1180b7c10>
194.7088800000006,0.0,24351,<entities.dtn.DTN object at 0x1180d1550>,<entities.processor.Processor object at 0x1180b7c10>
195.7088800000006,0.0,24351,<entities.dtn.DTN object at 0x1180d1550>,<entities.processor.Processor object at 0x1180b7c10>
196.7088800000006,0.0,24351,<entities.dtn.DTN object at 0x1180d1550>,<entities.processor.Processor object at 0x1180b7c10>
197.7088800000006,0.0,24351,<entities.dtn.DTN object at 0x1180d1550>,<entities.processor.Processor object at 0x1180b7c10>
198.7088800000006,0.0,24351,<entities.dtn.DTN object at 0x1180d1550>,<entities.processor.Processor object at 0x1180b7c10>
199.7088800000006,0.0,24351,<entities.dtn.DTN object at 0x1180d1550>,<entities.processor.Processor object at 0x1180b7c10>
47.77143000000062,0.0,71959,<entities.dtn.DTN object at 0x1180d1550>,<entities.processor.Processor object at 0x1180b7c10>
48.77143000000062,0.0,71959,<entities.dtn.DTN object at 0x1180d1550>,<entities.processor.Processor object at 0x1180b7c10>
49.77143000000062,0.0,71959,<entities.dtn.DTN object at 0x1180d1550>,<entities.processor.Processor object at 0x1180b7c10>
50.77143000000062,0.0,71959,<entities.dtn.DTN object at 0x1180d1550>,<entities.processor.Processor object at 0x1180b7c10>
51.77143000000062,0.0,71959,<entities.dtn.DTN object at 0x1180d1550>,<entities.processor.Processor object at 0x1180b7c10>
52.77143000000062,0.0,71959,<entities.dtn.DTN object at 0x1180d1550>,<entities.processor.Processor object at 0x1180b7c10>
53.77143000000062,0.0,71959,<entities.dtn.DTN object at 0x1180d1550>,<entities.processor.Processor object at 0x1180b7c10>
54.77143000000062,0.0,71959,<entities.dtn.DTN object at 0x1180d1550>,<entities.processor.Processor object at 0x1180b7c10>
55.77143000000062,0.0,71959,<entities.dtn.DTN object at 0x1180d1550>,<entities.processor.Processor object at 0x1180b7c10>
56.77143000000062,0.0,71959,<entities.dtn.DTN object at 0x1180d1550>,<entities.processor.Processor object at 0x1180b7c10>
57.77143000000062,0.0,71959,<entities.dtn.DTN object at 0x1180d1550>,<entities.processor.Processor object at 0x1180b7c10>
58.77143000000062,0.0,71959,<entities.dtn.DTN object at 0x1180d1550>,<entities.processor.Processor object at 0x1180b7c10>
59.77143000000062,0.0,71959,<entities.dtn.DTN object at 0x1180d1550>,<entities.processor.Processor object at 0x1180b7c10>
60.77143000000062,0.0,71959,<entities.dtn.DTN object at 0x1180d1550>,<entities.processor.Processor object at 0x1180b7c10>
61.77143000000062,0.0,71959,<entities.dtn.DTN object at 0x1180d1550>,<entities.processor.Processor object at 0x1180b7c10>
62.77143000000062,0.0,71959,<entities.dtn.DTN object at 0x1180d1550>,<entities.processor.Processor object at 0x1180b7c10>
63.77143000000062,0.0,71959,<entities.dtn.DTN object at 0x1180d1550>,<entities.processor.Processor object at 0x1180b7c10>
64.77143000000062,0.0,71959,<entities.dtn.DTN object at 0x1180d1550>,<entities.processor.Processor object at 0x1180b7c10>
65.77143000000062,0.0,71959,<entities.dtn.DTN object at 0x1180d1550>,<entities.processor.Processor object at 0x1180b7c10>
66.77143000000062,0.0,71959,<entities.dtn.DTN object at 0x1180d1550>,<entities.processor.Processor object at 0x1180b7c10>
67.77143000000062,0.0,71959,<entities.dtn.DTN object at 0x1180d1550>,<entities.processor.Processor object at 0x1180b7c10>
68.77143000000062,0.0,71959,<entities.dtn.DTN object at 0x1180d1550>,<entities.processor.Processor object at 0x1180b7c10>
69.77143000000062,0.0,71959,<entities.dtn.DTN object at 0x1180d1550>,<entities.processor.Processor object at 0x1180b7c10>
70.77143000000062,0.0,71959,<entities.dtn.DTN object at 0x1180d1550>,<entities.processor.Processor object at 0x1180b7c10>
71.77143000000062,0.0,71959,<entities.dtn.DTN object at 0x1180d1550>,<entities.processor.Processor object at 0x1180b7c10>
72.77143000000062,0.0,71959,<entities.dtn.DTN object at 0x1180d1550>,<entities.processor.Processor object at 0x1180b7c10>
73.77143000000062,0.0,71959,<entities.dtn.DTN object at 0x1180d1550>,<entities.processor.Processor object at 0x1180b7c10>
74.77143000000062,0.0,71959,<entities.dtn.DTN object at 0x1180d1550>,<entities.processor.Processor object at 0x1180b7c10>
75.77143000000062,0.0,71959,<entities.dtn.DTN object at 0x1180d1550>,<entities.processor.Processor object at 0x1180b7c10>
76.77143000000062,0.0,71959,<entities.dtn.DTN object at 0x1180d1550>,<entities.processor.Processor object at 0x1180b7c10>
77.77143000000062,0.0,71959,<entities.dtn.DTN object at 0x1180d1550>,<entities.processor.Processor object at 0x1180b7c10>
78.77143000000062,0.0,71959,<entities.dtn.DTN object at 0x1180d1550>,<entities.processor.Processor object at 0x1180b7c10>
79.77143000000062,0.0,71959,<entities.dtn.DTN object at 0x1180d1550>,<entities.processor.Processor object at 0x1180b7c10>
80.77143000000062,0.0,71959,<entities.dtn.DTN object at 0x1180d1550>,<entities.processor.Processor object at 0x1180b7c10>
81.77143000000062,0.0,71959,<entities.dtn.DTN object at 0x1180d1550>,<entities.processor.Processor object at 0x1180b7c10>
82.77143000000062,0.0,71959,<entities.dtn.DTN object at 0x1180d1550>,<entities.processor.Processor object at 0x1180b7c10>
83.77143000000062,0.0,71959,<entities.dtn.DTN object at 0x1180d1550>,<entities.processor.Processor object at 0x1180b7c10>
84.77143000000062,0.0,71959,<entities.dtn.DTN object at 0x1180d1550>,<entities.processor.Processor object at 0x1180b7c10>
85.77143000000062,0.0,71959,<entities.dtn.DTN object at 0x1180d1550>,<entities.processor.Processor object at 0x1180b7c10>
86.77143000000062,0.0,71959,<entities.dtn.DTN object at 0x1180d1550>,<entities.processor.Processor object at 0x1180b7c10>
87.77143000000062,0.0,71959,<entities.dtn.DTN object at 0x1180d1550>,<entities.processor.Processor object at 0x1180b7c10>
88.77143000000062,0.0,71959,<entities.dtn.DTN object at 0x1180d1550>,<entities.processor.Processor object at 0x1180b7c10>
89.77143000000062,0.0,71959,<entities.dtn.DTN object at 0x1180d1550>,<entities.processor.Processor object at 0x1180b7c10>
90.77143000000062,0.0,71959,<entities.dtn.DTN object at 0x1180d1550>,<entities.processor.Processor object at 0x1180b7c10>
91.77143000000062,0.0,71959,<entities.dtn.DTN object at 0x1180d1550>,<entities.processor.Processor object at 0x1180b7c10>
92.77143000000062,0.0,71959,<entities.dtn.DTN object at 0x1180d1550>,<entities.processor.Processor object at 0x1180b7c10>
93.77143000000062,0.0,71959,<entities.dtn.DTN object at 0x1180d1550>,<entities.processor.Processor object at 0x1180b7c10>
94.77143000000062,0.0,71959,<entities.dtn.DTN object at 0x1180d1550>,<entities.processor.Processor object at 0x1180b7c10>
95.77143000000062,0.0,71959,<entities.dtn.DTN object at 0x1180d1550>,<entities.processor.Processor object at 0x1180b7c10>
96.77143000000062,0.0,71959,<entities.dtn.DTN object at 0x1180d1550>,<entities.processor.Processor object at 0x1180b7c10>
97.77143000000062,0.0,71959,<entities.dtn.DTN object at 0x1180d1550>,<entities.processor.Processor object at 0x1180b7c10>
98.77143000000062,0.0,71959,<entities.dtn.DTN object at 0x1180d1550>,<entities.processor.Processor object at 0x1180b7c10>
99.77143000000062,0.0,71959,<entities.dtn.DTN object at 0x1180d1550>,<entities.processor.Processor object at 0x1180b7c10>
100.77143000000062,0.0,71959,<entities.dtn.DTN object at 0x1180d1550>,<entities.processor.Processor object at 0x1180b7c10>
101.77143000000062,0.0,71959,<entities.dtn.DTN object at 0x1180d1550>,<entities.processor.Processor object at 0x1180b7c10>
102.77143000000062,0.0,71959,<entities.dtn.DTN object at 0x1180d1550>,<entities.processor.Processor object at 0x1180b7c10>
103.77143000000062,0.0,71959,<entities.dtn.DTN object at 0x1180d1550>,<entities.processor.Processor object at 0x1180b7c10>
104.77143000000062,0.0,71959,<entities.dtn.DTN object at 0x1180d1550>,<entities.processor.Processor object at 0x1180b7c10>
105.77143000000062,0.0,71959,<entities.dtn.DTN object at 0x1180d1550>,<entities.processor.Processor object at 0x1180b7c10>
106.77143000000062,0.0,71959,<entities.dtn.DTN object at 0x1180d1550>,<entities.processor.Processor object at 0x1180b7c10>
107.77143000000062,0.0,71959,<entities.dtn.DTN object at 0x1180d1550>,<entities.processor.Processor object at 0x1180b7c10>
108.77143000000062,0.0,71959,<entities.dtn.DTN object at 0x1180d1550>,<entities.processor.Processor object at 0x1180b7c10>
109.77143000000062,0.0,71959,<entities.dtn.DTN object at 0x1180d1550>,<entities.processor.Processor object at 0x1180b7c10>
110.77143000000062,0.0,71959,<entities.dtn.DTN object at 0x1180d1550>,<entities.processor.Processor object at 0x1180b7c10>
111.77143000000062,0.0,71959,<entities.dtn.DTN object at 0x1180d1550>,<entities.processor.Processor object at 0x1180b7c10>
112.77143000000062,0.0,71959,<entities.dtn.DTN object at 0x1180d1550>,<entities.processor.Processor object at 0x1180b7c10>
113.77143000000062,0.0,71959,<entities.dtn.DTN object at 0x1180d1550>,<entities.processor.Processor object at 0x1180b7c10>
114.77143000000062,0.0,71959,<entities.dtn.DTN object at 0x1180d1550>,<entities.processor.Processor object at 0x1180b7c10>
115.77143000000062,0.0,71959,<entities.dtn.DTN object at 0x1180d1550>,<entities.processor.Processor object at 0x1180b7c10>
116.77143000000062,0.0,71959,<entities.dtn.DTN object at 0x1180d1550>,<entities.processor.Processor object at 0x1180b7c10>
117.77143000000062,0.0,71959,<entities.dtn.DTN object at 0x1180d1550>,<entities.processor.Processor object at 0x1180b7c10>
118.77143000000062,0.0,71959,<entities.dtn.DTN object at 0x1180d1550>,<entities.processor.Processor object at 0x1180b7c10>
119.77143000000062,0.0,71959,<entities.dtn.DTN object at 0x1180d1550>,<entities.processor.Processor object at 0x1180b7c10>
120.77143000000062,0.0,71959,<entities.dtn.DTN object at 0x1180d1550>,<entities.processor.Processor object at 0x1180b7c10>
121.77143000000062,0.0,71959,<entities.dtn.DTN object at 0x1180d1550>,<entities.processor.Processor object at 0x1180b7c10>
122.77143000000062,0.0,71959,<entities.dtn.DTN object at 0x1180d1550>,<entities.processor.Processor object at 0x1180b7c10>
123.77143000000062,0.0,71959,<entities.dtn.DTN object at 0x1180d1550>,<entities.processor.Processor object at 0x1180b7c10>
124.77143000000062,0.0,71959,<entities.dtn.DTN object at 0x1180d1550>,<entities.processor.Processor object at 0x1180b7c10>
125.77143000000062,0.0,71959,<entities.dtn.DTN object at 0x1180d1550>,<entities.processor.Processor object at 0x1180b7c10>
126.77143000000062,0.0,71959,<entities.dtn.DTN object at 0x1180d1550>,<entities.processor.Processor object at 0x1180b7c10>
127.77143000000062,0.0,71959,<entities.dtn.DTN object at 0x1180d1550>,<entities.processor.Processor object at 0x1180b7c10>
128.77143000000063,0.0,71959,<entities.dtn.DTN object at 0x1180d1550>,<entities.processor.Processor object at 0x1180b7c10>
129.77143000000063,0.0,71959,<entities.dtn.DTN object at 0x1180d1550>,<entities.processor.Processor object at 0x1180b7c10>
130.77143000000063,0.0,71959,<entities.dtn.DTN object at 0x1180d1550>,<entities.processor.Processor object at 0x1180b7c10>
131.77143000000063,0.0,71959,<entities.dtn.DTN object at 0x1180d1550>,<entities.processor.Processor object at 0x1180b7c10>
132.77143000000063,0.0,71959,<entities.dtn.DTN object at 0x1180d1550>,<entities.processor.Processor object at 0x1180b7c10>
133.77143000000063,0.0,71959,<entities.dtn.DTN object at 0x1180d1550>,<entities.processor.Processor object at 0x1180b7c10>
134.77143000000063,0.0,71959,<entities.dtn.DTN object at 0x1180d1550>,<entities.processor.Processor object at 0x1180b7c10>
135.77143000000063,0.0,71959,<entities.dtn.DTN object at 0x1180d1550>,<entities.processor.Processor object at 0x1180b7c10>
136.77143000000063,0.0,71959,<entities.dtn.DTN object at 0x1180d1550>,<entities.processor.Processor object at 0x1180b7c10>
137.77143000000063,0.0,71959,<entities.dtn.DTN object at 0x1180d1550>,<entities.processor.Processor object at 0x1180b7c10>
138.77143000000063,0.0,71959,<entities.dtn.DTN object at 0x1180d1550>,<entities.processor.Processor object at 0x1180b7c10>
139.77143000000063,0.0,71959,<entities.dtn.DTN object at 0x1180d1550>,<entities.processor.Processor object at 0x1180b7c10>
140.77143000000063,0.0,71959,<entities.dtn.DTN object at 0x1180d1550>,<entities.processor.Processor object at 0x1180b7c10>
141.77143000000063,0.0,71959,<entities.dtn.DTN object at 0x1180d1550>,<entities.processor.Processor object at 0x1180b7c10>
142.77143000000063,0.0,71959,<entities.dtn.DTN object at 0x1180d1550>,<entities.processor.Processor object at 0x1180b7c10>
143.77143000000063,0.0,71959,<entities.dtn.DTN object at 0x1180d1550>,<entities.processor.Processor object at 0x1180b7c10>
144.77143000000063,0.0,71959,<entities.dtn.DTN object at 0x1180d1550>,<entities.processor.Processor object at 0x1180b7c10>
145.77143000000063,0.0,71959,<entities.dtn.DTN object at 0x1180d1550>,<entities.processor.Processor object at 0x1180b7c10>
146.77143000000063,0.0,71959,<entities.dtn.DTN object at 0x1180d1550>,<entities.processor.Processor object at 0x1180b7c10>
147.77143000000063,0.0,71959,<entities.dtn.DTN object at 0x1180d1550>,<entities.processor.Processor object at 0x1180b7c10>
148.77143000000063,0.0,71959,<entities.dtn.DTN object at 0x1180d1550>,<entities.processor.Processor object at 0x1180b7c10>
149.77143000000063,0.0,71959,<entities.dtn.DTN object at 0x1180d1550>,<entities.processor.Processor object at 0x1180b7c10>
150.77143000000063,0.0,71959,<entities.dtn.DTN object at 0x1180d1550>,<entities.processor.Processor object at 0x1180b7c10>
151.77143000000063,0.0,71959,<entities.dtn.DTN object at 0x1180d1550>,<entities.processor.Processor object at 0x1180b7c10>
152.77143000000063,0.0,71959,<entities.dtn.DTN object at 0x1180d1550>,<entities.processor.Processor object at 0x1180b7c10>
153.77143000000063,0.0,71959,<entities.dtn.DTN object at 0x1180d1550>,<entities.processor.Processor object at 0x1180b7c10>
154.77143000000063,0.0,71959,<entities.dtn.DTN object at 0x1180d1550>,<entities.processor.Processor object at 0x1180b7c10>
155.77143000000063,0.0,71959,<entities.dtn.DTN object at 0x1180d1550>,<entities.processor.Processor object at 0x1180b7c10>
156.77143000000063,0.0,71959,<entities.dtn.DTN object at 0x1180d1550>,<entities.processor.Processor object at 0x1180b7c10>
157.77143000000063,0.0,71959,<entities.dtn.DTN object at 0x1180d1550>,<entities.processor.Processor object at 0x1180b7c10>
158.77143000000063,0.0,71959,<entities.dtn.DTN object at 0x1180d1550>,<entities.processor.Processor object at 0x1180b7c10>
159.77143000000063,0.0,71959,<entities.dtn.DTN object at 0x1180d1550>,<entities.processor.Processor object at 0x1180b7c10>
160.77143000000063,0.0,71959,<entities.dtn.DTN object at 0x1180d1550>,<entities.processor.Processor object at 0x1180b7c10>
161.77143000000063,0.0,71959,<entities.dtn.DTN object at 0x1180d1550>,<entities.processor.Processor object at 0x1180b7c10>
162.77143000000063,0.0,71959,<entities.dtn.DTN object at 0x1180d1550>,<entities.processor.Processor object at 0x1180b7c10>
163.77143000000063,0.0,71959,<entities.dtn.DTN object at 0x1180d1550>,<entities.processor.Processor object at 0x1180b7c10>
164.77143000000063,0.0,71959,<entities.dtn.DTN object at 0x1180d1550>,<entities.processor.Processor object at 0x1180b7c10>
165.77143000000063,0.0,71959,<entities.dtn.DTN object at 0x1180d1550>,<entities.processor.Processor object at 0x1180b7c10>
166.77143000000063,0.0,71959,<entities.dtn.DTN object at 0x1180d1550>,<entities.processor.Processor object at 0x1180b7c10>
167.77143000000063,0.0,71959,<entities.dtn.DTN object at 0x1180d1550>,<entities.processor.Processor object at 0x1180b7c10>
168.77143000000063,0.0,71959,<entities.dtn.DTN object at 0x1180d1550>,<entities.processor.Processor object at 0x1180b7c10>
169.77143000000063,0.0,71959,<entities.dtn.DTN object at 0x1180d1550>,<entities.processor.Processor object at 0x1180b7c10>
170.77143000000063,0.0,71959,<entities.dtn.DTN object at 0x1180d1550>,<entities.processor.Processor object at 0x1180b7c10>
171.77143000000063,0.0,71959,<entities.dtn.DTN object at 0x1180d1550>,<entities.processor.Processor object at 0x1180b7c10>
172.77143000000063,0.0,71959,<entities.dtn.DTN object at 0x1180d1550>,<entities.processor.Processor object at 0x1180b7c10>
173.77143000000063,0.0,71959,<entities.dtn.DTN object at 0x1180d1550>,<entities.processor.Processor object at 0x1180b7c10>
174.77143000000063,0.0,71959,<entities.dtn.DTN object at 0x1180d1550>,<entities.processor.Processor object at 0x1180b7c10>
175.77143000000063,0.0,71959,<entities.dtn.DTN object at 0x1180d1550>,<entities.processor.Processor object at 0x1180b7c10>
176.77143000000063,0.0,71959,<entities.dtn.DTN object at 0x1180d1550>,<entities.processor.Processor object at 0x1180b7c10>
177.77143000000063,0.0,71959,<entities.dtn.DTN object at 0x1180d1550>,<entities.processor.Processor object at 0x1180b7c10>
178.77143000000063,0.0,71959,<entities.dtn.DTN object at 0x1180d1550>,<entities.processor.Processor object at 0x1180b7c10>
179.77143000000063,0.0,71959,<entities.dtn.DTN object at 0x1180d1550>,<entities.processor.Processor object at 0x1180b7c10>
180.77143000000063,0.0,71959,<entities.dtn.DTN object at 0x1180d1550>,<entities.processor.Processor object at 0x1180b7c10>
181.77143000000063,0.0,71959,<entities.dtn.DTN object at 0x1180d1550>,<entities.processor.Processor object at 0x1180b7c10>
182.77143000000063,0.0,71959,<entities.dtn.DTN object at 0x1180d1550>,<entities.processor.Processor object at 0x1180b7c10>
183.77143000000063,0.0,71959,<entities.dtn.DTN object at 0x1180d1550>,<entities.processor.Processor object at 0x1180b7c10>
184.77143000000063,0.0,71959,<entities.dtn.DTN object at 0x1180d1550>,<entities.processor.Processor object at 0x1180b7c10>
185.77143000000063,0.0,71959,<entities.dtn.DTN object at 0x1180d1550>,<entities.processor.Processor object at 0x1180b7c10>
186.77143000000063,0.0,71959,<entities.dtn.DTN object at 0x1180d1550>,<entities.processor.Processor object at 0x1180b7c10>
187.77143000000063,0.0,71959,<entities.dtn.DTN object at 0x1180d1550>,<entities.processor.Processor object at 0x1180b7c10>
188.77143000000063,0.0,71959,<entities.dtn.DTN object at 0x1180d1550>,<entities.processor.Processor object at 0x1180b7c10>
189.77143000000063,0.0,71959,<entities.dtn.DTN object at 0x1180d1550>,<entities.processor.Processor object at 0x1180b7c10>
190.77143000000063,0.0,71959,<entities.dtn.DTN object at 0x1180d1550>,<entities.processor.Processor object at 0x1180b7c10>
191.77143000000063,0.0,71959,<entities.dtn.DTN object at 0x1180d1550>,<entities.processor.Processor object at 0x1180b7c10>
192.77143000000063,0.0,71959,<entities.dtn.DTN object at 0x1180d1550>,<entities.processor.Processor object at 0x1180b7c10>
193.77143000000063,0.0,71959,<entities.dtn.DTN object at 0x1180d1550>,<entities.processor.Processor object at 0x1180b7c10>
194.77143000000063,0.0,71959,<entities.dtn.DTN object at 0x1180d1550>,<entities.processor.Processor object at 0x1180b7c10>
195.77143000000063,0.0,71959,<entities.dtn.DTN object at 0x1180d1550>,<entities.processor.Processor object at 0x1180b7c10>
196.77143000000063,0.0,71959,<entities.dtn.DTN object at 0x1180d1550>,<entities.processor.Processor object at 0x1180b7c10>
197.77143000000063,0.0,71959,<entities.dtn.DTN object at 0x1180d1550>,<entities.processor.Processor object at 0x1180b7c10>
198.77143000000063,0.0,71959,<entities.dtn.DTN object at 0x1180d1550>,<entities.processor.Processor object at 0x1180b7c10>
199.77143000000063,0.0,71959,<entities.dtn.DTN object at 0x1180d1550>,<entities.processor.Processor object at 0x1180b7c10>
47.771560000000626,0.0,71524,<entities.dtn.DTN object at 0x1180d1550>,<entities.processor.Processor object at 0x1180d1220>
48.771560000000626,0.0,71524,<entities.dtn.DTN object at 0x1180d1550>,<entities.processor.Processor object at 0x1180d1220>
49.771560000000626,0.0,71524,<entities.dtn.DTN object at 0x1180d1550>,<entities.processor.Processor object at 0x1180d1220>
50.771560000000626,0.0,71524,<entities.dtn.DTN object at 0x1180d1550>,<entities.processor.Processor object at 0x1180d1220>
51.771560000000626,0.0,71524,<entities.dtn.DTN object at 0x1180d1550>,<entities.processor.Processor object at 0x1180d1220>
52.771560000000626,0.0,71524,<entities.dtn.DTN object at 0x1180d1550>,<entities.processor.Processor object at 0x1180d1220>
53.771560000000626,0.0,71524,<entities.dtn.DTN object at 0x1180d1550>,<entities.processor.Processor object at 0x1180d1220>
54.771560000000626,0.0,71524,<entities.dtn.DTN object at 0x1180d1550>,<entities.processor.Processor object at 0x1180d1220>
55.771560000000626,0.0,71524,<entities.dtn.DTN object at 0x1180d1550>,<entities.processor.Processor object at 0x1180d1220>
56.771560000000626,0.0,71524,<entities.dtn.DTN object at 0x1180d1550>,<entities.processor.Processor object at 0x1180d1220>
57.771560000000626,0.0,71524,<entities.dtn.DTN object at 0x1180d1550>,<entities.processor.Processor object at 0x1180d1220>
58.771560000000626,0.0,71524,<entities.dtn.DTN object at 0x1180d1550>,<entities.processor.Processor object at 0x1180d1220>
59.771560000000626,0.0,71524,<entities.dtn.DTN object at 0x1180d1550>,<entities.processor.Processor object at 0x1180d1220>
60.771560000000626,0.0,71524,<entities.dtn.DTN object at 0x1180d1550>,<entities.processor.Processor object at 0x1180d1220>
61.771560000000626,0.0,71524,<entities.dtn.DTN object at 0x1180d1550>,<entities.processor.Processor object at 0x1180d1220>
62.771560000000626,0.0,71524,<entities.dtn.DTN object at 0x1180d1550>,<entities.processor.Processor object at 0x1180d1220>
63.771560000000626,0.0,71524,<entities.dtn.DTN object at 0x1180d1550>,<entities.processor.Processor object at 0x1180d1220>
64.77156000000062,0.0,71524,<entities.dtn.DTN object at 0x1180d1550>,<entities.processor.Processor object at 0x1180d1220>
65.77156000000062,0.0,71524,<entities.dtn.DTN object at 0x1180d1550>,<entities.processor.Processor object at 0x1180d1220>
66.77156000000062,0.0,71524,<entities.dtn.DTN object at 0x1180d1550>,<entities.processor.Processor object at 0x1180d1220>
67.77156000000062,0.0,71524,<entities.dtn.DTN object at 0x1180d1550>,<entities.processor.Processor object at 0x1180d1220>
68.77156000000062,0.0,71524,<entities.dtn.DTN object at 0x1180d1550>,<entities.processor.Processor object at 0x1180d1220>
69.77156000000062,0.0,71524,<entities.dtn.DTN object at 0x1180d1550>,<entities.processor.Processor object at 0x1180d1220>
70.77156000000062,0.0,71524,<entities.dtn.DTN object at 0x1180d1550>,<entities.processor.Processor object at 0x1180d1220>
71.77156000000062,0.0,71524,<entities.dtn.DTN object at 0x1180d1550>,<entities.processor.Processor object at 0x1180d1220>
72.77156000000062,0.0,71524,<entities.dtn.DTN object at 0x1180d1550>,<entities.processor.Processor object at 0x1180d1220>
73.77156000000062,0.0,71524,<entities.dtn.DTN object at 0x1180d1550>,<entities.processor.Processor object at 0x1180d1220>
74.77156000000062,0.0,71524,<entities.dtn.DTN object at 0x1180d1550>,<entities.processor.Processor object at 0x1180d1220>
75.77156000000062,0.0,71524,<entities.dtn.DTN object at 0x1180d1550>,<entities.processor.Processor object at 0x1180d1220>
76.77156000000062,0.0,71524,<entities.dtn.DTN object at 0x1180d1550>,<entities.processor.Processor object at 0x1180d1220>
77.77156000000062,0.0,71524,<entities.dtn.DTN object at 0x1180d1550>,<entities.processor.Processor object at 0x1180d1220>
78.77156000000062,0.0,71524,<entities.dtn.DTN object at 0x1180d1550>,<entities.processor.Processor object at 0x1180d1220>
79.77156000000062,0.0,71524,<entities.dtn.DTN object at 0x1180d1550>,<entities.processor.Processor object at 0x1180d1220>
80.77156000000062,0.0,71524,<entities.dtn.DTN object at 0x1180d1550>,<entities.processor.Processor object at 0x1180d1220>
81.77156000000062,0.0,71524,<entities.dtn.DTN object at 0x1180d1550>,<entities.processor.Processor object at 0x1180d1220>
82.77156000000062,0.0,71524,<entities.dtn.DTN object at 0x1180d1550>,<entities.processor.Processor object at 0x1180d1220>
83.77156000000062,0.0,71524,<entities.dtn.DTN object at 0x1180d1550>,<entities.processor.Processor object at 0x1180d1220>
84.77156000000062,0.0,71524,<entities.dtn.DTN object at 0x1180d1550>,<entities.processor.Processor object at 0x1180d1220>
85.77156000000062,0.0,71524,<entities.dtn.DTN object at 0x1180d1550>,<entities.processor.Processor object at 0x1180d1220>
86.77156000000062,0.0,71524,<entities.dtn.DTN object at 0x1180d1550>,<entities.processor.Processor object at 0x1180d1220>
87.77156000000062,0.0,71524,<entities.dtn.DTN object at 0x1180d1550>,<entities.processor.Processor object at 0x1180d1220>
88.77156000000062,0.0,71524,<entities.dtn.DTN object at 0x1180d1550>,<entities.processor.Processor object at 0x1180d1220>
89.77156000000062,0.0,71524,<entities.dtn.DTN object at 0x1180d1550>,<entities.processor.Processor object at 0x1180d1220>
90.77156000000062,0.0,71524,<entities.dtn.DTN object at 0x1180d1550>,<entities.processor.Processor object at 0x1180d1220>
91.77156000000062,0.0,71524,<entities.dtn.DTN object at 0x1180d1550>,<entities.processor.Processor object at 0x1180d1220>
92.77156000000062,0.0,71524,<entities.dtn.DTN object at 0x1180d1550>,<entities.processor.Processor object at 0x1180d1220>
93.77156000000062,0.0,71524,<entities.dtn.DTN object at 0x1180d1550>,<entities.processor.Processor object at 0x1180d1220>
94.77156000000062,0.0,71524,<entities.dtn.DTN object at 0x1180d1550>,<entities.processor.Processor object at 0x1180d1220>
95.77156000000062,0.0,71524,<entities.dtn.DTN object at 0x1180d1550>,<entities.processor.Processor object at 0x1180d1220>
96.77156000000062,0.0,71524,<entities.dtn.DTN object at 0x1180d1550>,<entities.processor.Processor object at 0x1180d1220>
97.77156000000062,0.0,71524,<entities.dtn.DTN object at 0x1180d1550>,<entities.processor.Processor object at 0x1180d1220>
98.77156000000062,0.0,71524,<entities.dtn.DTN object at 0x1180d1550>,<entities.processor.Processor object at 0x1180d1220>
99.77156000000062,0.0,71524,<entities.dtn.DTN object at 0x1180d1550>,<entities.processor.Processor object at 0x1180d1220>
100.77156000000062,0.0,71524,<entities.dtn.DTN object at 0x1180d1550>,<entities.processor.Processor object at 0x1180d1220>
101.77156000000062,0.0,71524,<entities.dtn.DTN object at 0x1180d1550>,<entities.processor.Processor object at 0x1180d1220>
102.77156000000062,0.0,71524,<entities.dtn.DTN object at 0x1180d1550>,<entities.processor.Processor object at 0x1180d1220>
103.77156000000062,0.0,71524,<entities.dtn.DTN object at 0x1180d1550>,<entities.processor.Processor object at 0x1180d1220>
104.77156000000062,0.0,71524,<entities.dtn.DTN object at 0x1180d1550>,<entities.processor.Processor object at 0x1180d1220>
105.77156000000062,0.0,71524,<entities.dtn.DTN object at 0x1180d1550>,<entities.processor.Processor object at 0x1180d1220>
106.77156000000062,0.0,71524,<entities.dtn.DTN object at 0x1180d1550>,<entities.processor.Processor object at 0x1180d1220>
107.77156000000062,0.0,71524,<entities.dtn.DTN object at 0x1180d1550>,<entities.processor.Processor object at 0x1180d1220>
108.77156000000062,0.0,71524,<entities.dtn.DTN object at 0x1180d1550>,<entities.processor.Processor object at 0x1180d1220>
109.77156000000062,0.0,71524,<entities.dtn.DTN object at 0x1180d1550>,<entities.processor.Processor object at 0x1180d1220>
110.77156000000062,0.0,71524,<entities.dtn.DTN object at 0x1180d1550>,<entities.processor.Processor object at 0x1180d1220>
111.77156000000062,0.0,71524,<entities.dtn.DTN object at 0x1180d1550>,<entities.processor.Processor object at 0x1180d1220>
112.77156000000062,0.0,71524,<entities.dtn.DTN object at 0x1180d1550>,<entities.processor.Processor object at 0x1180d1220>
113.77156000000062,0.0,71524,<entities.dtn.DTN object at 0x1180d1550>,<entities.processor.Processor object at 0x1180d1220>
114.77156000000062,0.0,71524,<entities.dtn.DTN object at 0x1180d1550>,<entities.processor.Processor object at 0x1180d1220>
115.77156000000062,0.0,71524,<entities.dtn.DTN object at 0x1180d1550>,<entities.processor.Processor object at 0x1180d1220>
116.77156000000062,0.0,71524,<entities.dtn.DTN object at 0x1180d1550>,<entities.processor.Processor object at 0x1180d1220>
117.77156000000062,0.0,71524,<entities.dtn.DTN object at 0x1180d1550>,<entities.processor.Processor object at 0x1180d1220>
118.77156000000062,0.0,71524,<entities.dtn.DTN object at 0x1180d1550>,<entities.processor.Processor object at 0x1180d1220>
119.77156000000062,0.0,71524,<entities.dtn.DTN object at 0x1180d1550>,<entities.processor.Processor object at 0x1180d1220>
120.77156000000062,0.0,71524,<entities.dtn.DTN object at 0x1180d1550>,<entities.processor.Processor object at 0x1180d1220>
121.77156000000062,0.0,71524,<entities.dtn.DTN object at 0x1180d1550>,<entities.processor.Processor object at 0x1180d1220>
122.77156000000062,0.0,71524,<entities.dtn.DTN object at 0x1180d1550>,<entities.processor.Processor object at 0x1180d1220>
123.77156000000062,0.0,71524,<entities.dtn.DTN object at 0x1180d1550>,<entities.processor.Processor object at 0x1180d1220>
124.77156000000062,0.0,71524,<entities.dtn.DTN object at 0x1180d1550>,<entities.processor.Processor object at 0x1180d1220>
125.77156000000062,0.0,71524,<entities.dtn.DTN object at 0x1180d1550>,<entities.processor.Processor object at 0x1180d1220>
126.77156000000062,0.0,71524,<entities.dtn.DTN object at 0x1180d1550>,<entities.processor.Processor object at 0x1180d1220>
127.77156000000062,0.0,71524,<entities.dtn.DTN object at 0x1180d1550>,<entities.processor.Processor object at 0x1180d1220>
128.77156000000062,0.0,71524,<entities.dtn.DTN object at 0x1180d1550>,<entities.processor.Processor object at 0x1180d1220>
129.77156000000062,0.0,71524,<entities.dtn.DTN object at 0x1180d1550>,<entities.processor.Processor object at 0x1180d1220>
130.77156000000062,0.0,71524,<entities.dtn.DTN object at 0x1180d1550>,<entities.processor.Processor object at 0x1180d1220>
131.77156000000062,0.0,71524,<entities.dtn.DTN object at 0x1180d1550>,<entities.processor.Processor object at 0x1180d1220>
132.77156000000062,0.0,71524,<entities.dtn.DTN object at 0x1180d1550>,<entities.processor.Processor object at 0x1180d1220>
133.77156000000062,0.0,71524,<entities.dtn.DTN object at 0x1180d1550>,<entities.processor.Processor object at 0x1180d1220>
134.77156000000062,0.0,71524,<entities.dtn.DTN object at 0x1180d1550>,<entities.processor.Processor object at 0x1180d1220>
135.77156000000062,0.0,71524,<entities.dtn.DTN object at 0x1180d1550>,<entities.processor.Processor object at 0x1180d1220>
136.77156000000062,0.0,71524,<entities.dtn.DTN object at 0x1180d1550>,<entities.processor.Processor object at 0x1180d1220>
137.77156000000062,0.0,71524,<entities.dtn.DTN object at 0x1180d1550>,<entities.processor.Processor object at 0x1180d1220>
138.77156000000062,0.0,71524,<entities.dtn.DTN object at 0x1180d1550>,<entities.processor.Processor object at 0x1180d1220>
139.77156000000062,0.0,71524,<entities.dtn.DTN object at 0x1180d1550>,<entities.processor.Processor object at 0x1180d1220>
140.77156000000062,0.0,71524,<entities.dtn.DTN object at 0x1180d1550>,<entities.processor.Processor object at 0x1180d1220>
141.77156000000062,0.0,71524,<entities.dtn.DTN object at 0x1180d1550>,<entities.processor.Processor object at 0x1180d1220>
142.77156000000062,0.0,71524,<entities.dtn.DTN object at 0x1180d1550>,<entities.processor.Processor object at 0x1180d1220>
143.77156000000062,0.0,71524,<entities.dtn.DTN object at 0x1180d1550>,<entities.processor.Processor object at 0x1180d1220>
144.77156000000062,0.0,71524,<entities.dtn.DTN object at 0x1180d1550>,<entities.processor.Processor object at 0x1180d1220>
145.77156000000062,0.0,71524,<entities.dtn.DTN object at 0x1180d1550>,<entities.processor.Processor object at 0x1180d1220>
146.77156000000062,0.0,71524,<entities.dtn.DTN object at 0x1180d1550>,<entities.processor.Processor object at 0x1180d1220>
147.77156000000062,0.0,71524,<entities.dtn.DTN object at 0x1180d1550>,<entities.processor.Processor object at 0x1180d1220>
148.77156000000062,0.0,71524,<entities.dtn.DTN object at 0x1180d1550>,<entities.processor.Processor object at 0x1180d1220>
149.77156000000062,0.0,71524,<entities.dtn.DTN object at 0x1180d1550>,<entities.processor.Processor object at 0x1180d1220>
150.77156000000062,0.0,71524,<entities.dtn.DTN object at 0x1180d1550>,<entities.processor.Processor object at 0x1180d1220>
151.77156000000062,0.0,71524,<entities.dtn.DTN object at 0x1180d1550>,<entities.processor.Processor object at 0x1180d1220>
152.77156000000062,0.0,71524,<entities.dtn.DTN object at 0x1180d1550>,<entities.processor.Processor object at 0x1180d1220>
153.77156000000062,0.0,71524,<entities.dtn.DTN object at 0x1180d1550>,<entities.processor.Processor object at 0x1180d1220>
154.77156000000062,0.0,71524,<entities.dtn.DTN object at 0x1180d1550>,<entities.processor.Processor object at 0x1180d1220>
155.77156000000062,0.0,71524,<entities.dtn.DTN object at 0x1180d1550>,<entities.processor.Processor object at 0x1180d1220>
156.77156000000062,0.0,71524,<entities.dtn.DTN object at 0x1180d1550>,<entities.processor.Processor object at 0x1180d1220>
157.77156000000062,0.0,71524,<entities.dtn.DTN object at 0x1180d1550>,<entities.processor.Processor object at 0x1180d1220>
158.77156000000062,0.0,71524,<entities.dtn.DTN object at 0x1180d1550>,<entities.processor.Processor object at 0x1180d1220>
159.77156000000062,0.0,71524,<entities.dtn.DTN object at 0x1180d1550>,<entities.processor.Processor object at 0x1180d1220>
160.77156000000062,0.0,71524,<entities.dtn.DTN object at 0x1180d1550>,<entities.processor.Processor object at 0x1180d1220>
161.77156000000062,0.0,71524,<entities.dtn.DTN object at 0x1180d1550>,<entities.processor.Processor object at 0x1180d1220>
162.77156000000062,0.0,71524,<entities.dtn.DTN object at 0x1180d1550>,<entities.processor.Processor object at 0x1180d1220>
163.77156000000062,0.0,71524,<entities.dtn.DTN object at 0x1180d1550>,<entities.processor.Processor object at 0x1180d1220>
164.77156000000062,0.0,71524,<entities.dtn.DTN object at 0x1180d1550>,<entities.processor.Processor object at 0x1180d1220>
165.77156000000062,0.0,71524,<entities.dtn.DTN object at 0x1180d1550>,<entities.processor.Processor object at 0x1180d1220>
166.77156000000062,0.0,71524,<entities.dtn.DTN object at 0x1180d1550>,<entities.processor.Processor object at 0x1180d1220>
167.77156000000062,0.0,71524,<entities.dtn.DTN object at 0x1180d1550>,<entities.processor.Processor object at 0x1180d1220>
168.77156000000062,0.0,71524,<entities.dtn.DTN object at 0x1180d1550>,<entities.processor.Processor object at 0x1180d1220>
169.77156000000062,0.0,71524,<entities.dtn.DTN object at 0x1180d1550>,<entities.processor.Processor object at 0x1180d1220>
170.77156000000062,0.0,71524,<entities.dtn.DTN object at 0x1180d1550>,<entities.processor.Processor object at 0x1180d1220>
171.77156000000062,0.0,71524,<entities.dtn.DTN object at 0x1180d1550>,<entities.processor.Processor object at 0x1180d1220>
172.77156000000062,0.0,71524,<entities.dtn.DTN object at 0x1180d1550>,<entities.processor.Processor object at 0x1180d1220>
173.77156000000062,0.0,71524,<entities.dtn.DTN object at 0x1180d1550>,<entities.processor.Processor object at 0x1180d1220>
174.77156000000062,0.0,71524,<entities.dtn.DTN object at 0x1180d1550>,<entities.processor.Processor object at 0x1180d1220>
175.77156000000062,0.0,71524,<entities.dtn.DTN object at 0x1180d1550>,<entities.processor.Processor object at 0x1180d1220>
176.77156000000062,0.0,71524,<entities.dtn.DTN object at 0x1180d1550>,<entities.processor.Processor object at 0x1180d1220>
177.77156000000062,0.0,71524,<entities.dtn.DTN object at 0x1180d1550>,<entities.processor.Processor object at 0x1180d1220>
178.77156000000062,0.0,71524,<entities.dtn.DTN object at 0x1180d1550>,<entities.processor.Processor object at 0x1180d1220>
179.77156000000062,0.0,71524,<entities.dtn.DTN object at 0x1180d1550>,<entities.processor.Processor object at 0x1180d1220>
180.77156000000062,0.0,71524,<entities.dtn.DTN object at 0x1180d1550>,<entities.processor.Processor object at 0x1180d1220>
181.77156000000062,0.0,71524,<entities.dtn.DTN object at 0x1180d1550>,<entities.processor.Processor object at 0x1180d1220>
182.77156000000062,0.0,71524,<entities.dtn.DTN object at 0x1180d1550>,<entities.processor.Processor object at 0x1180d1220>
183.77156000000062,0.0,71524,<entities.dtn.DTN object at 0x1180d1550>,<entities.processor.Processor object at 0x1180d1220>
184.77156000000062,0.0,71524,<entities.dtn.DTN object at 0x1180d1550>,<entities.processor.Processor object at 0x1180d1220>
185.77156000000062,0.0,71524,<entities.dtn.DTN object at 0x1180d1550>,<entities.processor.Processor object at 0x1180d1220>
186.77156000000062,0.0,71524,<entities.dtn.DTN object at 0x1180d1550>,<entities.processor.Processor object at 0x1180d1220>
187.77156000000062,0.0,71524,<entities.dtn.DTN object at 0x1180d1550>,<entities.processor.Processor object at 0x1180d1220>
188.77156000000062,0.0,71524,<entities.dtn.DTN object at 0x1180d1550>,<entities.processor.Processor object at 0x1180d1220>
189.77156000000062,0.0,71524,<entities.dtn.DTN object at 0x1180d1550>,<entities.processor.Processor object at 0x1180d1220>
190.77156000000062,0.0,71524,<entities.dtn.DTN object at 0x1180d1550>,<entities.processor.Processor object at 0x1180d1220>
191.77156000000062,0.0,71524,<entities.dtn.DTN object at 0x1180d1550>,<entities.processor.Processor object at 0x1180d1220>
192.77156000000062,0.0,71524,<entities.dtn.DTN object at 0x1180d1550>,<entities.processor.Processor object at 0x1180d1220>
193.77156000000062,0.0,71524,<entities.dtn.DTN object at 0x1180d1550>,<entities.processor.Processor object at 0x1180d1220>
194.77156000000062,0.0,71524,<entities.dtn.DTN object at 0x1180d1550>,<entities.processor.Processor object at 0x1180d1220>
195.77156000000062,0.0,71524,<entities.dtn.DTN object at 0x1180d1550>,<entities.processor.Processor object at 0x1180d1220>
196.77156000000062,0.0,71524,<entities.dtn.DTN object at 0x1180d1550>,<entities.processor.Processor object at 0x1180d1220>
197.77156000000062,0.0,71524,<entities.dtn.DTN object at 0x1180d1550>,<entities.processor.Processor object at 0x1180d1220>
198.77156000000062,0.0,71524,<entities.dtn.DTN object at 0x1180d1550>,<entities.processor.Processor object at 0x1180d1220>
199.77156000000062,0.0,71524,<entities.dtn.DTN object at 0x1180d1550>,<entities.processor.Processor object at 0x1180d1220>
47.77169000000063,0.0,52866,<entities.dtn.DTN object at 0x1180d1550>,<entities.processor.Processor object at 0x1180d1220>
48.77169000000063,0.0,52866,<entities.dtn.DTN object at 0x1180d1550>,<entities.processor.Processor object at 0x1180d1220>
49.77169000000063,0.0,52866,<entities.dtn.DTN object at 0x1180d1550>,<entities.processor.Processor object at 0x1180d1220>
50.77169000000063,0.0,52866,<entities.dtn.DTN object at 0x1180d1550>,<entities.processor.Processor object at 0x1180d1220>
51.77169000000063,0.0,52866,<entities.dtn.DTN object at 0x1180d1550>,<entities.processor.Processor object at 0x1180d1220>
52.77169000000063,0.0,52866,<entities.dtn.DTN object at 0x1180d1550>,<entities.processor.Processor object at 0x1180d1220>
53.77169000000063,0.0,52866,<entities.dtn.DTN object at 0x1180d1550>,<entities.processor.Processor object at 0x1180d1220>
54.77169000000063,0.0,52866,<entities.dtn.DTN object at 0x1180d1550>,<entities.processor.Processor object at 0x1180d1220>
55.77169000000063,0.0,52866,<entities.dtn.DTN object at 0x1180d1550>,<entities.processor.Processor object at 0x1180d1220>
56.77169000000063,0.0,52866,<entities.dtn.DTN object at 0x1180d1550>,<entities.processor.Processor object at 0x1180d1220>
57.77169000000063,0.0,52866,<entities.dtn.DTN object at 0x1180d1550>,<entities.processor.Processor object at 0x1180d1220>
58.77169000000063,0.0,52866,<entities.dtn.DTN object at 0x1180d1550>,<entities.processor.Processor object at 0x1180d1220>
59.77169000000063,0.0,52866,<entities.dtn.DTN object at 0x1180d1550>,<entities.processor.Processor object at 0x1180d1220>
60.77169000000063,0.0,52866,<entities.dtn.DTN object at 0x1180d1550>,<entities.processor.Processor object at 0x1180d1220>
61.77169000000063,0.0,52866,<entities.dtn.DTN object at 0x1180d1550>,<entities.processor.Processor object at 0x1180d1220>
62.77169000000063,0.0,52866,<entities.dtn.DTN object at 0x1180d1550>,<entities.processor.Processor object at 0x1180d1220>
63.77169000000063,0.0,52866,<entities.dtn.DTN object at 0x1180d1550>,<entities.processor.Processor object at 0x1180d1220>
64.77169000000063,0.0,52866,<entities.dtn.DTN object at 0x1180d1550>,<entities.processor.Processor object at 0x1180d1220>
65.77169000000063,0.0,52866,<entities.dtn.DTN object at 0x1180d1550>,<entities.processor.Processor object at 0x1180d1220>
66.77169000000063,0.0,52866,<entities.dtn.DTN object at 0x1180d1550>,<entities.processor.Processor object at 0x1180d1220>
67.77169000000063,0.0,52866,<entities.dtn.DTN object at 0x1180d1550>,<entities.processor.Processor object at 0x1180d1220>
68.77169000000063,0.0,52866,<entities.dtn.DTN object at 0x1180d1550>,<entities.processor.Processor object at 0x1180d1220>
69.77169000000063,0.0,52866,<entities.dtn.DTN object at 0x1180d1550>,<entities.processor.Processor object at 0x1180d1220>
70.77169000000063,0.0,52866,<entities.dtn.DTN object at 0x1180d1550>,<entities.processor.Processor object at 0x1180d1220>
71.77169000000063,0.0,52866,<entities.dtn.DTN object at 0x1180d1550>,<entities.processor.Processor object at 0x1180d1220>
72.77169000000063,0.0,52866,<entities.dtn.DTN object at 0x1180d1550>,<entities.processor.Processor object at 0x1180d1220>
73.77169000000063,0.0,52866,<entities.dtn.DTN object at 0x1180d1550>,<entities.processor.Processor object at 0x1180d1220>
74.77169000000063,0.0,52866,<entities.dtn.DTN object at 0x1180d1550>,<entities.processor.Processor object at 0x1180d1220>
75.77169000000063,0.0,52866,<entities.dtn.DTN object at 0x1180d1550>,<entities.processor.Processor object at 0x1180d1220>
76.77169000000063,0.0,52866,<entities.dtn.DTN object at 0x1180d1550>,<entities.processor.Processor object at 0x1180d1220>
77.77169000000063,0.0,52866,<entities.dtn.DTN object at 0x1180d1550>,<entities.processor.Processor object at 0x1180d1220>
78.77169000000063,0.0,52866,<entities.dtn.DTN object at 0x1180d1550>,<entities.processor.Processor object at 0x1180d1220>
79.77169000000063,0.0,52866,<entities.dtn.DTN object at 0x1180d1550>,<entities.processor.Processor object at 0x1180d1220>
80.77169000000063,0.0,52866,<entities.dtn.DTN object at 0x1180d1550>,<entities.processor.Processor object at 0x1180d1220>
81.77169000000063,0.0,52866,<entities.dtn.DTN object at 0x1180d1550>,<entities.processor.Processor object at 0x1180d1220>
82.77169000000063,0.0,52866,<entities.dtn.DTN object at 0x1180d1550>,<entities.processor.Processor object at 0x1180d1220>
83.77169000000063,0.0,52866,<entities.dtn.DTN object at 0x1180d1550>,<entities.processor.Processor object at 0x1180d1220>
84.77169000000063,0.0,52866,<entities.dtn.DTN object at 0x1180d1550>,<entities.processor.Processor object at 0x1180d1220>
85.77169000000063,0.0,52866,<entities.dtn.DTN object at 0x1180d1550>,<entities.processor.Processor object at 0x1180d1220>
86.77169000000063,0.0,52866,<entities.dtn.DTN object at 0x1180d1550>,<entities.processor.Processor object at 0x1180d1220>
87.77169000000063,0.0,52866,<entities.dtn.DTN object at 0x1180d1550>,<entities.processor.Processor object at 0x1180d1220>
88.77169000000063,0.0,52866,<entities.dtn.DTN object at 0x1180d1550>,<entities.processor.Processor object at 0x1180d1220>
89.77169000000063,0.0,52866,<entities.dtn.DTN object at 0x1180d1550>,<entities.processor.Processor object at 0x1180d1220>
90.77169000000063,0.0,52866,<entities.dtn.DTN object at 0x1180d1550>,<entities.processor.Processor object at 0x1180d1220>
91.77169000000063,0.0,52866,<entities.dtn.DTN object at 0x1180d1550>,<entities.processor.Processor object at 0x1180d1220>
92.77169000000063,0.0,52866,<entities.dtn.DTN object at 0x1180d1550>,<entities.processor.Processor object at 0x1180d1220>
93.77169000000063,0.0,52866,<entities.dtn.DTN object at 0x1180d1550>,<entities.processor.Processor object at 0x1180d1220>
94.77169000000063,0.0,52866,<entities.dtn.DTN object at 0x1180d1550>,<entities.processor.Processor object at 0x1180d1220>
95.77169000000063,0.0,52866,<entities.dtn.DTN object at 0x1180d1550>,<entities.processor.Processor object at 0x1180d1220>
96.77169000000063,0.0,52866,<entities.dtn.DTN object at 0x1180d1550>,<entities.processor.Processor object at 0x1180d1220>
97.77169000000063,0.0,52866,<entities.dtn.DTN object at 0x1180d1550>,<entities.processor.Processor object at 0x1180d1220>
98.77169000000063,0.0,52866,<entities.dtn.DTN object at 0x1180d1550>,<entities.processor.Processor object at 0x1180d1220>
99.77169000000063,0.0,52866,<entities.dtn.DTN object at 0x1180d1550>,<entities.processor.Processor object at 0x1180d1220>
100.77169000000063,0.0,52866,<entities.dtn.DTN object at 0x1180d1550>,<entities.processor.Processor object at 0x1180d1220>
101.77169000000063,0.0,52866,<entities.dtn.DTN object at 0x1180d1550>,<entities.processor.Processor object at 0x1180d1220>
102.77169000000063,0.0,52866,<entities.dtn.DTN object at 0x1180d1550>,<entities.processor.Processor object at 0x1180d1220>
103.77169000000063,0.0,52866,<entities.dtn.DTN object at 0x1180d1550>,<entities.processor.Processor object at 0x1180d1220>
104.77169000000063,0.0,52866,<entities.dtn.DTN object at 0x1180d1550>,<entities.processor.Processor object at 0x1180d1220>
105.77169000000063,0.0,52866,<entities.dtn.DTN object at 0x1180d1550>,<entities.processor.Processor object at 0x1180d1220>
106.77169000000063,0.0,52866,<entities.dtn.DTN object at 0x1180d1550>,<entities.processor.Processor object at 0x1180d1220>
107.77169000000063,0.0,52866,<entities.dtn.DTN object at 0x1180d1550>,<entities.processor.Processor object at 0x1180d1220>
108.77169000000063,0.0,52866,<entities.dtn.DTN object at 0x1180d1550>,<entities.processor.Processor object at 0x1180d1220>
109.77169000000063,0.0,52866,<entities.dtn.DTN object at 0x1180d1550>,<entities.processor.Processor object at 0x1180d1220>
110.77169000000063,0.0,52866,<entities.dtn.DTN object at 0x1180d1550>,<entities.processor.Processor object at 0x1180d1220>
111.77169000000063,0.0,52866,<entities.dtn.DTN object at 0x1180d1550>,<entities.processor.Processor object at 0x1180d1220>
112.77169000000063,0.0,52866,<entities.dtn.DTN object at 0x1180d1550>,<entities.processor.Processor object at 0x1180d1220>
113.77169000000063,0.0,52866,<entities.dtn.DTN object at 0x1180d1550>,<entities.processor.Processor object at 0x1180d1220>
114.77169000000063,0.0,52866,<entities.dtn.DTN object at 0x1180d1550>,<entities.processor.Processor object at 0x1180d1220>
115.77169000000063,0.0,52866,<entities.dtn.DTN object at 0x1180d1550>,<entities.processor.Processor object at 0x1180d1220>
116.77169000000063,0.0,52866,<entities.dtn.DTN object at 0x1180d1550>,<entities.processor.Processor object at 0x1180d1220>
117.77169000000063,0.0,52866,<entities.dtn.DTN object at 0x1180d1550>,<entities.processor.Processor object at 0x1180d1220>
118.77169000000063,0.0,52866,<entities.dtn.DTN object at 0x1180d1550>,<entities.processor.Processor object at 0x1180d1220>
119.77169000000063,0.0,52866,<entities.dtn.DTN object at 0x1180d1550>,<entities.processor.Processor object at 0x1180d1220>
120.77169000000063,0.0,52866,<entities.dtn.DTN object at 0x1180d1550>,<entities.processor.Processor object at 0x1180d1220>
121.77169000000063,0.0,52866,<entities.dtn.DTN object at 0x1180d1550>,<entities.processor.Processor object at 0x1180d1220>
122.77169000000063,0.0,52866,<entities.dtn.DTN object at 0x1180d1550>,<entities.processor.Processor object at 0x1180d1220>
123.77169000000063,0.0,52866,<entities.dtn.DTN object at 0x1180d1550>,<entities.processor.Processor object at 0x1180d1220>
124.77169000000063,0.0,52866,<entities.dtn.DTN object at 0x1180d1550>,<entities.processor.Processor object at 0x1180d1220>
125.77169000000063,0.0,52866,<entities.dtn.DTN object at 0x1180d1550>,<entities.processor.Processor object at 0x1180d1220>
126.77169000000063,0.0,52866,<entities.dtn.DTN object at 0x1180d1550>,<entities.processor.Processor object at 0x1180d1220>
127.77169000000063,0.0,52866,<entities.dtn.DTN object at 0x1180d1550>,<entities.processor.Processor object at 0x1180d1220>
128.77169000000063,0.0,52866,<entities.dtn.DTN object at 0x1180d1550>,<entities.processor.Processor object at 0x1180d1220>
129.77169000000063,0.0,52866,<entities.dtn.DTN object at 0x1180d1550>,<entities.processor.Processor object at 0x1180d1220>
130.77169000000063,0.0,52866,<entities.dtn.DTN object at 0x1180d1550>,<entities.processor.Processor object at 0x1180d1220>
131.77169000000063,0.0,52866,<entities.dtn.DTN object at 0x1180d1550>,<entities.processor.Processor object at 0x1180d1220>
132.77169000000063,0.0,52866,<entities.dtn.DTN object at 0x1180d1550>,<entities.processor.Processor object at 0x1180d1220>
133.77169000000063,0.0,52866,<entities.dtn.DTN object at 0x1180d1550>,<entities.processor.Processor object at 0x1180d1220>
134.77169000000063,0.0,52866,<entities.dtn.DTN object at 0x1180d1550>,<entities.processor.Processor object at 0x1180d1220>
135.77169000000063,0.0,52866,<entities.dtn.DTN object at 0x1180d1550>,<entities.processor.Processor object at 0x1180d1220>
136.77169000000063,0.0,52866,<entities.dtn.DTN object at 0x1180d1550>,<entities.processor.Processor object at 0x1180d1220>
137.77169000000063,0.0,52866,<entities.dtn.DTN object at 0x1180d1550>,<entities.processor.Processor object at 0x1180d1220>
138.77169000000063,0.0,52866,<entities.dtn.DTN object at 0x1180d1550>,<entities.processor.Processor object at 0x1180d1220>
139.77169000000063,0.0,52866,<entities.dtn.DTN object at 0x1180d1550>,<entities.processor.Processor object at 0x1180d1220>
140.77169000000063,0.0,52866,<entities.dtn.DTN object at 0x1180d1550>,<entities.processor.Processor object at 0x1180d1220>
141.77169000000063,0.0,52866,<entities.dtn.DTN object at 0x1180d1550>,<entities.processor.Processor object at 0x1180d1220>
142.77169000000063,0.0,52866,<entities.dtn.DTN object at 0x1180d1550>,<entities.processor.Processor object at 0x1180d1220>
143.77169000000063,0.0,52866,<entities.dtn.DTN object at 0x1180d1550>,<entities.processor.Processor object at 0x1180d1220>
144.77169000000063,0.0,52866,<entities.dtn.DTN object at 0x1180d1550>,<entities.processor.Processor object at 0x1180d1220>
145.77169000000063,0.0,52866,<entities.dtn.DTN object at 0x1180d1550>,<entities.processor.Processor object at 0x1180d1220>
146.77169000000063,0.0,52866,<entities.dtn.DTN object at 0x1180d1550>,<entities.processor.Processor object at 0x1180d1220>
147.77169000000063,0.0,52866,<entities.dtn.DTN object at 0x1180d1550>,<entities.processor.Processor object at 0x1180d1220>
148.77169000000063,0.0,52866,<entities.dtn.DTN object at 0x1180d1550>,<entities.processor.Processor object at 0x1180d1220>
149.77169000000063,0.0,52866,<entities.dtn.DTN object at 0x1180d1550>,<entities.processor.Processor object at 0x1180d1220>
150.77169000000063,0.0,52866,<entities.dtn.DTN object at 0x1180d1550>,<entities.processor.Processor object at 0x1180d1220>
151.77169000000063,0.0,52866,<entities.dtn.DTN object at 0x1180d1550>,<entities.processor.Processor object at 0x1180d1220>
152.77169000000063,0.0,52866,<entities.dtn.DTN object at 0x1180d1550>,<entities.processor.Processor object at 0x1180d1220>
153.77169000000063,0.0,52866,<entities.dtn.DTN object at 0x1180d1550>,<entities.processor.Processor object at 0x1180d1220>
154.77169000000063,0.0,52866,<entities.dtn.DTN object at 0x1180d1550>,<entities.processor.Processor object at 0x1180d1220>
155.77169000000063,0.0,52866,<entities.dtn.DTN object at 0x1180d1550>,<entities.processor.Processor object at 0x1180d1220>
156.77169000000063,0.0,52866,<entities.dtn.DTN object at 0x1180d1550>,<entities.processor.Processor object at 0x1180d1220>
157.77169000000063,0.0,52866,<entities.dtn.DTN object at 0x1180d1550>,<entities.processor.Processor object at 0x1180d1220>
158.77169000000063,0.0,52866,<entities.dtn.DTN object at 0x1180d1550>,<entities.processor.Processor object at 0x1180d1220>
159.77169000000063,0.0,52866,<entities.dtn.DTN object at 0x1180d1550>,<entities.processor.Processor object at 0x1180d1220>
160.77169000000063,0.0,52866,<entities.dtn.DTN object at 0x1180d1550>,<entities.processor.Processor object at 0x1180d1220>
161.77169000000063,0.0,52866,<entities.dtn.DTN object at 0x1180d1550>,<entities.processor.Processor object at 0x1180d1220>
162.77169000000063,0.0,52866,<entities.dtn.DTN object at 0x1180d1550>,<entities.processor.Processor object at 0x1180d1220>
163.77169000000063,0.0,52866,<entities.dtn.DTN object at 0x1180d1550>,<entities.processor.Processor object at 0x1180d1220>
164.77169000000063,0.0,52866,<entities.dtn.DTN object at 0x1180d1550>,<entities.processor.Processor object at 0x1180d1220>
165.77169000000063,0.0,52866,<entities.dtn.DTN object at 0x1180d1550>,<entities.processor.Processor object at 0x1180d1220>
166.77169000000063,0.0,52866,<entities.dtn.DTN object at 0x1180d1550>,<entities.processor.Processor object at 0x1180d1220>
167.77169000000063,0.0,52866,<entities.dtn.DTN object at 0x1180d1550>,<entities.processor.Processor object at 0x1180d1220>
168.77169000000063,0.0,52866,<entities.dtn.DTN object at 0x1180d1550>,<entities.processor.Processor object at 0x1180d1220>
169.77169000000063,0.0,52866,<entities.dtn.DTN object at 0x1180d1550>,<entities.processor.Processor object at 0x1180d1220>
170.77169000000063,0.0,52866,<entities.dtn.DTN object at 0x1180d1550>,<entities.processor.Processor object at 0x1180d1220>
171.77169000000063,0.0,52866,<entities.dtn.DTN object at 0x1180d1550>,<entities.processor.Processor object at 0x1180d1220>
172.77169000000063,0.0,52866,<entities.dtn.DTN object at 0x1180d1550>,<entities.processor.Processor object at 0x1180d1220>
173.77169000000063,0.0,52866,<entities.dtn.DTN object at 0x1180d1550>,<entities.processor.Processor object at 0x1180d1220>
174.77169000000063,0.0,52866,<entities.dtn.DTN object at 0x1180d1550>,<entities.processor.Processor object at 0x1180d1220>
175.77169000000063,0.0,52866,<entities.dtn.DTN object at 0x1180d1550>,<entities.processor.Processor object at 0x1180d1220>
176.77169000000063,0.0,52866,<entities.dtn.DTN object at 0x1180d1550>,<entities.processor.Processor object at 0x1180d1220>
177.77169000000063,0.0,52866,<entities.dtn.DTN object at 0x1180d1550>,<entities.processor.Processor object at 0x1180d1220>
178.77169000000063,0.0,52866,<entities.dtn.DTN object at 0x1180d1550>,<entities.processor.Processor object at 0x1180d1220>
179.77169000000063,0.0,52866,<entities.dtn.DTN object at 0x1180d1550>,<entities.processor.Processor object at 0x1180d1220>
180.77169000000063,0.0,52866,<entities.dtn.DTN object at 0x1180d1550>,<entities.processor.Processor object at 0x1180d1220>
181.77169000000063,0.0,52866,<entities.dtn.DTN object at 0x1180d1550>,<entities.processor.Processor object at 0x1180d1220>
182.77169000000063,0.0,52866,<entities.dtn.DTN object at 0x1180d1550>,<entities.processor.Processor object at 0x1180d1220>
183.77169000000063,0.0,52866,<entities.dtn.DTN object at 0x1180d1550>,<entities.processor.Processor object at 0x1180d1220>
184.77169000000063,0.0,52866,<entities.dtn.DTN object at 0x1180d1550>,<entities.processor.Processor object at 0x1180d1220>
185.77169000000063,0.0,52866,<entities.dtn.DTN object at 0x1180d1550>,<entities.processor.Processor object at 0x1180d1220>
186.77169000000063,0.0,52866,<entities.dtn.DTN object at 0x1180d1550>,<entities.processor.Processor object at 0x1180d1220>
187.77169000000063,0.0,52866,<entities.dtn.DTN object at 0x1180d1550>,<entities.processor.Processor object at 0x1180d1220>
188.77169000000063,0.0,52866,<entities.dtn.DTN object at 0x1180d1550>,<entities.processor.Processor object at 0x1180d1220>
189.77169000000063,0.0,52866,<entities.dtn.DTN object at 0x1180d1550>,<entities.processor.Processor object at 0x1180d1220>
190.77169000000063,0.0,52866,<entities.dtn.DTN object at 0x1180d1550>,<entities.processor.Processor object at 0x1180d1220>
191.77169000000063,0.0,52866,<entities.dtn.DTN object at 0x1180d1550>,<entities.processor.Processor object at 0x1180d1220>
192.77169000000063,0.0,52866,<entities.dtn.DTN object at 0x1180d1550>,<entities.processor.Processor object at 0x1180d1220>
193.77169000000063,0.0,52866,<entities.dtn.DTN object at 0x1180d1550>,<entities.processor.Processor object at 0x1180d1220>
194.77169000000063,0.0,52866,<entities.dtn.DTN object at 0x1180d1550>,<entities.processor.Processor object at 0x1180d1220>
195.77169000000063,0.0,52866,<entities.dtn.DTN object at 0x1180d1550>,<entities.processor.Processor object at 0x1180d1220>
196.77169000000063,0.0,52866,<entities.dtn.DTN object at 0x1180d1550>,<entities.processor.Processor object at 0x1180d1220>
197.77169000000063,0.0,52866,<entities.dtn.DTN object at 0x1180d1550>,<entities.processor.Processor object at 0x1180d1220>
198.77169000000063,0.0,52866,<entities.dtn.DTN object at 0x1180d1550>,<entities.processor.Processor object at 0x1180d1220>
199.77169000000063,0.0,52866,<entities.dtn.DTN object at 0x1180d1550>,<entities.processor.Processor object at 0x1180d1220>
49.0,0.0,91662,<entities.processor.Processor object at 0x1180b7ee0>,<entities.dtn.DTN object at 0x1180d1550>
49.071820000000656,0.0,19125,<entities.dtn.DTN object at 0x1180d1550>,<entities.processor.Processor object at 0x1180b7ee0>
50.071820000000656,0.0,19125,<entities.dtn.DTN object at 0x1180d1550>,<entities.processor.Processor object at 0x1180b7ee0>
51.071820000000656,0.0,19125,<entities.dtn.DTN object at 0x1180d1550>,<entities.processor.Processor object at 0x1180b7ee0>
52.071820000000656,0.0,19125,<entities.dtn.DTN object at 0x1180d1550>,<entities.processor.Processor object at 0x1180b7ee0>
53.071820000000656,0.0,19125,<entities.dtn.DTN object at 0x1180d1550>,<entities.processor.Processor object at 0x1180b7ee0>
54.071820000000656,0.0,19125,<entities.dtn.DTN object at 0x1180d1550>,<entities.processor.Processor object at 0x1180b7ee0>
55.071820000000656,0.0,19125,<entities.dtn.DTN object at 0x1180d1550>,<entities.processor.Processor object at 0x1180b7ee0>
56.071820000000656,0.0,19125,<entities.dtn.DTN object at 0x1180d1550>,<entities.processor.Processor object at 0x1180b7ee0>
57.071820000000656,0.0,19125,<entities.dtn.DTN object at 0x1180d1550>,<entities.processor.Processor object at 0x1180b7ee0>
58.071820000000656,0.0,19125,<entities.dtn.DTN object at 0x1180d1550>,<entities.processor.Processor object at 0x1180b7ee0>
59.071820000000656,0.0,19125,<entities.dtn.DTN object at 0x1180d1550>,<entities.processor.Processor object at 0x1180b7ee0>
60.071820000000656,0.0,19125,<entities.dtn.DTN object at 0x1180d1550>,<entities.processor.Processor object at 0x1180b7ee0>
61.071820000000656,0.0,19125,<entities.dtn.DTN object at 0x1180d1550>,<entities.processor.Processor object at 0x1180b7ee0>
62.071820000000656,0.0,19125,<entities.dtn.DTN object at 0x1180d1550>,<entities.processor.Processor object at 0x1180b7ee0>
63.071820000000656,0.0,19125,<entities.dtn.DTN object at 0x1180d1550>,<entities.processor.Processor object at 0x1180b7ee0>
64.07182000000066,0.0,19125,<entities.dtn.DTN object at 0x1180d1550>,<entities.processor.Processor object at 0x1180b7ee0>
65.07182000000066,0.0,19125,<entities.dtn.DTN object at 0x1180d1550>,<entities.processor.Processor object at 0x1180b7ee0>
66.07182000000066,0.0,19125,<entities.dtn.DTN object at 0x1180d1550>,<entities.processor.Processor object at 0x1180b7ee0>
67.07182000000066,0.0,19125,<entities.dtn.DTN object at 0x1180d1550>,<entities.processor.Processor object at 0x1180b7ee0>
68.07182000000066,0.0,19125,<entities.dtn.DTN object at 0x1180d1550>,<entities.processor.Processor object at 0x1180b7ee0>
69.07182000000066,0.0,19125,<entities.dtn.DTN object at 0x1180d1550>,<entities.processor.Processor object at 0x1180b7ee0>
70.07182000000066,0.0,19125,<entities.dtn.DTN object at 0x1180d1550>,<entities.processor.Processor object at 0x1180b7ee0>
71.07182000000066,0.0,19125,<entities.dtn.DTN object at 0x1180d1550>,<entities.processor.Processor object at 0x1180b7ee0>
72.07182000000066,0.0,19125,<entities.dtn.DTN object at 0x1180d1550>,<entities.processor.Processor object at 0x1180b7ee0>
73.07182000000066,0.0,19125,<entities.dtn.DTN object at 0x1180d1550>,<entities.processor.Processor object at 0x1180b7ee0>
74.07182000000066,0.0,19125,<entities.dtn.DTN object at 0x1180d1550>,<entities.processor.Processor object at 0x1180b7ee0>
75.07182000000066,0.0,19125,<entities.dtn.DTN object at 0x1180d1550>,<entities.processor.Processor object at 0x1180b7ee0>
76.07182000000066,0.0,19125,<entities.dtn.DTN object at 0x1180d1550>,<entities.processor.Processor object at 0x1180b7ee0>
77.07182000000066,0.0,19125,<entities.dtn.DTN object at 0x1180d1550>,<entities.processor.Processor object at 0x1180b7ee0>
78.07182000000066,0.0,19125,<entities.dtn.DTN object at 0x1180d1550>,<entities.processor.Processor object at 0x1180b7ee0>
79.07182000000066,0.0,19125,<entities.dtn.DTN object at 0x1180d1550>,<entities.processor.Processor object at 0x1180b7ee0>
80.07182000000066,0.0,19125,<entities.dtn.DTN object at 0x1180d1550>,<entities.processor.Processor object at 0x1180b7ee0>
81.07182000000066,0.0,19125,<entities.dtn.DTN object at 0x1180d1550>,<entities.processor.Processor object at 0x1180b7ee0>
82.07182000000066,0.0,19125,<entities.dtn.DTN object at 0x1180d1550>,<entities.processor.Processor object at 0x1180b7ee0>
83.07182000000066,0.0,19125,<entities.dtn.DTN object at 0x1180d1550>,<entities.processor.Processor object at 0x1180b7ee0>
84.07182000000066,0.0,19125,<entities.dtn.DTN object at 0x1180d1550>,<entities.processor.Processor object at 0x1180b7ee0>
85.07182000000066,0.0,19125,<entities.dtn.DTN object at 0x1180d1550>,<entities.processor.Processor object at 0x1180b7ee0>
86.07182000000066,0.0,19125,<entities.dtn.DTN object at 0x1180d1550>,<entities.processor.Processor object at 0x1180b7ee0>
87.07182000000066,0.0,19125,<entities.dtn.DTN object at 0x1180d1550>,<entities.processor.Processor object at 0x1180b7ee0>
88.07182000000066,0.0,19125,<entities.dtn.DTN object at 0x1180d1550>,<entities.processor.Processor object at 0x1180b7ee0>
89.07182000000066,0.0,19125,<entities.dtn.DTN object at 0x1180d1550>,<entities.processor.Processor object at 0x1180b7ee0>
90.07182000000066,0.0,19125,<entities.dtn.DTN object at 0x1180d1550>,<entities.processor.Processor object at 0x1180b7ee0>
91.07182000000066,0.0,19125,<entities.dtn.DTN object at 0x1180d1550>,<entities.processor.Processor object at 0x1180b7ee0>
92.07182000000066,0.0,19125,<entities.dtn.DTN object at 0x1180d1550>,<entities.processor.Processor object at 0x1180b7ee0>
93.07182000000066,0.0,19125,<entities.dtn.DTN object at 0x1180d1550>,<entities.processor.Processor object at 0x1180b7ee0>
94.07182000000066,0.0,19125,<entities.dtn.DTN object at 0x1180d1550>,<entities.processor.Processor object at 0x1180b7ee0>
95.07182000000066,0.0,19125,<entities.dtn.DTN object at 0x1180d1550>,<entities.processor.Processor object at 0x1180b7ee0>
96.07182000000066,0.0,19125,<entities.dtn.DTN object at 0x1180d1550>,<entities.processor.Processor object at 0x1180b7ee0>
97.07182000000066,0.0,19125,<entities.dtn.DTN object at 0x1180d1550>,<entities.processor.Processor object at 0x1180b7ee0>
98.07182000000066,0.0,19125,<entities.dtn.DTN object at 0x1180d1550>,<entities.processor.Processor object at 0x1180b7ee0>
99.07182000000066,0.0,19125,<entities.dtn.DTN object at 0x1180d1550>,<entities.processor.Processor object at 0x1180b7ee0>
100.07182000000066,0.0,19125,<entities.dtn.DTN object at 0x1180d1550>,<entities.processor.Processor object at 0x1180b7ee0>
101.07182000000066,0.0,19125,<entities.dtn.DTN object at 0x1180d1550>,<entities.processor.Processor object at 0x1180b7ee0>
102.07182000000066,0.0,19125,<entities.dtn.DTN object at 0x1180d1550>,<entities.processor.Processor object at 0x1180b7ee0>
103.07182000000066,0.0,19125,<entities.dtn.DTN object at 0x1180d1550>,<entities.processor.Processor object at 0x1180b7ee0>
104.07182000000066,0.0,19125,<entities.dtn.DTN object at 0x1180d1550>,<entities.processor.Processor object at 0x1180b7ee0>
105.07182000000066,0.0,19125,<entities.dtn.DTN object at 0x1180d1550>,<entities.processor.Processor object at 0x1180b7ee0>
106.07182000000066,0.0,19125,<entities.dtn.DTN object at 0x1180d1550>,<entities.processor.Processor object at 0x1180b7ee0>
107.07182000000066,0.0,19125,<entities.dtn.DTN object at 0x1180d1550>,<entities.processor.Processor object at 0x1180b7ee0>
108.07182000000066,0.0,19125,<entities.dtn.DTN object at 0x1180d1550>,<entities.processor.Processor object at 0x1180b7ee0>
109.07182000000066,0.0,19125,<entities.dtn.DTN object at 0x1180d1550>,<entities.processor.Processor object at 0x1180b7ee0>
110.07182000000066,0.0,19125,<entities.dtn.DTN object at 0x1180d1550>,<entities.processor.Processor object at 0x1180b7ee0>
111.07182000000066,0.0,19125,<entities.dtn.DTN object at 0x1180d1550>,<entities.processor.Processor object at 0x1180b7ee0>
112.07182000000066,0.0,19125,<entities.dtn.DTN object at 0x1180d1550>,<entities.processor.Processor object at 0x1180b7ee0>
113.07182000000066,0.0,19125,<entities.dtn.DTN object at 0x1180d1550>,<entities.processor.Processor object at 0x1180b7ee0>
114.07182000000066,0.0,19125,<entities.dtn.DTN object at 0x1180d1550>,<entities.processor.Processor object at 0x1180b7ee0>
115.07182000000066,0.0,19125,<entities.dtn.DTN object at 0x1180d1550>,<entities.processor.Processor object at 0x1180b7ee0>
116.07182000000066,0.0,19125,<entities.dtn.DTN object at 0x1180d1550>,<entities.processor.Processor object at 0x1180b7ee0>
117.07182000000066,0.0,19125,<entities.dtn.DTN object at 0x1180d1550>,<entities.processor.Processor object at 0x1180b7ee0>
118.07182000000066,0.0,19125,<entities.dtn.DTN object at 0x1180d1550>,<entities.processor.Processor object at 0x1180b7ee0>
119.07182000000066,0.0,19125,<entities.dtn.DTN object at 0x1180d1550>,<entities.processor.Processor object at 0x1180b7ee0>
120.07182000000066,0.0,19125,<entities.dtn.DTN object at 0x1180d1550>,<entities.processor.Processor object at 0x1180b7ee0>
121.07182000000066,0.0,19125,<entities.dtn.DTN object at 0x1180d1550>,<entities.processor.Processor object at 0x1180b7ee0>
122.07182000000066,0.0,19125,<entities.dtn.DTN object at 0x1180d1550>,<entities.processor.Processor object at 0x1180b7ee0>
123.07182000000066,0.0,19125,<entities.dtn.DTN object at 0x1180d1550>,<entities.processor.Processor object at 0x1180b7ee0>
124.07182000000066,0.0,19125,<entities.dtn.DTN object at 0x1180d1550>,<entities.processor.Processor object at 0x1180b7ee0>
125.07182000000066,0.0,19125,<entities.dtn.DTN object at 0x1180d1550>,<entities.processor.Processor object at 0x1180b7ee0>
126.07182000000066,0.0,19125,<entities.dtn.DTN object at 0x1180d1550>,<entities.processor.Processor object at 0x1180b7ee0>
127.07182000000066,0.0,19125,<entities.dtn.DTN object at 0x1180d1550>,<entities.processor.Processor object at 0x1180b7ee0>
128.07182000000066,0.0,19125,<entities.dtn.DTN object at 0x1180d1550>,<entities.processor.Processor object at 0x1180b7ee0>
129.07182000000066,0.0,19125,<entities.dtn.DTN object at 0x1180d1550>,<entities.processor.Processor object at 0x1180b7ee0>
130.07182000000066,0.0,19125,<entities.dtn.DTN object at 0x1180d1550>,<entities.processor.Processor object at 0x1180b7ee0>
131.07182000000066,0.0,19125,<entities.dtn.DTN object at 0x1180d1550>,<entities.processor.Processor object at 0x1180b7ee0>
132.07182000000066,0.0,19125,<entities.dtn.DTN object at 0x1180d1550>,<entities.processor.Processor object at 0x1180b7ee0>
133.07182000000066,0.0,19125,<entities.dtn.DTN object at 0x1180d1550>,<entities.processor.Processor object at 0x1180b7ee0>
134.07182000000066,0.0,19125,<entities.dtn.DTN object at 0x1180d1550>,<entities.processor.Processor object at 0x1180b7ee0>
135.07182000000066,0.0,19125,<entities.dtn.DTN object at 0x1180d1550>,<entities.processor.Processor object at 0x1180b7ee0>
136.07182000000066,0.0,19125,<entities.dtn.DTN object at 0x1180d1550>,<entities.processor.Processor object at 0x1180b7ee0>
137.07182000000066,0.0,19125,<entities.dtn.DTN object at 0x1180d1550>,<entities.processor.Processor object at 0x1180b7ee0>
138.07182000000066,0.0,19125,<entities.dtn.DTN object at 0x1180d1550>,<entities.processor.Processor object at 0x1180b7ee0>
139.07182000000066,0.0,19125,<entities.dtn.DTN object at 0x1180d1550>,<entities.processor.Processor object at 0x1180b7ee0>
140.07182000000066,0.0,19125,<entities.dtn.DTN object at 0x1180d1550>,<entities.processor.Processor object at 0x1180b7ee0>
141.07182000000066,0.0,19125,<entities.dtn.DTN object at 0x1180d1550>,<entities.processor.Processor object at 0x1180b7ee0>
142.07182000000066,0.0,19125,<entities.dtn.DTN object at 0x1180d1550>,<entities.processor.Processor object at 0x1180b7ee0>
143.07182000000066,0.0,19125,<entities.dtn.DTN object at 0x1180d1550>,<entities.processor.Processor object at 0x1180b7ee0>
144.07182000000066,0.0,19125,<entities.dtn.DTN object at 0x1180d1550>,<entities.processor.Processor object at 0x1180b7ee0>
145.07182000000066,0.0,19125,<entities.dtn.DTN object at 0x1180d1550>,<entities.processor.Processor object at 0x1180b7ee0>
146.07182000000066,0.0,19125,<entities.dtn.DTN object at 0x1180d1550>,<entities.processor.Processor object at 0x1180b7ee0>
147.07182000000066,0.0,19125,<entities.dtn.DTN object at 0x1180d1550>,<entities.processor.Processor object at 0x1180b7ee0>
148.07182000000066,0.0,19125,<entities.dtn.DTN object at 0x1180d1550>,<entities.processor.Processor object at 0x1180b7ee0>
149.07182000000066,0.0,19125,<entities.dtn.DTN object at 0x1180d1550>,<entities.processor.Processor object at 0x1180b7ee0>
150.07182000000066,0.0,19125,<entities.dtn.DTN object at 0x1180d1550>,<entities.processor.Processor object at 0x1180b7ee0>
151.07182000000066,0.0,19125,<entities.dtn.DTN object at 0x1180d1550>,<entities.processor.Processor object at 0x1180b7ee0>
152.07182000000066,0.0,19125,<entities.dtn.DTN object at 0x1180d1550>,<entities.processor.Processor object at 0x1180b7ee0>
153.07182000000066,0.0,19125,<entities.dtn.DTN object at 0x1180d1550>,<entities.processor.Processor object at 0x1180b7ee0>
154.07182000000066,0.0,19125,<entities.dtn.DTN object at 0x1180d1550>,<entities.processor.Processor object at 0x1180b7ee0>
155.07182000000066,0.0,19125,<entities.dtn.DTN object at 0x1180d1550>,<entities.processor.Processor object at 0x1180b7ee0>
156.07182000000066,0.0,19125,<entities.dtn.DTN object at 0x1180d1550>,<entities.processor.Processor object at 0x1180b7ee0>
157.07182000000066,0.0,19125,<entities.dtn.DTN object at 0x1180d1550>,<entities.processor.Processor object at 0x1180b7ee0>
158.07182000000066,0.0,19125,<entities.dtn.DTN object at 0x1180d1550>,<entities.processor.Processor object at 0x1180b7ee0>
159.07182000000066,0.0,19125,<entities.dtn.DTN object at 0x1180d1550>,<entities.processor.Processor object at 0x1180b7ee0>
160.07182000000066,0.0,19125,<entities.dtn.DTN object at 0x1180d1550>,<entities.processor.Processor object at 0x1180b7ee0>
161.07182000000066,0.0,19125,<entities.dtn.DTN object at 0x1180d1550>,<entities.processor.Processor object at 0x1180b7ee0>
162.07182000000066,0.0,19125,<entities.dtn.DTN object at 0x1180d1550>,<entities.processor.Processor object at 0x1180b7ee0>
163.07182000000066,0.0,19125,<entities.dtn.DTN object at 0x1180d1550>,<entities.processor.Processor object at 0x1180b7ee0>
164.07182000000066,0.0,19125,<entities.dtn.DTN object at 0x1180d1550>,<entities.processor.Processor object at 0x1180b7ee0>
165.07182000000066,0.0,19125,<entities.dtn.DTN object at 0x1180d1550>,<entities.processor.Processor object at 0x1180b7ee0>
166.07182000000066,0.0,19125,<entities.dtn.DTN object at 0x1180d1550>,<entities.processor.Processor object at 0x1180b7ee0>
167.07182000000066,0.0,19125,<entities.dtn.DTN object at 0x1180d1550>,<entities.processor.Processor object at 0x1180b7ee0>
168.07182000000066,0.0,19125,<entities.dtn.DTN object at 0x1180d1550>,<entities.processor.Processor object at 0x1180b7ee0>
169.07182000000066,0.0,19125,<entities.dtn.DTN object at 0x1180d1550>,<entities.processor.Processor object at 0x1180b7ee0>
170.07182000000066,0.0,19125,<entities.dtn.DTN object at 0x1180d1550>,<entities.processor.Processor object at 0x1180b7ee0>
171.07182000000066,0.0,19125,<entities.dtn.DTN object at 0x1180d1550>,<entities.processor.Processor object at 0x1180b7ee0>
172.07182000000066,0.0,19125,<entities.dtn.DTN object at 0x1180d1550>,<entities.processor.Processor object at 0x1180b7ee0>
173.07182000000066,0.0,19125,<entities.dtn.DTN object at 0x1180d1550>,<entities.processor.Processor object at 0x1180b7ee0>
174.07182000000066,0.0,19125,<entities.dtn.DTN object at 0x1180d1550>,<entities.processor.Processor object at 0x1180b7ee0>
175.07182000000066,0.0,19125,<entities.dtn.DTN object at 0x1180d1550>,<entities.processor.Processor object at 0x1180b7ee0>
176.07182000000066,0.0,19125,<entities.dtn.DTN object at 0x1180d1550>,<entities.processor.Processor object at 0x1180b7ee0>
177.07182000000066,0.0,19125,<entities.dtn.DTN object at 0x1180d1550>,<entities.processor.Processor object at 0x1180b7ee0>
178.07182000000066,0.0,19125,<entities.dtn.DTN object at 0x1180d1550>,<entities.processor.Processor object at 0x1180b7ee0>
179.07182000000066,0.0,19125,<entities.dtn.DTN object at 0x1180d1550>,<entities.processor.Processor object at 0x1180b7ee0>
180.07182000000066,0.0,19125,<entities.dtn.DTN object at 0x1180d1550>,<entities.processor.Processor object at 0x1180b7ee0>
181.07182000000066,0.0,19125,<entities.dtn.DTN object at 0x1180d1550>,<entities.processor.Processor object at 0x1180b7ee0>
182.07182000000066,0.0,19125,<entities.dtn.DTN object at 0x1180d1550>,<entities.processor.Processor object at 0x1180b7ee0>
183.07182000000066,0.0,19125,<entities.dtn.DTN object at 0x1180d1550>,<entities.processor.Processor object at 0x1180b7ee0>
184.07182000000066,0.0,19125,<entities.dtn.DTN object at 0x1180d1550>,<entities.processor.Processor object at 0x1180b7ee0>
185.07182000000066,0.0,19125,<entities.dtn.DTN object at 0x1180d1550>,<entities.processor.Processor object at 0x1180b7ee0>
186.07182000000066,0.0,19125,<entities.dtn.DTN object at 0x1180d1550>,<entities.processor.Processor object at 0x1180b7ee0>
187.07182000000066,0.0,19125,<entities.dtn.DTN object at 0x1180d1550>,<entities.processor.Processor object at 0x1180b7ee0>
188.07182000000066,0.0,19125,<entities.dtn.DTN object at 0x1180d1550>,<entities.processor.Processor object at 0x1180b7ee0>
189.07182000000066,0.0,19125,<entities.dtn.DTN object at 0x1180d1550>,<entities.processor.Processor object at 0x1180b7ee0>
190.07182000000066,0.0,19125,<entities.dtn.DTN object at 0x1180d1550>,<entities.processor.Processor object at 0x1180b7ee0>
191.07182000000066,0.0,19125,<entities.dtn.DTN object at 0x1180d1550>,<entities.processor.Processor object at 0x1180b7ee0>
192.07182000000066,0.0,19125,<entities.dtn.DTN object at 0x1180d1550>,<entities.processor.Processor object at 0x1180b7ee0>
193.07182000000066,0.0,19125,<entities.dtn.DTN object at 0x1180d1550>,<entities.processor.Processor object at 0x1180b7ee0>
194.07182000000066,0.0,19125,<entities.dtn.DTN object at 0x1180d1550>,<entities.processor.Processor object at 0x1180b7ee0>
195.07182000000066,0.0,19125,<entities.dtn.DTN object at 0x1180d1550>,<entities.processor.Processor object at 0x1180b7ee0>
196.07182000000066,0.0,19125,<entities.dtn.DTN object at 0x1180d1550>,<entities.processor.Processor object at 0x1180b7ee0>
197.07182000000066,0.0,19125,<entities.dtn.DTN object at 0x1180d1550>,<entities.processor.Processor object at 0x1180b7ee0>
198.07182000000066,0.0,19125,<entities.dtn.DTN object at 0x1180d1550>,<entities.processor.Processor object at 0x1180b7ee0>
199.07182000000066,0.0,19125,<entities.dtn.DTN object at 0x1180d1550>,<entities.processor.Processor object at 0x1180b7ee0>
49.5,0.0,37295,<entities.processor.Processor object at 0x1180b7c10>,<entities.dtn.DTN object at 0x1180d1550>
49.57195000000067,0.0,53570,<entities.dtn.DTN object at 0x1180d1550>,<entities.processor.Processor object at 0x1180b7c10>
50.57195000000067,0.0,53570,<entities.dtn.DTN object at 0x1180d1550>,<entities.processor.Processor object at 0x1180b7c10>
51.57195000000067,0.0,53570,<entities.dtn.DTN object at 0x1180d1550>,<entities.processor.Processor object at 0x1180b7c10>
52.57195000000067,0.0,53570,<entities.dtn.DTN object at 0x1180d1550>,<entities.processor.Processor object at 0x1180b7c10>
53.57195000000067,0.0,53570,<entities.dtn.DTN object at 0x1180d1550>,<entities.processor.Processor object at 0x1180b7c10>
54.57195000000067,0.0,53570,<entities.dtn.DTN object at 0x1180d1550>,<entities.processor.Processor object at 0x1180b7c10>
55.57195000000067,0.0,53570,<entities.dtn.DTN object at 0x1180d1550>,<entities.processor.Processor object at 0x1180b7c10>
56.57195000000067,0.0,53570,<entities.dtn.DTN object at 0x1180d1550>,<entities.processor.Processor object at 0x1180b7c10>
57.57195000000067,0.0,53570,<entities.dtn.DTN object at 0x1180d1550>,<entities.processor.Processor object at 0x1180b7c10>
58.57195000000067,0.0,53570,<entities.dtn.DTN object at 0x1180d1550>,<entities.processor.Processor object at 0x1180b7c10>
59.57195000000067,0.0,53570,<entities.dtn.DTN object at 0x1180d1550>,<entities.processor.Processor object at 0x1180b7c10>
60.57195000000067,0.0,53570,<entities.dtn.DTN object at 0x1180d1550>,<entities.processor.Processor object at 0x1180b7c10>
61.57195000000067,0.0,53570,<entities.dtn.DTN object at 0x1180d1550>,<entities.processor.Processor object at 0x1180b7c10>
62.57195000000067,0.0,53570,<entities.dtn.DTN object at 0x1180d1550>,<entities.processor.Processor object at 0x1180b7c10>
63.57195000000067,0.0,53570,<entities.dtn.DTN object at 0x1180d1550>,<entities.processor.Processor object at 0x1180b7c10>
64.57195000000067,0.0,53570,<entities.dtn.DTN object at 0x1180d1550>,<entities.processor.Processor object at 0x1180b7c10>
65.57195000000067,0.0,53570,<entities.dtn.DTN object at 0x1180d1550>,<entities.processor.Processor object at 0x1180b7c10>
66.57195000000067,0.0,53570,<entities.dtn.DTN object at 0x1180d1550>,<entities.processor.Processor object at 0x1180b7c10>
67.57195000000067,0.0,53570,<entities.dtn.DTN object at 0x1180d1550>,<entities.processor.Processor object at 0x1180b7c10>
68.57195000000067,0.0,53570,<entities.dtn.DTN object at 0x1180d1550>,<entities.processor.Processor object at 0x1180b7c10>
69.57195000000067,0.0,53570,<entities.dtn.DTN object at 0x1180d1550>,<entities.processor.Processor object at 0x1180b7c10>
70.57195000000067,0.0,53570,<entities.dtn.DTN object at 0x1180d1550>,<entities.processor.Processor object at 0x1180b7c10>
71.57195000000067,0.0,53570,<entities.dtn.DTN object at 0x1180d1550>,<entities.processor.Processor object at 0x1180b7c10>
72.57195000000067,0.0,53570,<entities.dtn.DTN object at 0x1180d1550>,<entities.processor.Processor object at 0x1180b7c10>
73.57195000000067,0.0,53570,<entities.dtn.DTN object at 0x1180d1550>,<entities.processor.Processor object at 0x1180b7c10>
74.57195000000067,0.0,53570,<entities.dtn.DTN object at 0x1180d1550>,<entities.processor.Processor object at 0x1180b7c10>
75.57195000000067,0.0,53570,<entities.dtn.DTN object at 0x1180d1550>,<entities.processor.Processor object at 0x1180b7c10>
76.57195000000067,0.0,53570,<entities.dtn.DTN object at 0x1180d1550>,<entities.processor.Processor object at 0x1180b7c10>
77.57195000000067,0.0,53570,<entities.dtn.DTN object at 0x1180d1550>,<entities.processor.Processor object at 0x1180b7c10>
78.57195000000067,0.0,53570,<entities.dtn.DTN object at 0x1180d1550>,<entities.processor.Processor object at 0x1180b7c10>
79.57195000000067,0.0,53570,<entities.dtn.DTN object at 0x1180d1550>,<entities.processor.Processor object at 0x1180b7c10>
80.57195000000067,0.0,53570,<entities.dtn.DTN object at 0x1180d1550>,<entities.processor.Processor object at 0x1180b7c10>
81.57195000000067,0.0,53570,<entities.dtn.DTN object at 0x1180d1550>,<entities.processor.Processor object at 0x1180b7c10>
82.57195000000067,0.0,53570,<entities.dtn.DTN object at 0x1180d1550>,<entities.processor.Processor object at 0x1180b7c10>
83.57195000000067,0.0,53570,<entities.dtn.DTN object at 0x1180d1550>,<entities.processor.Processor object at 0x1180b7c10>
84.57195000000067,0.0,53570,<entities.dtn.DTN object at 0x1180d1550>,<entities.processor.Processor object at 0x1180b7c10>
85.57195000000067,0.0,53570,<entities.dtn.DTN object at 0x1180d1550>,<entities.processor.Processor object at 0x1180b7c10>
86.57195000000067,0.0,53570,<entities.dtn.DTN object at 0x1180d1550>,<entities.processor.Processor object at 0x1180b7c10>
87.57195000000067,0.0,53570,<entities.dtn.DTN object at 0x1180d1550>,<entities.processor.Processor object at 0x1180b7c10>
88.57195000000067,0.0,53570,<entities.dtn.DTN object at 0x1180d1550>,<entities.processor.Processor object at 0x1180b7c10>
89.57195000000067,0.0,53570,<entities.dtn.DTN object at 0x1180d1550>,<entities.processor.Processor object at 0x1180b7c10>
90.57195000000067,0.0,53570,<entities.dtn.DTN object at 0x1180d1550>,<entities.processor.Processor object at 0x1180b7c10>
91.57195000000067,0.0,53570,<entities.dtn.DTN object at 0x1180d1550>,<entities.processor.Processor object at 0x1180b7c10>
92.57195000000067,0.0,53570,<entities.dtn.DTN object at 0x1180d1550>,<entities.processor.Processor object at 0x1180b7c10>
93.57195000000067,0.0,53570,<entities.dtn.DTN object at 0x1180d1550>,<entities.processor.Processor object at 0x1180b7c10>
94.57195000000067,0.0,53570,<entities.dtn.DTN object at 0x1180d1550>,<entities.processor.Processor object at 0x1180b7c10>
95.57195000000067,0.0,53570,<entities.dtn.DTN object at 0x1180d1550>,<entities.processor.Processor object at 0x1180b7c10>
96.57195000000067,0.0,53570,<entities.dtn.DTN object at 0x1180d1550>,<entities.processor.Processor object at 0x1180b7c10>
97.57195000000067,0.0,53570,<entities.dtn.DTN object at 0x1180d1550>,<entities.processor.Processor object at 0x1180b7c10>
98.57195000000067,0.0,53570,<entities.dtn.DTN object at 0x1180d1550>,<entities.processor.Processor object at 0x1180b7c10>
99.57195000000067,0.0,53570,<entities.dtn.DTN object at 0x1180d1550>,<entities.processor.Processor object at 0x1180b7c10>
100.57195000000067,0.0,53570,<entities.dtn.DTN object at 0x1180d1550>,<entities.processor.Processor object at 0x1180b7c10>
101.57195000000067,0.0,53570,<entities.dtn.DTN object at 0x1180d1550>,<entities.processor.Processor object at 0x1180b7c10>
102.57195000000067,0.0,53570,<entities.dtn.DTN object at 0x1180d1550>,<entities.processor.Processor object at 0x1180b7c10>
103.57195000000067,0.0,53570,<entities.dtn.DTN object at 0x1180d1550>,<entities.processor.Processor object at 0x1180b7c10>
104.57195000000067,0.0,53570,<entities.dtn.DTN object at 0x1180d1550>,<entities.processor.Processor object at 0x1180b7c10>
105.57195000000067,0.0,53570,<entities.dtn.DTN object at 0x1180d1550>,<entities.processor.Processor object at 0x1180b7c10>
106.57195000000067,0.0,53570,<entities.dtn.DTN object at 0x1180d1550>,<entities.processor.Processor object at 0x1180b7c10>
107.57195000000067,0.0,53570,<entities.dtn.DTN object at 0x1180d1550>,<entities.processor.Processor object at 0x1180b7c10>
108.57195000000067,0.0,53570,<entities.dtn.DTN object at 0x1180d1550>,<entities.processor.Processor object at 0x1180b7c10>
109.57195000000067,0.0,53570,<entities.dtn.DTN object at 0x1180d1550>,<entities.processor.Processor object at 0x1180b7c10>
110.57195000000067,0.0,53570,<entities.dtn.DTN object at 0x1180d1550>,<entities.processor.Processor object at 0x1180b7c10>
111.57195000000067,0.0,53570,<entities.dtn.DTN object at 0x1180d1550>,<entities.processor.Processor object at 0x1180b7c10>
112.57195000000067,0.0,53570,<entities.dtn.DTN object at 0x1180d1550>,<entities.processor.Processor object at 0x1180b7c10>
113.57195000000067,0.0,53570,<entities.dtn.DTN object at 0x1180d1550>,<entities.processor.Processor object at 0x1180b7c10>
114.57195000000067,0.0,53570,<entities.dtn.DTN object at 0x1180d1550>,<entities.processor.Processor object at 0x1180b7c10>
115.57195000000067,0.0,53570,<entities.dtn.DTN object at 0x1180d1550>,<entities.processor.Processor object at 0x1180b7c10>
116.57195000000067,0.0,53570,<entities.dtn.DTN object at 0x1180d1550>,<entities.processor.Processor object at 0x1180b7c10>
117.57195000000067,0.0,53570,<entities.dtn.DTN object at 0x1180d1550>,<entities.processor.Processor object at 0x1180b7c10>
118.57195000000067,0.0,53570,<entities.dtn.DTN object at 0x1180d1550>,<entities.processor.Processor object at 0x1180b7c10>
119.57195000000067,0.0,53570,<entities.dtn.DTN object at 0x1180d1550>,<entities.processor.Processor object at 0x1180b7c10>
120.57195000000067,0.0,53570,<entities.dtn.DTN object at 0x1180d1550>,<entities.processor.Processor object at 0x1180b7c10>
121.57195000000067,0.0,53570,<entities.dtn.DTN object at 0x1180d1550>,<entities.processor.Processor object at 0x1180b7c10>
122.57195000000067,0.0,53570,<entities.dtn.DTN object at 0x1180d1550>,<entities.processor.Processor object at 0x1180b7c10>
123.57195000000067,0.0,53570,<entities.dtn.DTN object at 0x1180d1550>,<entities.processor.Processor object at 0x1180b7c10>
124.57195000000067,0.0,53570,<entities.dtn.DTN object at 0x1180d1550>,<entities.processor.Processor object at 0x1180b7c10>
125.57195000000067,0.0,53570,<entities.dtn.DTN object at 0x1180d1550>,<entities.processor.Processor object at 0x1180b7c10>
126.57195000000067,0.0,53570,<entities.dtn.DTN object at 0x1180d1550>,<entities.processor.Processor object at 0x1180b7c10>
127.57195000000067,0.0,53570,<entities.dtn.DTN object at 0x1180d1550>,<entities.processor.Processor object at 0x1180b7c10>
128.57195000000067,0.0,53570,<entities.dtn.DTN object at 0x1180d1550>,<entities.processor.Processor object at 0x1180b7c10>
129.57195000000067,0.0,53570,<entities.dtn.DTN object at 0x1180d1550>,<entities.processor.Processor object at 0x1180b7c10>
130.57195000000067,0.0,53570,<entities.dtn.DTN object at 0x1180d1550>,<entities.processor.Processor object at 0x1180b7c10>
131.57195000000067,0.0,53570,<entities.dtn.DTN object at 0x1180d1550>,<entities.processor.Processor object at 0x1180b7c10>
132.57195000000067,0.0,53570,<entities.dtn.DTN object at 0x1180d1550>,<entities.processor.Processor object at 0x1180b7c10>
133.57195000000067,0.0,53570,<entities.dtn.DTN object at 0x1180d1550>,<entities.processor.Processor object at 0x1180b7c10>
134.57195000000067,0.0,53570,<entities.dtn.DTN object at 0x1180d1550>,<entities.processor.Processor object at 0x1180b7c10>
135.57195000000067,0.0,53570,<entities.dtn.DTN object at 0x1180d1550>,<entities.processor.Processor object at 0x1180b7c10>
136.57195000000067,0.0,53570,<entities.dtn.DTN object at 0x1180d1550>,<entities.processor.Processor object at 0x1180b7c10>
137.57195000000067,0.0,53570,<entities.dtn.DTN object at 0x1180d1550>,<entities.processor.Processor object at 0x1180b7c10>
138.57195000000067,0.0,53570,<entities.dtn.DTN object at 0x1180d1550>,<entities.processor.Processor object at 0x1180b7c10>
139.57195000000067,0.0,53570,<entities.dtn.DTN object at 0x1180d1550>,<entities.processor.Processor object at 0x1180b7c10>
140.57195000000067,0.0,53570,<entities.dtn.DTN object at 0x1180d1550>,<entities.processor.Processor object at 0x1180b7c10>
141.57195000000067,0.0,53570,<entities.dtn.DTN object at 0x1180d1550>,<entities.processor.Processor object at 0x1180b7c10>
142.57195000000067,0.0,53570,<entities.dtn.DTN object at 0x1180d1550>,<entities.processor.Processor object at 0x1180b7c10>
143.57195000000067,0.0,53570,<entities.dtn.DTN object at 0x1180d1550>,<entities.processor.Processor object at 0x1180b7c10>
144.57195000000067,0.0,53570,<entities.dtn.DTN object at 0x1180d1550>,<entities.processor.Processor object at 0x1180b7c10>
145.57195000000067,0.0,53570,<entities.dtn.DTN object at 0x1180d1550>,<entities.processor.Processor object at 0x1180b7c10>
146.57195000000067,0.0,53570,<entities.dtn.DTN object at 0x1180d1550>,<entities.processor.Processor object at 0x1180b7c10>
147.57195000000067,0.0,53570,<entities.dtn.DTN object at 0x1180d1550>,<entities.processor.Processor object at 0x1180b7c10>
148.57195000000067,0.0,53570,<entities.dtn.DTN object at 0x1180d1550>,<entities.processor.Processor object at 0x1180b7c10>
149.57195000000067,0.0,53570,<entities.dtn.DTN object at 0x1180d1550>,<entities.processor.Processor object at 0x1180b7c10>
150.57195000000067,0.0,53570,<entities.dtn.DTN object at 0x1180d1550>,<entities.processor.Processor object at 0x1180b7c10>
151.57195000000067,0.0,53570,<entities.dtn.DTN object at 0x1180d1550>,<entities.processor.Processor object at 0x1180b7c10>
152.57195000000067,0.0,53570,<entities.dtn.DTN object at 0x1180d1550>,<entities.processor.Processor object at 0x1180b7c10>
153.57195000000067,0.0,53570,<entities.dtn.DTN object at 0x1180d1550>,<entities.processor.Processor object at 0x1180b7c10>
154.57195000000067,0.0,53570,<entities.dtn.DTN object at 0x1180d1550>,<entities.processor.Processor object at 0x1180b7c10>
155.57195000000067,0.0,53570,<entities.dtn.DTN object at 0x1180d1550>,<entities.processor.Processor object at 0x1180b7c10>
156.57195000000067,0.0,53570,<entities.dtn.DTN object at 0x1180d1550>,<entities.processor.Processor object at 0x1180b7c10>
157.57195000000067,0.0,53570,<entities.dtn.DTN object at 0x1180d1550>,<entities.processor.Processor object at 0x1180b7c10>
158.57195000000067,0.0,53570,<entities.dtn.DTN object at 0x1180d1550>,<entities.processor.Processor object at 0x1180b7c10>
159.57195000000067,0.0,53570,<entities.dtn.DTN object at 0x1180d1550>,<entities.processor.Processor object at 0x1180b7c10>
160.57195000000067,0.0,53570,<entities.dtn.DTN object at 0x1180d1550>,<entities.processor.Processor object at 0x1180b7c10>
161.57195000000067,0.0,53570,<entities.dtn.DTN object at 0x1180d1550>,<entities.processor.Processor object at 0x1180b7c10>
162.57195000000067,0.0,53570,<entities.dtn.DTN object at 0x1180d1550>,<entities.processor.Processor object at 0x1180b7c10>
163.57195000000067,0.0,53570,<entities.dtn.DTN object at 0x1180d1550>,<entities.processor.Processor object at 0x1180b7c10>
164.57195000000067,0.0,53570,<entities.dtn.DTN object at 0x1180d1550>,<entities.processor.Processor object at 0x1180b7c10>
165.57195000000067,0.0,53570,<entities.dtn.DTN object at 0x1180d1550>,<entities.processor.Processor object at 0x1180b7c10>
166.57195000000067,0.0,53570,<entities.dtn.DTN object at 0x1180d1550>,<entities.processor.Processor object at 0x1180b7c10>
167.57195000000067,0.0,53570,<entities.dtn.DTN object at 0x1180d1550>,<entities.processor.Processor object at 0x1180b7c10>
168.57195000000067,0.0,53570,<entities.dtn.DTN object at 0x1180d1550>,<entities.processor.Processor object at 0x1180b7c10>
169.57195000000067,0.0,53570,<entities.dtn.DTN object at 0x1180d1550>,<entities.processor.Processor object at 0x1180b7c10>
170.57195000000067,0.0,53570,<entities.dtn.DTN object at 0x1180d1550>,<entities.processor.Processor object at 0x1180b7c10>
171.57195000000067,0.0,53570,<entities.dtn.DTN object at 0x1180d1550>,<entities.processor.Processor object at 0x1180b7c10>
172.57195000000067,0.0,53570,<entities.dtn.DTN object at 0x1180d1550>,<entities.processor.Processor object at 0x1180b7c10>
173.57195000000067,0.0,53570,<entities.dtn.DTN object at 0x1180d1550>,<entities.processor.Processor object at 0x1180b7c10>
174.57195000000067,0.0,53570,<entities.dtn.DTN object at 0x1180d1550>,<entities.processor.Processor object at 0x1180b7c10>
175.57195000000067,0.0,53570,<entities.dtn.DTN object at 0x1180d1550>,<entities.processor.Processor object at 0x1180b7c10>
176.57195000000067,0.0,53570,<entities.dtn.DTN object at 0x1180d1550>,<entities.processor.Processor object at 0x1180b7c10>
177.57195000000067,0.0,53570,<entities.dtn.DTN object at 0x1180d1550>,<entities.processor.Processor object at 0x1180b7c10>
178.57195000000067,0.0,53570,<entities.dtn.DTN object at 0x1180d1550>,<entities.processor.Processor object at 0x1180b7c10>
179.57195000000067,0.0,53570,<entities.dtn.DTN object at 0x1180d1550>,<entities.processor.Processor object at 0x1180b7c10>
180.57195000000067,0.0,53570,<entities.dtn.DTN object at 0x1180d1550>,<entities.processor.Processor object at 0x1180b7c10>
181.57195000000067,0.0,53570,<entities.dtn.DTN object at 0x1180d1550>,<entities.processor.Processor object at 0x1180b7c10>
182.57195000000067,0.0,53570,<entities.dtn.DTN object at 0x1180d1550>,<entities.processor.Processor object at 0x1180b7c10>
183.57195000000067,0.0,53570,<entities.dtn.DTN object at 0x1180d1550>,<entities.processor.Processor object at 0x1180b7c10>
184.57195000000067,0.0,53570,<entities.dtn.DTN object at 0x1180d1550>,<entities.processor.Processor object at 0x1180b7c10>
185.57195000000067,0.0,53570,<entities.dtn.DTN object at 0x1180d1550>,<entities.processor.Processor object at 0x1180b7c10>
186.57195000000067,0.0,53570,<entities.dtn.DTN object at 0x1180d1550>,<entities.processor.Processor object at 0x1180b7c10>
187.57195000000067,0.0,53570,<entities.dtn.DTN object at 0x1180d1550>,<entities.processor.Processor object at 0x1180b7c10>
188.57195000000067,0.0,53570,<entities.dtn.DTN object at 0x1180d1550>,<entities.processor.Processor object at 0x1180b7c10>
189.57195000000067,0.0,53570,<entities.dtn.DTN object at 0x1180d1550>,<entities.processor.Processor object at 0x1180b7c10>
190.57195000000067,0.0,53570,<entities.dtn.DTN object at 0x1180d1550>,<entities.processor.Processor object at 0x1180b7c10>
191.57195000000067,0.0,53570,<entities.dtn.DTN object at 0x1180d1550>,<entities.processor.Processor object at 0x1180b7c10>
192.57195000000067,0.0,53570,<entities.dtn.DTN object at 0x1180d1550>,<entities.processor.Processor object at 0x1180b7c10>
193.57195000000067,0.0,53570,<entities.dtn.DTN object at 0x1180d1550>,<entities.processor.Processor object at 0x1180b7c10>
194.57195000000067,0.0,53570,<entities.dtn.DTN object at 0x1180d1550>,<entities.processor.Processor object at 0x1180b7c10>
195.57195000000067,0.0,53570,<entities.dtn.DTN object at 0x1180d1550>,<entities.processor.Processor object at 0x1180b7c10>
196.57195000000067,0.0,53570,<entities.dtn.DTN object at 0x1180d1550>,<entities.processor.Processor object at 0x1180b7c10>
197.57195000000067,0.0,53570,<entities.dtn.DTN object at 0x1180d1550>,<entities.processor.Processor object at 0x1180b7c10>
198.57195000000067,0.0,53570,<entities.dtn.DTN object at 0x1180d1550>,<entities.processor.Processor object at 0x1180b7c10>
199.57195000000067,0.0,53570,<entities.dtn.DTN object at 0x1180d1550>,<entities.processor.Processor object at 0x1180b7c10>
50.5,0.0,86044,<entities.processor.Processor object at 0x1180b7ee0>,<entities.dtn.DTN object at 0x1180d1550>
50.57208000000069,0.0,90982,<entities.dtn.DTN object at 0x1180d1550>,<entities.processor.Processor object at 0x1180b7ee0>
51.57208000000069,0.0,90982,<entities.dtn.DTN object at 0x1180d1550>,<entities.processor.Processor object at 0x1180b7ee0>
52.57208000000069,0.0,90982,<entities.dtn.DTN object at 0x1180d1550>,<entities.processor.Processor object at 0x1180b7ee0>
53.57208000000069,0.0,90982,<entities.dtn.DTN object at 0x1180d1550>,<entities.processor.Processor object at 0x1180b7ee0>
54.57208000000069,0.0,90982,<entities.dtn.DTN object at 0x1180d1550>,<entities.processor.Processor object at 0x1180b7ee0>
55.57208000000069,0.0,90982,<entities.dtn.DTN object at 0x1180d1550>,<entities.processor.Processor object at 0x1180b7ee0>
56.57208000000069,0.0,90982,<entities.dtn.DTN object at 0x1180d1550>,<entities.processor.Processor object at 0x1180b7ee0>
57.57208000000069,0.0,90982,<entities.dtn.DTN object at 0x1180d1550>,<entities.processor.Processor object at 0x1180b7ee0>
58.57208000000069,0.0,90982,<entities.dtn.DTN object at 0x1180d1550>,<entities.processor.Processor object at 0x1180b7ee0>
59.57208000000069,0.0,90982,<entities.dtn.DTN object at 0x1180d1550>,<entities.processor.Processor object at 0x1180b7ee0>
60.57208000000069,0.0,90982,<entities.dtn.DTN object at 0x1180d1550>,<entities.processor.Processor object at 0x1180b7ee0>
61.57208000000069,0.0,90982,<entities.dtn.DTN object at 0x1180d1550>,<entities.processor.Processor object at 0x1180b7ee0>
62.57208000000069,0.0,90982,<entities.dtn.DTN object at 0x1180d1550>,<entities.processor.Processor object at 0x1180b7ee0>
63.57208000000069,0.0,90982,<entities.dtn.DTN object at 0x1180d1550>,<entities.processor.Processor object at 0x1180b7ee0>
64.57208000000068,0.0,90982,<entities.dtn.DTN object at 0x1180d1550>,<entities.processor.Processor object at 0x1180b7ee0>
65.57208000000068,0.0,90982,<entities.dtn.DTN object at 0x1180d1550>,<entities.processor.Processor object at 0x1180b7ee0>
66.57208000000068,0.0,90982,<entities.dtn.DTN object at 0x1180d1550>,<entities.processor.Processor object at 0x1180b7ee0>
67.57208000000068,0.0,90982,<entities.dtn.DTN object at 0x1180d1550>,<entities.processor.Processor object at 0x1180b7ee0>
68.57208000000068,0.0,90982,<entities.dtn.DTN object at 0x1180d1550>,<entities.processor.Processor object at 0x1180b7ee0>
69.57208000000068,0.0,90982,<entities.dtn.DTN object at 0x1180d1550>,<entities.processor.Processor object at 0x1180b7ee0>
70.57208000000068,0.0,90982,<entities.dtn.DTN object at 0x1180d1550>,<entities.processor.Processor object at 0x1180b7ee0>
71.57208000000068,0.0,90982,<entities.dtn.DTN object at 0x1180d1550>,<entities.processor.Processor object at 0x1180b7ee0>
72.57208000000068,0.0,90982,<entities.dtn.DTN object at 0x1180d1550>,<entities.processor.Processor object at 0x1180b7ee0>
73.57208000000068,0.0,90982,<entities.dtn.DTN object at 0x1180d1550>,<entities.processor.Processor object at 0x1180b7ee0>
74.57208000000068,0.0,90982,<entities.dtn.DTN object at 0x1180d1550>,<entities.processor.Processor object at 0x1180b7ee0>
75.57208000000068,0.0,90982,<entities.dtn.DTN object at 0x1180d1550>,<entities.processor.Processor object at 0x1180b7ee0>
76.57208000000068,0.0,90982,<entities.dtn.DTN object at 0x1180d1550>,<entities.processor.Processor object at 0x1180b7ee0>
77.57208000000068,0.0,90982,<entities.dtn.DTN object at 0x1180d1550>,<entities.processor.Processor object at 0x1180b7ee0>
78.57208000000068,0.0,90982,<entities.dtn.DTN object at 0x1180d1550>,<entities.processor.Processor object at 0x1180b7ee0>
79.57208000000068,0.0,90982,<entities.dtn.DTN object at 0x1180d1550>,<entities.processor.Processor object at 0x1180b7ee0>
80.57208000000068,0.0,90982,<entities.dtn.DTN object at 0x1180d1550>,<entities.processor.Processor object at 0x1180b7ee0>
81.57208000000068,0.0,90982,<entities.dtn.DTN object at 0x1180d1550>,<entities.processor.Processor object at 0x1180b7ee0>
82.57208000000068,0.0,90982,<entities.dtn.DTN object at 0x1180d1550>,<entities.processor.Processor object at 0x1180b7ee0>
83.57208000000068,0.0,90982,<entities.dtn.DTN object at 0x1180d1550>,<entities.processor.Processor object at 0x1180b7ee0>
84.57208000000068,0.0,90982,<entities.dtn.DTN object at 0x1180d1550>,<entities.processor.Processor object at 0x1180b7ee0>
85.57208000000068,0.0,90982,<entities.dtn.DTN object at 0x1180d1550>,<entities.processor.Processor object at 0x1180b7ee0>
86.57208000000068,0.0,90982,<entities.dtn.DTN object at 0x1180d1550>,<entities.processor.Processor object at 0x1180b7ee0>
87.57208000000068,0.0,90982,<entities.dtn.DTN object at 0x1180d1550>,<entities.processor.Processor object at 0x1180b7ee0>
88.57208000000068,0.0,90982,<entities.dtn.DTN object at 0x1180d1550>,<entities.processor.Processor object at 0x1180b7ee0>
89.57208000000068,0.0,90982,<entities.dtn.DTN object at 0x1180d1550>,<entities.processor.Processor object at 0x1180b7ee0>
90.57208000000068,0.0,90982,<entities.dtn.DTN object at 0x1180d1550>,<entities.processor.Processor object at 0x1180b7ee0>
91.57208000000068,0.0,90982,<entities.dtn.DTN object at 0x1180d1550>,<entities.processor.Processor object at 0x1180b7ee0>
92.57208000000068,0.0,90982,<entities.dtn.DTN object at 0x1180d1550>,<entities.processor.Processor object at 0x1180b7ee0>
93.57208000000068,0.0,90982,<entities.dtn.DTN object at 0x1180d1550>,<entities.processor.Processor object at 0x1180b7ee0>
94.57208000000068,0.0,90982,<entities.dtn.DTN object at 0x1180d1550>,<entities.processor.Processor object at 0x1180b7ee0>
95.57208000000068,0.0,90982,<entities.dtn.DTN object at 0x1180d1550>,<entities.processor.Processor object at 0x1180b7ee0>
96.57208000000068,0.0,90982,<entities.dtn.DTN object at 0x1180d1550>,<entities.processor.Processor object at 0x1180b7ee0>
97.57208000000068,0.0,90982,<entities.dtn.DTN object at 0x1180d1550>,<entities.processor.Processor object at 0x1180b7ee0>
98.57208000000068,0.0,90982,<entities.dtn.DTN object at 0x1180d1550>,<entities.processor.Processor object at 0x1180b7ee0>
99.57208000000068,0.0,90982,<entities.dtn.DTN object at 0x1180d1550>,<entities.processor.Processor object at 0x1180b7ee0>
100.57208000000068,0.0,90982,<entities.dtn.DTN object at 0x1180d1550>,<entities.processor.Processor object at 0x1180b7ee0>
101.57208000000068,0.0,90982,<entities.dtn.DTN object at 0x1180d1550>,<entities.processor.Processor object at 0x1180b7ee0>
102.57208000000068,0.0,90982,<entities.dtn.DTN object at 0x1180d1550>,<entities.processor.Processor object at 0x1180b7ee0>
103.57208000000068,0.0,90982,<entities.dtn.DTN object at 0x1180d1550>,<entities.processor.Processor object at 0x1180b7ee0>
104.57208000000068,0.0,90982,<entities.dtn.DTN object at 0x1180d1550>,<entities.processor.Processor object at 0x1180b7ee0>
105.57208000000068,0.0,90982,<entities.dtn.DTN object at 0x1180d1550>,<entities.processor.Processor object at 0x1180b7ee0>
106.57208000000068,0.0,90982,<entities.dtn.DTN object at 0x1180d1550>,<entities.processor.Processor object at 0x1180b7ee0>
107.57208000000068,0.0,90982,<entities.dtn.DTN object at 0x1180d1550>,<entities.processor.Processor object at 0x1180b7ee0>
108.57208000000068,0.0,90982,<entities.dtn.DTN object at 0x1180d1550>,<entities.processor.Processor object at 0x1180b7ee0>
109.57208000000068,0.0,90982,<entities.dtn.DTN object at 0x1180d1550>,<entities.processor.Processor object at 0x1180b7ee0>
110.57208000000068,0.0,90982,<entities.dtn.DTN object at 0x1180d1550>,<entities.processor.Processor object at 0x1180b7ee0>
111.57208000000068,0.0,90982,<entities.dtn.DTN object at 0x1180d1550>,<entities.processor.Processor object at 0x1180b7ee0>
112.57208000000068,0.0,90982,<entities.dtn.DTN object at 0x1180d1550>,<entities.processor.Processor object at 0x1180b7ee0>
113.57208000000068,0.0,90982,<entities.dtn.DTN object at 0x1180d1550>,<entities.processor.Processor object at 0x1180b7ee0>
114.57208000000068,0.0,90982,<entities.dtn.DTN object at 0x1180d1550>,<entities.processor.Processor object at 0x1180b7ee0>
115.57208000000068,0.0,90982,<entities.dtn.DTN object at 0x1180d1550>,<entities.processor.Processor object at 0x1180b7ee0>
116.57208000000068,0.0,90982,<entities.dtn.DTN object at 0x1180d1550>,<entities.processor.Processor object at 0x1180b7ee0>
117.57208000000068,0.0,90982,<entities.dtn.DTN object at 0x1180d1550>,<entities.processor.Processor object at 0x1180b7ee0>
118.57208000000068,0.0,90982,<entities.dtn.DTN object at 0x1180d1550>,<entities.processor.Processor object at 0x1180b7ee0>
119.57208000000068,0.0,90982,<entities.dtn.DTN object at 0x1180d1550>,<entities.processor.Processor object at 0x1180b7ee0>
120.57208000000068,0.0,90982,<entities.dtn.DTN object at 0x1180d1550>,<entities.processor.Processor object at 0x1180b7ee0>
121.57208000000068,0.0,90982,<entities.dtn.DTN object at 0x1180d1550>,<entities.processor.Processor object at 0x1180b7ee0>
122.57208000000068,0.0,90982,<entities.dtn.DTN object at 0x1180d1550>,<entities.processor.Processor object at 0x1180b7ee0>
123.57208000000068,0.0,90982,<entities.dtn.DTN object at 0x1180d1550>,<entities.processor.Processor object at 0x1180b7ee0>
124.57208000000068,0.0,90982,<entities.dtn.DTN object at 0x1180d1550>,<entities.processor.Processor object at 0x1180b7ee0>
125.57208000000068,0.0,90982,<entities.dtn.DTN object at 0x1180d1550>,<entities.processor.Processor object at 0x1180b7ee0>
126.57208000000068,0.0,90982,<entities.dtn.DTN object at 0x1180d1550>,<entities.processor.Processor object at 0x1180b7ee0>
127.57208000000068,0.0,90982,<entities.dtn.DTN object at 0x1180d1550>,<entities.processor.Processor object at 0x1180b7ee0>
128.57208000000068,0.0,90982,<entities.dtn.DTN object at 0x1180d1550>,<entities.processor.Processor object at 0x1180b7ee0>
129.57208000000068,0.0,90982,<entities.dtn.DTN object at 0x1180d1550>,<entities.processor.Processor object at 0x1180b7ee0>
130.57208000000068,0.0,90982,<entities.dtn.DTN object at 0x1180d1550>,<entities.processor.Processor object at 0x1180b7ee0>
131.57208000000068,0.0,90982,<entities.dtn.DTN object at 0x1180d1550>,<entities.processor.Processor object at 0x1180b7ee0>
132.57208000000068,0.0,90982,<entities.dtn.DTN object at 0x1180d1550>,<entities.processor.Processor object at 0x1180b7ee0>
133.57208000000068,0.0,90982,<entities.dtn.DTN object at 0x1180d1550>,<entities.processor.Processor object at 0x1180b7ee0>
134.57208000000068,0.0,90982,<entities.dtn.DTN object at 0x1180d1550>,<entities.processor.Processor object at 0x1180b7ee0>
135.57208000000068,0.0,90982,<entities.dtn.DTN object at 0x1180d1550>,<entities.processor.Processor object at 0x1180b7ee0>
136.57208000000068,0.0,90982,<entities.dtn.DTN object at 0x1180d1550>,<entities.processor.Processor object at 0x1180b7ee0>
137.57208000000068,0.0,90982,<entities.dtn.DTN object at 0x1180d1550>,<entities.processor.Processor object at 0x1180b7ee0>
138.57208000000068,0.0,90982,<entities.dtn.DTN object at 0x1180d1550>,<entities.processor.Processor object at 0x1180b7ee0>
139.57208000000068,0.0,90982,<entities.dtn.DTN object at 0x1180d1550>,<entities.processor.Processor object at 0x1180b7ee0>
140.57208000000068,0.0,90982,<entities.dtn.DTN object at 0x1180d1550>,<entities.processor.Processor object at 0x1180b7ee0>
141.57208000000068,0.0,90982,<entities.dtn.DTN object at 0x1180d1550>,<entities.processor.Processor object at 0x1180b7ee0>
142.57208000000068,0.0,90982,<entities.dtn.DTN object at 0x1180d1550>,<entities.processor.Processor object at 0x1180b7ee0>
143.57208000000068,0.0,90982,<entities.dtn.DTN object at 0x1180d1550>,<entities.processor.Processor object at 0x1180b7ee0>
144.57208000000068,0.0,90982,<entities.dtn.DTN object at 0x1180d1550>,<entities.processor.Processor object at 0x1180b7ee0>
145.57208000000068,0.0,90982,<entities.dtn.DTN object at 0x1180d1550>,<entities.processor.Processor object at 0x1180b7ee0>
146.57208000000068,0.0,90982,<entities.dtn.DTN object at 0x1180d1550>,<entities.processor.Processor object at 0x1180b7ee0>
147.57208000000068,0.0,90982,<entities.dtn.DTN object at 0x1180d1550>,<entities.processor.Processor object at 0x1180b7ee0>
148.57208000000068,0.0,90982,<entities.dtn.DTN object at 0x1180d1550>,<entities.processor.Processor object at 0x1180b7ee0>
149.57208000000068,0.0,90982,<entities.dtn.DTN object at 0x1180d1550>,<entities.processor.Processor object at 0x1180b7ee0>
150.57208000000068,0.0,90982,<entities.dtn.DTN object at 0x1180d1550>,<entities.processor.Processor object at 0x1180b7ee0>
151.57208000000068,0.0,90982,<entities.dtn.DTN object at 0x1180d1550>,<entities.processor.Processor object at 0x1180b7ee0>
152.57208000000068,0.0,90982,<entities.dtn.DTN object at 0x1180d1550>,<entities.processor.Processor object at 0x1180b7ee0>
153.57208000000068,0.0,90982,<entities.dtn.DTN object at 0x1180d1550>,<entities.processor.Processor object at 0x1180b7ee0>
154.57208000000068,0.0,90982,<entities.dtn.DTN object at 0x1180d1550>,<entities.processor.Processor object at 0x1180b7ee0>
155.57208000000068,0.0,90982,<entities.dtn.DTN object at 0x1180d1550>,<entities.processor.Processor object at 0x1180b7ee0>
156.57208000000068,0.0,90982,<entities.dtn.DTN object at 0x1180d1550>,<entities.processor.Processor object at 0x1180b7ee0>
157.57208000000068,0.0,90982,<entities.dtn.DTN object at 0x1180d1550>,<entities.processor.Processor object at 0x1180b7ee0>
158.57208000000068,0.0,90982,<entities.dtn.DTN object at 0x1180d1550>,<entities.processor.Processor object at 0x1180b7ee0>
159.57208000000068,0.0,90982,<entities.dtn.DTN object at 0x1180d1550>,<entities.processor.Processor object at 0x1180b7ee0>
160.57208000000068,0.0,90982,<entities.dtn.DTN object at 0x1180d1550>,<entities.processor.Processor object at 0x1180b7ee0>
161.57208000000068,0.0,90982,<entities.dtn.DTN object at 0x1180d1550>,<entities.processor.Processor object at 0x1180b7ee0>
162.57208000000068,0.0,90982,<entities.dtn.DTN object at 0x1180d1550>,<entities.processor.Processor object at 0x1180b7ee0>
163.57208000000068,0.0,90982,<entities.dtn.DTN object at 0x1180d1550>,<entities.processor.Processor object at 0x1180b7ee0>
164.57208000000068,0.0,90982,<entities.dtn.DTN object at 0x1180d1550>,<entities.processor.Processor object at 0x1180b7ee0>
165.57208000000068,0.0,90982,<entities.dtn.DTN object at 0x1180d1550>,<entities.processor.Processor object at 0x1180b7ee0>
166.57208000000068,0.0,90982,<entities.dtn.DTN object at 0x1180d1550>,<entities.processor.Processor object at 0x1180b7ee0>
167.57208000000068,0.0,90982,<entities.dtn.DTN object at 0x1180d1550>,<entities.processor.Processor object at 0x1180b7ee0>
168.57208000000068,0.0,90982,<entities.dtn.DTN object at 0x1180d1550>,<entities.processor.Processor object at 0x1180b7ee0>
169.57208000000068,0.0,90982,<entities.dtn.DTN object at 0x1180d1550>,<entities.processor.Processor object at 0x1180b7ee0>
170.57208000000068,0.0,90982,<entities.dtn.DTN object at 0x1180d1550>,<entities.processor.Processor object at 0x1180b7ee0>
171.57208000000068,0.0,90982,<entities.dtn.DTN object at 0x1180d1550>,<entities.processor.Processor object at 0x1180b7ee0>
172.57208000000068,0.0,90982,<entities.dtn.DTN object at 0x1180d1550>,<entities.processor.Processor object at 0x1180b7ee0>
173.57208000000068,0.0,90982,<entities.dtn.DTN object at 0x1180d1550>,<entities.processor.Processor object at 0x1180b7ee0>
174.57208000000068,0.0,90982,<entities.dtn.DTN object at 0x1180d1550>,<entities.processor.Processor object at 0x1180b7ee0>
175.57208000000068,0.0,90982,<entities.dtn.DTN object at 0x1180d1550>,<entities.processor.Processor object at 0x1180b7ee0>
176.57208000000068,0.0,90982,<entities.dtn.DTN object at 0x1180d1550>,<entities.processor.Processor object at 0x1180b7ee0>
177.57208000000068,0.0,90982,<entities.dtn.DTN object at 0x1180d1550>,<entities.processor.Processor object at 0x1180b7ee0>
178.57208000000068,0.0,90982,<entities.dtn.DTN object at 0x1180d1550>,<entities.processor.Processor object at 0x1180b7ee0>
179.57208000000068,0.0,90982,<entities.dtn.DTN object at 0x1180d1550>,<entities.processor.Processor object at 0x1180b7ee0>
180.57208000000068,0.0,90982,<entities.dtn.DTN object at 0x1180d1550>,<entities.processor.Processor object at 0x1180b7ee0>
181.57208000000068,0.0,90982,<entities.dtn.DTN object at 0x1180d1550>,<entities.processor.Processor object at 0x1180b7ee0>
182.57208000000068,0.0,90982,<entities.dtn.DTN object at 0x1180d1550>,<entities.processor.Processor object at 0x1180b7ee0>
183.57208000000068,0.0,90982,<entities.dtn.DTN object at 0x1180d1550>,<entities.processor.Processor object at 0x1180b7ee0>
184.57208000000068,0.0,90982,<entities.dtn.DTN object at 0x1180d1550>,<entities.processor.Processor object at 0x1180b7ee0>
185.57208000000068,0.0,90982,<entities.dtn.DTN object at 0x1180d1550>,<entities.processor.Processor object at 0x1180b7ee0>
186.57208000000068,0.0,90982,<entities.dtn.DTN object at 0x1180d1550>,<entities.processor.Processor object at 0x1180b7ee0>
187.57208000000068,0.0,90982,<entities.dtn.DTN object at 0x1180d1550>,<entities.processor.Processor object at 0x1180b7ee0>
188.57208000000068,0.0,90982,<entities.dtn.DTN object at 0x1180d1550>,<entities.processor.Processor object at 0x1180b7ee0>
189.57208000000068,0.0,90982,<entities.dtn.DTN object at 0x1180d1550>,<entities.processor.Processor object at 0x1180b7ee0>
190.57208000000068,0.0,90982,<entities.dtn.DTN object at 0x1180d1550>,<entities.processor.Processor object at 0x1180b7ee0>
191.57208000000068,0.0,90982,<entities.dtn.DTN object at 0x1180d1550>,<entities.processor.Processor object at 0x1180b7ee0>
192.57208000000068,0.0,90982,<entities.dtn.DTN object at 0x1180d1550>,<entities.processor.Processor object at 0x1180b7ee0>
193.57208000000068,0.0,90982,<entities.dtn.DTN object at 0x1180d1550>,<entities.processor.Processor object at 0x1180b7ee0>
194.57208000000068,0.0,90982,<entities.dtn.DTN object at 0x1180d1550>,<entities.processor.Processor object at 0x1180b7ee0>
195.57208000000068,0.0,90982,<entities.dtn.DTN object at 0x1180d1550>,<entities.processor.Processor object at 0x1180b7ee0>
196.57208000000068,0.0,90982,<entities.dtn.DTN object at 0x1180d1550>,<entities.processor.Processor object at 0x1180b7ee0>
197.57208000000068,0.0,90982,<entities.dtn.DTN object at 0x1180d1550>,<entities.processor.Processor object at 0x1180b7ee0>
198.57208000000068,0.0,90982,<entities.dtn.DTN object at 0x1180d1550>,<entities.processor.Processor object at 0x1180b7ee0>
199.57208000000068,0.0,90982,<entities.dtn.DTN object at 0x1180d1550>,<entities.processor.Processor object at 0x1180b7ee0>
51.0,0.0,65890,<entities.processor.Processor object at 0x1180d1220>,<entities.dtn.DTN object at 0x1180d1550>
51.0722100000007,0.0,30499,<entities.dtn.DTN object at 0x1180d1550>,<entities.processor.Processor object at 0x1180d1220>
52.0722100000007,0.0,30499,<entities.dtn.DTN object at 0x1180d1550>,<entities.processor.Processor object at 0x1180d1220>
53.0722100000007,0.0,30499,<entities.dtn.DTN object at 0x1180d1550>,<entities.processor.Processor object at 0x1180d1220>
54.0722100000007,0.0,30499,<entities.dtn.DTN object at 0x1180d1550>,<entities.processor.Processor object at 0x1180d1220>
55.0722100000007,0.0,30499,<entities.dtn.DTN object at 0x1180d1550>,<entities.processor.Processor object at 0x1180d1220>
56.0722100000007,0.0,30499,<entities.dtn.DTN object at 0x1180d1550>,<entities.processor.Processor object at 0x1180d1220>
57.0722100000007,0.0,30499,<entities.dtn.DTN object at 0x1180d1550>,<entities.processor.Processor object at 0x1180d1220>
58.0722100000007,0.0,30499,<entities.dtn.DTN object at 0x1180d1550>,<entities.processor.Processor object at 0x1180d1220>
59.0722100000007,0.0,30499,<entities.dtn.DTN object at 0x1180d1550>,<entities.processor.Processor object at 0x1180d1220>
60.0722100000007,0.0,30499,<entities.dtn.DTN object at 0x1180d1550>,<entities.processor.Processor object at 0x1180d1220>
61.0722100000007,0.0,30499,<entities.dtn.DTN object at 0x1180d1550>,<entities.processor.Processor object at 0x1180d1220>
62.0722100000007,0.0,30499,<entities.dtn.DTN object at 0x1180d1550>,<entities.processor.Processor object at 0x1180d1220>
63.0722100000007,0.0,30499,<entities.dtn.DTN object at 0x1180d1550>,<entities.processor.Processor object at 0x1180d1220>
64.0722100000007,0.0,30499,<entities.dtn.DTN object at 0x1180d1550>,<entities.processor.Processor object at 0x1180d1220>
65.0722100000007,0.0,30499,<entities.dtn.DTN object at 0x1180d1550>,<entities.processor.Processor object at 0x1180d1220>
66.0722100000007,0.0,30499,<entities.dtn.DTN object at 0x1180d1550>,<entities.processor.Processor object at 0x1180d1220>
67.0722100000007,0.0,30499,<entities.dtn.DTN object at 0x1180d1550>,<entities.processor.Processor object at 0x1180d1220>
68.0722100000007,0.0,30499,<entities.dtn.DTN object at 0x1180d1550>,<entities.processor.Processor object at 0x1180d1220>
69.0722100000007,0.0,30499,<entities.dtn.DTN object at 0x1180d1550>,<entities.processor.Processor object at 0x1180d1220>
70.0722100000007,0.0,30499,<entities.dtn.DTN object at 0x1180d1550>,<entities.processor.Processor object at 0x1180d1220>
71.0722100000007,0.0,30499,<entities.dtn.DTN object at 0x1180d1550>,<entities.processor.Processor object at 0x1180d1220>
72.0722100000007,0.0,30499,<entities.dtn.DTN object at 0x1180d1550>,<entities.processor.Processor object at 0x1180d1220>
73.0722100000007,0.0,30499,<entities.dtn.DTN object at 0x1180d1550>,<entities.processor.Processor object at 0x1180d1220>
74.0722100000007,0.0,30499,<entities.dtn.DTN object at 0x1180d1550>,<entities.processor.Processor object at 0x1180d1220>
75.0722100000007,0.0,30499,<entities.dtn.DTN object at 0x1180d1550>,<entities.processor.Processor object at 0x1180d1220>
76.0722100000007,0.0,30499,<entities.dtn.DTN object at 0x1180d1550>,<entities.processor.Processor object at 0x1180d1220>
77.0722100000007,0.0,30499,<entities.dtn.DTN object at 0x1180d1550>,<entities.processor.Processor object at 0x1180d1220>
78.0722100000007,0.0,30499,<entities.dtn.DTN object at 0x1180d1550>,<entities.processor.Processor object at 0x1180d1220>
79.0722100000007,0.0,30499,<entities.dtn.DTN object at 0x1180d1550>,<entities.processor.Processor object at 0x1180d1220>
80.0722100000007,0.0,30499,<entities.dtn.DTN object at 0x1180d1550>,<entities.processor.Processor object at 0x1180d1220>
81.0722100000007,0.0,30499,<entities.dtn.DTN object at 0x1180d1550>,<entities.processor.Processor object at 0x1180d1220>
82.0722100000007,0.0,30499,<entities.dtn.DTN object at 0x1180d1550>,<entities.processor.Processor object at 0x1180d1220>
83.0722100000007,0.0,30499,<entities.dtn.DTN object at 0x1180d1550>,<entities.processor.Processor object at 0x1180d1220>
84.0722100000007,0.0,30499,<entities.dtn.DTN object at 0x1180d1550>,<entities.processor.Processor object at 0x1180d1220>
85.0722100000007,0.0,30499,<entities.dtn.DTN object at 0x1180d1550>,<entities.processor.Processor object at 0x1180d1220>
86.0722100000007,0.0,30499,<entities.dtn.DTN object at 0x1180d1550>,<entities.processor.Processor object at 0x1180d1220>
87.0722100000007,0.0,30499,<entities.dtn.DTN object at 0x1180d1550>,<entities.processor.Processor object at 0x1180d1220>
88.0722100000007,0.0,30499,<entities.dtn.DTN object at 0x1180d1550>,<entities.processor.Processor object at 0x1180d1220>
89.0722100000007,0.0,30499,<entities.dtn.DTN object at 0x1180d1550>,<entities.processor.Processor object at 0x1180d1220>
90.0722100000007,0.0,30499,<entities.dtn.DTN object at 0x1180d1550>,<entities.processor.Processor object at 0x1180d1220>
91.0722100000007,0.0,30499,<entities.dtn.DTN object at 0x1180d1550>,<entities.processor.Processor object at 0x1180d1220>
92.0722100000007,0.0,30499,<entities.dtn.DTN object at 0x1180d1550>,<entities.processor.Processor object at 0x1180d1220>
93.0722100000007,0.0,30499,<entities.dtn.DTN object at 0x1180d1550>,<entities.processor.Processor object at 0x1180d1220>
94.0722100000007,0.0,30499,<entities.dtn.DTN object at 0x1180d1550>,<entities.processor.Processor object at 0x1180d1220>
95.0722100000007,0.0,30499,<entities.dtn.DTN object at 0x1180d1550>,<entities.processor.Processor object at 0x1180d1220>
96.0722100000007,0.0,30499,<entities.dtn.DTN object at 0x1180d1550>,<entities.processor.Processor object at 0x1180d1220>
97.0722100000007,0.0,30499,<entities.dtn.DTN object at 0x1180d1550>,<entities.processor.Processor object at 0x1180d1220>
98.0722100000007,0.0,30499,<entities.dtn.DTN object at 0x1180d1550>,<entities.processor.Processor object at 0x1180d1220>
99.0722100000007,0.0,30499,<entities.dtn.DTN object at 0x1180d1550>,<entities.processor.Processor object at 0x1180d1220>
100.0722100000007,0.0,30499,<entities.dtn.DTN object at 0x1180d1550>,<entities.processor.Processor object at 0x1180d1220>
101.0722100000007,0.0,30499,<entities.dtn.DTN object at 0x1180d1550>,<entities.processor.Processor object at 0x1180d1220>
102.0722100000007,0.0,30499,<entities.dtn.DTN object at 0x1180d1550>,<entities.processor.Processor object at 0x1180d1220>
103.0722100000007,0.0,30499,<entities.dtn.DTN object at 0x1180d1550>,<entities.processor.Processor object at 0x1180d1220>
104.0722100000007,0.0,30499,<entities.dtn.DTN object at 0x1180d1550>,<entities.processor.Processor object at 0x1180d1220>
105.0722100000007,0.0,30499,<entities.dtn.DTN object at 0x1180d1550>,<entities.processor.Processor object at 0x1180d1220>
106.0722100000007,0.0,30499,<entities.dtn.DTN object at 0x1180d1550>,<entities.processor.Processor object at 0x1180d1220>
107.0722100000007,0.0,30499,<entities.dtn.DTN object at 0x1180d1550>,<entities.processor.Processor object at 0x1180d1220>
108.0722100000007,0.0,30499,<entities.dtn.DTN object at 0x1180d1550>,<entities.processor.Processor object at 0x1180d1220>
109.0722100000007,0.0,30499,<entities.dtn.DTN object at 0x1180d1550>,<entities.processor.Processor object at 0x1180d1220>
110.0722100000007,0.0,30499,<entities.dtn.DTN object at 0x1180d1550>,<entities.processor.Processor object at 0x1180d1220>
111.0722100000007,0.0,30499,<entities.dtn.DTN object at 0x1180d1550>,<entities.processor.Processor object at 0x1180d1220>
112.0722100000007,0.0,30499,<entities.dtn.DTN object at 0x1180d1550>,<entities.processor.Processor object at 0x1180d1220>
113.0722100000007,0.0,30499,<entities.dtn.DTN object at 0x1180d1550>,<entities.processor.Processor object at 0x1180d1220>
114.0722100000007,0.0,30499,<entities.dtn.DTN object at 0x1180d1550>,<entities.processor.Processor object at 0x1180d1220>
115.0722100000007,0.0,30499,<entities.dtn.DTN object at 0x1180d1550>,<entities.processor.Processor object at 0x1180d1220>
116.0722100000007,0.0,30499,<entities.dtn.DTN object at 0x1180d1550>,<entities.processor.Processor object at 0x1180d1220>
117.0722100000007,0.0,30499,<entities.dtn.DTN object at 0x1180d1550>,<entities.processor.Processor object at 0x1180d1220>
118.0722100000007,0.0,30499,<entities.dtn.DTN object at 0x1180d1550>,<entities.processor.Processor object at 0x1180d1220>
119.0722100000007,0.0,30499,<entities.dtn.DTN object at 0x1180d1550>,<entities.processor.Processor object at 0x1180d1220>
120.0722100000007,0.0,30499,<entities.dtn.DTN object at 0x1180d1550>,<entities.processor.Processor object at 0x1180d1220>
121.0722100000007,0.0,30499,<entities.dtn.DTN object at 0x1180d1550>,<entities.processor.Processor object at 0x1180d1220>
122.0722100000007,0.0,30499,<entities.dtn.DTN object at 0x1180d1550>,<entities.processor.Processor object at 0x1180d1220>
123.0722100000007,0.0,30499,<entities.dtn.DTN object at 0x1180d1550>,<entities.processor.Processor object at 0x1180d1220>
124.0722100000007,0.0,30499,<entities.dtn.DTN object at 0x1180d1550>,<entities.processor.Processor object at 0x1180d1220>
125.0722100000007,0.0,30499,<entities.dtn.DTN object at 0x1180d1550>,<entities.processor.Processor object at 0x1180d1220>
126.0722100000007,0.0,30499,<entities.dtn.DTN object at 0x1180d1550>,<entities.processor.Processor object at 0x1180d1220>
127.0722100000007,0.0,30499,<entities.dtn.DTN object at 0x1180d1550>,<entities.processor.Processor object at 0x1180d1220>
128.0722100000007,0.0,30499,<entities.dtn.DTN object at 0x1180d1550>,<entities.processor.Processor object at 0x1180d1220>
129.0722100000007,0.0,30499,<entities.dtn.DTN object at 0x1180d1550>,<entities.processor.Processor object at 0x1180d1220>
130.0722100000007,0.0,30499,<entities.dtn.DTN object at 0x1180d1550>,<entities.processor.Processor object at 0x1180d1220>
131.0722100000007,0.0,30499,<entities.dtn.DTN object at 0x1180d1550>,<entities.processor.Processor object at 0x1180d1220>
132.0722100000007,0.0,30499,<entities.dtn.DTN object at 0x1180d1550>,<entities.processor.Processor object at 0x1180d1220>
133.0722100000007,0.0,30499,<entities.dtn.DTN object at 0x1180d1550>,<entities.processor.Processor object at 0x1180d1220>
134.0722100000007,0.0,30499,<entities.dtn.DTN object at 0x1180d1550>,<entities.processor.Processor object at 0x1180d1220>
135.0722100000007,0.0,30499,<entities.dtn.DTN object at 0x1180d1550>,<entities.processor.Processor object at 0x1180d1220>
136.0722100000007,0.0,30499,<entities.dtn.DTN object at 0x1180d1550>,<entities.processor.Processor object at 0x1180d1220>
137.0722100000007,0.0,30499,<entities.dtn.DTN object at 0x1180d1550>,<entities.processor.Processor object at 0x1180d1220>
138.0722100000007,0.0,30499,<entities.dtn.DTN object at 0x1180d1550>,<entities.processor.Processor object at 0x1180d1220>
139.0722100000007,0.0,30499,<entities.dtn.DTN object at 0x1180d1550>,<entities.processor.Processor object at 0x1180d1220>
140.0722100000007,0.0,30499,<entities.dtn.DTN object at 0x1180d1550>,<entities.processor.Processor object at 0x1180d1220>
141.0722100000007,0.0,30499,<entities.dtn.DTN object at 0x1180d1550>,<entities.processor.Processor object at 0x1180d1220>
142.0722100000007,0.0,30499,<entities.dtn.DTN object at 0x1180d1550>,<entities.processor.Processor object at 0x1180d1220>
143.0722100000007,0.0,30499,<entities.dtn.DTN object at 0x1180d1550>,<entities.processor.Processor object at 0x1180d1220>
144.0722100000007,0.0,30499,<entities.dtn.DTN object at 0x1180d1550>,<entities.processor.Processor object at 0x1180d1220>
145.0722100000007,0.0,30499,<entities.dtn.DTN object at 0x1180d1550>,<entities.processor.Processor object at 0x1180d1220>
146.0722100000007,0.0,30499,<entities.dtn.DTN object at 0x1180d1550>,<entities.processor.Processor object at 0x1180d1220>
147.0722100000007,0.0,30499,<entities.dtn.DTN object at 0x1180d1550>,<entities.processor.Processor object at 0x1180d1220>
148.0722100000007,0.0,30499,<entities.dtn.DTN object at 0x1180d1550>,<entities.processor.Processor object at 0x1180d1220>
149.0722100000007,0.0,30499,<entities.dtn.DTN object at 0x1180d1550>,<entities.processor.Processor object at 0x1180d1220>
150.0722100000007,0.0,30499,<entities.dtn.DTN object at 0x1180d1550>,<entities.processor.Processor object at 0x1180d1220>
151.0722100000007,0.0,30499,<entities.dtn.DTN object at 0x1180d1550>,<entities.processor.Processor object at 0x1180d1220>
152.0722100000007,0.0,30499,<entities.dtn.DTN object at 0x1180d1550>,<entities.processor.Processor object at 0x1180d1220>
153.0722100000007,0.0,30499,<entities.dtn.DTN object at 0x1180d1550>,<entities.processor.Processor object at 0x1180d1220>
154.0722100000007,0.0,30499,<entities.dtn.DTN object at 0x1180d1550>,<entities.processor.Processor object at 0x1180d1220>
155.0722100000007,0.0,30499,<entities.dtn.DTN object at 0x1180d1550>,<entities.processor.Processor object at 0x1180d1220>
156.0722100000007,0.0,30499,<entities.dtn.DTN object at 0x1180d1550>,<entities.processor.Processor object at 0x1180d1220>
157.0722100000007,0.0,30499,<entities.dtn.DTN object at 0x1180d1550>,<entities.processor.Processor object at 0x1180d1220>
158.0722100000007,0.0,30499,<entities.dtn.DTN object at 0x1180d1550>,<entities.processor.Processor object at 0x1180d1220>
159.0722100000007,0.0,30499,<entities.dtn.DTN object at 0x1180d1550>,<entities.processor.Processor object at 0x1180d1220>
160.0722100000007,0.0,30499,<entities.dtn.DTN object at 0x1180d1550>,<entities.processor.Processor object at 0x1180d1220>
161.0722100000007,0.0,30499,<entities.dtn.DTN object at 0x1180d1550>,<entities.processor.Processor object at 0x1180d1220>
162.0722100000007,0.0,30499,<entities.dtn.DTN object at 0x1180d1550>,<entities.processor.Processor object at 0x1180d1220>
163.0722100000007,0.0,30499,<entities.dtn.DTN object at 0x1180d1550>,<entities.processor.Processor object at 0x1180d1220>
164.0722100000007,0.0,30499,<entities.dtn.DTN object at 0x1180d1550>,<entities.processor.Processor object at 0x1180d1220>
165.0722100000007,0.0,30499,<entities.dtn.DTN object at 0x1180d1550>,<entities.processor.Processor object at 0x1180d1220>
166.0722100000007,0.0,30499,<entities.dtn.DTN object at 0x1180d1550>,<entities.processor.Processor object at 0x1180d1220>
167.0722100000007,0.0,30499,<entities.dtn.DTN object at 0x1180d1550>,<entities.processor.Processor object at 0x1180d1220>
168.0722100000007,0.0,30499,<entities.dtn.DTN object at 0x1180d1550>,<entities.processor.Processor object at 0x1180d1220>
169.0722100000007,0.0,30499,<entities.dtn.DTN object at 0x1180d1550>,<entities.processor.Processor object at 0x1180d1220>
170.0722100000007,0.0,30499,<entities.dtn.DTN object at 0x1180d1550>,<entities.processor.Processor object at 0x1180d1220>
171.0722100000007,0.0,30499,<entities.dtn.DTN object at 0x1180d1550>,<entities.processor.Processor object at 0x1180d1220>
172.0722100000007,0.0,30499,<entities.dtn.DTN object at 0x1180d1550>,<entities.processor.Processor object at 0x1180d1220>
173.0722100000007,0.0,30499,<entities.dtn.DTN object at 0x1180d1550>,<entities.processor.Processor object at 0x1180d1220>
174.0722100000007,0.0,30499,<entities.dtn.DTN object at 0x1180d1550>,<entities.processor.Processor object at 0x1180d1220>
175.0722100000007,0.0,30499,<entities.dtn.DTN object at 0x1180d1550>,<entities.processor.Processor object at 0x1180d1220>
176.0722100000007,0.0,30499,<entities.dtn.DTN object at 0x1180d1550>,<entities.processor.Processor object at 0x1180d1220>
177.0722100000007,0.0,30499,<entities.dtn.DTN object at 0x1180d1550>,<entities.processor.Processor object at 0x1180d1220>
178.0722100000007,0.0,30499,<entities.dtn.DTN object at 0x1180d1550>,<entities.processor.Processor object at 0x1180d1220>
179.0722100000007,0.0,30499,<entities.dtn.DTN object at 0x1180d1550>,<entities.processor.Processor object at 0x1180d1220>
180.0722100000007,0.0,30499,<entities.dtn.DTN object at 0x1180d1550>,<entities.processor.Processor object at 0x1180d1220>
181.0722100000007,0.0,30499,<entities.dtn.DTN object at 0x1180d1550>,<entities.processor.Processor object at 0x1180d1220>
182.0722100000007,0.0,30499,<entities.dtn.DTN object at 0x1180d1550>,<entities.processor.Processor object at 0x1180d1220>
183.0722100000007,0.0,30499,<entities.dtn.DTN object at 0x1180d1550>,<entities.processor.Processor object at 0x1180d1220>
184.0722100000007,0.0,30499,<entities.dtn.DTN object at 0x1180d1550>,<entities.processor.Processor object at 0x1180d1220>
185.0722100000007,0.0,30499,<entities.dtn.DTN object at 0x1180d1550>,<entities.processor.Processor object at 0x1180d1220>
186.0722100000007,0.0,30499,<entities.dtn.DTN object at 0x1180d1550>,<entities.processor.Processor object at 0x1180d1220>
187.0722100000007,0.0,30499,<entities.dtn.DTN object at 0x1180d1550>,<entities.processor.Processor object at 0x1180d1220>
188.0722100000007,0.0,30499,<entities.dtn.DTN object at 0x1180d1550>,<entities.processor.Processor object at 0x1180d1220>
189.0722100000007,0.0,30499,<entities.dtn.DTN object at 0x1180d1550>,<entities.processor.Processor object at 0x1180d1220>
190.0722100000007,0.0,30499,<entities.dtn.DTN object at 0x1180d1550>,<entities.processor.Processor object at 0x1180d1220>
191.0722100000007,0.0,30499,<entities.dtn.DTN object at 0x1180d1550>,<entities.processor.Processor object at 0x1180d1220>
192.0722100000007,0.0,30499,<entities.dtn.DTN object at 0x1180d1550>,<entities.processor.Processor object at 0x1180d1220>
193.0722100000007,0.0,30499,<entities.dtn.DTN object at 0x1180d1550>,<entities.processor.Processor object at 0x1180d1220>
194.0722100000007,0.0,30499,<entities.dtn.DTN object at 0x1180d1550>,<entities.processor.Processor object at 0x1180d1220>
195.0722100000007,0.0,30499,<entities.dtn.DTN object at 0x1180d1550>,<entities.processor.Processor object at 0x1180d1220>
196.0722100000007,0.0,30499,<entities.dtn.DTN object at 0x1180d1550>,<entities.processor.Processor object at 0x1180d1220>
197.0722100000007,0.0,30499,<entities.dtn.DTN object at 0x1180d1550>,<entities.processor.Processor object at 0x1180d1220>
198.0722100000007,0.0,30499,<entities.dtn.DTN object at 0x1180d1550>,<entities.processor.Processor object at 0x1180d1220>
199.0722100000007,0.0,30499,<entities.dtn.DTN object at 0x1180d1550>,<entities.processor.Processor object at 0x1180d1220>
52.5,0.0,85579,<entities.processor.Processor object at 0x1180b7c10>,<entities.dtn.DTN object at 0x1180d1550>
52.57234000000073,0.0,21901,<entities.dtn.DTN object at 0x1180d1550>,<entities.processor.Processor object at 0x1180b7c10>
53.57234000000073,0.0,21901,<entities.dtn.DTN object at 0x1180d1550>,<entities.processor.Processor object at 0x1180b7c10>
54.57234000000073,0.0,21901,<entities.dtn.DTN object at 0x1180d1550>,<entities.processor.Processor object at 0x1180b7c10>
55.57234000000073,0.0,21901,<entities.dtn.DTN object at 0x1180d1550>,<entities.processor.Processor object at 0x1180b7c10>
56.57234000000073,0.0,21901,<entities.dtn.DTN object at 0x1180d1550>,<entities.processor.Processor object at 0x1180b7c10>
57.57234000000073,0.0,21901,<entities.dtn.DTN object at 0x1180d1550>,<entities.processor.Processor object at 0x1180b7c10>
58.57234000000073,0.0,21901,<entities.dtn.DTN object at 0x1180d1550>,<entities.processor.Processor object at 0x1180b7c10>
59.57234000000073,0.0,21901,<entities.dtn.DTN object at 0x1180d1550>,<entities.processor.Processor object at 0x1180b7c10>
60.57234000000073,0.0,21901,<entities.dtn.DTN object at 0x1180d1550>,<entities.processor.Processor object at 0x1180b7c10>
61.57234000000073,0.0,21901,<entities.dtn.DTN object at 0x1180d1550>,<entities.processor.Processor object at 0x1180b7c10>
62.57234000000073,0.0,21901,<entities.dtn.DTN object at 0x1180d1550>,<entities.processor.Processor object at 0x1180b7c10>
63.57234000000073,0.0,21901,<entities.dtn.DTN object at 0x1180d1550>,<entities.processor.Processor object at 0x1180b7c10>
64.57234000000074,0.0,21901,<entities.dtn.DTN object at 0x1180d1550>,<entities.processor.Processor object at 0x1180b7c10>
65.57234000000074,0.0,21901,<entities.dtn.DTN object at 0x1180d1550>,<entities.processor.Processor object at 0x1180b7c10>
66.57234000000074,0.0,21901,<entities.dtn.DTN object at 0x1180d1550>,<entities.processor.Processor object at 0x1180b7c10>
67.57234000000074,0.0,21901,<entities.dtn.DTN object at 0x1180d1550>,<entities.processor.Processor object at 0x1180b7c10>
68.57234000000074,0.0,21901,<entities.dtn.DTN object at 0x1180d1550>,<entities.processor.Processor object at 0x1180b7c10>
69.57234000000074,0.0,21901,<entities.dtn.DTN object at 0x1180d1550>,<entities.processor.Processor object at 0x1180b7c10>
70.57234000000074,0.0,21901,<entities.dtn.DTN object at 0x1180d1550>,<entities.processor.Processor object at 0x1180b7c10>
71.57234000000074,0.0,21901,<entities.dtn.DTN object at 0x1180d1550>,<entities.processor.Processor object at 0x1180b7c10>
72.57234000000074,0.0,21901,<entities.dtn.DTN object at 0x1180d1550>,<entities.processor.Processor object at 0x1180b7c10>
73.57234000000074,0.0,21901,<entities.dtn.DTN object at 0x1180d1550>,<entities.processor.Processor object at 0x1180b7c10>
74.57234000000074,0.0,21901,<entities.dtn.DTN object at 0x1180d1550>,<entities.processor.Processor object at 0x1180b7c10>
75.57234000000074,0.0,21901,<entities.dtn.DTN object at 0x1180d1550>,<entities.processor.Processor object at 0x1180b7c10>
76.57234000000074,0.0,21901,<entities.dtn.DTN object at 0x1180d1550>,<entities.processor.Processor object at 0x1180b7c10>
77.57234000000074,0.0,21901,<entities.dtn.DTN object at 0x1180d1550>,<entities.processor.Processor object at 0x1180b7c10>
78.57234000000074,0.0,21901,<entities.dtn.DTN object at 0x1180d1550>,<entities.processor.Processor object at 0x1180b7c10>
79.57234000000074,0.0,21901,<entities.dtn.DTN object at 0x1180d1550>,<entities.processor.Processor object at 0x1180b7c10>
80.57234000000074,0.0,21901,<entities.dtn.DTN object at 0x1180d1550>,<entities.processor.Processor object at 0x1180b7c10>
81.57234000000074,0.0,21901,<entities.dtn.DTN object at 0x1180d1550>,<entities.processor.Processor object at 0x1180b7c10>
82.57234000000074,0.0,21901,<entities.dtn.DTN object at 0x1180d1550>,<entities.processor.Processor object at 0x1180b7c10>
83.57234000000074,0.0,21901,<entities.dtn.DTN object at 0x1180d1550>,<entities.processor.Processor object at 0x1180b7c10>
84.57234000000074,0.0,21901,<entities.dtn.DTN object at 0x1180d1550>,<entities.processor.Processor object at 0x1180b7c10>
85.57234000000074,0.0,21901,<entities.dtn.DTN object at 0x1180d1550>,<entities.processor.Processor object at 0x1180b7c10>
86.57234000000074,0.0,21901,<entities.dtn.DTN object at 0x1180d1550>,<entities.processor.Processor object at 0x1180b7c10>
87.57234000000074,0.0,21901,<entities.dtn.DTN object at 0x1180d1550>,<entities.processor.Processor object at 0x1180b7c10>
88.57234000000074,0.0,21901,<entities.dtn.DTN object at 0x1180d1550>,<entities.processor.Processor object at 0x1180b7c10>
89.57234000000074,0.0,21901,<entities.dtn.DTN object at 0x1180d1550>,<entities.processor.Processor object at 0x1180b7c10>
90.57234000000074,0.0,21901,<entities.dtn.DTN object at 0x1180d1550>,<entities.processor.Processor object at 0x1180b7c10>
91.57234000000074,0.0,21901,<entities.dtn.DTN object at 0x1180d1550>,<entities.processor.Processor object at 0x1180b7c10>
92.57234000000074,0.0,21901,<entities.dtn.DTN object at 0x1180d1550>,<entities.processor.Processor object at 0x1180b7c10>
93.57234000000074,0.0,21901,<entities.dtn.DTN object at 0x1180d1550>,<entities.processor.Processor object at 0x1180b7c10>
94.57234000000074,0.0,21901,<entities.dtn.DTN object at 0x1180d1550>,<entities.processor.Processor object at 0x1180b7c10>
95.57234000000074,0.0,21901,<entities.dtn.DTN object at 0x1180d1550>,<entities.processor.Processor object at 0x1180b7c10>
96.57234000000074,0.0,21901,<entities.dtn.DTN object at 0x1180d1550>,<entities.processor.Processor object at 0x1180b7c10>
97.57234000000074,0.0,21901,<entities.dtn.DTN object at 0x1180d1550>,<entities.processor.Processor object at 0x1180b7c10>
98.57234000000074,0.0,21901,<entities.dtn.DTN object at 0x1180d1550>,<entities.processor.Processor object at 0x1180b7c10>
99.57234000000074,0.0,21901,<entities.dtn.DTN object at 0x1180d1550>,<entities.processor.Processor object at 0x1180b7c10>
100.57234000000074,0.0,21901,<entities.dtn.DTN object at 0x1180d1550>,<entities.processor.Processor object at 0x1180b7c10>
101.57234000000074,0.0,21901,<entities.dtn.DTN object at 0x1180d1550>,<entities.processor.Processor object at 0x1180b7c10>
102.57234000000074,0.0,21901,<entities.dtn.DTN object at 0x1180d1550>,<entities.processor.Processor object at 0x1180b7c10>
103.57234000000074,0.0,21901,<entities.dtn.DTN object at 0x1180d1550>,<entities.processor.Processor object at 0x1180b7c10>
104.57234000000074,0.0,21901,<entities.dtn.DTN object at 0x1180d1550>,<entities.processor.Processor object at 0x1180b7c10>
105.57234000000074,0.0,21901,<entities.dtn.DTN object at 0x1180d1550>,<entities.processor.Processor object at 0x1180b7c10>
106.57234000000074,0.0,21901,<entities.dtn.DTN object at 0x1180d1550>,<entities.processor.Processor object at 0x1180b7c10>
107.57234000000074,0.0,21901,<entities.dtn.DTN object at 0x1180d1550>,<entities.processor.Processor object at 0x1180b7c10>
108.57234000000074,0.0,21901,<entities.dtn.DTN object at 0x1180d1550>,<entities.processor.Processor object at 0x1180b7c10>
109.57234000000074,0.0,21901,<entities.dtn.DTN object at 0x1180d1550>,<entities.processor.Processor object at 0x1180b7c10>
110.57234000000074,0.0,21901,<entities.dtn.DTN object at 0x1180d1550>,<entities.processor.Processor object at 0x1180b7c10>
111.57234000000074,0.0,21901,<entities.dtn.DTN object at 0x1180d1550>,<entities.processor.Processor object at 0x1180b7c10>
112.57234000000074,0.0,21901,<entities.dtn.DTN object at 0x1180d1550>,<entities.processor.Processor object at 0x1180b7c10>
113.57234000000074,0.0,21901,<entities.dtn.DTN object at 0x1180d1550>,<entities.processor.Processor object at 0x1180b7c10>
114.57234000000074,0.0,21901,<entities.dtn.DTN object at 0x1180d1550>,<entities.processor.Processor object at 0x1180b7c10>
115.57234000000074,0.0,21901,<entities.dtn.DTN object at 0x1180d1550>,<entities.processor.Processor object at 0x1180b7c10>
116.57234000000074,0.0,21901,<entities.dtn.DTN object at 0x1180d1550>,<entities.processor.Processor object at 0x1180b7c10>
117.57234000000074,0.0,21901,<entities.dtn.DTN object at 0x1180d1550>,<entities.processor.Processor object at 0x1180b7c10>
118.57234000000074,0.0,21901,<entities.dtn.DTN object at 0x1180d1550>,<entities.processor.Processor object at 0x1180b7c10>
119.57234000000074,0.0,21901,<entities.dtn.DTN object at 0x1180d1550>,<entities.processor.Processor object at 0x1180b7c10>
120.57234000000074,0.0,21901,<entities.dtn.DTN object at 0x1180d1550>,<entities.processor.Processor object at 0x1180b7c10>
121.57234000000074,0.0,21901,<entities.dtn.DTN object at 0x1180d1550>,<entities.processor.Processor object at 0x1180b7c10>
122.57234000000074,0.0,21901,<entities.dtn.DTN object at 0x1180d1550>,<entities.processor.Processor object at 0x1180b7c10>
123.57234000000074,0.0,21901,<entities.dtn.DTN object at 0x1180d1550>,<entities.processor.Processor object at 0x1180b7c10>
124.57234000000074,0.0,21901,<entities.dtn.DTN object at 0x1180d1550>,<entities.processor.Processor object at 0x1180b7c10>
125.57234000000074,0.0,21901,<entities.dtn.DTN object at 0x1180d1550>,<entities.processor.Processor object at 0x1180b7c10>
126.57234000000074,0.0,21901,<entities.dtn.DTN object at 0x1180d1550>,<entities.processor.Processor object at 0x1180b7c10>
127.57234000000074,0.0,21901,<entities.dtn.DTN object at 0x1180d1550>,<entities.processor.Processor object at 0x1180b7c10>
128.57234000000074,0.0,21901,<entities.dtn.DTN object at 0x1180d1550>,<entities.processor.Processor object at 0x1180b7c10>
129.57234000000074,0.0,21901,<entities.dtn.DTN object at 0x1180d1550>,<entities.processor.Processor object at 0x1180b7c10>
130.57234000000074,0.0,21901,<entities.dtn.DTN object at 0x1180d1550>,<entities.processor.Processor object at 0x1180b7c10>
131.57234000000074,0.0,21901,<entities.dtn.DTN object at 0x1180d1550>,<entities.processor.Processor object at 0x1180b7c10>
132.57234000000074,0.0,21901,<entities.dtn.DTN object at 0x1180d1550>,<entities.processor.Processor object at 0x1180b7c10>
133.57234000000074,0.0,21901,<entities.dtn.DTN object at 0x1180d1550>,<entities.processor.Processor object at 0x1180b7c10>
134.57234000000074,0.0,21901,<entities.dtn.DTN object at 0x1180d1550>,<entities.processor.Processor object at 0x1180b7c10>
135.57234000000074,0.0,21901,<entities.dtn.DTN object at 0x1180d1550>,<entities.processor.Processor object at 0x1180b7c10>
136.57234000000074,0.0,21901,<entities.dtn.DTN object at 0x1180d1550>,<entities.processor.Processor object at 0x1180b7c10>
137.57234000000074,0.0,21901,<entities.dtn.DTN object at 0x1180d1550>,<entities.processor.Processor object at 0x1180b7c10>
138.57234000000074,0.0,21901,<entities.dtn.DTN object at 0x1180d1550>,<entities.processor.Processor object at 0x1180b7c10>
139.57234000000074,0.0,21901,<entities.dtn.DTN object at 0x1180d1550>,<entities.processor.Processor object at 0x1180b7c10>
140.57234000000074,0.0,21901,<entities.dtn.DTN object at 0x1180d1550>,<entities.processor.Processor object at 0x1180b7c10>
141.57234000000074,0.0,21901,<entities.dtn.DTN object at 0x1180d1550>,<entities.processor.Processor object at 0x1180b7c10>
142.57234000000074,0.0,21901,<entities.dtn.DTN object at 0x1180d1550>,<entities.processor.Processor object at 0x1180b7c10>
143.57234000000074,0.0,21901,<entities.dtn.DTN object at 0x1180d1550>,<entities.processor.Processor object at 0x1180b7c10>
144.57234000000074,0.0,21901,<entities.dtn.DTN object at 0x1180d1550>,<entities.processor.Processor object at 0x1180b7c10>
145.57234000000074,0.0,21901,<entities.dtn.DTN object at 0x1180d1550>,<entities.processor.Processor object at 0x1180b7c10>
146.57234000000074,0.0,21901,<entities.dtn.DTN object at 0x1180d1550>,<entities.processor.Processor object at 0x1180b7c10>
147.57234000000074,0.0,21901,<entities.dtn.DTN object at 0x1180d1550>,<entities.processor.Processor object at 0x1180b7c10>
148.57234000000074,0.0,21901,<entities.dtn.DTN object at 0x1180d1550>,<entities.processor.Processor object at 0x1180b7c10>
149.57234000000074,0.0,21901,<entities.dtn.DTN object at 0x1180d1550>,<entities.processor.Processor object at 0x1180b7c10>
150.57234000000074,0.0,21901,<entities.dtn.DTN object at 0x1180d1550>,<entities.processor.Processor object at 0x1180b7c10>
151.57234000000074,0.0,21901,<entities.dtn.DTN object at 0x1180d1550>,<entities.processor.Processor object at 0x1180b7c10>
152.57234000000074,0.0,21901,<entities.dtn.DTN object at 0x1180d1550>,<entities.processor.Processor object at 0x1180b7c10>
153.57234000000074,0.0,21901,<entities.dtn.DTN object at 0x1180d1550>,<entities.processor.Processor object at 0x1180b7c10>
154.57234000000074,0.0,21901,<entities.dtn.DTN object at 0x1180d1550>,<entities.processor.Processor object at 0x1180b7c10>
155.57234000000074,0.0,21901,<entities.dtn.DTN object at 0x1180d1550>,<entities.processor.Processor object at 0x1180b7c10>
156.57234000000074,0.0,21901,<entities.dtn.DTN object at 0x1180d1550>,<entities.processor.Processor object at 0x1180b7c10>
157.57234000000074,0.0,21901,<entities.dtn.DTN object at 0x1180d1550>,<entities.processor.Processor object at 0x1180b7c10>
158.57234000000074,0.0,21901,<entities.dtn.DTN object at 0x1180d1550>,<entities.processor.Processor object at 0x1180b7c10>
159.57234000000074,0.0,21901,<entities.dtn.DTN object at 0x1180d1550>,<entities.processor.Processor object at 0x1180b7c10>
160.57234000000074,0.0,21901,<entities.dtn.DTN object at 0x1180d1550>,<entities.processor.Processor object at 0x1180b7c10>
161.57234000000074,0.0,21901,<entities.dtn.DTN object at 0x1180d1550>,<entities.processor.Processor object at 0x1180b7c10>
162.57234000000074,0.0,21901,<entities.dtn.DTN object at 0x1180d1550>,<entities.processor.Processor object at 0x1180b7c10>
163.57234000000074,0.0,21901,<entities.dtn.DTN object at 0x1180d1550>,<entities.processor.Processor object at 0x1180b7c10>
164.57234000000074,0.0,21901,<entities.dtn.DTN object at 0x1180d1550>,<entities.processor.Processor object at 0x1180b7c10>
165.57234000000074,0.0,21901,<entities.dtn.DTN object at 0x1180d1550>,<entities.processor.Processor object at 0x1180b7c10>
166.57234000000074,0.0,21901,<entities.dtn.DTN object at 0x1180d1550>,<entities.processor.Processor object at 0x1180b7c10>
167.57234000000074,0.0,21901,<entities.dtn.DTN object at 0x1180d1550>,<entities.processor.Processor object at 0x1180b7c10>
168.57234000000074,0.0,21901,<entities.dtn.DTN object at 0x1180d1550>,<entities.processor.Processor object at 0x1180b7c10>
169.57234000000074,0.0,21901,<entities.dtn.DTN object at 0x1180d1550>,<entities.processor.Processor object at 0x1180b7c10>
170.57234000000074,0.0,21901,<entities.dtn.DTN object at 0x1180d1550>,<entities.processor.Processor object at 0x1180b7c10>
171.57234000000074,0.0,21901,<entities.dtn.DTN object at 0x1180d1550>,<entities.processor.Processor object at 0x1180b7c10>
172.57234000000074,0.0,21901,<entities.dtn.DTN object at 0x1180d1550>,<entities.processor.Processor object at 0x1180b7c10>
173.57234000000074,0.0,21901,<entities.dtn.DTN object at 0x1180d1550>,<entities.processor.Processor object at 0x1180b7c10>
174.57234000000074,0.0,21901,<entities.dtn.DTN object at 0x1180d1550>,<entities.processor.Processor object at 0x1180b7c10>
175.57234000000074,0.0,21901,<entities.dtn.DTN object at 0x1180d1550>,<entities.processor.Processor object at 0x1180b7c10>
176.57234000000074,0.0,21901,<entities.dtn.DTN object at 0x1180d1550>,<entities.processor.Processor object at 0x1180b7c10>
177.57234000000074,0.0,21901,<entities.dtn.DTN object at 0x1180d1550>,<entities.processor.Processor object at 0x1180b7c10>
178.57234000000074,0.0,21901,<entities.dtn.DTN object at 0x1180d1550>,<entities.processor.Processor object at 0x1180b7c10>
179.57234000000074,0.0,21901,<entities.dtn.DTN object at 0x1180d1550>,<entities.processor.Processor object at 0x1180b7c10>
180.57234000000074,0.0,21901,<entities.dtn.DTN object at 0x1180d1550>,<entities.processor.Processor object at 0x1180b7c10>
181.57234000000074,0.0,21901,<entities.dtn.DTN object at 0x1180d1550>,<entities.processor.Processor object at 0x1180b7c10>
182.57234000000074,0.0,21901,<entities.dtn.DTN object at 0x1180d1550>,<entities.processor.Processor object at 0x1180b7c10>
183.57234000000074,0.0,21901,<entities.dtn.DTN object at 0x1180d1550>,<entities.processor.Processor object at 0x1180b7c10>
184.57234000000074,0.0,21901,<entities.dtn.DTN object at 0x1180d1550>,<entities.processor.Processor object at 0x1180b7c10>
185.57234000000074,0.0,21901,<entities.dtn.DTN object at 0x1180d1550>,<entities.processor.Processor object at 0x1180b7c10>
186.57234000000074,0.0,21901,<entities.dtn.DTN object at 0x1180d1550>,<entities.processor.Processor object at 0x1180b7c10>
187.57234000000074,0.0,21901,<entities.dtn.DTN object at 0x1180d1550>,<entities.processor.Processor object at 0x1180b7c10>
188.57234000000074,0.0,21901,<entities.dtn.DTN object at 0x1180d1550>,<entities.processor.Processor object at 0x1180b7c10>
189.57234000000074,0.0,21901,<entities.dtn.DTN object at 0x1180d1550>,<entities.processor.Processor object at 0x1180b7c10>
190.57234000000074,0.0,21901,<entities.dtn.DTN object at 0x1180d1550>,<entities.processor.Processor object at 0x1180b7c10>
191.57234000000074,0.0,21901,<entities.dtn.DTN object at 0x1180d1550>,<entities.processor.Processor object at 0x1180b7c10>
192.57234000000074,0.0,21901,<entities.dtn.DTN object at 0x1180d1550>,<entities.processor.Processor object at 0x1180b7c10>
193.57234000000074,0.0,21901,<entities.dtn.DTN object at 0x1180d1550>,<entities.processor.Processor object at 0x1180b7c10>
194.57234000000074,0.0,21901,<entities.dtn.DTN object at 0x1180d1550>,<entities.processor.Processor object at 0x1180b7c10>
195.57234000000074,0.0,21901,<entities.dtn.DTN object at 0x1180d1550>,<entities.processor.Processor object at 0x1180b7c10>
196.57234000000074,0.0,21901,<entities.dtn.DTN object at 0x1180d1550>,<entities.processor.Processor object at 0x1180b7c10>
197.57234000000074,0.0,21901,<entities.dtn.DTN object at 0x1180d1550>,<entities.processor.Processor object at 0x1180b7c10>
198.57234000000074,0.0,21901,<entities.dtn.DTN object at 0x1180d1550>,<entities.processor.Processor object at 0x1180b7c10>
199.57234000000074,0.0,21901,<entities.dtn.DTN object at 0x1180d1550>,<entities.processor.Processor object at 0x1180b7c10>
55.5,0.0,68364,<entities.processor.Processor object at 0x1180d1220>,<entities.dtn.DTN object at 0x1180d1550>
55.57247000000078,0.0,24104,<entities.dtn.DTN object at 0x1180d1550>,<entities.processor.Processor object at 0x1180d1220>
56.57247000000078,0.0,24104,<entities.dtn.DTN object at 0x1180d1550>,<entities.processor.Processor object at 0x1180d1220>
57.57247000000078,0.0,24104,<entities.dtn.DTN object at 0x1180d1550>,<entities.processor.Processor object at 0x1180d1220>
58.57247000000078,0.0,24104,<entities.dtn.DTN object at 0x1180d1550>,<entities.processor.Processor object at 0x1180d1220>
59.57247000000078,0.0,24104,<entities.dtn.DTN object at 0x1180d1550>,<entities.processor.Processor object at 0x1180d1220>
60.57247000000078,0.0,24104,<entities.dtn.DTN object at 0x1180d1550>,<entities.processor.Processor object at 0x1180d1220>
61.57247000000078,0.0,24104,<entities.dtn.DTN object at 0x1180d1550>,<entities.processor.Processor object at 0x1180d1220>
62.57247000000078,0.0,24104,<entities.dtn.DTN object at 0x1180d1550>,<entities.processor.Processor object at 0x1180d1220>
63.57247000000078,0.0,24104,<entities.dtn.DTN object at 0x1180d1550>,<entities.processor.Processor object at 0x1180d1220>
64.57247000000078,0.0,24104,<entities.dtn.DTN object at 0x1180d1550>,<entities.processor.Processor object at 0x1180d1220>
65.57247000000078,0.0,24104,<entities.dtn.DTN object at 0x1180d1550>,<entities.processor.Processor object at 0x1180d1220>
66.57247000000078,0.0,24104,<entities.dtn.DTN object at 0x1180d1550>,<entities.processor.Processor object at 0x1180d1220>
67.57247000000078,0.0,24104,<entities.dtn.DTN object at 0x1180d1550>,<entities.processor.Processor object at 0x1180d1220>
68.57247000000078,0.0,24104,<entities.dtn.DTN object at 0x1180d1550>,<entities.processor.Processor object at 0x1180d1220>
69.57247000000078,0.0,24104,<entities.dtn.DTN object at 0x1180d1550>,<entities.processor.Processor object at 0x1180d1220>
70.57247000000078,0.0,24104,<entities.dtn.DTN object at 0x1180d1550>,<entities.processor.Processor object at 0x1180d1220>
71.57247000000078,0.0,24104,<entities.dtn.DTN object at 0x1180d1550>,<entities.processor.Processor object at 0x1180d1220>
72.57247000000078,0.0,24104,<entities.dtn.DTN object at 0x1180d1550>,<entities.processor.Processor object at 0x1180d1220>
73.57247000000078,0.0,24104,<entities.dtn.DTN object at 0x1180d1550>,<entities.processor.Processor object at 0x1180d1220>
74.57247000000078,0.0,24104,<entities.dtn.DTN object at 0x1180d1550>,<entities.processor.Processor object at 0x1180d1220>
75.57247000000078,0.0,24104,<entities.dtn.DTN object at 0x1180d1550>,<entities.processor.Processor object at 0x1180d1220>
76.57247000000078,0.0,24104,<entities.dtn.DTN object at 0x1180d1550>,<entities.processor.Processor object at 0x1180d1220>
77.57247000000078,0.0,24104,<entities.dtn.DTN object at 0x1180d1550>,<entities.processor.Processor object at 0x1180d1220>
78.57247000000078,0.0,24104,<entities.dtn.DTN object at 0x1180d1550>,<entities.processor.Processor object at 0x1180d1220>
79.57247000000078,0.0,24104,<entities.dtn.DTN object at 0x1180d1550>,<entities.processor.Processor object at 0x1180d1220>
80.57247000000078,0.0,24104,<entities.dtn.DTN object at 0x1180d1550>,<entities.processor.Processor object at 0x1180d1220>
81.57247000000078,0.0,24104,<entities.dtn.DTN object at 0x1180d1550>,<entities.processor.Processor object at 0x1180d1220>
82.57247000000078,0.0,24104,<entities.dtn.DTN object at 0x1180d1550>,<entities.processor.Processor object at 0x1180d1220>
83.57247000000078,0.0,24104,<entities.dtn.DTN object at 0x1180d1550>,<entities.processor.Processor object at 0x1180d1220>
84.57247000000078,0.0,24104,<entities.dtn.DTN object at 0x1180d1550>,<entities.processor.Processor object at 0x1180d1220>
85.57247000000078,0.0,24104,<entities.dtn.DTN object at 0x1180d1550>,<entities.processor.Processor object at 0x1180d1220>
86.57247000000078,0.0,24104,<entities.dtn.DTN object at 0x1180d1550>,<entities.processor.Processor object at 0x1180d1220>
87.57247000000078,0.0,24104,<entities.dtn.DTN object at 0x1180d1550>,<entities.processor.Processor object at 0x1180d1220>
88.57247000000078,0.0,24104,<entities.dtn.DTN object at 0x1180d1550>,<entities.processor.Processor object at 0x1180d1220>
89.57247000000078,0.0,24104,<entities.dtn.DTN object at 0x1180d1550>,<entities.processor.Processor object at 0x1180d1220>
90.57247000000078,0.0,24104,<entities.dtn.DTN object at 0x1180d1550>,<entities.processor.Processor object at 0x1180d1220>
91.57247000000078,0.0,24104,<entities.dtn.DTN object at 0x1180d1550>,<entities.processor.Processor object at 0x1180d1220>
92.57247000000078,0.0,24104,<entities.dtn.DTN object at 0x1180d1550>,<entities.processor.Processor object at 0x1180d1220>
93.57247000000078,0.0,24104,<entities.dtn.DTN object at 0x1180d1550>,<entities.processor.Processor object at 0x1180d1220>
94.57247000000078,0.0,24104,<entities.dtn.DTN object at 0x1180d1550>,<entities.processor.Processor object at 0x1180d1220>
95.57247000000078,0.0,24104,<entities.dtn.DTN object at 0x1180d1550>,<entities.processor.Processor object at 0x1180d1220>
96.57247000000078,0.0,24104,<entities.dtn.DTN object at 0x1180d1550>,<entities.processor.Processor object at 0x1180d1220>
97.57247000000078,0.0,24104,<entities.dtn.DTN object at 0x1180d1550>,<entities.processor.Processor object at 0x1180d1220>
98.57247000000078,0.0,24104,<entities.dtn.DTN object at 0x1180d1550>,<entities.processor.Processor object at 0x1180d1220>
99.57247000000078,0.0,24104,<entities.dtn.DTN object at 0x1180d1550>,<entities.processor.Processor object at 0x1180d1220>
100.57247000000078,0.0,24104,<entities.dtn.DTN object at 0x1180d1550>,<entities.processor.Processor object at 0x1180d1220>
101.57247000000078,0.0,24104,<entities.dtn.DTN object at 0x1180d1550>,<entities.processor.Processor object at 0x1180d1220>
102.57247000000078,0.0,24104,<entities.dtn.DTN object at 0x1180d1550>,<entities.processor.Processor object at 0x1180d1220>
103.57247000000078,0.0,24104,<entities.dtn.DTN object at 0x1180d1550>,<entities.processor.Processor object at 0x1180d1220>
104.57247000000078,0.0,24104,<entities.dtn.DTN object at 0x1180d1550>,<entities.processor.Processor object at 0x1180d1220>
105.57247000000078,0.0,24104,<entities.dtn.DTN object at 0x1180d1550>,<entities.processor.Processor object at 0x1180d1220>
106.57247000000078,0.0,24104,<entities.dtn.DTN object at 0x1180d1550>,<entities.processor.Processor object at 0x1180d1220>
107.57247000000078,0.0,24104,<entities.dtn.DTN object at 0x1180d1550>,<entities.processor.Processor object at 0x1180d1220>
108.57247000000078,0.0,24104,<entities.dtn.DTN object at 0x1180d1550>,<entities.processor.Processor object at 0x1180d1220>
109.57247000000078,0.0,24104,<entities.dtn.DTN object at 0x1180d1550>,<entities.processor.Processor object at 0x1180d1220>
110.57247000000078,0.0,24104,<entities.dtn.DTN object at 0x1180d1550>,<entities.processor.Processor object at 0x1180d1220>
111.57247000000078,0.0,24104,<entities.dtn.DTN object at 0x1180d1550>,<entities.processor.Processor object at 0x1180d1220>
112.57247000000078,0.0,24104,<entities.dtn.DTN object at 0x1180d1550>,<entities.processor.Processor object at 0x1180d1220>
113.57247000000078,0.0,24104,<entities.dtn.DTN object at 0x1180d1550>,<entities.processor.Processor object at 0x1180d1220>
114.57247000000078,0.0,24104,<entities.dtn.DTN object at 0x1180d1550>,<entities.processor.Processor object at 0x1180d1220>
115.57247000000078,0.0,24104,<entities.dtn.DTN object at 0x1180d1550>,<entities.processor.Processor object at 0x1180d1220>
116.57247000000078,0.0,24104,<entities.dtn.DTN object at 0x1180d1550>,<entities.processor.Processor object at 0x1180d1220>
117.57247000000078,0.0,24104,<entities.dtn.DTN object at 0x1180d1550>,<entities.processor.Processor object at 0x1180d1220>
118.57247000000078,0.0,24104,<entities.dtn.DTN object at 0x1180d1550>,<entities.processor.Processor object at 0x1180d1220>
119.57247000000078,0.0,24104,<entities.dtn.DTN object at 0x1180d1550>,<entities.processor.Processor object at 0x1180d1220>
120.57247000000078,0.0,24104,<entities.dtn.DTN object at 0x1180d1550>,<entities.processor.Processor object at 0x1180d1220>
121.57247000000078,0.0,24104,<entities.dtn.DTN object at 0x1180d1550>,<entities.processor.Processor object at 0x1180d1220>
122.57247000000078,0.0,24104,<entities.dtn.DTN object at 0x1180d1550>,<entities.processor.Processor object at 0x1180d1220>
123.57247000000078,0.0,24104,<entities.dtn.DTN object at 0x1180d1550>,<entities.processor.Processor object at 0x1180d1220>
124.57247000000078,0.0,24104,<entities.dtn.DTN object at 0x1180d1550>,<entities.processor.Processor object at 0x1180d1220>
125.57247000000078,0.0,24104,<entities.dtn.DTN object at 0x1180d1550>,<entities.processor.Processor object at 0x1180d1220>
126.57247000000078,0.0,24104,<entities.dtn.DTN object at 0x1180d1550>,<entities.processor.Processor object at 0x1180d1220>
127.57247000000078,0.0,24104,<entities.dtn.DTN object at 0x1180d1550>,<entities.processor.Processor object at 0x1180d1220>
128.57247000000078,0.0,24104,<entities.dtn.DTN object at 0x1180d1550>,<entities.processor.Processor object at 0x1180d1220>
129.57247000000078,0.0,24104,<entities.dtn.DTN object at 0x1180d1550>,<entities.processor.Processor object at 0x1180d1220>
130.57247000000078,0.0,24104,<entities.dtn.DTN object at 0x1180d1550>,<entities.processor.Processor object at 0x1180d1220>
131.57247000000078,0.0,24104,<entities.dtn.DTN object at 0x1180d1550>,<entities.processor.Processor object at 0x1180d1220>
132.57247000000078,0.0,24104,<entities.dtn.DTN object at 0x1180d1550>,<entities.processor.Processor object at 0x1180d1220>
133.57247000000078,0.0,24104,<entities.dtn.DTN object at 0x1180d1550>,<entities.processor.Processor object at 0x1180d1220>
134.57247000000078,0.0,24104,<entities.dtn.DTN object at 0x1180d1550>,<entities.processor.Processor object at 0x1180d1220>
135.57247000000078,0.0,24104,<entities.dtn.DTN object at 0x1180d1550>,<entities.processor.Processor object at 0x1180d1220>
136.57247000000078,0.0,24104,<entities.dtn.DTN object at 0x1180d1550>,<entities.processor.Processor object at 0x1180d1220>
137.57247000000078,0.0,24104,<entities.dtn.DTN object at 0x1180d1550>,<entities.processor.Processor object at 0x1180d1220>
138.57247000000078,0.0,24104,<entities.dtn.DTN object at 0x1180d1550>,<entities.processor.Processor object at 0x1180d1220>
139.57247000000078,0.0,24104,<entities.dtn.DTN object at 0x1180d1550>,<entities.processor.Processor object at 0x1180d1220>
140.57247000000078,0.0,24104,<entities.dtn.DTN object at 0x1180d1550>,<entities.processor.Processor object at 0x1180d1220>
141.57247000000078,0.0,24104,<entities.dtn.DTN object at 0x1180d1550>,<entities.processor.Processor object at 0x1180d1220>
142.57247000000078,0.0,24104,<entities.dtn.DTN object at 0x1180d1550>,<entities.processor.Processor object at 0x1180d1220>
143.57247000000078,0.0,24104,<entities.dtn.DTN object at 0x1180d1550>,<entities.processor.Processor object at 0x1180d1220>
144.57247000000078,0.0,24104,<entities.dtn.DTN object at 0x1180d1550>,<entities.processor.Processor object at 0x1180d1220>
145.57247000000078,0.0,24104,<entities.dtn.DTN object at 0x1180d1550>,<entities.processor.Processor object at 0x1180d1220>
146.57247000000078,0.0,24104,<entities.dtn.DTN object at 0x1180d1550>,<entities.processor.Processor object at 0x1180d1220>
147.57247000000078,0.0,24104,<entities.dtn.DTN object at 0x1180d1550>,<entities.processor.Processor object at 0x1180d1220>
148.57247000000078,0.0,24104,<entities.dtn.DTN object at 0x1180d1550>,<entities.processor.Processor object at 0x1180d1220>
149.57247000000078,0.0,24104,<entities.dtn.DTN object at 0x1180d1550>,<entities.processor.Processor object at 0x1180d1220>
150.57247000000078,0.0,24104,<entities.dtn.DTN object at 0x1180d1550>,<entities.processor.Processor object at 0x1180d1220>
151.57247000000078,0.0,24104,<entities.dtn.DTN object at 0x1180d1550>,<entities.processor.Processor object at 0x1180d1220>
152.57247000000078,0.0,24104,<entities.dtn.DTN object at 0x1180d1550>,<entities.processor.Processor object at 0x1180d1220>
153.57247000000078,0.0,24104,<entities.dtn.DTN object at 0x1180d1550>,<entities.processor.Processor object at 0x1180d1220>
154.57247000000078,0.0,24104,<entities.dtn.DTN object at 0x1180d1550>,<entities.processor.Processor object at 0x1180d1220>
155.57247000000078,0.0,24104,<entities.dtn.DTN object at 0x1180d1550>,<entities.processor.Processor object at 0x1180d1220>
156.57247000000078,0.0,24104,<entities.dtn.DTN object at 0x1180d1550>,<entities.processor.Processor object at 0x1180d1220>
157.57247000000078,0.0,24104,<entities.dtn.DTN object at 0x1180d1550>,<entities.processor.Processor object at 0x1180d1220>
158.57247000000078,0.0,24104,<entities.dtn.DTN object at 0x1180d1550>,<entities.processor.Processor object at 0x1180d1220>
159.57247000000078,0.0,24104,<entities.dtn.DTN object at 0x1180d1550>,<entities.processor.Processor object at 0x1180d1220>
160.57247000000078,0.0,24104,<entities.dtn.DTN object at 0x1180d1550>,<entities.processor.Processor object at 0x1180d1220>
161.57247000000078,0.0,24104,<entities.dtn.DTN object at 0x1180d1550>,<entities.processor.Processor object at 0x1180d1220>
162.57247000000078,0.0,24104,<entities.dtn.DTN object at 0x1180d1550>,<entities.processor.Processor object at 0x1180d1220>
163.57247000000078,0.0,24104,<entities.dtn.DTN object at 0x1180d1550>,<entities.processor.Processor object at 0x1180d1220>
164.57247000000078,0.0,24104,<entities.dtn.DTN object at 0x1180d1550>,<entities.processor.Processor object at 0x1180d1220>
165.57247000000078,0.0,24104,<entities.dtn.DTN object at 0x1180d1550>,<entities.processor.Processor object at 0x1180d1220>
166.57247000000078,0.0,24104,<entities.dtn.DTN object at 0x1180d1550>,<entities.processor.Processor object at 0x1180d1220>
167.57247000000078,0.0,24104,<entities.dtn.DTN object at 0x1180d1550>,<entities.processor.Processor object at 0x1180d1220>
168.57247000000078,0.0,24104,<entities.dtn.DTN object at 0x1180d1550>,<entities.processor.Processor object at 0x1180d1220>
169.57247000000078,0.0,24104,<entities.dtn.DTN object at 0x1180d1550>,<entities.processor.Processor object at 0x1180d1220>
170.57247000000078,0.0,24104,<entities.dtn.DTN object at 0x1180d1550>,<entities.processor.Processor object at 0x1180d1220>
171.57247000000078,0.0,24104,<entities.dtn.DTN object at 0x1180d1550>,<entities.processor.Processor object at 0x1180d1220>
172.57247000000078,0.0,24104,<entities.dtn.DTN object at 0x1180d1550>,<entities.processor.Processor object at 0x1180d1220>
173.57247000000078,0.0,24104,<entities.dtn.DTN object at 0x1180d1550>,<entities.processor.Processor object at 0x1180d1220>
174.57247000000078,0.0,24104,<entities.dtn.DTN object at 0x1180d1550>,<entities.processor.Processor object at 0x1180d1220>
175.57247000000078,0.0,24104,<entities.dtn.DTN object at 0x1180d1550>,<entities.processor.Processor object at 0x1180d1220>
176.57247000000078,0.0,24104,<entities.dtn.DTN object at 0x1180d1550>,<entities.processor.Processor object at 0x1180d1220>
177.57247000000078,0.0,24104,<entities.dtn.DTN object at 0x1180d1550>,<entities.processor.Processor object at 0x1180d1220>
178.57247000000078,0.0,24104,<entities.dtn.DTN object at 0x1180d1550>,<entities.processor.Processor object at 0x1180d1220>
179.57247000000078,0.0,24104,<entities.dtn.DTN object at 0x1180d1550>,<entities.processor.Processor object at 0x1180d1220>
180.57247000000078,0.0,24104,<entities.dtn.DTN object at 0x1180d1550>,<entities.processor.Processor object at 0x1180d1220>
181.57247000000078,0.0,24104,<entities.dtn.DTN object at 0x1180d1550>,<entities.processor.Processor object at 0x1180d1220>
182.57247000000078,0.0,24104,<entities.dtn.DTN object at 0x1180d1550>,<entities.processor.Processor object at 0x1180d1220>
183.57247000000078,0.0,24104,<entities.dtn.DTN object at 0x1180d1550>,<entities.processor.Processor object at 0x1180d1220>
184.57247000000078,0.0,24104,<entities.dtn.DTN object at 0x1180d1550>,<entities.processor.Processor object at 0x1180d1220>
185.57247000000078,0.0,24104,<entities.dtn.DTN object at 0x1180d1550>,<entities.processor.Processor object at 0x1180d1220>
186.57247000000078,0.0,24104,<entities.dtn.DTN object at 0x1180d1550>,<entities.processor.Processor object at 0x1180d1220>
187.57247000000078,0.0,24104,<entities.dtn.DTN object at 0x1180d1550>,<entities.processor.Processor object at 0x1180d1220>
188.57247000000078,0.0,24104,<entities.dtn.DTN object at 0x1180d1550>,<entities.processor.Processor object at 0x1180d1220>
189.57247000000078,0.0,24104,<entities.dtn.DTN object at 0x1180d1550>,<entities.processor.Processor object at 0x1180d1220>
190.57247000000078,0.0,24104,<entities.dtn.DTN object at 0x1180d1550>,<entities.processor.Processor object at 0x1180d1220>
191.57247000000078,0.0,24104,<entities.dtn.DTN object at 0x1180d1550>,<entities.processor.Processor object at 0x1180d1220>
192.57247000000078,0.0,24104,<entities.dtn.DTN object at 0x1180d1550>,<entities.processor.Processor object at 0x1180d1220>
193.57247000000078,0.0,24104,<entities.dtn.DTN object at 0x1180d1550>,<entities.processor.Processor object at 0x1180d1220>
194.57247000000078,0.0,24104,<entities.dtn.DTN object at 0x1180d1550>,<entities.processor.Processor object at 0x1180d1220>
195.57247000000078,0.0,24104,<entities.dtn.DTN object at 0x1180d1550>,<entities.processor.Processor object at 0x1180d1220>
196.57247000000078,0.0,24104,<entities.dtn.DTN object at 0x1180d1550>,<entities.processor.Processor object at 0x1180d1220>
197.57247000000078,0.0,24104,<entities.dtn.DTN object at 0x1180d1550>,<entities.processor.Processor object at 0x1180d1220>
198.57247000000078,0.0,24104,<entities.dtn.DTN object at 0x1180d1550>,<entities.processor.Processor object at 0x1180d1220>
199.57247000000078,0.0,24104,<entities.dtn.DTN object at 0x1180d1550>,<entities.processor.Processor object at 0x1180d1220>
56.0,0.0,21418,<entities.processor.Processor object at 0x1180b7c10>,<entities.dtn.DTN object at 0x1180d1550>
56.968156018803754,0.0,22600,<entities.processor.Processor object at 0x1180b7ee0>,<entities.dtn.DTN object at 0x1180d1550>
57.14403000000076,0.0,72332,<entities.dtn.DTN object at 0x1180d1550>,<entities.processor.Processor object at 0x1180b7c10>
58.14403000000076,0.0,72332,<entities.dtn.DTN object at 0x1180d1550>,<entities.processor.Processor object at 0x1180b7c10>
59.14403000000076,0.0,72332,<entities.dtn.DTN object at 0x1180d1550>,<entities.processor.Processor object at 0x1180b7c10>
60.14403000000076,0.0,72332,<entities.dtn.DTN object at 0x1180d1550>,<entities.processor.Processor object at 0x1180b7c10>
61.14403000000076,0.0,72332,<entities.dtn.DTN object at 0x1180d1550>,<entities.processor.Processor object at 0x1180b7c10>
62.14403000000076,0.0,72332,<entities.dtn.DTN object at 0x1180d1550>,<entities.processor.Processor object at 0x1180b7c10>
63.14403000000076,0.0,72332,<entities.dtn.DTN object at 0x1180d1550>,<entities.processor.Processor object at 0x1180b7c10>
64.14403000000075,0.0,72332,<entities.dtn.DTN object at 0x1180d1550>,<entities.processor.Processor object at 0x1180b7c10>
65.14403000000075,0.0,72332,<entities.dtn.DTN object at 0x1180d1550>,<entities.processor.Processor object at 0x1180b7c10>
66.14403000000075,0.0,72332,<entities.dtn.DTN object at 0x1180d1550>,<entities.processor.Processor object at 0x1180b7c10>
67.14403000000075,0.0,72332,<entities.dtn.DTN object at 0x1180d1550>,<entities.processor.Processor object at 0x1180b7c10>
68.14403000000075,0.0,72332,<entities.dtn.DTN object at 0x1180d1550>,<entities.processor.Processor object at 0x1180b7c10>
69.14403000000075,0.0,72332,<entities.dtn.DTN object at 0x1180d1550>,<entities.processor.Processor object at 0x1180b7c10>
70.14403000000075,0.0,72332,<entities.dtn.DTN object at 0x1180d1550>,<entities.processor.Processor object at 0x1180b7c10>
71.14403000000075,0.0,72332,<entities.dtn.DTN object at 0x1180d1550>,<entities.processor.Processor object at 0x1180b7c10>
72.14403000000075,0.0,72332,<entities.dtn.DTN object at 0x1180d1550>,<entities.processor.Processor object at 0x1180b7c10>
73.14403000000075,0.0,72332,<entities.dtn.DTN object at 0x1180d1550>,<entities.processor.Processor object at 0x1180b7c10>
74.14403000000075,0.0,72332,<entities.dtn.DTN object at 0x1180d1550>,<entities.processor.Processor object at 0x1180b7c10>
75.14403000000075,0.0,72332,<entities.dtn.DTN object at 0x1180d1550>,<entities.processor.Processor object at 0x1180b7c10>
76.14403000000075,0.0,72332,<entities.dtn.DTN object at 0x1180d1550>,<entities.processor.Processor object at 0x1180b7c10>
77.14403000000075,0.0,72332,<entities.dtn.DTN object at 0x1180d1550>,<entities.processor.Processor object at 0x1180b7c10>
78.14403000000075,0.0,72332,<entities.dtn.DTN object at 0x1180d1550>,<entities.processor.Processor object at 0x1180b7c10>
79.14403000000075,0.0,72332,<entities.dtn.DTN object at 0x1180d1550>,<entities.processor.Processor object at 0x1180b7c10>
80.14403000000075,0.0,72332,<entities.dtn.DTN object at 0x1180d1550>,<entities.processor.Processor object at 0x1180b7c10>
81.14403000000075,0.0,72332,<entities.dtn.DTN object at 0x1180d1550>,<entities.processor.Processor object at 0x1180b7c10>
82.14403000000075,0.0,72332,<entities.dtn.DTN object at 0x1180d1550>,<entities.processor.Processor object at 0x1180b7c10>
83.14403000000075,0.0,72332,<entities.dtn.DTN object at 0x1180d1550>,<entities.processor.Processor object at 0x1180b7c10>
84.14403000000075,0.0,72332,<entities.dtn.DTN object at 0x1180d1550>,<entities.processor.Processor object at 0x1180b7c10>
85.14403000000075,0.0,72332,<entities.dtn.DTN object at 0x1180d1550>,<entities.processor.Processor object at 0x1180b7c10>
86.14403000000075,0.0,72332,<entities.dtn.DTN object at 0x1180d1550>,<entities.processor.Processor object at 0x1180b7c10>
87.14403000000075,0.0,72332,<entities.dtn.DTN object at 0x1180d1550>,<entities.processor.Processor object at 0x1180b7c10>
88.14403000000075,0.0,72332,<entities.dtn.DTN object at 0x1180d1550>,<entities.processor.Processor object at 0x1180b7c10>
89.14403000000075,0.0,72332,<entities.dtn.DTN object at 0x1180d1550>,<entities.processor.Processor object at 0x1180b7c10>
90.14403000000075,0.0,72332,<entities.dtn.DTN object at 0x1180d1550>,<entities.processor.Processor object at 0x1180b7c10>
91.14403000000075,0.0,72332,<entities.dtn.DTN object at 0x1180d1550>,<entities.processor.Processor object at 0x1180b7c10>
92.14403000000075,0.0,72332,<entities.dtn.DTN object at 0x1180d1550>,<entities.processor.Processor object at 0x1180b7c10>
93.14403000000075,0.0,72332,<entities.dtn.DTN object at 0x1180d1550>,<entities.processor.Processor object at 0x1180b7c10>
94.14403000000075,0.0,72332,<entities.dtn.DTN object at 0x1180d1550>,<entities.processor.Processor object at 0x1180b7c10>
95.14403000000075,0.0,72332,<entities.dtn.DTN object at 0x1180d1550>,<entities.processor.Processor object at 0x1180b7c10>
96.14403000000075,0.0,72332,<entities.dtn.DTN object at 0x1180d1550>,<entities.processor.Processor object at 0x1180b7c10>
97.14403000000075,0.0,72332,<entities.dtn.DTN object at 0x1180d1550>,<entities.processor.Processor object at 0x1180b7c10>
98.14403000000075,0.0,72332,<entities.dtn.DTN object at 0x1180d1550>,<entities.processor.Processor object at 0x1180b7c10>
99.14403000000075,0.0,72332,<entities.dtn.DTN object at 0x1180d1550>,<entities.processor.Processor object at 0x1180b7c10>
100.14403000000075,0.0,72332,<entities.dtn.DTN object at 0x1180d1550>,<entities.processor.Processor object at 0x1180b7c10>
101.14403000000075,0.0,72332,<entities.dtn.DTN object at 0x1180d1550>,<entities.processor.Processor object at 0x1180b7c10>
102.14403000000075,0.0,72332,<entities.dtn.DTN object at 0x1180d1550>,<entities.processor.Processor object at 0x1180b7c10>
103.14403000000075,0.0,72332,<entities.dtn.DTN object at 0x1180d1550>,<entities.processor.Processor object at 0x1180b7c10>
104.14403000000075,0.0,72332,<entities.dtn.DTN object at 0x1180d1550>,<entities.processor.Processor object at 0x1180b7c10>
105.14403000000075,0.0,72332,<entities.dtn.DTN object at 0x1180d1550>,<entities.processor.Processor object at 0x1180b7c10>
106.14403000000075,0.0,72332,<entities.dtn.DTN object at 0x1180d1550>,<entities.processor.Processor object at 0x1180b7c10>
107.14403000000075,0.0,72332,<entities.dtn.DTN object at 0x1180d1550>,<entities.processor.Processor object at 0x1180b7c10>
108.14403000000075,0.0,72332,<entities.dtn.DTN object at 0x1180d1550>,<entities.processor.Processor object at 0x1180b7c10>
109.14403000000075,0.0,72332,<entities.dtn.DTN object at 0x1180d1550>,<entities.processor.Processor object at 0x1180b7c10>
110.14403000000075,0.0,72332,<entities.dtn.DTN object at 0x1180d1550>,<entities.processor.Processor object at 0x1180b7c10>
111.14403000000075,0.0,72332,<entities.dtn.DTN object at 0x1180d1550>,<entities.processor.Processor object at 0x1180b7c10>
112.14403000000075,0.0,72332,<entities.dtn.DTN object at 0x1180d1550>,<entities.processor.Processor object at 0x1180b7c10>
113.14403000000075,0.0,72332,<entities.dtn.DTN object at 0x1180d1550>,<entities.processor.Processor object at 0x1180b7c10>
114.14403000000075,0.0,72332,<entities.dtn.DTN object at 0x1180d1550>,<entities.processor.Processor object at 0x1180b7c10>
115.14403000000075,0.0,72332,<entities.dtn.DTN object at 0x1180d1550>,<entities.processor.Processor object at 0x1180b7c10>
116.14403000000075,0.0,72332,<entities.dtn.DTN object at 0x1180d1550>,<entities.processor.Processor object at 0x1180b7c10>
117.14403000000075,0.0,72332,<entities.dtn.DTN object at 0x1180d1550>,<entities.processor.Processor object at 0x1180b7c10>
118.14403000000075,0.0,72332,<entities.dtn.DTN object at 0x1180d1550>,<entities.processor.Processor object at 0x1180b7c10>
119.14403000000075,0.0,72332,<entities.dtn.DTN object at 0x1180d1550>,<entities.processor.Processor object at 0x1180b7c10>
120.14403000000075,0.0,72332,<entities.dtn.DTN object at 0x1180d1550>,<entities.processor.Processor object at 0x1180b7c10>
121.14403000000075,0.0,72332,<entities.dtn.DTN object at 0x1180d1550>,<entities.processor.Processor object at 0x1180b7c10>
122.14403000000075,0.0,72332,<entities.dtn.DTN object at 0x1180d1550>,<entities.processor.Processor object at 0x1180b7c10>
123.14403000000075,0.0,72332,<entities.dtn.DTN object at 0x1180d1550>,<entities.processor.Processor object at 0x1180b7c10>
124.14403000000075,0.0,72332,<entities.dtn.DTN object at 0x1180d1550>,<entities.processor.Processor object at 0x1180b7c10>
125.14403000000075,0.0,72332,<entities.dtn.DTN object at 0x1180d1550>,<entities.processor.Processor object at 0x1180b7c10>
126.14403000000075,0.0,72332,<entities.dtn.DTN object at 0x1180d1550>,<entities.processor.Processor object at 0x1180b7c10>
127.14403000000075,0.0,72332,<entities.dtn.DTN object at 0x1180d1550>,<entities.processor.Processor object at 0x1180b7c10>
128.14403000000075,0.0,72332,<entities.dtn.DTN object at 0x1180d1550>,<entities.processor.Processor object at 0x1180b7c10>
129.14403000000075,0.0,72332,<entities.dtn.DTN object at 0x1180d1550>,<entities.processor.Processor object at 0x1180b7c10>
130.14403000000075,0.0,72332,<entities.dtn.DTN object at 0x1180d1550>,<entities.processor.Processor object at 0x1180b7c10>
131.14403000000075,0.0,72332,<entities.dtn.DTN object at 0x1180d1550>,<entities.processor.Processor object at 0x1180b7c10>
132.14403000000075,0.0,72332,<entities.dtn.DTN object at 0x1180d1550>,<entities.processor.Processor object at 0x1180b7c10>
133.14403000000075,0.0,72332,<entities.dtn.DTN object at 0x1180d1550>,<entities.processor.Processor object at 0x1180b7c10>
134.14403000000075,0.0,72332,<entities.dtn.DTN object at 0x1180d1550>,<entities.processor.Processor object at 0x1180b7c10>
135.14403000000075,0.0,72332,<entities.dtn.DTN object at 0x1180d1550>,<entities.processor.Processor object at 0x1180b7c10>
136.14403000000075,0.0,72332,<entities.dtn.DTN object at 0x1180d1550>,<entities.processor.Processor object at 0x1180b7c10>
137.14403000000075,0.0,72332,<entities.dtn.DTN object at 0x1180d1550>,<entities.processor.Processor object at 0x1180b7c10>
138.14403000000075,0.0,72332,<entities.dtn.DTN object at 0x1180d1550>,<entities.processor.Processor object at 0x1180b7c10>
139.14403000000075,0.0,72332,<entities.dtn.DTN object at 0x1180d1550>,<entities.processor.Processor object at 0x1180b7c10>
140.14403000000075,0.0,72332,<entities.dtn.DTN object at 0x1180d1550>,<entities.processor.Processor object at 0x1180b7c10>
141.14403000000075,0.0,72332,<entities.dtn.DTN object at 0x1180d1550>,<entities.processor.Processor object at 0x1180b7c10>
142.14403000000075,0.0,72332,<entities.dtn.DTN object at 0x1180d1550>,<entities.processor.Processor object at 0x1180b7c10>
143.14403000000075,0.0,72332,<entities.dtn.DTN object at 0x1180d1550>,<entities.processor.Processor object at 0x1180b7c10>
144.14403000000075,0.0,72332,<entities.dtn.DTN object at 0x1180d1550>,<entities.processor.Processor object at 0x1180b7c10>
145.14403000000075,0.0,72332,<entities.dtn.DTN object at 0x1180d1550>,<entities.processor.Processor object at 0x1180b7c10>
146.14403000000075,0.0,72332,<entities.dtn.DTN object at 0x1180d1550>,<entities.processor.Processor object at 0x1180b7c10>
147.14403000000075,0.0,72332,<entities.dtn.DTN object at 0x1180d1550>,<entities.processor.Processor object at 0x1180b7c10>
148.14403000000075,0.0,72332,<entities.dtn.DTN object at 0x1180d1550>,<entities.processor.Processor object at 0x1180b7c10>
149.14403000000075,0.0,72332,<entities.dtn.DTN object at 0x1180d1550>,<entities.processor.Processor object at 0x1180b7c10>
150.14403000000075,0.0,72332,<entities.dtn.DTN object at 0x1180d1550>,<entities.processor.Processor object at 0x1180b7c10>
151.14403000000075,0.0,72332,<entities.dtn.DTN object at 0x1180d1550>,<entities.processor.Processor object at 0x1180b7c10>
152.14403000000075,0.0,72332,<entities.dtn.DTN object at 0x1180d1550>,<entities.processor.Processor object at 0x1180b7c10>
153.14403000000075,0.0,72332,<entities.dtn.DTN object at 0x1180d1550>,<entities.processor.Processor object at 0x1180b7c10>
154.14403000000075,0.0,72332,<entities.dtn.DTN object at 0x1180d1550>,<entities.processor.Processor object at 0x1180b7c10>
155.14403000000075,0.0,72332,<entities.dtn.DTN object at 0x1180d1550>,<entities.processor.Processor object at 0x1180b7c10>
156.14403000000075,0.0,72332,<entities.dtn.DTN object at 0x1180d1550>,<entities.processor.Processor object at 0x1180b7c10>
157.14403000000075,0.0,72332,<entities.dtn.DTN object at 0x1180d1550>,<entities.processor.Processor object at 0x1180b7c10>
158.14403000000075,0.0,72332,<entities.dtn.DTN object at 0x1180d1550>,<entities.processor.Processor object at 0x1180b7c10>
159.14403000000075,0.0,72332,<entities.dtn.DTN object at 0x1180d1550>,<entities.processor.Processor object at 0x1180b7c10>
160.14403000000075,0.0,72332,<entities.dtn.DTN object at 0x1180d1550>,<entities.processor.Processor object at 0x1180b7c10>
161.14403000000075,0.0,72332,<entities.dtn.DTN object at 0x1180d1550>,<entities.processor.Processor object at 0x1180b7c10>
162.14403000000075,0.0,72332,<entities.dtn.DTN object at 0x1180d1550>,<entities.processor.Processor object at 0x1180b7c10>
163.14403000000075,0.0,72332,<entities.dtn.DTN object at 0x1180d1550>,<entities.processor.Processor object at 0x1180b7c10>
164.14403000000075,0.0,72332,<entities.dtn.DTN object at 0x1180d1550>,<entities.processor.Processor object at 0x1180b7c10>
165.14403000000075,0.0,72332,<entities.dtn.DTN object at 0x1180d1550>,<entities.processor.Processor object at 0x1180b7c10>
166.14403000000075,0.0,72332,<entities.dtn.DTN object at 0x1180d1550>,<entities.processor.Processor object at 0x1180b7c10>
167.14403000000075,0.0,72332,<entities.dtn.DTN object at 0x1180d1550>,<entities.processor.Processor object at 0x1180b7c10>
168.14403000000075,0.0,72332,<entities.dtn.DTN object at 0x1180d1550>,<entities.processor.Processor object at 0x1180b7c10>
169.14403000000075,0.0,72332,<entities.dtn.DTN object at 0x1180d1550>,<entities.processor.Processor object at 0x1180b7c10>
170.14403000000075,0.0,72332,<entities.dtn.DTN object at 0x1180d1550>,<entities.processor.Processor object at 0x1180b7c10>
171.14403000000075,0.0,72332,<entities.dtn.DTN object at 0x1180d1550>,<entities.processor.Processor object at 0x1180b7c10>
172.14403000000075,0.0,72332,<entities.dtn.DTN object at 0x1180d1550>,<entities.processor.Processor object at 0x1180b7c10>
173.14403000000075,0.0,72332,<entities.dtn.DTN object at 0x1180d1550>,<entities.processor.Processor object at 0x1180b7c10>
174.14403000000075,0.0,72332,<entities.dtn.DTN object at 0x1180d1550>,<entities.processor.Processor object at 0x1180b7c10>
175.14403000000075,0.0,72332,<entities.dtn.DTN object at 0x1180d1550>,<entities.processor.Processor object at 0x1180b7c10>
176.14403000000075,0.0,72332,<entities.dtn.DTN object at 0x1180d1550>,<entities.processor.Processor object at 0x1180b7c10>
177.14403000000075,0.0,72332,<entities.dtn.DTN object at 0x1180d1550>,<entities.processor.Processor object at 0x1180b7c10>
178.14403000000075,0.0,72332,<entities.dtn.DTN object at 0x1180d1550>,<entities.processor.Processor object at 0x1180b7c10>
179.14403000000075,0.0,72332,<entities.dtn.DTN object at 0x1180d1550>,<entities.processor.Processor object at 0x1180b7c10>
180.14403000000075,0.0,72332,<entities.dtn.DTN object at 0x1180d1550>,<entities.processor.Processor object at 0x1180b7c10>
181.14403000000075,0.0,72332,<entities.dtn.DTN object at 0x1180d1550>,<entities.processor.Processor object at 0x1180b7c10>
182.14403000000075,0.0,72332,<entities.dtn.DTN object at 0x1180d1550>,<entities.processor.Processor object at 0x1180b7c10>
183.14403000000075,0.0,72332,<entities.dtn.DTN object at 0x1180d1550>,<entities.processor.Processor object at 0x1180b7c10>
184.14403000000075,0.0,72332,<entities.dtn.DTN object at 0x1180d1550>,<entities.processor.Processor object at 0x1180b7c10>
185.14403000000075,0.0,72332,<entities.dtn.DTN object at 0x1180d1550>,<entities.processor.Processor object at 0x1180b7c10>
186.14403000000075,0.0,72332,<entities.dtn.DTN object at 0x1180d1550>,<entities.processor.Processor object at 0x1180b7c10>
187.14403000000075,0.0,72332,<entities.dtn.DTN object at 0x1180d1550>,<entities.processor.Processor object at 0x1180b7c10>
188.14403000000075,0.0,72332,<entities.dtn.DTN object at 0x1180d1550>,<entities.processor.Processor object at 0x1180b7c10>
189.14403000000075,0.0,72332,<entities.dtn.DTN object at 0x1180d1550>,<entities.processor.Processor object at 0x1180b7c10>
190.14403000000075,0.0,72332,<entities.dtn.DTN object at 0x1180d1550>,<entities.processor.Processor object at 0x1180b7c10>
191.14403000000075,0.0,72332,<entities.dtn.DTN object at 0x1180d1550>,<entities.processor.Processor object at 0x1180b7c10>
192.14403000000075,0.0,72332,<entities.dtn.DTN object at 0x1180d1550>,<entities.processor.Processor object at 0x1180b7c10>
193.14403000000075,0.0,72332,<entities.dtn.DTN object at 0x1180d1550>,<entities.processor.Processor object at 0x1180b7c10>
194.14403000000075,0.0,72332,<entities.dtn.DTN object at 0x1180d1550>,<entities.processor.Processor object at 0x1180b7c10>
195.14403000000075,0.0,72332,<entities.dtn.DTN object at 0x1180d1550>,<entities.processor.Processor object at 0x1180b7c10>
196.14403000000075,0.0,72332,<entities.dtn.DTN object at 0x1180d1550>,<entities.processor.Processor object at 0x1180b7c10>
197.14403000000075,0.0,72332,<entities.dtn.DTN object at 0x1180d1550>,<entities.processor.Processor object at 0x1180b7c10>
198.14403000000075,0.0,72332,<entities.dtn.DTN object at 0x1180d1550>,<entities.processor.Processor object at 0x1180b7c10>
199.14403000000075,0.0,72332,<entities.dtn.DTN object at 0x1180d1550>,<entities.processor.Processor object at 0x1180b7c10>
57.14416000000077,0.0,6335,<entities.dtn.DTN object at 0x1180d1550>,<entities.processor.Processor object at 0x1180b7ee0>
58.14416000000077,0.0,6335,<entities.dtn.DTN object at 0x1180d1550>,<entities.processor.Processor object at 0x1180b7ee0>
59.14416000000077,0.0,6335,<entities.dtn.DTN object at 0x1180d1550>,<entities.processor.Processor object at 0x1180b7ee0>
60.14416000000077,0.0,6335,<entities.dtn.DTN object at 0x1180d1550>,<entities.processor.Processor object at 0x1180b7ee0>
61.14416000000077,0.0,6335,<entities.dtn.DTN object at 0x1180d1550>,<entities.processor.Processor object at 0x1180b7ee0>
62.14416000000077,0.0,6335,<entities.dtn.DTN object at 0x1180d1550>,<entities.processor.Processor object at 0x1180b7ee0>
63.14416000000077,0.0,6335,<entities.dtn.DTN object at 0x1180d1550>,<entities.processor.Processor object at 0x1180b7ee0>
64.14416000000077,0.0,6335,<entities.dtn.DTN object at 0x1180d1550>,<entities.processor.Processor object at 0x1180b7ee0>
65.14416000000077,0.0,6335,<entities.dtn.DTN object at 0x1180d1550>,<entities.processor.Processor object at 0x1180b7ee0>
66.14416000000077,0.0,6335,<entities.dtn.DTN object at 0x1180d1550>,<entities.processor.Processor object at 0x1180b7ee0>
67.14416000000077,0.0,6335,<entities.dtn.DTN object at 0x1180d1550>,<entities.processor.Processor object at 0x1180b7ee0>
68.14416000000077,0.0,6335,<entities.dtn.DTN object at 0x1180d1550>,<entities.processor.Processor object at 0x1180b7ee0>
69.14416000000077,0.0,6335,<entities.dtn.DTN object at 0x1180d1550>,<entities.processor.Processor object at 0x1180b7ee0>
70.14416000000077,0.0,6335,<entities.dtn.DTN object at 0x1180d1550>,<entities.processor.Processor object at 0x1180b7ee0>
71.14416000000077,0.0,6335,<entities.dtn.DTN object at 0x1180d1550>,<entities.processor.Processor object at 0x1180b7ee0>
72.14416000000077,0.0,6335,<entities.dtn.DTN object at 0x1180d1550>,<entities.processor.Processor object at 0x1180b7ee0>
73.14416000000077,0.0,6335,<entities.dtn.DTN object at 0x1180d1550>,<entities.processor.Processor object at 0x1180b7ee0>
74.14416000000077,0.0,6335,<entities.dtn.DTN object at 0x1180d1550>,<entities.processor.Processor object at 0x1180b7ee0>
75.14416000000077,0.0,6335,<entities.dtn.DTN object at 0x1180d1550>,<entities.processor.Processor object at 0x1180b7ee0>
76.14416000000077,0.0,6335,<entities.dtn.DTN object at 0x1180d1550>,<entities.processor.Processor object at 0x1180b7ee0>
77.14416000000077,0.0,6335,<entities.dtn.DTN object at 0x1180d1550>,<entities.processor.Processor object at 0x1180b7ee0>
78.14416000000077,0.0,6335,<entities.dtn.DTN object at 0x1180d1550>,<entities.processor.Processor object at 0x1180b7ee0>
79.14416000000077,0.0,6335,<entities.dtn.DTN object at 0x1180d1550>,<entities.processor.Processor object at 0x1180b7ee0>
80.14416000000077,0.0,6335,<entities.dtn.DTN object at 0x1180d1550>,<entities.processor.Processor object at 0x1180b7ee0>
81.14416000000077,0.0,6335,<entities.dtn.DTN object at 0x1180d1550>,<entities.processor.Processor object at 0x1180b7ee0>
82.14416000000077,0.0,6335,<entities.dtn.DTN object at 0x1180d1550>,<entities.processor.Processor object at 0x1180b7ee0>
83.14416000000077,0.0,6335,<entities.dtn.DTN object at 0x1180d1550>,<entities.processor.Processor object at 0x1180b7ee0>
84.14416000000077,0.0,6335,<entities.dtn.DTN object at 0x1180d1550>,<entities.processor.Processor object at 0x1180b7ee0>
85.14416000000077,0.0,6335,<entities.dtn.DTN object at 0x1180d1550>,<entities.processor.Processor object at 0x1180b7ee0>
86.14416000000077,0.0,6335,<entities.dtn.DTN object at 0x1180d1550>,<entities.processor.Processor object at 0x1180b7ee0>
87.14416000000077,0.0,6335,<entities.dtn.DTN object at 0x1180d1550>,<entities.processor.Processor object at 0x1180b7ee0>
88.14416000000077,0.0,6335,<entities.dtn.DTN object at 0x1180d1550>,<entities.processor.Processor object at 0x1180b7ee0>
89.14416000000077,0.0,6335,<entities.dtn.DTN object at 0x1180d1550>,<entities.processor.Processor object at 0x1180b7ee0>
90.14416000000077,0.0,6335,<entities.dtn.DTN object at 0x1180d1550>,<entities.processor.Processor object at 0x1180b7ee0>
91.14416000000077,0.0,6335,<entities.dtn.DTN object at 0x1180d1550>,<entities.processor.Processor object at 0x1180b7ee0>
92.14416000000077,0.0,6335,<entities.dtn.DTN object at 0x1180d1550>,<entities.processor.Processor object at 0x1180b7ee0>
93.14416000000077,0.0,6335,<entities.dtn.DTN object at 0x1180d1550>,<entities.processor.Processor object at 0x1180b7ee0>
94.14416000000077,0.0,6335,<entities.dtn.DTN object at 0x1180d1550>,<entities.processor.Processor object at 0x1180b7ee0>
95.14416000000077,0.0,6335,<entities.dtn.DTN object at 0x1180d1550>,<entities.processor.Processor object at 0x1180b7ee0>
96.14416000000077,0.0,6335,<entities.dtn.DTN object at 0x1180d1550>,<entities.processor.Processor object at 0x1180b7ee0>
97.14416000000077,0.0,6335,<entities.dtn.DTN object at 0x1180d1550>,<entities.processor.Processor object at 0x1180b7ee0>
98.14416000000077,0.0,6335,<entities.dtn.DTN object at 0x1180d1550>,<entities.processor.Processor object at 0x1180b7ee0>
99.14416000000077,0.0,6335,<entities.dtn.DTN object at 0x1180d1550>,<entities.processor.Processor object at 0x1180b7ee0>
100.14416000000077,0.0,6335,<entities.dtn.DTN object at 0x1180d1550>,<entities.processor.Processor object at 0x1180b7ee0>
101.14416000000077,0.0,6335,<entities.dtn.DTN object at 0x1180d1550>,<entities.processor.Processor object at 0x1180b7ee0>
102.14416000000077,0.0,6335,<entities.dtn.DTN object at 0x1180d1550>,<entities.processor.Processor object at 0x1180b7ee0>
103.14416000000077,0.0,6335,<entities.dtn.DTN object at 0x1180d1550>,<entities.processor.Processor object at 0x1180b7ee0>
104.14416000000077,0.0,6335,<entities.dtn.DTN object at 0x1180d1550>,<entities.processor.Processor object at 0x1180b7ee0>
105.14416000000077,0.0,6335,<entities.dtn.DTN object at 0x1180d1550>,<entities.processor.Processor object at 0x1180b7ee0>
106.14416000000077,0.0,6335,<entities.dtn.DTN object at 0x1180d1550>,<entities.processor.Processor object at 0x1180b7ee0>
107.14416000000077,0.0,6335,<entities.dtn.DTN object at 0x1180d1550>,<entities.processor.Processor object at 0x1180b7ee0>
108.14416000000077,0.0,6335,<entities.dtn.DTN object at 0x1180d1550>,<entities.processor.Processor object at 0x1180b7ee0>
109.14416000000077,0.0,6335,<entities.dtn.DTN object at 0x1180d1550>,<entities.processor.Processor object at 0x1180b7ee0>
110.14416000000077,0.0,6335,<entities.dtn.DTN object at 0x1180d1550>,<entities.processor.Processor object at 0x1180b7ee0>
111.14416000000077,0.0,6335,<entities.dtn.DTN object at 0x1180d1550>,<entities.processor.Processor object at 0x1180b7ee0>
112.14416000000077,0.0,6335,<entities.dtn.DTN object at 0x1180d1550>,<entities.processor.Processor object at 0x1180b7ee0>
113.14416000000077,0.0,6335,<entities.dtn.DTN object at 0x1180d1550>,<entities.processor.Processor object at 0x1180b7ee0>
114.14416000000077,0.0,6335,<entities.dtn.DTN object at 0x1180d1550>,<entities.processor.Processor object at 0x1180b7ee0>
115.14416000000077,0.0,6335,<entities.dtn.DTN object at 0x1180d1550>,<entities.processor.Processor object at 0x1180b7ee0>
116.14416000000077,0.0,6335,<entities.dtn.DTN object at 0x1180d1550>,<entities.processor.Processor object at 0x1180b7ee0>
117.14416000000077,0.0,6335,<entities.dtn.DTN object at 0x1180d1550>,<entities.processor.Processor object at 0x1180b7ee0>
118.14416000000077,0.0,6335,<entities.dtn.DTN object at 0x1180d1550>,<entities.processor.Processor object at 0x1180b7ee0>
119.14416000000077,0.0,6335,<entities.dtn.DTN object at 0x1180d1550>,<entities.processor.Processor object at 0x1180b7ee0>
120.14416000000077,0.0,6335,<entities.dtn.DTN object at 0x1180d1550>,<entities.processor.Processor object at 0x1180b7ee0>
121.14416000000077,0.0,6335,<entities.dtn.DTN object at 0x1180d1550>,<entities.processor.Processor object at 0x1180b7ee0>
122.14416000000077,0.0,6335,<entities.dtn.DTN object at 0x1180d1550>,<entities.processor.Processor object at 0x1180b7ee0>
123.14416000000077,0.0,6335,<entities.dtn.DTN object at 0x1180d1550>,<entities.processor.Processor object at 0x1180b7ee0>
124.14416000000077,0.0,6335,<entities.dtn.DTN object at 0x1180d1550>,<entities.processor.Processor object at 0x1180b7ee0>
125.14416000000077,0.0,6335,<entities.dtn.DTN object at 0x1180d1550>,<entities.processor.Processor object at 0x1180b7ee0>
126.14416000000077,0.0,6335,<entities.dtn.DTN object at 0x1180d1550>,<entities.processor.Processor object at 0x1180b7ee0>
127.14416000000077,0.0,6335,<entities.dtn.DTN object at 0x1180d1550>,<entities.processor.Processor object at 0x1180b7ee0>
128.14416000000077,0.0,6335,<entities.dtn.DTN object at 0x1180d1550>,<entities.processor.Processor object at 0x1180b7ee0>
129.14416000000077,0.0,6335,<entities.dtn.DTN object at 0x1180d1550>,<entities.processor.Processor object at 0x1180b7ee0>
130.14416000000077,0.0,6335,<entities.dtn.DTN object at 0x1180d1550>,<entities.processor.Processor object at 0x1180b7ee0>
131.14416000000077,0.0,6335,<entities.dtn.DTN object at 0x1180d1550>,<entities.processor.Processor object at 0x1180b7ee0>
132.14416000000077,0.0,6335,<entities.dtn.DTN object at 0x1180d1550>,<entities.processor.Processor object at 0x1180b7ee0>
133.14416000000077,0.0,6335,<entities.dtn.DTN object at 0x1180d1550>,<entities.processor.Processor object at 0x1180b7ee0>
134.14416000000077,0.0,6335,<entities.dtn.DTN object at 0x1180d1550>,<entities.processor.Processor object at 0x1180b7ee0>
135.14416000000077,0.0,6335,<entities.dtn.DTN object at 0x1180d1550>,<entities.processor.Processor object at 0x1180b7ee0>
136.14416000000077,0.0,6335,<entities.dtn.DTN object at 0x1180d1550>,<entities.processor.Processor object at 0x1180b7ee0>
137.14416000000077,0.0,6335,<entities.dtn.DTN object at 0x1180d1550>,<entities.processor.Processor object at 0x1180b7ee0>
138.14416000000077,0.0,6335,<entities.dtn.DTN object at 0x1180d1550>,<entities.processor.Processor object at 0x1180b7ee0>
139.14416000000077,0.0,6335,<entities.dtn.DTN object at 0x1180d1550>,<entities.processor.Processor object at 0x1180b7ee0>
140.14416000000077,0.0,6335,<entities.dtn.DTN object at 0x1180d1550>,<entities.processor.Processor object at 0x1180b7ee0>
141.14416000000077,0.0,6335,<entities.dtn.DTN object at 0x1180d1550>,<entities.processor.Processor object at 0x1180b7ee0>
142.14416000000077,0.0,6335,<entities.dtn.DTN object at 0x1180d1550>,<entities.processor.Processor object at 0x1180b7ee0>
143.14416000000077,0.0,6335,<entities.dtn.DTN object at 0x1180d1550>,<entities.processor.Processor object at 0x1180b7ee0>
144.14416000000077,0.0,6335,<entities.dtn.DTN object at 0x1180d1550>,<entities.processor.Processor object at 0x1180b7ee0>
145.14416000000077,0.0,6335,<entities.dtn.DTN object at 0x1180d1550>,<entities.processor.Processor object at 0x1180b7ee0>
146.14416000000077,0.0,6335,<entities.dtn.DTN object at 0x1180d1550>,<entities.processor.Processor object at 0x1180b7ee0>
147.14416000000077,0.0,6335,<entities.dtn.DTN object at 0x1180d1550>,<entities.processor.Processor object at 0x1180b7ee0>
148.14416000000077,0.0,6335,<entities.dtn.DTN object at 0x1180d1550>,<entities.processor.Processor object at 0x1180b7ee0>
149.14416000000077,0.0,6335,<entities.dtn.DTN object at 0x1180d1550>,<entities.processor.Processor object at 0x1180b7ee0>
150.14416000000077,0.0,6335,<entities.dtn.DTN object at 0x1180d1550>,<entities.processor.Processor object at 0x1180b7ee0>
151.14416000000077,0.0,6335,<entities.dtn.DTN object at 0x1180d1550>,<entities.processor.Processor object at 0x1180b7ee0>
152.14416000000077,0.0,6335,<entities.dtn.DTN object at 0x1180d1550>,<entities.processor.Processor object at 0x1180b7ee0>
153.14416000000077,0.0,6335,<entities.dtn.DTN object at 0x1180d1550>,<entities.processor.Processor object at 0x1180b7ee0>
154.14416000000077,0.0,6335,<entities.dtn.DTN object at 0x1180d1550>,<entities.processor.Processor object at 0x1180b7ee0>
155.14416000000077,0.0,6335,<entities.dtn.DTN object at 0x1180d1550>,<entities.processor.Processor object at 0x1180b7ee0>
156.14416000000077,0.0,6335,<entities.dtn.DTN object at 0x1180d1550>,<entities.processor.Processor object at 0x1180b7ee0>
157.14416000000077,0.0,6335,<entities.dtn.DTN object at 0x1180d1550>,<entities.processor.Processor object at 0x1180b7ee0>
158.14416000000077,0.0,6335,<entities.dtn.DTN object at 0x1180d1550>,<entities.processor.Processor object at 0x1180b7ee0>
159.14416000000077,0.0,6335,<entities.dtn.DTN object at 0x1180d1550>,<entities.processor.Processor object at 0x1180b7ee0>
160.14416000000077,0.0,6335,<entities.dtn.DTN object at 0x1180d1550>,<entities.processor.Processor object at 0x1180b7ee0>
161.14416000000077,0.0,6335,<entities.dtn.DTN object at 0x1180d1550>,<entities.processor.Processor object at 0x1180b7ee0>
162.14416000000077,0.0,6335,<entities.dtn.DTN object at 0x1180d1550>,<entities.processor.Processor object at 0x1180b7ee0>
163.14416000000077,0.0,6335,<entities.dtn.DTN object at 0x1180d1550>,<entities.processor.Processor object at 0x1180b7ee0>
164.14416000000077,0.0,6335,<entities.dtn.DTN object at 0x1180d1550>,<entities.processor.Processor object at 0x1180b7ee0>
165.14416000000077,0.0,6335,<entities.dtn.DTN object at 0x1180d1550>,<entities.processor.Processor object at 0x1180b7ee0>
166.14416000000077,0.0,6335,<entities.dtn.DTN object at 0x1180d1550>,<entities.processor.Processor object at 0x1180b7ee0>
167.14416000000077,0.0,6335,<entities.dtn.DTN object at 0x1180d1550>,<entities.processor.Processor object at 0x1180b7ee0>
168.14416000000077,0.0,6335,<entities.dtn.DTN object at 0x1180d1550>,<entities.processor.Processor object at 0x1180b7ee0>
169.14416000000077,0.0,6335,<entities.dtn.DTN object at 0x1180d1550>,<entities.processor.Processor object at 0x1180b7ee0>
170.14416000000077,0.0,6335,<entities.dtn.DTN object at 0x1180d1550>,<entities.processor.Processor object at 0x1180b7ee0>
171.14416000000077,0.0,6335,<entities.dtn.DTN object at 0x1180d1550>,<entities.processor.Processor object at 0x1180b7ee0>
172.14416000000077,0.0,6335,<entities.dtn.DTN object at 0x1180d1550>,<entities.processor.Processor object at 0x1180b7ee0>
173.14416000000077,0.0,6335,<entities.dtn.DTN object at 0x1180d1550>,<entities.processor.Processor object at 0x1180b7ee0>
174.14416000000077,0.0,6335,<entities.dtn.DTN object at 0x1180d1550>,<entities.processor.Processor object at 0x1180b7ee0>
175.14416000000077,0.0,6335,<entities.dtn.DTN object at 0x1180d1550>,<entities.processor.Processor object at 0x1180b7ee0>
176.14416000000077,0.0,6335,<entities.dtn.DTN object at 0x1180d1550>,<entities.processor.Processor object at 0x1180b7ee0>
177.14416000000077,0.0,6335,<entities.dtn.DTN object at 0x1180d1550>,<entities.processor.Processor object at 0x1180b7ee0>
178.14416000000077,0.0,6335,<entities.dtn.DTN object at 0x1180d1550>,<entities.processor.Processor object at 0x1180b7ee0>
179.14416000000077,0.0,6335,<entities.dtn.DTN object at 0x1180d1550>,<entities.processor.Processor object at 0x1180b7ee0>
180.14416000000077,0.0,6335,<entities.dtn.DTN object at 0x1180d1550>,<entities.processor.Processor object at 0x1180b7ee0>
181.14416000000077,0.0,6335,<entities.dtn.DTN object at 0x1180d1550>,<entities.processor.Processor object at 0x1180b7ee0>
182.14416000000077,0.0,6335,<entities.dtn.DTN object at 0x1180d1550>,<entities.processor.Processor object at 0x1180b7ee0>
183.14416000000077,0.0,6335,<entities.dtn.DTN object at 0x1180d1550>,<entities.processor.Processor object at 0x1180b7ee0>
184.14416000000077,0.0,6335,<entities.dtn.DTN object at 0x1180d1550>,<entities.processor.Processor object at 0x1180b7ee0>
185.14416000000077,0.0,6335,<entities.dtn.DTN object at 0x1180d1550>,<entities.processor.Processor object at 0x1180b7ee0>
186.14416000000077,0.0,6335,<entities.dtn.DTN object at 0x1180d1550>,<entities.processor.Processor object at 0x1180b7ee0>
187.14416000000077,0.0,6335,<entities.dtn.DTN object at 0x1180d1550>,<entities.processor.Processor object at 0x1180b7ee0>
188.14416000000077,0.0,6335,<entities.dtn.DTN object at 0x1180d1550>,<entities.processor.Processor object at 0x1180b7ee0>
189.14416000000077,0.0,6335,<entities.dtn.DTN object at 0x1180d1550>,<entities.processor.Processor object at 0x1180b7ee0>
190.14416000000077,0.0,6335,<entities.dtn.DTN object at 0x1180d1550>,<entities.processor.Processor object at 0x1180b7ee0>
191.14416000000077,0.0,6335,<entities.dtn.DTN object at 0x1180d1550>,<entities.processor.Processor object at 0x1180b7ee0>
192.14416000000077,0.0,6335,<entities.dtn.DTN object at 0x1180d1550>,<entities.processor.Processor object at 0x1180b7ee0>
193.14416000000077,0.0,6335,<entities.dtn.DTN object at 0x1180d1550>,<entities.processor.Processor object at 0x1180b7ee0>
194.14416000000077,0.0,6335,<entities.dtn.DTN object at 0x1180d1550>,<entities.processor.Processor object at 0x1180b7ee0>
195.14416000000077,0.0,6335,<entities.dtn.DTN object at 0x1180d1550>,<entities.processor.Processor object at 0x1180b7ee0>
196.14416000000077,0.0,6335,<entities.dtn.DTN object at 0x1180d1550>,<entities.processor.Processor object at 0x1180b7ee0>
197.14416000000077,0.0,6335,<entities.dtn.DTN object at 0x1180d1550>,<entities.processor.Processor object at 0x1180b7ee0>
198.14416000000077,0.0,6335,<entities.dtn.DTN object at 0x1180d1550>,<entities.processor.Processor object at 0x1180b7ee0>
199.14416000000077,0.0,6335,<entities.dtn.DTN object at 0x1180d1550>,<entities.processor.Processor object at 0x1180b7ee0>
60.0,0.0,57743,<entities.processor.Processor object at 0x1180b7ee0>,<entities.dtn.DTN object at 0x1180d1550>
60.044290000000814,0.0,43659,<entities.dtn.DTN object at 0x1180d1550>,<entities.processor.Processor object at 0x1180b7ee0>
61.044290000000814,0.0,43659,<entities.dtn.DTN object at 0x1180d1550>,<entities.processor.Processor object at 0x1180b7ee0>
62.044290000000814,0.0,43659,<entities.dtn.DTN object at 0x1180d1550>,<entities.processor.Processor object at 0x1180b7ee0>
63.044290000000814,0.0,43659,<entities.dtn.DTN object at 0x1180d1550>,<entities.processor.Processor object at 0x1180b7ee0>
64.04429000000081,0.0,43659,<entities.dtn.DTN object at 0x1180d1550>,<entities.processor.Processor object at 0x1180b7ee0>
65.04429000000081,0.0,43659,<entities.dtn.DTN object at 0x1180d1550>,<entities.processor.Processor object at 0x1180b7ee0>
66.04429000000081,0.0,43659,<entities.dtn.DTN object at 0x1180d1550>,<entities.processor.Processor object at 0x1180b7ee0>
67.04429000000081,0.0,43659,<entities.dtn.DTN object at 0x1180d1550>,<entities.processor.Processor object at 0x1180b7ee0>
68.04429000000081,0.0,43659,<entities.dtn.DTN object at 0x1180d1550>,<entities.processor.Processor object at 0x1180b7ee0>
69.04429000000081,0.0,43659,<entities.dtn.DTN object at 0x1180d1550>,<entities.processor.Processor object at 0x1180b7ee0>
70.04429000000081,0.0,43659,<entities.dtn.DTN object at 0x1180d1550>,<entities.processor.Processor object at 0x1180b7ee0>
71.04429000000081,0.0,43659,<entities.dtn.DTN object at 0x1180d1550>,<entities.processor.Processor object at 0x1180b7ee0>
72.04429000000081,0.0,43659,<entities.dtn.DTN object at 0x1180d1550>,<entities.processor.Processor object at 0x1180b7ee0>
73.04429000000081,0.0,43659,<entities.dtn.DTN object at 0x1180d1550>,<entities.processor.Processor object at 0x1180b7ee0>
74.04429000000081,0.0,43659,<entities.dtn.DTN object at 0x1180d1550>,<entities.processor.Processor object at 0x1180b7ee0>
75.04429000000081,0.0,43659,<entities.dtn.DTN object at 0x1180d1550>,<entities.processor.Processor object at 0x1180b7ee0>
76.04429000000081,0.0,43659,<entities.dtn.DTN object at 0x1180d1550>,<entities.processor.Processor object at 0x1180b7ee0>
77.04429000000081,0.0,43659,<entities.dtn.DTN object at 0x1180d1550>,<entities.processor.Processor object at 0x1180b7ee0>
78.04429000000081,0.0,43659,<entities.dtn.DTN object at 0x1180d1550>,<entities.processor.Processor object at 0x1180b7ee0>
79.04429000000081,0.0,43659,<entities.dtn.DTN object at 0x1180d1550>,<entities.processor.Processor object at 0x1180b7ee0>
80.04429000000081,0.0,43659,<entities.dtn.DTN object at 0x1180d1550>,<entities.processor.Processor object at 0x1180b7ee0>
81.04429000000081,0.0,43659,<entities.dtn.DTN object at 0x1180d1550>,<entities.processor.Processor object at 0x1180b7ee0>
82.04429000000081,0.0,43659,<entities.dtn.DTN object at 0x1180d1550>,<entities.processor.Processor object at 0x1180b7ee0>
83.04429000000081,0.0,43659,<entities.dtn.DTN object at 0x1180d1550>,<entities.processor.Processor object at 0x1180b7ee0>
84.04429000000081,0.0,43659,<entities.dtn.DTN object at 0x1180d1550>,<entities.processor.Processor object at 0x1180b7ee0>
85.04429000000081,0.0,43659,<entities.dtn.DTN object at 0x1180d1550>,<entities.processor.Processor object at 0x1180b7ee0>
86.04429000000081,0.0,43659,<entities.dtn.DTN object at 0x1180d1550>,<entities.processor.Processor object at 0x1180b7ee0>
87.04429000000081,0.0,43659,<entities.dtn.DTN object at 0x1180d1550>,<entities.processor.Processor object at 0x1180b7ee0>
88.04429000000081,0.0,43659,<entities.dtn.DTN object at 0x1180d1550>,<entities.processor.Processor object at 0x1180b7ee0>
89.04429000000081,0.0,43659,<entities.dtn.DTN object at 0x1180d1550>,<entities.processor.Processor object at 0x1180b7ee0>
90.04429000000081,0.0,43659,<entities.dtn.DTN object at 0x1180d1550>,<entities.processor.Processor object at 0x1180b7ee0>
91.04429000000081,0.0,43659,<entities.dtn.DTN object at 0x1180d1550>,<entities.processor.Processor object at 0x1180b7ee0>
92.04429000000081,0.0,43659,<entities.dtn.DTN object at 0x1180d1550>,<entities.processor.Processor object at 0x1180b7ee0>
93.04429000000081,0.0,43659,<entities.dtn.DTN object at 0x1180d1550>,<entities.processor.Processor object at 0x1180b7ee0>
94.04429000000081,0.0,43659,<entities.dtn.DTN object at 0x1180d1550>,<entities.processor.Processor object at 0x1180b7ee0>
95.04429000000081,0.0,43659,<entities.dtn.DTN object at 0x1180d1550>,<entities.processor.Processor object at 0x1180b7ee0>
96.04429000000081,0.0,43659,<entities.dtn.DTN object at 0x1180d1550>,<entities.processor.Processor object at 0x1180b7ee0>
97.04429000000081,0.0,43659,<entities.dtn.DTN object at 0x1180d1550>,<entities.processor.Processor object at 0x1180b7ee0>
98.04429000000081,0.0,43659,<entities.dtn.DTN object at 0x1180d1550>,<entities.processor.Processor object at 0x1180b7ee0>
99.04429000000081,0.0,43659,<entities.dtn.DTN object at 0x1180d1550>,<entities.processor.Processor object at 0x1180b7ee0>
100.04429000000081,0.0,43659,<entities.dtn.DTN object at 0x1180d1550>,<entities.processor.Processor object at 0x1180b7ee0>
101.04429000000081,0.0,43659,<entities.dtn.DTN object at 0x1180d1550>,<entities.processor.Processor object at 0x1180b7ee0>
102.04429000000081,0.0,43659,<entities.dtn.DTN object at 0x1180d1550>,<entities.processor.Processor object at 0x1180b7ee0>
103.04429000000081,0.0,43659,<entities.dtn.DTN object at 0x1180d1550>,<entities.processor.Processor object at 0x1180b7ee0>
104.04429000000081,0.0,43659,<entities.dtn.DTN object at 0x1180d1550>,<entities.processor.Processor object at 0x1180b7ee0>
105.04429000000081,0.0,43659,<entities.dtn.DTN object at 0x1180d1550>,<entities.processor.Processor object at 0x1180b7ee0>
106.04429000000081,0.0,43659,<entities.dtn.DTN object at 0x1180d1550>,<entities.processor.Processor object at 0x1180b7ee0>
107.04429000000081,0.0,43659,<entities.dtn.DTN object at 0x1180d1550>,<entities.processor.Processor object at 0x1180b7ee0>
108.04429000000081,0.0,43659,<entities.dtn.DTN object at 0x1180d1550>,<entities.processor.Processor object at 0x1180b7ee0>
109.04429000000081,0.0,43659,<entities.dtn.DTN object at 0x1180d1550>,<entities.processor.Processor object at 0x1180b7ee0>
110.04429000000081,0.0,43659,<entities.dtn.DTN object at 0x1180d1550>,<entities.processor.Processor object at 0x1180b7ee0>
111.04429000000081,0.0,43659,<entities.dtn.DTN object at 0x1180d1550>,<entities.processor.Processor object at 0x1180b7ee0>
112.04429000000081,0.0,43659,<entities.dtn.DTN object at 0x1180d1550>,<entities.processor.Processor object at 0x1180b7ee0>
113.04429000000081,0.0,43659,<entities.dtn.DTN object at 0x1180d1550>,<entities.processor.Processor object at 0x1180b7ee0>
114.04429000000081,0.0,43659,<entities.dtn.DTN object at 0x1180d1550>,<entities.processor.Processor object at 0x1180b7ee0>
115.04429000000081,0.0,43659,<entities.dtn.DTN object at 0x1180d1550>,<entities.processor.Processor object at 0x1180b7ee0>
116.04429000000081,0.0,43659,<entities.dtn.DTN object at 0x1180d1550>,<entities.processor.Processor object at 0x1180b7ee0>
117.04429000000081,0.0,43659,<entities.dtn.DTN object at 0x1180d1550>,<entities.processor.Processor object at 0x1180b7ee0>
118.04429000000081,0.0,43659,<entities.dtn.DTN object at 0x1180d1550>,<entities.processor.Processor object at 0x1180b7ee0>
119.04429000000081,0.0,43659,<entities.dtn.DTN object at 0x1180d1550>,<entities.processor.Processor object at 0x1180b7ee0>
120.04429000000081,0.0,43659,<entities.dtn.DTN object at 0x1180d1550>,<entities.processor.Processor object at 0x1180b7ee0>
121.04429000000081,0.0,43659,<entities.dtn.DTN object at 0x1180d1550>,<entities.processor.Processor object at 0x1180b7ee0>
122.04429000000081,0.0,43659,<entities.dtn.DTN object at 0x1180d1550>,<entities.processor.Processor object at 0x1180b7ee0>
123.04429000000081,0.0,43659,<entities.dtn.DTN object at 0x1180d1550>,<entities.processor.Processor object at 0x1180b7ee0>
124.04429000000081,0.0,43659,<entities.dtn.DTN object at 0x1180d1550>,<entities.processor.Processor object at 0x1180b7ee0>
125.04429000000081,0.0,43659,<entities.dtn.DTN object at 0x1180d1550>,<entities.processor.Processor object at 0x1180b7ee0>
126.04429000000081,0.0,43659,<entities.dtn.DTN object at 0x1180d1550>,<entities.processor.Processor object at 0x1180b7ee0>
127.04429000000081,0.0,43659,<entities.dtn.DTN object at 0x1180d1550>,<entities.processor.Processor object at 0x1180b7ee0>
128.0442900000008,0.0,43659,<entities.dtn.DTN object at 0x1180d1550>,<entities.processor.Processor object at 0x1180b7ee0>
129.0442900000008,0.0,43659,<entities.dtn.DTN object at 0x1180d1550>,<entities.processor.Processor object at 0x1180b7ee0>
130.0442900000008,0.0,43659,<entities.dtn.DTN object at 0x1180d1550>,<entities.processor.Processor object at 0x1180b7ee0>
131.0442900000008,0.0,43659,<entities.dtn.DTN object at 0x1180d1550>,<entities.processor.Processor object at 0x1180b7ee0>
132.0442900000008,0.0,43659,<entities.dtn.DTN object at 0x1180d1550>,<entities.processor.Processor object at 0x1180b7ee0>
133.0442900000008,0.0,43659,<entities.dtn.DTN object at 0x1180d1550>,<entities.processor.Processor object at 0x1180b7ee0>
134.0442900000008,0.0,43659,<entities.dtn.DTN object at 0x1180d1550>,<entities.processor.Processor object at 0x1180b7ee0>
135.0442900000008,0.0,43659,<entities.dtn.DTN object at 0x1180d1550>,<entities.processor.Processor object at 0x1180b7ee0>
136.0442900000008,0.0,43659,<entities.dtn.DTN object at 0x1180d1550>,<entities.processor.Processor object at 0x1180b7ee0>
137.0442900000008,0.0,43659,<entities.dtn.DTN object at 0x1180d1550>,<entities.processor.Processor object at 0x1180b7ee0>
138.0442900000008,0.0,43659,<entities.dtn.DTN object at 0x1180d1550>,<entities.processor.Processor object at 0x1180b7ee0>
139.0442900000008,0.0,43659,<entities.dtn.DTN object at 0x1180d1550>,<entities.processor.Processor object at 0x1180b7ee0>
140.0442900000008,0.0,43659,<entities.dtn.DTN object at 0x1180d1550>,<entities.processor.Processor object at 0x1180b7ee0>
141.0442900000008,0.0,43659,<entities.dtn.DTN object at 0x1180d1550>,<entities.processor.Processor object at 0x1180b7ee0>
142.0442900000008,0.0,43659,<entities.dtn.DTN object at 0x1180d1550>,<entities.processor.Processor object at 0x1180b7ee0>
143.0442900000008,0.0,43659,<entities.dtn.DTN object at 0x1180d1550>,<entities.processor.Processor object at 0x1180b7ee0>
144.0442900000008,0.0,43659,<entities.dtn.DTN object at 0x1180d1550>,<entities.processor.Processor object at 0x1180b7ee0>
145.0442900000008,0.0,43659,<entities.dtn.DTN object at 0x1180d1550>,<entities.processor.Processor object at 0x1180b7ee0>
146.0442900000008,0.0,43659,<entities.dtn.DTN object at 0x1180d1550>,<entities.processor.Processor object at 0x1180b7ee0>
147.0442900000008,0.0,43659,<entities.dtn.DTN object at 0x1180d1550>,<entities.processor.Processor object at 0x1180b7ee0>
148.0442900000008,0.0,43659,<entities.dtn.DTN object at 0x1180d1550>,<entities.processor.Processor object at 0x1180b7ee0>
149.0442900000008,0.0,43659,<entities.dtn.DTN object at 0x1180d1550>,<entities.processor.Processor object at 0x1180b7ee0>
150.0442900000008,0.0,43659,<entities.dtn.DTN object at 0x1180d1550>,<entities.processor.Processor object at 0x1180b7ee0>
151.0442900000008,0.0,43659,<entities.dtn.DTN object at 0x1180d1550>,<entities.processor.Processor object at 0x1180b7ee0>
152.0442900000008,0.0,43659,<entities.dtn.DTN object at 0x1180d1550>,<entities.processor.Processor object at 0x1180b7ee0>
153.0442900000008,0.0,43659,<entities.dtn.DTN object at 0x1180d1550>,<entities.processor.Processor object at 0x1180b7ee0>
154.0442900000008,0.0,43659,<entities.dtn.DTN object at 0x1180d1550>,<entities.processor.Processor object at 0x1180b7ee0>
155.0442900000008,0.0,43659,<entities.dtn.DTN object at 0x1180d1550>,<entities.processor.Processor object at 0x1180b7ee0>
156.0442900000008,0.0,43659,<entities.dtn.DTN object at 0x1180d1550>,<entities.processor.Processor object at 0x1180b7ee0>
157.0442900000008,0.0,43659,<entities.dtn.DTN object at 0x1180d1550>,<entities.processor.Processor object at 0x1180b7ee0>
158.0442900000008,0.0,43659,<entities.dtn.DTN object at 0x1180d1550>,<entities.processor.Processor object at 0x1180b7ee0>
159.0442900000008,0.0,43659,<entities.dtn.DTN object at 0x1180d1550>,<entities.processor.Processor object at 0x1180b7ee0>
160.0442900000008,0.0,43659,<entities.dtn.DTN object at 0x1180d1550>,<entities.processor.Processor object at 0x1180b7ee0>
161.0442900000008,0.0,43659,<entities.dtn.DTN object at 0x1180d1550>,<entities.processor.Processor object at 0x1180b7ee0>
162.0442900000008,0.0,43659,<entities.dtn.DTN object at 0x1180d1550>,<entities.processor.Processor object at 0x1180b7ee0>
163.0442900000008,0.0,43659,<entities.dtn.DTN object at 0x1180d1550>,<entities.processor.Processor object at 0x1180b7ee0>
164.0442900000008,0.0,43659,<entities.dtn.DTN object at 0x1180d1550>,<entities.processor.Processor object at 0x1180b7ee0>
165.0442900000008,0.0,43659,<entities.dtn.DTN object at 0x1180d1550>,<entities.processor.Processor object at 0x1180b7ee0>
166.0442900000008,0.0,43659,<entities.dtn.DTN object at 0x1180d1550>,<entities.processor.Processor object at 0x1180b7ee0>
167.0442900000008,0.0,43659,<entities.dtn.DTN object at 0x1180d1550>,<entities.processor.Processor object at 0x1180b7ee0>
168.0442900000008,0.0,43659,<entities.dtn.DTN object at 0x1180d1550>,<entities.processor.Processor object at 0x1180b7ee0>
169.0442900000008,0.0,43659,<entities.dtn.DTN object at 0x1180d1550>,<entities.processor.Processor object at 0x1180b7ee0>
170.0442900000008,0.0,43659,<entities.dtn.DTN object at 0x1180d1550>,<entities.processor.Processor object at 0x1180b7ee0>
171.0442900000008,0.0,43659,<entities.dtn.DTN object at 0x1180d1550>,<entities.processor.Processor object at 0x1180b7ee0>
172.0442900000008,0.0,43659,<entities.dtn.DTN object at 0x1180d1550>,<entities.processor.Processor object at 0x1180b7ee0>
173.0442900000008,0.0,43659,<entities.dtn.DTN object at 0x1180d1550>,<entities.processor.Processor object at 0x1180b7ee0>
174.0442900000008,0.0,43659,<entities.dtn.DTN object at 0x1180d1550>,<entities.processor.Processor object at 0x1180b7ee0>
175.0442900000008,0.0,43659,<entities.dtn.DTN object at 0x1180d1550>,<entities.processor.Processor object at 0x1180b7ee0>
176.0442900000008,0.0,43659,<entities.dtn.DTN object at 0x1180d1550>,<entities.processor.Processor object at 0x1180b7ee0>
177.0442900000008,0.0,43659,<entities.dtn.DTN object at 0x1180d1550>,<entities.processor.Processor object at 0x1180b7ee0>
178.0442900000008,0.0,43659,<entities.dtn.DTN object at 0x1180d1550>,<entities.processor.Processor object at 0x1180b7ee0>
179.0442900000008,0.0,43659,<entities.dtn.DTN object at 0x1180d1550>,<entities.processor.Processor object at 0x1180b7ee0>
180.0442900000008,0.0,43659,<entities.dtn.DTN object at 0x1180d1550>,<entities.processor.Processor object at 0x1180b7ee0>
181.0442900000008,0.0,43659,<entities.dtn.DTN object at 0x1180d1550>,<entities.processor.Processor object at 0x1180b7ee0>
182.0442900000008,0.0,43659,<entities.dtn.DTN object at 0x1180d1550>,<entities.processor.Processor object at 0x1180b7ee0>
183.0442900000008,0.0,43659,<entities.dtn.DTN object at 0x1180d1550>,<entities.processor.Processor object at 0x1180b7ee0>
184.0442900000008,0.0,43659,<entities.dtn.DTN object at 0x1180d1550>,<entities.processor.Processor object at 0x1180b7ee0>
185.0442900000008,0.0,43659,<entities.dtn.DTN object at 0x1180d1550>,<entities.processor.Processor object at 0x1180b7ee0>
186.0442900000008,0.0,43659,<entities.dtn.DTN object at 0x1180d1550>,<entities.processor.Processor object at 0x1180b7ee0>
187.0442900000008,0.0,43659,<entities.dtn.DTN object at 0x1180d1550>,<entities.processor.Processor object at 0x1180b7ee0>
188.0442900000008,0.0,43659,<entities.dtn.DTN object at 0x1180d1550>,<entities.processor.Processor object at 0x1180b7ee0>
189.0442900000008,0.0,43659,<entities.dtn.DTN object at 0x1180d1550>,<entities.processor.Processor object at 0x1180b7ee0>
190.0442900000008,0.0,43659,<entities.dtn.DTN object at 0x1180d1550>,<entities.processor.Processor object at 0x1180b7ee0>
191.0442900000008,0.0,43659,<entities.dtn.DTN object at 0x1180d1550>,<entities.processor.Processor object at 0x1180b7ee0>
192.0442900000008,0.0,43659,<entities.dtn.DTN object at 0x1180d1550>,<entities.processor.Processor object at 0x1180b7ee0>
193.0442900000008,0.0,43659,<entities.dtn.DTN object at 0x1180d1550>,<entities.processor.Processor object at 0x1180b7ee0>
194.0442900000008,0.0,43659,<entities.dtn.DTN object at 0x1180d1550>,<entities.processor.Processor object at 0x1180b7ee0>
195.0442900000008,0.0,43659,<entities.dtn.DTN object at 0x1180d1550>,<entities.processor.Processor object at 0x1180b7ee0>
196.0442900000008,0.0,43659,<entities.dtn.DTN object at 0x1180d1550>,<entities.processor.Processor object at 0x1180b7ee0>
197.0442900000008,0.0,43659,<entities.dtn.DTN object at 0x1180d1550>,<entities.processor.Processor object at 0x1180b7ee0>
198.0442900000008,0.0,43659,<entities.dtn.DTN object at 0x1180d1550>,<entities.processor.Processor object at 0x1180b7ee0>
199.0442900000008,0.0,43659,<entities.dtn.DTN object at 0x1180d1550>,<entities.processor.Processor object at 0x1180b7ee0>
60.468156018803754,0.0,54506,<entities.processor.Processor object at 0x1180b7ee0>,<entities.dtn.DTN object at 0x1180d1550>
60.54442000000083,0.0,87574,<entities.dtn.DTN object at 0x1180d1550>,<entities.processor.Processor object at 0x1180b7ee0>
61.54442000000083,0.0,87574,<entities.dtn.DTN object at 0x1180d1550>,<entities.processor.Processor object at 0x1180b7ee0>
62.54442000000083,0.0,87574,<entities.dtn.DTN object at 0x1180d1550>,<entities.processor.Processor object at 0x1180b7ee0>
63.54442000000083,0.0,87574,<entities.dtn.DTN object at 0x1180d1550>,<entities.processor.Processor object at 0x1180b7ee0>
64.54442000000083,0.0,87574,<entities.dtn.DTN object at 0x1180d1550>,<entities.processor.Processor object at 0x1180b7ee0>
65.54442000000083,0.0,87574,<entities.dtn.DTN object at 0x1180d1550>,<entities.processor.Processor object at 0x1180b7ee0>
66.54442000000083,0.0,87574,<entities.dtn.DTN object at 0x1180d1550>,<entities.processor.Processor object at 0x1180b7ee0>
67.54442000000083,0.0,87574,<entities.dtn.DTN object at 0x1180d1550>,<entities.processor.Processor object at 0x1180b7ee0>
68.54442000000083,0.0,87574,<entities.dtn.DTN object at 0x1180d1550>,<entities.processor.Processor object at 0x1180b7ee0>
69.54442000000083,0.0,87574,<entities.dtn.DTN object at 0x1180d1550>,<entities.processor.Processor object at 0x1180b7ee0>
70.54442000000083,0.0,87574,<entities.dtn.DTN object at 0x1180d1550>,<entities.processor.Processor object at 0x1180b7ee0>
71.54442000000083,0.0,87574,<entities.dtn.DTN object at 0x1180d1550>,<entities.processor.Processor object at 0x1180b7ee0>
72.54442000000083,0.0,87574,<entities.dtn.DTN object at 0x1180d1550>,<entities.processor.Processor object at 0x1180b7ee0>
73.54442000000083,0.0,87574,<entities.dtn.DTN object at 0x1180d1550>,<entities.processor.Processor object at 0x1180b7ee0>
74.54442000000083,0.0,87574,<entities.dtn.DTN object at 0x1180d1550>,<entities.processor.Processor object at 0x1180b7ee0>
75.54442000000083,0.0,87574,<entities.dtn.DTN object at 0x1180d1550>,<entities.processor.Processor object at 0x1180b7ee0>
76.54442000000083,0.0,87574,<entities.dtn.DTN object at 0x1180d1550>,<entities.processor.Processor object at 0x1180b7ee0>
77.54442000000083,0.0,87574,<entities.dtn.DTN object at 0x1180d1550>,<entities.processor.Processor object at 0x1180b7ee0>
78.54442000000083,0.0,87574,<entities.dtn.DTN object at 0x1180d1550>,<entities.processor.Processor object at 0x1180b7ee0>
79.54442000000083,0.0,87574,<entities.dtn.DTN object at 0x1180d1550>,<entities.processor.Processor object at 0x1180b7ee0>
80.54442000000083,0.0,87574,<entities.dtn.DTN object at 0x1180d1550>,<entities.processor.Processor object at 0x1180b7ee0>
81.54442000000083,0.0,87574,<entities.dtn.DTN object at 0x1180d1550>,<entities.processor.Processor object at 0x1180b7ee0>
82.54442000000083,0.0,87574,<entities.dtn.DTN object at 0x1180d1550>,<entities.processor.Processor object at 0x1180b7ee0>
83.54442000000083,0.0,87574,<entities.dtn.DTN object at 0x1180d1550>,<entities.processor.Processor object at 0x1180b7ee0>
84.54442000000083,0.0,87574,<entities.dtn.DTN object at 0x1180d1550>,<entities.processor.Processor object at 0x1180b7ee0>
85.54442000000083,0.0,87574,<entities.dtn.DTN object at 0x1180d1550>,<entities.processor.Processor object at 0x1180b7ee0>
86.54442000000083,0.0,87574,<entities.dtn.DTN object at 0x1180d1550>,<entities.processor.Processor object at 0x1180b7ee0>
87.54442000000083,0.0,87574,<entities.dtn.DTN object at 0x1180d1550>,<entities.processor.Processor object at 0x1180b7ee0>
88.54442000000083,0.0,87574,<entities.dtn.DTN object at 0x1180d1550>,<entities.processor.Processor object at 0x1180b7ee0>
89.54442000000083,0.0,87574,<entities.dtn.DTN object at 0x1180d1550>,<entities.processor.Processor object at 0x1180b7ee0>
90.54442000000083,0.0,87574,<entities.dtn.DTN object at 0x1180d1550>,<entities.processor.Processor object at 0x1180b7ee0>
91.54442000000083,0.0,87574,<entities.dtn.DTN object at 0x1180d1550>,<entities.processor.Processor object at 0x1180b7ee0>
92.54442000000083,0.0,87574,<entities.dtn.DTN object at 0x1180d1550>,<entities.processor.Processor object at 0x1180b7ee0>
93.54442000000083,0.0,87574,<entities.dtn.DTN object at 0x1180d1550>,<entities.processor.Processor object at 0x1180b7ee0>
94.54442000000083,0.0,87574,<entities.dtn.DTN object at 0x1180d1550>,<entities.processor.Processor object at 0x1180b7ee0>
95.54442000000083,0.0,87574,<entities.dtn.DTN object at 0x1180d1550>,<entities.processor.Processor object at 0x1180b7ee0>
96.54442000000083,0.0,87574,<entities.dtn.DTN object at 0x1180d1550>,<entities.processor.Processor object at 0x1180b7ee0>
97.54442000000083,0.0,87574,<entities.dtn.DTN object at 0x1180d1550>,<entities.processor.Processor object at 0x1180b7ee0>
98.54442000000083,0.0,87574,<entities.dtn.DTN object at 0x1180d1550>,<entities.processor.Processor object at 0x1180b7ee0>
99.54442000000083,0.0,87574,<entities.dtn.DTN object at 0x1180d1550>,<entities.processor.Processor object at 0x1180b7ee0>
100.54442000000083,0.0,87574,<entities.dtn.DTN object at 0x1180d1550>,<entities.processor.Processor object at 0x1180b7ee0>
101.54442000000083,0.0,87574,<entities.dtn.DTN object at 0x1180d1550>,<entities.processor.Processor object at 0x1180b7ee0>
102.54442000000083,0.0,87574,<entities.dtn.DTN object at 0x1180d1550>,<entities.processor.Processor object at 0x1180b7ee0>
103.54442000000083,0.0,87574,<entities.dtn.DTN object at 0x1180d1550>,<entities.processor.Processor object at 0x1180b7ee0>
104.54442000000083,0.0,87574,<entities.dtn.DTN object at 0x1180d1550>,<entities.processor.Processor object at 0x1180b7ee0>
105.54442000000083,0.0,87574,<entities.dtn.DTN object at 0x1180d1550>,<entities.processor.Processor object at 0x1180b7ee0>
106.54442000000083,0.0,87574,<entities.dtn.DTN object at 0x1180d1550>,<entities.processor.Processor object at 0x1180b7ee0>
107.54442000000083,0.0,87574,<entities.dtn.DTN object at 0x1180d1550>,<entities.processor.Processor object at 0x1180b7ee0>
108.54442000000083,0.0,87574,<entities.dtn.DTN object at 0x1180d1550>,<entities.processor.Processor object at 0x1180b7ee0>
109.54442000000083,0.0,87574,<entities.dtn.DTN object at 0x1180d1550>,<entities.processor.Processor object at 0x1180b7ee0>
110.54442000000083,0.0,87574,<entities.dtn.DTN object at 0x1180d1550>,<entities.processor.Processor object at 0x1180b7ee0>
111.54442000000083,0.0,87574,<entities.dtn.DTN object at 0x1180d1550>,<entities.processor.Processor object at 0x1180b7ee0>
112.54442000000083,0.0,87574,<entities.dtn.DTN object at 0x1180d1550>,<entities.processor.Processor object at 0x1180b7ee0>
113.54442000000083,0.0,87574,<entities.dtn.DTN object at 0x1180d1550>,<entities.processor.Processor object at 0x1180b7ee0>
114.54442000000083,0.0,87574,<entities.dtn.DTN object at 0x1180d1550>,<entities.processor.Processor object at 0x1180b7ee0>
115.54442000000083,0.0,87574,<entities.dtn.DTN object at 0x1180d1550>,<entities.processor.Processor object at 0x1180b7ee0>
116.54442000000083,0.0,87574,<entities.dtn.DTN object at 0x1180d1550>,<entities.processor.Processor object at 0x1180b7ee0>
117.54442000000083,0.0,87574,<entities.dtn.DTN object at 0x1180d1550>,<entities.processor.Processor object at 0x1180b7ee0>
118.54442000000083,0.0,87574,<entities.dtn.DTN object at 0x1180d1550>,<entities.processor.Processor object at 0x1180b7ee0>
119.54442000000083,0.0,87574,<entities.dtn.DTN object at 0x1180d1550>,<entities.processor.Processor object at 0x1180b7ee0>
120.54442000000083,0.0,87574,<entities.dtn.DTN object at 0x1180d1550>,<entities.processor.Processor object at 0x1180b7ee0>
121.54442000000083,0.0,87574,<entities.dtn.DTN object at 0x1180d1550>,<entities.processor.Processor object at 0x1180b7ee0>
122.54442000000083,0.0,87574,<entities.dtn.DTN object at 0x1180d1550>,<entities.processor.Processor object at 0x1180b7ee0>
123.54442000000083,0.0,87574,<entities.dtn.DTN object at 0x1180d1550>,<entities.processor.Processor object at 0x1180b7ee0>
124.54442000000083,0.0,87574,<entities.dtn.DTN object at 0x1180d1550>,<entities.processor.Processor object at 0x1180b7ee0>
125.54442000000083,0.0,87574,<entities.dtn.DTN object at 0x1180d1550>,<entities.processor.Processor object at 0x1180b7ee0>
126.54442000000083,0.0,87574,<entities.dtn.DTN object at 0x1180d1550>,<entities.processor.Processor object at 0x1180b7ee0>
127.54442000000083,0.0,87574,<entities.dtn.DTN object at 0x1180d1550>,<entities.processor.Processor object at 0x1180b7ee0>
128.54442000000083,0.0,87574,<entities.dtn.DTN object at 0x1180d1550>,<entities.processor.Processor object at 0x1180b7ee0>
129.54442000000083,0.0,87574,<entities.dtn.DTN object at 0x1180d1550>,<entities.processor.Processor object at 0x1180b7ee0>
130.54442000000083,0.0,87574,<entities.dtn.DTN object at 0x1180d1550>,<entities.processor.Processor object at 0x1180b7ee0>
131.54442000000083,0.0,87574,<entities.dtn.DTN object at 0x1180d1550>,<entities.processor.Processor object at 0x1180b7ee0>
132.54442000000083,0.0,87574,<entities.dtn.DTN object at 0x1180d1550>,<entities.processor.Processor object at 0x1180b7ee0>
133.54442000000083,0.0,87574,<entities.dtn.DTN object at 0x1180d1550>,<entities.processor.Processor object at 0x1180b7ee0>
134.54442000000083,0.0,87574,<entities.dtn.DTN object at 0x1180d1550>,<entities.processor.Processor object at 0x1180b7ee0>
135.54442000000083,0.0,87574,<entities.dtn.DTN object at 0x1180d1550>,<entities.processor.Processor object at 0x1180b7ee0>
136.54442000000083,0.0,87574,<entities.dtn.DTN object at 0x1180d1550>,<entities.processor.Processor object at 0x1180b7ee0>
137.54442000000083,0.0,87574,<entities.dtn.DTN object at 0x1180d1550>,<entities.processor.Processor object at 0x1180b7ee0>
138.54442000000083,0.0,87574,<entities.dtn.DTN object at 0x1180d1550>,<entities.processor.Processor object at 0x1180b7ee0>
139.54442000000083,0.0,87574,<entities.dtn.DTN object at 0x1180d1550>,<entities.processor.Processor object at 0x1180b7ee0>
140.54442000000083,0.0,87574,<entities.dtn.DTN object at 0x1180d1550>,<entities.processor.Processor object at 0x1180b7ee0>
141.54442000000083,0.0,87574,<entities.dtn.DTN object at 0x1180d1550>,<entities.processor.Processor object at 0x1180b7ee0>
142.54442000000083,0.0,87574,<entities.dtn.DTN object at 0x1180d1550>,<entities.processor.Processor object at 0x1180b7ee0>
143.54442000000083,0.0,87574,<entities.dtn.DTN object at 0x1180d1550>,<entities.processor.Processor object at 0x1180b7ee0>
144.54442000000083,0.0,87574,<entities.dtn.DTN object at 0x1180d1550>,<entities.processor.Processor object at 0x1180b7ee0>
145.54442000000083,0.0,87574,<entities.dtn.DTN object at 0x1180d1550>,<entities.processor.Processor object at 0x1180b7ee0>
146.54442000000083,0.0,87574,<entities.dtn.DTN object at 0x1180d1550>,<entities.processor.Processor object at 0x1180b7ee0>
147.54442000000083,0.0,87574,<entities.dtn.DTN object at 0x1180d1550>,<entities.processor.Processor object at 0x1180b7ee0>
148.54442000000083,0.0,87574,<entities.dtn.DTN object at 0x1180d1550>,<entities.processor.Processor object at 0x1180b7ee0>
149.54442000000083,0.0,87574,<entities.dtn.DTN object at 0x1180d1550>,<entities.processor.Processor object at 0x1180b7ee0>
150.54442000000083,0.0,87574,<entities.dtn.DTN object at 0x1180d1550>,<entities.processor.Processor object at 0x1180b7ee0>
151.54442000000083,0.0,87574,<entities.dtn.DTN object at 0x1180d1550>,<entities.processor.Processor object at 0x1180b7ee0>
152.54442000000083,0.0,87574,<entities.dtn.DTN object at 0x1180d1550>,<entities.processor.Processor object at 0x1180b7ee0>
153.54442000000083,0.0,87574,<entities.dtn.DTN object at 0x1180d1550>,<entities.processor.Processor object at 0x1180b7ee0>
154.54442000000083,0.0,87574,<entities.dtn.DTN object at 0x1180d1550>,<entities.processor.Processor object at 0x1180b7ee0>
155.54442000000083,0.0,87574,<entities.dtn.DTN object at 0x1180d1550>,<entities.processor.Processor object at 0x1180b7ee0>
156.54442000000083,0.0,87574,<entities.dtn.DTN object at 0x1180d1550>,<entities.processor.Processor object at 0x1180b7ee0>
157.54442000000083,0.0,87574,<entities.dtn.DTN object at 0x1180d1550>,<entities.processor.Processor object at 0x1180b7ee0>
158.54442000000083,0.0,87574,<entities.dtn.DTN object at 0x1180d1550>,<entities.processor.Processor object at 0x1180b7ee0>
159.54442000000083,0.0,87574,<entities.dtn.DTN object at 0x1180d1550>,<entities.processor.Processor object at 0x1180b7ee0>
160.54442000000083,0.0,87574,<entities.dtn.DTN object at 0x1180d1550>,<entities.processor.Processor object at 0x1180b7ee0>
161.54442000000083,0.0,87574,<entities.dtn.DTN object at 0x1180d1550>,<entities.processor.Processor object at 0x1180b7ee0>
162.54442000000083,0.0,87574,<entities.dtn.DTN object at 0x1180d1550>,<entities.processor.Processor object at 0x1180b7ee0>
163.54442000000083,0.0,87574,<entities.dtn.DTN object at 0x1180d1550>,<entities.processor.Processor object at 0x1180b7ee0>
164.54442000000083,0.0,87574,<entities.dtn.DTN object at 0x1180d1550>,<entities.processor.Processor object at 0x1180b7ee0>
165.54442000000083,0.0,87574,<entities.dtn.DTN object at 0x1180d1550>,<entities.processor.Processor object at 0x1180b7ee0>
166.54442000000083,0.0,87574,<entities.dtn.DTN object at 0x1180d1550>,<entities.processor.Processor object at 0x1180b7ee0>
167.54442000000083,0.0,87574,<entities.dtn.DTN object at 0x1180d1550>,<entities.processor.Processor object at 0x1180b7ee0>
168.54442000000083,0.0,87574,<entities.dtn.DTN object at 0x1180d1550>,<entities.processor.Processor object at 0x1180b7ee0>
169.54442000000083,0.0,87574,<entities.dtn.DTN object at 0x1180d1550>,<entities.processor.Processor object at 0x1180b7ee0>
170.54442000000083,0.0,87574,<entities.dtn.DTN object at 0x1180d1550>,<entities.processor.Processor object at 0x1180b7ee0>
171.54442000000083,0.0,87574,<entities.dtn.DTN object at 0x1180d1550>,<entities.processor.Processor object at 0x1180b7ee0>
172.54442000000083,0.0,87574,<entities.dtn.DTN object at 0x1180d1550>,<entities.processor.Processor object at 0x1180b7ee0>
173.54442000000083,0.0,87574,<entities.dtn.DTN object at 0x1180d1550>,<entities.processor.Processor object at 0x1180b7ee0>
174.54442000000083,0.0,87574,<entities.dtn.DTN object at 0x1180d1550>,<entities.processor.Processor object at 0x1180b7ee0>
175.54442000000083,0.0,87574,<entities.dtn.DTN object at 0x1180d1550>,<entities.processor.Processor object at 0x1180b7ee0>
176.54442000000083,0.0,87574,<entities.dtn.DTN object at 0x1180d1550>,<entities.processor.Processor object at 0x1180b7ee0>
177.54442000000083,0.0,87574,<entities.dtn.DTN object at 0x1180d1550>,<entities.processor.Processor object at 0x1180b7ee0>
178.54442000000083,0.0,87574,<entities.dtn.DTN object at 0x1180d1550>,<entities.processor.Processor object at 0x1180b7ee0>
179.54442000000083,0.0,87574,<entities.dtn.DTN object at 0x1180d1550>,<entities.processor.Processor object at 0x1180b7ee0>
180.54442000000083,0.0,87574,<entities.dtn.DTN object at 0x1180d1550>,<entities.processor.Processor object at 0x1180b7ee0>
181.54442000000083,0.0,87574,<entities.dtn.DTN object at 0x1180d1550>,<entities.processor.Processor object at 0x1180b7ee0>
182.54442000000083,0.0,87574,<entities.dtn.DTN object at 0x1180d1550>,<entities.processor.Processor object at 0x1180b7ee0>
183.54442000000083,0.0,87574,<entities.dtn.DTN object at 0x1180d1550>,<entities.processor.Processor object at 0x1180b7ee0>
184.54442000000083,0.0,87574,<entities.dtn.DTN object at 0x1180d1550>,<entities.processor.Processor object at 0x1180b7ee0>
185.54442000000083,0.0,87574,<entities.dtn.DTN object at 0x1180d1550>,<entities.processor.Processor object at 0x1180b7ee0>
186.54442000000083,0.0,87574,<entities.dtn.DTN object at 0x1180d1550>,<entities.processor.Processor object at 0x1180b7ee0>
187.54442000000083,0.0,87574,<entities.dtn.DTN object at 0x1180d1550>,<entities.processor.Processor object at 0x1180b7ee0>
188.54442000000083,0.0,87574,<entities.dtn.DTN object at 0x1180d1550>,<entities.processor.Processor object at 0x1180b7ee0>
189.54442000000083,0.0,87574,<entities.dtn.DTN object at 0x1180d1550>,<entities.processor.Processor object at 0x1180b7ee0>
190.54442000000083,0.0,87574,<entities.dtn.DTN object at 0x1180d1550>,<entities.processor.Processor object at 0x1180b7ee0>
191.54442000000083,0.0,87574,<entities.dtn.DTN object at 0x1180d1550>,<entities.processor.Processor object at 0x1180b7ee0>
192.54442000000083,0.0,87574,<entities.dtn.DTN object at 0x1180d1550>,<entities.processor.Processor object at 0x1180b7ee0>
193.54442000000083,0.0,87574,<entities.dtn.DTN object at 0x1180d1550>,<entities.processor.Processor object at 0x1180b7ee0>
194.54442000000083,0.0,87574,<entities.dtn.DTN object at 0x1180d1550>,<entities.processor.Processor object at 0x1180b7ee0>
195.54442000000083,0.0,87574,<entities.dtn.DTN object at 0x1180d1550>,<entities.processor.Processor object at 0x1180b7ee0>
196.54442000000083,0.0,87574,<entities.dtn.DTN object at 0x1180d1550>,<entities.processor.Processor object at 0x1180b7ee0>
197.54442000000083,0.0,87574,<entities.dtn.DTN object at 0x1180d1550>,<entities.processor.Processor object at 0x1180b7ee0>
198.54442000000083,0.0,87574,<entities.dtn.DTN object at 0x1180d1550>,<entities.processor.Processor object at 0x1180b7ee0>
199.54442000000083,0.0,87574,<entities.dtn.DTN object at 0x1180d1550>,<entities.processor.Processor object at 0x1180b7ee0>
64.0,0.0,38326,<entities.processor.Processor object at 0x1180b7ee0>,<entities.dtn.DTN object at 0x1180d1550>
64.46815601880375,0.0,59510,<entities.processor.Processor object at 0x1180b7ee0>,<entities.dtn.DTN object at 0x1180d1550>
64.96815601880375,0.0,16964,<entities.processor.Processor object at 0x1180b7ee0>,<entities.dtn.DTN object at 0x1180d1550>
65.17708000000088,0.0,28386,<entities.dtn.DTN object at 0x1180d1550>,<entities.processor.Processor object at 0x1180b7ee0>
66.17708000000088,0.0,28386,<entities.dtn.DTN object at 0x1180d1550>,<entities.processor.Processor object at 0x1180b7ee0>
67.17708000000088,0.0,28386,<entities.dtn.DTN object at 0x1180d1550>,<entities.processor.Processor object at 0x1180b7ee0>
68.17708000000088,0.0,28386,<entities.dtn.DTN object at 0x1180d1550>,<entities.processor.Processor object at 0x1180b7ee0>
69.17708000000088,0.0,28386,<entities.dtn.DTN object at 0x1180d1550>,<entities.processor.Processor object at 0x1180b7ee0>
70.17708000000088,0.0,28386,<entities.dtn.DTN object at 0x1180d1550>,<entities.processor.Processor object at 0x1180b7ee0>
71.17708000000088,0.0,28386,<entities.dtn.DTN object at 0x1180d1550>,<entities.processor.Processor object at 0x1180b7ee0>
72.17708000000088,0.0,28386,<entities.dtn.DTN object at 0x1180d1550>,<entities.processor.Processor object at 0x1180b7ee0>
73.17708000000088,0.0,28386,<entities.dtn.DTN object at 0x1180d1550>,<entities.processor.Processor object at 0x1180b7ee0>
74.17708000000088,0.0,28386,<entities.dtn.DTN object at 0x1180d1550>,<entities.processor.Processor object at 0x1180b7ee0>
75.17708000000088,0.0,28386,<entities.dtn.DTN object at 0x1180d1550>,<entities.processor.Processor object at 0x1180b7ee0>
76.17708000000088,0.0,28386,<entities.dtn.DTN object at 0x1180d1550>,<entities.processor.Processor object at 0x1180b7ee0>
77.17708000000088,0.0,28386,<entities.dtn.DTN object at 0x1180d1550>,<entities.processor.Processor object at 0x1180b7ee0>
78.17708000000088,0.0,28386,<entities.dtn.DTN object at 0x1180d1550>,<entities.processor.Processor object at 0x1180b7ee0>
79.17708000000088,0.0,28386,<entities.dtn.DTN object at 0x1180d1550>,<entities.processor.Processor object at 0x1180b7ee0>
80.17708000000088,0.0,28386,<entities.dtn.DTN object at 0x1180d1550>,<entities.processor.Processor object at 0x1180b7ee0>
81.17708000000088,0.0,28386,<entities.dtn.DTN object at 0x1180d1550>,<entities.processor.Processor object at 0x1180b7ee0>
82.17708000000088,0.0,28386,<entities.dtn.DTN object at 0x1180d1550>,<entities.processor.Processor object at 0x1180b7ee0>
83.17708000000088,0.0,28386,<entities.dtn.DTN object at 0x1180d1550>,<entities.processor.Processor object at 0x1180b7ee0>
84.17708000000088,0.0,28386,<entities.dtn.DTN object at 0x1180d1550>,<entities.processor.Processor object at 0x1180b7ee0>
85.17708000000088,0.0,28386,<entities.dtn.DTN object at 0x1180d1550>,<entities.processor.Processor object at 0x1180b7ee0>
86.17708000000088,0.0,28386,<entities.dtn.DTN object at 0x1180d1550>,<entities.processor.Processor object at 0x1180b7ee0>
87.17708000000088,0.0,28386,<entities.dtn.DTN object at 0x1180d1550>,<entities.processor.Processor object at 0x1180b7ee0>
88.17708000000088,0.0,28386,<entities.dtn.DTN object at 0x1180d1550>,<entities.processor.Processor object at 0x1180b7ee0>
89.17708000000088,0.0,28386,<entities.dtn.DTN object at 0x1180d1550>,<entities.processor.Processor object at 0x1180b7ee0>
90.17708000000088,0.0,28386,<entities.dtn.DTN object at 0x1180d1550>,<entities.processor.Processor object at 0x1180b7ee0>
91.17708000000088,0.0,28386,<entities.dtn.DTN object at 0x1180d1550>,<entities.processor.Processor object at 0x1180b7ee0>
92.17708000000088,0.0,28386,<entities.dtn.DTN object at 0x1180d1550>,<entities.processor.Processor object at 0x1180b7ee0>
93.17708000000088,0.0,28386,<entities.dtn.DTN object at 0x1180d1550>,<entities.processor.Processor object at 0x1180b7ee0>
94.17708000000088,0.0,28386,<entities.dtn.DTN object at 0x1180d1550>,<entities.processor.Processor object at 0x1180b7ee0>
95.17708000000088,0.0,28386,<entities.dtn.DTN object at 0x1180d1550>,<entities.processor.Processor object at 0x1180b7ee0>
96.17708000000088,0.0,28386,<entities.dtn.DTN object at 0x1180d1550>,<entities.processor.Processor object at 0x1180b7ee0>
97.17708000000088,0.0,28386,<entities.dtn.DTN object at 0x1180d1550>,<entities.processor.Processor object at 0x1180b7ee0>
98.17708000000088,0.0,28386,<entities.dtn.DTN object at 0x1180d1550>,<entities.processor.Processor object at 0x1180b7ee0>
99.17708000000088,0.0,28386,<entities.dtn.DTN object at 0x1180d1550>,<entities.processor.Processor object at 0x1180b7ee0>
100.17708000000088,0.0,28386,<entities.dtn.DTN object at 0x1180d1550>,<entities.processor.Processor object at 0x1180b7ee0>
101.17708000000088,0.0,28386,<entities.dtn.DTN object at 0x1180d1550>,<entities.processor.Processor object at 0x1180b7ee0>
102.17708000000088,0.0,28386,<entities.dtn.DTN object at 0x1180d1550>,<entities.processor.Processor object at 0x1180b7ee0>
103.17708000000088,0.0,28386,<entities.dtn.DTN object at 0x1180d1550>,<entities.processor.Processor object at 0x1180b7ee0>
104.17708000000088,0.0,28386,<entities.dtn.DTN object at 0x1180d1550>,<entities.processor.Processor object at 0x1180b7ee0>
105.17708000000088,0.0,28386,<entities.dtn.DTN object at 0x1180d1550>,<entities.processor.Processor object at 0x1180b7ee0>
106.17708000000088,0.0,28386,<entities.dtn.DTN object at 0x1180d1550>,<entities.processor.Processor object at 0x1180b7ee0>
107.17708000000088,0.0,28386,<entities.dtn.DTN object at 0x1180d1550>,<entities.processor.Processor object at 0x1180b7ee0>
108.17708000000088,0.0,28386,<entities.dtn.DTN object at 0x1180d1550>,<entities.processor.Processor object at 0x1180b7ee0>
109.17708000000088,0.0,28386,<entities.dtn.DTN object at 0x1180d1550>,<entities.processor.Processor object at 0x1180b7ee0>
110.17708000000088,0.0,28386,<entities.dtn.DTN object at 0x1180d1550>,<entities.processor.Processor object at 0x1180b7ee0>
111.17708000000088,0.0,28386,<entities.dtn.DTN object at 0x1180d1550>,<entities.processor.Processor object at 0x1180b7ee0>
112.17708000000088,0.0,28386,<entities.dtn.DTN object at 0x1180d1550>,<entities.processor.Processor object at 0x1180b7ee0>
113.17708000000088,0.0,28386,<entities.dtn.DTN object at 0x1180d1550>,<entities.processor.Processor object at 0x1180b7ee0>
114.17708000000088,0.0,28386,<entities.dtn.DTN object at 0x1180d1550>,<entities.processor.Processor object at 0x1180b7ee0>
115.17708000000088,0.0,28386,<entities.dtn.DTN object at 0x1180d1550>,<entities.processor.Processor object at 0x1180b7ee0>
116.17708000000088,0.0,28386,<entities.dtn.DTN object at 0x1180d1550>,<entities.processor.Processor object at 0x1180b7ee0>
117.17708000000088,0.0,28386,<entities.dtn.DTN object at 0x1180d1550>,<entities.processor.Processor object at 0x1180b7ee0>
118.17708000000088,0.0,28386,<entities.dtn.DTN object at 0x1180d1550>,<entities.processor.Processor object at 0x1180b7ee0>
119.17708000000088,0.0,28386,<entities.dtn.DTN object at 0x1180d1550>,<entities.processor.Processor object at 0x1180b7ee0>
120.17708000000088,0.0,28386,<entities.dtn.DTN object at 0x1180d1550>,<entities.processor.Processor object at 0x1180b7ee0>
121.17708000000088,0.0,28386,<entities.dtn.DTN object at 0x1180d1550>,<entities.processor.Processor object at 0x1180b7ee0>
122.17708000000088,0.0,28386,<entities.dtn.DTN object at 0x1180d1550>,<entities.processor.Processor object at 0x1180b7ee0>
123.17708000000088,0.0,28386,<entities.dtn.DTN object at 0x1180d1550>,<entities.processor.Processor object at 0x1180b7ee0>
124.17708000000088,0.0,28386,<entities.dtn.DTN object at 0x1180d1550>,<entities.processor.Processor object at 0x1180b7ee0>
125.17708000000088,0.0,28386,<entities.dtn.DTN object at 0x1180d1550>,<entities.processor.Processor object at 0x1180b7ee0>
126.17708000000088,0.0,28386,<entities.dtn.DTN object at 0x1180d1550>,<entities.processor.Processor object at 0x1180b7ee0>
127.17708000000088,0.0,28386,<entities.dtn.DTN object at 0x1180d1550>,<entities.processor.Processor object at 0x1180b7ee0>
128.1770800000009,0.0,28386,<entities.dtn.DTN object at 0x1180d1550>,<entities.processor.Processor object at 0x1180b7ee0>
129.1770800000009,0.0,28386,<entities.dtn.DTN object at 0x1180d1550>,<entities.processor.Processor object at 0x1180b7ee0>
130.1770800000009,0.0,28386,<entities.dtn.DTN object at 0x1180d1550>,<entities.processor.Processor object at 0x1180b7ee0>
131.1770800000009,0.0,28386,<entities.dtn.DTN object at 0x1180d1550>,<entities.processor.Processor object at 0x1180b7ee0>
132.1770800000009,0.0,28386,<entities.dtn.DTN object at 0x1180d1550>,<entities.processor.Processor object at 0x1180b7ee0>
133.1770800000009,0.0,28386,<entities.dtn.DTN object at 0x1180d1550>,<entities.processor.Processor object at 0x1180b7ee0>
134.1770800000009,0.0,28386,<entities.dtn.DTN object at 0x1180d1550>,<entities.processor.Processor object at 0x1180b7ee0>
135.1770800000009,0.0,28386,<entities.dtn.DTN object at 0x1180d1550>,<entities.processor.Processor object at 0x1180b7ee0>
136.1770800000009,0.0,28386,<entities.dtn.DTN object at 0x1180d1550>,<entities.processor.Processor object at 0x1180b7ee0>
137.1770800000009,0.0,28386,<entities.dtn.DTN object at 0x1180d1550>,<entities.processor.Processor object at 0x1180b7ee0>
138.1770800000009,0.0,28386,<entities.dtn.DTN object at 0x1180d1550>,<entities.processor.Processor object at 0x1180b7ee0>
139.1770800000009,0.0,28386,<entities.dtn.DTN object at 0x1180d1550>,<entities.processor.Processor object at 0x1180b7ee0>
140.1770800000009,0.0,28386,<entities.dtn.DTN object at 0x1180d1550>,<entities.processor.Processor object at 0x1180b7ee0>
141.1770800000009,0.0,28386,<entities.dtn.DTN object at 0x1180d1550>,<entities.processor.Processor object at 0x1180b7ee0>
142.1770800000009,0.0,28386,<entities.dtn.DTN object at 0x1180d1550>,<entities.processor.Processor object at 0x1180b7ee0>
143.1770800000009,0.0,28386,<entities.dtn.DTN object at 0x1180d1550>,<entities.processor.Processor object at 0x1180b7ee0>
144.1770800000009,0.0,28386,<entities.dtn.DTN object at 0x1180d1550>,<entities.processor.Processor object at 0x1180b7ee0>
145.1770800000009,0.0,28386,<entities.dtn.DTN object at 0x1180d1550>,<entities.processor.Processor object at 0x1180b7ee0>
146.1770800000009,0.0,28386,<entities.dtn.DTN object at 0x1180d1550>,<entities.processor.Processor object at 0x1180b7ee0>
147.1770800000009,0.0,28386,<entities.dtn.DTN object at 0x1180d1550>,<entities.processor.Processor object at 0x1180b7ee0>
148.1770800000009,0.0,28386,<entities.dtn.DTN object at 0x1180d1550>,<entities.processor.Processor object at 0x1180b7ee0>
149.1770800000009,0.0,28386,<entities.dtn.DTN object at 0x1180d1550>,<entities.processor.Processor object at 0x1180b7ee0>
150.1770800000009,0.0,28386,<entities.dtn.DTN object at 0x1180d1550>,<entities.processor.Processor object at 0x1180b7ee0>
151.1770800000009,0.0,28386,<entities.dtn.DTN object at 0x1180d1550>,<entities.processor.Processor object at 0x1180b7ee0>
152.1770800000009,0.0,28386,<entities.dtn.DTN object at 0x1180d1550>,<entities.processor.Processor object at 0x1180b7ee0>
153.1770800000009,0.0,28386,<entities.dtn.DTN object at 0x1180d1550>,<entities.processor.Processor object at 0x1180b7ee0>
154.1770800000009,0.0,28386,<entities.dtn.DTN object at 0x1180d1550>,<entities.processor.Processor object at 0x1180b7ee0>
155.1770800000009,0.0,28386,<entities.dtn.DTN object at 0x1180d1550>,<entities.processor.Processor object at 0x1180b7ee0>
156.1770800000009,0.0,28386,<entities.dtn.DTN object at 0x1180d1550>,<entities.processor.Processor object at 0x1180b7ee0>
157.1770800000009,0.0,28386,<entities.dtn.DTN object at 0x1180d1550>,<entities.processor.Processor object at 0x1180b7ee0>
158.1770800000009,0.0,28386,<entities.dtn.DTN object at 0x1180d1550>,<entities.processor.Processor object at 0x1180b7ee0>
159.1770800000009,0.0,28386,<entities.dtn.DTN object at 0x1180d1550>,<entities.processor.Processor object at 0x1180b7ee0>
160.1770800000009,0.0,28386,<entities.dtn.DTN object at 0x1180d1550>,<entities.processor.Processor object at 0x1180b7ee0>
161.1770800000009,0.0,28386,<entities.dtn.DTN object at 0x1180d1550>,<entities.processor.Processor object at 0x1180b7ee0>
162.1770800000009,0.0,28386,<entities.dtn.DTN object at 0x1180d1550>,<entities.processor.Processor object at 0x1180b7ee0>
163.1770800000009,0.0,28386,<entities.dtn.DTN object at 0x1180d1550>,<entities.processor.Processor object at 0x1180b7ee0>
164.1770800000009,0.0,28386,<entities.dtn.DTN object at 0x1180d1550>,<entities.processor.Processor object at 0x1180b7ee0>
165.1770800000009,0.0,28386,<entities.dtn.DTN object at 0x1180d1550>,<entities.processor.Processor object at 0x1180b7ee0>
166.1770800000009,0.0,28386,<entities.dtn.DTN object at 0x1180d1550>,<entities.processor.Processor object at 0x1180b7ee0>
167.1770800000009,0.0,28386,<entities.dtn.DTN object at 0x1180d1550>,<entities.processor.Processor object at 0x1180b7ee0>
168.1770800000009,0.0,28386,<entities.dtn.DTN object at 0x1180d1550>,<entities.processor.Processor object at 0x1180b7ee0>
169.1770800000009,0.0,28386,<entities.dtn.DTN object at 0x1180d1550>,<entities.processor.Processor object at 0x1180b7ee0>
170.1770800000009,0.0,28386,<entities.dtn.DTN object at 0x1180d1550>,<entities.processor.Processor object at 0x1180b7ee0>
171.1770800000009,0.0,28386,<entities.dtn.DTN object at 0x1180d1550>,<entities.processor.Processor object at 0x1180b7ee0>
172.1770800000009,0.0,28386,<entities.dtn.DTN object at 0x1180d1550>,<entities.processor.Processor object at 0x1180b7ee0>
173.1770800000009,0.0,28386,<entities.dtn.DTN object at 0x1180d1550>,<entities.processor.Processor object at 0x1180b7ee0>
174.1770800000009,0.0,28386,<entities.dtn.DTN object at 0x1180d1550>,<entities.processor.Processor object at 0x1180b7ee0>
175.1770800000009,0.0,28386,<entities.dtn.DTN object at 0x1180d1550>,<entities.processor.Processor object at 0x1180b7ee0>
176.1770800000009,0.0,28386,<entities.dtn.DTN object at 0x1180d1550>,<entities.processor.Processor object at 0x1180b7ee0>
177.1770800000009,0.0,28386,<entities.dtn.DTN object at 0x1180d1550>,<entities.processor.Processor object at 0x1180b7ee0>
178.1770800000009,0.0,28386,<entities.dtn.DTN object at 0x1180d1550>,<entities.processor.Processor object at 0x1180b7ee0>
179.1770800000009,0.0,28386,<entities.dtn.DTN object at 0x1180d1550>,<entities.processor.Processor object at 0x1180b7ee0>
180.1770800000009,0.0,28386,<entities.dtn.DTN object at 0x1180d1550>,<entities.processor.Processor object at 0x1180b7ee0>
181.1770800000009,0.0,28386,<entities.dtn.DTN object at 0x1180d1550>,<entities.processor.Processor object at 0x1180b7ee0>
182.1770800000009,0.0,28386,<entities.dtn.DTN object at 0x1180d1550>,<entities.processor.Processor object at 0x1180b7ee0>
183.1770800000009,0.0,28386,<entities.dtn.DTN object at 0x1180d1550>,<entities.processor.Processor object at 0x1180b7ee0>
184.1770800000009,0.0,28386,<entities.dtn.DTN object at 0x1180d1550>,<entities.processor.Processor object at 0x1180b7ee0>
185.1770800000009,0.0,28386,<entities.dtn.DTN object at 0x1180d1550>,<entities.processor.Processor object at 0x1180b7ee0>
186.1770800000009,0.0,28386,<entities.dtn.DTN object at 0x1180d1550>,<entities.processor.Processor object at 0x1180b7ee0>
187.1770800000009,0.0,28386,<entities.dtn.DTN object at 0x1180d1550>,<entities.processor.Processor object at 0x1180b7ee0>
188.1770800000009,0.0,28386,<entities.dtn.DTN object at 0x1180d1550>,<entities.processor.Processor object at 0x1180b7ee0>
189.1770800000009,0.0,28386,<entities.dtn.DTN object at 0x1180d1550>,<entities.processor.Processor object at 0x1180b7ee0>
190.1770800000009,0.0,28386,<entities.dtn.DTN object at 0x1180d1550>,<entities.processor.Processor object at 0x1180b7ee0>
191.1770800000009,0.0,28386,<entities.dtn.DTN object at 0x1180d1550>,<entities.processor.Processor object at 0x1180b7ee0>
192.1770800000009,0.0,28386,<entities.dtn.DTN object at 0x1180d1550>,<entities.processor.Processor object at 0x1180b7ee0>
193.1770800000009,0.0,28386,<entities.dtn.DTN object at 0x1180d1550>,<entities.processor.Processor object at 0x1180b7ee0>
194.1770800000009,0.0,28386,<entities.dtn.DTN object at 0x1180d1550>,<entities.processor.Processor object at 0x1180b7ee0>
195.1770800000009,0.0,28386,<entities.dtn.DTN object at 0x1180d1550>,<entities.processor.Processor object at 0x1180b7ee0>
196.1770800000009,0.0,28386,<entities.dtn.DTN object at 0x1180d1550>,<entities.processor.Processor object at 0x1180b7ee0>
197.1770800000009,0.0,28386,<entities.dtn.DTN object at 0x1180d1550>,<entities.processor.Processor object at 0x1180b7ee0>
198.1770800000009,0.0,28386,<entities.dtn.DTN object at 0x1180d1550>,<entities.processor.Processor object at 0x1180b7ee0>
199.1770800000009,0.0,28386,<entities.dtn.DTN object at 0x1180d1550>,<entities.processor.Processor object at 0x1180b7ee0>
65.17721000000088,0.0,51234,<entities.dtn.DTN object at 0x1180d1550>,<entities.processor.Processor object at 0x1180b7ee0>
66.17721000000088,0.0,51234,<entities.dtn.DTN object at 0x1180d1550>,<entities.processor.Processor object at 0x1180b7ee0>
67.17721000000088,0.0,51234,<entities.dtn.DTN object at 0x1180d1550>,<entities.processor.Processor object at 0x1180b7ee0>
68.17721000000088,0.0,51234,<entities.dtn.DTN object at 0x1180d1550>,<entities.processor.Processor object at 0x1180b7ee0>
69.17721000000088,0.0,51234,<entities.dtn.DTN object at 0x1180d1550>,<entities.processor.Processor object at 0x1180b7ee0>
70.17721000000088,0.0,51234,<entities.dtn.DTN object at 0x1180d1550>,<entities.processor.Processor object at 0x1180b7ee0>
71.17721000000088,0.0,51234,<entities.dtn.DTN object at 0x1180d1550>,<entities.processor.Processor object at 0x1180b7ee0>
72.17721000000088,0.0,51234,<entities.dtn.DTN object at 0x1180d1550>,<entities.processor.Processor object at 0x1180b7ee0>
73.17721000000088,0.0,51234,<entities.dtn.DTN object at 0x1180d1550>,<entities.processor.Processor object at 0x1180b7ee0>
74.17721000000088,0.0,51234,<entities.dtn.DTN object at 0x1180d1550>,<entities.processor.Processor object at 0x1180b7ee0>
75.17721000000088,0.0,51234,<entities.dtn.DTN object at 0x1180d1550>,<entities.processor.Processor object at 0x1180b7ee0>
76.17721000000088,0.0,51234,<entities.dtn.DTN object at 0x1180d1550>,<entities.processor.Processor object at 0x1180b7ee0>
77.17721000000088,0.0,51234,<entities.dtn.DTN object at 0x1180d1550>,<entities.processor.Processor object at 0x1180b7ee0>
78.17721000000088,0.0,51234,<entities.dtn.DTN object at 0x1180d1550>,<entities.processor.Processor object at 0x1180b7ee0>
79.17721000000088,0.0,51234,<entities.dtn.DTN object at 0x1180d1550>,<entities.processor.Processor object at 0x1180b7ee0>
80.17721000000088,0.0,51234,<entities.dtn.DTN object at 0x1180d1550>,<entities.processor.Processor object at 0x1180b7ee0>
81.17721000000088,0.0,51234,<entities.dtn.DTN object at 0x1180d1550>,<entities.processor.Processor object at 0x1180b7ee0>
82.17721000000088,0.0,51234,<entities.dtn.DTN object at 0x1180d1550>,<entities.processor.Processor object at 0x1180b7ee0>
83.17721000000088,0.0,51234,<entities.dtn.DTN object at 0x1180d1550>,<entities.processor.Processor object at 0x1180b7ee0>
84.17721000000088,0.0,51234,<entities.dtn.DTN object at 0x1180d1550>,<entities.processor.Processor object at 0x1180b7ee0>
85.17721000000088,0.0,51234,<entities.dtn.DTN object at 0x1180d1550>,<entities.processor.Processor object at 0x1180b7ee0>
86.17721000000088,0.0,51234,<entities.dtn.DTN object at 0x1180d1550>,<entities.processor.Processor object at 0x1180b7ee0>
87.17721000000088,0.0,51234,<entities.dtn.DTN object at 0x1180d1550>,<entities.processor.Processor object at 0x1180b7ee0>
88.17721000000088,0.0,51234,<entities.dtn.DTN object at 0x1180d1550>,<entities.processor.Processor object at 0x1180b7ee0>
89.17721000000088,0.0,51234,<entities.dtn.DTN object at 0x1180d1550>,<entities.processor.Processor object at 0x1180b7ee0>
90.17721000000088,0.0,51234,<entities.dtn.DTN object at 0x1180d1550>,<entities.processor.Processor object at 0x1180b7ee0>
91.17721000000088,0.0,51234,<entities.dtn.DTN object at 0x1180d1550>,<entities.processor.Processor object at 0x1180b7ee0>
92.17721000000088,0.0,51234,<entities.dtn.DTN object at 0x1180d1550>,<entities.processor.Processor object at 0x1180b7ee0>
93.17721000000088,0.0,51234,<entities.dtn.DTN object at 0x1180d1550>,<entities.processor.Processor object at 0x1180b7ee0>
94.17721000000088,0.0,51234,<entities.dtn.DTN object at 0x1180d1550>,<entities.processor.Processor object at 0x1180b7ee0>
95.17721000000088,0.0,51234,<entities.dtn.DTN object at 0x1180d1550>,<entities.processor.Processor object at 0x1180b7ee0>
96.17721000000088,0.0,51234,<entities.dtn.DTN object at 0x1180d1550>,<entities.processor.Processor object at 0x1180b7ee0>
97.17721000000088,0.0,51234,<entities.dtn.DTN object at 0x1180d1550>,<entities.processor.Processor object at 0x1180b7ee0>
98.17721000000088,0.0,51234,<entities.dtn.DTN object at 0x1180d1550>,<entities.processor.Processor object at 0x1180b7ee0>
99.17721000000088,0.0,51234,<entities.dtn.DTN object at 0x1180d1550>,<entities.processor.Processor object at 0x1180b7ee0>
100.17721000000088,0.0,51234,<entities.dtn.DTN object at 0x1180d1550>,<entities.processor.Processor object at 0x1180b7ee0>
101.17721000000088,0.0,51234,<entities.dtn.DTN object at 0x1180d1550>,<entities.processor.Processor object at 0x1180b7ee0>
102.17721000000088,0.0,51234,<entities.dtn.DTN object at 0x1180d1550>,<entities.processor.Processor object at 0x1180b7ee0>
103.17721000000088,0.0,51234,<entities.dtn.DTN object at 0x1180d1550>,<entities.processor.Processor object at 0x1180b7ee0>
104.17721000000088,0.0,51234,<entities.dtn.DTN object at 0x1180d1550>,<entities.processor.Processor object at 0x1180b7ee0>
105.17721000000088,0.0,51234,<entities.dtn.DTN object at 0x1180d1550>,<entities.processor.Processor object at 0x1180b7ee0>
106.17721000000088,0.0,51234,<entities.dtn.DTN object at 0x1180d1550>,<entities.processor.Processor object at 0x1180b7ee0>
107.17721000000088,0.0,51234,<entities.dtn.DTN object at 0x1180d1550>,<entities.processor.Processor object at 0x1180b7ee0>
108.17721000000088,0.0,51234,<entities.dtn.DTN object at 0x1180d1550>,<entities.processor.Processor object at 0x1180b7ee0>
109.17721000000088,0.0,51234,<entities.dtn.DTN object at 0x1180d1550>,<entities.processor.Processor object at 0x1180b7ee0>
110.17721000000088,0.0,51234,<entities.dtn.DTN object at 0x1180d1550>,<entities.processor.Processor object at 0x1180b7ee0>
111.17721000000088,0.0,51234,<entities.dtn.DTN object at 0x1180d1550>,<entities.processor.Processor object at 0x1180b7ee0>
112.17721000000088,0.0,51234,<entities.dtn.DTN object at 0x1180d1550>,<entities.processor.Processor object at 0x1180b7ee0>
113.17721000000088,0.0,51234,<entities.dtn.DTN object at 0x1180d1550>,<entities.processor.Processor object at 0x1180b7ee0>
114.17721000000088,0.0,51234,<entities.dtn.DTN object at 0x1180d1550>,<entities.processor.Processor object at 0x1180b7ee0>
115.17721000000088,0.0,51234,<entities.dtn.DTN object at 0x1180d1550>,<entities.processor.Processor object at 0x1180b7ee0>
116.17721000000088,0.0,51234,<entities.dtn.DTN object at 0x1180d1550>,<entities.processor.Processor object at 0x1180b7ee0>
117.17721000000088,0.0,51234,<entities.dtn.DTN object at 0x1180d1550>,<entities.processor.Processor object at 0x1180b7ee0>
118.17721000000088,0.0,51234,<entities.dtn.DTN object at 0x1180d1550>,<entities.processor.Processor object at 0x1180b7ee0>
119.17721000000088,0.0,51234,<entities.dtn.DTN object at 0x1180d1550>,<entities.processor.Processor object at 0x1180b7ee0>
120.17721000000088,0.0,51234,<entities.dtn.DTN object at 0x1180d1550>,<entities.processor.Processor object at 0x1180b7ee0>
121.17721000000088,0.0,51234,<entities.dtn.DTN object at 0x1180d1550>,<entities.processor.Processor object at 0x1180b7ee0>
122.17721000000088,0.0,51234,<entities.dtn.DTN object at 0x1180d1550>,<entities.processor.Processor object at 0x1180b7ee0>
123.17721000000088,0.0,51234,<entities.dtn.DTN object at 0x1180d1550>,<entities.processor.Processor object at 0x1180b7ee0>
124.17721000000088,0.0,51234,<entities.dtn.DTN object at 0x1180d1550>,<entities.processor.Processor object at 0x1180b7ee0>
125.17721000000088,0.0,51234,<entities.dtn.DTN object at 0x1180d1550>,<entities.processor.Processor object at 0x1180b7ee0>
126.17721000000088,0.0,51234,<entities.dtn.DTN object at 0x1180d1550>,<entities.processor.Processor object at 0x1180b7ee0>
127.17721000000088,0.0,51234,<entities.dtn.DTN object at 0x1180d1550>,<entities.processor.Processor object at 0x1180b7ee0>
128.17721000000088,0.0,51234,<entities.dtn.DTN object at 0x1180d1550>,<entities.processor.Processor object at 0x1180b7ee0>
129.17721000000088,0.0,51234,<entities.dtn.DTN object at 0x1180d1550>,<entities.processor.Processor object at 0x1180b7ee0>
130.17721000000088,0.0,51234,<entities.dtn.DTN object at 0x1180d1550>,<entities.processor.Processor object at 0x1180b7ee0>
131.17721000000088,0.0,51234,<entities.dtn.DTN object at 0x1180d1550>,<entities.processor.Processor object at 0x1180b7ee0>
132.17721000000088,0.0,51234,<entities.dtn.DTN object at 0x1180d1550>,<entities.processor.Processor object at 0x1180b7ee0>
133.17721000000088,0.0,51234,<entities.dtn.DTN object at 0x1180d1550>,<entities.processor.Processor object at 0x1180b7ee0>
134.17721000000088,0.0,51234,<entities.dtn.DTN object at 0x1180d1550>,<entities.processor.Processor object at 0x1180b7ee0>
135.17721000000088,0.0,51234,<entities.dtn.DTN object at 0x1180d1550>,<entities.processor.Processor object at 0x1180b7ee0>
136.17721000000088,0.0,51234,<entities.dtn.DTN object at 0x1180d1550>,<entities.processor.Processor object at 0x1180b7ee0>
137.17721000000088,0.0,51234,<entities.dtn.DTN object at 0x1180d1550>,<entities.processor.Processor object at 0x1180b7ee0>
138.17721000000088,0.0,51234,<entities.dtn.DTN object at 0x1180d1550>,<entities.processor.Processor object at 0x1180b7ee0>
139.17721000000088,0.0,51234,<entities.dtn.DTN object at 0x1180d1550>,<entities.processor.Processor object at 0x1180b7ee0>
140.17721000000088,0.0,51234,<entities.dtn.DTN object at 0x1180d1550>,<entities.processor.Processor object at 0x1180b7ee0>
141.17721000000088,0.0,51234,<entities.dtn.DTN object at 0x1180d1550>,<entities.processor.Processor object at 0x1180b7ee0>
142.17721000000088,0.0,51234,<entities.dtn.DTN object at 0x1180d1550>,<entities.processor.Processor object at 0x1180b7ee0>
143.17721000000088,0.0,51234,<entities.dtn.DTN object at 0x1180d1550>,<entities.processor.Processor object at 0x1180b7ee0>
144.17721000000088,0.0,51234,<entities.dtn.DTN object at 0x1180d1550>,<entities.processor.Processor object at 0x1180b7ee0>
145.17721000000088,0.0,51234,<entities.dtn.DTN object at 0x1180d1550>,<entities.processor.Processor object at 0x1180b7ee0>
146.17721000000088,0.0,51234,<entities.dtn.DTN object at 0x1180d1550>,<entities.processor.Processor object at 0x1180b7ee0>
147.17721000000088,0.0,51234,<entities.dtn.DTN object at 0x1180d1550>,<entities.processor.Processor object at 0x1180b7ee0>
148.17721000000088,0.0,51234,<entities.dtn.DTN object at 0x1180d1550>,<entities.processor.Processor object at 0x1180b7ee0>
149.17721000000088,0.0,51234,<entities.dtn.DTN object at 0x1180d1550>,<entities.processor.Processor object at 0x1180b7ee0>
150.17721000000088,0.0,51234,<entities.dtn.DTN object at 0x1180d1550>,<entities.processor.Processor object at 0x1180b7ee0>
151.17721000000088,0.0,51234,<entities.dtn.DTN object at 0x1180d1550>,<entities.processor.Processor object at 0x1180b7ee0>
152.17721000000088,0.0,51234,<entities.dtn.DTN object at 0x1180d1550>,<entities.processor.Processor object at 0x1180b7ee0>
153.17721000000088,0.0,51234,<entities.dtn.DTN object at 0x1180d1550>,<entities.processor.Processor object at 0x1180b7ee0>
154.17721000000088,0.0,51234,<entities.dtn.DTN object at 0x1180d1550>,<entities.processor.Processor object at 0x1180b7ee0>
155.17721000000088,0.0,51234,<entities.dtn.DTN object at 0x1180d1550>,<entities.processor.Processor object at 0x1180b7ee0>
156.17721000000088,0.0,51234,<entities.dtn.DTN object at 0x1180d1550>,<entities.processor.Processor object at 0x1180b7ee0>
157.17721000000088,0.0,51234,<entities.dtn.DTN object at 0x1180d1550>,<entities.processor.Processor object at 0x1180b7ee0>
158.17721000000088,0.0,51234,<entities.dtn.DTN object at 0x1180d1550>,<entities.processor.Processor object at 0x1180b7ee0>
159.17721000000088,0.0,51234,<entities.dtn.DTN object at 0x1180d1550>,<entities.processor.Processor object at 0x1180b7ee0>
160.17721000000088,0.0,51234,<entities.dtn.DTN object at 0x1180d1550>,<entities.processor.Processor object at 0x1180b7ee0>
161.17721000000088,0.0,51234,<entities.dtn.DTN object at 0x1180d1550>,<entities.processor.Processor object at 0x1180b7ee0>
162.17721000000088,0.0,51234,<entities.dtn.DTN object at 0x1180d1550>,<entities.processor.Processor object at 0x1180b7ee0>
163.17721000000088,0.0,51234,<entities.dtn.DTN object at 0x1180d1550>,<entities.processor.Processor object at 0x1180b7ee0>
164.17721000000088,0.0,51234,<entities.dtn.DTN object at 0x1180d1550>,<entities.processor.Processor object at 0x1180b7ee0>
165.17721000000088,0.0,51234,<entities.dtn.DTN object at 0x1180d1550>,<entities.processor.Processor object at 0x1180b7ee0>
166.17721000000088,0.0,51234,<entities.dtn.DTN object at 0x1180d1550>,<entities.processor.Processor object at 0x1180b7ee0>
167.17721000000088,0.0,51234,<entities.dtn.DTN object at 0x1180d1550>,<entities.processor.Processor object at 0x1180b7ee0>
168.17721000000088,0.0,51234,<entities.dtn.DTN object at 0x1180d1550>,<entities.processor.Processor object at 0x1180b7ee0>
169.17721000000088,0.0,51234,<entities.dtn.DTN object at 0x1180d1550>,<entities.processor.Processor object at 0x1180b7ee0>
170.17721000000088,0.0,51234,<entities.dtn.DTN object at 0x1180d1550>,<entities.processor.Processor object at 0x1180b7ee0>
171.17721000000088,0.0,51234,<entities.dtn.DTN object at 0x1180d1550>,<entities.processor.Processor object at 0x1180b7ee0>
172.17721000000088,0.0,51234,<entities.dtn.DTN object at 0x1180d1550>,<entities.processor.Processor object at 0x1180b7ee0>
173.17721000000088,0.0,51234,<entities.dtn.DTN object at 0x1180d1550>,<entities.processor.Processor object at 0x1180b7ee0>
174.17721000000088,0.0,51234,<entities.dtn.DTN object at 0x1180d1550>,<entities.processor.Processor object at 0x1180b7ee0>
175.17721000000088,0.0,51234,<entities.dtn.DTN object at 0x1180d1550>,<entities.processor.Processor object at 0x1180b7ee0>
176.17721000000088,0.0,51234,<entities.dtn.DTN object at 0x1180d1550>,<entities.processor.Processor object at 0x1180b7ee0>
177.17721000000088,0.0,51234,<entities.dtn.DTN object at 0x1180d1550>,<entities.processor.Processor object at 0x1180b7ee0>
178.17721000000088,0.0,51234,<entities.dtn.DTN object at 0x1180d1550>,<entities.processor.Processor object at 0x1180b7ee0>
179.17721000000088,0.0,51234,<entities.dtn.DTN object at 0x1180d1550>,<entities.processor.Processor object at 0x1180b7ee0>
180.17721000000088,0.0,51234,<entities.dtn.DTN object at 0x1180d1550>,<entities.processor.Processor object at 0x1180b7ee0>
181.17721000000088,0.0,51234,<entities.dtn.DTN object at 0x1180d1550>,<entities.processor.Processor object at 0x1180b7ee0>
182.17721000000088,0.0,51234,<entities.dtn.DTN object at 0x1180d1550>,<entities.processor.Processor object at 0x1180b7ee0>
183.17721000000088,0.0,51234,<entities.dtn.DTN object at 0x1180d1550>,<entities.processor.Processor object at 0x1180b7ee0>
184.17721000000088,0.0,51234,<entities.dtn.DTN object at 0x1180d1550>,<entities.processor.Processor object at 0x1180b7ee0>
185.17721000000088,0.0,51234,<entities.dtn.DTN object at 0x1180d1550>,<entities.processor.Processor object at 0x1180b7ee0>
186.17721000000088,0.0,51234,<entities.dtn.DTN object at 0x1180d1550>,<entities.processor.Processor object at 0x1180b7ee0>
187.17721000000088,0.0,51234,<entities.dtn.DTN object at 0x1180d1550>,<entities.processor.Processor object at 0x1180b7ee0>
188.17721000000088,0.0,51234,<entities.dtn.DTN object at 0x1180d1550>,<entities.processor.Processor object at 0x1180b7ee0>
189.17721000000088,0.0,51234,<entities.dtn.DTN object at 0x1180d1550>,<entities.processor.Processor object at 0x1180b7ee0>
190.17721000000088,0.0,51234,<entities.dtn.DTN object at 0x1180d1550>,<entities.processor.Processor object at 0x1180b7ee0>
191.17721000000088,0.0,51234,<entities.dtn.DTN object at 0x1180d1550>,<entities.processor.Processor object at 0x1180b7ee0>
192.17721000000088,0.0,51234,<entities.dtn.DTN object at 0x1180d1550>,<entities.processor.Processor object at 0x1180b7ee0>
193.17721000000088,0.0,51234,<entities.dtn.DTN object at 0x1180d1550>,<entities.processor.Processor object at 0x1180b7ee0>
194.17721000000088,0.0,51234,<entities.dtn.DTN object at 0x1180d1550>,<entities.processor.Processor object at 0x1180b7ee0>
195.17721000000088,0.0,51234,<entities.dtn.DTN object at 0x1180d1550>,<entities.processor.Processor object at 0x1180b7ee0>
196.17721000000088,0.0,51234,<entities.dtn.DTN object at 0x1180d1550>,<entities.processor.Processor object at 0x1180b7ee0>
197.17721000000088,0.0,51234,<entities.dtn.DTN object at 0x1180d1550>,<entities.processor.Processor object at 0x1180b7ee0>
198.17721000000088,0.0,51234,<entities.dtn.DTN object at 0x1180d1550>,<entities.processor.Processor object at 0x1180b7ee0>
199.17721000000088,0.0,51234,<entities.dtn.DTN object at 0x1180d1550>,<entities.processor.Processor object at 0x1180b7ee0>
66.54183000000089,0.0,89331,<entities.dtn.DTN object at 0x1180d1550>,<entities.processor.Processor object at 0x1180b7ee0>
67.54183000000089,0.0,89331,<entities.dtn.DTN object at 0x1180d1550>,<entities.processor.Processor object at 0x1180b7ee0>
68.54183000000089,0.0,89331,<entities.dtn.DTN object at 0x1180d1550>,<entities.processor.Processor object at 0x1180b7ee0>
69.54183000000089,0.0,89331,<entities.dtn.DTN object at 0x1180d1550>,<entities.processor.Processor object at 0x1180b7ee0>
70.54183000000089,0.0,89331,<entities.dtn.DTN object at 0x1180d1550>,<entities.processor.Processor object at 0x1180b7ee0>
71.54183000000089,0.0,89331,<entities.dtn.DTN object at 0x1180d1550>,<entities.processor.Processor object at 0x1180b7ee0>
72.54183000000089,0.0,89331,<entities.dtn.DTN object at 0x1180d1550>,<entities.processor.Processor object at 0x1180b7ee0>
73.54183000000089,0.0,89331,<entities.dtn.DTN object at 0x1180d1550>,<entities.processor.Processor object at 0x1180b7ee0>
74.54183000000089,0.0,89331,<entities.dtn.DTN object at 0x1180d1550>,<entities.processor.Processor object at 0x1180b7ee0>
75.54183000000089,0.0,89331,<entities.dtn.DTN object at 0x1180d1550>,<entities.processor.Processor object at 0x1180b7ee0>
76.54183000000089,0.0,89331,<entities.dtn.DTN object at 0x1180d1550>,<entities.processor.Processor object at 0x1180b7ee0>
77.54183000000089,0.0,89331,<entities.dtn.DTN object at 0x1180d1550>,<entities.processor.Processor object at 0x1180b7ee0>
78.54183000000089,0.0,89331,<entities.dtn.DTN object at 0x1180d1550>,<entities.processor.Processor object at 0x1180b7ee0>
79.54183000000089,0.0,89331,<entities.dtn.DTN object at 0x1180d1550>,<entities.processor.Processor object at 0x1180b7ee0>
80.54183000000089,0.0,89331,<entities.dtn.DTN object at 0x1180d1550>,<entities.processor.Processor object at 0x1180b7ee0>
81.54183000000089,0.0,89331,<entities.dtn.DTN object at 0x1180d1550>,<entities.processor.Processor object at 0x1180b7ee0>
82.54183000000089,0.0,89331,<entities.dtn.DTN object at 0x1180d1550>,<entities.processor.Processor object at 0x1180b7ee0>
83.54183000000089,0.0,89331,<entities.dtn.DTN object at 0x1180d1550>,<entities.processor.Processor object at 0x1180b7ee0>
84.54183000000089,0.0,89331,<entities.dtn.DTN object at 0x1180d1550>,<entities.processor.Processor object at 0x1180b7ee0>
85.54183000000089,0.0,89331,<entities.dtn.DTN object at 0x1180d1550>,<entities.processor.Processor object at 0x1180b7ee0>
86.54183000000089,0.0,89331,<entities.dtn.DTN object at 0x1180d1550>,<entities.processor.Processor object at 0x1180b7ee0>
87.54183000000089,0.0,89331,<entities.dtn.DTN object at 0x1180d1550>,<entities.processor.Processor object at 0x1180b7ee0>
88.54183000000089,0.0,89331,<entities.dtn.DTN object at 0x1180d1550>,<entities.processor.Processor object at 0x1180b7ee0>
89.54183000000089,0.0,89331,<entities.dtn.DTN object at 0x1180d1550>,<entities.processor.Processor object at 0x1180b7ee0>
90.54183000000089,0.0,89331,<entities.dtn.DTN object at 0x1180d1550>,<entities.processor.Processor object at 0x1180b7ee0>
91.54183000000089,0.0,89331,<entities.dtn.DTN object at 0x1180d1550>,<entities.processor.Processor object at 0x1180b7ee0>
92.54183000000089,0.0,89331,<entities.dtn.DTN object at 0x1180d1550>,<entities.processor.Processor object at 0x1180b7ee0>
93.54183000000089,0.0,89331,<entities.dtn.DTN object at 0x1180d1550>,<entities.processor.Processor object at 0x1180b7ee0>
94.54183000000089,0.0,89331,<entities.dtn.DTN object at 0x1180d1550>,<entities.processor.Processor object at 0x1180b7ee0>
95.54183000000089,0.0,89331,<entities.dtn.DTN object at 0x1180d1550>,<entities.processor.Processor object at 0x1180b7ee0>
96.54183000000089,0.0,89331,<entities.dtn.DTN object at 0x1180d1550>,<entities.processor.Processor object at 0x1180b7ee0>
97.54183000000089,0.0,89331,<entities.dtn.DTN object at 0x1180d1550>,<entities.processor.Processor object at 0x1180b7ee0>
98.54183000000089,0.0,89331,<entities.dtn.DTN object at 0x1180d1550>,<entities.processor.Processor object at 0x1180b7ee0>
99.54183000000089,0.0,89331,<entities.dtn.DTN object at 0x1180d1550>,<entities.processor.Processor object at 0x1180b7ee0>
100.54183000000089,0.0,89331,<entities.dtn.DTN object at 0x1180d1550>,<entities.processor.Processor object at 0x1180b7ee0>
101.54183000000089,0.0,89331,<entities.dtn.DTN object at 0x1180d1550>,<entities.processor.Processor object at 0x1180b7ee0>
102.54183000000089,0.0,89331,<entities.dtn.DTN object at 0x1180d1550>,<entities.processor.Processor object at 0x1180b7ee0>
103.54183000000089,0.0,89331,<entities.dtn.DTN object at 0x1180d1550>,<entities.processor.Processor object at 0x1180b7ee0>
104.54183000000089,0.0,89331,<entities.dtn.DTN object at 0x1180d1550>,<entities.processor.Processor object at 0x1180b7ee0>
105.54183000000089,0.0,89331,<entities.dtn.DTN object at 0x1180d1550>,<entities.processor.Processor object at 0x1180b7ee0>
106.54183000000089,0.0,89331,<entities.dtn.DTN object at 0x1180d1550>,<entities.processor.Processor object at 0x1180b7ee0>
107.54183000000089,0.0,89331,<entities.dtn.DTN object at 0x1180d1550>,<entities.processor.Processor object at 0x1180b7ee0>
108.54183000000089,0.0,89331,<entities.dtn.DTN object at 0x1180d1550>,<entities.processor.Processor object at 0x1180b7ee0>
109.54183000000089,0.0,89331,<entities.dtn.DTN object at 0x1180d1550>,<entities.processor.Processor object at 0x1180b7ee0>
110.54183000000089,0.0,89331,<entities.dtn.DTN object at 0x1180d1550>,<entities.processor.Processor object at 0x1180b7ee0>
111.54183000000089,0.0,89331,<entities.dtn.DTN object at 0x1180d1550>,<entities.processor.Processor object at 0x1180b7ee0>
112.54183000000089,0.0,89331,<entities.dtn.DTN object at 0x1180d1550>,<entities.processor.Processor object at 0x1180b7ee0>
113.54183000000089,0.0,89331,<entities.dtn.DTN object at 0x1180d1550>,<entities.processor.Processor object at 0x1180b7ee0>
114.54183000000089,0.0,89331,<entities.dtn.DTN object at 0x1180d1550>,<entities.processor.Processor object at 0x1180b7ee0>
115.54183000000089,0.0,89331,<entities.dtn.DTN object at 0x1180d1550>,<entities.processor.Processor object at 0x1180b7ee0>
116.54183000000089,0.0,89331,<entities.dtn.DTN object at 0x1180d1550>,<entities.processor.Processor object at 0x1180b7ee0>
117.54183000000089,0.0,89331,<entities.dtn.DTN object at 0x1180d1550>,<entities.processor.Processor object at 0x1180b7ee0>
118.54183000000089,0.0,89331,<entities.dtn.DTN object at 0x1180d1550>,<entities.processor.Processor object at 0x1180b7ee0>
119.54183000000089,0.0,89331,<entities.dtn.DTN object at 0x1180d1550>,<entities.processor.Processor object at 0x1180b7ee0>
120.54183000000089,0.0,89331,<entities.dtn.DTN object at 0x1180d1550>,<entities.processor.Processor object at 0x1180b7ee0>
121.54183000000089,0.0,89331,<entities.dtn.DTN object at 0x1180d1550>,<entities.processor.Processor object at 0x1180b7ee0>
122.54183000000089,0.0,89331,<entities.dtn.DTN object at 0x1180d1550>,<entities.processor.Processor object at 0x1180b7ee0>
123.54183000000089,0.0,89331,<entities.dtn.DTN object at 0x1180d1550>,<entities.processor.Processor object at 0x1180b7ee0>
124.54183000000089,0.0,89331,<entities.dtn.DTN object at 0x1180d1550>,<entities.processor.Processor object at 0x1180b7ee0>
125.54183000000089,0.0,89331,<entities.dtn.DTN object at 0x1180d1550>,<entities.processor.Processor object at 0x1180b7ee0>
126.54183000000089,0.0,89331,<entities.dtn.DTN object at 0x1180d1550>,<entities.processor.Processor object at 0x1180b7ee0>
127.54183000000089,0.0,89331,<entities.dtn.DTN object at 0x1180d1550>,<entities.processor.Processor object at 0x1180b7ee0>
128.54183000000089,0.0,89331,<entities.dtn.DTN object at 0x1180d1550>,<entities.processor.Processor object at 0x1180b7ee0>
129.54183000000089,0.0,89331,<entities.dtn.DTN object at 0x1180d1550>,<entities.processor.Processor object at 0x1180b7ee0>
130.54183000000089,0.0,89331,<entities.dtn.DTN object at 0x1180d1550>,<entities.processor.Processor object at 0x1180b7ee0>
131.54183000000089,0.0,89331,<entities.dtn.DTN object at 0x1180d1550>,<entities.processor.Processor object at 0x1180b7ee0>
132.54183000000089,0.0,89331,<entities.dtn.DTN object at 0x1180d1550>,<entities.processor.Processor object at 0x1180b7ee0>
133.54183000000089,0.0,89331,<entities.dtn.DTN object at 0x1180d1550>,<entities.processor.Processor object at 0x1180b7ee0>
134.54183000000089,0.0,89331,<entities.dtn.DTN object at 0x1180d1550>,<entities.processor.Processor object at 0x1180b7ee0>
135.54183000000089,0.0,89331,<entities.dtn.DTN object at 0x1180d1550>,<entities.processor.Processor object at 0x1180b7ee0>
136.54183000000089,0.0,89331,<entities.dtn.DTN object at 0x1180d1550>,<entities.processor.Processor object at 0x1180b7ee0>
137.54183000000089,0.0,89331,<entities.dtn.DTN object at 0x1180d1550>,<entities.processor.Processor object at 0x1180b7ee0>
138.54183000000089,0.0,89331,<entities.dtn.DTN object at 0x1180d1550>,<entities.processor.Processor object at 0x1180b7ee0>
139.54183000000089,0.0,89331,<entities.dtn.DTN object at 0x1180d1550>,<entities.processor.Processor object at 0x1180b7ee0>
140.54183000000089,0.0,89331,<entities.dtn.DTN object at 0x1180d1550>,<entities.processor.Processor object at 0x1180b7ee0>
141.54183000000089,0.0,89331,<entities.dtn.DTN object at 0x1180d1550>,<entities.processor.Processor object at 0x1180b7ee0>
142.54183000000089,0.0,89331,<entities.dtn.DTN object at 0x1180d1550>,<entities.processor.Processor object at 0x1180b7ee0>
143.54183000000089,0.0,89331,<entities.dtn.DTN object at 0x1180d1550>,<entities.processor.Processor object at 0x1180b7ee0>
144.54183000000089,0.0,89331,<entities.dtn.DTN object at 0x1180d1550>,<entities.processor.Processor object at 0x1180b7ee0>
145.54183000000089,0.0,89331,<entities.dtn.DTN object at 0x1180d1550>,<entities.processor.Processor object at 0x1180b7ee0>
146.54183000000089,0.0,89331,<entities.dtn.DTN object at 0x1180d1550>,<entities.processor.Processor object at 0x1180b7ee0>
147.54183000000089,0.0,89331,<entities.dtn.DTN object at 0x1180d1550>,<entities.processor.Processor object at 0x1180b7ee0>
148.54183000000089,0.0,89331,<entities.dtn.DTN object at 0x1180d1550>,<entities.processor.Processor object at 0x1180b7ee0>
149.54183000000089,0.0,89331,<entities.dtn.DTN object at 0x1180d1550>,<entities.processor.Processor object at 0x1180b7ee0>
150.54183000000089,0.0,89331,<entities.dtn.DTN object at 0x1180d1550>,<entities.processor.Processor object at 0x1180b7ee0>
151.54183000000089,0.0,89331,<entities.dtn.DTN object at 0x1180d1550>,<entities.processor.Processor object at 0x1180b7ee0>
152.54183000000089,0.0,89331,<entities.dtn.DTN object at 0x1180d1550>,<entities.processor.Processor object at 0x1180b7ee0>
153.54183000000089,0.0,89331,<entities.dtn.DTN object at 0x1180d1550>,<entities.processor.Processor object at 0x1180b7ee0>
154.54183000000089,0.0,89331,<entities.dtn.DTN object at 0x1180d1550>,<entities.processor.Processor object at 0x1180b7ee0>
155.54183000000089,0.0,89331,<entities.dtn.DTN object at 0x1180d1550>,<entities.processor.Processor object at 0x1180b7ee0>
156.54183000000089,0.0,89331,<entities.dtn.DTN object at 0x1180d1550>,<entities.processor.Processor object at 0x1180b7ee0>
157.54183000000089,0.0,89331,<entities.dtn.DTN object at 0x1180d1550>,<entities.processor.Processor object at 0x1180b7ee0>
158.54183000000089,0.0,89331,<entities.dtn.DTN object at 0x1180d1550>,<entities.processor.Processor object at 0x1180b7ee0>
159.54183000000089,0.0,89331,<entities.dtn.DTN object at 0x1180d1550>,<entities.processor.Processor object at 0x1180b7ee0>
160.54183000000089,0.0,89331,<entities.dtn.DTN object at 0x1180d1550>,<entities.processor.Processor object at 0x1180b7ee0>
161.54183000000089,0.0,89331,<entities.dtn.DTN object at 0x1180d1550>,<entities.processor.Processor object at 0x1180b7ee0>
162.54183000000089,0.0,89331,<entities.dtn.DTN object at 0x1180d1550>,<entities.processor.Processor object at 0x1180b7ee0>
163.54183000000089,0.0,89331,<entities.dtn.DTN object at 0x1180d1550>,<entities.processor.Processor object at 0x1180b7ee0>
164.54183000000089,0.0,89331,<entities.dtn.DTN object at 0x1180d1550>,<entities.processor.Processor object at 0x1180b7ee0>
165.54183000000089,0.0,89331,<entities.dtn.DTN object at 0x1180d1550>,<entities.processor.Processor object at 0x1180b7ee0>
166.54183000000089,0.0,89331,<entities.dtn.DTN object at 0x1180d1550>,<entities.processor.Processor object at 0x1180b7ee0>
167.54183000000089,0.0,89331,<entities.dtn.DTN object at 0x1180d1550>,<entities.processor.Processor object at 0x1180b7ee0>
168.54183000000089,0.0,89331,<entities.dtn.DTN object at 0x1180d1550>,<entities.processor.Processor object at 0x1180b7ee0>
169.54183000000089,0.0,89331,<entities.dtn.DTN object at 0x1180d1550>,<entities.processor.Processor object at 0x1180b7ee0>
170.54183000000089,0.0,89331,<entities.dtn.DTN object at 0x1180d1550>,<entities.processor.Processor object at 0x1180b7ee0>
171.54183000000089,0.0,89331,<entities.dtn.DTN object at 0x1180d1550>,<entities.processor.Processor object at 0x1180b7ee0>
172.54183000000089,0.0,89331,<entities.dtn.DTN object at 0x1180d1550>,<entities.processor.Processor object at 0x1180b7ee0>
173.54183000000089,0.0,89331,<entities.dtn.DTN object at 0x1180d1550>,<entities.processor.Processor object at 0x1180b7ee0>
174.54183000000089,0.0,89331,<entities.dtn.DTN object at 0x1180d1550>,<entities.processor.Processor object at 0x1180b7ee0>
175.54183000000089,0.0,89331,<entities.dtn.DTN object at 0x1180d1550>,<entities.processor.Processor object at 0x1180b7ee0>
176.54183000000089,0.0,89331,<entities.dtn.DTN object at 0x1180d1550>,<entities.processor.Processor object at 0x1180b7ee0>
177.54183000000089,0.0,89331,<entities.dtn.DTN object at 0x1180d1550>,<entities.processor.Processor object at 0x1180b7ee0>
178.54183000000089,0.0,89331,<entities.dtn.DTN object at 0x1180d1550>,<entities.processor.Processor object at 0x1180b7ee0>
179.54183000000089,0.0,89331,<entities.dtn.DTN object at 0x1180d1550>,<entities.processor.Processor object at 0x1180b7ee0>
180.54183000000089,0.0,89331,<entities.dtn.DTN object at 0x1180d1550>,<entities.processor.Processor object at 0x1180b7ee0>
181.54183000000089,0.0,89331,<entities.dtn.DTN object at 0x1180d1550>,<entities.processor.Processor object at 0x1180b7ee0>
182.54183000000089,0.0,89331,<entities.dtn.DTN object at 0x1180d1550>,<entities.processor.Processor object at 0x1180b7ee0>
183.54183000000089,0.0,89331,<entities.dtn.DTN object at 0x1180d1550>,<entities.processor.Processor object at 0x1180b7ee0>
184.54183000000089,0.0,89331,<entities.dtn.DTN object at 0x1180d1550>,<entities.processor.Processor object at 0x1180b7ee0>
185.54183000000089,0.0,89331,<entities.dtn.DTN object at 0x1180d1550>,<entities.processor.Processor object at 0x1180b7ee0>
186.54183000000089,0.0,89331,<entities.dtn.DTN object at 0x1180d1550>,<entities.processor.Processor object at 0x1180b7ee0>
187.54183000000089,0.0,89331,<entities.dtn.DTN object at 0x1180d1550>,<entities.processor.Processor object at 0x1180b7ee0>
188.54183000000089,0.0,89331,<entities.dtn.DTN object at 0x1180d1550>,<entities.processor.Processor object at 0x1180b7ee0>
189.54183000000089,0.0,89331,<entities.dtn.DTN object at 0x1180d1550>,<entities.processor.Processor object at 0x1180b7ee0>
190.54183000000089,0.0,89331,<entities.dtn.DTN object at 0x1180d1550>,<entities.processor.Processor object at 0x1180b7ee0>
191.54183000000089,0.0,89331,<entities.dtn.DTN object at 0x1180d1550>,<entities.processor.Processor object at 0x1180b7ee0>
192.54183000000089,0.0,89331,<entities.dtn.DTN object at 0x1180d1550>,<entities.processor.Processor object at 0x1180b7ee0>
193.54183000000089,0.0,89331,<entities.dtn.DTN object at 0x1180d1550>,<entities.processor.Processor object at 0x1180b7ee0>
194.54183000000089,0.0,89331,<entities.dtn.DTN object at 0x1180d1550>,<entities.processor.Processor object at 0x1180b7ee0>
195.54183000000089,0.0,89331,<entities.dtn.DTN object at 0x1180d1550>,<entities.processor.Processor object at 0x1180b7ee0>
196.54183000000089,0.0,89331,<entities.dtn.DTN object at 0x1180d1550>,<entities.processor.Processor object at 0x1180b7ee0>
197.54183000000089,0.0,89331,<entities.dtn.DTN object at 0x1180d1550>,<entities.processor.Processor object at 0x1180b7ee0>
198.54183000000089,0.0,89331,<entities.dtn.DTN object at 0x1180d1550>,<entities.processor.Processor object at 0x1180b7ee0>
199.54183000000089,0.0,89331,<entities.dtn.DTN object at 0x1180d1550>,<entities.processor.Processor object at 0x1180b7ee0>
67.96815601880375,0.0,46903,<entities.processor.Processor object at 0x1180b7ee0>,<entities.dtn.DTN object at 0x1180d1550>
68.0419600000008,0.0,53350,<entities.dtn.DTN object at 0x1180d1550>,<entities.processor.Processor object at 0x1180b7ee0>
69.0419600000008,0.0,53350,<entities.dtn.DTN object at 0x1180d1550>,<entities.processor.Processor object at 0x1180b7ee0>
70.0419600000008,0.0,53350,<entities.dtn.DTN object at 0x1180d1550>,<entities.processor.Processor object at 0x1180b7ee0>
71.0419600000008,0.0,53350,<entities.dtn.DTN object at 0x1180d1550>,<entities.processor.Processor object at 0x1180b7ee0>
72.0419600000008,0.0,53350,<entities.dtn.DTN object at 0x1180d1550>,<entities.processor.Processor object at 0x1180b7ee0>
73.0419600000008,0.0,53350,<entities.dtn.DTN object at 0x1180d1550>,<entities.processor.Processor object at 0x1180b7ee0>
74.0419600000008,0.0,53350,<entities.dtn.DTN object at 0x1180d1550>,<entities.processor.Processor object at 0x1180b7ee0>
75.0419600000008,0.0,53350,<entities.dtn.DTN object at 0x1180d1550>,<entities.processor.Processor object at 0x1180b7ee0>
76.0419600000008,0.0,53350,<entities.dtn.DTN object at 0x1180d1550>,<entities.processor.Processor object at 0x1180b7ee0>
77.0419600000008,0.0,53350,<entities.dtn.DTN object at 0x1180d1550>,<entities.processor.Processor object at 0x1180b7ee0>
78.0419600000008,0.0,53350,<entities.dtn.DTN object at 0x1180d1550>,<entities.processor.Processor object at 0x1180b7ee0>
79.0419600000008,0.0,53350,<entities.dtn.DTN object at 0x1180d1550>,<entities.processor.Processor object at 0x1180b7ee0>
80.0419600000008,0.0,53350,<entities.dtn.DTN object at 0x1180d1550>,<entities.processor.Processor object at 0x1180b7ee0>
81.0419600000008,0.0,53350,<entities.dtn.DTN object at 0x1180d1550>,<entities.processor.Processor object at 0x1180b7ee0>
82.0419600000008,0.0,53350,<entities.dtn.DTN object at 0x1180d1550>,<entities.processor.Processor object at 0x1180b7ee0>
83.0419600000008,0.0,53350,<entities.dtn.DTN object at 0x1180d1550>,<entities.processor.Processor object at 0x1180b7ee0>
84.0419600000008,0.0,53350,<entities.dtn.DTN object at 0x1180d1550>,<entities.processor.Processor object at 0x1180b7ee0>
85.0419600000008,0.0,53350,<entities.dtn.DTN object at 0x1180d1550>,<entities.processor.Processor object at 0x1180b7ee0>
86.0419600000008,0.0,53350,<entities.dtn.DTN object at 0x1180d1550>,<entities.processor.Processor object at 0x1180b7ee0>
87.0419600000008,0.0,53350,<entities.dtn.DTN object at 0x1180d1550>,<entities.processor.Processor object at 0x1180b7ee0>
88.0419600000008,0.0,53350,<entities.dtn.DTN object at 0x1180d1550>,<entities.processor.Processor object at 0x1180b7ee0>
89.0419600000008,0.0,53350,<entities.dtn.DTN object at 0x1180d1550>,<entities.processor.Processor object at 0x1180b7ee0>
90.0419600000008,0.0,53350,<entities.dtn.DTN object at 0x1180d1550>,<entities.processor.Processor object at 0x1180b7ee0>
91.0419600000008,0.0,53350,<entities.dtn.DTN object at 0x1180d1550>,<entities.processor.Processor object at 0x1180b7ee0>
92.0419600000008,0.0,53350,<entities.dtn.DTN object at 0x1180d1550>,<entities.processor.Processor object at 0x1180b7ee0>
93.0419600000008,0.0,53350,<entities.dtn.DTN object at 0x1180d1550>,<entities.processor.Processor object at 0x1180b7ee0>
94.0419600000008,0.0,53350,<entities.dtn.DTN object at 0x1180d1550>,<entities.processor.Processor object at 0x1180b7ee0>
95.0419600000008,0.0,53350,<entities.dtn.DTN object at 0x1180d1550>,<entities.processor.Processor object at 0x1180b7ee0>
96.0419600000008,0.0,53350,<entities.dtn.DTN object at 0x1180d1550>,<entities.processor.Processor object at 0x1180b7ee0>
97.0419600000008,0.0,53350,<entities.dtn.DTN object at 0x1180d1550>,<entities.processor.Processor object at 0x1180b7ee0>
98.0419600000008,0.0,53350,<entities.dtn.DTN object at 0x1180d1550>,<entities.processor.Processor object at 0x1180b7ee0>
99.0419600000008,0.0,53350,<entities.dtn.DTN object at 0x1180d1550>,<entities.processor.Processor object at 0x1180b7ee0>
100.0419600000008,0.0,53350,<entities.dtn.DTN object at 0x1180d1550>,<entities.processor.Processor object at 0x1180b7ee0>
101.0419600000008,0.0,53350,<entities.dtn.DTN object at 0x1180d1550>,<entities.processor.Processor object at 0x1180b7ee0>
102.0419600000008,0.0,53350,<entities.dtn.DTN object at 0x1180d1550>,<entities.processor.Processor object at 0x1180b7ee0>
103.0419600000008,0.0,53350,<entities.dtn.DTN object at 0x1180d1550>,<entities.processor.Processor object at 0x1180b7ee0>
104.0419600000008,0.0,53350,<entities.dtn.DTN object at 0x1180d1550>,<entities.processor.Processor object at 0x1180b7ee0>
105.0419600000008,0.0,53350,<entities.dtn.DTN object at 0x1180d1550>,<entities.processor.Processor object at 0x1180b7ee0>
106.0419600000008,0.0,53350,<entities.dtn.DTN object at 0x1180d1550>,<entities.processor.Processor object at 0x1180b7ee0>
107.0419600000008,0.0,53350,<entities.dtn.DTN object at 0x1180d1550>,<entities.processor.Processor object at 0x1180b7ee0>
108.0419600000008,0.0,53350,<entities.dtn.DTN object at 0x1180d1550>,<entities.processor.Processor object at 0x1180b7ee0>
109.0419600000008,0.0,53350,<entities.dtn.DTN object at 0x1180d1550>,<entities.processor.Processor object at 0x1180b7ee0>
110.0419600000008,0.0,53350,<entities.dtn.DTN object at 0x1180d1550>,<entities.processor.Processor object at 0x1180b7ee0>
111.0419600000008,0.0,53350,<entities.dtn.DTN object at 0x1180d1550>,<entities.processor.Processor object at 0x1180b7ee0>
112.0419600000008,0.0,53350,<entities.dtn.DTN object at 0x1180d1550>,<entities.processor.Processor object at 0x1180b7ee0>
113.0419600000008,0.0,53350,<entities.dtn.DTN object at 0x1180d1550>,<entities.processor.Processor object at 0x1180b7ee0>
114.0419600000008,0.0,53350,<entities.dtn.DTN object at 0x1180d1550>,<entities.processor.Processor object at 0x1180b7ee0>
115.0419600000008,0.0,53350,<entities.dtn.DTN object at 0x1180d1550>,<entities.processor.Processor object at 0x1180b7ee0>
116.0419600000008,0.0,53350,<entities.dtn.DTN object at 0x1180d1550>,<entities.processor.Processor object at 0x1180b7ee0>
117.0419600000008,0.0,53350,<entities.dtn.DTN object at 0x1180d1550>,<entities.processor.Processor object at 0x1180b7ee0>
118.0419600000008,0.0,53350,<entities.dtn.DTN object at 0x1180d1550>,<entities.processor.Processor object at 0x1180b7ee0>
119.0419600000008,0.0,53350,<entities.dtn.DTN object at 0x1180d1550>,<entities.processor.Processor object at 0x1180b7ee0>
120.0419600000008,0.0,53350,<entities.dtn.DTN object at 0x1180d1550>,<entities.processor.Processor object at 0x1180b7ee0>
121.0419600000008,0.0,53350,<entities.dtn.DTN object at 0x1180d1550>,<entities.processor.Processor object at 0x1180b7ee0>
122.0419600000008,0.0,53350,<entities.dtn.DTN object at 0x1180d1550>,<entities.processor.Processor object at 0x1180b7ee0>
123.0419600000008,0.0,53350,<entities.dtn.DTN object at 0x1180d1550>,<entities.processor.Processor object at 0x1180b7ee0>
124.0419600000008,0.0,53350,<entities.dtn.DTN object at 0x1180d1550>,<entities.processor.Processor object at 0x1180b7ee0>
125.0419600000008,0.0,53350,<entities.dtn.DTN object at 0x1180d1550>,<entities.processor.Processor object at 0x1180b7ee0>
126.0419600000008,0.0,53350,<entities.dtn.DTN object at 0x1180d1550>,<entities.processor.Processor object at 0x1180b7ee0>
127.0419600000008,0.0,53350,<entities.dtn.DTN object at 0x1180d1550>,<entities.processor.Processor object at 0x1180b7ee0>
128.0419600000008,0.0,53350,<entities.dtn.DTN object at 0x1180d1550>,<entities.processor.Processor object at 0x1180b7ee0>
129.0419600000008,0.0,53350,<entities.dtn.DTN object at 0x1180d1550>,<entities.processor.Processor object at 0x1180b7ee0>
130.0419600000008,0.0,53350,<entities.dtn.DTN object at 0x1180d1550>,<entities.processor.Processor object at 0x1180b7ee0>
131.0419600000008,0.0,53350,<entities.dtn.DTN object at 0x1180d1550>,<entities.processor.Processor object at 0x1180b7ee0>
132.0419600000008,0.0,53350,<entities.dtn.DTN object at 0x1180d1550>,<entities.processor.Processor object at 0x1180b7ee0>
133.0419600000008,0.0,53350,<entities.dtn.DTN object at 0x1180d1550>,<entities.processor.Processor object at 0x1180b7ee0>
134.0419600000008,0.0,53350,<entities.dtn.DTN object at 0x1180d1550>,<entities.processor.Processor object at 0x1180b7ee0>
135.0419600000008,0.0,53350,<entities.dtn.DTN object at 0x1180d1550>,<entities.processor.Processor object at 0x1180b7ee0>
136.0419600000008,0.0,53350,<entities.dtn.DTN object at 0x1180d1550>,<entities.processor.Processor object at 0x1180b7ee0>
137.0419600000008,0.0,53350,<entities.dtn.DTN object at 0x1180d1550>,<entities.processor.Processor object at 0x1180b7ee0>
138.0419600000008,0.0,53350,<entities.dtn.DTN object at 0x1180d1550>,<entities.processor.Processor object at 0x1180b7ee0>
139.0419600000008,0.0,53350,<entities.dtn.DTN object at 0x1180d1550>,<entities.processor.Processor object at 0x1180b7ee0>
140.0419600000008,0.0,53350,<entities.dtn.DTN object at 0x1180d1550>,<entities.processor.Processor object at 0x1180b7ee0>
141.0419600000008,0.0,53350,<entities.dtn.DTN object at 0x1180d1550>,<entities.processor.Processor object at 0x1180b7ee0>
142.0419600000008,0.0,53350,<entities.dtn.DTN object at 0x1180d1550>,<entities.processor.Processor object at 0x1180b7ee0>
143.0419600000008,0.0,53350,<entities.dtn.DTN object at 0x1180d1550>,<entities.processor.Processor object at 0x1180b7ee0>
144.0419600000008,0.0,53350,<entities.dtn.DTN object at 0x1180d1550>,<entities.processor.Processor object at 0x1180b7ee0>
145.0419600000008,0.0,53350,<entities.dtn.DTN object at 0x1180d1550>,<entities.processor.Processor object at 0x1180b7ee0>
146.0419600000008,0.0,53350,<entities.dtn.DTN object at 0x1180d1550>,<entities.processor.Processor object at 0x1180b7ee0>
147.0419600000008,0.0,53350,<entities.dtn.DTN object at 0x1180d1550>,<entities.processor.Processor object at 0x1180b7ee0>
148.0419600000008,0.0,53350,<entities.dtn.DTN object at 0x1180d1550>,<entities.processor.Processor object at 0x1180b7ee0>
149.0419600000008,0.0,53350,<entities.dtn.DTN object at 0x1180d1550>,<entities.processor.Processor object at 0x1180b7ee0>
150.0419600000008,0.0,53350,<entities.dtn.DTN object at 0x1180d1550>,<entities.processor.Processor object at 0x1180b7ee0>
151.0419600000008,0.0,53350,<entities.dtn.DTN object at 0x1180d1550>,<entities.processor.Processor object at 0x1180b7ee0>
152.0419600000008,0.0,53350,<entities.dtn.DTN object at 0x1180d1550>,<entities.processor.Processor object at 0x1180b7ee0>
153.0419600000008,0.0,53350,<entities.dtn.DTN object at 0x1180d1550>,<entities.processor.Processor object at 0x1180b7ee0>
154.0419600000008,0.0,53350,<entities.dtn.DTN object at 0x1180d1550>,<entities.processor.Processor object at 0x1180b7ee0>
155.0419600000008,0.0,53350,<entities.dtn.DTN object at 0x1180d1550>,<entities.processor.Processor object at 0x1180b7ee0>
156.0419600000008,0.0,53350,<entities.dtn.DTN object at 0x1180d1550>,<entities.processor.Processor object at 0x1180b7ee0>
157.0419600000008,0.0,53350,<entities.dtn.DTN object at 0x1180d1550>,<entities.processor.Processor object at 0x1180b7ee0>
158.0419600000008,0.0,53350,<entities.dtn.DTN object at 0x1180d1550>,<entities.processor.Processor object at 0x1180b7ee0>
159.0419600000008,0.0,53350,<entities.dtn.DTN object at 0x1180d1550>,<entities.processor.Processor object at 0x1180b7ee0>
160.0419600000008,0.0,53350,<entities.dtn.DTN object at 0x1180d1550>,<entities.processor.Processor object at 0x1180b7ee0>
161.0419600000008,0.0,53350,<entities.dtn.DTN object at 0x1180d1550>,<entities.processor.Processor object at 0x1180b7ee0>
162.0419600000008,0.0,53350,<entities.dtn.DTN object at 0x1180d1550>,<entities.processor.Processor object at 0x1180b7ee0>
163.0419600000008,0.0,53350,<entities.dtn.DTN object at 0x1180d1550>,<entities.processor.Processor object at 0x1180b7ee0>
164.0419600000008,0.0,53350,<entities.dtn.DTN object at 0x1180d1550>,<entities.processor.Processor object at 0x1180b7ee0>
165.0419600000008,0.0,53350,<entities.dtn.DTN object at 0x1180d1550>,<entities.processor.Processor object at 0x1180b7ee0>
166.0419600000008,0.0,53350,<entities.dtn.DTN object at 0x1180d1550>,<entities.processor.Processor object at 0x1180b7ee0>
167.0419600000008,0.0,53350,<entities.dtn.DTN object at 0x1180d1550>,<entities.processor.Processor object at 0x1180b7ee0>
168.0419600000008,0.0,53350,<entities.dtn.DTN object at 0x1180d1550>,<entities.processor.Processor object at 0x1180b7ee0>
169.0419600000008,0.0,53350,<entities.dtn.DTN object at 0x1180d1550>,<entities.processor.Processor object at 0x1180b7ee0>
170.0419600000008,0.0,53350,<entities.dtn.DTN object at 0x1180d1550>,<entities.processor.Processor object at 0x1180b7ee0>
171.0419600000008,0.0,53350,<entities.dtn.DTN object at 0x1180d1550>,<entities.processor.Processor object at 0x1180b7ee0>
172.0419600000008,0.0,53350,<entities.dtn.DTN object at 0x1180d1550>,<entities.processor.Processor object at 0x1180b7ee0>
173.0419600000008,0.0,53350,<entities.dtn.DTN object at 0x1180d1550>,<entities.processor.Processor object at 0x1180b7ee0>
174.0419600000008,0.0,53350,<entities.dtn.DTN object at 0x1180d1550>,<entities.processor.Processor object at 0x1180b7ee0>
175.0419600000008,0.0,53350,<entities.dtn.DTN object at 0x1180d1550>,<entities.processor.Processor object at 0x1180b7ee0>
176.0419600000008,0.0,53350,<entities.dtn.DTN object at 0x1180d1550>,<entities.processor.Processor object at 0x1180b7ee0>
177.0419600000008,0.0,53350,<entities.dtn.DTN object at 0x1180d1550>,<entities.processor.Processor object at 0x1180b7ee0>
178.0419600000008,0.0,53350,<entities.dtn.DTN object at 0x1180d1550>,<entities.processor.Processor object at 0x1180b7ee0>
179.0419600000008,0.0,53350,<entities.dtn.DTN object at 0x1180d1550>,<entities.processor.Processor object at 0x1180b7ee0>
180.0419600000008,0.0,53350,<entities.dtn.DTN object at 0x1180d1550>,<entities.processor.Processor object at 0x1180b7ee0>
181.0419600000008,0.0,53350,<entities.dtn.DTN object at 0x1180d1550>,<entities.processor.Processor object at 0x1180b7ee0>
182.0419600000008,0.0,53350,<entities.dtn.DTN object at 0x1180d1550>,<entities.processor.Processor object at 0x1180b7ee0>
183.0419600000008,0.0,53350,<entities.dtn.DTN object at 0x1180d1550>,<entities.processor.Processor object at 0x1180b7ee0>
184.0419600000008,0.0,53350,<entities.dtn.DTN object at 0x1180d1550>,<entities.processor.Processor object at 0x1180b7ee0>
185.0419600000008,0.0,53350,<entities.dtn.DTN object at 0x1180d1550>,<entities.processor.Processor object at 0x1180b7ee0>
186.0419600000008,0.0,53350,<entities.dtn.DTN object at 0x1180d1550>,<entities.processor.Processor object at 0x1180b7ee0>
187.0419600000008,0.0,53350,<entities.dtn.DTN object at 0x1180d1550>,<entities.processor.Processor object at 0x1180b7ee0>
188.0419600000008,0.0,53350,<entities.dtn.DTN object at 0x1180d1550>,<entities.processor.Processor object at 0x1180b7ee0>
189.0419600000008,0.0,53350,<entities.dtn.DTN object at 0x1180d1550>,<entities.processor.Processor object at 0x1180b7ee0>
190.0419600000008,0.0,53350,<entities.dtn.DTN object at 0x1180d1550>,<entities.processor.Processor object at 0x1180b7ee0>
191.0419600000008,0.0,53350,<entities.dtn.DTN object at 0x1180d1550>,<entities.processor.Processor object at 0x1180b7ee0>
192.0419600000008,0.0,53350,<entities.dtn.DTN object at 0x1180d1550>,<entities.processor.Processor object at 0x1180b7ee0>
193.0419600000008,0.0,53350,<entities.dtn.DTN object at 0x1180d1550>,<entities.processor.Processor object at 0x1180b7ee0>
194.0419600000008,0.0,53350,<entities.dtn.DTN object at 0x1180d1550>,<entities.processor.Processor object at 0x1180b7ee0>
195.0419600000008,0.0,53350,<entities.dtn.DTN object at 0x1180d1550>,<entities.processor.Processor object at 0x1180b7ee0>
196.0419600000008,0.0,53350,<entities.dtn.DTN object at 0x1180d1550>,<entities.processor.Processor object at 0x1180b7ee0>
197.0419600000008,0.0,53350,<entities.dtn.DTN object at 0x1180d1550>,<entities.processor.Processor object at 0x1180b7ee0>
198.0419600000008,0.0,53350,<entities.dtn.DTN object at 0x1180d1550>,<entities.processor.Processor object at 0x1180b7ee0>
199.0419600000008,0.0,53350,<entities.dtn.DTN object at 0x1180d1550>,<entities.processor.Processor object at 0x1180b7ee0>
71.0,0.0,94340,<entities.processor.Processor object at 0x1180b7ee0>,<entities.dtn.DTN object at 0x1180d1550>
71.04209000000063,0.0,41021,<entities.dtn.DTN object at 0x1180d1550>,<entities.processor.Processor object at 0x1180b7ee0>
72.04209000000063,0.0,41021,<entities.dtn.DTN object at 0x1180d1550>,<entities.processor.Processor object at 0x1180b7ee0>
73.04209000000063,0.0,41021,<entities.dtn.DTN object at 0x1180d1550>,<entities.processor.Processor object at 0x1180b7ee0>
74.04209000000063,0.0,41021,<entities.dtn.DTN object at 0x1180d1550>,<entities.processor.Processor object at 0x1180b7ee0>
75.04209000000063,0.0,41021,<entities.dtn.DTN object at 0x1180d1550>,<entities.processor.Processor object at 0x1180b7ee0>
76.04209000000063,0.0,41021,<entities.dtn.DTN object at 0x1180d1550>,<entities.processor.Processor object at 0x1180b7ee0>
77.04209000000063,0.0,41021,<entities.dtn.DTN object at 0x1180d1550>,<entities.processor.Processor object at 0x1180b7ee0>
78.04209000000063,0.0,41021,<entities.dtn.DTN object at 0x1180d1550>,<entities.processor.Processor object at 0x1180b7ee0>
79.04209000000063,0.0,41021,<entities.dtn.DTN object at 0x1180d1550>,<entities.processor.Processor object at 0x1180b7ee0>
80.04209000000063,0.0,41021,<entities.dtn.DTN object at 0x1180d1550>,<entities.processor.Processor object at 0x1180b7ee0>
81.04209000000063,0.0,41021,<entities.dtn.DTN object at 0x1180d1550>,<entities.processor.Processor object at 0x1180b7ee0>
82.04209000000063,0.0,41021,<entities.dtn.DTN object at 0x1180d1550>,<entities.processor.Processor object at 0x1180b7ee0>
83.04209000000063,0.0,41021,<entities.dtn.DTN object at 0x1180d1550>,<entities.processor.Processor object at 0x1180b7ee0>
84.04209000000063,0.0,41021,<entities.dtn.DTN object at 0x1180d1550>,<entities.processor.Processor object at 0x1180b7ee0>
85.04209000000063,0.0,41021,<entities.dtn.DTN object at 0x1180d1550>,<entities.processor.Processor object at 0x1180b7ee0>
86.04209000000063,0.0,41021,<entities.dtn.DTN object at 0x1180d1550>,<entities.processor.Processor object at 0x1180b7ee0>
87.04209000000063,0.0,41021,<entities.dtn.DTN object at 0x1180d1550>,<entities.processor.Processor object at 0x1180b7ee0>
88.04209000000063,0.0,41021,<entities.dtn.DTN object at 0x1180d1550>,<entities.processor.Processor object at 0x1180b7ee0>
89.04209000000063,0.0,41021,<entities.dtn.DTN object at 0x1180d1550>,<entities.processor.Processor object at 0x1180b7ee0>
90.04209000000063,0.0,41021,<entities.dtn.DTN object at 0x1180d1550>,<entities.processor.Processor object at 0x1180b7ee0>
91.04209000000063,0.0,41021,<entities.dtn.DTN object at 0x1180d1550>,<entities.processor.Processor object at 0x1180b7ee0>
92.04209000000063,0.0,41021,<entities.dtn.DTN object at 0x1180d1550>,<entities.processor.Processor object at 0x1180b7ee0>
93.04209000000063,0.0,41021,<entities.dtn.DTN object at 0x1180d1550>,<entities.processor.Processor object at 0x1180b7ee0>
94.04209000000063,0.0,41021,<entities.dtn.DTN object at 0x1180d1550>,<entities.processor.Processor object at 0x1180b7ee0>
95.04209000000063,0.0,41021,<entities.dtn.DTN object at 0x1180d1550>,<entities.processor.Processor object at 0x1180b7ee0>
96.04209000000063,0.0,41021,<entities.dtn.DTN object at 0x1180d1550>,<entities.processor.Processor object at 0x1180b7ee0>
97.04209000000063,0.0,41021,<entities.dtn.DTN object at 0x1180d1550>,<entities.processor.Processor object at 0x1180b7ee0>
98.04209000000063,0.0,41021,<entities.dtn.DTN object at 0x1180d1550>,<entities.processor.Processor object at 0x1180b7ee0>
99.04209000000063,0.0,41021,<entities.dtn.DTN object at 0x1180d1550>,<entities.processor.Processor object at 0x1180b7ee0>
100.04209000000063,0.0,41021,<entities.dtn.DTN object at 0x1180d1550>,<entities.processor.Processor object at 0x1180b7ee0>
101.04209000000063,0.0,41021,<entities.dtn.DTN object at 0x1180d1550>,<entities.processor.Processor object at 0x1180b7ee0>
102.04209000000063,0.0,41021,<entities.dtn.DTN object at 0x1180d1550>,<entities.processor.Processor object at 0x1180b7ee0>
103.04209000000063,0.0,41021,<entities.dtn.DTN object at 0x1180d1550>,<entities.processor.Processor object at 0x1180b7ee0>
104.04209000000063,0.0,41021,<entities.dtn.DTN object at 0x1180d1550>,<entities.processor.Processor object at 0x1180b7ee0>
105.04209000000063,0.0,41021,<entities.dtn.DTN object at 0x1180d1550>,<entities.processor.Processor object at 0x1180b7ee0>
106.04209000000063,0.0,41021,<entities.dtn.DTN object at 0x1180d1550>,<entities.processor.Processor object at 0x1180b7ee0>
107.04209000000063,0.0,41021,<entities.dtn.DTN object at 0x1180d1550>,<entities.processor.Processor object at 0x1180b7ee0>
108.04209000000063,0.0,41021,<entities.dtn.DTN object at 0x1180d1550>,<entities.processor.Processor object at 0x1180b7ee0>
109.04209000000063,0.0,41021,<entities.dtn.DTN object at 0x1180d1550>,<entities.processor.Processor object at 0x1180b7ee0>
110.04209000000063,0.0,41021,<entities.dtn.DTN object at 0x1180d1550>,<entities.processor.Processor object at 0x1180b7ee0>
111.04209000000063,0.0,41021,<entities.dtn.DTN object at 0x1180d1550>,<entities.processor.Processor object at 0x1180b7ee0>
112.04209000000063,0.0,41021,<entities.dtn.DTN object at 0x1180d1550>,<entities.processor.Processor object at 0x1180b7ee0>
113.04209000000063,0.0,41021,<entities.dtn.DTN object at 0x1180d1550>,<entities.processor.Processor object at 0x1180b7ee0>
114.04209000000063,0.0,41021,<entities.dtn.DTN object at 0x1180d1550>,<entities.processor.Processor object at 0x1180b7ee0>
115.04209000000063,0.0,41021,<entities.dtn.DTN object at 0x1180d1550>,<entities.processor.Processor object at 0x1180b7ee0>
116.04209000000063,0.0,41021,<entities.dtn.DTN object at 0x1180d1550>,<entities.processor.Processor object at 0x1180b7ee0>
117.04209000000063,0.0,41021,<entities.dtn.DTN object at 0x1180d1550>,<entities.processor.Processor object at 0x1180b7ee0>
118.04209000000063,0.0,41021,<entities.dtn.DTN object at 0x1180d1550>,<entities.processor.Processor object at 0x1180b7ee0>
119.04209000000063,0.0,41021,<entities.dtn.DTN object at 0x1180d1550>,<entities.processor.Processor object at 0x1180b7ee0>
120.04209000000063,0.0,41021,<entities.dtn.DTN object at 0x1180d1550>,<entities.processor.Processor object at 0x1180b7ee0>
121.04209000000063,0.0,41021,<entities.dtn.DTN object at 0x1180d1550>,<entities.processor.Processor object at 0x1180b7ee0>
122.04209000000063,0.0,41021,<entities.dtn.DTN object at 0x1180d1550>,<entities.processor.Processor object at 0x1180b7ee0>
123.04209000000063,0.0,41021,<entities.dtn.DTN object at 0x1180d1550>,<entities.processor.Processor object at 0x1180b7ee0>
124.04209000000063,0.0,41021,<entities.dtn.DTN object at 0x1180d1550>,<entities.processor.Processor object at 0x1180b7ee0>
125.04209000000063,0.0,41021,<entities.dtn.DTN object at 0x1180d1550>,<entities.processor.Processor object at 0x1180b7ee0>
126.04209000000063,0.0,41021,<entities.dtn.DTN object at 0x1180d1550>,<entities.processor.Processor object at 0x1180b7ee0>
127.04209000000063,0.0,41021,<entities.dtn.DTN object at 0x1180d1550>,<entities.processor.Processor object at 0x1180b7ee0>
128.04209000000063,0.0,41021,<entities.dtn.DTN object at 0x1180d1550>,<entities.processor.Processor object at 0x1180b7ee0>
129.04209000000063,0.0,41021,<entities.dtn.DTN object at 0x1180d1550>,<entities.processor.Processor object at 0x1180b7ee0>
130.04209000000063,0.0,41021,<entities.dtn.DTN object at 0x1180d1550>,<entities.processor.Processor object at 0x1180b7ee0>
131.04209000000063,0.0,41021,<entities.dtn.DTN object at 0x1180d1550>,<entities.processor.Processor object at 0x1180b7ee0>
132.04209000000063,0.0,41021,<entities.dtn.DTN object at 0x1180d1550>,<entities.processor.Processor object at 0x1180b7ee0>
133.04209000000063,0.0,41021,<entities.dtn.DTN object at 0x1180d1550>,<entities.processor.Processor object at 0x1180b7ee0>
134.04209000000063,0.0,41021,<entities.dtn.DTN object at 0x1180d1550>,<entities.processor.Processor object at 0x1180b7ee0>
135.04209000000063,0.0,41021,<entities.dtn.DTN object at 0x1180d1550>,<entities.processor.Processor object at 0x1180b7ee0>
136.04209000000063,0.0,41021,<entities.dtn.DTN object at 0x1180d1550>,<entities.processor.Processor object at 0x1180b7ee0>
137.04209000000063,0.0,41021,<entities.dtn.DTN object at 0x1180d1550>,<entities.processor.Processor object at 0x1180b7ee0>
138.04209000000063,0.0,41021,<entities.dtn.DTN object at 0x1180d1550>,<entities.processor.Processor object at 0x1180b7ee0>
139.04209000000063,0.0,41021,<entities.dtn.DTN object at 0x1180d1550>,<entities.processor.Processor object at 0x1180b7ee0>
140.04209000000063,0.0,41021,<entities.dtn.DTN object at 0x1180d1550>,<entities.processor.Processor object at 0x1180b7ee0>
141.04209000000063,0.0,41021,<entities.dtn.DTN object at 0x1180d1550>,<entities.processor.Processor object at 0x1180b7ee0>
142.04209000000063,0.0,41021,<entities.dtn.DTN object at 0x1180d1550>,<entities.processor.Processor object at 0x1180b7ee0>
143.04209000000063,0.0,41021,<entities.dtn.DTN object at 0x1180d1550>,<entities.processor.Processor object at 0x1180b7ee0>
144.04209000000063,0.0,41021,<entities.dtn.DTN object at 0x1180d1550>,<entities.processor.Processor object at 0x1180b7ee0>
145.04209000000063,0.0,41021,<entities.dtn.DTN object at 0x1180d1550>,<entities.processor.Processor object at 0x1180b7ee0>
146.04209000000063,0.0,41021,<entities.dtn.DTN object at 0x1180d1550>,<entities.processor.Processor object at 0x1180b7ee0>
147.04209000000063,0.0,41021,<entities.dtn.DTN object at 0x1180d1550>,<entities.processor.Processor object at 0x1180b7ee0>
148.04209000000063,0.0,41021,<entities.dtn.DTN object at 0x1180d1550>,<entities.processor.Processor object at 0x1180b7ee0>
149.04209000000063,0.0,41021,<entities.dtn.DTN object at 0x1180d1550>,<entities.processor.Processor object at 0x1180b7ee0>
150.04209000000063,0.0,41021,<entities.dtn.DTN object at 0x1180d1550>,<entities.processor.Processor object at 0x1180b7ee0>
151.04209000000063,0.0,41021,<entities.dtn.DTN object at 0x1180d1550>,<entities.processor.Processor object at 0x1180b7ee0>
152.04209000000063,0.0,41021,<entities.dtn.DTN object at 0x1180d1550>,<entities.processor.Processor object at 0x1180b7ee0>
153.04209000000063,0.0,41021,<entities.dtn.DTN object at 0x1180d1550>,<entities.processor.Processor object at 0x1180b7ee0>
154.04209000000063,0.0,41021,<entities.dtn.DTN object at 0x1180d1550>,<entities.processor.Processor object at 0x1180b7ee0>
155.04209000000063,0.0,41021,<entities.dtn.DTN object at 0x1180d1550>,<entities.processor.Processor object at 0x1180b7ee0>
156.04209000000063,0.0,41021,<entities.dtn.DTN object at 0x1180d1550>,<entities.processor.Processor object at 0x1180b7ee0>
157.04209000000063,0.0,41021,<entities.dtn.DTN object at 0x1180d1550>,<entities.processor.Processor object at 0x1180b7ee0>
158.04209000000063,0.0,41021,<entities.dtn.DTN object at 0x1180d1550>,<entities.processor.Processor object at 0x1180b7ee0>
159.04209000000063,0.0,41021,<entities.dtn.DTN object at 0x1180d1550>,<entities.processor.Processor object at 0x1180b7ee0>
160.04209000000063,0.0,41021,<entities.dtn.DTN object at 0x1180d1550>,<entities.processor.Processor object at 0x1180b7ee0>
161.04209000000063,0.0,41021,<entities.dtn.DTN object at 0x1180d1550>,<entities.processor.Processor object at 0x1180b7ee0>
162.04209000000063,0.0,41021,<entities.dtn.DTN object at 0x1180d1550>,<entities.processor.Processor object at 0x1180b7ee0>
163.04209000000063,0.0,41021,<entities.dtn.DTN object at 0x1180d1550>,<entities.processor.Processor object at 0x1180b7ee0>
164.04209000000063,0.0,41021,<entities.dtn.DTN object at 0x1180d1550>,<entities.processor.Processor object at 0x1180b7ee0>
165.04209000000063,0.0,41021,<entities.dtn.DTN object at 0x1180d1550>,<entities.processor.Processor object at 0x1180b7ee0>
166.04209000000063,0.0,41021,<entities.dtn.DTN object at 0x1180d1550>,<entities.processor.Processor object at 0x1180b7ee0>
167.04209000000063,0.0,41021,<entities.dtn.DTN object at 0x1180d1550>,<entities.processor.Processor object at 0x1180b7ee0>
168.04209000000063,0.0,41021,<entities.dtn.DTN object at 0x1180d1550>,<entities.processor.Processor object at 0x1180b7ee0>
169.04209000000063,0.0,41021,<entities.dtn.DTN object at 0x1180d1550>,<entities.processor.Processor object at 0x1180b7ee0>
170.04209000000063,0.0,41021,<entities.dtn.DTN object at 0x1180d1550>,<entities.processor.Processor object at 0x1180b7ee0>
171.04209000000063,0.0,41021,<entities.dtn.DTN object at 0x1180d1550>,<entities.processor.Processor object at 0x1180b7ee0>
172.04209000000063,0.0,41021,<entities.dtn.DTN object at 0x1180d1550>,<entities.processor.Processor object at 0x1180b7ee0>
173.04209000000063,0.0,41021,<entities.dtn.DTN object at 0x1180d1550>,<entities.processor.Processor object at 0x1180b7ee0>
174.04209000000063,0.0,41021,<entities.dtn.DTN object at 0x1180d1550>,<entities.processor.Processor object at 0x1180b7ee0>
175.04209000000063,0.0,41021,<entities.dtn.DTN object at 0x1180d1550>,<entities.processor.Processor object at 0x1180b7ee0>
176.04209000000063,0.0,41021,<entities.dtn.DTN object at 0x1180d1550>,<entities.processor.Processor object at 0x1180b7ee0>
177.04209000000063,0.0,41021,<entities.dtn.DTN object at 0x1180d1550>,<entities.processor.Processor object at 0x1180b7ee0>
178.04209000000063,0.0,41021,<entities.dtn.DTN object at 0x1180d1550>,<entities.processor.Processor object at 0x1180b7ee0>
179.04209000000063,0.0,41021,<entities.dtn.DTN object at 0x1180d1550>,<entities.processor.Processor object at 0x1180b7ee0>
180.04209000000063,0.0,41021,<entities.dtn.DTN object at 0x1180d1550>,<entities.processor.Processor object at 0x1180b7ee0>
181.04209000000063,0.0,41021,<entities.dtn.DTN object at 0x1180d1550>,<entities.processor.Processor object at 0x1180b7ee0>
182.04209000000063,0.0,41021,<entities.dtn.DTN object at 0x1180d1550>,<entities.processor.Processor object at 0x1180b7ee0>
183.04209000000063,0.0,41021,<entities.dtn.DTN object at 0x1180d1550>,<entities.processor.Processor object at 0x1180b7ee0>
184.04209000000063,0.0,41021,<entities.dtn.DTN object at 0x1180d1550>,<entities.processor.Processor object at 0x1180b7ee0>
185.04209000000063,0.0,41021,<entities.dtn.DTN object at 0x1180d1550>,<entities.processor.Processor object at 0x1180b7ee0>
186.04209000000063,0.0,41021,<entities.dtn.DTN object at 0x1180d1550>,<entities.processor.Processor object at 0x1180b7ee0>
187.04209000000063,0.0,41021,<entities.dtn.DTN object at 0x1180d1550>,<entities.processor.Processor object at 0x1180b7ee0>
188.04209000000063,0.0,41021,<entities.dtn.DTN object at 0x1180d1550>,<entities.processor.Processor object at 0x1180b7ee0>
189.04209000000063,0.0,41021,<entities.dtn.DTN object at 0x1180d1550>,<entities.processor.Processor object at 0x1180b7ee0>
190.04209000000063,0.0,41021,<entities.dtn.DTN object at 0x1180d1550>,<entities.processor.Processor object at 0x1180b7ee0>
191.04209000000063,0.0,41021,<entities.dtn.DTN object at 0x1180d1550>,<entities.processor.Processor object at 0x1180b7ee0>
192.04209000000063,0.0,41021,<entities.dtn.DTN object at 0x1180d1550>,<entities.processor.Processor object at 0x1180b7ee0>
193.04209000000063,0.0,41021,<entities.dtn.DTN object at 0x1180d1550>,<entities.processor.Processor object at 0x1180b7ee0>
194.04209000000063,0.0,41021,<entities.dtn.DTN object at 0x1180d1550>,<entities.processor.Processor object at 0x1180b7ee0>
195.04209000000063,0.0,41021,<entities.dtn.DTN object at 0x1180d1550>,<entities.processor.Processor object at 0x1180b7ee0>
196.04209000000063,0.0,41021,<entities.dtn.DTN object at 0x1180d1550>,<entities.processor.Processor object at 0x1180b7ee0>
197.04209000000063,0.0,41021,<entities.dtn.DTN object at 0x1180d1550>,<entities.processor.Processor object at 0x1180b7ee0>
198.04209000000063,0.0,41021,<entities.dtn.DTN object at 0x1180d1550>,<entities.processor.Processor object at 0x1180b7ee0>
199.04209000000063,0.0,41021,<entities.dtn.DTN object at 0x1180d1550>,<entities.processor.Processor object at 0x1180b7ee0>
71.46815601880375,0.0,70593,<entities.processor.Processor object at 0x1180b7ee0>,<entities.dtn.DTN object at 0x1180d1550>
71.5,0.0,26868,<entities.processor.Processor object at 0x1180b7ee0>,<entities.dtn.DTN object at 0x1180d1550>
71.5422200000006,0.0,1461,<entities.dtn.DTN object at 0x1180d1550>,<entities.processor.Processor object at 0x1180b7ee0>
72.5422200000006,0.0,1461,<entities.dtn.DTN object at 0x1180d1550>,<entities.processor.Processor object at 0x1180b7ee0>
73.5422200000006,0.0,1461,<entities.dtn.DTN object at 0x1180d1550>,<entities.processor.Processor object at 0x1180b7ee0>
74.5422200000006,0.0,1461,<entities.dtn.DTN object at 0x1180d1550>,<entities.processor.Processor object at 0x1180b7ee0>
75.5422200000006,0.0,1461,<entities.dtn.DTN object at 0x1180d1550>,<entities.processor.Processor object at 0x1180b7ee0>
76.5422200000006,0.0,1461,<entities.dtn.DTN object at 0x1180d1550>,<entities.processor.Processor object at 0x1180b7ee0>
77.5422200000006,0.0,1461,<entities.dtn.DTN object at 0x1180d1550>,<entities.processor.Processor object at 0x1180b7ee0>
78.5422200000006,0.0,1461,<entities.dtn.DTN object at 0x1180d1550>,<entities.processor.Processor object at 0x1180b7ee0>
79.5422200000006,0.0,1461,<entities.dtn.DTN object at 0x1180d1550>,<entities.processor.Processor object at 0x1180b7ee0>
80.5422200000006,0.0,1461,<entities.dtn.DTN object at 0x1180d1550>,<entities.processor.Processor object at 0x1180b7ee0>
81.5422200000006,0.0,1461,<entities.dtn.DTN object at 0x1180d1550>,<entities.processor.Processor object at 0x1180b7ee0>
82.5422200000006,0.0,1461,<entities.dtn.DTN object at 0x1180d1550>,<entities.processor.Processor object at 0x1180b7ee0>
83.5422200000006,0.0,1461,<entities.dtn.DTN object at 0x1180d1550>,<entities.processor.Processor object at 0x1180b7ee0>
84.5422200000006,0.0,1461,<entities.dtn.DTN object at 0x1180d1550>,<entities.processor.Processor object at 0x1180b7ee0>
85.5422200000006,0.0,1461,<entities.dtn.DTN object at 0x1180d1550>,<entities.processor.Processor object at 0x1180b7ee0>
86.5422200000006,0.0,1461,<entities.dtn.DTN object at 0x1180d1550>,<entities.processor.Processor object at 0x1180b7ee0>
87.5422200000006,0.0,1461,<entities.dtn.DTN object at 0x1180d1550>,<entities.processor.Processor object at 0x1180b7ee0>
88.5422200000006,0.0,1461,<entities.dtn.DTN object at 0x1180d1550>,<entities.processor.Processor object at 0x1180b7ee0>
89.5422200000006,0.0,1461,<entities.dtn.DTN object at 0x1180d1550>,<entities.processor.Processor object at 0x1180b7ee0>
90.5422200000006,0.0,1461,<entities.dtn.DTN object at 0x1180d1550>,<entities.processor.Processor object at 0x1180b7ee0>
91.5422200000006,0.0,1461,<entities.dtn.DTN object at 0x1180d1550>,<entities.processor.Processor object at 0x1180b7ee0>
92.5422200000006,0.0,1461,<entities.dtn.DTN object at 0x1180d1550>,<entities.processor.Processor object at 0x1180b7ee0>
93.5422200000006,0.0,1461,<entities.dtn.DTN object at 0x1180d1550>,<entities.processor.Processor object at 0x1180b7ee0>
94.5422200000006,0.0,1461,<entities.dtn.DTN object at 0x1180d1550>,<entities.processor.Processor object at 0x1180b7ee0>
95.5422200000006,0.0,1461,<entities.dtn.DTN object at 0x1180d1550>,<entities.processor.Processor object at 0x1180b7ee0>
96.5422200000006,0.0,1461,<entities.dtn.DTN object at 0x1180d1550>,<entities.processor.Processor object at 0x1180b7ee0>
97.5422200000006,0.0,1461,<entities.dtn.DTN object at 0x1180d1550>,<entities.processor.Processor object at 0x1180b7ee0>
98.5422200000006,0.0,1461,<entities.dtn.DTN object at 0x1180d1550>,<entities.processor.Processor object at 0x1180b7ee0>
99.5422200000006,0.0,1461,<entities.dtn.DTN object at 0x1180d1550>,<entities.processor.Processor object at 0x1180b7ee0>
100.5422200000006,0.0,1461,<entities.dtn.DTN object at 0x1180d1550>,<entities.processor.Processor object at 0x1180b7ee0>
101.5422200000006,0.0,1461,<entities.dtn.DTN object at 0x1180d1550>,<entities.processor.Processor object at 0x1180b7ee0>
102.5422200000006,0.0,1461,<entities.dtn.DTN object at 0x1180d1550>,<entities.processor.Processor object at 0x1180b7ee0>
103.5422200000006,0.0,1461,<entities.dtn.DTN object at 0x1180d1550>,<entities.processor.Processor object at 0x1180b7ee0>
104.5422200000006,0.0,1461,<entities.dtn.DTN object at 0x1180d1550>,<entities.processor.Processor object at 0x1180b7ee0>
105.5422200000006,0.0,1461,<entities.dtn.DTN object at 0x1180d1550>,<entities.processor.Processor object at 0x1180b7ee0>
106.5422200000006,0.0,1461,<entities.dtn.DTN object at 0x1180d1550>,<entities.processor.Processor object at 0x1180b7ee0>
107.5422200000006,0.0,1461,<entities.dtn.DTN object at 0x1180d1550>,<entities.processor.Processor object at 0x1180b7ee0>
108.5422200000006,0.0,1461,<entities.dtn.DTN object at 0x1180d1550>,<entities.processor.Processor object at 0x1180b7ee0>
109.5422200000006,0.0,1461,<entities.dtn.DTN object at 0x1180d1550>,<entities.processor.Processor object at 0x1180b7ee0>
110.5422200000006,0.0,1461,<entities.dtn.DTN object at 0x1180d1550>,<entities.processor.Processor object at 0x1180b7ee0>
111.5422200000006,0.0,1461,<entities.dtn.DTN object at 0x1180d1550>,<entities.processor.Processor object at 0x1180b7ee0>
112.5422200000006,0.0,1461,<entities.dtn.DTN object at 0x1180d1550>,<entities.processor.Processor object at 0x1180b7ee0>
113.5422200000006,0.0,1461,<entities.dtn.DTN object at 0x1180d1550>,<entities.processor.Processor object at 0x1180b7ee0>
114.5422200000006,0.0,1461,<entities.dtn.DTN object at 0x1180d1550>,<entities.processor.Processor object at 0x1180b7ee0>
115.5422200000006,0.0,1461,<entities.dtn.DTN object at 0x1180d1550>,<entities.processor.Processor object at 0x1180b7ee0>
116.5422200000006,0.0,1461,<entities.dtn.DTN object at 0x1180d1550>,<entities.processor.Processor object at 0x1180b7ee0>
117.5422200000006,0.0,1461,<entities.dtn.DTN object at 0x1180d1550>,<entities.processor.Processor object at 0x1180b7ee0>
118.5422200000006,0.0,1461,<entities.dtn.DTN object at 0x1180d1550>,<entities.processor.Processor object at 0x1180b7ee0>
119.5422200000006,0.0,1461,<entities.dtn.DTN object at 0x1180d1550>,<entities.processor.Processor object at 0x1180b7ee0>
120.5422200000006,0.0,1461,<entities.dtn.DTN object at 0x1180d1550>,<entities.processor.Processor object at 0x1180b7ee0>
121.5422200000006,0.0,1461,<entities.dtn.DTN object at 0x1180d1550>,<entities.processor.Processor object at 0x1180b7ee0>
122.5422200000006,0.0,1461,<entities.dtn.DTN object at 0x1180d1550>,<entities.processor.Processor object at 0x1180b7ee0>
123.5422200000006,0.0,1461,<entities.dtn.DTN object at 0x1180d1550>,<entities.processor.Processor object at 0x1180b7ee0>
124.5422200000006,0.0,1461,<entities.dtn.DTN object at 0x1180d1550>,<entities.processor.Processor object at 0x1180b7ee0>
125.5422200000006,0.0,1461,<entities.dtn.DTN object at 0x1180d1550>,<entities.processor.Processor object at 0x1180b7ee0>
126.5422200000006,0.0,1461,<entities.dtn.DTN object at 0x1180d1550>,<entities.processor.Processor object at 0x1180b7ee0>
127.5422200000006,0.0,1461,<entities.dtn.DTN object at 0x1180d1550>,<entities.processor.Processor object at 0x1180b7ee0>
128.5422200000006,0.0,1461,<entities.dtn.DTN object at 0x1180d1550>,<entities.processor.Processor object at 0x1180b7ee0>
129.5422200000006,0.0,1461,<entities.dtn.DTN object at 0x1180d1550>,<entities.processor.Processor object at 0x1180b7ee0>
130.5422200000006,0.0,1461,<entities.dtn.DTN object at 0x1180d1550>,<entities.processor.Processor object at 0x1180b7ee0>
131.5422200000006,0.0,1461,<entities.dtn.DTN object at 0x1180d1550>,<entities.processor.Processor object at 0x1180b7ee0>
132.5422200000006,0.0,1461,<entities.dtn.DTN object at 0x1180d1550>,<entities.processor.Processor object at 0x1180b7ee0>
133.5422200000006,0.0,1461,<entities.dtn.DTN object at 0x1180d1550>,<entities.processor.Processor object at 0x1180b7ee0>
134.5422200000006,0.0,1461,<entities.dtn.DTN object at 0x1180d1550>,<entities.processor.Processor object at 0x1180b7ee0>
135.5422200000006,0.0,1461,<entities.dtn.DTN object at 0x1180d1550>,<entities.processor.Processor object at 0x1180b7ee0>
136.5422200000006,0.0,1461,<entities.dtn.DTN object at 0x1180d1550>,<entities.processor.Processor object at 0x1180b7ee0>
137.5422200000006,0.0,1461,<entities.dtn.DTN object at 0x1180d1550>,<entities.processor.Processor object at 0x1180b7ee0>
138.5422200000006,0.0,1461,<entities.dtn.DTN object at 0x1180d1550>,<entities.processor.Processor object at 0x1180b7ee0>
139.5422200000006,0.0,1461,<entities.dtn.DTN object at 0x1180d1550>,<entities.processor.Processor object at 0x1180b7ee0>
140.5422200000006,0.0,1461,<entities.dtn.DTN object at 0x1180d1550>,<entities.processor.Processor object at 0x1180b7ee0>
141.5422200000006,0.0,1461,<entities.dtn.DTN object at 0x1180d1550>,<entities.processor.Processor object at 0x1180b7ee0>
142.5422200000006,0.0,1461,<entities.dtn.DTN object at 0x1180d1550>,<entities.processor.Processor object at 0x1180b7ee0>
143.5422200000006,0.0,1461,<entities.dtn.DTN object at 0x1180d1550>,<entities.processor.Processor object at 0x1180b7ee0>
144.5422200000006,0.0,1461,<entities.dtn.DTN object at 0x1180d1550>,<entities.processor.Processor object at 0x1180b7ee0>
145.5422200000006,0.0,1461,<entities.dtn.DTN object at 0x1180d1550>,<entities.processor.Processor object at 0x1180b7ee0>
146.5422200000006,0.0,1461,<entities.dtn.DTN object at 0x1180d1550>,<entities.processor.Processor object at 0x1180b7ee0>
147.5422200000006,0.0,1461,<entities.dtn.DTN object at 0x1180d1550>,<entities.processor.Processor object at 0x1180b7ee0>
148.5422200000006,0.0,1461,<entities.dtn.DTN object at 0x1180d1550>,<entities.processor.Processor object at 0x1180b7ee0>
149.5422200000006,0.0,1461,<entities.dtn.DTN object at 0x1180d1550>,<entities.processor.Processor object at 0x1180b7ee0>
150.5422200000006,0.0,1461,<entities.dtn.DTN object at 0x1180d1550>,<entities.processor.Processor object at 0x1180b7ee0>
151.5422200000006,0.0,1461,<entities.dtn.DTN object at 0x1180d1550>,<entities.processor.Processor object at 0x1180b7ee0>
152.5422200000006,0.0,1461,<entities.dtn.DTN object at 0x1180d1550>,<entities.processor.Processor object at 0x1180b7ee0>
153.5422200000006,0.0,1461,<entities.dtn.DTN object at 0x1180d1550>,<entities.processor.Processor object at 0x1180b7ee0>
154.5422200000006,0.0,1461,<entities.dtn.DTN object at 0x1180d1550>,<entities.processor.Processor object at 0x1180b7ee0>
155.5422200000006,0.0,1461,<entities.dtn.DTN object at 0x1180d1550>,<entities.processor.Processor object at 0x1180b7ee0>
156.5422200000006,0.0,1461,<entities.dtn.DTN object at 0x1180d1550>,<entities.processor.Processor object at 0x1180b7ee0>
157.5422200000006,0.0,1461,<entities.dtn.DTN object at 0x1180d1550>,<entities.processor.Processor object at 0x1180b7ee0>
158.5422200000006,0.0,1461,<entities.dtn.DTN object at 0x1180d1550>,<entities.processor.Processor object at 0x1180b7ee0>
159.5422200000006,0.0,1461,<entities.dtn.DTN object at 0x1180d1550>,<entities.processor.Processor object at 0x1180b7ee0>
160.5422200000006,0.0,1461,<entities.dtn.DTN object at 0x1180d1550>,<entities.processor.Processor object at 0x1180b7ee0>
161.5422200000006,0.0,1461,<entities.dtn.DTN object at 0x1180d1550>,<entities.processor.Processor object at 0x1180b7ee0>
162.5422200000006,0.0,1461,<entities.dtn.DTN object at 0x1180d1550>,<entities.processor.Processor object at 0x1180b7ee0>
163.5422200000006,0.0,1461,<entities.dtn.DTN object at 0x1180d1550>,<entities.processor.Processor object at 0x1180b7ee0>
164.5422200000006,0.0,1461,<entities.dtn.DTN object at 0x1180d1550>,<entities.processor.Processor object at 0x1180b7ee0>
165.5422200000006,0.0,1461,<entities.dtn.DTN object at 0x1180d1550>,<entities.processor.Processor object at 0x1180b7ee0>
166.5422200000006,0.0,1461,<entities.dtn.DTN object at 0x1180d1550>,<entities.processor.Processor object at 0x1180b7ee0>
167.5422200000006,0.0,1461,<entities.dtn.DTN object at 0x1180d1550>,<entities.processor.Processor object at 0x1180b7ee0>
168.5422200000006,0.0,1461,<entities.dtn.DTN object at 0x1180d1550>,<entities.processor.Processor object at 0x1180b7ee0>
169.5422200000006,0.0,1461,<entities.dtn.DTN object at 0x1180d1550>,<entities.processor.Processor object at 0x1180b7ee0>
170.5422200000006,0.0,1461,<entities.dtn.DTN object at 0x1180d1550>,<entities.processor.Processor object at 0x1180b7ee0>
171.5422200000006,0.0,1461,<entities.dtn.DTN object at 0x1180d1550>,<entities.processor.Processor object at 0x1180b7ee0>
172.5422200000006,0.0,1461,<entities.dtn.DTN object at 0x1180d1550>,<entities.processor.Processor object at 0x1180b7ee0>
173.5422200000006,0.0,1461,<entities.dtn.DTN object at 0x1180d1550>,<entities.processor.Processor object at 0x1180b7ee0>
174.5422200000006,0.0,1461,<entities.dtn.DTN object at 0x1180d1550>,<entities.processor.Processor object at 0x1180b7ee0>
175.5422200000006,0.0,1461,<entities.dtn.DTN object at 0x1180d1550>,<entities.processor.Processor object at 0x1180b7ee0>
176.5422200000006,0.0,1461,<entities.dtn.DTN object at 0x1180d1550>,<entities.processor.Processor object at 0x1180b7ee0>
177.5422200000006,0.0,1461,<entities.dtn.DTN object at 0x1180d1550>,<entities.processor.Processor object at 0x1180b7ee0>
178.5422200000006,0.0,1461,<entities.dtn.DTN object at 0x1180d1550>,<entities.processor.Processor object at 0x1180b7ee0>
179.5422200000006,0.0,1461,<entities.dtn.DTN object at 0x1180d1550>,<entities.processor.Processor object at 0x1180b7ee0>
180.5422200000006,0.0,1461,<entities.dtn.DTN object at 0x1180d1550>,<entities.processor.Processor object at 0x1180b7ee0>
181.5422200000006,0.0,1461,<entities.dtn.DTN object at 0x1180d1550>,<entities.processor.Processor object at 0x1180b7ee0>
182.5422200000006,0.0,1461,<entities.dtn.DTN object at 0x1180d1550>,<entities.processor.Processor object at 0x1180b7ee0>
183.5422200000006,0.0,1461,<entities.dtn.DTN object at 0x1180d1550>,<entities.processor.Processor object at 0x1180b7ee0>
184.5422200000006,0.0,1461,<entities.dtn.DTN object at 0x1180d1550>,<entities.processor.Processor object at 0x1180b7ee0>
185.5422200000006,0.0,1461,<entities.dtn.DTN object at 0x1180d1550>,<entities.processor.Processor object at 0x1180b7ee0>
186.5422200000006,0.0,1461,<entities.dtn.DTN object at 0x1180d1550>,<entities.processor.Processor object at 0x1180b7ee0>
187.5422200000006,0.0,1461,<entities.dtn.DTN object at 0x1180d1550>,<entities.processor.Processor object at 0x1180b7ee0>
188.5422200000006,0.0,1461,<entities.dtn.DTN object at 0x1180d1550>,<entities.processor.Processor object at 0x1180b7ee0>
189.5422200000006,0.0,1461,<entities.dtn.DTN object at 0x1180d1550>,<entities.processor.Processor object at 0x1180b7ee0>
190.5422200000006,0.0,1461,<entities.dtn.DTN object at 0x1180d1550>,<entities.processor.Processor object at 0x1180b7ee0>
191.5422200000006,0.0,1461,<entities.dtn.DTN object at 0x1180d1550>,<entities.processor.Processor object at 0x1180b7ee0>
192.5422200000006,0.0,1461,<entities.dtn.DTN object at 0x1180d1550>,<entities.processor.Processor object at 0x1180b7ee0>
193.5422200000006,0.0,1461,<entities.dtn.DTN object at 0x1180d1550>,<entities.processor.Processor object at 0x1180b7ee0>
194.5422200000006,0.0,1461,<entities.dtn.DTN object at 0x1180d1550>,<entities.processor.Processor object at 0x1180b7ee0>
195.5422200000006,0.0,1461,<entities.dtn.DTN object at 0x1180d1550>,<entities.processor.Processor object at 0x1180b7ee0>
196.5422200000006,0.0,1461,<entities.dtn.DTN object at 0x1180d1550>,<entities.processor.Processor object at 0x1180b7ee0>
197.5422200000006,0.0,1461,<entities.dtn.DTN object at 0x1180d1550>,<entities.processor.Processor object at 0x1180b7ee0>
198.5422200000006,0.0,1461,<entities.dtn.DTN object at 0x1180d1550>,<entities.processor.Processor object at 0x1180b7ee0>
199.5422200000006,0.0,1461,<entities.dtn.DTN object at 0x1180d1550>,<entities.processor.Processor object at 0x1180b7ee0>
71.5423500000006,0.0,76936,<entities.dtn.DTN object at 0x1180d1550>,<entities.processor.Processor object at 0x1180b7ee0>
72.5423500000006,0.0,76936,<entities.dtn.DTN object at 0x1180d1550>,<entities.processor.Processor object at 0x1180b7ee0>
73.5423500000006,0.0,76936,<entities.dtn.DTN object at 0x1180d1550>,<entities.processor.Processor object at 0x1180b7ee0>
74.5423500000006,0.0,76936,<entities.dtn.DTN object at 0x1180d1550>,<entities.processor.Processor object at 0x1180b7ee0>
75.5423500000006,0.0,76936,<entities.dtn.DTN object at 0x1180d1550>,<entities.processor.Processor object at 0x1180b7ee0>
76.5423500000006,0.0,76936,<entities.dtn.DTN object at 0x1180d1550>,<entities.processor.Processor object at 0x1180b7ee0>
77.5423500000006,0.0,76936,<entities.dtn.DTN object at 0x1180d1550>,<entities.processor.Processor object at 0x1180b7ee0>
78.5423500000006,0.0,76936,<entities.dtn.DTN object at 0x1180d1550>,<entities.processor.Processor object at 0x1180b7ee0>
79.5423500000006,0.0,76936,<entities.dtn.DTN object at 0x1180d1550>,<entities.processor.Processor object at 0x1180b7ee0>
80.5423500000006,0.0,76936,<entities.dtn.DTN object at 0x1180d1550>,<entities.processor.Processor object at 0x1180b7ee0>
81.5423500000006,0.0,76936,<entities.dtn.DTN object at 0x1180d1550>,<entities.processor.Processor object at 0x1180b7ee0>
82.5423500000006,0.0,76936,<entities.dtn.DTN object at 0x1180d1550>,<entities.processor.Processor object at 0x1180b7ee0>
83.5423500000006,0.0,76936,<entities.dtn.DTN object at 0x1180d1550>,<entities.processor.Processor object at 0x1180b7ee0>
84.5423500000006,0.0,76936,<entities.dtn.DTN object at 0x1180d1550>,<entities.processor.Processor object at 0x1180b7ee0>
85.5423500000006,0.0,76936,<entities.dtn.DTN object at 0x1180d1550>,<entities.processor.Processor object at 0x1180b7ee0>
86.5423500000006,0.0,76936,<entities.dtn.DTN object at 0x1180d1550>,<entities.processor.Processor object at 0x1180b7ee0>
87.5423500000006,0.0,76936,<entities.dtn.DTN object at 0x1180d1550>,<entities.processor.Processor object at 0x1180b7ee0>
88.5423500000006,0.0,76936,<entities.dtn.DTN object at 0x1180d1550>,<entities.processor.Processor object at 0x1180b7ee0>
89.5423500000006,0.0,76936,<entities.dtn.DTN object at 0x1180d1550>,<entities.processor.Processor object at 0x1180b7ee0>
90.5423500000006,0.0,76936,<entities.dtn.DTN object at 0x1180d1550>,<entities.processor.Processor object at 0x1180b7ee0>
91.5423500000006,0.0,76936,<entities.dtn.DTN object at 0x1180d1550>,<entities.processor.Processor object at 0x1180b7ee0>
92.5423500000006,0.0,76936,<entities.dtn.DTN object at 0x1180d1550>,<entities.processor.Processor object at 0x1180b7ee0>
93.5423500000006,0.0,76936,<entities.dtn.DTN object at 0x1180d1550>,<entities.processor.Processor object at 0x1180b7ee0>
94.5423500000006,0.0,76936,<entities.dtn.DTN object at 0x1180d1550>,<entities.processor.Processor object at 0x1180b7ee0>
95.5423500000006,0.0,76936,<entities.dtn.DTN object at 0x1180d1550>,<entities.processor.Processor object at 0x1180b7ee0>
96.5423500000006,0.0,76936,<entities.dtn.DTN object at 0x1180d1550>,<entities.processor.Processor object at 0x1180b7ee0>
97.5423500000006,0.0,76936,<entities.dtn.DTN object at 0x1180d1550>,<entities.processor.Processor object at 0x1180b7ee0>
98.5423500000006,0.0,76936,<entities.dtn.DTN object at 0x1180d1550>,<entities.processor.Processor object at 0x1180b7ee0>
99.5423500000006,0.0,76936,<entities.dtn.DTN object at 0x1180d1550>,<entities.processor.Processor object at 0x1180b7ee0>
100.5423500000006,0.0,76936,<entities.dtn.DTN object at 0x1180d1550>,<entities.processor.Processor object at 0x1180b7ee0>
101.5423500000006,0.0,76936,<entities.dtn.DTN object at 0x1180d1550>,<entities.processor.Processor object at 0x1180b7ee0>
102.5423500000006,0.0,76936,<entities.dtn.DTN object at 0x1180d1550>,<entities.processor.Processor object at 0x1180b7ee0>
103.5423500000006,0.0,76936,<entities.dtn.DTN object at 0x1180d1550>,<entities.processor.Processor object at 0x1180b7ee0>
104.5423500000006,0.0,76936,<entities.dtn.DTN object at 0x1180d1550>,<entities.processor.Processor object at 0x1180b7ee0>
105.5423500000006,0.0,76936,<entities.dtn.DTN object at 0x1180d1550>,<entities.processor.Processor object at 0x1180b7ee0>
106.5423500000006,0.0,76936,<entities.dtn.DTN object at 0x1180d1550>,<entities.processor.Processor object at 0x1180b7ee0>
107.5423500000006,0.0,76936,<entities.dtn.DTN object at 0x1180d1550>,<entities.processor.Processor object at 0x1180b7ee0>
108.5423500000006,0.0,76936,<entities.dtn.DTN object at 0x1180d1550>,<entities.processor.Processor object at 0x1180b7ee0>
109.5423500000006,0.0,76936,<entities.dtn.DTN object at 0x1180d1550>,<entities.processor.Processor object at 0x1180b7ee0>
110.5423500000006,0.0,76936,<entities.dtn.DTN object at 0x1180d1550>,<entities.processor.Processor object at 0x1180b7ee0>
111.5423500000006,0.0,76936,<entities.dtn.DTN object at 0x1180d1550>,<entities.processor.Processor object at 0x1180b7ee0>
112.5423500000006,0.0,76936,<entities.dtn.DTN object at 0x1180d1550>,<entities.processor.Processor object at 0x1180b7ee0>
113.5423500000006,0.0,76936,<entities.dtn.DTN object at 0x1180d1550>,<entities.processor.Processor object at 0x1180b7ee0>
114.5423500000006,0.0,76936,<entities.dtn.DTN object at 0x1180d1550>,<entities.processor.Processor object at 0x1180b7ee0>
115.5423500000006,0.0,76936,<entities.dtn.DTN object at 0x1180d1550>,<entities.processor.Processor object at 0x1180b7ee0>
116.5423500000006,0.0,76936,<entities.dtn.DTN object at 0x1180d1550>,<entities.processor.Processor object at 0x1180b7ee0>
117.5423500000006,0.0,76936,<entities.dtn.DTN object at 0x1180d1550>,<entities.processor.Processor object at 0x1180b7ee0>
118.5423500000006,0.0,76936,<entities.dtn.DTN object at 0x1180d1550>,<entities.processor.Processor object at 0x1180b7ee0>
119.5423500000006,0.0,76936,<entities.dtn.DTN object at 0x1180d1550>,<entities.processor.Processor object at 0x1180b7ee0>
120.5423500000006,0.0,76936,<entities.dtn.DTN object at 0x1180d1550>,<entities.processor.Processor object at 0x1180b7ee0>
121.5423500000006,0.0,76936,<entities.dtn.DTN object at 0x1180d1550>,<entities.processor.Processor object at 0x1180b7ee0>
122.5423500000006,0.0,76936,<entities.dtn.DTN object at 0x1180d1550>,<entities.processor.Processor object at 0x1180b7ee0>
123.5423500000006,0.0,76936,<entities.dtn.DTN object at 0x1180d1550>,<entities.processor.Processor object at 0x1180b7ee0>
124.5423500000006,0.0,76936,<entities.dtn.DTN object at 0x1180d1550>,<entities.processor.Processor object at 0x1180b7ee0>
125.5423500000006,0.0,76936,<entities.dtn.DTN object at 0x1180d1550>,<entities.processor.Processor object at 0x1180b7ee0>
126.5423500000006,0.0,76936,<entities.dtn.DTN object at 0x1180d1550>,<entities.processor.Processor object at 0x1180b7ee0>
127.5423500000006,0.0,76936,<entities.dtn.DTN object at 0x1180d1550>,<entities.processor.Processor object at 0x1180b7ee0>
128.5423500000006,0.0,76936,<entities.dtn.DTN object at 0x1180d1550>,<entities.processor.Processor object at 0x1180b7ee0>
129.5423500000006,0.0,76936,<entities.dtn.DTN object at 0x1180d1550>,<entities.processor.Processor object at 0x1180b7ee0>
130.5423500000006,0.0,76936,<entities.dtn.DTN object at 0x1180d1550>,<entities.processor.Processor object at 0x1180b7ee0>
131.5423500000006,0.0,76936,<entities.dtn.DTN object at 0x1180d1550>,<entities.processor.Processor object at 0x1180b7ee0>
132.5423500000006,0.0,76936,<entities.dtn.DTN object at 0x1180d1550>,<entities.processor.Processor object at 0x1180b7ee0>
133.5423500000006,0.0,76936,<entities.dtn.DTN object at 0x1180d1550>,<entities.processor.Processor object at 0x1180b7ee0>
134.5423500000006,0.0,76936,<entities.dtn.DTN object at 0x1180d1550>,<entities.processor.Processor object at 0x1180b7ee0>
135.5423500000006,0.0,76936,<entities.dtn.DTN object at 0x1180d1550>,<entities.processor.Processor object at 0x1180b7ee0>
136.5423500000006,0.0,76936,<entities.dtn.DTN object at 0x1180d1550>,<entities.processor.Processor object at 0x1180b7ee0>
137.5423500000006,0.0,76936,<entities.dtn.DTN object at 0x1180d1550>,<entities.processor.Processor object at 0x1180b7ee0>
138.5423500000006,0.0,76936,<entities.dtn.DTN object at 0x1180d1550>,<entities.processor.Processor object at 0x1180b7ee0>
139.5423500000006,0.0,76936,<entities.dtn.DTN object at 0x1180d1550>,<entities.processor.Processor object at 0x1180b7ee0>
140.5423500000006,0.0,76936,<entities.dtn.DTN object at 0x1180d1550>,<entities.processor.Processor object at 0x1180b7ee0>
141.5423500000006,0.0,76936,<entities.dtn.DTN object at 0x1180d1550>,<entities.processor.Processor object at 0x1180b7ee0>
142.5423500000006,0.0,76936,<entities.dtn.DTN object at 0x1180d1550>,<entities.processor.Processor object at 0x1180b7ee0>
143.5423500000006,0.0,76936,<entities.dtn.DTN object at 0x1180d1550>,<entities.processor.Processor object at 0x1180b7ee0>
144.5423500000006,0.0,76936,<entities.dtn.DTN object at 0x1180d1550>,<entities.processor.Processor object at 0x1180b7ee0>
145.5423500000006,0.0,76936,<entities.dtn.DTN object at 0x1180d1550>,<entities.processor.Processor object at 0x1180b7ee0>
146.5423500000006,0.0,76936,<entities.dtn.DTN object at 0x1180d1550>,<entities.processor.Processor object at 0x1180b7ee0>
147.5423500000006,0.0,76936,<entities.dtn.DTN object at 0x1180d1550>,<entities.processor.Processor object at 0x1180b7ee0>
148.5423500000006,0.0,76936,<entities.dtn.DTN object at 0x1180d1550>,<entities.processor.Processor object at 0x1180b7ee0>
149.5423500000006,0.0,76936,<entities.dtn.DTN object at 0x1180d1550>,<entities.processor.Processor object at 0x1180b7ee0>
150.5423500000006,0.0,76936,<entities.dtn.DTN object at 0x1180d1550>,<entities.processor.Processor object at 0x1180b7ee0>
151.5423500000006,0.0,76936,<entities.dtn.DTN object at 0x1180d1550>,<entities.processor.Processor object at 0x1180b7ee0>
152.5423500000006,0.0,76936,<entities.dtn.DTN object at 0x1180d1550>,<entities.processor.Processor object at 0x1180b7ee0>
153.5423500000006,0.0,76936,<entities.dtn.DTN object at 0x1180d1550>,<entities.processor.Processor object at 0x1180b7ee0>
154.5423500000006,0.0,76936,<entities.dtn.DTN object at 0x1180d1550>,<entities.processor.Processor object at 0x1180b7ee0>
155.5423500000006,0.0,76936,<entities.dtn.DTN object at 0x1180d1550>,<entities.processor.Processor object at 0x1180b7ee0>
156.5423500000006,0.0,76936,<entities.dtn.DTN object at 0x1180d1550>,<entities.processor.Processor object at 0x1180b7ee0>
157.5423500000006,0.0,76936,<entities.dtn.DTN object at 0x1180d1550>,<entities.processor.Processor object at 0x1180b7ee0>
158.5423500000006,0.0,76936,<entities.dtn.DTN object at 0x1180d1550>,<entities.processor.Processor object at 0x1180b7ee0>
159.5423500000006,0.0,76936,<entities.dtn.DTN object at 0x1180d1550>,<entities.processor.Processor object at 0x1180b7ee0>
160.5423500000006,0.0,76936,<entities.dtn.DTN object at 0x1180d1550>,<entities.processor.Processor object at 0x1180b7ee0>
161.5423500000006,0.0,76936,<entities.dtn.DTN object at 0x1180d1550>,<entities.processor.Processor object at 0x1180b7ee0>
162.5423500000006,0.0,76936,<entities.dtn.DTN object at 0x1180d1550>,<entities.processor.Processor object at 0x1180b7ee0>
163.5423500000006,0.0,76936,<entities.dtn.DTN object at 0x1180d1550>,<entities.processor.Processor object at 0x1180b7ee0>
164.5423500000006,0.0,76936,<entities.dtn.DTN object at 0x1180d1550>,<entities.processor.Processor object at 0x1180b7ee0>
165.5423500000006,0.0,76936,<entities.dtn.DTN object at 0x1180d1550>,<entities.processor.Processor object at 0x1180b7ee0>
166.5423500000006,0.0,76936,<entities.dtn.DTN object at 0x1180d1550>,<entities.processor.Processor object at 0x1180b7ee0>
167.5423500000006,0.0,76936,<entities.dtn.DTN object at 0x1180d1550>,<entities.processor.Processor object at 0x1180b7ee0>
168.5423500000006,0.0,76936,<entities.dtn.DTN object at 0x1180d1550>,<entities.processor.Processor object at 0x1180b7ee0>
169.5423500000006,0.0,76936,<entities.dtn.DTN object at 0x1180d1550>,<entities.processor.Processor object at 0x1180b7ee0>
170.5423500000006,0.0,76936,<entities.dtn.DTN object at 0x1180d1550>,<entities.processor.Processor object at 0x1180b7ee0>
171.5423500000006,0.0,76936,<entities.dtn.DTN object at 0x1180d1550>,<entities.processor.Processor object at 0x1180b7ee0>
172.5423500000006,0.0,76936,<entities.dtn.DTN object at 0x1180d1550>,<entities.processor.Processor object at 0x1180b7ee0>
173.5423500000006,0.0,76936,<entities.dtn.DTN object at 0x1180d1550>,<entities.processor.Processor object at 0x1180b7ee0>
174.5423500000006,0.0,76936,<entities.dtn.DTN object at 0x1180d1550>,<entities.processor.Processor object at 0x1180b7ee0>
175.5423500000006,0.0,76936,<entities.dtn.DTN object at 0x1180d1550>,<entities.processor.Processor object at 0x1180b7ee0>
176.5423500000006,0.0,76936,<entities.dtn.DTN object at 0x1180d1550>,<entities.processor.Processor object at 0x1180b7ee0>
177.5423500000006,0.0,76936,<entities.dtn.DTN object at 0x1180d1550>,<entities.processor.Processor object at 0x1180b7ee0>
178.5423500000006,0.0,76936,<entities.dtn.DTN object at 0x1180d1550>,<entities.processor.Processor object at 0x1180b7ee0>
179.5423500000006,0.0,76936,<entities.dtn.DTN object at 0x1180d1550>,<entities.processor.Processor object at 0x1180b7ee0>
180.5423500000006,0.0,76936,<entities.dtn.DTN object at 0x1180d1550>,<entities.processor.Processor object at 0x1180b7ee0>
181.5423500000006,0.0,76936,<entities.dtn.DTN object at 0x1180d1550>,<entities.processor.Processor object at 0x1180b7ee0>
182.5423500000006,0.0,76936,<entities.dtn.DTN object at 0x1180d1550>,<entities.processor.Processor object at 0x1180b7ee0>
183.5423500000006,0.0,76936,<entities.dtn.DTN object at 0x1180d1550>,<entities.processor.Processor object at 0x1180b7ee0>
184.5423500000006,0.0,76936,<entities.dtn.DTN object at 0x1180d1550>,<entities.processor.Processor object at 0x1180b7ee0>
185.5423500000006,0.0,76936,<entities.dtn.DTN object at 0x1180d1550>,<entities.processor.Processor object at 0x1180b7ee0>
186.5423500000006,0.0,76936,<entities.dtn.DTN object at 0x1180d1550>,<entities.processor.Processor object at 0x1180b7ee0>
187.5423500000006,0.0,76936,<entities.dtn.DTN object at 0x1180d1550>,<entities.processor.Processor object at 0x1180b7ee0>
188.5423500000006,0.0,76936,<entities.dtn.DTN object at 0x1180d1550>,<entities.processor.Processor object at 0x1180b7ee0>
189.5423500000006,0.0,76936,<entities.dtn.DTN object at 0x1180d1550>,<entities.processor.Processor object at 0x1180b7ee0>
190.5423500000006,0.0,76936,<entities.dtn.DTN object at 0x1180d1550>,<entities.processor.Processor object at 0x1180b7ee0>
191.5423500000006,0.0,76936,<entities.dtn.DTN object at 0x1180d1550>,<entities.processor.Processor object at 0x1180b7ee0>
192.5423500000006,0.0,76936,<entities.dtn.DTN object at 0x1180d1550>,<entities.processor.Processor object at 0x1180b7ee0>
193.5423500000006,0.0,76936,<entities.dtn.DTN object at 0x1180d1550>,<entities.processor.Processor object at 0x1180b7ee0>
194.5423500000006,0.0,76936,<entities.dtn.DTN object at 0x1180d1550>,<entities.processor.Processor object at 0x1180b7ee0>
195.5423500000006,0.0,76936,<entities.dtn.DTN object at 0x1180d1550>,<entities.processor.Processor object at 0x1180b7ee0>
196.5423500000006,0.0,76936,<entities.dtn.DTN object at 0x1180d1550>,<entities.processor.Processor object at 0x1180b7ee0>
197.5423500000006,0.0,76936,<entities.dtn.DTN object at 0x1180d1550>,<entities.processor.Processor object at 0x1180b7ee0>
198.5423500000006,0.0,76936,<entities.dtn.DTN object at 0x1180d1550>,<entities.processor.Processor object at 0x1180b7ee0>
199.5423500000006,0.0,76936,<entities.dtn.DTN object at 0x1180d1550>,<entities.processor.Processor object at 0x1180b7ee0>
72.0,0.0,56819,<entities.processor.Processor object at 0x1180b7c10>,<entities.dtn.DTN object at 0x1180d1550>
72.04248000000057,0.0,45041,<entities.dtn.DTN object at 0x1180d1550>,<entities.processor.Processor object at 0x1180b7c10>
73.04248000000057,0.0,45041,<entities.dtn.DTN object at 0x1180d1550>,<entities.processor.Processor object at 0x1180b7c10>
74.04248000000057,0.0,45041,<entities.dtn.DTN object at 0x1180d1550>,<entities.processor.Processor object at 0x1180b7c10>
75.04248000000057,0.0,45041,<entities.dtn.DTN object at 0x1180d1550>,<entities.processor.Processor object at 0x1180b7c10>
76.04248000000057,0.0,45041,<entities.dtn.DTN object at 0x1180d1550>,<entities.processor.Processor object at 0x1180b7c10>
77.04248000000057,0.0,45041,<entities.dtn.DTN object at 0x1180d1550>,<entities.processor.Processor object at 0x1180b7c10>
78.04248000000057,0.0,45041,<entities.dtn.DTN object at 0x1180d1550>,<entities.processor.Processor object at 0x1180b7c10>
79.04248000000057,0.0,45041,<entities.dtn.DTN object at 0x1180d1550>,<entities.processor.Processor object at 0x1180b7c10>
80.04248000000057,0.0,45041,<entities.dtn.DTN object at 0x1180d1550>,<entities.processor.Processor object at 0x1180b7c10>
81.04248000000057,0.0,45041,<entities.dtn.DTN object at 0x1180d1550>,<entities.processor.Processor object at 0x1180b7c10>
82.04248000000057,0.0,45041,<entities.dtn.DTN object at 0x1180d1550>,<entities.processor.Processor object at 0x1180b7c10>
83.04248000000057,0.0,45041,<entities.dtn.DTN object at 0x1180d1550>,<entities.processor.Processor object at 0x1180b7c10>
84.04248000000057,0.0,45041,<entities.dtn.DTN object at 0x1180d1550>,<entities.processor.Processor object at 0x1180b7c10>
85.04248000000057,0.0,45041,<entities.dtn.DTN object at 0x1180d1550>,<entities.processor.Processor object at 0x1180b7c10>
86.04248000000057,0.0,45041,<entities.dtn.DTN object at 0x1180d1550>,<entities.processor.Processor object at 0x1180b7c10>
87.04248000000057,0.0,45041,<entities.dtn.DTN object at 0x1180d1550>,<entities.processor.Processor object at 0x1180b7c10>
88.04248000000057,0.0,45041,<entities.dtn.DTN object at 0x1180d1550>,<entities.processor.Processor object at 0x1180b7c10>
89.04248000000057,0.0,45041,<entities.dtn.DTN object at 0x1180d1550>,<entities.processor.Processor object at 0x1180b7c10>
90.04248000000057,0.0,45041,<entities.dtn.DTN object at 0x1180d1550>,<entities.processor.Processor object at 0x1180b7c10>
91.04248000000057,0.0,45041,<entities.dtn.DTN object at 0x1180d1550>,<entities.processor.Processor object at 0x1180b7c10>
92.04248000000057,0.0,45041,<entities.dtn.DTN object at 0x1180d1550>,<entities.processor.Processor object at 0x1180b7c10>
93.04248000000057,0.0,45041,<entities.dtn.DTN object at 0x1180d1550>,<entities.processor.Processor object at 0x1180b7c10>
94.04248000000057,0.0,45041,<entities.dtn.DTN object at 0x1180d1550>,<entities.processor.Processor object at 0x1180b7c10>
95.04248000000057,0.0,45041,<entities.dtn.DTN object at 0x1180d1550>,<entities.processor.Processor object at 0x1180b7c10>
96.04248000000057,0.0,45041,<entities.dtn.DTN object at 0x1180d1550>,<entities.processor.Processor object at 0x1180b7c10>
97.04248000000057,0.0,45041,<entities.dtn.DTN object at 0x1180d1550>,<entities.processor.Processor object at 0x1180b7c10>
98.04248000000057,0.0,45041,<entities.dtn.DTN object at 0x1180d1550>,<entities.processor.Processor object at 0x1180b7c10>
99.04248000000057,0.0,45041,<entities.dtn.DTN object at 0x1180d1550>,<entities.processor.Processor object at 0x1180b7c10>
100.04248000000057,0.0,45041,<entities.dtn.DTN object at 0x1180d1550>,<entities.processor.Processor object at 0x1180b7c10>
101.04248000000057,0.0,45041,<entities.dtn.DTN object at 0x1180d1550>,<entities.processor.Processor object at 0x1180b7c10>
102.04248000000057,0.0,45041,<entities.dtn.DTN object at 0x1180d1550>,<entities.processor.Processor object at 0x1180b7c10>
103.04248000000057,0.0,45041,<entities.dtn.DTN object at 0x1180d1550>,<entities.processor.Processor object at 0x1180b7c10>
104.04248000000057,0.0,45041,<entities.dtn.DTN object at 0x1180d1550>,<entities.processor.Processor object at 0x1180b7c10>
105.04248000000057,0.0,45041,<entities.dtn.DTN object at 0x1180d1550>,<entities.processor.Processor object at 0x1180b7c10>
106.04248000000057,0.0,45041,<entities.dtn.DTN object at 0x1180d1550>,<entities.processor.Processor object at 0x1180b7c10>
107.04248000000057,0.0,45041,<entities.dtn.DTN object at 0x1180d1550>,<entities.processor.Processor object at 0x1180b7c10>
108.04248000000057,0.0,45041,<entities.dtn.DTN object at 0x1180d1550>,<entities.processor.Processor object at 0x1180b7c10>
109.04248000000057,0.0,45041,<entities.dtn.DTN object at 0x1180d1550>,<entities.processor.Processor object at 0x1180b7c10>
110.04248000000057,0.0,45041,<entities.dtn.DTN object at 0x1180d1550>,<entities.processor.Processor object at 0x1180b7c10>
111.04248000000057,0.0,45041,<entities.dtn.DTN object at 0x1180d1550>,<entities.processor.Processor object at 0x1180b7c10>
112.04248000000057,0.0,45041,<entities.dtn.DTN object at 0x1180d1550>,<entities.processor.Processor object at 0x1180b7c10>
113.04248000000057,0.0,45041,<entities.dtn.DTN object at 0x1180d1550>,<entities.processor.Processor object at 0x1180b7c10>
114.04248000000057,0.0,45041,<entities.dtn.DTN object at 0x1180d1550>,<entities.processor.Processor object at 0x1180b7c10>
115.04248000000057,0.0,45041,<entities.dtn.DTN object at 0x1180d1550>,<entities.processor.Processor object at 0x1180b7c10>
116.04248000000057,0.0,45041,<entities.dtn.DTN object at 0x1180d1550>,<entities.processor.Processor object at 0x1180b7c10>
117.04248000000057,0.0,45041,<entities.dtn.DTN object at 0x1180d1550>,<entities.processor.Processor object at 0x1180b7c10>
118.04248000000057,0.0,45041,<entities.dtn.DTN object at 0x1180d1550>,<entities.processor.Processor object at 0x1180b7c10>
119.04248000000057,0.0,45041,<entities.dtn.DTN object at 0x1180d1550>,<entities.processor.Processor object at 0x1180b7c10>
120.04248000000057,0.0,45041,<entities.dtn.DTN object at 0x1180d1550>,<entities.processor.Processor object at 0x1180b7c10>
121.04248000000057,0.0,45041,<entities.dtn.DTN object at 0x1180d1550>,<entities.processor.Processor object at 0x1180b7c10>
122.04248000000057,0.0,45041,<entities.dtn.DTN object at 0x1180d1550>,<entities.processor.Processor object at 0x1180b7c10>
123.04248000000057,0.0,45041,<entities.dtn.DTN object at 0x1180d1550>,<entities.processor.Processor object at 0x1180b7c10>
124.04248000000057,0.0,45041,<entities.dtn.DTN object at 0x1180d1550>,<entities.processor.Processor object at 0x1180b7c10>
125.04248000000057,0.0,45041,<entities.dtn.DTN object at 0x1180d1550>,<entities.processor.Processor object at 0x1180b7c10>
126.04248000000057,0.0,45041,<entities.dtn.DTN object at 0x1180d1550>,<entities.processor.Processor object at 0x1180b7c10>
127.04248000000057,0.0,45041,<entities.dtn.DTN object at 0x1180d1550>,<entities.processor.Processor object at 0x1180b7c10>
128.04248000000058,0.0,45041,<entities.dtn.DTN object at 0x1180d1550>,<entities.processor.Processor object at 0x1180b7c10>
129.04248000000058,0.0,45041,<entities.dtn.DTN object at 0x1180d1550>,<entities.processor.Processor object at 0x1180b7c10>
130.04248000000058,0.0,45041,<entities.dtn.DTN object at 0x1180d1550>,<entities.processor.Processor object at 0x1180b7c10>
131.04248000000058,0.0,45041,<entities.dtn.DTN object at 0x1180d1550>,<entities.processor.Processor object at 0x1180b7c10>
132.04248000000058,0.0,45041,<entities.dtn.DTN object at 0x1180d1550>,<entities.processor.Processor object at 0x1180b7c10>
133.04248000000058,0.0,45041,<entities.dtn.DTN object at 0x1180d1550>,<entities.processor.Processor object at 0x1180b7c10>
134.04248000000058,0.0,45041,<entities.dtn.DTN object at 0x1180d1550>,<entities.processor.Processor object at 0x1180b7c10>
135.04248000000058,0.0,45041,<entities.dtn.DTN object at 0x1180d1550>,<entities.processor.Processor object at 0x1180b7c10>
136.04248000000058,0.0,45041,<entities.dtn.DTN object at 0x1180d1550>,<entities.processor.Processor object at 0x1180b7c10>
137.04248000000058,0.0,45041,<entities.dtn.DTN object at 0x1180d1550>,<entities.processor.Processor object at 0x1180b7c10>
138.04248000000058,0.0,45041,<entities.dtn.DTN object at 0x1180d1550>,<entities.processor.Processor object at 0x1180b7c10>
139.04248000000058,0.0,45041,<entities.dtn.DTN object at 0x1180d1550>,<entities.processor.Processor object at 0x1180b7c10>
140.04248000000058,0.0,45041,<entities.dtn.DTN object at 0x1180d1550>,<entities.processor.Processor object at 0x1180b7c10>
141.04248000000058,0.0,45041,<entities.dtn.DTN object at 0x1180d1550>,<entities.processor.Processor object at 0x1180b7c10>
142.04248000000058,0.0,45041,<entities.dtn.DTN object at 0x1180d1550>,<entities.processor.Processor object at 0x1180b7c10>
143.04248000000058,0.0,45041,<entities.dtn.DTN object at 0x1180d1550>,<entities.processor.Processor object at 0x1180b7c10>
144.04248000000058,0.0,45041,<entities.dtn.DTN object at 0x1180d1550>,<entities.processor.Processor object at 0x1180b7c10>
145.04248000000058,0.0,45041,<entities.dtn.DTN object at 0x1180d1550>,<entities.processor.Processor object at 0x1180b7c10>
146.04248000000058,0.0,45041,<entities.dtn.DTN object at 0x1180d1550>,<entities.processor.Processor object at 0x1180b7c10>
147.04248000000058,0.0,45041,<entities.dtn.DTN object at 0x1180d1550>,<entities.processor.Processor object at 0x1180b7c10>
148.04248000000058,0.0,45041,<entities.dtn.DTN object at 0x1180d1550>,<entities.processor.Processor object at 0x1180b7c10>
149.04248000000058,0.0,45041,<entities.dtn.DTN object at 0x1180d1550>,<entities.processor.Processor object at 0x1180b7c10>
150.04248000000058,0.0,45041,<entities.dtn.DTN object at 0x1180d1550>,<entities.processor.Processor object at 0x1180b7c10>
151.04248000000058,0.0,45041,<entities.dtn.DTN object at 0x1180d1550>,<entities.processor.Processor object at 0x1180b7c10>
152.04248000000058,0.0,45041,<entities.dtn.DTN object at 0x1180d1550>,<entities.processor.Processor object at 0x1180b7c10>
153.04248000000058,0.0,45041,<entities.dtn.DTN object at 0x1180d1550>,<entities.processor.Processor object at 0x1180b7c10>
154.04248000000058,0.0,45041,<entities.dtn.DTN object at 0x1180d1550>,<entities.processor.Processor object at 0x1180b7c10>
155.04248000000058,0.0,45041,<entities.dtn.DTN object at 0x1180d1550>,<entities.processor.Processor object at 0x1180b7c10>
156.04248000000058,0.0,45041,<entities.dtn.DTN object at 0x1180d1550>,<entities.processor.Processor object at 0x1180b7c10>
157.04248000000058,0.0,45041,<entities.dtn.DTN object at 0x1180d1550>,<entities.processor.Processor object at 0x1180b7c10>
158.04248000000058,0.0,45041,<entities.dtn.DTN object at 0x1180d1550>,<entities.processor.Processor object at 0x1180b7c10>
159.04248000000058,0.0,45041,<entities.dtn.DTN object at 0x1180d1550>,<entities.processor.Processor object at 0x1180b7c10>
160.04248000000058,0.0,45041,<entities.dtn.DTN object at 0x1180d1550>,<entities.processor.Processor object at 0x1180b7c10>
161.04248000000058,0.0,45041,<entities.dtn.DTN object at 0x1180d1550>,<entities.processor.Processor object at 0x1180b7c10>
162.04248000000058,0.0,45041,<entities.dtn.DTN object at 0x1180d1550>,<entities.processor.Processor object at 0x1180b7c10>
163.04248000000058,0.0,45041,<entities.dtn.DTN object at 0x1180d1550>,<entities.processor.Processor object at 0x1180b7c10>
164.04248000000058,0.0,45041,<entities.dtn.DTN object at 0x1180d1550>,<entities.processor.Processor object at 0x1180b7c10>
165.04248000000058,0.0,45041,<entities.dtn.DTN object at 0x1180d1550>,<entities.processor.Processor object at 0x1180b7c10>
166.04248000000058,0.0,45041,<entities.dtn.DTN object at 0x1180d1550>,<entities.processor.Processor object at 0x1180b7c10>
167.04248000000058,0.0,45041,<entities.dtn.DTN object at 0x1180d1550>,<entities.processor.Processor object at 0x1180b7c10>
168.04248000000058,0.0,45041,<entities.dtn.DTN object at 0x1180d1550>,<entities.processor.Processor object at 0x1180b7c10>
169.04248000000058,0.0,45041,<entities.dtn.DTN object at 0x1180d1550>,<entities.processor.Processor object at 0x1180b7c10>
170.04248000000058,0.0,45041,<entities.dtn.DTN object at 0x1180d1550>,<entities.processor.Processor object at 0x1180b7c10>
171.04248000000058,0.0,45041,<entities.dtn.DTN object at 0x1180d1550>,<entities.processor.Processor object at 0x1180b7c10>
172.04248000000058,0.0,45041,<entities.dtn.DTN object at 0x1180d1550>,<entities.processor.Processor object at 0x1180b7c10>
173.04248000000058,0.0,45041,<entities.dtn.DTN object at 0x1180d1550>,<entities.processor.Processor object at 0x1180b7c10>
174.04248000000058,0.0,45041,<entities.dtn.DTN object at 0x1180d1550>,<entities.processor.Processor object at 0x1180b7c10>
175.04248000000058,0.0,45041,<entities.dtn.DTN object at 0x1180d1550>,<entities.processor.Processor object at 0x1180b7c10>
176.04248000000058,0.0,45041,<entities.dtn.DTN object at 0x1180d1550>,<entities.processor.Processor object at 0x1180b7c10>
177.04248000000058,0.0,45041,<entities.dtn.DTN object at 0x1180d1550>,<entities.processor.Processor object at 0x1180b7c10>
178.04248000000058,0.0,45041,<entities.dtn.DTN object at 0x1180d1550>,<entities.processor.Processor object at 0x1180b7c10>
179.04248000000058,0.0,45041,<entities.dtn.DTN object at 0x1180d1550>,<entities.processor.Processor object at 0x1180b7c10>
180.04248000000058,0.0,45041,<entities.dtn.DTN object at 0x1180d1550>,<entities.processor.Processor object at 0x1180b7c10>
181.04248000000058,0.0,45041,<entities.dtn.DTN object at 0x1180d1550>,<entities.processor.Processor object at 0x1180b7c10>
182.04248000000058,0.0,45041,<entities.dtn.DTN object at 0x1180d1550>,<entities.processor.Processor object at 0x1180b7c10>
183.04248000000058,0.0,45041,<entities.dtn.DTN object at 0x1180d1550>,<entities.processor.Processor object at 0x1180b7c10>
184.04248000000058,0.0,45041,<entities.dtn.DTN object at 0x1180d1550>,<entities.processor.Processor object at 0x1180b7c10>
185.04248000000058,0.0,45041,<entities.dtn.DTN object at 0x1180d1550>,<entities.processor.Processor object at 0x1180b7c10>
186.04248000000058,0.0,45041,<entities.dtn.DTN object at 0x1180d1550>,<entities.processor.Processor object at 0x1180b7c10>
187.04248000000058,0.0,45041,<entities.dtn.DTN object at 0x1180d1550>,<entities.processor.Processor object at 0x1180b7c10>
188.04248000000058,0.0,45041,<entities.dtn.DTN object at 0x1180d1550>,<entities.processor.Processor object at 0x1180b7c10>
189.04248000000058,0.0,45041,<entities.dtn.DTN object at 0x1180d1550>,<entities.processor.Processor object at 0x1180b7c10>
190.04248000000058,0.0,45041,<entities.dtn.DTN object at 0x1180d1550>,<entities.processor.Processor object at 0x1180b7c10>
191.04248000000058,0.0,45041,<entities.dtn.DTN object at 0x1180d1550>,<entities.processor.Processor object at 0x1180b7c10>
192.04248000000058,0.0,45041,<entities.dtn.DTN object at 0x1180d1550>,<entities.processor.Processor object at 0x1180b7c10>
193.04248000000058,0.0,45041,<entities.dtn.DTN object at 0x1180d1550>,<entities.processor.Processor object at 0x1180b7c10>
194.04248000000058,0.0,45041,<entities.dtn.DTN object at 0x1180d1550>,<entities.processor.Processor object at 0x1180b7c10>
195.04248000000058,0.0,45041,<entities.dtn.DTN object at 0x1180d1550>,<entities.processor.Processor object at 0x1180b7c10>
196.04248000000058,0.0,45041,<entities.dtn.DTN object at 0x1180d1550>,<entities.processor.Processor object at 0x1180b7c10>
197.04248000000058,0.0,45041,<entities.dtn.DTN object at 0x1180d1550>,<entities.processor.Processor object at 0x1180b7c10>
198.04248000000058,0.0,45041,<entities.dtn.DTN object at 0x1180d1550>,<entities.processor.Processor object at 0x1180b7c10>
199.04248000000058,0.0,45041,<entities.dtn.DTN object at 0x1180d1550>,<entities.processor.Processor object at 0x1180b7c10>
73.5,0.0,3723,<entities.processor.Processor object at 0x1180d1220>,<entities.dtn.DTN object at 0x1180d1550>
73.54261000000048,0.0,83478,<entities.dtn.DTN object at 0x1180d1550>,<entities.processor.Processor object at 0x1180d1220>
74.54261000000048,0.0,83478,<entities.dtn.DTN object at 0x1180d1550>,<entities.processor.Processor object at 0x1180d1220>
75.54261000000048,0.0,83478,<entities.dtn.DTN object at 0x1180d1550>,<entities.processor.Processor object at 0x1180d1220>
76.54261000000048,0.0,83478,<entities.dtn.DTN object at 0x1180d1550>,<entities.processor.Processor object at 0x1180d1220>
77.54261000000048,0.0,83478,<entities.dtn.DTN object at 0x1180d1550>,<entities.processor.Processor object at 0x1180d1220>
78.54261000000048,0.0,83478,<entities.dtn.DTN object at 0x1180d1550>,<entities.processor.Processor object at 0x1180d1220>
79.54261000000048,0.0,83478,<entities.dtn.DTN object at 0x1180d1550>,<entities.processor.Processor object at 0x1180d1220>
80.54261000000048,0.0,83478,<entities.dtn.DTN object at 0x1180d1550>,<entities.processor.Processor object at 0x1180d1220>
81.54261000000048,0.0,83478,<entities.dtn.DTN object at 0x1180d1550>,<entities.processor.Processor object at 0x1180d1220>
82.54261000000048,0.0,83478,<entities.dtn.DTN object at 0x1180d1550>,<entities.processor.Processor object at 0x1180d1220>
83.54261000000048,0.0,83478,<entities.dtn.DTN object at 0x1180d1550>,<entities.processor.Processor object at 0x1180d1220>
84.54261000000048,0.0,83478,<entities.dtn.DTN object at 0x1180d1550>,<entities.processor.Processor object at 0x1180d1220>
85.54261000000048,0.0,83478,<entities.dtn.DTN object at 0x1180d1550>,<entities.processor.Processor object at 0x1180d1220>
86.54261000000048,0.0,83478,<entities.dtn.DTN object at 0x1180d1550>,<entities.processor.Processor object at 0x1180d1220>
87.54261000000048,0.0,83478,<entities.dtn.DTN object at 0x1180d1550>,<entities.processor.Processor object at 0x1180d1220>
88.54261000000048,0.0,83478,<entities.dtn.DTN object at 0x1180d1550>,<entities.processor.Processor object at 0x1180d1220>
89.54261000000048,0.0,83478,<entities.dtn.DTN object at 0x1180d1550>,<entities.processor.Processor object at 0x1180d1220>
90.54261000000048,0.0,83478,<entities.dtn.DTN object at 0x1180d1550>,<entities.processor.Processor object at 0x1180d1220>
91.54261000000048,0.0,83478,<entities.dtn.DTN object at 0x1180d1550>,<entities.processor.Processor object at 0x1180d1220>
92.54261000000048,0.0,83478,<entities.dtn.DTN object at 0x1180d1550>,<entities.processor.Processor object at 0x1180d1220>
93.54261000000048,0.0,83478,<entities.dtn.DTN object at 0x1180d1550>,<entities.processor.Processor object at 0x1180d1220>
94.54261000000048,0.0,83478,<entities.dtn.DTN object at 0x1180d1550>,<entities.processor.Processor object at 0x1180d1220>
95.54261000000048,0.0,83478,<entities.dtn.DTN object at 0x1180d1550>,<entities.processor.Processor object at 0x1180d1220>
96.54261000000048,0.0,83478,<entities.dtn.DTN object at 0x1180d1550>,<entities.processor.Processor object at 0x1180d1220>
97.54261000000048,0.0,83478,<entities.dtn.DTN object at 0x1180d1550>,<entities.processor.Processor object at 0x1180d1220>
98.54261000000048,0.0,83478,<entities.dtn.DTN object at 0x1180d1550>,<entities.processor.Processor object at 0x1180d1220>
99.54261000000048,0.0,83478,<entities.dtn.DTN object at 0x1180d1550>,<entities.processor.Processor object at 0x1180d1220>
100.54261000000048,0.0,83478,<entities.dtn.DTN object at 0x1180d1550>,<entities.processor.Processor object at 0x1180d1220>
101.54261000000048,0.0,83478,<entities.dtn.DTN object at 0x1180d1550>,<entities.processor.Processor object at 0x1180d1220>
102.54261000000048,0.0,83478,<entities.dtn.DTN object at 0x1180d1550>,<entities.processor.Processor object at 0x1180d1220>
103.54261000000048,0.0,83478,<entities.dtn.DTN object at 0x1180d1550>,<entities.processor.Processor object at 0x1180d1220>
104.54261000000048,0.0,83478,<entities.dtn.DTN object at 0x1180d1550>,<entities.processor.Processor object at 0x1180d1220>
105.54261000000048,0.0,83478,<entities.dtn.DTN object at 0x1180d1550>,<entities.processor.Processor object at 0x1180d1220>
106.54261000000048,0.0,83478,<entities.dtn.DTN object at 0x1180d1550>,<entities.processor.Processor object at 0x1180d1220>
107.54261000000048,0.0,83478,<entities.dtn.DTN object at 0x1180d1550>,<entities.processor.Processor object at 0x1180d1220>
108.54261000000048,0.0,83478,<entities.dtn.DTN object at 0x1180d1550>,<entities.processor.Processor object at 0x1180d1220>
109.54261000000048,0.0,83478,<entities.dtn.DTN object at 0x1180d1550>,<entities.processor.Processor object at 0x1180d1220>
110.54261000000048,0.0,83478,<entities.dtn.DTN object at 0x1180d1550>,<entities.processor.Processor object at 0x1180d1220>
111.54261000000048,0.0,83478,<entities.dtn.DTN object at 0x1180d1550>,<entities.processor.Processor object at 0x1180d1220>
112.54261000000048,0.0,83478,<entities.dtn.DTN object at 0x1180d1550>,<entities.processor.Processor object at 0x1180d1220>
113.54261000000048,0.0,83478,<entities.dtn.DTN object at 0x1180d1550>,<entities.processor.Processor object at 0x1180d1220>
114.54261000000048,0.0,83478,<entities.dtn.DTN object at 0x1180d1550>,<entities.processor.Processor object at 0x1180d1220>
115.54261000000048,0.0,83478,<entities.dtn.DTN object at 0x1180d1550>,<entities.processor.Processor object at 0x1180d1220>
116.54261000000048,0.0,83478,<entities.dtn.DTN object at 0x1180d1550>,<entities.processor.Processor object at 0x1180d1220>
117.54261000000048,0.0,83478,<entities.dtn.DTN object at 0x1180d1550>,<entities.processor.Processor object at 0x1180d1220>
118.54261000000048,0.0,83478,<entities.dtn.DTN object at 0x1180d1550>,<entities.processor.Processor object at 0x1180d1220>
119.54261000000048,0.0,83478,<entities.dtn.DTN object at 0x1180d1550>,<entities.processor.Processor object at 0x1180d1220>
120.54261000000048,0.0,83478,<entities.dtn.DTN object at 0x1180d1550>,<entities.processor.Processor object at 0x1180d1220>
121.54261000000048,0.0,83478,<entities.dtn.DTN object at 0x1180d1550>,<entities.processor.Processor object at 0x1180d1220>
122.54261000000048,0.0,83478,<entities.dtn.DTN object at 0x1180d1550>,<entities.processor.Processor object at 0x1180d1220>
123.54261000000048,0.0,83478,<entities.dtn.DTN object at 0x1180d1550>,<entities.processor.Processor object at 0x1180d1220>
124.54261000000048,0.0,83478,<entities.dtn.DTN object at 0x1180d1550>,<entities.processor.Processor object at 0x1180d1220>
125.54261000000048,0.0,83478,<entities.dtn.DTN object at 0x1180d1550>,<entities.processor.Processor object at 0x1180d1220>
126.54261000000048,0.0,83478,<entities.dtn.DTN object at 0x1180d1550>,<entities.processor.Processor object at 0x1180d1220>
127.54261000000048,0.0,83478,<entities.dtn.DTN object at 0x1180d1550>,<entities.processor.Processor object at 0x1180d1220>
128.54261000000048,0.0,83478,<entities.dtn.DTN object at 0x1180d1550>,<entities.processor.Processor object at 0x1180d1220>
129.54261000000048,0.0,83478,<entities.dtn.DTN object at 0x1180d1550>,<entities.processor.Processor object at 0x1180d1220>
130.54261000000048,0.0,83478,<entities.dtn.DTN object at 0x1180d1550>,<entities.processor.Processor object at 0x1180d1220>
131.54261000000048,0.0,83478,<entities.dtn.DTN object at 0x1180d1550>,<entities.processor.Processor object at 0x1180d1220>
132.54261000000048,0.0,83478,<entities.dtn.DTN object at 0x1180d1550>,<entities.processor.Processor object at 0x1180d1220>
133.54261000000048,0.0,83478,<entities.dtn.DTN object at 0x1180d1550>,<entities.processor.Processor object at 0x1180d1220>
134.54261000000048,0.0,83478,<entities.dtn.DTN object at 0x1180d1550>,<entities.processor.Processor object at 0x1180d1220>
135.54261000000048,0.0,83478,<entities.dtn.DTN object at 0x1180d1550>,<entities.processor.Processor object at 0x1180d1220>
136.54261000000048,0.0,83478,<entities.dtn.DTN object at 0x1180d1550>,<entities.processor.Processor object at 0x1180d1220>
137.54261000000048,0.0,83478,<entities.dtn.DTN object at 0x1180d1550>,<entities.processor.Processor object at 0x1180d1220>
138.54261000000048,0.0,83478,<entities.dtn.DTN object at 0x1180d1550>,<entities.processor.Processor object at 0x1180d1220>
139.54261000000048,0.0,83478,<entities.dtn.DTN object at 0x1180d1550>,<entities.processor.Processor object at 0x1180d1220>
140.54261000000048,0.0,83478,<entities.dtn.DTN object at 0x1180d1550>,<entities.processor.Processor object at 0x1180d1220>
141.54261000000048,0.0,83478,<entities.dtn.DTN object at 0x1180d1550>,<entities.processor.Processor object at 0x1180d1220>
142.54261000000048,0.0,83478,<entities.dtn.DTN object at 0x1180d1550>,<entities.processor.Processor object at 0x1180d1220>
143.54261000000048,0.0,83478,<entities.dtn.DTN object at 0x1180d1550>,<entities.processor.Processor object at 0x1180d1220>
144.54261000000048,0.0,83478,<entities.dtn.DTN object at 0x1180d1550>,<entities.processor.Processor object at 0x1180d1220>
145.54261000000048,0.0,83478,<entities.dtn.DTN object at 0x1180d1550>,<entities.processor.Processor object at 0x1180d1220>
146.54261000000048,0.0,83478,<entities.dtn.DTN object at 0x1180d1550>,<entities.processor.Processor object at 0x1180d1220>
147.54261000000048,0.0,83478,<entities.dtn.DTN object at 0x1180d1550>,<entities.processor.Processor object at 0x1180d1220>
148.54261000000048,0.0,83478,<entities.dtn.DTN object at 0x1180d1550>,<entities.processor.Processor object at 0x1180d1220>
149.54261000000048,0.0,83478,<entities.dtn.DTN object at 0x1180d1550>,<entities.processor.Processor object at 0x1180d1220>
150.54261000000048,0.0,83478,<entities.dtn.DTN object at 0x1180d1550>,<entities.processor.Processor object at 0x1180d1220>
151.54261000000048,0.0,83478,<entities.dtn.DTN object at 0x1180d1550>,<entities.processor.Processor object at 0x1180d1220>
152.54261000000048,0.0,83478,<entities.dtn.DTN object at 0x1180d1550>,<entities.processor.Processor object at 0x1180d1220>
153.54261000000048,0.0,83478,<entities.dtn.DTN object at 0x1180d1550>,<entities.processor.Processor object at 0x1180d1220>
154.54261000000048,0.0,83478,<entities.dtn.DTN object at 0x1180d1550>,<entities.processor.Processor object at 0x1180d1220>
155.54261000000048,0.0,83478,<entities.dtn.DTN object at 0x1180d1550>,<entities.processor.Processor object at 0x1180d1220>
156.54261000000048,0.0,83478,<entities.dtn.DTN object at 0x1180d1550>,<entities.processor.Processor object at 0x1180d1220>
157.54261000000048,0.0,83478,<entities.dtn.DTN object at 0x1180d1550>,<entities.processor.Processor object at 0x1180d1220>
158.54261000000048,0.0,83478,<entities.dtn.DTN object at 0x1180d1550>,<entities.processor.Processor object at 0x1180d1220>
159.54261000000048,0.0,83478,<entities.dtn.DTN object at 0x1180d1550>,<entities.processor.Processor object at 0x1180d1220>
160.54261000000048,0.0,83478,<entities.dtn.DTN object at 0x1180d1550>,<entities.processor.Processor object at 0x1180d1220>
161.54261000000048,0.0,83478,<entities.dtn.DTN object at 0x1180d1550>,<entities.processor.Processor object at 0x1180d1220>
162.54261000000048,0.0,83478,<entities.dtn.DTN object at 0x1180d1550>,<entities.processor.Processor object at 0x1180d1220>
163.54261000000048,0.0,83478,<entities.dtn.DTN object at 0x1180d1550>,<entities.processor.Processor object at 0x1180d1220>
164.54261000000048,0.0,83478,<entities.dtn.DTN object at 0x1180d1550>,<entities.processor.Processor object at 0x1180d1220>
165.54261000000048,0.0,83478,<entities.dtn.DTN object at 0x1180d1550>,<entities.processor.Processor object at 0x1180d1220>
166.54261000000048,0.0,83478,<entities.dtn.DTN object at 0x1180d1550>,<entities.processor.Processor object at 0x1180d1220>
167.54261000000048,0.0,83478,<entities.dtn.DTN object at 0x1180d1550>,<entities.processor.Processor object at 0x1180d1220>
168.54261000000048,0.0,83478,<entities.dtn.DTN object at 0x1180d1550>,<entities.processor.Processor object at 0x1180d1220>
169.54261000000048,0.0,83478,<entities.dtn.DTN object at 0x1180d1550>,<entities.processor.Processor object at 0x1180d1220>
170.54261000000048,0.0,83478,<entities.dtn.DTN object at 0x1180d1550>,<entities.processor.Processor object at 0x1180d1220>
171.54261000000048,0.0,83478,<entities.dtn.DTN object at 0x1180d1550>,<entities.processor.Processor object at 0x1180d1220>
172.54261000000048,0.0,83478,<entities.dtn.DTN object at 0x1180d1550>,<entities.processor.Processor object at 0x1180d1220>
173.54261000000048,0.0,83478,<entities.dtn.DTN object at 0x1180d1550>,<entities.processor.Processor object at 0x1180d1220>
174.54261000000048,0.0,83478,<entities.dtn.DTN object at 0x1180d1550>,<entities.processor.Processor object at 0x1180d1220>
175.54261000000048,0.0,83478,<entities.dtn.DTN object at 0x1180d1550>,<entities.processor.Processor object at 0x1180d1220>
176.54261000000048,0.0,83478,<entities.dtn.DTN object at 0x1180d1550>,<entities.processor.Processor object at 0x1180d1220>
177.54261000000048,0.0,83478,<entities.dtn.DTN object at 0x1180d1550>,<entities.processor.Processor object at 0x1180d1220>
178.54261000000048,0.0,83478,<entities.dtn.DTN object at 0x1180d1550>,<entities.processor.Processor object at 0x1180d1220>
179.54261000000048,0.0,83478,<entities.dtn.DTN object at 0x1180d1550>,<entities.processor.Processor object at 0x1180d1220>
180.54261000000048,0.0,83478,<entities.dtn.DTN object at 0x1180d1550>,<entities.processor.Processor object at 0x1180d1220>
181.54261000000048,0.0,83478,<entities.dtn.DTN object at 0x1180d1550>,<entities.processor.Processor object at 0x1180d1220>
182.54261000000048,0.0,83478,<entities.dtn.DTN object at 0x1180d1550>,<entities.processor.Processor object at 0x1180d1220>
183.54261000000048,0.0,83478,<entities.dtn.DTN object at 0x1180d1550>,<entities.processor.Processor object at 0x1180d1220>
184.54261000000048,0.0,83478,<entities.dtn.DTN object at 0x1180d1550>,<entities.processor.Processor object at 0x1180d1220>
185.54261000000048,0.0,83478,<entities.dtn.DTN object at 0x1180d1550>,<entities.processor.Processor object at 0x1180d1220>
186.54261000000048,0.0,83478,<entities.dtn.DTN object at 0x1180d1550>,<entities.processor.Processor object at 0x1180d1220>
187.54261000000048,0.0,83478,<entities.dtn.DTN object at 0x1180d1550>,<entities.processor.Processor object at 0x1180d1220>
188.54261000000048,0.0,83478,<entities.dtn.DTN object at 0x1180d1550>,<entities.processor.Processor object at 0x1180d1220>
189.54261000000048,0.0,83478,<entities.dtn.DTN object at 0x1180d1550>,<entities.processor.Processor object at 0x1180d1220>
190.54261000000048,0.0,83478,<entities.dtn.DTN object at 0x1180d1550>,<entities.processor.Processor object at 0x1180d1220>
191.54261000000048,0.0,83478,<entities.dtn.DTN object at 0x1180d1550>,<entities.processor.Processor object at 0x1180d1220>
192.54261000000048,0.0,83478,<entities.dtn.DTN object at 0x1180d1550>,<entities.processor.Processor object at 0x1180d1220>
193.54261000000048,0.0,83478,<entities.dtn.DTN object at 0x1180d1550>,<entities.processor.Processor object at 0x1180d1220>
194.54261000000048,0.0,83478,<entities.dtn.DTN object at 0x1180d1550>,<entities.processor.Processor object at 0x1180d1220>
195.54261000000048,0.0,83478,<entities.dtn.DTN object at 0x1180d1550>,<entities.processor.Processor object at 0x1180d1220>
196.54261000000048,0.0,83478,<entities.dtn.DTN object at 0x1180d1550>,<entities.processor.Processor object at 0x1180d1220>
197.54261000000048,0.0,83478,<entities.dtn.DTN object at 0x1180d1550>,<entities.processor.Processor object at 0x1180d1220>
198.54261000000048,0.0,83478,<entities.dtn.DTN object at 0x1180d1550>,<entities.processor.Processor object at 0x1180d1220>
199.54261000000048,0.0,83478,<entities.dtn.DTN object at 0x1180d1550>,<entities.processor.Processor object at 0x1180d1220>
