time,rtt,connection_id,src,dst
0.7010099999999999,0.10090999999999994,4905,<entities.dtn.DTN object at 0x10573ddc0>,<entities.processor.Processor object at 0x100c644c0>
0.8018599999999999,0.10090999999999994,4905,<entities.dtn.DTN object at 0x10573ddc0>,<entities.processor.Processor object at 0x100c644c0>
0.8027099999999999,0.10172999999999999,4905,<entities.dtn.DTN object at 0x10573ddc0>,<entities.processor.Processor object at 0x100c644c0>
0.9035599999999999,0.10175999999999996,4905,<entities.dtn.DTN object at 0x10573ddc0>,<entities.processor.Processor object at 0x100c644c0>
0.9044099999999999,0.10258,4905,<entities.dtn.DTN object at 0x10573ddc0>,<entities.processor.Processor object at 0x100c644c0>
0.90526,0.10260999999999998,4905,<entities.dtn.DTN object at 0x10573ddc0>,<entities.processor.Processor object at 0x100c644c0>
0.90611,0.10343000000000002,4905,<entities.dtn.DTN object at 0x10573ddc0>,<entities.processor.Processor object at 0x100c644c0>
1.00696,0.10346000000000011,4905,<entities.dtn.DTN object at 0x10573ddc0>,<entities.processor.Processor object at 0x100c644c0>
1.00781,0.10428000000000015,4905,<entities.dtn.DTN object at 0x10573ddc0>,<entities.processor.Processor object at 0x100c644c0>
1.0086600000000001,0.10431000000000012,4905,<entities.dtn.DTN object at 0x10573ddc0>,<entities.processor.Processor object at 0x100c644c0>
1.0095100000000001,0.10513000000000017,4905,<entities.dtn.DTN object at 0x10573ddc0>,<entities.processor.Processor object at 0x100c644c0>
1.0103600000000001,0.10516000000000014,4905,<entities.dtn.DTN object at 0x10573ddc0>,<entities.processor.Processor object at 0x100c644c0>
1.0112100000000002,0.10598000000000019,4905,<entities.dtn.DTN object at 0x10573ddc0>,<entities.processor.Processor object at 0x100c644c0>
1.0120600000000002,0.10601000000000016,4905,<entities.dtn.DTN object at 0x10573ddc0>,<entities.processor.Processor object at 0x100c644c0>
1.0129100000000002,0.1068300000000002,4905,<entities.dtn.DTN object at 0x10573ddc0>,<entities.processor.Processor object at 0x100c644c0>
1.1137600000000003,0.10686000000000018,4905,<entities.dtn.DTN object at 0x10573ddc0>,<entities.processor.Processor object at 0x100c644c0>
1.1146100000000003,0.10768000000000022,4905,<entities.dtn.DTN object at 0x10573ddc0>,<entities.processor.Processor object at 0x100c644c0>
1.1154600000000003,0.1077100000000002,4905,<entities.dtn.DTN object at 0x10573ddc0>,<entities.processor.Processor object at 0x100c644c0>
1.1163100000000004,0.10853000000000024,4905,<entities.dtn.DTN object at 0x10573ddc0>,<entities.processor.Processor object at 0x100c644c0>
1.1171600000000004,0.10856000000000021,4905,<entities.dtn.DTN object at 0x10573ddc0>,<entities.processor.Processor object at 0x100c644c0>
1.1180100000000004,0.10938000000000025,4905,<entities.dtn.DTN object at 0x10573ddc0>,<entities.processor.Processor object at 0x100c644c0>
1.1188600000000004,0.10941000000000023,4905,<entities.dtn.DTN object at 0x10573ddc0>,<entities.processor.Processor object at 0x100c644c0>
1.1197100000000004,0.11023000000000027,4905,<entities.dtn.DTN object at 0x10573ddc0>,<entities.processor.Processor object at 0x100c644c0>
1.1205600000000004,0.11026000000000025,4905,<entities.dtn.DTN object at 0x10573ddc0>,<entities.processor.Processor object at 0x100c644c0>
1.1214100000000005,0.11108000000000029,4905,<entities.dtn.DTN object at 0x10573ddc0>,<entities.processor.Processor object at 0x100c644c0>
1.1222600000000005,0.11111000000000026,4905,<entities.dtn.DTN object at 0x10573ddc0>,<entities.processor.Processor object at 0x100c644c0>
1.1231100000000005,0.11193000000000031,4905,<entities.dtn.DTN object at 0x10573ddc0>,<entities.processor.Processor object at 0x100c644c0>
1.1239600000000005,0.11196000000000028,4905,<entities.dtn.DTN object at 0x10573ddc0>,<entities.processor.Processor object at 0x100c644c0>
1.1248100000000005,0.11278000000000032,4905,<entities.dtn.DTN object at 0x10573ddc0>,<entities.processor.Processor object at 0x100c644c0>
1.1256600000000005,0.1128100000000003,4905,<entities.dtn.DTN object at 0x10573ddc0>,<entities.processor.Processor object at 0x100c644c0>
1.1265100000000006,0.11363000000000034,4905,<entities.dtn.DTN object at 0x10573ddc0>,<entities.processor.Processor object at 0x100c644c0>
1.1273600000000006,0.013660000000000228,4905,<entities.dtn.DTN object at 0x10573ddc0>,<entities.processor.Processor object at 0x100c644c0>
1.1282100000000006,0.01448000000000027,4905,<entities.dtn.DTN object at 0x10573ddc0>,<entities.processor.Processor object at 0x100c644c0>
1.1290600000000006,0.014510000000000245,4905,<entities.dtn.DTN object at 0x10573ddc0>,<entities.processor.Processor object at 0x100c644c0>
1.1299100000000006,0.015330000000000288,4905,<entities.dtn.DTN object at 0x10573ddc0>,<entities.processor.Processor object at 0x100c644c0>
1.1307600000000007,0.015360000000000262,4905,<entities.dtn.DTN object at 0x10573ddc0>,<entities.processor.Processor object at 0x100c644c0>
1.1316100000000007,0.016180000000000305,4905,<entities.dtn.DTN object at 0x10573ddc0>,<entities.processor.Processor object at 0x100c644c0>
1.1324600000000007,0.01621000000000028,4905,<entities.dtn.DTN object at 0x10573ddc0>,<entities.processor.Processor object at 0x100c644c0>
1.1333100000000007,0.017030000000000323,4905,<entities.dtn.DTN object at 0x10573ddc0>,<entities.processor.Processor object at 0x100c644c0>
1.1341600000000007,0.017060000000000297,4905,<entities.dtn.DTN object at 0x10573ddc0>,<entities.processor.Processor object at 0x100c644c0>
1.1350100000000007,0.01788000000000034,4905,<entities.dtn.DTN object at 0x10573ddc0>,<entities.processor.Processor object at 0x100c644c0>
1.1358600000000008,0.017910000000000315,4905,<entities.dtn.DTN object at 0x10573ddc0>,<entities.processor.Processor object at 0x100c644c0>
1.1367100000000008,0.018730000000000357,4905,<entities.dtn.DTN object at 0x10573ddc0>,<entities.processor.Processor object at 0x100c644c0>
1.1375600000000008,0.018760000000000332,4905,<entities.dtn.DTN object at 0x10573ddc0>,<entities.processor.Processor object at 0x100c644c0>
1.1384100000000008,0.019580000000000375,4905,<entities.dtn.DTN object at 0x10573ddc0>,<entities.processor.Processor object at 0x100c644c0>
1.1392600000000008,0.01961000000000035,4905,<entities.dtn.DTN object at 0x10573ddc0>,<entities.processor.Processor object at 0x100c644c0>
1.1401100000000008,0.020430000000000392,4905,<entities.dtn.DTN object at 0x10573ddc0>,<entities.processor.Processor object at 0x100c644c0>
1.1409600000000009,0.020460000000000367,4905,<entities.dtn.DTN object at 0x10573ddc0>,<entities.processor.Processor object at 0x100c644c0>
1.1418100000000009,0.02128000000000041,4905,<entities.dtn.DTN object at 0x10573ddc0>,<entities.processor.Processor object at 0x100c644c0>
1.142660000000001,0.021310000000000384,4905,<entities.dtn.DTN object at 0x10573ddc0>,<entities.processor.Processor object at 0x100c644c0>
1.143510000000001,0.022130000000000427,4905,<entities.dtn.DTN object at 0x10573ddc0>,<entities.processor.Processor object at 0x100c644c0>
1.144360000000001,0.0221600000000004,4905,<entities.dtn.DTN object at 0x10573ddc0>,<entities.processor.Processor object at 0x100c644c0>
1.145210000000001,0.022980000000000445,4905,<entities.dtn.DTN object at 0x10573ddc0>,<entities.processor.Processor object at 0x100c644c0>
1.146060000000001,0.02301000000000042,4905,<entities.dtn.DTN object at 0x10573ddc0>,<entities.processor.Processor object at 0x100c644c0>
1.146910000000001,0.023830000000000462,4905,<entities.dtn.DTN object at 0x10573ddc0>,<entities.processor.Processor object at 0x100c644c0>
1.147760000000001,0.023860000000000436,4905,<entities.dtn.DTN object at 0x10573ddc0>,<entities.processor.Processor object at 0x100c644c0>
1.148610000000001,0.02468000000000048,4905,<entities.dtn.DTN object at 0x10573ddc0>,<entities.processor.Processor object at 0x100c644c0>
1.149460000000001,0.024710000000000454,4905,<entities.dtn.DTN object at 0x10573ddc0>,<entities.processor.Processor object at 0x100c644c0>
1.150310000000001,0.025530000000000497,4905,<entities.dtn.DTN object at 0x10573ddc0>,<entities.processor.Processor object at 0x100c644c0>
1.151160000000001,0.02556000000000047,4905,<entities.dtn.DTN object at 0x10573ddc0>,<entities.processor.Processor object at 0x100c644c0>
1.152010000000001,0.026380000000000514,4905,<entities.dtn.DTN object at 0x10573ddc0>,<entities.processor.Processor object at 0x100c644c0>
1.152860000000001,0.02641000000000049,4905,<entities.dtn.DTN object at 0x10573ddc0>,<entities.processor.Processor object at 0x100c644c0>
1.1537100000000011,0.02723000000000053,4905,<entities.dtn.DTN object at 0x10573ddc0>,<entities.processor.Processor object at 0x100c644c0>
1.1545600000000011,0.027260000000000506,4905,<entities.dtn.DTN object at 0x10573ddc0>,<entities.processor.Processor object at 0x100c644c0>
1.1553800000000012,0.028050000000000574,4905,<entities.dtn.DTN object at 0x10573ddc0>,<entities.processor.Processor object at 0x100c644c0>
1.1562300000000012,0.02808000000000055,4905,<entities.dtn.DTN object at 0x10573ddc0>,<entities.processor.Processor object at 0x100c644c0>
1.1570800000000012,0.028900000000000592,4905,<entities.dtn.DTN object at 0x10573ddc0>,<entities.processor.Processor object at 0x100c644c0>
1.1579300000000012,0.028930000000000566,4905,<entities.dtn.DTN object at 0x10573ddc0>,<entities.processor.Processor object at 0x100c644c0>
1.1587800000000013,0.02975000000000061,4905,<entities.dtn.DTN object at 0x10573ddc0>,<entities.processor.Processor object at 0x100c644c0>
1.1596300000000013,0.029780000000000584,4905,<entities.dtn.DTN object at 0x10573ddc0>,<entities.processor.Processor object at 0x100c644c0>
1.1604800000000013,0.030600000000000627,4905,<entities.dtn.DTN object at 0x10573ddc0>,<entities.processor.Processor object at 0x100c644c0>
1.1613300000000013,0.0306300000000006,4905,<entities.dtn.DTN object at 0x10573ddc0>,<entities.processor.Processor object at 0x100c644c0>
1.1621800000000013,0.031450000000000644,4905,<entities.dtn.DTN object at 0x10573ddc0>,<entities.processor.Processor object at 0x100c644c0>
1.1630300000000013,0.03148000000000062,4905,<entities.dtn.DTN object at 0x10573ddc0>,<entities.processor.Processor object at 0x100c644c0>
1.1638800000000014,0.03230000000000066,4905,<entities.dtn.DTN object at 0x10573ddc0>,<entities.processor.Processor object at 0x100c644c0>
1.1647300000000014,0.032330000000000636,4905,<entities.dtn.DTN object at 0x10573ddc0>,<entities.processor.Processor object at 0x100c644c0>
1.1655800000000014,0.03315000000000068,4905,<entities.dtn.DTN object at 0x10573ddc0>,<entities.processor.Processor object at 0x100c644c0>
1.1664300000000014,0.03318000000000065,4905,<entities.dtn.DTN object at 0x10573ddc0>,<entities.processor.Processor object at 0x100c644c0>
1.1672800000000014,0.034000000000000696,4905,<entities.dtn.DTN object at 0x10573ddc0>,<entities.processor.Processor object at 0x100c644c0>
1.1681300000000014,0.03403000000000067,4905,<entities.dtn.DTN object at 0x10573ddc0>,<entities.processor.Processor object at 0x100c644c0>
1.1689800000000015,0.034850000000000714,4905,<entities.dtn.DTN object at 0x10573ddc0>,<entities.processor.Processor object at 0x100c644c0>
1.1698300000000015,0.03488000000000069,4905,<entities.dtn.DTN object at 0x10573ddc0>,<entities.processor.Processor object at 0x100c644c0>
1.1706800000000015,0.03570000000000073,4905,<entities.dtn.DTN object at 0x10573ddc0>,<entities.processor.Processor object at 0x100c644c0>
1.1715300000000015,0.035730000000000706,4905,<entities.dtn.DTN object at 0x10573ddc0>,<entities.processor.Processor object at 0x100c644c0>
1.1723800000000015,0.03655000000000075,4905,<entities.dtn.DTN object at 0x10573ddc0>,<entities.processor.Processor object at 0x100c644c0>
1.1732300000000015,0.03658000000000072,4905,<entities.dtn.DTN object at 0x10573ddc0>,<entities.processor.Processor object at 0x100c644c0>
1.1740800000000016,0.037400000000000766,4905,<entities.dtn.DTN object at 0x10573ddc0>,<entities.processor.Processor object at 0x100c644c0>
1.1749300000000016,0.03743000000000074,4905,<entities.dtn.DTN object at 0x10573ddc0>,<entities.processor.Processor object at 0x100c644c0>
1.1757800000000016,0.03825000000000078,4905,<entities.dtn.DTN object at 0x10573ddc0>,<entities.processor.Processor object at 0x100c644c0>
1.1766300000000016,0.03828000000000076,4905,<entities.dtn.DTN object at 0x10573ddc0>,<entities.processor.Processor object at 0x100c644c0>
1.1774800000000016,0.0391000000000008,4905,<entities.dtn.DTN object at 0x10573ddc0>,<entities.processor.Processor object at 0x100c644c0>
1.1783300000000017,0.039130000000000775,4905,<entities.dtn.DTN object at 0x10573ddc0>,<entities.processor.Processor object at 0x100c644c0>
1.1791800000000017,0.03995000000000082,4905,<entities.dtn.DTN object at 0x10573ddc0>,<entities.processor.Processor object at 0x100c644c0>
1.1800300000000017,0.03998000000000079,4905,<entities.dtn.DTN object at 0x10573ddc0>,<entities.processor.Processor object at 0x100c644c0>
1.1808800000000017,0.040800000000000836,4905,<entities.dtn.DTN object at 0x10573ddc0>,<entities.processor.Processor object at 0x100c644c0>
1.1817300000000017,0.04083000000000081,4905,<entities.dtn.DTN object at 0x10573ddc0>,<entities.processor.Processor object at 0x100c644c0>
1.1825800000000017,0.04165000000000085,4905,<entities.dtn.DTN object at 0x10573ddc0>,<entities.processor.Processor object at 0x100c644c0>
1.1834300000000018,0.04168000000000083,4905,<entities.dtn.DTN object at 0x10573ddc0>,<entities.processor.Processor object at 0x100c644c0>
1.1842800000000018,0.04250000000000087,4905,<entities.dtn.DTN object at 0x10573ddc0>,<entities.processor.Processor object at 0x100c644c0>
1.1851300000000018,0.042530000000000845,4905,<entities.dtn.DTN object at 0x10573ddc0>,<entities.processor.Processor object at 0x100c644c0>
1.1859800000000018,0.04335000000000089,4905,<entities.dtn.DTN object at 0x10573ddc0>,<entities.processor.Processor object at 0x100c644c0>
1.1868300000000018,0.04338000000000086,4905,<entities.dtn.DTN object at 0x10573ddc0>,<entities.processor.Processor object at 0x100c644c0>
1.1876800000000018,0.044200000000000905,4905,<entities.dtn.DTN object at 0x10573ddc0>,<entities.processor.Processor object at 0x100c644c0>
1.1885200000000018,0.044220000000000814,4905,<entities.dtn.DTN object at 0x10573ddc0>,<entities.processor.Processor object at 0x100c644c0>
1.189350000000002,0.04502000000000095,4905,<entities.dtn.DTN object at 0x10573ddc0>,<entities.processor.Processor object at 0x100c644c0>
1.190200000000002,0.04505000000000092,4905,<entities.dtn.DTN object at 0x10573ddc0>,<entities.processor.Processor object at 0x100c644c0>
1.191050000000002,0.045870000000000966,4905,<entities.dtn.DTN object at 0x10573ddc0>,<entities.processor.Processor object at 0x100c644c0>
1.191900000000002,0.04590000000000094,4905,<entities.dtn.DTN object at 0x10573ddc0>,<entities.processor.Processor object at 0x100c644c0>
1.192750000000002,0.04672000000000098,4905,<entities.dtn.DTN object at 0x10573ddc0>,<entities.processor.Processor object at 0x100c644c0>
1.2350000000000028,0.08812000000000175,4905,<entities.dtn.DTN object at 0x10573ddc0>,<entities.processor.Processor object at 0x100c644c0>
1.2358500000000028,0.08812000000000175,4905,<entities.dtn.DTN object at 0x10573ddc0>,<entities.processor.Processor object at 0x100c644c0>
1.2367000000000028,0.08812000000000175,4905,<entities.dtn.DTN object at 0x10573ddc0>,<entities.processor.Processor object at 0x100c644c0>
1.2375500000000028,0.08812000000000175,4905,<entities.dtn.DTN object at 0x10573ddc0>,<entities.processor.Processor object at 0x100c644c0>
1.241800000000003,0.09152000000000182,4905,<entities.dtn.DTN object at 0x10573ddc0>,<entities.processor.Processor object at 0x100c644c0>
1.242650000000003,0.09152000000000182,4905,<entities.dtn.DTN object at 0x10573ddc0>,<entities.processor.Processor object at 0x100c644c0>
1.243500000000003,0.09152000000000182,4905,<entities.dtn.DTN object at 0x10573ddc0>,<entities.processor.Processor object at 0x100c644c0>
1.244350000000003,0.09152000000000182,4905,<entities.dtn.DTN object at 0x10573ddc0>,<entities.processor.Processor object at 0x100c644c0>
1.245200000000003,0.09152000000000182,4905,<entities.dtn.DTN object at 0x10573ddc0>,<entities.processor.Processor object at 0x100c644c0>
1.246050000000003,0.09152000000000182,4905,<entities.dtn.DTN object at 0x10573ddc0>,<entities.processor.Processor object at 0x100c644c0>
1.2554000000000032,0.06690000000000129,4905,<entities.dtn.DTN object at 0x10573ddc0>,<entities.processor.Processor object at 0x100c644c0>
2.6010100000000014,0.10077999999999987,45597,<entities.dtn.DTN object at 0x10573ddc0>,<entities.processor.Processor object at 0x105757880>
2.7018600000000013,0.10091000000000028,45597,<entities.dtn.DTN object at 0x10573ddc0>,<entities.processor.Processor object at 0x105757880>
2.702710000000001,0.10172999999999988,45597,<entities.dtn.DTN object at 0x10573ddc0>,<entities.processor.Processor object at 0x105757880>
2.803560000000001,0.10176000000000007,45597,<entities.dtn.DTN object at 0x10573ddc0>,<entities.processor.Processor object at 0x105757880>
2.8044100000000007,0.10257999999999967,45597,<entities.dtn.DTN object at 0x10573ddc0>,<entities.processor.Processor object at 0x105757880>
2.8052600000000005,0.10260999999999987,45597,<entities.dtn.DTN object at 0x10573ddc0>,<entities.processor.Processor object at 0x105757880>
2.8061100000000003,0.10342999999999947,45597,<entities.dtn.DTN object at 0x10573ddc0>,<entities.processor.Processor object at 0x105757880>
2.90696,0.10345999999999966,45597,<entities.dtn.DTN object at 0x10573ddc0>,<entities.processor.Processor object at 0x105757880>
2.90781,0.10427999999999926,45597,<entities.dtn.DTN object at 0x10573ddc0>,<entities.processor.Processor object at 0x105757880>
2.90866,0.10430999999999946,45597,<entities.dtn.DTN object at 0x10573ddc0>,<entities.processor.Processor object at 0x105757880>
2.9095099999999996,0.10512999999999906,45597,<entities.dtn.DTN object at 0x10573ddc0>,<entities.processor.Processor object at 0x105757880>
2.9103599999999994,0.10515999999999925,45597,<entities.dtn.DTN object at 0x10573ddc0>,<entities.processor.Processor object at 0x105757880>
2.911209999999999,0.10597999999999885,45597,<entities.dtn.DTN object at 0x10573ddc0>,<entities.processor.Processor object at 0x105757880>
2.912059999999999,0.10600999999999905,45597,<entities.dtn.DTN object at 0x10573ddc0>,<entities.processor.Processor object at 0x105757880>
2.912909999999999,0.10682999999999865,45597,<entities.dtn.DTN object at 0x10573ddc0>,<entities.processor.Processor object at 0x105757880>
3.0137599999999987,0.10685999999999884,45597,<entities.dtn.DTN object at 0x10573ddc0>,<entities.processor.Processor object at 0x105757880>
3.0146099999999985,0.10767999999999844,45597,<entities.dtn.DTN object at 0x10573ddc0>,<entities.processor.Processor object at 0x105757880>
3.0154599999999983,0.10770999999999864,45597,<entities.dtn.DTN object at 0x10573ddc0>,<entities.processor.Processor object at 0x105757880>
3.016309999999998,0.10852999999999824,45597,<entities.dtn.DTN object at 0x10573ddc0>,<entities.processor.Processor object at 0x105757880>
3.017159999999998,0.10855999999999844,45597,<entities.dtn.DTN object at 0x10573ddc0>,<entities.processor.Processor object at 0x105757880>
3.0180099999999976,0.10937999999999803,45597,<entities.dtn.DTN object at 0x10573ddc0>,<entities.processor.Processor object at 0x105757880>
3.0188599999999974,0.10940999999999823,45597,<entities.dtn.DTN object at 0x10573ddc0>,<entities.processor.Processor object at 0x105757880>
3.0197099999999972,0.11022999999999783,45597,<entities.dtn.DTN object at 0x10573ddc0>,<entities.processor.Processor object at 0x105757880>
3.020559999999997,0.11025999999999803,45597,<entities.dtn.DTN object at 0x10573ddc0>,<entities.processor.Processor object at 0x105757880>
3.021409999999997,0.11107999999999763,45597,<entities.dtn.DTN object at 0x10573ddc0>,<entities.processor.Processor object at 0x105757880>
3.0222599999999966,0.11110999999999782,45597,<entities.dtn.DTN object at 0x10573ddc0>,<entities.processor.Processor object at 0x105757880>
3.0231099999999964,0.11192999999999742,45597,<entities.dtn.DTN object at 0x10573ddc0>,<entities.processor.Processor object at 0x105757880>
3.023959999999996,0.11195999999999762,45597,<entities.dtn.DTN object at 0x10573ddc0>,<entities.processor.Processor object at 0x105757880>
3.024809999999996,0.11277999999999722,45597,<entities.dtn.DTN object at 0x10573ddc0>,<entities.processor.Processor object at 0x105757880>
3.025659999999996,0.11280999999999741,45597,<entities.dtn.DTN object at 0x10573ddc0>,<entities.processor.Processor object at 0x105757880>
3.0265099999999956,0.11362999999999701,45597,<entities.dtn.DTN object at 0x10573ddc0>,<entities.processor.Processor object at 0x105757880>
3.0273599999999954,0.013659999999997119,45597,<entities.dtn.DTN object at 0x10573ddc0>,<entities.processor.Processor object at 0x105757880>
3.028209999999995,0.014479999999996718,45597,<entities.dtn.DTN object at 0x10573ddc0>,<entities.processor.Processor object at 0x105757880>
3.029059999999995,0.014509999999996914,45597,<entities.dtn.DTN object at 0x10573ddc0>,<entities.processor.Processor object at 0x105757880>
3.0299099999999948,0.015329999999996513,45597,<entities.dtn.DTN object at 0x10573ddc0>,<entities.processor.Processor object at 0x105757880>
3.0307599999999946,0.01535999999999671,45597,<entities.dtn.DTN object at 0x10573ddc0>,<entities.processor.Processor object at 0x105757880>
3.0316099999999944,0.01617999999999631,45597,<entities.dtn.DTN object at 0x10573ddc0>,<entities.processor.Processor object at 0x105757880>
3.032459999999994,0.016209999999996505,45597,<entities.dtn.DTN object at 0x10573ddc0>,<entities.processor.Processor object at 0x105757880>
3.033309999999994,0.017029999999996104,45597,<entities.dtn.DTN object at 0x10573ddc0>,<entities.processor.Processor object at 0x105757880>
3.0341599999999938,0.0170599999999963,45597,<entities.dtn.DTN object at 0x10573ddc0>,<entities.processor.Processor object at 0x105757880>
3.0350099999999935,0.0178799999999959,45597,<entities.dtn.DTN object at 0x10573ddc0>,<entities.processor.Processor object at 0x105757880>
3.0358599999999933,0.017909999999996096,45597,<entities.dtn.DTN object at 0x10573ddc0>,<entities.processor.Processor object at 0x105757880>
3.036709999999993,0.018729999999995695,45597,<entities.dtn.DTN object at 0x10573ddc0>,<entities.processor.Processor object at 0x105757880>
3.037559999999993,0.01875999999999589,45597,<entities.dtn.DTN object at 0x10573ddc0>,<entities.processor.Processor object at 0x105757880>
3.0384099999999927,0.01957999999999549,45597,<entities.dtn.DTN object at 0x10573ddc0>,<entities.processor.Processor object at 0x105757880>
3.0392599999999925,0.019609999999995686,45597,<entities.dtn.DTN object at 0x10573ddc0>,<entities.processor.Processor object at 0x105757880>
3.0401099999999923,0.020429999999995285,45597,<entities.dtn.DTN object at 0x10573ddc0>,<entities.processor.Processor object at 0x105757880>
3.040959999999992,0.020459999999995482,45597,<entities.dtn.DTN object at 0x10573ddc0>,<entities.processor.Processor object at 0x105757880>
3.041809999999992,0.02127999999999508,45597,<entities.dtn.DTN object at 0x10573ddc0>,<entities.processor.Processor object at 0x105757880>
3.0426599999999917,0.021309999999995277,45597,<entities.dtn.DTN object at 0x10573ddc0>,<entities.processor.Processor object at 0x105757880>
3.0435099999999915,0.022129999999994876,45597,<entities.dtn.DTN object at 0x10573ddc0>,<entities.processor.Processor object at 0x105757880>
3.0443599999999913,0.022159999999995073,45597,<entities.dtn.DTN object at 0x10573ddc0>,<entities.processor.Processor object at 0x105757880>
3.045209999999991,0.02297999999999467,45597,<entities.dtn.DTN object at 0x10573ddc0>,<entities.processor.Processor object at 0x105757880>
3.046059999999991,0.023009999999994868,45597,<entities.dtn.DTN object at 0x10573ddc0>,<entities.processor.Processor object at 0x105757880>
3.0469099999999907,0.023829999999994467,45597,<entities.dtn.DTN object at 0x10573ddc0>,<entities.processor.Processor object at 0x105757880>
3.0477599999999905,0.023859999999994663,45597,<entities.dtn.DTN object at 0x10573ddc0>,<entities.processor.Processor object at 0x105757880>
3.0486099999999903,0.024679999999994262,45597,<entities.dtn.DTN object at 0x10573ddc0>,<entities.processor.Processor object at 0x105757880>
3.04945999999999,0.02470999999999446,45597,<entities.dtn.DTN object at 0x10573ddc0>,<entities.processor.Processor object at 0x105757880>
3.05030999999999,0.025529999999994057,45597,<entities.dtn.DTN object at 0x10573ddc0>,<entities.processor.Processor object at 0x105757880>
3.0511599999999897,0.025559999999994254,45597,<entities.dtn.DTN object at 0x10573ddc0>,<entities.processor.Processor object at 0x105757880>
3.0520099999999895,0.026379999999993853,45597,<entities.dtn.DTN object at 0x10573ddc0>,<entities.processor.Processor object at 0x105757880>
3.0528599999999892,0.02640999999999405,45597,<entities.dtn.DTN object at 0x10573ddc0>,<entities.processor.Processor object at 0x105757880>
3.053709999999989,0.027229999999993648,45597,<entities.dtn.DTN object at 0x10573ddc0>,<entities.processor.Processor object at 0x105757880>
3.054559999999989,0.027259999999993845,45597,<entities.dtn.DTN object at 0x10573ddc0>,<entities.processor.Processor object at 0x105757880>
3.0553799999999884,0.028049999999993247,45597,<entities.dtn.DTN object at 0x10573ddc0>,<entities.processor.Processor object at 0x105757880>
3.0562299999999882,0.028079999999993444,45597,<entities.dtn.DTN object at 0x10573ddc0>,<entities.processor.Processor object at 0x105757880>
3.057079999999988,0.028899999999993042,45597,<entities.dtn.DTN object at 0x10573ddc0>,<entities.processor.Processor object at 0x105757880>
3.057929999999988,0.02892999999999324,45597,<entities.dtn.DTN object at 0x10573ddc0>,<entities.processor.Processor object at 0x105757880>
3.0587799999999876,0.029749999999992838,45597,<entities.dtn.DTN object at 0x10573ddc0>,<entities.processor.Processor object at 0x105757880>
3.0596299999999874,0.029779999999993034,45597,<entities.dtn.DTN object at 0x10573ddc0>,<entities.processor.Processor object at 0x105757880>
3.060479999999987,0.030599999999992633,45597,<entities.dtn.DTN object at 0x10573ddc0>,<entities.processor.Processor object at 0x105757880>
3.061329999999987,0.03062999999999283,45597,<entities.dtn.DTN object at 0x10573ddc0>,<entities.processor.Processor object at 0x105757880>
3.062179999999987,0.03144999999999243,45597,<entities.dtn.DTN object at 0x10573ddc0>,<entities.processor.Processor object at 0x105757880>
3.0630299999999866,0.031479999999992625,45597,<entities.dtn.DTN object at 0x10573ddc0>,<entities.processor.Processor object at 0x105757880>
3.0638799999999864,0.032299999999992224,45597,<entities.dtn.DTN object at 0x10573ddc0>,<entities.processor.Processor object at 0x105757880>
3.064729999999986,0.03232999999999242,45597,<entities.dtn.DTN object at 0x10573ddc0>,<entities.processor.Processor object at 0x105757880>
3.065579999999986,0.03314999999999202,45597,<entities.dtn.DTN object at 0x10573ddc0>,<entities.processor.Processor object at 0x105757880>
3.066429999999986,0.033179999999992216,45597,<entities.dtn.DTN object at 0x10573ddc0>,<entities.processor.Processor object at 0x105757880>
3.0672799999999856,0.033999999999991815,45597,<entities.dtn.DTN object at 0x10573ddc0>,<entities.processor.Processor object at 0x105757880>
3.0681299999999854,0.03402999999999201,45597,<entities.dtn.DTN object at 0x10573ddc0>,<entities.processor.Processor object at 0x105757880>
3.068979999999985,0.03484999999999161,45597,<entities.dtn.DTN object at 0x10573ddc0>,<entities.processor.Processor object at 0x105757880>
3.069829999999985,0.034879999999991806,45597,<entities.dtn.DTN object at 0x10573ddc0>,<entities.processor.Processor object at 0x105757880>
3.0706799999999848,0.035699999999991405,45597,<entities.dtn.DTN object at 0x10573ddc0>,<entities.processor.Processor object at 0x105757880>
3.0715299999999846,0.0357299999999916,45597,<entities.dtn.DTN object at 0x10573ddc0>,<entities.processor.Processor object at 0x105757880>
3.0723799999999843,0.0365499999999912,45597,<entities.dtn.DTN object at 0x10573ddc0>,<entities.processor.Processor object at 0x105757880>
3.073229999999984,0.0365799999999914,45597,<entities.dtn.DTN object at 0x10573ddc0>,<entities.processor.Processor object at 0x105757880>
3.074079999999984,0.037399999999990996,45597,<entities.dtn.DTN object at 0x10573ddc0>,<entities.processor.Processor object at 0x105757880>
3.0749299999999837,0.03742999999999119,45597,<entities.dtn.DTN object at 0x10573ddc0>,<entities.processor.Processor object at 0x105757880>
3.0757799999999835,0.03824999999999079,45597,<entities.dtn.DTN object at 0x10573ddc0>,<entities.processor.Processor object at 0x105757880>
3.0766299999999833,0.03827999999999099,45597,<entities.dtn.DTN object at 0x10573ddc0>,<entities.processor.Processor object at 0x105757880>
3.077479999999983,0.03909999999999059,45597,<entities.dtn.DTN object at 0x10573ddc0>,<entities.processor.Processor object at 0x105757880>
3.078329999999983,0.03912999999999078,45597,<entities.dtn.DTN object at 0x10573ddc0>,<entities.processor.Processor object at 0x105757880>
3.0791799999999827,0.03994999999999038,45597,<entities.dtn.DTN object at 0x10573ddc0>,<entities.processor.Processor object at 0x105757880>
3.0800299999999825,0.03997999999999058,45597,<entities.dtn.DTN object at 0x10573ddc0>,<entities.processor.Processor object at 0x105757880>
3.0808799999999823,0.04079999999999018,45597,<entities.dtn.DTN object at 0x10573ddc0>,<entities.processor.Processor object at 0x105757880>
3.081729999999982,0.040829999999990374,45597,<entities.dtn.DTN object at 0x10573ddc0>,<entities.processor.Processor object at 0x105757880>
3.082579999999982,0.04164999999998997,45597,<entities.dtn.DTN object at 0x10573ddc0>,<entities.processor.Processor object at 0x105757880>
3.0834299999999817,0.04167999999999017,45597,<entities.dtn.DTN object at 0x10573ddc0>,<entities.processor.Processor object at 0x105757880>
3.0842799999999815,0.04249999999998977,45597,<entities.dtn.DTN object at 0x10573ddc0>,<entities.processor.Processor object at 0x105757880>
3.0851299999999813,0.042529999999989965,45597,<entities.dtn.DTN object at 0x10573ddc0>,<entities.processor.Processor object at 0x105757880>
3.085979999999981,0.043349999999989564,45597,<entities.dtn.DTN object at 0x10573ddc0>,<entities.processor.Processor object at 0x105757880>
3.086829999999981,0.04337999999998976,45597,<entities.dtn.DTN object at 0x10573ddc0>,<entities.processor.Processor object at 0x105757880>
3.0876799999999807,0.04419999999998936,45597,<entities.dtn.DTN object at 0x10573ddc0>,<entities.processor.Processor object at 0x105757880>
3.0885299999999805,0.044229999999989555,45597,<entities.dtn.DTN object at 0x10573ddc0>,<entities.processor.Processor object at 0x105757880>
3.0893799999999803,0.045049999999989154,45597,<entities.dtn.DTN object at 0x10573ddc0>,<entities.processor.Processor object at 0x105757880>
3.09022999999998,0.04507999999998935,45597,<entities.dtn.DTN object at 0x10573ddc0>,<entities.processor.Processor object at 0x105757880>
3.09107999999998,0.04589999999998895,45597,<entities.dtn.DTN object at 0x10573ddc0>,<entities.processor.Processor object at 0x105757880>
3.0919299999999796,0.045929999999989146,45597,<entities.dtn.DTN object at 0x10573ddc0>,<entities.processor.Processor object at 0x105757880>
3.0927799999999794,0.046749999999988745,45597,<entities.dtn.DTN object at 0x10573ddc0>,<entities.processor.Processor object at 0x105757880>
3.13979999999997,0.09291999999997946,45597,<entities.dtn.DTN object at 0x10573ddc0>,<entities.processor.Processor object at 0x105757880>
3.140409999999968,0.09267999999997789,45597,<entities.dtn.DTN object at 0x10573ddc0>,<entities.processor.Processor object at 0x105757880>
3.141259999999968,0.09267999999997789,45597,<entities.dtn.DTN object at 0x10573ddc0>,<entities.processor.Processor object at 0x105757880>
3.1421099999999678,0.09267999999997789,45597,<entities.dtn.DTN object at 0x10573ddc0>,<entities.processor.Processor object at 0x105757880>
3.1463299999999665,0.09604999999997688,45597,<entities.dtn.DTN object at 0x10573ddc0>,<entities.processor.Processor object at 0x105757880>
3.1471799999999663,0.09604999999997688,45597,<entities.dtn.DTN object at 0x10573ddc0>,<entities.processor.Processor object at 0x105757880>
3.148029999999966,0.09604999999997688,45597,<entities.dtn.DTN object at 0x10573ddc0>,<entities.processor.Processor object at 0x105757880>
3.148879999999966,0.09604999999997688,45597,<entities.dtn.DTN object at 0x10573ddc0>,<entities.processor.Processor object at 0x105757880>
3.1497299999999657,0.09604999999997688,45597,<entities.dtn.DTN object at 0x10573ddc0>,<entities.processor.Processor object at 0x105757880>
3.1505799999999655,0.09604999999997688,45597,<entities.dtn.DTN object at 0x10573ddc0>,<entities.processor.Processor object at 0x105757880>
3.1601099999999644,0.06735999999998521,45597,<entities.dtn.DTN object at 0x10573ddc0>,<entities.processor.Processor object at 0x105757880>
3.184669999999958,0.04516999999998994,45597,<entities.dtn.DTN object at 0x10573ddc0>,<entities.processor.Processor object at 0x105757880>
3.185399999999957,0.04586999999998875,45597,<entities.dtn.DTN object at 0x10573ddc0>,<entities.processor.Processor object at 0x105757880>
3.1862499999999567,0.04668999999998835,45597,<entities.dtn.DTN object at 0x10573ddc0>,<entities.processor.Processor object at 0x105757880>
3.227049999999947,0.08745999999997833,45597,<entities.dtn.DTN object at 0x10573ddc0>,<entities.processor.Processor object at 0x105757880>
3.2278999999999467,0.08827999999997793,45597,<entities.dtn.DTN object at 0x10573ddc0>,<entities.processor.Processor object at 0x105757880>
3.2287499999999465,0.08909999999997753,45597,<entities.dtn.DTN object at 0x10573ddc0>,<entities.processor.Processor object at 0x105757880>
3.2295999999999463,0.08991999999997713,45597,<entities.dtn.DTN object at 0x10573ddc0>,<entities.processor.Processor object at 0x105757880>
3.230449999999946,0.09073999999997673,45597,<entities.dtn.DTN object at 0x10573ddc0>,<entities.processor.Processor object at 0x105757880>
3.231299999999946,0.09155999999997633,45597,<entities.dtn.DTN object at 0x10573ddc0>,<entities.processor.Processor object at 0x105757880>
3.2321499999999457,0.09237999999997593,45597,<entities.dtn.DTN object at 0x10573ddc0>,<entities.processor.Processor object at 0x105757880>
3.2329999999999455,0.0926199999999775,45597,<entities.dtn.DTN object at 0x10573ddc0>,<entities.processor.Processor object at 0x105757880>
3.2338499999999453,0.0926199999999775,45597,<entities.dtn.DTN object at 0x10573ddc0>,<entities.processor.Processor object at 0x105757880>
3.234699999999945,0.0926199999999775,45597,<entities.dtn.DTN object at 0x10573ddc0>,<entities.processor.Processor object at 0x105757880>
3.244049999999943,0.059409999999985086,45597,<entities.dtn.DTN object at 0x10573ddc0>,<entities.processor.Processor object at 0x105757880>
4.601009999999999,0.10064999999999813,48400,<entities.dtn.DTN object at 0x10573ddc0>,<entities.processor.Processor object at 0x105757b20>
4.701859999999998,0.10090999999999894,48400,<entities.dtn.DTN object at 0x10573ddc0>,<entities.processor.Processor object at 0x105757b20>
4.702709999999998,0.10172999999999899,48400,<entities.dtn.DTN object at 0x10573ddc0>,<entities.processor.Processor object at 0x105757b20>
4.803559999999997,0.10175999999999874,48400,<entities.dtn.DTN object at 0x10573ddc0>,<entities.processor.Processor object at 0x105757b20>
4.804409999999997,0.10257999999999878,48400,<entities.dtn.DTN object at 0x10573ddc0>,<entities.processor.Processor object at 0x105757b20>
4.805259999999997,0.10260999999999854,48400,<entities.dtn.DTN object at 0x10573ddc0>,<entities.processor.Processor object at 0x105757b20>
4.806109999999997,0.10342999999999858,48400,<entities.dtn.DTN object at 0x10573ddc0>,<entities.processor.Processor object at 0x105757b20>
4.906959999999996,0.10345999999999833,48400,<entities.dtn.DTN object at 0x10573ddc0>,<entities.processor.Processor object at 0x105757b20>
4.907809999999996,0.10427999999999837,48400,<entities.dtn.DTN object at 0x10573ddc0>,<entities.processor.Processor object at 0x105757b20>
4.908659999999996,0.10430999999999813,48400,<entities.dtn.DTN object at 0x10573ddc0>,<entities.processor.Processor object at 0x105757b20>
4.909509999999996,0.10512999999999817,48400,<entities.dtn.DTN object at 0x10573ddc0>,<entities.processor.Processor object at 0x105757b20>
4.910359999999995,0.10515999999999792,48400,<entities.dtn.DTN object at 0x10573ddc0>,<entities.processor.Processor object at 0x105757b20>
4.911209999999995,0.10597999999999796,48400,<entities.dtn.DTN object at 0x10573ddc0>,<entities.processor.Processor object at 0x105757b20>
4.912059999999995,0.10600999999999772,48400,<entities.dtn.DTN object at 0x10573ddc0>,<entities.processor.Processor object at 0x105757b20>
4.912909999999995,0.10682999999999776,48400,<entities.dtn.DTN object at 0x10573ddc0>,<entities.processor.Processor object at 0x105757b20>
5.013759999999994,0.10685999999999751,48400,<entities.dtn.DTN object at 0x10573ddc0>,<entities.processor.Processor object at 0x105757b20>
5.014609999999994,0.10767999999999756,48400,<entities.dtn.DTN object at 0x10573ddc0>,<entities.processor.Processor object at 0x105757b20>
5.015459999999994,0.10770999999999731,48400,<entities.dtn.DTN object at 0x10573ddc0>,<entities.processor.Processor object at 0x105757b20>
5.016309999999994,0.10852999999999735,48400,<entities.dtn.DTN object at 0x10573ddc0>,<entities.processor.Processor object at 0x105757b20>
5.017159999999993,0.1085599999999971,48400,<entities.dtn.DTN object at 0x10573ddc0>,<entities.processor.Processor object at 0x105757b20>
5.018009999999993,0.10937999999999715,48400,<entities.dtn.DTN object at 0x10573ddc0>,<entities.processor.Processor object at 0x105757b20>
5.018859999999993,0.1094099999999969,48400,<entities.dtn.DTN object at 0x10573ddc0>,<entities.processor.Processor object at 0x105757b20>
5.019709999999993,0.11022999999999694,48400,<entities.dtn.DTN object at 0x10573ddc0>,<entities.processor.Processor object at 0x105757b20>
5.020559999999993,0.1102599999999967,48400,<entities.dtn.DTN object at 0x10573ddc0>,<entities.processor.Processor object at 0x105757b20>
5.021409999999992,0.11107999999999674,48400,<entities.dtn.DTN object at 0x10573ddc0>,<entities.processor.Processor object at 0x105757b20>
5.022259999999992,0.11110999999999649,48400,<entities.dtn.DTN object at 0x10573ddc0>,<entities.processor.Processor object at 0x105757b20>
5.023109999999992,0.11192999999999653,48400,<entities.dtn.DTN object at 0x10573ddc0>,<entities.processor.Processor object at 0x105757b20>
5.023959999999992,0.11195999999999628,48400,<entities.dtn.DTN object at 0x10573ddc0>,<entities.processor.Processor object at 0x105757b20>
5.024809999999992,0.11277999999999633,48400,<entities.dtn.DTN object at 0x10573ddc0>,<entities.processor.Processor object at 0x105757b20>
5.025659999999991,0.11280999999999608,48400,<entities.dtn.DTN object at 0x10573ddc0>,<entities.processor.Processor object at 0x105757b20>
5.026509999999991,0.11362999999999612,48400,<entities.dtn.DTN object at 0x10573ddc0>,<entities.processor.Processor object at 0x105757b20>
5.027359999999991,0.01365999999999623,48400,<entities.dtn.DTN object at 0x10573ddc0>,<entities.processor.Processor object at 0x105757b20>
5.028209999999991,0.014479999999996274,48400,<entities.dtn.DTN object at 0x10573ddc0>,<entities.processor.Processor object at 0x105757b20>
5.0290599999999905,0.014509999999996026,48400,<entities.dtn.DTN object at 0x10573ddc0>,<entities.processor.Processor object at 0x105757b20>
5.02990999999999,0.015329999999996069,48400,<entities.dtn.DTN object at 0x10573ddc0>,<entities.processor.Processor object at 0x105757b20>
5.03075999999999,0.015359999999995821,48400,<entities.dtn.DTN object at 0x10573ddc0>,<entities.processor.Processor object at 0x105757b20>
5.03160999999999,0.016179999999995864,48400,<entities.dtn.DTN object at 0x10573ddc0>,<entities.processor.Processor object at 0x105757b20>
5.03245999999999,0.016209999999995617,48400,<entities.dtn.DTN object at 0x10573ddc0>,<entities.processor.Processor object at 0x105757b20>
5.0333099999999895,0.01702999999999566,48400,<entities.dtn.DTN object at 0x10573ddc0>,<entities.processor.Processor object at 0x105757b20>
5.034159999999989,0.017059999999995412,48400,<entities.dtn.DTN object at 0x10573ddc0>,<entities.processor.Processor object at 0x105757b20>
5.035009999999989,0.017879999999995455,48400,<entities.dtn.DTN object at 0x10573ddc0>,<entities.processor.Processor object at 0x105757b20>
5.035859999999989,0.017909999999995208,48400,<entities.dtn.DTN object at 0x10573ddc0>,<entities.processor.Processor object at 0x105757b20>
5.036709999999989,0.01872999999999525,48400,<entities.dtn.DTN object at 0x10573ddc0>,<entities.processor.Processor object at 0x105757b20>
5.0375599999999885,0.018759999999995003,48400,<entities.dtn.DTN object at 0x10573ddc0>,<entities.processor.Processor object at 0x105757b20>
5.038409999999988,0.019579999999995046,48400,<entities.dtn.DTN object at 0x10573ddc0>,<entities.processor.Processor object at 0x105757b20>
5.039259999999988,0.019609999999994798,48400,<entities.dtn.DTN object at 0x10573ddc0>,<entities.processor.Processor object at 0x105757b20>
5.040109999999988,0.02042999999999484,48400,<entities.dtn.DTN object at 0x10573ddc0>,<entities.processor.Processor object at 0x105757b20>
5.040959999999988,0.020459999999994594,48400,<entities.dtn.DTN object at 0x10573ddc0>,<entities.processor.Processor object at 0x105757b20>
5.0418099999999875,0.021279999999994637,48400,<entities.dtn.DTN object at 0x10573ddc0>,<entities.processor.Processor object at 0x105757b20>
5.042659999999987,0.02130999999999439,48400,<entities.dtn.DTN object at 0x10573ddc0>,<entities.processor.Processor object at 0x105757b20>
5.043509999999987,0.022129999999994432,48400,<entities.dtn.DTN object at 0x10573ddc0>,<entities.processor.Processor object at 0x105757b20>
5.044359999999987,0.022159999999994184,48400,<entities.dtn.DTN object at 0x10573ddc0>,<entities.processor.Processor object at 0x105757b20>
5.045209999999987,0.022979999999994227,48400,<entities.dtn.DTN object at 0x10573ddc0>,<entities.processor.Processor object at 0x105757b20>
5.0460599999999864,0.02300999999999398,48400,<entities.dtn.DTN object at 0x10573ddc0>,<entities.processor.Processor object at 0x105757b20>
5.046909999999986,0.023829999999994023,48400,<entities.dtn.DTN object at 0x10573ddc0>,<entities.processor.Processor object at 0x105757b20>
5.047759999999986,0.023859999999993775,48400,<entities.dtn.DTN object at 0x10573ddc0>,<entities.processor.Processor object at 0x105757b20>
5.048609999999986,0.024679999999993818,48400,<entities.dtn.DTN object at 0x10573ddc0>,<entities.processor.Processor object at 0x105757b20>
5.049459999999986,0.02470999999999357,48400,<entities.dtn.DTN object at 0x10573ddc0>,<entities.processor.Processor object at 0x105757b20>
5.050309999999985,0.025529999999993613,48400,<entities.dtn.DTN object at 0x10573ddc0>,<entities.processor.Processor object at 0x105757b20>
5.051159999999985,0.025559999999993366,48400,<entities.dtn.DTN object at 0x10573ddc0>,<entities.processor.Processor object at 0x105757b20>
5.052009999999985,0.02637999999999341,48400,<entities.dtn.DTN object at 0x10573ddc0>,<entities.processor.Processor object at 0x105757b20>
5.052859999999985,0.02640999999999316,48400,<entities.dtn.DTN object at 0x10573ddc0>,<entities.processor.Processor object at 0x105757b20>
5.053709999999985,0.027229999999993204,48400,<entities.dtn.DTN object at 0x10573ddc0>,<entities.processor.Processor object at 0x105757b20>
5.054559999999984,0.027259999999992957,48400,<entities.dtn.DTN object at 0x10573ddc0>,<entities.processor.Processor object at 0x105757b20>
5.055379999999984,0.028049999999993247,48400,<entities.dtn.DTN object at 0x10573ddc0>,<entities.processor.Processor object at 0x105757b20>
5.056229999999984,0.028079999999993,48400,<entities.dtn.DTN object at 0x10573ddc0>,<entities.processor.Processor object at 0x105757b20>
5.057079999999984,0.028899999999993042,48400,<entities.dtn.DTN object at 0x10573ddc0>,<entities.processor.Processor object at 0x105757b20>
5.057929999999984,0.028929999999992795,48400,<entities.dtn.DTN object at 0x10573ddc0>,<entities.processor.Processor object at 0x105757b20>
5.058779999999984,0.029749999999992838,48400,<entities.dtn.DTN object at 0x10573ddc0>,<entities.processor.Processor object at 0x105757b20>
5.059629999999983,0.02977999999999259,48400,<entities.dtn.DTN object at 0x10573ddc0>,<entities.processor.Processor object at 0x105757b20>
5.060479999999983,0.030599999999992633,48400,<entities.dtn.DTN object at 0x10573ddc0>,<entities.processor.Processor object at 0x105757b20>
5.061329999999983,0.030629999999992386,48400,<entities.dtn.DTN object at 0x10573ddc0>,<entities.processor.Processor object at 0x105757b20>
5.062179999999983,0.03144999999999243,48400,<entities.dtn.DTN object at 0x10573ddc0>,<entities.processor.Processor object at 0x105757b20>
5.063029999999983,0.03147999999999218,48400,<entities.dtn.DTN object at 0x10573ddc0>,<entities.processor.Processor object at 0x105757b20>
5.063879999999982,0.032299999999992224,48400,<entities.dtn.DTN object at 0x10573ddc0>,<entities.processor.Processor object at 0x105757b20>
5.064729999999982,0.032329999999991976,48400,<entities.dtn.DTN object at 0x10573ddc0>,<entities.processor.Processor object at 0x105757b20>
5.065579999999982,0.03314999999999202,48400,<entities.dtn.DTN object at 0x10573ddc0>,<entities.processor.Processor object at 0x105757b20>
5.066429999999982,0.03317999999999177,48400,<entities.dtn.DTN object at 0x10573ddc0>,<entities.processor.Processor object at 0x105757b20>
5.067279999999982,0.033999999999991815,48400,<entities.dtn.DTN object at 0x10573ddc0>,<entities.processor.Processor object at 0x105757b20>
5.068129999999981,0.03402999999999157,48400,<entities.dtn.DTN object at 0x10573ddc0>,<entities.processor.Processor object at 0x105757b20>
5.068979999999981,0.03484999999999161,48400,<entities.dtn.DTN object at 0x10573ddc0>,<entities.processor.Processor object at 0x105757b20>
5.069829999999981,0.03487999999999136,48400,<entities.dtn.DTN object at 0x10573ddc0>,<entities.processor.Processor object at 0x105757b20>
5.070679999999981,0.035699999999991405,48400,<entities.dtn.DTN object at 0x10573ddc0>,<entities.processor.Processor object at 0x105757b20>
5.0715299999999806,0.03572999999999116,48400,<entities.dtn.DTN object at 0x10573ddc0>,<entities.processor.Processor object at 0x105757b20>
5.07237999999998,0.0365499999999912,48400,<entities.dtn.DTN object at 0x10573ddc0>,<entities.processor.Processor object at 0x105757b20>
5.07322999999998,0.03657999999999095,48400,<entities.dtn.DTN object at 0x10573ddc0>,<entities.processor.Processor object at 0x105757b20>
5.07407999999998,0.037399999999990996,48400,<entities.dtn.DTN object at 0x10573ddc0>,<entities.processor.Processor object at 0x105757b20>
5.07492999999998,0.03742999999999075,48400,<entities.dtn.DTN object at 0x10573ddc0>,<entities.processor.Processor object at 0x105757b20>
5.0757799999999795,0.03824999999999079,48400,<entities.dtn.DTN object at 0x10573ddc0>,<entities.processor.Processor object at 0x105757b20>
5.076629999999979,0.038279999999990544,48400,<entities.dtn.DTN object at 0x10573ddc0>,<entities.processor.Processor object at 0x105757b20>
5.077479999999979,0.03909999999999059,48400,<entities.dtn.DTN object at 0x10573ddc0>,<entities.processor.Processor object at 0x105757b20>
5.078329999999979,0.03912999999999034,48400,<entities.dtn.DTN object at 0x10573ddc0>,<entities.processor.Processor object at 0x105757b20>
5.079179999999979,0.03994999999999038,48400,<entities.dtn.DTN object at 0x10573ddc0>,<entities.processor.Processor object at 0x105757b20>
5.0800299999999785,0.039979999999990135,48400,<entities.dtn.DTN object at 0x10573ddc0>,<entities.processor.Processor object at 0x105757b20>
5.080879999999978,0.04079999999999018,48400,<entities.dtn.DTN object at 0x10573ddc0>,<entities.processor.Processor object at 0x105757b20>
5.081729999999978,0.04082999999998993,48400,<entities.dtn.DTN object at 0x10573ddc0>,<entities.processor.Processor object at 0x105757b20>
5.082579999999978,0.04164999999998997,48400,<entities.dtn.DTN object at 0x10573ddc0>,<entities.processor.Processor object at 0x105757b20>
5.083429999999978,0.041679999999989725,48400,<entities.dtn.DTN object at 0x10573ddc0>,<entities.processor.Processor object at 0x105757b20>
5.0842799999999775,0.04249999999998977,48400,<entities.dtn.DTN object at 0x10573ddc0>,<entities.processor.Processor object at 0x105757b20>
5.085129999999977,0.04252999999998952,48400,<entities.dtn.DTN object at 0x10573ddc0>,<entities.processor.Processor object at 0x105757b20>
5.085979999999977,0.043349999999989564,48400,<entities.dtn.DTN object at 0x10573ddc0>,<entities.processor.Processor object at 0x105757b20>
5.086829999999977,0.043379999999989316,48400,<entities.dtn.DTN object at 0x10573ddc0>,<entities.processor.Processor object at 0x105757b20>
5.087679999999977,0.04419999999998936,48400,<entities.dtn.DTN object at 0x10573ddc0>,<entities.processor.Processor object at 0x105757b20>
5.0885299999999765,0.04422999999998911,48400,<entities.dtn.DTN object at 0x10573ddc0>,<entities.processor.Processor object at 0x105757b20>
5.089379999999976,0.045049999999989154,48400,<entities.dtn.DTN object at 0x10573ddc0>,<entities.processor.Processor object at 0x105757b20>
5.090199999999976,0.045049999999989154,48400,<entities.dtn.DTN object at 0x10573ddc0>,<entities.processor.Processor object at 0x105757b20>
5.091049999999976,0.0458699999999892,48400,<entities.dtn.DTN object at 0x10573ddc0>,<entities.processor.Processor object at 0x105757b20>
5.091899999999976,0.04589999999998895,48400,<entities.dtn.DTN object at 0x10573ddc0>,<entities.processor.Processor object at 0x105757b20>
5.092749999999976,0.04671999999998899,48400,<entities.dtn.DTN object at 0x10573ddc0>,<entities.processor.Processor object at 0x105757b20>
5.136099999999965,0.08921999999997876,48400,<entities.dtn.DTN object at 0x10573ddc0>,<entities.processor.Processor object at 0x105757b20>
5.136949999999965,0.08921999999997876,48400,<entities.dtn.DTN object at 0x10573ddc0>,<entities.processor.Processor object at 0x105757b20>
5.137799999999965,0.08921999999997876,48400,<entities.dtn.DTN object at 0x10573ddc0>,<entities.processor.Processor object at 0x105757b20>
5.138649999999965,0.08921999999997876,48400,<entities.dtn.DTN object at 0x10573ddc0>,<entities.processor.Processor object at 0x105757b20>
5.142899999999964,0.09261999999997794,48400,<entities.dtn.DTN object at 0x10573ddc0>,<entities.processor.Processor object at 0x105757b20>
5.143749999999963,0.09261999999997794,48400,<entities.dtn.DTN object at 0x10573ddc0>,<entities.processor.Processor object at 0x105757b20>
5.144599999999963,0.09261999999997794,48400,<entities.dtn.DTN object at 0x10573ddc0>,<entities.processor.Processor object at 0x105757b20>
5.145449999999963,0.09261999999997794,48400,<entities.dtn.DTN object at 0x10573ddc0>,<entities.processor.Processor object at 0x105757b20>
5.146299999999963,0.09261999999997794,48400,<entities.dtn.DTN object at 0x10573ddc0>,<entities.processor.Processor object at 0x105757b20>
5.147149999999963,0.09261999999997794,48400,<entities.dtn.DTN object at 0x10573ddc0>,<entities.processor.Processor object at 0x105757b20>
5.15649999999996,0.06714999999998383,48400,<entities.dtn.DTN object at 0x10573ddc0>,<entities.processor.Processor object at 0x105757b20>
0.20101,0.10090999999999999,72482,<entities.dtn.DTN object at 0x10577b4c0>,<entities.processor.Processor object at 0x1057854c0>
0.30185999999999996,0.10090999999999997,72482,<entities.dtn.DTN object at 0x10577b4c0>,<entities.processor.Processor object at 0x1057854c0>
0.30271,0.10172999999999999,72482,<entities.dtn.DTN object at 0x10577b4c0>,<entities.processor.Processor object at 0x1057854c0>
0.40356000000000003,0.10176000000000002,72482,<entities.dtn.DTN object at 0x10577b4c0>,<entities.processor.Processor object at 0x1057854c0>
0.40441000000000005,0.10258000000000006,72482,<entities.dtn.DTN object at 0x10577b4c0>,<entities.processor.Processor object at 0x1057854c0>
0.40526000000000006,0.10261000000000003,72482,<entities.dtn.DTN object at 0x10577b4c0>,<entities.processor.Processor object at 0x1057854c0>
0.4061100000000001,0.10343000000000008,72482,<entities.dtn.DTN object at 0x10577b4c0>,<entities.processor.Processor object at 0x1057854c0>
0.5069600000000001,0.10346,72482,<entities.dtn.DTN object at 0x10577b4c0>,<entities.processor.Processor object at 0x1057854c0>
0.5078100000000001,0.10428000000000004,72482,<entities.dtn.DTN object at 0x10577b4c0>,<entities.processor.Processor object at 0x1057854c0>
0.5086600000000001,0.10431000000000001,72482,<entities.dtn.DTN object at 0x10577b4c0>,<entities.processor.Processor object at 0x1057854c0>
0.5095100000000001,0.10513000000000006,72482,<entities.dtn.DTN object at 0x10577b4c0>,<entities.processor.Processor object at 0x1057854c0>
0.5103600000000001,0.10516000000000003,72482,<entities.dtn.DTN object at 0x10577b4c0>,<entities.processor.Processor object at 0x1057854c0>
0.5112100000000002,0.10598000000000007,72482,<entities.dtn.DTN object at 0x10577b4c0>,<entities.processor.Processor object at 0x1057854c0>
0.5120600000000002,0.10601000000000005,72482,<entities.dtn.DTN object at 0x10577b4c0>,<entities.processor.Processor object at 0x1057854c0>
0.5129100000000002,0.10683000000000009,72482,<entities.dtn.DTN object at 0x10577b4c0>,<entities.processor.Processor object at 0x1057854c0>
0.6137600000000002,0.10686000000000007,72482,<entities.dtn.DTN object at 0x10577b4c0>,<entities.processor.Processor object at 0x1057854c0>
0.6146100000000002,0.10768000000000011,72482,<entities.dtn.DTN object at 0x10577b4c0>,<entities.processor.Processor object at 0x1057854c0>
0.6154600000000002,0.10771000000000008,72482,<entities.dtn.DTN object at 0x10577b4c0>,<entities.processor.Processor object at 0x1057854c0>
0.6163100000000002,0.10853000000000013,72482,<entities.dtn.DTN object at 0x10577b4c0>,<entities.processor.Processor object at 0x1057854c0>
0.6171600000000003,0.1085600000000001,72482,<entities.dtn.DTN object at 0x10577b4c0>,<entities.processor.Processor object at 0x1057854c0>
0.6180100000000003,0.10938000000000014,72482,<entities.dtn.DTN object at 0x10577b4c0>,<entities.processor.Processor object at 0x1057854c0>
0.6188600000000003,0.10941000000000012,72482,<entities.dtn.DTN object at 0x10577b4c0>,<entities.processor.Processor object at 0x1057854c0>
0.6197100000000003,0.11023000000000016,72482,<entities.dtn.DTN object at 0x10577b4c0>,<entities.processor.Processor object at 0x1057854c0>
0.6205600000000003,0.11026000000000014,72482,<entities.dtn.DTN object at 0x10577b4c0>,<entities.processor.Processor object at 0x1057854c0>
0.6214100000000004,0.11108000000000018,72482,<entities.dtn.DTN object at 0x10577b4c0>,<entities.processor.Processor object at 0x1057854c0>
0.6222600000000004,0.11111000000000015,72482,<entities.dtn.DTN object at 0x10577b4c0>,<entities.processor.Processor object at 0x1057854c0>
0.6231100000000004,0.1119300000000002,72482,<entities.dtn.DTN object at 0x10577b4c0>,<entities.processor.Processor object at 0x1057854c0>
0.6239600000000004,0.11196000000000017,72482,<entities.dtn.DTN object at 0x10577b4c0>,<entities.processor.Processor object at 0x1057854c0>
0.6248100000000004,0.11278000000000021,72482,<entities.dtn.DTN object at 0x10577b4c0>,<entities.processor.Processor object at 0x1057854c0>
0.6256600000000004,0.11281000000000019,72482,<entities.dtn.DTN object at 0x10577b4c0>,<entities.processor.Processor object at 0x1057854c0>
0.6265100000000005,0.11363000000000023,72482,<entities.dtn.DTN object at 0x10577b4c0>,<entities.processor.Processor object at 0x1057854c0>
0.6273600000000005,0.013660000000000228,72482,<entities.dtn.DTN object at 0x10577b4c0>,<entities.processor.Processor object at 0x1057854c0>
0.6282100000000005,0.01448000000000027,72482,<entities.dtn.DTN object at 0x10577b4c0>,<entities.processor.Processor object at 0x1057854c0>
0.6290600000000005,0.014510000000000245,72482,<entities.dtn.DTN object at 0x10577b4c0>,<entities.processor.Processor object at 0x1057854c0>
0.6299100000000005,0.015330000000000288,72482,<entities.dtn.DTN object at 0x10577b4c0>,<entities.processor.Processor object at 0x1057854c0>
0.6307600000000005,0.015360000000000262,72482,<entities.dtn.DTN object at 0x10577b4c0>,<entities.processor.Processor object at 0x1057854c0>
0.6316100000000006,0.016180000000000305,72482,<entities.dtn.DTN object at 0x10577b4c0>,<entities.processor.Processor object at 0x1057854c0>
0.6324600000000006,0.01621000000000028,72482,<entities.dtn.DTN object at 0x10577b4c0>,<entities.processor.Processor object at 0x1057854c0>
0.6333100000000006,0.017030000000000323,72482,<entities.dtn.DTN object at 0x10577b4c0>,<entities.processor.Processor object at 0x1057854c0>
0.6341600000000006,0.017060000000000297,72482,<entities.dtn.DTN object at 0x10577b4c0>,<entities.processor.Processor object at 0x1057854c0>
0.6350100000000006,0.01788000000000034,72482,<entities.dtn.DTN object at 0x10577b4c0>,<entities.processor.Processor object at 0x1057854c0>
0.6358600000000006,0.017910000000000315,72482,<entities.dtn.DTN object at 0x10577b4c0>,<entities.processor.Processor object at 0x1057854c0>
0.6367100000000007,0.018730000000000357,72482,<entities.dtn.DTN object at 0x10577b4c0>,<entities.processor.Processor object at 0x1057854c0>
0.6375600000000007,0.018760000000000332,72482,<entities.dtn.DTN object at 0x10577b4c0>,<entities.processor.Processor object at 0x1057854c0>
0.6384100000000007,0.019580000000000375,72482,<entities.dtn.DTN object at 0x10577b4c0>,<entities.processor.Processor object at 0x1057854c0>
0.6392600000000007,0.01961000000000035,72482,<entities.dtn.DTN object at 0x10577b4c0>,<entities.processor.Processor object at 0x1057854c0>
0.6401100000000007,0.020430000000000392,72482,<entities.dtn.DTN object at 0x10577b4c0>,<entities.processor.Processor object at 0x1057854c0>
0.6409600000000008,0.020460000000000367,72482,<entities.dtn.DTN object at 0x10577b4c0>,<entities.processor.Processor object at 0x1057854c0>
0.6418100000000008,0.02128000000000041,72482,<entities.dtn.DTN object at 0x10577b4c0>,<entities.processor.Processor object at 0x1057854c0>
0.6426600000000008,0.021310000000000384,72482,<entities.dtn.DTN object at 0x10577b4c0>,<entities.processor.Processor object at 0x1057854c0>
0.6435100000000008,0.022130000000000427,72482,<entities.dtn.DTN object at 0x10577b4c0>,<entities.processor.Processor object at 0x1057854c0>
0.6443600000000008,0.0221600000000004,72482,<entities.dtn.DTN object at 0x10577b4c0>,<entities.processor.Processor object at 0x1057854c0>
0.6452100000000008,0.022980000000000445,72482,<entities.dtn.DTN object at 0x10577b4c0>,<entities.processor.Processor object at 0x1057854c0>
0.6460600000000009,0.02301000000000042,72482,<entities.dtn.DTN object at 0x10577b4c0>,<entities.processor.Processor object at 0x1057854c0>
0.6469100000000009,0.023830000000000462,72482,<entities.dtn.DTN object at 0x10577b4c0>,<entities.processor.Processor object at 0x1057854c0>
0.6477600000000009,0.023860000000000436,72482,<entities.dtn.DTN object at 0x10577b4c0>,<entities.processor.Processor object at 0x1057854c0>
0.6486100000000009,0.02468000000000048,72482,<entities.dtn.DTN object at 0x10577b4c0>,<entities.processor.Processor object at 0x1057854c0>
0.6494600000000009,0.024710000000000454,72482,<entities.dtn.DTN object at 0x10577b4c0>,<entities.processor.Processor object at 0x1057854c0>
0.6503100000000009,0.025530000000000497,72482,<entities.dtn.DTN object at 0x10577b4c0>,<entities.processor.Processor object at 0x1057854c0>
0.651160000000001,0.02556000000000047,72482,<entities.dtn.DTN object at 0x10577b4c0>,<entities.processor.Processor object at 0x1057854c0>
0.652010000000001,0.026380000000000514,72482,<entities.dtn.DTN object at 0x10577b4c0>,<entities.processor.Processor object at 0x1057854c0>
0.652860000000001,0.02641000000000049,72482,<entities.dtn.DTN object at 0x10577b4c0>,<entities.processor.Processor object at 0x1057854c0>
0.653710000000001,0.02723000000000053,72482,<entities.dtn.DTN object at 0x10577b4c0>,<entities.processor.Processor object at 0x1057854c0>
0.654560000000001,0.027260000000000506,72482,<entities.dtn.DTN object at 0x10577b4c0>,<entities.processor.Processor object at 0x1057854c0>
0.6553800000000011,0.028050000000000574,72482,<entities.dtn.DTN object at 0x10577b4c0>,<entities.processor.Processor object at 0x1057854c0>
0.6562300000000011,0.02808000000000055,72482,<entities.dtn.DTN object at 0x10577b4c0>,<entities.processor.Processor object at 0x1057854c0>
0.6570800000000011,0.028900000000000592,72482,<entities.dtn.DTN object at 0x10577b4c0>,<entities.processor.Processor object at 0x1057854c0>
0.6579300000000011,0.028930000000000566,72482,<entities.dtn.DTN object at 0x10577b4c0>,<entities.processor.Processor object at 0x1057854c0>
0.6587800000000011,0.02975000000000061,72482,<entities.dtn.DTN object at 0x10577b4c0>,<entities.processor.Processor object at 0x1057854c0>
0.6596300000000012,0.029780000000000584,72482,<entities.dtn.DTN object at 0x10577b4c0>,<entities.processor.Processor object at 0x1057854c0>
0.6604800000000012,0.030600000000000627,72482,<entities.dtn.DTN object at 0x10577b4c0>,<entities.processor.Processor object at 0x1057854c0>
0.6613300000000012,0.0306300000000006,72482,<entities.dtn.DTN object at 0x10577b4c0>,<entities.processor.Processor object at 0x1057854c0>
0.6621800000000012,0.031450000000000644,72482,<entities.dtn.DTN object at 0x10577b4c0>,<entities.processor.Processor object at 0x1057854c0>
0.6630300000000012,0.03148000000000062,72482,<entities.dtn.DTN object at 0x10577b4c0>,<entities.processor.Processor object at 0x1057854c0>
0.6638800000000012,0.03230000000000066,72482,<entities.dtn.DTN object at 0x10577b4c0>,<entities.processor.Processor object at 0x1057854c0>
0.6647300000000013,0.032330000000000636,72482,<entities.dtn.DTN object at 0x10577b4c0>,<entities.processor.Processor object at 0x1057854c0>
0.6655800000000013,0.03315000000000068,72482,<entities.dtn.DTN object at 0x10577b4c0>,<entities.processor.Processor object at 0x1057854c0>
0.6664300000000013,0.03318000000000065,72482,<entities.dtn.DTN object at 0x10577b4c0>,<entities.processor.Processor object at 0x1057854c0>
0.6672800000000013,0.034000000000000696,72482,<entities.dtn.DTN object at 0x10577b4c0>,<entities.processor.Processor object at 0x1057854c0>
0.6681300000000013,0.03403000000000067,72482,<entities.dtn.DTN object at 0x10577b4c0>,<entities.processor.Processor object at 0x1057854c0>
0.6689800000000014,0.034850000000000714,72482,<entities.dtn.DTN object at 0x10577b4c0>,<entities.processor.Processor object at 0x1057854c0>
0.6698300000000014,0.03488000000000069,72482,<entities.dtn.DTN object at 0x10577b4c0>,<entities.processor.Processor object at 0x1057854c0>
0.6706800000000014,0.03570000000000073,72482,<entities.dtn.DTN object at 0x10577b4c0>,<entities.processor.Processor object at 0x1057854c0>
0.6715300000000014,0.035730000000000706,72482,<entities.dtn.DTN object at 0x10577b4c0>,<entities.processor.Processor object at 0x1057854c0>
0.6723800000000014,0.03655000000000075,72482,<entities.dtn.DTN object at 0x10577b4c0>,<entities.processor.Processor object at 0x1057854c0>
0.6732300000000014,0.03658000000000072,72482,<entities.dtn.DTN object at 0x10577b4c0>,<entities.processor.Processor object at 0x1057854c0>
0.6740800000000015,0.037400000000000766,72482,<entities.dtn.DTN object at 0x10577b4c0>,<entities.processor.Processor object at 0x1057854c0>
0.6749300000000015,0.03743000000000074,72482,<entities.dtn.DTN object at 0x10577b4c0>,<entities.processor.Processor object at 0x1057854c0>
0.6757800000000015,0.03825000000000078,72482,<entities.dtn.DTN object at 0x10577b4c0>,<entities.processor.Processor object at 0x1057854c0>
0.6766300000000015,0.03828000000000076,72482,<entities.dtn.DTN object at 0x10577b4c0>,<entities.processor.Processor object at 0x1057854c0>
0.6774800000000015,0.0391000000000008,72482,<entities.dtn.DTN object at 0x10577b4c0>,<entities.processor.Processor object at 0x1057854c0>
0.6783300000000015,0.039130000000000775,72482,<entities.dtn.DTN object at 0x10577b4c0>,<entities.processor.Processor object at 0x1057854c0>
0.6791800000000016,0.03995000000000082,72482,<entities.dtn.DTN object at 0x10577b4c0>,<entities.processor.Processor object at 0x1057854c0>
0.6800300000000016,0.03998000000000079,72482,<entities.dtn.DTN object at 0x10577b4c0>,<entities.processor.Processor object at 0x1057854c0>
0.6808800000000016,0.040800000000000836,72482,<entities.dtn.DTN object at 0x10577b4c0>,<entities.processor.Processor object at 0x1057854c0>
0.6817300000000016,0.04083000000000081,72482,<entities.dtn.DTN object at 0x10577b4c0>,<entities.processor.Processor object at 0x1057854c0>
0.6825800000000016,0.04165000000000085,72482,<entities.dtn.DTN object at 0x10577b4c0>,<entities.processor.Processor object at 0x1057854c0>
0.6834300000000016,0.04168000000000083,72482,<entities.dtn.DTN object at 0x10577b4c0>,<entities.processor.Processor object at 0x1057854c0>
0.6842800000000017,0.04250000000000087,72482,<entities.dtn.DTN object at 0x10577b4c0>,<entities.processor.Processor object at 0x1057854c0>
0.6851300000000017,0.042530000000000845,72482,<entities.dtn.DTN object at 0x10577b4c0>,<entities.processor.Processor object at 0x1057854c0>
0.6859800000000017,0.04335000000000089,72482,<entities.dtn.DTN object at 0x10577b4c0>,<entities.processor.Processor object at 0x1057854c0>
0.6868300000000017,0.04338000000000086,72482,<entities.dtn.DTN object at 0x10577b4c0>,<entities.processor.Processor object at 0x1057854c0>
0.6876800000000017,0.044200000000000905,72482,<entities.dtn.DTN object at 0x10577b4c0>,<entities.processor.Processor object at 0x1057854c0>
0.6885200000000018,0.044220000000000925,72482,<entities.dtn.DTN object at 0x10577b4c0>,<entities.processor.Processor object at 0x1057854c0>
0.6893500000000018,0.04502000000000095,72482,<entities.dtn.DTN object at 0x10577b4c0>,<entities.processor.Processor object at 0x1057854c0>
0.6902000000000018,0.04505000000000092,72482,<entities.dtn.DTN object at 0x10577b4c0>,<entities.processor.Processor object at 0x1057854c0>
0.6910500000000018,0.045870000000000966,72482,<entities.dtn.DTN object at 0x10577b4c0>,<entities.processor.Processor object at 0x1057854c0>
0.6919000000000018,0.04590000000000094,72482,<entities.dtn.DTN object at 0x10577b4c0>,<entities.processor.Processor object at 0x1057854c0>
0.6927500000000019,0.04672000000000098,72482,<entities.dtn.DTN object at 0x10577b4c0>,<entities.processor.Processor object at 0x1057854c0>
0.7350000000000028,0.08812000000000186,72482,<entities.dtn.DTN object at 0x10577b4c0>,<entities.processor.Processor object at 0x1057854c0>
0.7358500000000028,0.08812000000000186,72482,<entities.dtn.DTN object at 0x10577b4c0>,<entities.processor.Processor object at 0x1057854c0>
0.7367000000000028,0.08812000000000186,72482,<entities.dtn.DTN object at 0x10577b4c0>,<entities.processor.Processor object at 0x1057854c0>
0.7375500000000028,0.08812000000000186,72482,<entities.dtn.DTN object at 0x10577b4c0>,<entities.processor.Processor object at 0x1057854c0>
0.7418000000000029,0.09152000000000193,72482,<entities.dtn.DTN object at 0x10577b4c0>,<entities.processor.Processor object at 0x1057854c0>
0.7426500000000029,0.09152000000000193,72482,<entities.dtn.DTN object at 0x10577b4c0>,<entities.processor.Processor object at 0x1057854c0>
0.7435000000000029,0.09152000000000193,72482,<entities.dtn.DTN object at 0x10577b4c0>,<entities.processor.Processor object at 0x1057854c0>
0.744350000000003,0.09152000000000193,72482,<entities.dtn.DTN object at 0x10577b4c0>,<entities.processor.Processor object at 0x1057854c0>
0.745200000000003,0.09152000000000193,72482,<entities.dtn.DTN object at 0x10577b4c0>,<entities.processor.Processor object at 0x1057854c0>
0.746050000000003,0.09152000000000193,72482,<entities.dtn.DTN object at 0x10577b4c0>,<entities.processor.Processor object at 0x1057854c0>
0.7554000000000032,0.0669000000000014,72482,<entities.dtn.DTN object at 0x10577b4c0>,<entities.processor.Processor object at 0x1057854c0>
12.303259999999973,0.039134999999982156,62348,<entities.dtn.DTN object at 0x10577b4c0>,<entities.processor.Processor object at 0x10577b430>
12.406359999999973,0.1031600000000008,62348,<entities.dtn.DTN object at 0x10577b4c0>,<entities.processor.Processor object at 0x10577b430>
12.409459999999973,0.10623000000000005,62348,<entities.dtn.DTN object at 0x10577b4c0>,<entities.processor.Processor object at 0x10577b430>
12.512559999999972,0.10626000000000069,62348,<entities.dtn.DTN object at 0x10577b4c0>,<entities.processor.Processor object at 0x10577b430>
12.515659999999972,0.10932999999999993,62348,<entities.dtn.DTN object at 0x10577b4c0>,<entities.processor.Processor object at 0x10577b430>
12.518759999999972,0.10936000000000057,62348,<entities.dtn.DTN object at 0x10577b4c0>,<entities.processor.Processor object at 0x10577b430>
12.521859999999972,0.11242999999999981,62348,<entities.dtn.DTN object at 0x10577b4c0>,<entities.processor.Processor object at 0x10577b430>
12.624959999999971,0.11246000000000045,62348,<entities.dtn.DTN object at 0x10577b4c0>,<entities.processor.Processor object at 0x10577b430>
12.628059999999971,0.11552999999999969,62348,<entities.dtn.DTN object at 0x10577b4c0>,<entities.processor.Processor object at 0x10577b430>
12.631159999999971,0.11556000000000033,62348,<entities.dtn.DTN object at 0x10577b4c0>,<entities.processor.Processor object at 0x10577b430>
12.634259999999971,0.11862999999999957,62348,<entities.dtn.DTN object at 0x10577b4c0>,<entities.processor.Processor object at 0x10577b430>
12.63735999999997,0.11866000000000021,62348,<entities.dtn.DTN object at 0x10577b4c0>,<entities.processor.Processor object at 0x10577b430>
12.64045999999997,0.12172999999999945,62348,<entities.dtn.DTN object at 0x10577b4c0>,<entities.processor.Processor object at 0x10577b430>
12.64355999999997,0.12176000000000009,62348,<entities.dtn.DTN object at 0x10577b4c0>,<entities.processor.Processor object at 0x10577b430>
12.64665999999997,0.12482999999999933,62348,<entities.dtn.DTN object at 0x10577b4c0>,<entities.processor.Processor object at 0x10577b430>
12.64975999999997,0.024860000000000326,62348,<entities.dtn.DTN object at 0x10577b4c0>,<entities.processor.Processor object at 0x10577b430>
12.65285999999997,0.027929999999999566,62348,<entities.dtn.DTN object at 0x10577b4c0>,<entities.processor.Processor object at 0x10577b430>
12.65595999999997,0.027960000000000207,62348,<entities.dtn.DTN object at 0x10577b4c0>,<entities.processor.Processor object at 0x10577b430>
12.65905999999997,0.031029999999999447,62348,<entities.dtn.DTN object at 0x10577b4c0>,<entities.processor.Processor object at 0x10577b430>
12.66215999999997,0.031060000000000088,62348,<entities.dtn.DTN object at 0x10577b4c0>,<entities.processor.Processor object at 0x10577b430>
12.66525999999997,0.03412999999999933,62348,<entities.dtn.DTN object at 0x10577b4c0>,<entities.processor.Processor object at 0x10577b430>
12.66835999999997,0.03415999999999997,62348,<entities.dtn.DTN object at 0x10577b4c0>,<entities.processor.Processor object at 0x10577b430>
12.67145999999997,0.03722999999999921,62348,<entities.dtn.DTN object at 0x10577b4c0>,<entities.processor.Processor object at 0x10577b430>
12.67455999999997,0.03725999999999985,62348,<entities.dtn.DTN object at 0x10577b4c0>,<entities.processor.Processor object at 0x10577b430>
12.67765999999997,0.04032999999999909,62348,<entities.dtn.DTN object at 0x10577b4c0>,<entities.processor.Processor object at 0x10577b430>
12.68075999999997,0.04035999999999973,62348,<entities.dtn.DTN object at 0x10577b4c0>,<entities.processor.Processor object at 0x10577b430>
12.683859999999969,0.04342999999999897,62348,<entities.dtn.DTN object at 0x10577b4c0>,<entities.processor.Processor object at 0x10577b430>
12.686959999999969,0.04345999999999961,62348,<entities.dtn.DTN object at 0x10577b4c0>,<entities.processor.Processor object at 0x10577b430>
12.690059999999969,0.04652999999999885,62348,<entities.dtn.DTN object at 0x10577b4c0>,<entities.processor.Processor object at 0x10577b430>
12.693159999999969,0.04655999999999949,62348,<entities.dtn.DTN object at 0x10577b4c0>,<entities.processor.Processor object at 0x10577b430>
12.696259999999969,0.04962999999999873,62348,<entities.dtn.DTN object at 0x10577b4c0>,<entities.processor.Processor object at 0x10577b430>
12.699359999999968,0.04965999999999937,62348,<entities.dtn.DTN object at 0x10577b4c0>,<entities.processor.Processor object at 0x10577b430>
12.702459999999968,0.05272999999999861,62348,<entities.dtn.DTN object at 0x10577b4c0>,<entities.processor.Processor object at 0x10577b430>
12.705559999999968,0.05275999999999925,62348,<entities.dtn.DTN object at 0x10577b4c0>,<entities.processor.Processor object at 0x10577b430>
12.708659999999968,0.05582999999999849,62348,<entities.dtn.DTN object at 0x10577b4c0>,<entities.processor.Processor object at 0x10577b430>
12.711759999999968,0.05585999999999913,62348,<entities.dtn.DTN object at 0x10577b4c0>,<entities.processor.Processor object at 0x10577b430>
12.714859999999968,0.05892999999999837,62348,<entities.dtn.DTN object at 0x10577b4c0>,<entities.processor.Processor object at 0x10577b430>
12.717909999999966,0.05890999999999735,62348,<entities.dtn.DTN object at 0x10577b4c0>,<entities.processor.Processor object at 0x10577b430>
12.720999999999966,0.06196999999999697,62348,<entities.dtn.DTN object at 0x10577b4c0>,<entities.processor.Processor object at 0x10577b430>
12.724099999999966,0.06199999999999761,62348,<entities.dtn.DTN object at 0x10577b4c0>,<entities.processor.Processor object at 0x10577b430>
12.727199999999966,0.06506999999999685,62348,<entities.dtn.DTN object at 0x10577b4c0>,<entities.processor.Processor object at 0x10577b430>
12.730299999999966,0.0650999999999975,62348,<entities.dtn.DTN object at 0x10577b4c0>,<entities.processor.Processor object at 0x10577b430>
12.733399999999966,0.06816999999999673,62348,<entities.dtn.DTN object at 0x10577b4c0>,<entities.processor.Processor object at 0x10577b430>
12.736499999999966,0.06819999999999737,62348,<entities.dtn.DTN object at 0x10577b4c0>,<entities.processor.Processor object at 0x10577b430>
12.739599999999966,0.07126999999999661,62348,<entities.dtn.DTN object at 0x10577b4c0>,<entities.processor.Processor object at 0x10577b430>
12.742699999999965,0.07129999999999725,62348,<entities.dtn.DTN object at 0x10577b4c0>,<entities.processor.Processor object at 0x10577b430>
12.745799999999965,0.0743699999999965,62348,<entities.dtn.DTN object at 0x10577b4c0>,<entities.processor.Processor object at 0x10577b430>
12.748899999999965,0.07439999999999714,62348,<entities.dtn.DTN object at 0x10577b4c0>,<entities.processor.Processor object at 0x10577b430>
12.751999999999965,0.07746999999999638,62348,<entities.dtn.DTN object at 0x10577b4c0>,<entities.processor.Processor object at 0x10577b430>
12.755099999999965,0.07749999999999702,62348,<entities.dtn.DTN object at 0x10577b4c0>,<entities.processor.Processor object at 0x10577b430>
12.758199999999965,0.08056999999999626,62348,<entities.dtn.DTN object at 0x10577b4c0>,<entities.processor.Processor object at 0x10577b430>
12.761299999999965,0.0805999999999969,62348,<entities.dtn.DTN object at 0x10577b4c0>,<entities.processor.Processor object at 0x10577b430>
12.764399999999965,0.08366999999999614,62348,<entities.dtn.DTN object at 0x10577b4c0>,<entities.processor.Processor object at 0x10577b430>
12.767499999999965,0.08369999999999678,62348,<entities.dtn.DTN object at 0x10577b4c0>,<entities.processor.Processor object at 0x10577b430>
12.770599999999964,0.08676999999999602,62348,<entities.dtn.DTN object at 0x10577b4c0>,<entities.processor.Processor object at 0x10577b430>
12.773699999999964,0.08679999999999666,62348,<entities.dtn.DTN object at 0x10577b4c0>,<entities.processor.Processor object at 0x10577b430>
12.776799999999964,0.0898699999999959,62348,<entities.dtn.DTN object at 0x10577b4c0>,<entities.processor.Processor object at 0x10577b430>
12.779899999999964,0.08989999999999654,62348,<entities.dtn.DTN object at 0x10577b4c0>,<entities.processor.Processor object at 0x10577b430>
12.782999999999964,0.09296999999999578,62348,<entities.dtn.DTN object at 0x10577b4c0>,<entities.processor.Processor object at 0x10577b430>
12.786099999999964,0.09299999999999642,62348,<entities.dtn.DTN object at 0x10577b4c0>,<entities.processor.Processor object at 0x10577b430>
12.789199999999964,0.09606999999999566,62348,<entities.dtn.DTN object at 0x10577b4c0>,<entities.processor.Processor object at 0x10577b430>
12.792299999999964,0.0960999999999963,62348,<entities.dtn.DTN object at 0x10577b4c0>,<entities.processor.Processor object at 0x10577b430>
12.795399999999963,0.09916999999999554,62348,<entities.dtn.DTN object at 0x10577b4c0>,<entities.processor.Processor object at 0x10577b430>
12.798499999999963,0.09919999999999618,62348,<entities.dtn.DTN object at 0x10577b4c0>,<entities.processor.Processor object at 0x10577b430>
12.801599999999963,0.10226999999999542,62348,<entities.dtn.DTN object at 0x10577b4c0>,<entities.processor.Processor object at 0x10577b430>
12.804699999999963,0.10229999999999606,62348,<entities.dtn.DTN object at 0x10577b4c0>,<entities.processor.Processor object at 0x10577b430>
12.807799999999963,0.1053699999999953,62348,<entities.dtn.DTN object at 0x10577b4c0>,<entities.processor.Processor object at 0x10577b430>
12.810899999999963,0.10539999999999594,62348,<entities.dtn.DTN object at 0x10577b4c0>,<entities.processor.Processor object at 0x10577b430>
12.813999999999963,0.10846999999999518,62348,<entities.dtn.DTN object at 0x10577b4c0>,<entities.processor.Processor object at 0x10577b430>
12.817099999999963,0.10849999999999582,62348,<entities.dtn.DTN object at 0x10577b4c0>,<entities.processor.Processor object at 0x10577b430>
12.820199999999963,0.11156999999999506,62348,<entities.dtn.DTN object at 0x10577b4c0>,<entities.processor.Processor object at 0x10577b430>
12.823299999999962,0.1115999999999957,62348,<entities.dtn.DTN object at 0x10577b4c0>,<entities.processor.Processor object at 0x10577b430>
12.826399999999962,0.11466999999999494,62348,<entities.dtn.DTN object at 0x10577b4c0>,<entities.processor.Processor object at 0x10577b430>
12.829499999999962,0.11469999999999558,62348,<entities.dtn.DTN object at 0x10577b4c0>,<entities.processor.Processor object at 0x10577b430>
12.832599999999962,0.11776999999999482,62348,<entities.dtn.DTN object at 0x10577b4c0>,<entities.processor.Processor object at 0x10577b430>
12.833699999999961,0.1157999999999948,62348,<entities.dtn.DTN object at 0x10577b4c0>,<entities.processor.Processor object at 0x10577b430>
12.603259999999972,0.03900499999998175,85012,<entities.dtn.DTN object at 0x10577b4c0>,<entities.processor.Processor object at 0x10577be80>
12.706359999999972,0.1031600000000008,85012,<entities.dtn.DTN object at 0x10577b4c0>,<entities.processor.Processor object at 0x10577be80>
12.709459999999972,0.10623000000000005,85012,<entities.dtn.DTN object at 0x10577b4c0>,<entities.processor.Processor object at 0x10577be80>
12.812559999999971,0.10626000000000069,85012,<entities.dtn.DTN object at 0x10577b4c0>,<entities.processor.Processor object at 0x10577be80>
12.815659999999971,0.10932999999999993,85012,<entities.dtn.DTN object at 0x10577b4c0>,<entities.processor.Processor object at 0x10577be80>
12.81875999999997,0.10936000000000057,85012,<entities.dtn.DTN object at 0x10577b4c0>,<entities.processor.Processor object at 0x10577be80>
12.82185999999997,0.11242999999999981,85012,<entities.dtn.DTN object at 0x10577b4c0>,<entities.processor.Processor object at 0x10577be80>
12.92495999999997,0.11246000000000045,85012,<entities.dtn.DTN object at 0x10577b4c0>,<entities.processor.Processor object at 0x10577be80>
12.92805999999997,0.11552999999999969,85012,<entities.dtn.DTN object at 0x10577b4c0>,<entities.processor.Processor object at 0x10577be80>
12.93115999999997,0.11556000000000033,85012,<entities.dtn.DTN object at 0x10577b4c0>,<entities.processor.Processor object at 0x10577be80>
12.93425999999997,0.11862999999999957,85012,<entities.dtn.DTN object at 0x10577b4c0>,<entities.processor.Processor object at 0x10577be80>
12.93735999999997,0.11866000000000021,85012,<entities.dtn.DTN object at 0x10577b4c0>,<entities.processor.Processor object at 0x10577be80>
12.94045999999997,0.12172999999999945,85012,<entities.dtn.DTN object at 0x10577b4c0>,<entities.processor.Processor object at 0x10577be80>
12.94355999999997,0.12176000000000009,85012,<entities.dtn.DTN object at 0x10577b4c0>,<entities.processor.Processor object at 0x10577be80>
12.94665999999997,0.12482999999999933,85012,<entities.dtn.DTN object at 0x10577b4c0>,<entities.processor.Processor object at 0x10577be80>
12.94975999999997,0.024860000000000326,85012,<entities.dtn.DTN object at 0x10577b4c0>,<entities.processor.Processor object at 0x10577be80>
12.95285999999997,0.027929999999999566,85012,<entities.dtn.DTN object at 0x10577b4c0>,<entities.processor.Processor object at 0x10577be80>
12.955959999999969,0.027960000000000207,85012,<entities.dtn.DTN object at 0x10577b4c0>,<entities.processor.Processor object at 0x10577be80>
12.959059999999969,0.031029999999999447,85012,<entities.dtn.DTN object at 0x10577b4c0>,<entities.processor.Processor object at 0x10577be80>
12.962159999999969,0.031060000000000088,85012,<entities.dtn.DTN object at 0x10577b4c0>,<entities.processor.Processor object at 0x10577be80>
12.965259999999969,0.03412999999999933,85012,<entities.dtn.DTN object at 0x10577b4c0>,<entities.processor.Processor object at 0x10577be80>
12.968359999999969,0.03415999999999997,85012,<entities.dtn.DTN object at 0x10577b4c0>,<entities.processor.Processor object at 0x10577be80>
12.971459999999968,0.03722999999999921,85012,<entities.dtn.DTN object at 0x10577b4c0>,<entities.processor.Processor object at 0x10577be80>
12.974559999999968,0.03725999999999985,85012,<entities.dtn.DTN object at 0x10577b4c0>,<entities.processor.Processor object at 0x10577be80>
12.977659999999968,0.04032999999999909,85012,<entities.dtn.DTN object at 0x10577b4c0>,<entities.processor.Processor object at 0x10577be80>
12.980759999999968,0.04035999999999973,85012,<entities.dtn.DTN object at 0x10577b4c0>,<entities.processor.Processor object at 0x10577be80>
12.983859999999968,0.04342999999999897,85012,<entities.dtn.DTN object at 0x10577b4c0>,<entities.processor.Processor object at 0x10577be80>
12.986959999999968,0.04345999999999961,85012,<entities.dtn.DTN object at 0x10577b4c0>,<entities.processor.Processor object at 0x10577be80>
12.990059999999968,0.04652999999999885,85012,<entities.dtn.DTN object at 0x10577b4c0>,<entities.processor.Processor object at 0x10577be80>
12.993159999999968,0.04655999999999949,85012,<entities.dtn.DTN object at 0x10577b4c0>,<entities.processor.Processor object at 0x10577be80>
12.996259999999968,0.04962999999999873,85012,<entities.dtn.DTN object at 0x10577b4c0>,<entities.processor.Processor object at 0x10577be80>
12.999359999999967,0.04965999999999937,85012,<entities.dtn.DTN object at 0x10577b4c0>,<entities.processor.Processor object at 0x10577be80>
13.002459999999967,0.05272999999999861,85012,<entities.dtn.DTN object at 0x10577b4c0>,<entities.processor.Processor object at 0x10577be80>
13.005559999999967,0.05275999999999925,85012,<entities.dtn.DTN object at 0x10577b4c0>,<entities.processor.Processor object at 0x10577be80>
13.008659999999967,0.05582999999999849,85012,<entities.dtn.DTN object at 0x10577b4c0>,<entities.processor.Processor object at 0x10577be80>
13.011759999999967,0.05585999999999913,85012,<entities.dtn.DTN object at 0x10577b4c0>,<entities.processor.Processor object at 0x10577be80>
13.014859999999967,0.05892999999999837,85012,<entities.dtn.DTN object at 0x10577b4c0>,<entities.processor.Processor object at 0x10577be80>
13.017959999999967,0.05895999999999901,85012,<entities.dtn.DTN object at 0x10577b4c0>,<entities.processor.Processor object at 0x10577be80>
13.021059999999967,0.06202999999999825,85012,<entities.dtn.DTN object at 0x10577b4c0>,<entities.processor.Processor object at 0x10577be80>
13.024159999999966,0.062059999999998894,85012,<entities.dtn.DTN object at 0x10577b4c0>,<entities.processor.Processor object at 0x10577be80>
13.027259999999966,0.06512999999999813,85012,<entities.dtn.DTN object at 0x10577b4c0>,<entities.processor.Processor object at 0x10577be80>
13.030359999999966,0.06515999999999877,85012,<entities.dtn.DTN object at 0x10577b4c0>,<entities.processor.Processor object at 0x10577be80>
13.033459999999966,0.06822999999999801,85012,<entities.dtn.DTN object at 0x10577b4c0>,<entities.processor.Processor object at 0x10577be80>
13.036559999999966,0.06825999999999866,85012,<entities.dtn.DTN object at 0x10577b4c0>,<entities.processor.Processor object at 0x10577be80>
13.039659999999966,0.0713299999999979,85012,<entities.dtn.DTN object at 0x10577b4c0>,<entities.processor.Processor object at 0x10577be80>
13.042759999999966,0.07135999999999854,85012,<entities.dtn.DTN object at 0x10577b4c0>,<entities.processor.Processor object at 0x10577be80>
13.045849999999964,0.07441999999999638,85012,<entities.dtn.DTN object at 0x10577b4c0>,<entities.processor.Processor object at 0x10577be80>
13.048899999999964,0.07439999999999714,85012,<entities.dtn.DTN object at 0x10577b4c0>,<entities.processor.Processor object at 0x10577be80>
13.051999999999964,0.07746999999999638,85012,<entities.dtn.DTN object at 0x10577b4c0>,<entities.processor.Processor object at 0x10577be80>
13.055099999999964,0.07749999999999702,85012,<entities.dtn.DTN object at 0x10577b4c0>,<entities.processor.Processor object at 0x10577be80>
13.058199999999964,0.08056999999999626,85012,<entities.dtn.DTN object at 0x10577b4c0>,<entities.processor.Processor object at 0x10577be80>
13.061299999999964,0.0805999999999969,85012,<entities.dtn.DTN object at 0x10577b4c0>,<entities.processor.Processor object at 0x10577be80>
13.064399999999964,0.08366999999999614,85012,<entities.dtn.DTN object at 0x10577b4c0>,<entities.processor.Processor object at 0x10577be80>
13.067499999999963,0.08369999999999678,85012,<entities.dtn.DTN object at 0x10577b4c0>,<entities.processor.Processor object at 0x10577be80>
13.070599999999963,0.08676999999999602,85012,<entities.dtn.DTN object at 0x10577b4c0>,<entities.processor.Processor object at 0x10577be80>
13.073699999999963,0.08679999999999666,85012,<entities.dtn.DTN object at 0x10577b4c0>,<entities.processor.Processor object at 0x10577be80>
13.076799999999963,0.0898699999999959,85012,<entities.dtn.DTN object at 0x10577b4c0>,<entities.processor.Processor object at 0x10577be80>
13.079899999999963,0.08989999999999654,85012,<entities.dtn.DTN object at 0x10577b4c0>,<entities.processor.Processor object at 0x10577be80>
13.082999999999963,0.09296999999999578,85012,<entities.dtn.DTN object at 0x10577b4c0>,<entities.processor.Processor object at 0x10577be80>
13.086099999999963,0.09299999999999642,85012,<entities.dtn.DTN object at 0x10577b4c0>,<entities.processor.Processor object at 0x10577be80>
13.089199999999963,0.09606999999999566,85012,<entities.dtn.DTN object at 0x10577b4c0>,<entities.processor.Processor object at 0x10577be80>
13.092299999999963,0.0960999999999963,85012,<entities.dtn.DTN object at 0x10577b4c0>,<entities.processor.Processor object at 0x10577be80>
13.095399999999962,0.09916999999999554,85012,<entities.dtn.DTN object at 0x10577b4c0>,<entities.processor.Processor object at 0x10577be80>
13.098499999999962,0.09919999999999618,85012,<entities.dtn.DTN object at 0x10577b4c0>,<entities.processor.Processor object at 0x10577be80>
13.101599999999962,0.10226999999999542,85012,<entities.dtn.DTN object at 0x10577b4c0>,<entities.processor.Processor object at 0x10577be80>
13.104699999999962,0.10229999999999606,85012,<entities.dtn.DTN object at 0x10577b4c0>,<entities.processor.Processor object at 0x10577be80>
13.107799999999962,0.1053699999999953,85012,<entities.dtn.DTN object at 0x10577b4c0>,<entities.processor.Processor object at 0x10577be80>
13.110899999999962,0.10539999999999594,85012,<entities.dtn.DTN object at 0x10577b4c0>,<entities.processor.Processor object at 0x10577be80>
13.113999999999962,0.10846999999999518,85012,<entities.dtn.DTN object at 0x10577b4c0>,<entities.processor.Processor object at 0x10577be80>
13.117099999999962,0.10849999999999582,85012,<entities.dtn.DTN object at 0x10577b4c0>,<entities.processor.Processor object at 0x10577be80>
13.120199999999961,0.11156999999999506,85012,<entities.dtn.DTN object at 0x10577b4c0>,<entities.processor.Processor object at 0x10577be80>
13.123299999999961,0.1115999999999957,85012,<entities.dtn.DTN object at 0x10577b4c0>,<entities.processor.Processor object at 0x10577be80>
13.126399999999961,0.11466999999999494,85012,<entities.dtn.DTN object at 0x10577b4c0>,<entities.processor.Processor object at 0x10577be80>
13.129499999999961,0.11469999999999558,85012,<entities.dtn.DTN object at 0x10577b4c0>,<entities.processor.Processor object at 0x10577be80>
13.132599999999961,0.11776999999999482,85012,<entities.dtn.DTN object at 0x10577b4c0>,<entities.processor.Processor object at 0x10577be80>
13.13569999999996,0.11779999999999546,85012,<entities.dtn.DTN object at 0x10577b4c0>,<entities.processor.Processor object at 0x10577be80>
13.13879999999996,0.1208699999999947,85012,<entities.dtn.DTN object at 0x10577b4c0>,<entities.processor.Processor object at 0x10577be80>
13.14189999999996,0.12089999999999534,85012,<entities.dtn.DTN object at 0x10577b4c0>,<entities.processor.Processor object at 0x10577be80>
13.14499999999996,0.12396999999999458,85012,<entities.dtn.DTN object at 0x10577b4c0>,<entities.processor.Processor object at 0x10577be80>
13.14809999999996,0.12399999999999523,85012,<entities.dtn.DTN object at 0x10577b4c0>,<entities.processor.Processor object at 0x10577be80>
13.15119999999996,0.12706999999999447,85012,<entities.dtn.DTN object at 0x10577b4c0>,<entities.processor.Processor object at 0x10577be80>
13.15429999999996,0.1270999999999951,85012,<entities.dtn.DTN object at 0x10577b4c0>,<entities.processor.Processor object at 0x10577be80>
13.15739999999996,0.13016999999999435,85012,<entities.dtn.DTN object at 0x10577b4c0>,<entities.processor.Processor object at 0x10577be80>
13.16049999999996,0.130199999999995,85012,<entities.dtn.DTN object at 0x10577b4c0>,<entities.processor.Processor object at 0x10577be80>
13.16359999999996,0.13326999999999423,85012,<entities.dtn.DTN object at 0x10577b4c0>,<entities.processor.Processor object at 0x10577be80>
13.16669999999996,0.13329999999999487,85012,<entities.dtn.DTN object at 0x10577b4c0>,<entities.processor.Processor object at 0x10577be80>
13.16979999999996,0.1363699999999941,85012,<entities.dtn.DTN object at 0x10577b4c0>,<entities.processor.Processor object at 0x10577be80>
13.17289999999996,0.13639999999999475,85012,<entities.dtn.DTN object at 0x10577b4c0>,<entities.processor.Processor object at 0x10577be80>
13.17599999999996,0.139469999999994,85012,<entities.dtn.DTN object at 0x10577b4c0>,<entities.processor.Processor object at 0x10577be80>
13.17909999999996,0.13949999999999463,85012,<entities.dtn.DTN object at 0x10577b4c0>,<entities.processor.Processor object at 0x10577be80>
13.182199999999959,0.14256999999999387,85012,<entities.dtn.DTN object at 0x10577b4c0>,<entities.processor.Processor object at 0x10577be80>
16.603259999999963,0.03887499999997601,70822,<entities.dtn.DTN object at 0x10577b4c0>,<entities.processor.Processor object at 0x105785160>
16.706359999999965,0.10315999999999903,70822,<entities.dtn.DTN object at 0x10577b4c0>,<entities.processor.Processor object at 0x105785160>
16.709459999999964,0.10623000000000005,70822,<entities.dtn.DTN object at 0x10577b4c0>,<entities.processor.Processor object at 0x105785160>
16.812559999999966,0.10625999999999891,70822,<entities.dtn.DTN object at 0x10577b4c0>,<entities.processor.Processor object at 0x105785160>
16.815659999999966,0.10932999999999993,70822,<entities.dtn.DTN object at 0x10577b4c0>,<entities.processor.Processor object at 0x105785160>
16.818759999999966,0.10935999999999879,70822,<entities.dtn.DTN object at 0x10577b4c0>,<entities.processor.Processor object at 0x105785160>
16.821859999999965,0.11242999999999981,70822,<entities.dtn.DTN object at 0x10577b4c0>,<entities.processor.Processor object at 0x105785160>
16.924959999999967,0.11245999999999867,70822,<entities.dtn.DTN object at 0x10577b4c0>,<entities.processor.Processor object at 0x105785160>
16.928059999999967,0.11552999999999969,70822,<entities.dtn.DTN object at 0x10577b4c0>,<entities.processor.Processor object at 0x105785160>
16.931159999999966,0.11555999999999855,70822,<entities.dtn.DTN object at 0x10577b4c0>,<entities.processor.Processor object at 0x105785160>
16.934259999999966,0.11862999999999957,70822,<entities.dtn.DTN object at 0x10577b4c0>,<entities.processor.Processor object at 0x105785160>
16.937359999999966,0.11865999999999843,70822,<entities.dtn.DTN object at 0x10577b4c0>,<entities.processor.Processor object at 0x105785160>
16.940459999999966,0.12172999999999945,70822,<entities.dtn.DTN object at 0x10577b4c0>,<entities.processor.Processor object at 0x105785160>
16.943559999999966,0.12175999999999831,70822,<entities.dtn.DTN object at 0x10577b4c0>,<entities.processor.Processor object at 0x105785160>
16.946659999999966,0.12482999999999933,70822,<entities.dtn.DTN object at 0x10577b4c0>,<entities.processor.Processor object at 0x105785160>
16.949759999999966,0.024859999999996774,70822,<entities.dtn.DTN object at 0x10577b4c0>,<entities.processor.Processor object at 0x105785160>
16.952859999999966,0.02792999999999779,70822,<entities.dtn.DTN object at 0x10577b4c0>,<entities.processor.Processor object at 0x105785160>
16.955959999999966,0.027959999999996654,70822,<entities.dtn.DTN object at 0x10577b4c0>,<entities.processor.Processor object at 0x105785160>
16.959059999999965,0.03102999999999767,70822,<entities.dtn.DTN object at 0x10577b4c0>,<entities.processor.Processor object at 0x105785160>
16.962159999999965,0.031059999999996535,70822,<entities.dtn.DTN object at 0x10577b4c0>,<entities.processor.Processor object at 0x105785160>
16.965259999999965,0.03412999999999755,70822,<entities.dtn.DTN object at 0x10577b4c0>,<entities.processor.Processor object at 0x105785160>
16.968359999999965,0.034159999999996415,70822,<entities.dtn.DTN object at 0x10577b4c0>,<entities.processor.Processor object at 0x105785160>
16.971459999999965,0.03722999999999743,70822,<entities.dtn.DTN object at 0x10577b4c0>,<entities.processor.Processor object at 0x105785160>
16.974559999999965,0.037259999999996296,70822,<entities.dtn.DTN object at 0x10577b4c0>,<entities.processor.Processor object at 0x105785160>
16.977659999999965,0.04032999999999731,70822,<entities.dtn.DTN object at 0x10577b4c0>,<entities.processor.Processor object at 0x105785160>
16.980759999999965,0.04035999999999618,70822,<entities.dtn.DTN object at 0x10577b4c0>,<entities.processor.Processor object at 0x105785160>
16.983859999999964,0.04342999999999719,70822,<entities.dtn.DTN object at 0x10577b4c0>,<entities.processor.Processor object at 0x105785160>
16.986959999999964,0.04345999999999606,70822,<entities.dtn.DTN object at 0x10577b4c0>,<entities.processor.Processor object at 0x105785160>
16.990059999999964,0.046529999999997074,70822,<entities.dtn.DTN object at 0x10577b4c0>,<entities.processor.Processor object at 0x105785160>
16.993159999999964,0.04655999999999594,70822,<entities.dtn.DTN object at 0x10577b4c0>,<entities.processor.Processor object at 0x105785160>
16.996259999999964,0.049629999999996954,70822,<entities.dtn.DTN object at 0x10577b4c0>,<entities.processor.Processor object at 0x105785160>
16.999329999999965,0.049629999999996954,70822,<entities.dtn.DTN object at 0x10577b4c0>,<entities.processor.Processor object at 0x105785160>
17.002399999999966,0.052669999999999106,70822,<entities.dtn.DTN object at 0x10577b4c0>,<entities.processor.Processor object at 0x105785160>
17.005499999999966,0.05269999999999797,70822,<entities.dtn.DTN object at 0x10577b4c0>,<entities.processor.Processor object at 0x105785160>
17.008599999999966,0.05576999999999899,70822,<entities.dtn.DTN object at 0x10577b4c0>,<entities.processor.Processor object at 0x105785160>
17.011699999999966,0.05579999999999785,70822,<entities.dtn.DTN object at 0x10577b4c0>,<entities.processor.Processor object at 0x105785160>
17.014799999999966,0.05886999999999887,70822,<entities.dtn.DTN object at 0x10577b4c0>,<entities.processor.Processor object at 0x105785160>
17.017899999999965,0.05889999999999773,70822,<entities.dtn.DTN object at 0x10577b4c0>,<entities.processor.Processor object at 0x105785160>
17.020999999999965,0.06196999999999875,70822,<entities.dtn.DTN object at 0x10577b4c0>,<entities.processor.Processor object at 0x105785160>
17.024099999999965,0.06199999999999761,70822,<entities.dtn.DTN object at 0x10577b4c0>,<entities.processor.Processor object at 0x105785160>
17.027199999999965,0.06506999999999863,70822,<entities.dtn.DTN object at 0x10577b4c0>,<entities.processor.Processor object at 0x105785160>
17.030299999999965,0.0650999999999975,70822,<entities.dtn.DTN object at 0x10577b4c0>,<entities.processor.Processor object at 0x105785160>
17.033399999999965,0.06816999999999851,70822,<entities.dtn.DTN object at 0x10577b4c0>,<entities.processor.Processor object at 0x105785160>
17.036499999999965,0.06819999999999737,70822,<entities.dtn.DTN object at 0x10577b4c0>,<entities.processor.Processor object at 0x105785160>
17.039599999999965,0.07126999999999839,70822,<entities.dtn.DTN object at 0x10577b4c0>,<entities.processor.Processor object at 0x105785160>
17.042699999999964,0.07129999999999725,70822,<entities.dtn.DTN object at 0x10577b4c0>,<entities.processor.Processor object at 0x105785160>
17.045799999999964,0.07436999999999827,70822,<entities.dtn.DTN object at 0x10577b4c0>,<entities.processor.Processor object at 0x105785160>
17.048899999999964,0.07439999999999714,70822,<entities.dtn.DTN object at 0x10577b4c0>,<entities.processor.Processor object at 0x105785160>
17.051999999999964,0.07746999999999815,70822,<entities.dtn.DTN object at 0x10577b4c0>,<entities.processor.Processor object at 0x105785160>
17.055099999999964,0.07749999999999702,70822,<entities.dtn.DTN object at 0x10577b4c0>,<entities.processor.Processor object at 0x105785160>
17.058199999999964,0.08056999999999803,70822,<entities.dtn.DTN object at 0x10577b4c0>,<entities.processor.Processor object at 0x105785160>
17.061299999999964,0.0805999999999969,70822,<entities.dtn.DTN object at 0x10577b4c0>,<entities.processor.Processor object at 0x105785160>
17.064399999999964,0.08366999999999791,70822,<entities.dtn.DTN object at 0x10577b4c0>,<entities.processor.Processor object at 0x105785160>
17.067499999999963,0.08369999999999678,70822,<entities.dtn.DTN object at 0x10577b4c0>,<entities.processor.Processor object at 0x105785160>
17.070599999999963,0.0867699999999978,70822,<entities.dtn.DTN object at 0x10577b4c0>,<entities.processor.Processor object at 0x105785160>
17.073699999999963,0.08679999999999666,70822,<entities.dtn.DTN object at 0x10577b4c0>,<entities.processor.Processor object at 0x105785160>
17.076799999999963,0.08986999999999767,70822,<entities.dtn.DTN object at 0x10577b4c0>,<entities.processor.Processor object at 0x105785160>
17.079899999999963,0.08989999999999654,70822,<entities.dtn.DTN object at 0x10577b4c0>,<entities.processor.Processor object at 0x105785160>
17.082999999999963,0.09296999999999755,70822,<entities.dtn.DTN object at 0x10577b4c0>,<entities.processor.Processor object at 0x105785160>
17.086099999999963,0.09299999999999642,70822,<entities.dtn.DTN object at 0x10577b4c0>,<entities.processor.Processor object at 0x105785160>
17.089199999999963,0.09606999999999744,70822,<entities.dtn.DTN object at 0x10577b4c0>,<entities.processor.Processor object at 0x105785160>
17.092299999999963,0.0960999999999963,70822,<entities.dtn.DTN object at 0x10577b4c0>,<entities.processor.Processor object at 0x105785160>
17.095399999999962,0.09916999999999732,70822,<entities.dtn.DTN object at 0x10577b4c0>,<entities.processor.Processor object at 0x105785160>
17.098499999999962,0.09919999999999618,70822,<entities.dtn.DTN object at 0x10577b4c0>,<entities.processor.Processor object at 0x105785160>
21.101760000000027,0.10165999999999897,31161,<entities.dtn.DTN object at 0x10577b4c0>,<entities.processor.Processor object at 0x10577bbe0>
21.20336000000003,0.10165999999999897,31161,<entities.dtn.DTN object at 0x10577b4c0>,<entities.processor.Processor object at 0x10577bbe0>
21.20496000000003,0.10322999999999993,31161,<entities.dtn.DTN object at 0x10577b4c0>,<entities.processor.Processor object at 0x10577bbe0>
21.30656000000003,0.1032599999999988,31161,<entities.dtn.DTN object at 0x10577b4c0>,<entities.processor.Processor object at 0x10577bbe0>
21.30816000000003,0.10482999999999976,31161,<entities.dtn.DTN object at 0x10577b4c0>,<entities.processor.Processor object at 0x10577bbe0>
21.30976000000003,0.10485999999999862,31161,<entities.dtn.DTN object at 0x10577b4c0>,<entities.processor.Processor object at 0x10577bbe0>
21.31136000000003,0.10642999999999958,31161,<entities.dtn.DTN object at 0x10577b4c0>,<entities.processor.Processor object at 0x10577bbe0>
21.41296000000003,0.10645999999999844,31161,<entities.dtn.DTN object at 0x10577b4c0>,<entities.processor.Processor object at 0x10577bbe0>
21.41456000000003,0.1080299999999994,31161,<entities.dtn.DTN object at 0x10577b4c0>,<entities.processor.Processor object at 0x10577bbe0>
21.41616000000003,0.10805999999999827,31161,<entities.dtn.DTN object at 0x10577b4c0>,<entities.processor.Processor object at 0x10577bbe0>
21.41776000000003,0.10962999999999923,31161,<entities.dtn.DTN object at 0x10577b4c0>,<entities.processor.Processor object at 0x10577bbe0>
21.41936000000003,0.10965999999999809,31161,<entities.dtn.DTN object at 0x10577b4c0>,<entities.processor.Processor object at 0x10577bbe0>
21.42096000000003,0.11122999999999905,31161,<entities.dtn.DTN object at 0x10577b4c0>,<entities.processor.Processor object at 0x10577bbe0>
21.42256000000003,0.11125999999999792,31161,<entities.dtn.DTN object at 0x10577b4c0>,<entities.processor.Processor object at 0x10577bbe0>
21.42416000000003,0.11282999999999888,31161,<entities.dtn.DTN object at 0x10577b4c0>,<entities.processor.Processor object at 0x10577bbe0>
21.42576000000003,0.012859999999996319,31161,<entities.dtn.DTN object at 0x10577b4c0>,<entities.processor.Processor object at 0x10577bbe0>
21.42736000000003,0.014429999999997278,31161,<entities.dtn.DTN object at 0x10577b4c0>,<entities.processor.Processor object at 0x10577bbe0>
21.42896000000003,0.014459999999996143,31161,<entities.dtn.DTN object at 0x10577b4c0>,<entities.processor.Processor object at 0x10577bbe0>
21.43056000000003,0.016029999999997102,31161,<entities.dtn.DTN object at 0x10577b4c0>,<entities.processor.Processor object at 0x10577bbe0>
21.432160000000028,0.016059999999995966,31161,<entities.dtn.DTN object at 0x10577b4c0>,<entities.processor.Processor object at 0x10577bbe0>
21.433760000000028,0.017629999999996926,31161,<entities.dtn.DTN object at 0x10577b4c0>,<entities.processor.Processor object at 0x10577bbe0>
21.435360000000028,0.01765999999999579,31161,<entities.dtn.DTN object at 0x10577b4c0>,<entities.processor.Processor object at 0x10577bbe0>
21.436960000000028,0.01922999999999675,31161,<entities.dtn.DTN object at 0x10577b4c0>,<entities.processor.Processor object at 0x10577bbe0>
21.438560000000027,0.019259999999995614,31161,<entities.dtn.DTN object at 0x10577b4c0>,<entities.processor.Processor object at 0x10577bbe0>
21.440160000000027,0.020829999999996573,31161,<entities.dtn.DTN object at 0x10577b4c0>,<entities.processor.Processor object at 0x10577bbe0>
21.441760000000027,0.020859999999995438,31161,<entities.dtn.DTN object at 0x10577b4c0>,<entities.processor.Processor object at 0x10577bbe0>
21.443360000000027,0.022429999999996397,31161,<entities.dtn.DTN object at 0x10577b4c0>,<entities.processor.Processor object at 0x10577bbe0>
21.444960000000027,0.02245999999999526,31161,<entities.dtn.DTN object at 0x10577b4c0>,<entities.processor.Processor object at 0x10577bbe0>
21.446560000000026,0.02402999999999622,31161,<entities.dtn.DTN object at 0x10577b4c0>,<entities.processor.Processor object at 0x10577bbe0>
21.448160000000026,0.024059999999995085,31161,<entities.dtn.DTN object at 0x10577b4c0>,<entities.processor.Processor object at 0x10577bbe0>
21.449760000000026,0.025629999999996045,31161,<entities.dtn.DTN object at 0x10577b4c0>,<entities.processor.Processor object at 0x10577bbe0>
21.451360000000026,0.02565999999999491,31161,<entities.dtn.DTN object at 0x10577b4c0>,<entities.processor.Processor object at 0x10577bbe0>
21.452960000000026,0.02722999999999587,31161,<entities.dtn.DTN object at 0x10577b4c0>,<entities.processor.Processor object at 0x10577bbe0>
21.454560000000026,0.027259999999994733,31161,<entities.dtn.DTN object at 0x10577b4c0>,<entities.processor.Processor object at 0x10577bbe0>
21.456160000000025,0.028829999999995692,31161,<entities.dtn.DTN object at 0x10577b4c0>,<entities.processor.Processor object at 0x10577bbe0>
21.457760000000025,0.028859999999994557,31161,<entities.dtn.DTN object at 0x10577b4c0>,<entities.processor.Processor object at 0x10577bbe0>
21.459360000000025,0.030429999999995516,31161,<entities.dtn.DTN object at 0x10577b4c0>,<entities.processor.Processor object at 0x10577bbe0>
21.460960000000025,0.03045999999999438,31161,<entities.dtn.DTN object at 0x10577b4c0>,<entities.processor.Processor object at 0x10577bbe0>
21.462560000000025,0.03202999999999534,31161,<entities.dtn.DTN object at 0x10577b4c0>,<entities.processor.Processor object at 0x10577bbe0>
21.464160000000025,0.032059999999994204,31161,<entities.dtn.DTN object at 0x10577b4c0>,<entities.processor.Processor object at 0x10577bbe0>
21.465760000000024,0.033629999999995164,31161,<entities.dtn.DTN object at 0x10577b4c0>,<entities.processor.Processor object at 0x10577bbe0>
21.467360000000024,0.03365999999999403,31161,<entities.dtn.DTN object at 0x10577b4c0>,<entities.processor.Processor object at 0x10577bbe0>
21.468960000000024,0.03522999999999499,31161,<entities.dtn.DTN object at 0x10577b4c0>,<entities.processor.Processor object at 0x10577bbe0>
21.470560000000024,0.03525999999999385,31161,<entities.dtn.DTN object at 0x10577b4c0>,<entities.processor.Processor object at 0x10577bbe0>
21.472160000000024,0.03682999999999481,31161,<entities.dtn.DTN object at 0x10577b4c0>,<entities.processor.Processor object at 0x10577bbe0>
21.473760000000023,0.036859999999993676,31161,<entities.dtn.DTN object at 0x10577b4c0>,<entities.processor.Processor object at 0x10577bbe0>
21.475360000000023,0.038429999999994635,31161,<entities.dtn.DTN object at 0x10577b4c0>,<entities.processor.Processor object at 0x10577bbe0>
21.476960000000023,0.0384599999999935,31161,<entities.dtn.DTN object at 0x10577b4c0>,<entities.processor.Processor object at 0x10577bbe0>
21.478560000000023,0.04002999999999446,31161,<entities.dtn.DTN object at 0x10577b4c0>,<entities.processor.Processor object at 0x10577bbe0>
21.480160000000023,0.04005999999999332,31161,<entities.dtn.DTN object at 0x10577b4c0>,<entities.processor.Processor object at 0x10577bbe0>
21.481760000000023,0.04162999999999428,31161,<entities.dtn.DTN object at 0x10577b4c0>,<entities.processor.Processor object at 0x10577bbe0>
21.483360000000022,0.04165999999999315,31161,<entities.dtn.DTN object at 0x10577b4c0>,<entities.processor.Processor object at 0x10577bbe0>
21.484960000000022,0.043229999999994106,31161,<entities.dtn.DTN object at 0x10577b4c0>,<entities.processor.Processor object at 0x10577bbe0>
21.486560000000022,0.04325999999999297,31161,<entities.dtn.DTN object at 0x10577b4c0>,<entities.processor.Processor object at 0x10577bbe0>
21.488160000000022,0.04482999999999393,31161,<entities.dtn.DTN object at 0x10577b4c0>,<entities.processor.Processor object at 0x10577bbe0>
21.48976000000002,0.044859999999992795,31161,<entities.dtn.DTN object at 0x10577b4c0>,<entities.processor.Processor object at 0x10577bbe0>
21.49136000000002,0.046429999999993754,31161,<entities.dtn.DTN object at 0x10577b4c0>,<entities.processor.Processor object at 0x10577bbe0>
21.49296000000002,0.04645999999999262,31161,<entities.dtn.DTN object at 0x10577b4c0>,<entities.processor.Processor object at 0x10577bbe0>
21.49456000000002,0.04802999999999358,31161,<entities.dtn.DTN object at 0x10577b4c0>,<entities.processor.Processor object at 0x10577bbe0>
21.49615000000002,0.04804999999999282,31161,<entities.dtn.DTN object at 0x10577b4c0>,<entities.processor.Processor object at 0x10577bbe0>
21.497700000000023,0.04956999999999567,31161,<entities.dtn.DTN object at 0x10577b4c0>,<entities.processor.Processor object at 0x10577bbe0>
21.499300000000023,0.04959999999999454,31161,<entities.dtn.DTN object at 0x10577b4c0>,<entities.processor.Processor object at 0x10577bbe0>
21.500900000000023,0.0511699999999955,31161,<entities.dtn.DTN object at 0x10577b4c0>,<entities.processor.Processor object at 0x10577bbe0>
21.502500000000023,0.05119999999999436,31161,<entities.dtn.DTN object at 0x10577b4c0>,<entities.processor.Processor object at 0x10577bbe0>
21.504100000000022,0.05276999999999532,31161,<entities.dtn.DTN object at 0x10577b4c0>,<entities.processor.Processor object at 0x10577bbe0>
21.505700000000022,0.052799999999994185,31161,<entities.dtn.DTN object at 0x10577b4c0>,<entities.processor.Processor object at 0x10577bbe0>
21.507300000000022,0.054369999999995144,31161,<entities.dtn.DTN object at 0x10577b4c0>,<entities.processor.Processor object at 0x10577bbe0>
21.508900000000022,0.05439999999999401,31161,<entities.dtn.DTN object at 0x10577b4c0>,<entities.processor.Processor object at 0x10577bbe0>
21.51050000000002,0.05596999999999497,31161,<entities.dtn.DTN object at 0x10577b4c0>,<entities.processor.Processor object at 0x10577bbe0>
21.51210000000002,0.05599999999999383,31161,<entities.dtn.DTN object at 0x10577b4c0>,<entities.processor.Processor object at 0x10577bbe0>
21.51370000000002,0.05756999999999479,31161,<entities.dtn.DTN object at 0x10577b4c0>,<entities.processor.Processor object at 0x10577bbe0>
21.51530000000002,0.057599999999993656,31161,<entities.dtn.DTN object at 0x10577b4c0>,<entities.processor.Processor object at 0x10577bbe0>
21.51690000000002,0.059169999999994616,31161,<entities.dtn.DTN object at 0x10577b4c0>,<entities.processor.Processor object at 0x10577bbe0>
21.51850000000002,0.05919999999999348,31161,<entities.dtn.DTN object at 0x10577b4c0>,<entities.processor.Processor object at 0x10577bbe0>
21.52010000000002,0.06076999999999444,31161,<entities.dtn.DTN object at 0x10577b4c0>,<entities.processor.Processor object at 0x10577bbe0>
21.52170000000002,0.060799999999993304,31161,<entities.dtn.DTN object at 0x10577b4c0>,<entities.processor.Processor object at 0x10577bbe0>
21.52330000000002,0.06236999999999426,31161,<entities.dtn.DTN object at 0x10577b4c0>,<entities.processor.Processor object at 0x10577bbe0>
21.52490000000002,0.06239999999999313,31161,<entities.dtn.DTN object at 0x10577b4c0>,<entities.processor.Processor object at 0x10577bbe0>
21.52650000000002,0.06396999999999409,31161,<entities.dtn.DTN object at 0x10577b4c0>,<entities.processor.Processor object at 0x10577bbe0>
21.52810000000002,0.06399999999999295,31161,<entities.dtn.DTN object at 0x10577b4c0>,<entities.processor.Processor object at 0x10577bbe0>
21.52970000000002,0.06556999999999391,31161,<entities.dtn.DTN object at 0x10577b4c0>,<entities.processor.Processor object at 0x10577bbe0>
21.53130000000002,0.06559999999999278,31161,<entities.dtn.DTN object at 0x10577b4c0>,<entities.processor.Processor object at 0x10577bbe0>
21.53290000000002,0.06716999999999373,31161,<entities.dtn.DTN object at 0x10577b4c0>,<entities.processor.Processor object at 0x10577bbe0>
21.53450000000002,0.0671999999999926,31161,<entities.dtn.DTN object at 0x10577b4c0>,<entities.processor.Processor object at 0x10577bbe0>
21.53610000000002,0.06876999999999356,31161,<entities.dtn.DTN object at 0x10577b4c0>,<entities.processor.Processor object at 0x10577bbe0>
21.53770000000002,0.06879999999999242,31161,<entities.dtn.DTN object at 0x10577b4c0>,<entities.processor.Processor object at 0x10577bbe0>
21.53930000000002,0.07036999999999338,31161,<entities.dtn.DTN object at 0x10577b4c0>,<entities.processor.Processor object at 0x10577bbe0>
21.54090000000002,0.07039999999999225,31161,<entities.dtn.DTN object at 0x10577b4c0>,<entities.processor.Processor object at 0x10577bbe0>
21.542500000000018,0.0719699999999932,31161,<entities.dtn.DTN object at 0x10577b4c0>,<entities.processor.Processor object at 0x10577bbe0>
21.544100000000018,0.07199999999999207,31161,<entities.dtn.DTN object at 0x10577b4c0>,<entities.processor.Processor object at 0x10577bbe0>
21.545700000000018,0.07356999999999303,31161,<entities.dtn.DTN object at 0x10577b4c0>,<entities.processor.Processor object at 0x10577bbe0>
21.547300000000018,0.0735999999999919,31161,<entities.dtn.DTN object at 0x10577b4c0>,<entities.processor.Processor object at 0x10577bbe0>
21.548900000000017,0.07516999999999285,31161,<entities.dtn.DTN object at 0x10577b4c0>,<entities.processor.Processor object at 0x10577bbe0>
21.550500000000017,0.07519999999999172,31161,<entities.dtn.DTN object at 0x10577b4c0>,<entities.processor.Processor object at 0x10577bbe0>
21.552100000000017,0.07676999999999268,31161,<entities.dtn.DTN object at 0x10577b4c0>,<entities.processor.Processor object at 0x10577bbe0>
21.553700000000017,0.07679999999999154,31161,<entities.dtn.DTN object at 0x10577b4c0>,<entities.processor.Processor object at 0x10577bbe0>
21.555300000000017,0.0783699999999925,31161,<entities.dtn.DTN object at 0x10577b4c0>,<entities.processor.Processor object at 0x10577bbe0>
21.574000000000016,0.09546999999999173,31161,<entities.dtn.DTN object at 0x10577b4c0>,<entities.processor.Processor object at 0x10577bbe0>
21.575600000000016,0.09546999999999173,31161,<entities.dtn.DTN object at 0x10577b4c0>,<entities.processor.Processor object at 0x10577bbe0>
21.577200000000015,0.09546999999999173,31161,<entities.dtn.DTN object at 0x10577b4c0>,<entities.processor.Processor object at 0x10577bbe0>
21.578800000000015,0.09546999999999173,31161,<entities.dtn.DTN object at 0x10577b4c0>,<entities.processor.Processor object at 0x10577bbe0>
23.601760000000063,0.10153000000000034,75847,<entities.dtn.DTN object at 0x10577b4c0>,<entities.processor.Processor object at 0x105785760>
23.703360000000064,0.10165999999999897,75847,<entities.dtn.DTN object at 0x10577b4c0>,<entities.processor.Processor object at 0x105785760>
23.704960000000064,0.10322999999999993,75847,<entities.dtn.DTN object at 0x10577b4c0>,<entities.processor.Processor object at 0x105785760>
23.806560000000065,0.1032599999999988,75847,<entities.dtn.DTN object at 0x10577b4c0>,<entities.processor.Processor object at 0x105785760>
23.808160000000065,0.10482999999999976,75847,<entities.dtn.DTN object at 0x10577b4c0>,<entities.processor.Processor object at 0x105785760>
23.809760000000065,0.10485999999999862,75847,<entities.dtn.DTN object at 0x10577b4c0>,<entities.processor.Processor object at 0x105785760>
23.811360000000064,0.10642999999999958,75847,<entities.dtn.DTN object at 0x10577b4c0>,<entities.processor.Processor object at 0x105785760>
23.912960000000066,0.10645999999999844,75847,<entities.dtn.DTN object at 0x10577b4c0>,<entities.processor.Processor object at 0x105785760>
23.914560000000066,0.1080299999999994,75847,<entities.dtn.DTN object at 0x10577b4c0>,<entities.processor.Processor object at 0x105785760>
23.916160000000065,0.10805999999999827,75847,<entities.dtn.DTN object at 0x10577b4c0>,<entities.processor.Processor object at 0x105785760>
23.917760000000065,0.10962999999999923,75847,<entities.dtn.DTN object at 0x10577b4c0>,<entities.processor.Processor object at 0x105785760>
23.919360000000065,0.10965999999999809,75847,<entities.dtn.DTN object at 0x10577b4c0>,<entities.processor.Processor object at 0x105785760>
23.920960000000065,0.11122999999999905,75847,<entities.dtn.DTN object at 0x10577b4c0>,<entities.processor.Processor object at 0x105785760>
23.922560000000065,0.11125999999999792,75847,<entities.dtn.DTN object at 0x10577b4c0>,<entities.processor.Processor object at 0x105785760>
23.924160000000064,0.11282999999999888,75847,<entities.dtn.DTN object at 0x10577b4c0>,<entities.processor.Processor object at 0x105785760>
23.925760000000064,0.012859999999996319,75847,<entities.dtn.DTN object at 0x10577b4c0>,<entities.processor.Processor object at 0x105785760>
23.927360000000064,0.014429999999997278,75847,<entities.dtn.DTN object at 0x10577b4c0>,<entities.processor.Processor object at 0x105785760>
23.928960000000064,0.014459999999996143,75847,<entities.dtn.DTN object at 0x10577b4c0>,<entities.processor.Processor object at 0x105785760>
23.930560000000064,0.016029999999997102,75847,<entities.dtn.DTN object at 0x10577b4c0>,<entities.processor.Processor object at 0x105785760>
23.932160000000064,0.016059999999995966,75847,<entities.dtn.DTN object at 0x10577b4c0>,<entities.processor.Processor object at 0x105785760>
23.933760000000063,0.017629999999996926,75847,<entities.dtn.DTN object at 0x10577b4c0>,<entities.processor.Processor object at 0x105785760>
23.935360000000063,0.01765999999999579,75847,<entities.dtn.DTN object at 0x10577b4c0>,<entities.processor.Processor object at 0x105785760>
23.936960000000063,0.01922999999999675,75847,<entities.dtn.DTN object at 0x10577b4c0>,<entities.processor.Processor object at 0x105785760>
23.938560000000063,0.019259999999995614,75847,<entities.dtn.DTN object at 0x10577b4c0>,<entities.processor.Processor object at 0x105785760>
23.940160000000063,0.020829999999996573,75847,<entities.dtn.DTN object at 0x10577b4c0>,<entities.processor.Processor object at 0x105785760>
23.941760000000063,0.020859999999995438,75847,<entities.dtn.DTN object at 0x10577b4c0>,<entities.processor.Processor object at 0x105785760>
23.943360000000062,0.022429999999996397,75847,<entities.dtn.DTN object at 0x10577b4c0>,<entities.processor.Processor object at 0x105785760>
23.944960000000062,0.02245999999999526,75847,<entities.dtn.DTN object at 0x10577b4c0>,<entities.processor.Processor object at 0x105785760>
23.946560000000062,0.02402999999999622,75847,<entities.dtn.DTN object at 0x10577b4c0>,<entities.processor.Processor object at 0x105785760>
23.948160000000062,0.024059999999995085,75847,<entities.dtn.DTN object at 0x10577b4c0>,<entities.processor.Processor object at 0x105785760>
23.94976000000006,0.025629999999996045,75847,<entities.dtn.DTN object at 0x10577b4c0>,<entities.processor.Processor object at 0x105785760>
23.95136000000006,0.02565999999999491,75847,<entities.dtn.DTN object at 0x10577b4c0>,<entities.processor.Processor object at 0x105785760>
23.95296000000006,0.02722999999999587,75847,<entities.dtn.DTN object at 0x10577b4c0>,<entities.processor.Processor object at 0x105785760>
23.95456000000006,0.027259999999994733,75847,<entities.dtn.DTN object at 0x10577b4c0>,<entities.processor.Processor object at 0x105785760>
23.95616000000006,0.028829999999995692,75847,<entities.dtn.DTN object at 0x10577b4c0>,<entities.processor.Processor object at 0x105785760>
23.95776000000006,0.028859999999994557,75847,<entities.dtn.DTN object at 0x10577b4c0>,<entities.processor.Processor object at 0x105785760>
23.95936000000006,0.030429999999995516,75847,<entities.dtn.DTN object at 0x10577b4c0>,<entities.processor.Processor object at 0x105785760>
23.96096000000006,0.03045999999999438,75847,<entities.dtn.DTN object at 0x10577b4c0>,<entities.processor.Processor object at 0x105785760>
23.96256000000006,0.03202999999999534,75847,<entities.dtn.DTN object at 0x10577b4c0>,<entities.processor.Processor object at 0x105785760>
23.96416000000006,0.032059999999994204,75847,<entities.dtn.DTN object at 0x10577b4c0>,<entities.processor.Processor object at 0x105785760>
23.96576000000006,0.033629999999995164,75847,<entities.dtn.DTN object at 0x10577b4c0>,<entities.processor.Processor object at 0x105785760>
23.96736000000006,0.03365999999999403,75847,<entities.dtn.DTN object at 0x10577b4c0>,<entities.processor.Processor object at 0x105785760>
23.96896000000006,0.03522999999999499,75847,<entities.dtn.DTN object at 0x10577b4c0>,<entities.processor.Processor object at 0x105785760>
23.97056000000006,0.03525999999999385,75847,<entities.dtn.DTN object at 0x10577b4c0>,<entities.processor.Processor object at 0x105785760>
23.97216000000006,0.03682999999999481,75847,<entities.dtn.DTN object at 0x10577b4c0>,<entities.processor.Processor object at 0x105785760>
23.97376000000006,0.036859999999993676,75847,<entities.dtn.DTN object at 0x10577b4c0>,<entities.processor.Processor object at 0x105785760>
23.97536000000006,0.038429999999994635,75847,<entities.dtn.DTN object at 0x10577b4c0>,<entities.processor.Processor object at 0x105785760>
23.97696000000006,0.0384599999999935,75847,<entities.dtn.DTN object at 0x10577b4c0>,<entities.processor.Processor object at 0x105785760>
23.97856000000006,0.04002999999999446,75847,<entities.dtn.DTN object at 0x10577b4c0>,<entities.processor.Processor object at 0x105785760>
23.98016000000006,0.04005999999999332,75847,<entities.dtn.DTN object at 0x10577b4c0>,<entities.processor.Processor object at 0x105785760>
23.981760000000058,0.04162999999999428,75847,<entities.dtn.DTN object at 0x10577b4c0>,<entities.processor.Processor object at 0x105785760>
23.983360000000058,0.04165999999999315,75847,<entities.dtn.DTN object at 0x10577b4c0>,<entities.processor.Processor object at 0x105785760>
23.984960000000058,0.043229999999994106,75847,<entities.dtn.DTN object at 0x10577b4c0>,<entities.processor.Processor object at 0x105785760>
23.986560000000058,0.04325999999999297,75847,<entities.dtn.DTN object at 0x10577b4c0>,<entities.processor.Processor object at 0x105785760>
23.988160000000057,0.04482999999999393,75847,<entities.dtn.DTN object at 0x10577b4c0>,<entities.processor.Processor object at 0x105785760>
23.989760000000057,0.044859999999992795,75847,<entities.dtn.DTN object at 0x10577b4c0>,<entities.processor.Processor object at 0x105785760>
23.991360000000057,0.046429999999993754,75847,<entities.dtn.DTN object at 0x10577b4c0>,<entities.processor.Processor object at 0x105785760>
23.992960000000057,0.04645999999999262,75847,<entities.dtn.DTN object at 0x10577b4c0>,<entities.processor.Processor object at 0x105785760>
23.994530000000058,0.047999999999994714,75847,<entities.dtn.DTN object at 0x10577b4c0>,<entities.processor.Processor object at 0x105785760>
23.99610000000006,0.047999999999994714,75847,<entities.dtn.DTN object at 0x10577b4c0>,<entities.processor.Processor object at 0x105785760>
23.99770000000006,0.04956999999999567,75847,<entities.dtn.DTN object at 0x10577b4c0>,<entities.processor.Processor object at 0x105785760>
23.99930000000006,0.04959999999999454,75847,<entities.dtn.DTN object at 0x10577b4c0>,<entities.processor.Processor object at 0x105785760>
24.00090000000006,0.0511699999999955,75847,<entities.dtn.DTN object at 0x10577b4c0>,<entities.processor.Processor object at 0x105785760>
24.002500000000058,0.05119999999999436,75847,<entities.dtn.DTN object at 0x10577b4c0>,<entities.processor.Processor object at 0x105785760>
24.004100000000058,0.05276999999999532,75847,<entities.dtn.DTN object at 0x10577b4c0>,<entities.processor.Processor object at 0x105785760>
24.005700000000058,0.052799999999994185,75847,<entities.dtn.DTN object at 0x10577b4c0>,<entities.processor.Processor object at 0x105785760>
24.007300000000058,0.054369999999995144,75847,<entities.dtn.DTN object at 0x10577b4c0>,<entities.processor.Processor object at 0x105785760>
24.008900000000057,0.05439999999999401,75847,<entities.dtn.DTN object at 0x10577b4c0>,<entities.processor.Processor object at 0x105785760>
24.010500000000057,0.05596999999999497,75847,<entities.dtn.DTN object at 0x10577b4c0>,<entities.processor.Processor object at 0x105785760>
24.012100000000057,0.05599999999999383,75847,<entities.dtn.DTN object at 0x10577b4c0>,<entities.processor.Processor object at 0x105785760>
24.013700000000057,0.05756999999999479,75847,<entities.dtn.DTN object at 0x10577b4c0>,<entities.processor.Processor object at 0x105785760>
24.015300000000057,0.057599999999993656,75847,<entities.dtn.DTN object at 0x10577b4c0>,<entities.processor.Processor object at 0x105785760>
24.016900000000057,0.059169999999994616,75847,<entities.dtn.DTN object at 0x10577b4c0>,<entities.processor.Processor object at 0x105785760>
24.018500000000056,0.05919999999999348,75847,<entities.dtn.DTN object at 0x10577b4c0>,<entities.processor.Processor object at 0x105785760>
24.020100000000056,0.06076999999999444,75847,<entities.dtn.DTN object at 0x10577b4c0>,<entities.processor.Processor object at 0x105785760>
24.021700000000056,0.060799999999993304,75847,<entities.dtn.DTN object at 0x10577b4c0>,<entities.processor.Processor object at 0x105785760>
24.023300000000056,0.06236999999999426,75847,<entities.dtn.DTN object at 0x10577b4c0>,<entities.processor.Processor object at 0x105785760>
24.024900000000056,0.06239999999999313,75847,<entities.dtn.DTN object at 0x10577b4c0>,<entities.processor.Processor object at 0x105785760>
24.026500000000055,0.06396999999999409,75847,<entities.dtn.DTN object at 0x10577b4c0>,<entities.processor.Processor object at 0x105785760>
24.028100000000055,0.06399999999999295,75847,<entities.dtn.DTN object at 0x10577b4c0>,<entities.processor.Processor object at 0x105785760>
24.029700000000055,0.06556999999999391,75847,<entities.dtn.DTN object at 0x10577b4c0>,<entities.processor.Processor object at 0x105785760>
24.031300000000055,0.06559999999999278,75847,<entities.dtn.DTN object at 0x10577b4c0>,<entities.processor.Processor object at 0x105785760>
24.032900000000055,0.06716999999999373,75847,<entities.dtn.DTN object at 0x10577b4c0>,<entities.processor.Processor object at 0x105785760>
24.034500000000055,0.0671999999999926,75847,<entities.dtn.DTN object at 0x10577b4c0>,<entities.processor.Processor object at 0x105785760>
24.036100000000054,0.06876999999999356,75847,<entities.dtn.DTN object at 0x10577b4c0>,<entities.processor.Processor object at 0x105785760>
24.037700000000054,0.06879999999999242,75847,<entities.dtn.DTN object at 0x10577b4c0>,<entities.processor.Processor object at 0x105785760>
24.039300000000054,0.07036999999999338,75847,<entities.dtn.DTN object at 0x10577b4c0>,<entities.processor.Processor object at 0x105785760>
24.040900000000054,0.07039999999999225,75847,<entities.dtn.DTN object at 0x10577b4c0>,<entities.processor.Processor object at 0x105785760>
24.042500000000054,0.0719699999999932,75847,<entities.dtn.DTN object at 0x10577b4c0>,<entities.processor.Processor object at 0x105785760>
24.044100000000054,0.07199999999999207,75847,<entities.dtn.DTN object at 0x10577b4c0>,<entities.processor.Processor object at 0x105785760>
24.045700000000053,0.07356999999999303,75847,<entities.dtn.DTN object at 0x10577b4c0>,<entities.processor.Processor object at 0x105785760>
24.047300000000053,0.0735999999999919,75847,<entities.dtn.DTN object at 0x10577b4c0>,<entities.processor.Processor object at 0x105785760>
24.048900000000053,0.07516999999999285,75847,<entities.dtn.DTN object at 0x10577b4c0>,<entities.processor.Processor object at 0x105785760>
24.050500000000053,0.07519999999999172,75847,<entities.dtn.DTN object at 0x10577b4c0>,<entities.processor.Processor object at 0x105785760>
24.052100000000053,0.07676999999999268,75847,<entities.dtn.DTN object at 0x10577b4c0>,<entities.processor.Processor object at 0x105785760>
24.053700000000052,0.07679999999999154,75847,<entities.dtn.DTN object at 0x10577b4c0>,<entities.processor.Processor object at 0x105785760>
24.055300000000052,0.0783699999999925,75847,<entities.dtn.DTN object at 0x10577b4c0>,<entities.processor.Processor object at 0x105785760>
24.07290000000005,0.09436999999999074,75847,<entities.dtn.DTN object at 0x10577b4c0>,<entities.processor.Processor object at 0x105785760>
24.07450000000005,0.09436999999999074,75847,<entities.dtn.DTN object at 0x10577b4c0>,<entities.processor.Processor object at 0x105785760>
24.07610000000005,0.09436999999999074,75847,<entities.dtn.DTN object at 0x10577b4c0>,<entities.processor.Processor object at 0x105785760>
24.07770000000005,0.09436999999999074,75847,<entities.dtn.DTN object at 0x10577b4c0>,<entities.processor.Processor object at 0x105785760>
24.601760000000077,0.10140000000000171,54883,<entities.dtn.DTN object at 0x10577b4c0>,<entities.processor.Processor object at 0x105785ac0>
24.703360000000078,0.10165999999999897,54883,<entities.dtn.DTN object at 0x10577b4c0>,<entities.processor.Processor object at 0x105785ac0>
24.704960000000078,0.10322999999999993,54883,<entities.dtn.DTN object at 0x10577b4c0>,<entities.processor.Processor object at 0x105785ac0>
24.80656000000008,0.1032599999999988,54883,<entities.dtn.DTN object at 0x10577b4c0>,<entities.processor.Processor object at 0x105785ac0>
24.80816000000008,0.10482999999999976,54883,<entities.dtn.DTN object at 0x10577b4c0>,<entities.processor.Processor object at 0x105785ac0>
24.80976000000008,0.10485999999999862,54883,<entities.dtn.DTN object at 0x10577b4c0>,<entities.processor.Processor object at 0x105785ac0>
24.81136000000008,0.10642999999999958,54883,<entities.dtn.DTN object at 0x10577b4c0>,<entities.processor.Processor object at 0x105785ac0>
24.91296000000008,0.10645999999999844,54883,<entities.dtn.DTN object at 0x10577b4c0>,<entities.processor.Processor object at 0x105785ac0>
24.91456000000008,0.1080299999999994,54883,<entities.dtn.DTN object at 0x10577b4c0>,<entities.processor.Processor object at 0x105785ac0>
24.91616000000008,0.10805999999999827,54883,<entities.dtn.DTN object at 0x10577b4c0>,<entities.processor.Processor object at 0x105785ac0>
24.91776000000008,0.10962999999999923,54883,<entities.dtn.DTN object at 0x10577b4c0>,<entities.processor.Processor object at 0x105785ac0>
24.91936000000008,0.10965999999999809,54883,<entities.dtn.DTN object at 0x10577b4c0>,<entities.processor.Processor object at 0x105785ac0>
24.92096000000008,0.11122999999999905,54883,<entities.dtn.DTN object at 0x10577b4c0>,<entities.processor.Processor object at 0x105785ac0>
24.92256000000008,0.11125999999999792,54883,<entities.dtn.DTN object at 0x10577b4c0>,<entities.processor.Processor object at 0x105785ac0>
24.92416000000008,0.11282999999999888,54883,<entities.dtn.DTN object at 0x10577b4c0>,<entities.processor.Processor object at 0x105785ac0>
24.92576000000008,0.012859999999996319,54883,<entities.dtn.DTN object at 0x10577b4c0>,<entities.processor.Processor object at 0x105785ac0>
24.92736000000008,0.014429999999997278,54883,<entities.dtn.DTN object at 0x10577b4c0>,<entities.processor.Processor object at 0x105785ac0>
24.928960000000078,0.014459999999996143,54883,<entities.dtn.DTN object at 0x10577b4c0>,<entities.processor.Processor object at 0x105785ac0>
24.930560000000078,0.016029999999997102,54883,<entities.dtn.DTN object at 0x10577b4c0>,<entities.processor.Processor object at 0x105785ac0>
24.932160000000078,0.016059999999995966,54883,<entities.dtn.DTN object at 0x10577b4c0>,<entities.processor.Processor object at 0x105785ac0>
24.933760000000078,0.017629999999996926,54883,<entities.dtn.DTN object at 0x10577b4c0>,<entities.processor.Processor object at 0x105785ac0>
24.935360000000077,0.01765999999999579,54883,<entities.dtn.DTN object at 0x10577b4c0>,<entities.processor.Processor object at 0x105785ac0>
24.936960000000077,0.01922999999999675,54883,<entities.dtn.DTN object at 0x10577b4c0>,<entities.processor.Processor object at 0x105785ac0>
24.938560000000077,0.019259999999995614,54883,<entities.dtn.DTN object at 0x10577b4c0>,<entities.processor.Processor object at 0x105785ac0>
24.940160000000077,0.020829999999996573,54883,<entities.dtn.DTN object at 0x10577b4c0>,<entities.processor.Processor object at 0x105785ac0>
24.941760000000077,0.020859999999995438,54883,<entities.dtn.DTN object at 0x10577b4c0>,<entities.processor.Processor object at 0x105785ac0>
24.943360000000077,0.022429999999996397,54883,<entities.dtn.DTN object at 0x10577b4c0>,<entities.processor.Processor object at 0x105785ac0>
24.944960000000076,0.02245999999999526,54883,<entities.dtn.DTN object at 0x10577b4c0>,<entities.processor.Processor object at 0x105785ac0>
24.946560000000076,0.02402999999999622,54883,<entities.dtn.DTN object at 0x10577b4c0>,<entities.processor.Processor object at 0x105785ac0>
24.948160000000076,0.024059999999995085,54883,<entities.dtn.DTN object at 0x10577b4c0>,<entities.processor.Processor object at 0x105785ac0>
24.949760000000076,0.025629999999996045,54883,<entities.dtn.DTN object at 0x10577b4c0>,<entities.processor.Processor object at 0x105785ac0>
24.951360000000076,0.02565999999999491,54883,<entities.dtn.DTN object at 0x10577b4c0>,<entities.processor.Processor object at 0x105785ac0>
24.952960000000076,0.02722999999999587,54883,<entities.dtn.DTN object at 0x10577b4c0>,<entities.processor.Processor object at 0x105785ac0>
24.954560000000075,0.027259999999994733,54883,<entities.dtn.DTN object at 0x10577b4c0>,<entities.processor.Processor object at 0x105785ac0>
24.956160000000075,0.028829999999995692,54883,<entities.dtn.DTN object at 0x10577b4c0>,<entities.processor.Processor object at 0x105785ac0>
24.957760000000075,0.028859999999994557,54883,<entities.dtn.DTN object at 0x10577b4c0>,<entities.processor.Processor object at 0x105785ac0>
24.959360000000075,0.030429999999995516,54883,<entities.dtn.DTN object at 0x10577b4c0>,<entities.processor.Processor object at 0x105785ac0>
24.960960000000075,0.03045999999999438,54883,<entities.dtn.DTN object at 0x10577b4c0>,<entities.processor.Processor object at 0x105785ac0>
24.962560000000074,0.03202999999999534,54883,<entities.dtn.DTN object at 0x10577b4c0>,<entities.processor.Processor object at 0x105785ac0>
24.964160000000074,0.032059999999994204,54883,<entities.dtn.DTN object at 0x10577b4c0>,<entities.processor.Processor object at 0x105785ac0>
24.965760000000074,0.033629999999995164,54883,<entities.dtn.DTN object at 0x10577b4c0>,<entities.processor.Processor object at 0x105785ac0>
24.967360000000074,0.03365999999999403,54883,<entities.dtn.DTN object at 0x10577b4c0>,<entities.processor.Processor object at 0x105785ac0>
24.968960000000074,0.03522999999999499,54883,<entities.dtn.DTN object at 0x10577b4c0>,<entities.processor.Processor object at 0x105785ac0>
24.970560000000074,0.03525999999999385,54883,<entities.dtn.DTN object at 0x10577b4c0>,<entities.processor.Processor object at 0x105785ac0>
24.972160000000073,0.03682999999999481,54883,<entities.dtn.DTN object at 0x10577b4c0>,<entities.processor.Processor object at 0x105785ac0>
24.973760000000073,0.036859999999993676,54883,<entities.dtn.DTN object at 0x10577b4c0>,<entities.processor.Processor object at 0x105785ac0>
24.975360000000073,0.038429999999994635,54883,<entities.dtn.DTN object at 0x10577b4c0>,<entities.processor.Processor object at 0x105785ac0>
24.976960000000073,0.0384599999999935,54883,<entities.dtn.DTN object at 0x10577b4c0>,<entities.processor.Processor object at 0x105785ac0>
24.978560000000073,0.04002999999999446,54883,<entities.dtn.DTN object at 0x10577b4c0>,<entities.processor.Processor object at 0x105785ac0>
24.980160000000073,0.04005999999999332,54883,<entities.dtn.DTN object at 0x10577b4c0>,<entities.processor.Processor object at 0x105785ac0>
24.981760000000072,0.04162999999999428,54883,<entities.dtn.DTN object at 0x10577b4c0>,<entities.processor.Processor object at 0x105785ac0>
24.983360000000072,0.04165999999999315,54883,<entities.dtn.DTN object at 0x10577b4c0>,<entities.processor.Processor object at 0x105785ac0>
24.984960000000072,0.043229999999994106,54883,<entities.dtn.DTN object at 0x10577b4c0>,<entities.processor.Processor object at 0x105785ac0>
24.986530000000073,0.043229999999994106,54883,<entities.dtn.DTN object at 0x10577b4c0>,<entities.processor.Processor object at 0x105785ac0>
24.988100000000074,0.0447699999999962,54883,<entities.dtn.DTN object at 0x10577b4c0>,<entities.processor.Processor object at 0x105785ac0>
24.989700000000074,0.044799999999995066,54883,<entities.dtn.DTN object at 0x10577b4c0>,<entities.processor.Processor object at 0x105785ac0>
24.991300000000074,0.046369999999996026,54883,<entities.dtn.DTN object at 0x10577b4c0>,<entities.processor.Processor object at 0x105785ac0>
24.992900000000073,0.04639999999999489,54883,<entities.dtn.DTN object at 0x10577b4c0>,<entities.processor.Processor object at 0x105785ac0>
24.994500000000073,0.04796999999999585,54883,<entities.dtn.DTN object at 0x10577b4c0>,<entities.processor.Processor object at 0x105785ac0>
24.996100000000073,0.047999999999994714,54883,<entities.dtn.DTN object at 0x10577b4c0>,<entities.processor.Processor object at 0x105785ac0>
24.997700000000073,0.04956999999999567,54883,<entities.dtn.DTN object at 0x10577b4c0>,<entities.processor.Processor object at 0x105785ac0>
24.999300000000073,0.04959999999999454,54883,<entities.dtn.DTN object at 0x10577b4c0>,<entities.processor.Processor object at 0x105785ac0>
25.000900000000073,0.0511699999999955,54883,<entities.dtn.DTN object at 0x10577b4c0>,<entities.processor.Processor object at 0x105785ac0>
25.002500000000072,0.05119999999999436,54883,<entities.dtn.DTN object at 0x10577b4c0>,<entities.processor.Processor object at 0x105785ac0>
25.004100000000072,0.05276999999999532,54883,<entities.dtn.DTN object at 0x10577b4c0>,<entities.processor.Processor object at 0x105785ac0>
25.005700000000072,0.052799999999994185,54883,<entities.dtn.DTN object at 0x10577b4c0>,<entities.processor.Processor object at 0x105785ac0>
25.007300000000072,0.054369999999995144,54883,<entities.dtn.DTN object at 0x10577b4c0>,<entities.processor.Processor object at 0x105785ac0>
25.00890000000007,0.05439999999999401,54883,<entities.dtn.DTN object at 0x10577b4c0>,<entities.processor.Processor object at 0x105785ac0>
25.01050000000007,0.05596999999999497,54883,<entities.dtn.DTN object at 0x10577b4c0>,<entities.processor.Processor object at 0x105785ac0>
25.01210000000007,0.05599999999999383,54883,<entities.dtn.DTN object at 0x10577b4c0>,<entities.processor.Processor object at 0x105785ac0>
25.01370000000007,0.05756999999999479,54883,<entities.dtn.DTN object at 0x10577b4c0>,<entities.processor.Processor object at 0x105785ac0>
25.01530000000007,0.057599999999993656,54883,<entities.dtn.DTN object at 0x10577b4c0>,<entities.processor.Processor object at 0x105785ac0>
25.01690000000007,0.059169999999994616,54883,<entities.dtn.DTN object at 0x10577b4c0>,<entities.processor.Processor object at 0x105785ac0>
25.01850000000007,0.05919999999999348,54883,<entities.dtn.DTN object at 0x10577b4c0>,<entities.processor.Processor object at 0x105785ac0>
25.02010000000007,0.06076999999999444,54883,<entities.dtn.DTN object at 0x10577b4c0>,<entities.processor.Processor object at 0x105785ac0>
25.02170000000007,0.060799999999993304,54883,<entities.dtn.DTN object at 0x10577b4c0>,<entities.processor.Processor object at 0x105785ac0>
25.02330000000007,0.06236999999999426,54883,<entities.dtn.DTN object at 0x10577b4c0>,<entities.processor.Processor object at 0x105785ac0>
25.02490000000007,0.06239999999999313,54883,<entities.dtn.DTN object at 0x10577b4c0>,<entities.processor.Processor object at 0x105785ac0>
25.02650000000007,0.06396999999999409,54883,<entities.dtn.DTN object at 0x10577b4c0>,<entities.processor.Processor object at 0x105785ac0>
25.02810000000007,0.06399999999999295,54883,<entities.dtn.DTN object at 0x10577b4c0>,<entities.processor.Processor object at 0x105785ac0>
25.02970000000007,0.06556999999999391,54883,<entities.dtn.DTN object at 0x10577b4c0>,<entities.processor.Processor object at 0x105785ac0>
25.03130000000007,0.06559999999999278,54883,<entities.dtn.DTN object at 0x10577b4c0>,<entities.processor.Processor object at 0x105785ac0>
25.03290000000007,0.06716999999999373,54883,<entities.dtn.DTN object at 0x10577b4c0>,<entities.processor.Processor object at 0x105785ac0>
25.03450000000007,0.0671999999999926,54883,<entities.dtn.DTN object at 0x10577b4c0>,<entities.processor.Processor object at 0x105785ac0>
25.03610000000007,0.06876999999999356,54883,<entities.dtn.DTN object at 0x10577b4c0>,<entities.processor.Processor object at 0x105785ac0>
25.03770000000007,0.06879999999999242,54883,<entities.dtn.DTN object at 0x10577b4c0>,<entities.processor.Processor object at 0x105785ac0>
25.03930000000007,0.07036999999999338,54883,<entities.dtn.DTN object at 0x10577b4c0>,<entities.processor.Processor object at 0x105785ac0>
25.040900000000068,0.07039999999999225,54883,<entities.dtn.DTN object at 0x10577b4c0>,<entities.processor.Processor object at 0x105785ac0>
25.042500000000068,0.0719699999999932,54883,<entities.dtn.DTN object at 0x10577b4c0>,<entities.processor.Processor object at 0x105785ac0>
25.044100000000068,0.07199999999999207,54883,<entities.dtn.DTN object at 0x10577b4c0>,<entities.processor.Processor object at 0x105785ac0>
25.045700000000068,0.07356999999999303,54883,<entities.dtn.DTN object at 0x10577b4c0>,<entities.processor.Processor object at 0x105785ac0>
25.047300000000067,0.0735999999999919,54883,<entities.dtn.DTN object at 0x10577b4c0>,<entities.processor.Processor object at 0x105785ac0>
25.048900000000067,0.07516999999999285,54883,<entities.dtn.DTN object at 0x10577b4c0>,<entities.processor.Processor object at 0x105785ac0>
25.050500000000067,0.07519999999999172,54883,<entities.dtn.DTN object at 0x10577b4c0>,<entities.processor.Processor object at 0x105785ac0>
25.052100000000067,0.07676999999999268,54883,<entities.dtn.DTN object at 0x10577b4c0>,<entities.processor.Processor object at 0x105785ac0>
25.053700000000067,0.07679999999999154,54883,<entities.dtn.DTN object at 0x10577b4c0>,<entities.processor.Processor object at 0x105785ac0>
25.055300000000067,0.0783699999999925,54883,<entities.dtn.DTN object at 0x10577b4c0>,<entities.processor.Processor object at 0x105785ac0>
25.164900000000067,0.18636999999999304,54883,<entities.dtn.DTN object at 0x10577b4c0>,<entities.processor.Processor object at 0x105785ac0>
25.166500000000067,0.18636999999999304,54883,<entities.dtn.DTN object at 0x10577b4c0>,<entities.processor.Processor object at 0x105785ac0>
