time,rtt,connection_id,src,dst
5.608989999999999,4.108889999999999,56327,<entities.dtn.DTN object at 0x11163b550>,<entities.processor.Processor object at 0x11163b280>
5.715619999999997,0.10668999999999773,56327,<entities.dtn.DTN object at 0x11163b550>,<entities.processor.Processor object at 0x11163b280>
5.717219999999997,0.1082599999999978,56327,<entities.dtn.DTN object at 0x11163b550>,<entities.processor.Processor object at 0x11163b280>
5.825219999999995,0.10962999999999834,56327,<entities.dtn.DTN object at 0x11163b550>,<entities.processor.Processor object at 0x11163b280>
5.826819999999995,0.10962999999999834,56327,<entities.dtn.DTN object at 0x11163b550>,<entities.processor.Processor object at 0x11163b280>
5.941219999999993,0.11602999999999764,56327,<entities.dtn.DTN object at 0x11163b550>,<entities.processor.Processor object at 0x11163b280>
5.942819999999993,0.11602999999999764,56327,<entities.dtn.DTN object at 0x11163b550>,<entities.processor.Processor object at 0x11163b280>
6.170019999999989,0.22882999999999587,56327,<entities.dtn.DTN object at 0x11163b550>,<entities.processor.Processor object at 0x11163b280>
6.171619999999989,0.22882999999999587,56327,<entities.dtn.DTN object at 0x11163b550>,<entities.processor.Processor object at 0x11163b280>
6.524419999999982,0.3544299999999927,56327,<entities.dtn.DTN object at 0x11163b550>,<entities.processor.Processor object at 0x11163b280>
6.526019999999982,0.3544299999999927,56327,<entities.dtn.DTN object at 0x11163b550>,<entities.processor.Processor object at 0x11163b280>
7.230019999999969,0.705629999999986,56327,<entities.dtn.DTN object at 0x11163b550>,<entities.processor.Processor object at 0x11163b280>
7.331619999999968,0.8056299999999856,56327,<entities.dtn.DTN object at 0x11163b550>,<entities.processor.Processor object at 0x11163b280>
8.397019999999948,1.1670299999999791,56327,<entities.dtn.DTN object at 0x11163b550>,<entities.processor.Processor object at 0x11163b280>
8.398619999999948,1.0670299999999795,56327,<entities.dtn.DTN object at 0x11163b550>,<entities.processor.Processor object at 0x11163b280>
9.80501999999992,1.4080299999999735,56327,<entities.dtn.DTN object at 0x11163b550>,<entities.processor.Processor object at 0x11163b280>
9.80661999999992,1.4080299999999735,56327,<entities.dtn.DTN object at 0x11163b550>,<entities.processor.Processor object at 0x11163b280>
10.496819999999907,0.6918299999999871,56327,<entities.dtn.DTN object at 0x11163b550>,<entities.processor.Processor object at 0x11163b280>
10.498419999999907,0.6918299999999871,56327,<entities.dtn.DTN object at 0x11163b550>,<entities.processor.Processor object at 0x11163b280>
10.600019999999907,0.10322999999999993,56327,<entities.dtn.DTN object at 0x11163b550>,<entities.processor.Processor object at 0x11163b280>
10.601619999999906,0.10322999999999993,56327,<entities.dtn.DTN object at 0x11163b550>,<entities.processor.Processor object at 0x11163b280>
10.703219999999906,0.10322999999999993,56327,<entities.dtn.DTN object at 0x11163b550>,<entities.processor.Processor object at 0x11163b280>
10.704819999999906,0.10322999999999993,56327,<entities.dtn.DTN object at 0x11163b550>,<entities.processor.Processor object at 0x11163b280>
10.806419999999905,0.10322999999999993,56327,<entities.dtn.DTN object at 0x11163b550>,<entities.processor.Processor object at 0x11163b280>
10.808019999999905,0.10322999999999993,56327,<entities.dtn.DTN object at 0x11163b550>,<entities.processor.Processor object at 0x11163b280>
10.909619999999904,0.10322999999999993,56327,<entities.dtn.DTN object at 0x11163b550>,<entities.processor.Processor object at 0x11163b280>
10.911219999999904,0.10322999999999993,56327,<entities.dtn.DTN object at 0x11163b550>,<entities.processor.Processor object at 0x11163b280>
11.012819999999904,0.10322999999999993,56327,<entities.dtn.DTN object at 0x11163b550>,<entities.processor.Processor object at 0x11163b280>
11.014419999999904,0.10322999999999993,56327,<entities.dtn.DTN object at 0x11163b550>,<entities.processor.Processor object at 0x11163b280>
11.116019999999903,0.10322999999999993,56327,<entities.dtn.DTN object at 0x11163b550>,<entities.processor.Processor object at 0x11163b280>
11.117619999999903,0.10322999999999993,56327,<entities.dtn.DTN object at 0x11163b550>,<entities.processor.Processor object at 0x11163b280>
11.219219999999902,0.10322999999999993,56327,<entities.dtn.DTN object at 0x11163b550>,<entities.processor.Processor object at 0x11163b280>
11.220819999999902,0.10322999999999993,56327,<entities.dtn.DTN object at 0x11163b550>,<entities.processor.Processor object at 0x11163b280>
11.322419999999902,0.10322999999999993,56327,<entities.dtn.DTN object at 0x11163b550>,<entities.processor.Processor object at 0x11163b280>
11.324019999999901,0.10322999999999993,56327,<entities.dtn.DTN object at 0x11163b550>,<entities.processor.Processor object at 0x11163b280>
11.5256199999999,0.20322999999999958,56327,<entities.dtn.DTN object at 0x11163b550>,<entities.processor.Processor object at 0x11163b280>
11.5272199999999,0.20322999999999958,56327,<entities.dtn.DTN object at 0x11163b550>,<entities.processor.Processor object at 0x11163b280>
11.828819999999899,0.3032299999999992,56327,<entities.dtn.DTN object at 0x11163b550>,<entities.processor.Processor object at 0x11163b280>
11.830419999999899,0.3032299999999992,56327,<entities.dtn.DTN object at 0x11163b550>,<entities.processor.Processor object at 0x11163b280>
12.432019999999897,0.6032299999999982,56327,<entities.dtn.DTN object at 0x11163b550>,<entities.processor.Processor object at 0x11163b280>
12.433619999999896,0.6032299999999982,56327,<entities.dtn.DTN object at 0x11163b550>,<entities.processor.Processor object at 0x11163b280>
12.535219999999896,0.10322999999999993,56327,<entities.dtn.DTN object at 0x11163b550>,<entities.processor.Processor object at 0x11163b280>
12.536819999999896,0.10322999999999993,56327,<entities.dtn.DTN object at 0x11163b550>,<entities.processor.Processor object at 0x11163b280>
12.638419999999895,0.10322999999999993,56327,<entities.dtn.DTN object at 0x11163b550>,<entities.processor.Processor object at 0x11163b280>
12.740019999999895,0.20322999999999958,56327,<entities.dtn.DTN object at 0x11163b550>,<entities.processor.Processor object at 0x11163b280>
12.741619999999894,0.10322999999999993,56327,<entities.dtn.DTN object at 0x11163b550>,<entities.processor.Processor object at 0x11163b280>
12.843219999999894,0.10322999999999993,56327,<entities.dtn.DTN object at 0x11163b550>,<entities.processor.Processor object at 0x11163b280>
12.844819999999894,0.10322999999999993,56327,<entities.dtn.DTN object at 0x11163b550>,<entities.processor.Processor object at 0x11163b280>
12.946419999999893,0.10322999999999993,56327,<entities.dtn.DTN object at 0x11163b550>,<entities.processor.Processor object at 0x11163b280>
12.948019999999893,0.10322999999999993,56327,<entities.dtn.DTN object at 0x11163b550>,<entities.processor.Processor object at 0x11163b280>
13.149619999999892,0.20322999999999958,56327,<entities.dtn.DTN object at 0x11163b550>,<entities.processor.Processor object at 0x11163b280>
13.151219999999892,0.20322999999999958,56327,<entities.dtn.DTN object at 0x11163b550>,<entities.processor.Processor object at 0x11163b280>
13.352819999999891,0.20322999999999958,56327,<entities.dtn.DTN object at 0x11163b550>,<entities.processor.Processor object at 0x11163b280>
13.354419999999891,0.20322999999999958,56327,<entities.dtn.DTN object at 0x11163b550>,<entities.processor.Processor object at 0x11163b280>
13.55601999999989,0.20322999999999958,56327,<entities.dtn.DTN object at 0x11163b550>,<entities.processor.Processor object at 0x11163b280>
13.55761999999989,0.20322999999999958,56327,<entities.dtn.DTN object at 0x11163b550>,<entities.processor.Processor object at 0x11163b280>
13.759219999999889,0.20322999999999958,56327,<entities.dtn.DTN object at 0x11163b550>,<entities.processor.Processor object at 0x11163b280>
13.760819999999889,0.20322999999999958,56327,<entities.dtn.DTN object at 0x11163b550>,<entities.processor.Processor object at 0x11163b280>
13.862419999999888,0.10322999999999993,56327,<entities.dtn.DTN object at 0x11163b550>,<entities.processor.Processor object at 0x11163b280>
13.864019999999888,0.10322999999999993,56327,<entities.dtn.DTN object at 0x11163b550>,<entities.processor.Processor object at 0x11163b280>
13.965619999999888,0.10322999999999993,56327,<entities.dtn.DTN object at 0x11163b550>,<entities.processor.Processor object at 0x11163b280>
13.967219999999887,0.10322999999999993,56327,<entities.dtn.DTN object at 0x11163b550>,<entities.processor.Processor object at 0x11163b280>
14.068819999999887,0.10322999999999993,56327,<entities.dtn.DTN object at 0x11163b550>,<entities.processor.Processor object at 0x11163b280>
14.070419999999887,0.10322999999999993,56327,<entities.dtn.DTN object at 0x11163b550>,<entities.processor.Processor object at 0x11163b280>
14.172019999999886,0.10322999999999993,56327,<entities.dtn.DTN object at 0x11163b550>,<entities.processor.Processor object at 0x11163b280>
14.173619999999886,0.10322999999999993,56327,<entities.dtn.DTN object at 0x11163b550>,<entities.processor.Processor object at 0x11163b280>
14.275219999999885,0.10322999999999993,56327,<entities.dtn.DTN object at 0x11163b550>,<entities.processor.Processor object at 0x11163b280>
14.276819999999885,0.10322999999999993,56327,<entities.dtn.DTN object at 0x11163b550>,<entities.processor.Processor object at 0x11163b280>
14.378419999999885,0.10322999999999993,56327,<entities.dtn.DTN object at 0x11163b550>,<entities.processor.Processor object at 0x11163b280>
14.380019999999885,0.10322999999999993,56327,<entities.dtn.DTN object at 0x11163b550>,<entities.processor.Processor object at 0x11163b280>
14.581619999999884,0.20322999999999958,56327,<entities.dtn.DTN object at 0x11163b550>,<entities.processor.Processor object at 0x11163b280>
14.583219999999883,0.20322999999999958,56327,<entities.dtn.DTN object at 0x11163b550>,<entities.processor.Processor object at 0x11163b280>
14.684819999999883,0.10322999999999993,56327,<entities.dtn.DTN object at 0x11163b550>,<entities.processor.Processor object at 0x11163b280>
14.686419999999883,0.10322999999999993,56327,<entities.dtn.DTN object at 0x11163b550>,<entities.processor.Processor object at 0x11163b280>
14.888019999999882,0.20322999999999958,56327,<entities.dtn.DTN object at 0x11163b550>,<entities.processor.Processor object at 0x11163b280>
14.889619999999882,0.20322999999999958,56327,<entities.dtn.DTN object at 0x11163b550>,<entities.processor.Processor object at 0x11163b280>
15.19121999999988,0.3032299999999992,56327,<entities.dtn.DTN object at 0x11163b550>,<entities.processor.Processor object at 0x11163b280>
15.19281999999988,0.3032299999999992,56327,<entities.dtn.DTN object at 0x11163b550>,<entities.processor.Processor object at 0x11163b280>
15.29441999999988,0.10322999999999993,56327,<entities.dtn.DTN object at 0x11163b550>,<entities.processor.Processor object at 0x11163b280>
15.29601999999988,0.10322999999999993,56327,<entities.dtn.DTN object at 0x11163b550>,<entities.processor.Processor object at 0x11163b280>
15.397619999999879,0.10322999999999993,56327,<entities.dtn.DTN object at 0x11163b550>,<entities.processor.Processor object at 0x11163b280>
15.399219999999879,0.10322999999999993,56327,<entities.dtn.DTN object at 0x11163b550>,<entities.processor.Processor object at 0x11163b280>
15.500819999999878,0.10322999999999993,56327,<entities.dtn.DTN object at 0x11163b550>,<entities.processor.Processor object at 0x11163b280>
15.502419999999878,0.10322999999999993,56327,<entities.dtn.DTN object at 0x11163b550>,<entities.processor.Processor object at 0x11163b280>
15.804019999999877,0.3032299999999992,56327,<entities.dtn.DTN object at 0x11163b550>,<entities.processor.Processor object at 0x11163b280>
15.805619999999877,0.3032299999999992,56327,<entities.dtn.DTN object at 0x11163b550>,<entities.processor.Processor object at 0x11163b280>
16.507219999999883,0.7032300000000067,56327,<entities.dtn.DTN object at 0x11163b550>,<entities.processor.Processor object at 0x11163b280>
16.508819999999883,0.7032300000000067,56327,<entities.dtn.DTN object at 0x11163b550>,<entities.processor.Processor object at 0x11163b280>
17.510419999999897,1.0032300000000127,56327,<entities.dtn.DTN object at 0x11163b550>,<entities.processor.Processor object at 0x11163b280>
17.512019999999897,1.0032300000000127,56327,<entities.dtn.DTN object at 0x11163b550>,<entities.processor.Processor object at 0x11163b280>
18.013619999999904,0.5032300000000056,56327,<entities.dtn.DTN object at 0x11163b550>,<entities.processor.Processor object at 0x11163b280>
18.015219999999903,0.5032300000000056,56327,<entities.dtn.DTN object at 0x11163b550>,<entities.processor.Processor object at 0x11163b280>
18.116819999999905,0.10322999999999993,56327,<entities.dtn.DTN object at 0x11163b550>,<entities.processor.Processor object at 0x11163b280>
18.218419999999906,0.20323000000000135,56327,<entities.dtn.DTN object at 0x11163b550>,<entities.processor.Processor object at 0x11163b280>
18.220019999999906,0.10322999999999993,56327,<entities.dtn.DTN object at 0x11163b550>,<entities.processor.Processor object at 0x11163b280>
18.321619999999907,0.10322999999999993,56327,<entities.dtn.DTN object at 0x11163b550>,<entities.processor.Processor object at 0x11163b280>
18.323219999999907,0.10322999999999993,56327,<entities.dtn.DTN object at 0x11163b550>,<entities.processor.Processor object at 0x11163b280>
18.424819999999908,0.10322999999999993,56327,<entities.dtn.DTN object at 0x11163b550>,<entities.processor.Processor object at 0x11163b280>
18.426419999999908,0.10322999999999993,56327,<entities.dtn.DTN object at 0x11163b550>,<entities.processor.Processor object at 0x11163b280>
18.52801999999991,0.10322999999999993,56327,<entities.dtn.DTN object at 0x11163b550>,<entities.processor.Processor object at 0x11163b280>
18.52961999999991,0.10322999999999993,56327,<entities.dtn.DTN object at 0x11163b550>,<entities.processor.Processor object at 0x11163b280>
18.63121999999991,0.10322999999999993,56327,<entities.dtn.DTN object at 0x11163b550>,<entities.processor.Processor object at 0x11163b280>
18.63281999999991,0.10322999999999993,56327,<entities.dtn.DTN object at 0x11163b550>,<entities.processor.Processor object at 0x11163b280>
18.73441999999991,0.10322999999999993,56327,<entities.dtn.DTN object at 0x11163b550>,<entities.processor.Processor object at 0x11163b280>
18.73601999999991,0.10322999999999993,56327,<entities.dtn.DTN object at 0x11163b550>,<entities.processor.Processor object at 0x11163b280>
18.937619999999914,0.20323000000000135,56327,<entities.dtn.DTN object at 0x11163b550>,<entities.processor.Processor object at 0x11163b280>
18.939219999999914,0.20323000000000135,56327,<entities.dtn.DTN object at 0x11163b550>,<entities.processor.Processor object at 0x11163b280>
19.140849999999915,0.20326000000000022,56327,<entities.dtn.DTN object at 0x11163b550>,<entities.processor.Processor object at 0x11163b280>
19.142419999999916,0.20323000000000135,56327,<entities.dtn.DTN object at 0x11163b550>,<entities.processor.Processor object at 0x11163b280>
19.44401999999992,0.3032300000000028,56327,<entities.dtn.DTN object at 0x11163b550>,<entities.processor.Processor object at 0x11163b280>
19.44561999999992,0.30480000000000373,56327,<entities.dtn.DTN object at 0x11163b550>,<entities.processor.Processor object at 0x11163b280>
19.44721999999992,0.3048300000000026,56327,<entities.dtn.DTN object at 0x11163b550>,<entities.processor.Processor object at 0x11163b280>
20.048819999999928,0.6048300000000069,56327,<entities.dtn.DTN object at 0x11163b550>,<entities.processor.Processor object at 0x11163b280>
20.050419999999928,0.6048300000000069,56327,<entities.dtn.DTN object at 0x11163b550>,<entities.processor.Processor object at 0x11163b280>
20.052019999999928,0.6048300000000069,56327,<entities.dtn.DTN object at 0x11163b550>,<entities.processor.Processor object at 0x11163b280>
20.753619999999938,0.7048300000000083,56327,<entities.dtn.DTN object at 0x11163b550>,<entities.processor.Processor object at 0x11163b280>
20.755219999999937,0.7048300000000083,56327,<entities.dtn.DTN object at 0x11163b550>,<entities.processor.Processor object at 0x11163b280>
20.756819999999937,0.7048300000000083,56327,<entities.dtn.DTN object at 0x11163b550>,<entities.processor.Processor object at 0x11163b280>
21.258419999999944,0.5048300000000054,56327,<entities.dtn.DTN object at 0x11163b550>,<entities.processor.Processor object at 0x11163b280>
21.260019999999944,0.5048300000000054,56327,<entities.dtn.DTN object at 0x11163b550>,<entities.processor.Processor object at 0x11163b280>
21.261619999999944,0.5048300000000054,56327,<entities.dtn.DTN object at 0x11163b550>,<entities.processor.Processor object at 0x11163b280>
21.66321999999995,0.404830000000004,56327,<entities.dtn.DTN object at 0x11163b550>,<entities.processor.Processor object at 0x11163b280>
21.66481999999995,0.404830000000004,56327,<entities.dtn.DTN object at 0x11163b550>,<entities.processor.Processor object at 0x11163b280>
21.66641999999995,0.404830000000004,56327,<entities.dtn.DTN object at 0x11163b550>,<entities.processor.Processor object at 0x11163b280>
22.068019999999954,0.404830000000004,56327,<entities.dtn.DTN object at 0x11163b550>,<entities.processor.Processor object at 0x11163b280>
22.069619999999954,0.404830000000004,56327,<entities.dtn.DTN object at 0x11163b550>,<entities.processor.Processor object at 0x11163b280>
22.071219999999954,0.404830000000004,56327,<entities.dtn.DTN object at 0x11163b550>,<entities.processor.Processor object at 0x11163b280>
22.272819999999957,0.20483000000000118,56327,<entities.dtn.DTN object at 0x11163b550>,<entities.processor.Processor object at 0x11163b280>
22.274419999999957,0.20483000000000118,56327,<entities.dtn.DTN object at 0x11163b550>,<entities.processor.Processor object at 0x11163b280>
22.276019999999956,0.20483000000000118,56327,<entities.dtn.DTN object at 0x11163b550>,<entities.processor.Processor object at 0x11163b280>
22.677619999999962,0.404830000000004,56327,<entities.dtn.DTN object at 0x11163b550>,<entities.processor.Processor object at 0x11163b280>
22.67921999999996,0.404830000000004,56327,<entities.dtn.DTN object at 0x11163b550>,<entities.processor.Processor object at 0x11163b280>
22.68081999999996,0.404830000000004,56327,<entities.dtn.DTN object at 0x11163b550>,<entities.processor.Processor object at 0x11163b280>
23.482419999999973,0.8048300000000097,56327,<entities.dtn.DTN object at 0x11163b550>,<entities.processor.Processor object at 0x11163b280>
23.484019999999973,0.8048300000000097,56327,<entities.dtn.DTN object at 0x11163b550>,<entities.processor.Processor object at 0x11163b280>
23.485619999999972,0.8048300000000097,56327,<entities.dtn.DTN object at 0x11163b550>,<entities.processor.Processor object at 0x11163b280>
23.887219999999978,0.404830000000004,56327,<entities.dtn.DTN object at 0x11163b550>,<entities.processor.Processor object at 0x11163b280>
23.888819999999978,0.404830000000004,56327,<entities.dtn.DTN object at 0x11163b550>,<entities.processor.Processor object at 0x11163b280>
23.890419999999978,0.404830000000004,56327,<entities.dtn.DTN object at 0x11163b550>,<entities.processor.Processor object at 0x11163b280>
24.09201999999998,0.20483000000000118,56327,<entities.dtn.DTN object at 0x11163b550>,<entities.processor.Processor object at 0x11163b280>
24.09361999999998,0.20483000000000118,56327,<entities.dtn.DTN object at 0x11163b550>,<entities.processor.Processor object at 0x11163b280>
24.09521999999998,0.20483000000000118,56327,<entities.dtn.DTN object at 0x11163b550>,<entities.processor.Processor object at 0x11163b280>
24.296819999999983,0.20483000000000118,56327,<entities.dtn.DTN object at 0x11163b550>,<entities.processor.Processor object at 0x11163b280>
24.398419999999984,0.3048300000000026,56327,<entities.dtn.DTN object at 0x11163b550>,<entities.processor.Processor object at 0x11163b280>
24.400019999999984,0.3048300000000026,56327,<entities.dtn.DTN object at 0x11163b550>,<entities.processor.Processor object at 0x11163b280>
24.90161999999999,0.6048300000000069,56327,<entities.dtn.DTN object at 0x11163b550>,<entities.processor.Processor object at 0x11163b280>
25.303219999999996,0.9048300000000111,56327,<entities.dtn.DTN object at 0x11163b550>,<entities.processor.Processor object at 0x11163b280>
25.304819999999996,0.9048300000000111,56327,<entities.dtn.DTN object at 0x11163b550>,<entities.processor.Processor object at 0x11163b280>
25.806420000000003,0.9048300000000111,56327,<entities.dtn.DTN object at 0x11163b550>,<entities.processor.Processor object at 0x11163b280>
26.008020000000005,0.7048300000000083,56327,<entities.dtn.DTN object at 0x11163b550>,<entities.processor.Processor object at 0x11163b280>
26.009620000000005,0.7048300000000083,56327,<entities.dtn.DTN object at 0x11163b550>,<entities.processor.Processor object at 0x11163b280>
26.31122000000001,0.5048300000000054,56327,<entities.dtn.DTN object at 0x11163b550>,<entities.processor.Processor object at 0x11163b280>
26.31282000000001,0.3048300000000026,56327,<entities.dtn.DTN object at 0x11163b550>,<entities.processor.Processor object at 0x11163b280>
26.31442000000001,0.3048300000000026,56327,<entities.dtn.DTN object at 0x11163b550>,<entities.processor.Processor object at 0x11163b280>
26.41602000000001,0.10482999999999976,56327,<entities.dtn.DTN object at 0x11163b550>,<entities.processor.Processor object at 0x11163b280>
26.41762000000001,0.10482999999999976,56327,<entities.dtn.DTN object at 0x11163b550>,<entities.processor.Processor object at 0x11163b280>
26.41920000000001,0.10481000000000051,56327,<entities.dtn.DTN object at 0x11163b550>,<entities.processor.Processor object at 0x11163b280>
26.620790000000014,0.2048000000000023,56327,<entities.dtn.DTN object at 0x11163b550>,<entities.processor.Processor object at 0x11163b280>
26.622390000000014,0.2048000000000023,56327,<entities.dtn.DTN object at 0x11163b550>,<entities.processor.Processor object at 0x11163b280>
26.622990000000012,0.2038000000000011,56327,<entities.dtn.DTN object at 0x11163b550>,<entities.processor.Processor object at 0x11163b280>
5.714049999999997,0.106849999999997,23676,<entities.dtn.DTN object at 0x11163b550>,<entities.processor.Processor object at 0x110078b50>
5.8220499999999955,0.10805999999999827,23676,<entities.dtn.DTN object at 0x11163b550>,<entities.processor.Processor object at 0x110078b50>
5.823649999999995,0.10962999999999834,23676,<entities.dtn.DTN object at 0x11163b550>,<entities.processor.Processor object at 0x110078b50>
5.934849999999994,0.11285999999999774,23676,<entities.dtn.DTN object at 0x11163b550>,<entities.processor.Processor object at 0x110078b50>
5.936449999999994,0.11442999999999781,23676,<entities.dtn.DTN object at 0x11163b550>,<entities.processor.Processor object at 0x110078b50>
5.938049999999993,0.11445999999999756,23676,<entities.dtn.DTN object at 0x11163b550>,<entities.processor.Processor object at 0x110078b50>
5.939649999999993,0.11602999999999764,23676,<entities.dtn.DTN object at 0x11163b550>,<entities.processor.Processor object at 0x110078b50>
6.057249999999991,0.12245999999999668,23676,<entities.dtn.DTN object at 0x11163b550>,<entities.processor.Processor object at 0x110078b50>
6.058849999999991,0.12402999999999675,23676,<entities.dtn.DTN object at 0x11163b550>,<entities.processor.Processor object at 0x110078b50>
6.16044999999999,0.22405999999999615,23676,<entities.dtn.DTN object at 0x11163b550>,<entities.processor.Processor object at 0x110078b50>
6.16204999999999,0.22562999999999622,23676,<entities.dtn.DTN object at 0x11163b550>,<entities.processor.Processor object at 0x110078b50>
6.16364999999999,0.22565999999999597,23676,<entities.dtn.DTN object at 0x11163b550>,<entities.processor.Processor object at 0x110078b50>
6.16524999999999,0.22722999999999605,23676,<entities.dtn.DTN object at 0x11163b550>,<entities.processor.Processor object at 0x110078b50>
6.1668499999999895,0.2272599999999958,23676,<entities.dtn.DTN object at 0x11163b550>,<entities.processor.Processor object at 0x110078b50>
6.168449999999989,0.22882999999999587,23676,<entities.dtn.DTN object at 0x11163b550>,<entities.processor.Processor object at 0x110078b50>
6.398849999999985,0.34165999999999386,23676,<entities.dtn.DTN object at 0x11163b550>,<entities.processor.Processor object at 0x110078b50>
6.400449999999985,0.34322999999999393,23676,<entities.dtn.DTN object at 0x11163b550>,<entities.processor.Processor object at 0x110078b50>
6.402049999999985,0.3432599999999937,23676,<entities.dtn.DTN object at 0x11163b550>,<entities.processor.Processor object at 0x110078b50>
6.403649999999985,0.34482999999999375,23676,<entities.dtn.DTN object at 0x11163b550>,<entities.processor.Processor object at 0x110078b50>
6.405249999999985,0.24485999999999386,23676,<entities.dtn.DTN object at 0x11163b550>,<entities.processor.Processor object at 0x110078b50>
6.406849999999984,0.24642999999999393,23676,<entities.dtn.DTN object at 0x11163b550>,<entities.processor.Processor object at 0x110078b50>
6.508449999999984,0.34645999999999333,23676,<entities.dtn.DTN object at 0x11163b550>,<entities.processor.Processor object at 0x110078b50>
6.510049999999984,0.3480299999999934,23676,<entities.dtn.DTN object at 0x11163b550>,<entities.processor.Processor object at 0x110078b50>
6.5116499999999835,0.34805999999999315,23676,<entities.dtn.DTN object at 0x11163b550>,<entities.processor.Processor object at 0x110078b50>
6.513249999999983,0.3496299999999932,23676,<entities.dtn.DTN object at 0x11163b550>,<entities.processor.Processor object at 0x110078b50>
6.514849999999983,0.349659999999993,23676,<entities.dtn.DTN object at 0x11163b550>,<entities.processor.Processor object at 0x110078b50>
6.516449999999983,0.35122999999999305,23676,<entities.dtn.DTN object at 0x11163b550>,<entities.processor.Processor object at 0x110078b50>
6.518049999999983,0.3512599999999928,23676,<entities.dtn.DTN object at 0x11163b550>,<entities.processor.Processor object at 0x110078b50>
6.519649999999983,0.35282999999999287,23676,<entities.dtn.DTN object at 0x11163b550>,<entities.processor.Processor object at 0x110078b50>
6.5212499999999824,0.3528599999999926,23676,<entities.dtn.DTN object at 0x11163b550>,<entities.processor.Processor object at 0x110078b50>
6.522849999999982,0.3544299999999927,23676,<entities.dtn.DTN object at 0x11163b550>,<entities.processor.Processor object at 0x110078b50>
6.978849999999975,0.5800599999999889,23676,<entities.dtn.DTN object at 0x11163b550>,<entities.processor.Processor object at 0x110078b50>
6.9804499999999745,0.581629999999989,23676,<entities.dtn.DTN object at 0x11163b550>,<entities.processor.Processor object at 0x110078b50>
6.982049999999974,0.5816599999999887,23676,<entities.dtn.DTN object at 0x11163b550>,<entities.processor.Processor object at 0x110078b50>
6.983649999999974,0.5832299999999888,23676,<entities.dtn.DTN object at 0x11163b550>,<entities.processor.Processor object at 0x110078b50>
6.985249999999974,0.5832599999999886,23676,<entities.dtn.DTN object at 0x11163b550>,<entities.processor.Processor object at 0x110078b50>
6.986849999999974,0.5848299999999886,23676,<entities.dtn.DTN object at 0x11163b550>,<entities.processor.Processor object at 0x110078b50>
6.988449999999974,0.5848599999999884,23676,<entities.dtn.DTN object at 0x11163b550>,<entities.processor.Processor object at 0x110078b50>
6.9900499999999735,0.5864299999999885,23676,<entities.dtn.DTN object at 0x11163b550>,<entities.processor.Processor object at 0x110078b50>
6.991649999999973,0.5864599999999882,23676,<entities.dtn.DTN object at 0x11163b550>,<entities.processor.Processor object at 0x110078b50>
6.993249999999973,0.5880299999999883,23676,<entities.dtn.DTN object at 0x11163b550>,<entities.processor.Processor object at 0x110078b50>
7.094849999999973,0.6880599999999877,23676,<entities.dtn.DTN object at 0x11163b550>,<entities.processor.Processor object at 0x110078b50>
7.096449999999972,0.6896299999999878,23676,<entities.dtn.DTN object at 0x11163b550>,<entities.processor.Processor object at 0x110078b50>
7.098049999999972,0.5896599999999879,23676,<entities.dtn.DTN object at 0x11163b550>,<entities.processor.Processor object at 0x110078b50>
7.099649999999972,0.5912299999999879,23676,<entities.dtn.DTN object at 0x11163b550>,<entities.processor.Processor object at 0x110078b50>
7.101249999999972,0.5912599999999877,23676,<entities.dtn.DTN object at 0x11163b550>,<entities.processor.Processor object at 0x110078b50>
7.102849999999972,0.5928299999999878,23676,<entities.dtn.DTN object at 0x11163b550>,<entities.processor.Processor object at 0x110078b50>
7.1044499999999715,0.5928599999999875,23676,<entities.dtn.DTN object at 0x11163b550>,<entities.processor.Processor object at 0x110078b50>
7.106049999999971,0.5944299999999876,23676,<entities.dtn.DTN object at 0x11163b550>,<entities.processor.Processor object at 0x110078b50>
7.107649999999971,0.5944599999999873,23676,<entities.dtn.DTN object at 0x11163b550>,<entities.processor.Processor object at 0x110078b50>
7.109199999999971,0.5959799999999875,23676,<entities.dtn.DTN object at 0x11163b550>,<entities.processor.Processor object at 0x110078b50>
7.110789999999971,0.5959999999999877,23676,<entities.dtn.DTN object at 0x11163b550>,<entities.processor.Processor object at 0x110078b50>
7.112389999999971,0.5975699999999877,23676,<entities.dtn.DTN object at 0x11163b550>,<entities.processor.Processor object at 0x110078b50>
7.213989999999971,0.6975999999999871,23676,<entities.dtn.DTN object at 0x11163b550>,<entities.processor.Processor object at 0x110078b50>
7.21558999999997,0.6991699999999872,23676,<entities.dtn.DTN object at 0x11163b550>,<entities.processor.Processor object at 0x110078b50>
7.21718999999997,0.6991999999999869,23676,<entities.dtn.DTN object at 0x11163b550>,<entities.processor.Processor object at 0x110078b50>
7.21878999999997,0.700769999999987,23676,<entities.dtn.DTN object at 0x11163b550>,<entities.processor.Processor object at 0x110078b50>
7.22038999999997,0.7007999999999868,23676,<entities.dtn.DTN object at 0x11163b550>,<entities.processor.Processor object at 0x110078b50>
7.22198999999997,0.7023699999999868,23676,<entities.dtn.DTN object at 0x11163b550>,<entities.processor.Processor object at 0x110078b50>
7.2235899999999695,0.7023999999999866,23676,<entities.dtn.DTN object at 0x11163b550>,<entities.processor.Processor object at 0x110078b50>
7.225189999999969,0.7039699999999867,23676,<entities.dtn.DTN object at 0x11163b550>,<entities.processor.Processor object at 0x110078b50>
7.226789999999969,0.7039999999999864,23676,<entities.dtn.DTN object at 0x11163b550>,<entities.processor.Processor object at 0x110078b50>
7.228389999999969,0.7055699999999865,23676,<entities.dtn.DTN object at 0x11163b550>,<entities.processor.Processor object at 0x110078b50>
8.035589999999955,1.0567999999999795,23676,<entities.dtn.DTN object at 0x11163b550>,<entities.processor.Processor object at 0x110078b50>
8.037189999999955,1.0583699999999796,23676,<entities.dtn.DTN object at 0x11163b550>,<entities.processor.Processor object at 0x110078b50>
8.038789999999954,1.0583999999999794,23676,<entities.dtn.DTN object at 0x11163b550>,<entities.processor.Processor object at 0x110078b50>
8.040389999999954,1.0599699999999794,23676,<entities.dtn.DTN object at 0x11163b550>,<entities.processor.Processor object at 0x110078b50>
8.041989999999954,1.0599999999999792,23676,<entities.dtn.DTN object at 0x11163b550>,<entities.processor.Processor object at 0x110078b50>
8.043589999999954,1.0615699999999793,23676,<entities.dtn.DTN object at 0x11163b550>,<entities.processor.Processor object at 0x110078b50>
8.045189999999954,1.061599999999979,23676,<entities.dtn.DTN object at 0x11163b550>,<entities.processor.Processor object at 0x110078b50>
8.046789999999953,1.063169999999979,23676,<entities.dtn.DTN object at 0x11163b550>,<entities.processor.Processor object at 0x110078b50>
8.048389999999953,1.0631999999999788,23676,<entities.dtn.DTN object at 0x11163b550>,<entities.processor.Processor object at 0x110078b50>
8.049989999999953,1.064769999999979,23676,<entities.dtn.DTN object at 0x11163b550>,<entities.processor.Processor object at 0x110078b50>
8.051589999999953,1.0647999999999787,23676,<entities.dtn.DTN object at 0x11163b550>,<entities.processor.Processor object at 0x110078b50>
8.153189999999952,1.1663699999999784,23676,<entities.dtn.DTN object at 0x11163b550>,<entities.processor.Processor object at 0x110078b50>
8.154789999999952,1.1663999999999781,23676,<entities.dtn.DTN object at 0x11163b550>,<entities.processor.Processor object at 0x110078b50>
8.156389999999952,1.1679699999999782,23676,<entities.dtn.DTN object at 0x11163b550>,<entities.processor.Processor object at 0x110078b50>
8.157989999999952,1.167999999999978,23676,<entities.dtn.DTN object at 0x11163b550>,<entities.processor.Processor object at 0x110078b50>
8.159589999999952,1.169569999999978,23676,<entities.dtn.DTN object at 0x11163b550>,<entities.processor.Processor object at 0x110078b50>
8.161189999999952,1.1695999999999778,23676,<entities.dtn.DTN object at 0x11163b550>,<entities.processor.Processor object at 0x110078b50>
8.162789999999951,1.1711699999999778,23676,<entities.dtn.DTN object at 0x11163b550>,<entities.processor.Processor object at 0x110078b50>
8.164389999999951,1.1711999999999776,23676,<entities.dtn.DTN object at 0x11163b550>,<entities.processor.Processor object at 0x110078b50>
8.165989999999951,1.1727699999999777,23676,<entities.dtn.DTN object at 0x11163b550>,<entities.processor.Processor object at 0x110078b50>
8.16758999999995,1.0727999999999778,23676,<entities.dtn.DTN object at 0x11163b550>,<entities.processor.Processor object at 0x110078b50>
8.16918999999995,1.0743699999999778,23676,<entities.dtn.DTN object at 0x11163b550>,<entities.processor.Processor object at 0x110078b50>
8.17078999999995,1.0743999999999776,23676,<entities.dtn.DTN object at 0x11163b550>,<entities.processor.Processor object at 0x110078b50>
8.27238999999995,1.1759699999999773,23676,<entities.dtn.DTN object at 0x11163b550>,<entities.processor.Processor object at 0x110078b50>
8.27398999999995,1.175999999999977,23676,<entities.dtn.DTN object at 0x11163b550>,<entities.processor.Processor object at 0x110078b50>
8.27558999999995,1.1775699999999771,23676,<entities.dtn.DTN object at 0x11163b550>,<entities.processor.Processor object at 0x110078b50>
8.27718999999995,1.1775999999999769,23676,<entities.dtn.DTN object at 0x11163b550>,<entities.processor.Processor object at 0x110078b50>
8.27878999999995,1.179169999999977,23676,<entities.dtn.DTN object at 0x11163b550>,<entities.processor.Processor object at 0x110078b50>
8.280389999999949,1.1791999999999767,23676,<entities.dtn.DTN object at 0x11163b550>,<entities.processor.Processor object at 0x110078b50>
8.281989999999949,1.1807699999999768,23676,<entities.dtn.DTN object at 0x11163b550>,<entities.processor.Processor object at 0x110078b50>
8.283589999999949,1.1807999999999765,23676,<entities.dtn.DTN object at 0x11163b550>,<entities.processor.Processor object at 0x110078b50>
8.285189999999949,1.1823699999999766,23676,<entities.dtn.DTN object at 0x11163b550>,<entities.processor.Processor object at 0x110078b50>
8.286789999999948,1.1823999999999764,23676,<entities.dtn.DTN object at 0x11163b550>,<entities.processor.Processor object at 0x110078b50>
8.288389999999948,1.1839699999999764,23676,<entities.dtn.DTN object at 0x11163b550>,<entities.processor.Processor object at 0x110078b50>
8.389989999999948,1.2839999999999758,23676,<entities.dtn.DTN object at 0x11163b550>,<entities.processor.Processor object at 0x110078b50>
8.391589999999947,1.285569999999976,23676,<entities.dtn.DTN object at 0x11163b550>,<entities.processor.Processor object at 0x110078b50>
8.393189999999947,1.2855999999999757,23676,<entities.dtn.DTN object at 0x11163b550>,<entities.processor.Processor object at 0x110078b50>
8.394789999999947,1.2871699999999757,23676,<entities.dtn.DTN object at 0x11163b550>,<entities.processor.Processor object at 0x110078b50>
8.395389999999948,1.286199999999976,23676,<entities.dtn.DTN object at 0x11163b550>,<entities.processor.Processor object at 0x110078b50>
5.718849999999996,0.10831999999999731,93148,<entities.dtn.DTN object at 0x11163b550>,<entities.processor.Processor object at 0x1116448e0>
5.828449999999995,0.10965999999999809,93148,<entities.dtn.DTN object at 0x11163b550>,<entities.processor.Processor object at 0x1116448e0>
5.830049999999995,0.11122999999999816,93148,<entities.dtn.DTN object at 0x11163b550>,<entities.processor.Processor object at 0x1116448e0>
5.944449999999993,0.11605999999999739,93148,<entities.dtn.DTN object at 0x11163b550>,<entities.processor.Processor object at 0x1116448e0>
5.9460499999999925,0.11762999999999746,93148,<entities.dtn.DTN object at 0x11163b550>,<entities.processor.Processor object at 0x1116448e0>
5.947649999999992,0.11765999999999721,93148,<entities.dtn.DTN object at 0x11163b550>,<entities.processor.Processor object at 0x1116448e0>
6.049249999999992,0.21922999999999693,93148,<entities.dtn.DTN object at 0x11163b550>,<entities.processor.Processor object at 0x1116448e0>
6.173249999999989,0.22885999999999562,93148,<entities.dtn.DTN object at 0x11163b550>,<entities.processor.Processor object at 0x1116448e0>
6.174849999999989,0.2304299999999957,93148,<entities.dtn.DTN object at 0x11163b550>,<entities.processor.Processor object at 0x1116448e0>
6.1764499999999884,0.23045999999999545,93148,<entities.dtn.DTN object at 0x11163b550>,<entities.processor.Processor object at 0x1116448e0>
6.178049999999988,0.23202999999999552,93148,<entities.dtn.DTN object at 0x11163b550>,<entities.processor.Processor object at 0x1116448e0>
6.279649999999988,0.3320599999999949,93148,<entities.dtn.DTN object at 0x11163b550>,<entities.processor.Processor object at 0x1116448e0>
6.281249999999988,0.333629999999995,93148,<entities.dtn.DTN object at 0x11163b550>,<entities.processor.Processor object at 0x1116448e0>
6.282849999999987,0.2336599999999951,93148,<entities.dtn.DTN object at 0x11163b550>,<entities.processor.Processor object at 0x1116448e0>
6.284449999999987,0.23522999999999517,93148,<entities.dtn.DTN object at 0x11163b550>,<entities.processor.Processor object at 0x1116448e0>
6.627649999999981,0.4544599999999921,93148,<entities.dtn.DTN object at 0x11163b550>,<entities.processor.Processor object at 0x1116448e0>
6.629249999999981,0.45602999999999216,93148,<entities.dtn.DTN object at 0x11163b550>,<entities.processor.Processor object at 0x1116448e0>
6.630849999999981,0.4560599999999919,93148,<entities.dtn.DTN object at 0x11163b550>,<entities.processor.Processor object at 0x1116448e0>
6.632449999999981,0.457629999999992,93148,<entities.dtn.DTN object at 0x11163b550>,<entities.processor.Processor object at 0x1116448e0>
6.634049999999981,0.45765999999999174,93148,<entities.dtn.DTN object at 0x11163b550>,<entities.processor.Processor object at 0x1116448e0>
6.6356499999999805,0.4592299999999918,93148,<entities.dtn.DTN object at 0x11163b550>,<entities.processor.Processor object at 0x1116448e0>
6.63724999999998,0.45925999999999156,93148,<entities.dtn.DTN object at 0x11163b550>,<entities.processor.Processor object at 0x1116448e0>
6.63884999999998,0.46082999999999164,93148,<entities.dtn.DTN object at 0x11163b550>,<entities.processor.Processor object at 0x1116448e0>
6.64044999999998,0.36085999999999174,93148,<entities.dtn.DTN object at 0x11163b550>,<entities.processor.Processor object at 0x1116448e0>
6.7420499999999794,0.46242999999999146,93148,<entities.dtn.DTN object at 0x11163b550>,<entities.processor.Processor object at 0x1116448e0>
6.743649999999979,0.4624599999999912,93148,<entities.dtn.DTN object at 0x11163b550>,<entities.processor.Processor object at 0x1116448e0>
6.745249999999979,0.4640299999999913,93148,<entities.dtn.DTN object at 0x11163b550>,<entities.processor.Processor object at 0x1116448e0>
6.746849999999979,0.46405999999999104,93148,<entities.dtn.DTN object at 0x11163b550>,<entities.processor.Processor object at 0x1116448e0>
6.748449999999979,0.4656299999999911,93148,<entities.dtn.DTN object at 0x11163b550>,<entities.processor.Processor object at 0x1116448e0>
6.750049999999979,0.46565999999999086,93148,<entities.dtn.DTN object at 0x11163b550>,<entities.processor.Processor object at 0x1116448e0>
6.751649999999978,0.46722999999999093,93148,<entities.dtn.DTN object at 0x11163b550>,<entities.processor.Processor object at 0x1116448e0>
7.333249999999968,0.7056599999999857,93148,<entities.dtn.DTN object at 0x11163b550>,<entities.processor.Processor object at 0x1116448e0>
7.3348499999999675,0.7072299999999858,93148,<entities.dtn.DTN object at 0x11163b550>,<entities.processor.Processor object at 0x1116448e0>
7.336449999999967,0.7072599999999856,93148,<entities.dtn.DTN object at 0x11163b550>,<entities.processor.Processor object at 0x1116448e0>
7.338049999999967,0.7088299999999856,93148,<entities.dtn.DTN object at 0x11163b550>,<entities.processor.Processor object at 0x1116448e0>
7.339649999999967,0.7088599999999854,93148,<entities.dtn.DTN object at 0x11163b550>,<entities.processor.Processor object at 0x1116448e0>
7.341249999999967,0.7104299999999855,93148,<entities.dtn.DTN object at 0x11163b550>,<entities.processor.Processor object at 0x1116448e0>
7.342849999999967,0.7104599999999852,93148,<entities.dtn.DTN object at 0x11163b550>,<entities.processor.Processor object at 0x1116448e0>
7.344449999999966,0.7120299999999853,93148,<entities.dtn.DTN object at 0x11163b550>,<entities.processor.Processor object at 0x1116448e0>
7.346049999999966,0.712059999999985,93148,<entities.dtn.DTN object at 0x11163b550>,<entities.processor.Processor object at 0x1116448e0>
7.347649999999966,0.7136299999999851,93148,<entities.dtn.DTN object at 0x11163b550>,<entities.processor.Processor object at 0x1116448e0>
7.4492499999999655,0.8136599999999845,93148,<entities.dtn.DTN object at 0x11163b550>,<entities.processor.Processor object at 0x1116448e0>
7.450849999999965,0.8152299999999846,93148,<entities.dtn.DTN object at 0x11163b550>,<entities.processor.Processor object at 0x1116448e0>
7.452449999999965,0.8152599999999843,93148,<entities.dtn.DTN object at 0x11163b550>,<entities.processor.Processor object at 0x1116448e0>
7.454049999999965,0.8168299999999844,93148,<entities.dtn.DTN object at 0x11163b550>,<entities.processor.Processor object at 0x1116448e0>
7.455649999999965,0.8168599999999842,93148,<entities.dtn.DTN object at 0x11163b550>,<entities.processor.Processor object at 0x1116448e0>
7.457249999999965,0.8184299999999842,93148,<entities.dtn.DTN object at 0x11163b550>,<entities.processor.Processor object at 0x1116448e0>
7.4588499999999645,0.818459999999984,93148,<entities.dtn.DTN object at 0x11163b550>,<entities.processor.Processor object at 0x1116448e0>
7.460449999999964,0.820029999999984,93148,<entities.dtn.DTN object at 0x11163b550>,<entities.processor.Processor object at 0x1116448e0>
7.462049999999964,0.7200599999999842,93148,<entities.dtn.DTN object at 0x11163b550>,<entities.processor.Processor object at 0x1116448e0>
7.563649999999964,0.8216299999999839,93148,<entities.dtn.DTN object at 0x11163b550>,<entities.processor.Processor object at 0x1116448e0>
7.565249999999963,0.8216599999999836,93148,<entities.dtn.DTN object at 0x11163b550>,<entities.processor.Processor object at 0x1116448e0>
7.566849999999963,0.8232299999999837,93148,<entities.dtn.DTN object at 0x11163b550>,<entities.processor.Processor object at 0x1116448e0>
7.568449999999963,0.8232599999999834,93148,<entities.dtn.DTN object at 0x11163b550>,<entities.processor.Processor object at 0x1116448e0>
7.570049999999963,0.8248299999999835,93148,<entities.dtn.DTN object at 0x11163b550>,<entities.processor.Processor object at 0x1116448e0>
7.571649999999963,0.8248599999999833,93148,<entities.dtn.DTN object at 0x11163b550>,<entities.processor.Processor object at 0x1116448e0>
7.5732499999999625,0.8264299999999833,93148,<entities.dtn.DTN object at 0x11163b550>,<entities.processor.Processor object at 0x1116448e0>
7.574849999999962,0.8264599999999831,93148,<entities.dtn.DTN object at 0x11163b550>,<entities.processor.Processor object at 0x1116448e0>
7.576449999999962,0.8280299999999832,93148,<entities.dtn.DTN object at 0x11163b550>,<entities.processor.Processor object at 0x1116448e0>
7.578049999999962,0.8280599999999829,93148,<entities.dtn.DTN object at 0x11163b550>,<entities.processor.Processor object at 0x1116448e0>
7.579649999999962,0.829629999999983,93148,<entities.dtn.DTN object at 0x11163b550>,<entities.processor.Processor object at 0x1116448e0>
7.581249999999962,0.8296599999999827,93148,<entities.dtn.DTN object at 0x11163b550>,<entities.processor.Processor object at 0x1116448e0>
7.682849999999961,0.9312299999999825,93148,<entities.dtn.DTN object at 0x11163b550>,<entities.processor.Processor object at 0x1116448e0>
8.400249999999948,1.0670599999999801,93148,<entities.dtn.DTN object at 0x11163b550>,<entities.processor.Processor object at 0x1116448e0>
8.401819999999947,1.0685999999999796,93148,<entities.dtn.DTN object at 0x11163b550>,<entities.processor.Processor object at 0x1116448e0>
8.503419999999947,1.168629999999979,93148,<entities.dtn.DTN object at 0x11163b550>,<entities.processor.Processor object at 0x1116448e0>
8.505019999999947,1.170199999999979,93148,<entities.dtn.DTN object at 0x11163b550>,<entities.processor.Processor object at 0x1116448e0>
8.506619999999947,1.1702299999999788,93148,<entities.dtn.DTN object at 0x11163b550>,<entities.processor.Processor object at 0x1116448e0>
8.508219999999946,1.1717999999999789,93148,<entities.dtn.DTN object at 0x11163b550>,<entities.processor.Processor object at 0x1116448e0>
8.509819999999946,1.1718299999999786,93148,<entities.dtn.DTN object at 0x11163b550>,<entities.processor.Processor object at 0x1116448e0>
8.511419999999946,1.1733999999999787,93148,<entities.dtn.DTN object at 0x11163b550>,<entities.processor.Processor object at 0x1116448e0>
8.513019999999946,1.1734299999999784,93148,<entities.dtn.DTN object at 0x11163b550>,<entities.processor.Processor object at 0x1116448e0>
8.514619999999946,1.1749999999999785,93148,<entities.dtn.DTN object at 0x11163b550>,<entities.processor.Processor object at 0x1116448e0>
8.516219999999946,1.1750299999999783,93148,<entities.dtn.DTN object at 0x11163b550>,<entities.processor.Processor object at 0x1116448e0>
8.517819999999945,1.1765999999999783,93148,<entities.dtn.DTN object at 0x11163b550>,<entities.processor.Processor object at 0x1116448e0>
8.519419999999945,1.176629999999978,93148,<entities.dtn.DTN object at 0x11163b550>,<entities.processor.Processor object at 0x1116448e0>
8.621019999999945,1.2781999999999778,93148,<entities.dtn.DTN object at 0x11163b550>,<entities.processor.Processor object at 0x1116448e0>
8.622619999999944,1.2782299999999776,93148,<entities.dtn.DTN object at 0x11163b550>,<entities.processor.Processor object at 0x1116448e0>
8.624219999999944,1.2797999999999776,93148,<entities.dtn.DTN object at 0x11163b550>,<entities.processor.Processor object at 0x1116448e0>
8.625819999999944,1.2798299999999774,93148,<entities.dtn.DTN object at 0x11163b550>,<entities.processor.Processor object at 0x1116448e0>
8.627419999999944,1.2813999999999774,93148,<entities.dtn.DTN object at 0x11163b550>,<entities.processor.Processor object at 0x1116448e0>
8.629019999999944,1.2814299999999772,93148,<entities.dtn.DTN object at 0x11163b550>,<entities.processor.Processor object at 0x1116448e0>
8.630619999999944,1.2829999999999773,93148,<entities.dtn.DTN object at 0x11163b550>,<entities.processor.Processor object at 0x1116448e0>
8.632249999999944,1.183059999999978,93148,<entities.dtn.DTN object at 0x11163b550>,<entities.processor.Processor object at 0x1116448e0>
8.633819999999943,1.1845999999999774,93148,<entities.dtn.DTN object at 0x11163b550>,<entities.processor.Processor object at 0x1116448e0>
8.635419999999943,1.1846299999999772,93148,<entities.dtn.DTN object at 0x11163b550>,<entities.processor.Processor object at 0x1116448e0>
8.637019999999943,1.1861999999999773,93148,<entities.dtn.DTN object at 0x11163b550>,<entities.processor.Processor object at 0x1116448e0>
8.638619999999943,1.186229999999977,93148,<entities.dtn.DTN object at 0x11163b550>,<entities.processor.Processor object at 0x1116448e0>
8.74020999999994,1.2877899999999753,93148,<entities.dtn.DTN object at 0x11163b550>,<entities.processor.Processor object at 0x1116448e0>
8.741789999999941,1.2877999999999759,93148,<entities.dtn.DTN object at 0x11163b550>,<entities.processor.Processor object at 0x1116448e0>
8.743389999999941,1.289369999999976,93148,<entities.dtn.DTN object at 0x11163b550>,<entities.processor.Processor object at 0x1116448e0>
8.744989999999941,1.2893999999999757,93148,<entities.dtn.DTN object at 0x11163b550>,<entities.processor.Processor object at 0x1116448e0>
8.74658999999994,1.2909699999999757,93148,<entities.dtn.DTN object at 0x11163b550>,<entities.processor.Processor object at 0x1116448e0>
8.74818999999994,1.2909999999999755,93148,<entities.dtn.DTN object at 0x11163b550>,<entities.processor.Processor object at 0x1116448e0>
8.74978999999994,1.2925699999999756,93148,<entities.dtn.DTN object at 0x11163b550>,<entities.processor.Processor object at 0x1116448e0>
8.75138999999994,1.2925999999999753,93148,<entities.dtn.DTN object at 0x11163b550>,<entities.processor.Processor object at 0x1116448e0>
8.75298999999994,1.2941699999999754,93148,<entities.dtn.DTN object at 0x11163b550>,<entities.processor.Processor object at 0x1116448e0>
8.75458999999994,1.2941999999999751,93148,<entities.dtn.DTN object at 0x11163b550>,<entities.processor.Processor object at 0x1116448e0>
8.75618999999994,1.2957699999999752,93148,<entities.dtn.DTN object at 0x11163b550>,<entities.processor.Processor object at 0x1116448e0>
8.75778999999994,1.295799999999975,93148,<entities.dtn.DTN object at 0x11163b550>,<entities.processor.Processor object at 0x1116448e0>
8.859389999999939,1.3973699999999747,93148,<entities.dtn.DTN object at 0x11163b550>,<entities.processor.Processor object at 0x1116448e0>
8.860989999999939,1.2973999999999748,93148,<entities.dtn.DTN object at 0x11163b550>,<entities.processor.Processor object at 0x1116448e0>
8.862589999999939,1.2989699999999749,93148,<entities.dtn.DTN object at 0x11163b550>,<entities.processor.Processor object at 0x1116448e0>
8.864189999999939,1.2989999999999746,93148,<entities.dtn.DTN object at 0x11163b550>,<entities.processor.Processor object at 0x1116448e0>
8.865789999999938,1.3005699999999747,93148,<entities.dtn.DTN object at 0x11163b550>,<entities.processor.Processor object at 0x1116448e0>
8.867389999999938,1.3005999999999744,93148,<entities.dtn.DTN object at 0x11163b550>,<entities.processor.Processor object at 0x1116448e0>
8.868989999999938,1.3021699999999745,93148,<entities.dtn.DTN object at 0x11163b550>,<entities.processor.Processor object at 0x1116448e0>
8.870589999999938,1.3021999999999743,93148,<entities.dtn.DTN object at 0x11163b550>,<entities.processor.Processor object at 0x1116448e0>
8.872189999999938,1.3037699999999743,93148,<entities.dtn.DTN object at 0x11163b550>,<entities.processor.Processor object at 0x1116448e0>
8.973789999999937,1.4037999999999737,93148,<entities.dtn.DTN object at 0x11163b550>,<entities.processor.Processor object at 0x1116448e0>
8.975389999999937,1.4053699999999738,93148,<entities.dtn.DTN object at 0x11163b550>,<entities.processor.Processor object at 0x1116448e0>
8.976989999999937,1.4053999999999736,93148,<entities.dtn.DTN object at 0x11163b550>,<entities.processor.Processor object at 0x1116448e0>
8.978589999999937,1.4069699999999736,93148,<entities.dtn.DTN object at 0x11163b550>,<entities.processor.Processor object at 0x1116448e0>
8.980189999999936,1.4069999999999734,93148,<entities.dtn.DTN object at 0x11163b550>,<entities.processor.Processor object at 0x1116448e0>
8.981789999999936,1.4085699999999735,93148,<entities.dtn.DTN object at 0x11163b550>,<entities.processor.Processor object at 0x1116448e0>
8.983389999999936,1.4085999999999732,93148,<entities.dtn.DTN object at 0x11163b550>,<entities.processor.Processor object at 0x1116448e0>
8.984989999999936,1.4101699999999733,93148,<entities.dtn.DTN object at 0x11163b550>,<entities.processor.Processor object at 0x1116448e0>
8.986589999999936,1.410199999999973,93148,<entities.dtn.DTN object at 0x11163b550>,<entities.processor.Processor object at 0x1116448e0>
8.988189999999936,1.411769999999973,93148,<entities.dtn.DTN object at 0x11163b550>,<entities.processor.Processor object at 0x1116448e0>
8.989789999999935,1.4117999999999729,93148,<entities.dtn.DTN object at 0x11163b550>,<entities.processor.Processor object at 0x1116448e0>
8.991389999999935,1.413369999999973,93148,<entities.dtn.DTN object at 0x11163b550>,<entities.processor.Processor object at 0x1116448e0>
9.092989999999935,1.5133999999999723,93148,<entities.dtn.DTN object at 0x11163b550>,<entities.processor.Processor object at 0x1116448e0>
9.094589999999934,1.5149699999999724,93148,<entities.dtn.DTN object at 0x11163b550>,<entities.processor.Processor object at 0x1116448e0>
9.096189999999934,1.5149999999999721,93148,<entities.dtn.DTN object at 0x11163b550>,<entities.processor.Processor object at 0x1116448e0>
9.097789999999934,1.5165699999999722,93148,<entities.dtn.DTN object at 0x11163b550>,<entities.processor.Processor object at 0x1116448e0>
9.099389999999934,1.4165999999999723,93148,<entities.dtn.DTN object at 0x11163b550>,<entities.processor.Processor object at 0x1116448e0>
9.100989999999934,1.4181699999999724,93148,<entities.dtn.DTN object at 0x11163b550>,<entities.processor.Processor object at 0x1116448e0>
9.90818999999992,1.5079999999999725,93148,<entities.dtn.DTN object at 0x11163b550>,<entities.processor.Processor object at 0x1116448e0>
9.90978999999992,1.5095699999999717,93148,<entities.dtn.DTN object at 0x11163b550>,<entities.processor.Processor object at 0x1116448e0>
9.911389999999919,1.5095999999999723,93148,<entities.dtn.DTN object at 0x11163b550>,<entities.processor.Processor object at 0x1116448e0>
9.912989999999919,1.4095999999999727,93148,<entities.dtn.DTN object at 0x11163b550>,<entities.processor.Processor object at 0x1116448e0>
9.914589999999919,1.4095999999999727,93148,<entities.dtn.DTN object at 0x11163b550>,<entities.processor.Processor object at 0x1116448e0>
9.916189999999919,1.4095999999999727,93148,<entities.dtn.DTN object at 0x11163b550>,<entities.processor.Processor object at 0x1116448e0>
9.917789999999918,1.4095999999999727,93148,<entities.dtn.DTN object at 0x11163b550>,<entities.processor.Processor object at 0x1116448e0>
9.919389999999918,1.4095999999999727,93148,<entities.dtn.DTN object at 0x11163b550>,<entities.processor.Processor object at 0x1116448e0>
9.920989999999918,1.4095999999999727,93148,<entities.dtn.DTN object at 0x11163b550>,<entities.processor.Processor object at 0x1116448e0>
9.922589999999918,1.4095999999999727,93148,<entities.dtn.DTN object at 0x11163b550>,<entities.processor.Processor object at 0x1116448e0>
9.924189999999918,1.4095999999999727,93148,<entities.dtn.DTN object at 0x11163b550>,<entities.processor.Processor object at 0x1116448e0>
9.925789999999918,1.4095999999999727,93148,<entities.dtn.DTN object at 0x11163b550>,<entities.processor.Processor object at 0x1116448e0>
10.027389999999917,1.5095999999999723,93148,<entities.dtn.DTN object at 0x11163b550>,<entities.processor.Processor object at 0x1116448e0>
10.028989999999917,1.5095999999999723,93148,<entities.dtn.DTN object at 0x11163b550>,<entities.processor.Processor object at 0x1116448e0>
10.030589999999917,1.4095999999999727,93148,<entities.dtn.DTN object at 0x11163b550>,<entities.processor.Processor object at 0x1116448e0>
10.032189999999916,1.4095999999999727,93148,<entities.dtn.DTN object at 0x11163b550>,<entities.processor.Processor object at 0x1116448e0>
10.033789999999916,1.4095999999999727,93148,<entities.dtn.DTN object at 0x11163b550>,<entities.processor.Processor object at 0x1116448e0>
10.035389999999916,1.4095999999999727,93148,<entities.dtn.DTN object at 0x11163b550>,<entities.processor.Processor object at 0x1116448e0>
10.036989999999916,1.4095999999999727,93148,<entities.dtn.DTN object at 0x11163b550>,<entities.processor.Processor object at 0x1116448e0>
10.038589999999916,1.4095999999999727,93148,<entities.dtn.DTN object at 0x11163b550>,<entities.processor.Processor object at 0x1116448e0>
10.040189999999916,1.4095999999999727,93148,<entities.dtn.DTN object at 0x11163b550>,<entities.processor.Processor object at 0x1116448e0>
10.041789999999915,1.4095999999999727,93148,<entities.dtn.DTN object at 0x11163b550>,<entities.processor.Processor object at 0x1116448e0>
10.043389999999915,1.4111699999999718,93148,<entities.dtn.DTN object at 0x11163b550>,<entities.processor.Processor object at 0x1116448e0>
10.044989999999915,1.4111999999999725,93148,<entities.dtn.DTN object at 0x11163b550>,<entities.processor.Processor object at 0x1116448e0>
10.146589999999915,1.5111999999999721,93148,<entities.dtn.DTN object at 0x11163b550>,<entities.processor.Processor object at 0x1116448e0>
10.148189999999914,1.5111999999999721,93148,<entities.dtn.DTN object at 0x11163b550>,<entities.processor.Processor object at 0x1116448e0>
10.149789999999914,1.5111999999999721,93148,<entities.dtn.DTN object at 0x11163b550>,<entities.processor.Processor object at 0x1116448e0>
10.150889999999913,1.4106999999999719,93148,<entities.dtn.DTN object at 0x11163b550>,<entities.processor.Processor object at 0x1116448e0>
5.720449999999996,0.10978999999999761,97759,<entities.dtn.DTN object at 0x11163b550>,<entities.processor.Processor object at 0x1116448e0>
5.8316499999999944,0.11125999999999792,97759,<entities.dtn.DTN object at 0x11163b550>,<entities.processor.Processor object at 0x1116448e0>
5.833249999999994,0.11282999999999799,97759,<entities.dtn.DTN object at 0x11163b550>,<entities.processor.Processor object at 0x1116448e0>
6.050849999999992,0.21925999999999668,97759,<entities.dtn.DTN object at 0x11163b550>,<entities.processor.Processor object at 0x1116448e0>
6.0524499999999914,0.22082999999999675,97759,<entities.dtn.DTN object at 0x11163b550>,<entities.processor.Processor object at 0x1116448e0>
6.054049999999991,0.2208599999999965,97759,<entities.dtn.DTN object at 0x11163b550>,<entities.processor.Processor object at 0x1116448e0>
6.055649999999991,0.22242999999999657,97759,<entities.dtn.DTN object at 0x11163b550>,<entities.processor.Processor object at 0x1116448e0>
6.286049999999987,0.23525999999999492,97759,<entities.dtn.DTN object at 0x11163b550>,<entities.processor.Processor object at 0x1116448e0>
6.287649999999987,0.236829999999995,97759,<entities.dtn.DTN object at 0x11163b550>,<entities.processor.Processor object at 0x1116448e0>
6.289249999999987,0.23685999999999474,97759,<entities.dtn.DTN object at 0x11163b550>,<entities.processor.Processor object at 0x1116448e0>
6.2908499999999865,0.2384299999999948,97759,<entities.dtn.DTN object at 0x11163b550>,<entities.processor.Processor object at 0x1116448e0>
6.292449999999986,0.23845999999999457,97759,<entities.dtn.DTN object at 0x11163b550>,<entities.processor.Processor object at 0x1116448e0>
6.394049999999986,0.3400299999999943,97759,<entities.dtn.DTN object at 0x11163b550>,<entities.processor.Processor object at 0x1116448e0>
6.395649999999986,0.34005999999999403,97759,<entities.dtn.DTN object at 0x11163b550>,<entities.processor.Processor object at 0x1116448e0>
6.3972499999999854,0.3416299999999941,97759,<entities.dtn.DTN object at 0x11163b550>,<entities.processor.Processor object at 0x1116448e0>
6.753249999999978,0.4672599999999907,97759,<entities.dtn.DTN object at 0x11163b550>,<entities.processor.Processor object at 0x1116448e0>
6.754849999999978,0.46882999999999075,97759,<entities.dtn.DTN object at 0x11163b550>,<entities.processor.Processor object at 0x1116448e0>
6.756449999999978,0.4688599999999905,97759,<entities.dtn.DTN object at 0x11163b550>,<entities.processor.Processor object at 0x1116448e0>
6.758049999999978,0.4704299999999906,97759,<entities.dtn.DTN object at 0x11163b550>,<entities.processor.Processor object at 0x1116448e0>
6.7596499999999775,0.47045999999999033,97759,<entities.dtn.DTN object at 0x11163b550>,<entities.processor.Processor object at 0x1116448e0>
6.861249999999977,0.57202999999999,97759,<entities.dtn.DTN object at 0x11163b550>,<entities.processor.Processor object at 0x1116448e0>
6.862849999999977,0.5720599999999898,97759,<entities.dtn.DTN object at 0x11163b550>,<entities.processor.Processor object at 0x1116448e0>
6.864449999999977,0.5736299999999899,97759,<entities.dtn.DTN object at 0x11163b550>,<entities.processor.Processor object at 0x1116448e0>
6.8660499999999764,0.5736599999999896,97759,<entities.dtn.DTN object at 0x11163b550>,<entities.processor.Processor object at 0x1116448e0>
6.867649999999976,0.5752299999999897,97759,<entities.dtn.DTN object at 0x11163b550>,<entities.processor.Processor object at 0x1116448e0>
6.869249999999976,0.4752599999999898,97759,<entities.dtn.DTN object at 0x11163b550>,<entities.processor.Processor object at 0x1116448e0>
6.870849999999976,0.4768299999999899,97759,<entities.dtn.DTN object at 0x11163b550>,<entities.processor.Processor object at 0x1116448e0>
6.872449999999976,0.4768599999999896,97759,<entities.dtn.DTN object at 0x11163b550>,<entities.processor.Processor object at 0x1116448e0>
6.874049999999976,0.4784299999999897,97759,<entities.dtn.DTN object at 0x11163b550>,<entities.processor.Processor object at 0x1116448e0>
6.875649999999975,0.47845999999998945,97759,<entities.dtn.DTN object at 0x11163b550>,<entities.processor.Processor object at 0x1116448e0>
6.977249999999975,0.5800299999999892,97759,<entities.dtn.DTN object at 0x11163b550>,<entities.processor.Processor object at 0x1116448e0>
7.684449999999961,0.9312599999999822,97759,<entities.dtn.DTN object at 0x11163b550>,<entities.processor.Processor object at 0x1116448e0>
7.686049999999961,0.9328299999999823,97759,<entities.dtn.DTN object at 0x11163b550>,<entities.processor.Processor object at 0x1116448e0>
7.687649999999961,0.932859999999982,97759,<entities.dtn.DTN object at 0x11163b550>,<entities.processor.Processor object at 0x1116448e0>
7.68924999999996,0.9344299999999821,97759,<entities.dtn.DTN object at 0x11163b550>,<entities.processor.Processor object at 0x1116448e0>
7.69084999999996,0.9344599999999819,97759,<entities.dtn.DTN object at 0x11163b550>,<entities.processor.Processor object at 0x1116448e0>
7.69244999999996,0.9360299999999819,97759,<entities.dtn.DTN object at 0x11163b550>,<entities.processor.Processor object at 0x1116448e0>
7.69404999999996,0.9360599999999817,97759,<entities.dtn.DTN object at 0x11163b550>,<entities.processor.Processor object at 0x1116448e0>
7.69564999999996,0.9376299999999818,97759,<entities.dtn.DTN object at 0x11163b550>,<entities.processor.Processor object at 0x1116448e0>
7.6972499999999595,0.9376599999999815,97759,<entities.dtn.DTN object at 0x11163b550>,<entities.processor.Processor object at 0x1116448e0>
7.698849999999959,0.9392299999999816,97759,<entities.dtn.DTN object at 0x11163b550>,<entities.processor.Processor object at 0x1116448e0>
7.700449999999959,0.8392599999999817,97759,<entities.dtn.DTN object at 0x11163b550>,<entities.processor.Processor object at 0x1116448e0>
7.802049999999959,0.9408299999999814,97759,<entities.dtn.DTN object at 0x11163b550>,<entities.processor.Processor object at 0x1116448e0>
7.8036499999999585,0.9408599999999812,97759,<entities.dtn.DTN object at 0x11163b550>,<entities.processor.Processor object at 0x1116448e0>
7.805249999999958,0.9424299999999812,97759,<entities.dtn.DTN object at 0x11163b550>,<entities.processor.Processor object at 0x1116448e0>
7.806849999999958,0.942459999999981,97759,<entities.dtn.DTN object at 0x11163b550>,<entities.processor.Processor object at 0x1116448e0>
7.808449999999958,0.944029999999981,97759,<entities.dtn.DTN object at 0x11163b550>,<entities.processor.Processor object at 0x1116448e0>
7.810049999999958,0.9440599999999808,97759,<entities.dtn.DTN object at 0x11163b550>,<entities.processor.Processor object at 0x1116448e0>
7.811649999999958,0.9456299999999809,97759,<entities.dtn.DTN object at 0x11163b550>,<entities.processor.Processor object at 0x1116448e0>
7.813249999999957,0.9456599999999806,97759,<entities.dtn.DTN object at 0x11163b550>,<entities.processor.Processor object at 0x1116448e0>
7.814849999999957,0.9472299999999807,97759,<entities.dtn.DTN object at 0x11163b550>,<entities.processor.Processor object at 0x1116448e0>
7.816449999999957,0.9472599999999805,97759,<entities.dtn.DTN object at 0x11163b550>,<entities.processor.Processor object at 0x1116448e0>
7.818049999999957,0.9488299999999805,97759,<entities.dtn.DTN object at 0x11163b550>,<entities.processor.Processor object at 0x1116448e0>
7.919649999999956,1.04885999999998,97759,<entities.dtn.DTN object at 0x11163b550>,<entities.processor.Processor object at 0x1116448e0>
7.921249999999956,1.05042999999998,97759,<entities.dtn.DTN object at 0x11163b550>,<entities.processor.Processor object at 0x1116448e0>
7.922849999999956,1.0504599999999797,97759,<entities.dtn.DTN object at 0x11163b550>,<entities.processor.Processor object at 0x1116448e0>
7.924449999999956,1.0520299999999798,97759,<entities.dtn.DTN object at 0x11163b550>,<entities.processor.Processor object at 0x1116448e0>
7.926049999999956,1.0520599999999796,97759,<entities.dtn.DTN object at 0x11163b550>,<entities.processor.Processor object at 0x1116448e0>
7.9276499999999555,1.0536299999999796,97759,<entities.dtn.DTN object at 0x11163b550>,<entities.processor.Processor object at 0x1116448e0>
7.929249999999955,1.0536599999999794,97759,<entities.dtn.DTN object at 0x11163b550>,<entities.processor.Processor object at 0x1116448e0>
7.930849999999955,1.0552299999999795,97759,<entities.dtn.DTN object at 0x11163b550>,<entities.processor.Processor object at 0x1116448e0>
7.932449999999955,0.9552599999999796,97759,<entities.dtn.DTN object at 0x11163b550>,<entities.processor.Processor object at 0x1116448e0>
7.934049999999955,0.9568299999999796,97759,<entities.dtn.DTN object at 0x11163b550>,<entities.processor.Processor object at 0x1116448e0>
9.102649999999935,1.4182599999999734,97759,<entities.dtn.DTN object at 0x11163b550>,<entities.processor.Processor object at 0x1116448e0>
9.104219999999934,1.4197999999999729,97759,<entities.dtn.DTN object at 0x11163b550>,<entities.processor.Processor object at 0x1116448e0>
9.105819999999934,1.4198299999999726,97759,<entities.dtn.DTN object at 0x11163b550>,<entities.processor.Processor object at 0x1116448e0>
9.107419999999934,1.4213999999999727,97759,<entities.dtn.DTN object at 0x11163b550>,<entities.processor.Processor object at 0x1116448e0>
9.109019999999934,1.4214299999999724,97759,<entities.dtn.DTN object at 0x11163b550>,<entities.processor.Processor object at 0x1116448e0>
9.110619999999933,1.4229999999999725,97759,<entities.dtn.DTN object at 0x11163b550>,<entities.processor.Processor object at 0x1116448e0>
9.212219999999933,1.523029999999972,97759,<entities.dtn.DTN object at 0x11163b550>,<entities.processor.Processor object at 0x1116448e0>
9.213819999999933,1.524599999999972,97759,<entities.dtn.DTN object at 0x11163b550>,<entities.processor.Processor object at 0x1116448e0>
9.215419999999932,1.5246299999999717,97759,<entities.dtn.DTN object at 0x11163b550>,<entities.processor.Processor object at 0x1116448e0>
9.217019999999932,1.5261999999999718,97759,<entities.dtn.DTN object at 0x11163b550>,<entities.processor.Processor object at 0x1116448e0>
9.218619999999932,1.5262299999999716,97759,<entities.dtn.DTN object at 0x11163b550>,<entities.processor.Processor object at 0x1116448e0>
9.220219999999932,1.5277999999999716,97759,<entities.dtn.DTN object at 0x11163b550>,<entities.processor.Processor object at 0x1116448e0>
9.221819999999932,1.5278299999999714,97759,<entities.dtn.DTN object at 0x11163b550>,<entities.processor.Processor object at 0x1116448e0>
9.223419999999932,1.5293999999999714,97759,<entities.dtn.DTN object at 0x11163b550>,<entities.processor.Processor object at 0x1116448e0>
9.225019999999931,1.5294299999999712,97759,<entities.dtn.DTN object at 0x11163b550>,<entities.processor.Processor object at 0x1116448e0>
9.226619999999931,1.5309999999999713,97759,<entities.dtn.DTN object at 0x11163b550>,<entities.processor.Processor object at 0x1116448e0>
9.228219999999931,1.531029999999971,97759,<entities.dtn.DTN object at 0x11163b550>,<entities.processor.Processor object at 0x1116448e0>
9.32981999999993,1.6325999999999707,97759,<entities.dtn.DTN object at 0x11163b550>,<entities.processor.Processor object at 0x1116448e0>
9.33141999999993,1.6326299999999705,97759,<entities.dtn.DTN object at 0x11163b550>,<entities.processor.Processor object at 0x1116448e0>
9.33301999999993,1.6341999999999706,97759,<entities.dtn.DTN object at 0x11163b550>,<entities.processor.Processor object at 0x1116448e0>
9.33464999999993,1.634259999999971,97759,<entities.dtn.DTN object at 0x11163b550>,<entities.processor.Processor object at 0x1116448e0>
9.33621999999993,1.6357999999999704,97759,<entities.dtn.DTN object at 0x11163b550>,<entities.processor.Processor object at 0x1116448e0>
9.33781999999993,1.5358299999999705,97759,<entities.dtn.DTN object at 0x11163b550>,<entities.processor.Processor object at 0x1116448e0>
9.33941999999993,1.5373999999999706,97759,<entities.dtn.DTN object at 0x11163b550>,<entities.processor.Processor object at 0x1116448e0>
9.34101999999993,1.5374299999999703,97759,<entities.dtn.DTN object at 0x11163b550>,<entities.processor.Processor object at 0x1116448e0>
9.342609999999928,1.538989999999969,97759,<entities.dtn.DTN object at 0x11163b550>,<entities.processor.Processor object at 0x1116448e0>
9.344189999999928,1.5389999999999695,97759,<entities.dtn.DTN object at 0x11163b550>,<entities.processor.Processor object at 0x1116448e0>
9.345789999999928,1.5405699999999696,97759,<entities.dtn.DTN object at 0x11163b550>,<entities.processor.Processor object at 0x1116448e0>
9.347389999999928,1.5405999999999693,97759,<entities.dtn.DTN object at 0x11163b550>,<entities.processor.Processor object at 0x1116448e0>
9.448989999999927,1.642169999999969,97759,<entities.dtn.DTN object at 0x11163b550>,<entities.processor.Processor object at 0x1116448e0>
9.450589999999927,1.6421999999999688,97759,<entities.dtn.DTN object at 0x11163b550>,<entities.processor.Processor object at 0x1116448e0>
9.452189999999927,1.6437699999999689,97759,<entities.dtn.DTN object at 0x11163b550>,<entities.processor.Processor object at 0x1116448e0>
9.453789999999927,1.6437999999999686,97759,<entities.dtn.DTN object at 0x11163b550>,<entities.processor.Processor object at 0x1116448e0>
9.455389999999927,1.6453699999999687,97759,<entities.dtn.DTN object at 0x11163b550>,<entities.processor.Processor object at 0x1116448e0>
9.456989999999927,1.6453999999999684,97759,<entities.dtn.DTN object at 0x11163b550>,<entities.processor.Processor object at 0x1116448e0>
9.458589999999926,1.6469699999999685,97759,<entities.dtn.DTN object at 0x11163b550>,<entities.processor.Processor object at 0x1116448e0>
9.460189999999926,1.6469999999999683,97759,<entities.dtn.DTN object at 0x11163b550>,<entities.processor.Processor object at 0x1116448e0>
9.461789999999926,1.6485699999999683,97759,<entities.dtn.DTN object at 0x11163b550>,<entities.processor.Processor object at 0x1116448e0>
9.463389999999926,1.648599999999968,97759,<entities.dtn.DTN object at 0x11163b550>,<entities.processor.Processor object at 0x1116448e0>
9.464989999999926,1.6501699999999682,97759,<entities.dtn.DTN object at 0x11163b550>,<entities.processor.Processor object at 0x1116448e0>
9.466589999999925,1.650199999999968,97759,<entities.dtn.DTN object at 0x11163b550>,<entities.processor.Processor object at 0x1116448e0>
9.568189999999925,1.7517699999999676,97759,<entities.dtn.DTN object at 0x11163b550>,<entities.processor.Processor object at 0x1116448e0>
9.569789999999925,1.7517999999999674,97759,<entities.dtn.DTN object at 0x11163b550>,<entities.processor.Processor object at 0x1116448e0>
9.571389999999925,1.7533699999999675,97759,<entities.dtn.DTN object at 0x11163b550>,<entities.processor.Processor object at 0x1116448e0>
9.572989999999924,1.6533999999999676,97759,<entities.dtn.DTN object at 0x11163b550>,<entities.processor.Processor object at 0x1116448e0>
9.574589999999924,1.6549699999999676,97759,<entities.dtn.DTN object at 0x11163b550>,<entities.processor.Processor object at 0x1116448e0>
9.576189999999924,1.6549999999999674,97759,<entities.dtn.DTN object at 0x11163b550>,<entities.processor.Processor object at 0x1116448e0>
9.577789999999924,1.6565699999999675,97759,<entities.dtn.DTN object at 0x11163b550>,<entities.processor.Processor object at 0x1116448e0>
9.579389999999924,1.6565999999999672,97759,<entities.dtn.DTN object at 0x11163b550>,<entities.processor.Processor object at 0x1116448e0>
9.580989999999924,1.6581699999999673,97759,<entities.dtn.DTN object at 0x11163b550>,<entities.processor.Processor object at 0x1116448e0>
9.582589999999923,1.658199999999967,97759,<entities.dtn.DTN object at 0x11163b550>,<entities.processor.Processor object at 0x1116448e0>
9.584189999999923,1.659769999999967,97759,<entities.dtn.DTN object at 0x11163b550>,<entities.processor.Processor object at 0x1116448e0>
9.685789999999923,1.7597999999999665,97759,<entities.dtn.DTN object at 0x11163b550>,<entities.processor.Processor object at 0x1116448e0>
9.687389999999922,1.7613699999999666,97759,<entities.dtn.DTN object at 0x11163b550>,<entities.processor.Processor object at 0x1116448e0>
9.688989999999922,1.7613999999999663,97759,<entities.dtn.DTN object at 0x11163b550>,<entities.processor.Processor object at 0x1116448e0>
9.690589999999922,1.7629699999999664,97759,<entities.dtn.DTN object at 0x11163b550>,<entities.processor.Processor object at 0x1116448e0>
9.692189999999922,1.7629999999999661,97759,<entities.dtn.DTN object at 0x11163b550>,<entities.processor.Processor object at 0x1116448e0>
9.693789999999922,1.7645699999999662,97759,<entities.dtn.DTN object at 0x11163b550>,<entities.processor.Processor object at 0x1116448e0>
9.695389999999922,1.764599999999966,97759,<entities.dtn.DTN object at 0x11163b550>,<entities.processor.Processor object at 0x1116448e0>
9.696989999999921,1.766169999999966,97759,<entities.dtn.DTN object at 0x11163b550>,<entities.processor.Processor object at 0x1116448e0>
9.698589999999921,1.7661999999999658,97759,<entities.dtn.DTN object at 0x11163b550>,<entities.processor.Processor object at 0x1116448e0>
9.700189999999921,1.7677699999999659,97759,<entities.dtn.DTN object at 0x11163b550>,<entities.processor.Processor object at 0x1116448e0>
9.70178999999992,1.7677999999999656,97759,<entities.dtn.DTN object at 0x11163b550>,<entities.processor.Processor object at 0x1116448e0>
9.70338999999992,1.7693699999999657,97759,<entities.dtn.DTN object at 0x11163b550>,<entities.processor.Processor object at 0x1116448e0>
10.152489999999913,1.0498999999999796,97759,<entities.dtn.DTN object at 0x11163b550>,<entities.processor.Processor object at 0x1116448e0>
10.154089999999913,1.0514699999999788,97759,<entities.dtn.DTN object at 0x11163b550>,<entities.processor.Processor object at 0x1116448e0>
10.155689999999913,1.0514999999999795,97759,<entities.dtn.DTN object at 0x11163b550>,<entities.processor.Processor object at 0x1116448e0>
10.157289999999913,1.0514999999999795,97759,<entities.dtn.DTN object at 0x11163b550>,<entities.processor.Processor object at 0x1116448e0>
10.258889999999912,1.151499999999979,97759,<entities.dtn.DTN object at 0x11163b550>,<entities.processor.Processor object at 0x1116448e0>
10.260489999999912,1.151499999999979,97759,<entities.dtn.DTN object at 0x11163b550>,<entities.processor.Processor object at 0x1116448e0>
10.262089999999912,1.151499999999979,97759,<entities.dtn.DTN object at 0x11163b550>,<entities.processor.Processor object at 0x1116448e0>
10.263689999999912,1.0514999999999795,97759,<entities.dtn.DTN object at 0x11163b550>,<entities.processor.Processor object at 0x1116448e0>
10.265289999999911,1.0514999999999795,97759,<entities.dtn.DTN object at 0x11163b550>,<entities.processor.Processor object at 0x1116448e0>
10.266889999999911,1.0514999999999795,97759,<entities.dtn.DTN object at 0x11163b550>,<entities.processor.Processor object at 0x1116448e0>
10.268489999999911,1.0514999999999795,97759,<entities.dtn.DTN object at 0x11163b550>,<entities.processor.Processor object at 0x1116448e0>
10.270089999999911,1.0514999999999795,97759,<entities.dtn.DTN object at 0x11163b550>,<entities.processor.Processor object at 0x1116448e0>
10.27168999999991,1.0514999999999795,97759,<entities.dtn.DTN object at 0x11163b550>,<entities.processor.Processor object at 0x1116448e0>
10.27328999999991,1.0514999999999795,97759,<entities.dtn.DTN object at 0x11163b550>,<entities.processor.Processor object at 0x1116448e0>
10.27488999999991,1.0514999999999795,97759,<entities.dtn.DTN object at 0x11163b550>,<entities.processor.Processor object at 0x1116448e0>
10.37648999999991,1.151499999999979,97759,<entities.dtn.DTN object at 0x11163b550>,<entities.processor.Processor object at 0x1116448e0>
10.37808999999991,1.151499999999979,97759,<entities.dtn.DTN object at 0x11163b550>,<entities.processor.Processor object at 0x1116448e0>
10.37968999999991,1.151499999999979,97759,<entities.dtn.DTN object at 0x11163b550>,<entities.processor.Processor object at 0x1116448e0>
10.38128999999991,1.0514999999999795,97759,<entities.dtn.DTN object at 0x11163b550>,<entities.processor.Processor object at 0x1116448e0>
10.38288999999991,1.0514999999999795,97759,<entities.dtn.DTN object at 0x11163b550>,<entities.processor.Processor object at 0x1116448e0>
10.384489999999909,1.0514999999999795,97759,<entities.dtn.DTN object at 0x11163b550>,<entities.processor.Processor object at 0x1116448e0>
10.386089999999909,1.0514999999999795,97759,<entities.dtn.DTN object at 0x11163b550>,<entities.processor.Processor object at 0x1116448e0>
10.387689999999909,1.0530699999999786,97759,<entities.dtn.DTN object at 0x11163b550>,<entities.processor.Processor object at 0x1116448e0>
10.389289999999908,1.0530999999999793,97759,<entities.dtn.DTN object at 0x11163b550>,<entities.processor.Processor object at 0x1116448e0>
10.390889999999908,1.0530999999999793,97759,<entities.dtn.DTN object at 0x11163b550>,<entities.processor.Processor object at 0x1116448e0>
10.392489999999908,1.0530999999999793,97759,<entities.dtn.DTN object at 0x11163b550>,<entities.processor.Processor object at 0x1116448e0>
10.394089999999908,1.0530999999999793,97759,<entities.dtn.DTN object at 0x11163b550>,<entities.processor.Processor object at 0x1116448e0>
10.495189999999907,1.1525999999999783,97759,<entities.dtn.DTN object at 0x11163b550>,<entities.processor.Processor object at 0x1116448e0>
0.30338999999999994,0.20328999999999992,62898,<entities.dtn.DTN object at 0x11165b670>,<entities.processor.Processor object at 0x11165bac0>
0.4064899999999999,0.10315999999999992,62898,<entities.dtn.DTN object at 0x11165b670>,<entities.processor.Processor object at 0x11165bac0>
0.4095899999999999,0.10622999999999994,62898,<entities.dtn.DTN object at 0x11165b670>,<entities.processor.Processor object at 0x11165bac0>
0.5126899999999999,0.10625999999999991,62898,<entities.dtn.DTN object at 0x11165b670>,<entities.processor.Processor object at 0x11165bac0>
0.5157899999999999,0.10932999999999993,62898,<entities.dtn.DTN object at 0x11165b670>,<entities.processor.Processor object at 0x11165bac0>
0.5188899999999999,0.1093599999999999,62898,<entities.dtn.DTN object at 0x11165b670>,<entities.processor.Processor object at 0x11165bac0>
0.5219899999999998,0.11242999999999992,62898,<entities.dtn.DTN object at 0x11165b670>,<entities.processor.Processor object at 0x11165bac0>
0.6250899999999998,0.1124599999999999,62898,<entities.dtn.DTN object at 0x11165b670>,<entities.processor.Processor object at 0x11165bac0>
0.6281899999999998,0.11552999999999991,62898,<entities.dtn.DTN object at 0x11165b670>,<entities.processor.Processor object at 0x11165bac0>
0.6312899999999998,0.11555999999999989,62898,<entities.dtn.DTN object at 0x11165b670>,<entities.processor.Processor object at 0x11165bac0>
0.6343899999999998,0.1186299999999999,62898,<entities.dtn.DTN object at 0x11165b670>,<entities.processor.Processor object at 0x11165bac0>
0.6374899999999998,0.11865999999999988,62898,<entities.dtn.DTN object at 0x11165b670>,<entities.processor.Processor object at 0x11165bac0>
0.6405899999999998,0.1217299999999999,62898,<entities.dtn.DTN object at 0x11165b670>,<entities.processor.Processor object at 0x11165bac0>
0.7436899999999997,0.22175999999999985,62898,<entities.dtn.DTN object at 0x11165b670>,<entities.processor.Processor object at 0x11165bac0>
0.7467899999999997,0.22482999999999986,62898,<entities.dtn.DTN object at 0x11165b670>,<entities.processor.Processor object at 0x11165bac0>
0.7498899999999997,0.12485999999999986,62898,<entities.dtn.DTN object at 0x11165b670>,<entities.processor.Processor object at 0x11165bac0>
0.7529899999999997,0.12792999999999988,62898,<entities.dtn.DTN object at 0x11165b670>,<entities.processor.Processor object at 0x11165bac0>
0.7560899999999997,0.12795999999999985,62898,<entities.dtn.DTN object at 0x11165b670>,<entities.processor.Processor object at 0x11165bac0>
0.7591899999999997,0.13102999999999987,62898,<entities.dtn.DTN object at 0x11165b670>,<entities.processor.Processor object at 0x11165bac0>
0.7622899999999997,0.13105999999999984,62898,<entities.dtn.DTN object at 0x11165b670>,<entities.processor.Processor object at 0x11165bac0>
0.7653899999999997,0.13412999999999986,62898,<entities.dtn.DTN object at 0x11165b670>,<entities.processor.Processor object at 0x11165bac0>
0.7684899999999997,0.13415999999999983,62898,<entities.dtn.DTN object at 0x11165b670>,<entities.processor.Processor object at 0x11165bac0>
0.7715899999999997,0.13722999999999985,62898,<entities.dtn.DTN object at 0x11165b670>,<entities.processor.Processor object at 0x11165bac0>
0.7746899999999997,0.13725999999999983,62898,<entities.dtn.DTN object at 0x11165b670>,<entities.processor.Processor object at 0x11165bac0>
0.7777899999999996,0.14032999999999984,62898,<entities.dtn.DTN object at 0x11165b670>,<entities.processor.Processor object at 0x11165bac0>
0.7808899999999996,0.14035999999999982,62898,<entities.dtn.DTN object at 0x11165b670>,<entities.processor.Processor object at 0x11165bac0>
0.7839899999999996,0.14342999999999984,62898,<entities.dtn.DTN object at 0x11165b670>,<entities.processor.Processor object at 0x11165bac0>
0.8870899999999996,0.1434599999999998,62898,<entities.dtn.DTN object at 0x11165b670>,<entities.processor.Processor object at 0x11165bac0>
0.8901899999999996,0.14652999999999983,62898,<entities.dtn.DTN object at 0x11165b670>,<entities.processor.Processor object at 0x11165bac0>
0.8932899999999996,0.1465599999999998,62898,<entities.dtn.DTN object at 0x11165b670>,<entities.processor.Processor object at 0x11165bac0>
0.8963899999999996,0.14962999999999982,62898,<entities.dtn.DTN object at 0x11165b670>,<entities.processor.Processor object at 0x11165bac0>
0.8994899999999996,0.1496599999999998,62898,<entities.dtn.DTN object at 0x11165b670>,<entities.processor.Processor object at 0x11165bac0>
0.9025899999999996,0.1527299999999998,62898,<entities.dtn.DTN object at 0x11165b670>,<entities.processor.Processor object at 0x11165bac0>
0.9056899999999996,0.15275999999999978,62898,<entities.dtn.DTN object at 0x11165b670>,<entities.processor.Processor object at 0x11165bac0>
0.9087899999999995,0.1558299999999998,62898,<entities.dtn.DTN object at 0x11165b670>,<entities.processor.Processor object at 0x11165bac0>
0.9118899999999995,0.15585999999999978,62898,<entities.dtn.DTN object at 0x11165b670>,<entities.processor.Processor object at 0x11165bac0>
0.9149899999999995,0.1589299999999998,62898,<entities.dtn.DTN object at 0x11165b670>,<entities.processor.Processor object at 0x11165bac0>
0.9180899999999995,0.15895999999999977,62898,<entities.dtn.DTN object at 0x11165b670>,<entities.processor.Processor object at 0x11165bac0>
0.9211899999999995,0.16202999999999979,62898,<entities.dtn.DTN object at 0x11165b670>,<entities.processor.Processor object at 0x11165bac0>
0.9242899999999995,0.16205999999999976,62898,<entities.dtn.DTN object at 0x11165b670>,<entities.processor.Processor object at 0x11165bac0>
0.9273899999999995,0.16512999999999978,62898,<entities.dtn.DTN object at 0x11165b670>,<entities.processor.Processor object at 0x11165bac0>
0.9304899999999995,0.16515999999999975,62898,<entities.dtn.DTN object at 0x11165b670>,<entities.processor.Processor object at 0x11165bac0>
1.0335899999999996,0.26822999999999986,62898,<entities.dtn.DTN object at 0x11165b670>,<entities.processor.Processor object at 0x11165bac0>
1.0366899999999997,0.26825999999999994,62898,<entities.dtn.DTN object at 0x11165b670>,<entities.processor.Processor object at 0x11165bac0>
1.0397899999999998,0.27133000000000007,62898,<entities.dtn.DTN object at 0x11165b670>,<entities.processor.Processor object at 0x11165bac0>
1.0428899999999999,0.27136000000000016,62898,<entities.dtn.DTN object at 0x11165b670>,<entities.processor.Processor object at 0x11165bac0>
1.04599,0.2744300000000003,62898,<entities.dtn.DTN object at 0x11165b670>,<entities.processor.Processor object at 0x11165bac0>
1.04909,0.27446000000000037,62898,<entities.dtn.DTN object at 0x11165b670>,<entities.processor.Processor object at 0x11165bac0>
1.0521600000000002,0.2775000000000005,62898,<entities.dtn.DTN object at 0x11165b670>,<entities.processor.Processor object at 0x11165bac0>
1.0552300000000003,0.27750000000000064,62898,<entities.dtn.DTN object at 0x11165b670>,<entities.processor.Processor object at 0x11165bac0>
1.0583300000000004,0.28057000000000076,62898,<entities.dtn.DTN object at 0x11165b670>,<entities.processor.Processor object at 0x11165bac0>
1.0614300000000005,0.28060000000000085,62898,<entities.dtn.DTN object at 0x11165b670>,<entities.processor.Processor object at 0x11165bac0>
1.0645300000000006,0.283670000000001,62898,<entities.dtn.DTN object at 0x11165b670>,<entities.processor.Processor object at 0x11165bac0>
1.0676300000000007,0.28370000000000106,62898,<entities.dtn.DTN object at 0x11165b670>,<entities.processor.Processor object at 0x11165bac0>
1.0707300000000008,0.2867700000000012,62898,<entities.dtn.DTN object at 0x11165b670>,<entities.processor.Processor object at 0x11165bac0>
1.073830000000001,0.1868000000000013,62898,<entities.dtn.DTN object at 0x11165b670>,<entities.processor.Processor object at 0x11165bac0>
1.1769300000000011,0.2898700000000015,62898,<entities.dtn.DTN object at 0x11165b670>,<entities.processor.Processor object at 0x11165bac0>
1.1800300000000012,0.2899000000000016,62898,<entities.dtn.DTN object at 0x11165b670>,<entities.processor.Processor object at 0x11165bac0>
1.1831300000000013,0.29297000000000173,62898,<entities.dtn.DTN object at 0x11165b670>,<entities.processor.Processor object at 0x11165bac0>
1.1862300000000014,0.2930000000000018,62898,<entities.dtn.DTN object at 0x11165b670>,<entities.processor.Processor object at 0x11165bac0>
1.1893300000000016,0.29607000000000194,62898,<entities.dtn.DTN object at 0x11165b670>,<entities.processor.Processor object at 0x11165bac0>
1.1924300000000017,0.29610000000000203,62898,<entities.dtn.DTN object at 0x11165b670>,<entities.processor.Processor object at 0x11165bac0>
1.1955300000000018,0.29917000000000216,62898,<entities.dtn.DTN object at 0x11165b670>,<entities.processor.Processor object at 0x11165bac0>
1.1986300000000019,0.29920000000000224,62898,<entities.dtn.DTN object at 0x11165b670>,<entities.processor.Processor object at 0x11165bac0>
1.201730000000002,0.30227000000000237,62898,<entities.dtn.DTN object at 0x11165b670>,<entities.processor.Processor object at 0x11165bac0>
1.204830000000002,0.30230000000000246,62898,<entities.dtn.DTN object at 0x11165b670>,<entities.processor.Processor object at 0x11165bac0>
1.2079300000000022,0.3053700000000026,62898,<entities.dtn.DTN object at 0x11165b670>,<entities.processor.Processor object at 0x11165bac0>
1.2110300000000023,0.30540000000000267,62898,<entities.dtn.DTN object at 0x11165b670>,<entities.processor.Processor object at 0x11165bac0>
1.2141300000000024,0.3084700000000028,62898,<entities.dtn.DTN object at 0x11165b670>,<entities.processor.Processor object at 0x11165bac0>
1.2172300000000025,0.3085000000000029,62898,<entities.dtn.DTN object at 0x11165b670>,<entities.processor.Processor object at 0x11165bac0>
1.3203300000000027,0.4115700000000031,62898,<entities.dtn.DTN object at 0x11165b670>,<entities.processor.Processor object at 0x11165bac0>
1.3234300000000028,0.4116000000000032,62898,<entities.dtn.DTN object at 0x11165b670>,<entities.processor.Processor object at 0x11165bac0>
1.3265300000000029,0.4146700000000033,62898,<entities.dtn.DTN object at 0x11165b670>,<entities.processor.Processor object at 0x11165bac0>
1.329630000000003,0.4147000000000034,62898,<entities.dtn.DTN object at 0x11165b670>,<entities.processor.Processor object at 0x11165bac0>
1.332730000000003,0.4177700000000035,62898,<entities.dtn.DTN object at 0x11165b670>,<entities.processor.Processor object at 0x11165bac0>
1.3358300000000032,0.4178000000000036,62898,<entities.dtn.DTN object at 0x11165b670>,<entities.processor.Processor object at 0x11165bac0>
1.3389300000000033,0.42087000000000374,62898,<entities.dtn.DTN object at 0x11165b670>,<entities.processor.Processor object at 0x11165bac0>
1.3420300000000034,0.4209000000000038,62898,<entities.dtn.DTN object at 0x11165b670>,<entities.processor.Processor object at 0x11165bac0>
1.3451300000000035,0.42397000000000395,62898,<entities.dtn.DTN object at 0x11165b670>,<entities.processor.Processor object at 0x11165bac0>
1.3482300000000036,0.42400000000000404,62898,<entities.dtn.DTN object at 0x11165b670>,<entities.processor.Processor object at 0x11165bac0>
1.3513300000000037,0.42707000000000417,62898,<entities.dtn.DTN object at 0x11165b670>,<entities.processor.Processor object at 0x11165bac0>
1.3544300000000038,0.42710000000000425,62898,<entities.dtn.DTN object at 0x11165b670>,<entities.processor.Processor object at 0x11165bac0>
1.357530000000004,0.4301700000000044,62898,<entities.dtn.DTN object at 0x11165b670>,<entities.processor.Processor object at 0x11165bac0>
1.360630000000004,0.43020000000000447,62898,<entities.dtn.DTN object at 0x11165b670>,<entities.processor.Processor object at 0x11165bac0>
1.4637300000000042,0.5332700000000047,62898,<entities.dtn.DTN object at 0x11165b670>,<entities.processor.Processor object at 0x11165bac0>
1.4668300000000043,0.4333000000000047,62898,<entities.dtn.DTN object at 0x11165b670>,<entities.processor.Processor object at 0x11165bac0>
1.4699300000000044,0.4363700000000048,62898,<entities.dtn.DTN object at 0x11165b670>,<entities.processor.Processor object at 0x11165bac0>
1.4730300000000045,0.4364000000000048,62898,<entities.dtn.DTN object at 0x11165b670>,<entities.processor.Processor object at 0x11165bac0>
1.4761300000000046,0.4394700000000049,62898,<entities.dtn.DTN object at 0x11165b670>,<entities.processor.Processor object at 0x11165bac0>
1.4792300000000047,0.4395000000000049,62898,<entities.dtn.DTN object at 0x11165b670>,<entities.processor.Processor object at 0x11165bac0>
1.4823300000000048,0.442570000000005,62898,<entities.dtn.DTN object at 0x11165b670>,<entities.processor.Processor object at 0x11165bac0>
1.485430000000005,0.442600000000005,62898,<entities.dtn.DTN object at 0x11165b670>,<entities.processor.Processor object at 0x11165bac0>
1.488530000000005,0.4456700000000051,62898,<entities.dtn.DTN object at 0x11165b670>,<entities.processor.Processor object at 0x11165bac0>
1.4916300000000051,0.4457000000000051,62898,<entities.dtn.DTN object at 0x11165b670>,<entities.processor.Processor object at 0x11165bac0>
1.4947300000000052,0.4487700000000052,62898,<entities.dtn.DTN object at 0x11165b670>,<entities.processor.Processor object at 0x11165bac0>
1.4978300000000053,0.4488000000000052,62898,<entities.dtn.DTN object at 0x11165b670>,<entities.processor.Processor object at 0x11165bac0>
1.5009300000000054,0.4518700000000053,62898,<entities.dtn.DTN object at 0x11165b670>,<entities.processor.Processor object at 0x11165bac0>
1.5040300000000055,0.4519000000000053,62898,<entities.dtn.DTN object at 0x11165b670>,<entities.processor.Processor object at 0x11165bac0>
13.135849999999865,5.739399999999925,27151,<entities.dtn.DTN object at 0x11165b670>,<entities.processor.Processor object at 0x11165baf0>
18.31234499999978,5.176554999999917,27151,<entities.dtn.DTN object at 0x11165b670>,<entities.processor.Processor object at 0x11165baf0>
18.31394499999978,5.178124999999916,27151,<entities.dtn.DTN object at 0x11165b670>,<entities.processor.Processor object at 0x11165baf0>
18.44274499999978,0.13042999999999694,27151,<entities.dtn.DTN object at 0x11165b670>,<entities.processor.Processor object at 0x11165baf0>
18.444344999999778,0.13042999999999694,27151,<entities.dtn.DTN object at 0x11165b670>,<entities.processor.Processor object at 0x11165baf0>
18.66194499999978,0.2192299999999996,27151,<entities.dtn.DTN object at 0x11165b670>,<entities.processor.Processor object at 0x11165baf0>
18.66354499999978,0.2192299999999996,27151,<entities.dtn.DTN object at 0x11165b670>,<entities.processor.Processor object at 0x11165baf0>
18.88434499999978,0.22242999999999924,27151,<entities.dtn.DTN object at 0x11165b670>,<entities.processor.Processor object at 0x11165baf0>
18.88594499999978,0.22242999999999924,27151,<entities.dtn.DTN object at 0x11165b670>,<entities.processor.Processor object at 0x11165baf0>
19.21314499999978,0.32882999999999996,27151,<entities.dtn.DTN object at 0x11165b670>,<entities.processor.Processor object at 0x11165baf0>
19.21474499999978,0.32882999999999996,27151,<entities.dtn.DTN object at 0x11165b670>,<entities.processor.Processor object at 0x11165baf0>
19.45474499999978,0.24162999999999712,27151,<entities.dtn.DTN object at 0x11165b670>,<entities.processor.Processor object at 0x11165baf0>
19.45634499999978,0.24162999999999712,27151,<entities.dtn.DTN object at 0x11165b670>,<entities.processor.Processor object at 0x11165baf0>
19.921944999999777,0.46722999999999715,27151,<entities.dtn.DTN object at 0x11165b670>,<entities.processor.Processor object at 0x11165baf0>
19.923544999999777,0.46722999999999715,27151,<entities.dtn.DTN object at 0x11165b670>,<entities.processor.Processor object at 0x11165baf0>
20.740344999999774,0.8184299999999958,27151,<entities.dtn.DTN object at 0x11165b670>,<entities.processor.Processor object at 0x11165baf0>
20.741944999999774,0.8184299999999958,27151,<entities.dtn.DTN object at 0x11165b670>,<entities.processor.Processor object at 0x11165baf0>
21.202744999999773,0.4624299999999977,27151,<entities.dtn.DTN object at 0x11165b670>,<entities.processor.Processor object at 0x11165baf0>
21.204344999999773,0.4624299999999977,27151,<entities.dtn.DTN object at 0x11165b670>,<entities.processor.Processor object at 0x11165baf0>
21.318744999999772,0.11602999999999852,27151,<entities.dtn.DTN object at 0x11165b670>,<entities.processor.Processor object at 0x11165baf0>
21.320344999999772,0.11602999999999852,27151,<entities.dtn.DTN object at 0x11165b670>,<entities.processor.Processor object at 0x11165baf0>
21.434744999999772,0.11602999999999852,27151,<entities.dtn.DTN object at 0x11165b670>,<entities.processor.Processor object at 0x11165baf0>
21.436344999999772,0.11602999999999852,27151,<entities.dtn.DTN object at 0x11165b670>,<entities.processor.Processor object at 0x11165baf0>
21.550744999999772,0.11602999999999852,27151,<entities.dtn.DTN object at 0x11165b670>,<entities.processor.Processor object at 0x11165baf0>
21.55234499999977,0.11602999999999852,27151,<entities.dtn.DTN object at 0x11165b670>,<entities.processor.Processor object at 0x11165baf0>
21.766744999999773,0.21602999999999994,27151,<entities.dtn.DTN object at 0x11165b670>,<entities.processor.Processor object at 0x11165baf0>
21.768344999999773,0.21602999999999994,27151,<entities.dtn.DTN object at 0x11165b670>,<entities.processor.Processor object at 0x11165baf0>
21.882744999999773,0.11602999999999852,27151,<entities.dtn.DTN object at 0x11165b670>,<entities.processor.Processor object at 0x11165baf0>
21.884344999999772,0.11602999999999852,27151,<entities.dtn.DTN object at 0x11165b670>,<entities.processor.Processor object at 0x11165baf0>
21.998744999999772,0.11602999999999852,27151,<entities.dtn.DTN object at 0x11165b670>,<entities.processor.Processor object at 0x11165baf0>
22.000344999999772,0.11602999999999852,27151,<entities.dtn.DTN object at 0x11165b670>,<entities.processor.Processor object at 0x11165baf0>
22.114744999999772,0.11602999999999852,27151,<entities.dtn.DTN object at 0x11165b670>,<entities.processor.Processor object at 0x11165baf0>
22.11634499999977,0.11602999999999852,27151,<entities.dtn.DTN object at 0x11165b670>,<entities.processor.Processor object at 0x11165baf0>
22.23074499999977,0.11602999999999852,27151,<entities.dtn.DTN object at 0x11165b670>,<entities.processor.Processor object at 0x11165baf0>
22.332344999999773,0.21602999999999994,27151,<entities.dtn.DTN object at 0x11165b670>,<entities.processor.Processor object at 0x11165baf0>
22.446744999999773,0.21602999999999994,27151,<entities.dtn.DTN object at 0x11165b670>,<entities.processor.Processor object at 0x11165baf0>
22.448344999999772,0.11602999999999852,27151,<entities.dtn.DTN object at 0x11165b670>,<entities.processor.Processor object at 0x11165baf0>
22.562744999999772,0.11602999999999852,27151,<entities.dtn.DTN object at 0x11165b670>,<entities.processor.Processor object at 0x11165baf0>
22.564344999999772,0.11602999999999852,27151,<entities.dtn.DTN object at 0x11165b670>,<entities.processor.Processor object at 0x11165baf0>
22.678744999999772,0.11602999999999852,27151,<entities.dtn.DTN object at 0x11165b670>,<entities.processor.Processor object at 0x11165baf0>
22.68034499999977,0.11602999999999852,27151,<entities.dtn.DTN object at 0x11165b670>,<entities.processor.Processor object at 0x11165baf0>
22.79474499999977,0.11602999999999852,27151,<entities.dtn.DTN object at 0x11165b670>,<entities.processor.Processor object at 0x11165baf0>
22.79634499999977,0.11602999999999852,27151,<entities.dtn.DTN object at 0x11165b670>,<entities.processor.Processor object at 0x11165baf0>
22.91074499999977,0.11602999999999852,27151,<entities.dtn.DTN object at 0x11165b670>,<entities.processor.Processor object at 0x11165baf0>
22.91234499999977,0.11602999999999852,27151,<entities.dtn.DTN object at 0x11165b670>,<entities.processor.Processor object at 0x11165baf0>
23.02674499999977,0.11602999999999852,27151,<entities.dtn.DTN object at 0x11165b670>,<entities.processor.Processor object at 0x11165baf0>
23.02834499999977,0.11602999999999852,27151,<entities.dtn.DTN object at 0x11165b670>,<entities.processor.Processor object at 0x11165baf0>
23.14274499999977,0.11602999999999852,27151,<entities.dtn.DTN object at 0x11165b670>,<entities.processor.Processor object at 0x11165baf0>
23.24434499999977,0.21602999999999994,27151,<entities.dtn.DTN object at 0x11165b670>,<entities.processor.Processor object at 0x11165baf0>
23.25874499999977,0.11602999999999852,27151,<entities.dtn.DTN object at 0x11165b670>,<entities.processor.Processor object at 0x11165baf0>
23.36034499999977,0.11602999999999852,27151,<entities.dtn.DTN object at 0x11165b670>,<entities.processor.Processor object at 0x11165baf0>
23.47474499999977,0.21602999999999994,27151,<entities.dtn.DTN object at 0x11165b670>,<entities.processor.Processor object at 0x11165baf0>
23.47634499999977,0.11602999999999852,27151,<entities.dtn.DTN object at 0x11165b670>,<entities.processor.Processor object at 0x11165baf0>
23.59074499999977,0.11602999999999852,27151,<entities.dtn.DTN object at 0x11165b670>,<entities.processor.Processor object at 0x11165baf0>
23.59234499999977,0.11602999999999852,27151,<entities.dtn.DTN object at 0x11165b670>,<entities.processor.Processor object at 0x11165baf0>
23.70674499999977,0.11602999999999852,27151,<entities.dtn.DTN object at 0x11165b670>,<entities.processor.Processor object at 0x11165baf0>
23.70834499999977,0.11602999999999852,27151,<entities.dtn.DTN object at 0x11165b670>,<entities.processor.Processor object at 0x11165baf0>
23.82274499999977,0.11602999999999852,27151,<entities.dtn.DTN object at 0x11165b670>,<entities.processor.Processor object at 0x11165baf0>
23.82434499999977,0.11602999999999852,27151,<entities.dtn.DTN object at 0x11165b670>,<entities.processor.Processor object at 0x11165baf0>
23.93874499999977,0.11602999999999852,27151,<entities.dtn.DTN object at 0x11165b670>,<entities.processor.Processor object at 0x11165baf0>
23.94034499999977,0.11602999999999852,27151,<entities.dtn.DTN object at 0x11165b670>,<entities.processor.Processor object at 0x11165baf0>
24.15474499999977,0.21602999999999994,27151,<entities.dtn.DTN object at 0x11165b670>,<entities.processor.Processor object at 0x11165baf0>
24.15634499999977,0.21602999999999994,27151,<entities.dtn.DTN object at 0x11165b670>,<entities.processor.Processor object at 0x11165baf0>
24.27074499999977,0.11602999999999852,27151,<entities.dtn.DTN object at 0x11165b670>,<entities.processor.Processor object at 0x11165baf0>
24.27234499999977,0.11602999999999852,27151,<entities.dtn.DTN object at 0x11165b670>,<entities.processor.Processor object at 0x11165baf0>
24.38674499999977,0.11602999999999852,27151,<entities.dtn.DTN object at 0x11165b670>,<entities.processor.Processor object at 0x11165baf0>
24.48834499999977,0.21602999999999994,27151,<entities.dtn.DTN object at 0x11165b670>,<entities.processor.Processor object at 0x11165baf0>
24.50274499999977,0.11602999999999852,27151,<entities.dtn.DTN object at 0x11165b670>,<entities.processor.Processor object at 0x11165baf0>
24.60434499999977,0.11602999999999852,27151,<entities.dtn.DTN object at 0x11165b670>,<entities.processor.Processor object at 0x11165baf0>
24.71874499999977,0.21602999999999994,27151,<entities.dtn.DTN object at 0x11165b670>,<entities.processor.Processor object at 0x11165baf0>
24.72034499999977,0.11602999999999852,27151,<entities.dtn.DTN object at 0x11165b670>,<entities.processor.Processor object at 0x11165baf0>
24.83474499999977,0.11602999999999852,27151,<entities.dtn.DTN object at 0x11165b670>,<entities.processor.Processor object at 0x11165baf0>
24.83634499999977,0.11602999999999852,27151,<entities.dtn.DTN object at 0x11165b670>,<entities.processor.Processor object at 0x11165baf0>
24.95074499999977,0.11602999999999852,27151,<entities.dtn.DTN object at 0x11165b670>,<entities.processor.Processor object at 0x11165baf0>
24.95234499999977,0.11602999999999852,27151,<entities.dtn.DTN object at 0x11165b670>,<entities.processor.Processor object at 0x11165baf0>
25.06674499999977,0.11602999999999852,27151,<entities.dtn.DTN object at 0x11165b670>,<entities.processor.Processor object at 0x11165baf0>
25.06834499999977,0.11602999999999852,27151,<entities.dtn.DTN object at 0x11165b670>,<entities.processor.Processor object at 0x11165baf0>
25.28274499999977,0.21602999999999994,27151,<entities.dtn.DTN object at 0x11165b670>,<entities.processor.Processor object at 0x11165baf0>
25.28434499999977,0.21602999999999994,27151,<entities.dtn.DTN object at 0x11165b670>,<entities.processor.Processor object at 0x11165baf0>
25.39874499999977,0.11602999999999852,27151,<entities.dtn.DTN object at 0x11165b670>,<entities.processor.Processor object at 0x11165baf0>
25.40034499999977,0.11602999999999852,27151,<entities.dtn.DTN object at 0x11165b670>,<entities.processor.Processor object at 0x11165baf0>
25.51474499999977,0.11602999999999852,27151,<entities.dtn.DTN object at 0x11165b670>,<entities.processor.Processor object at 0x11165baf0>
25.51634499999977,0.11602999999999852,27151,<entities.dtn.DTN object at 0x11165b670>,<entities.processor.Processor object at 0x11165baf0>
25.63074499999977,0.11602999999999852,27151,<entities.dtn.DTN object at 0x11165b670>,<entities.processor.Processor object at 0x11165baf0>
25.63234499999977,0.11602999999999852,27151,<entities.dtn.DTN object at 0x11165b670>,<entities.processor.Processor object at 0x11165baf0>
25.84674499999977,0.21602999999999994,27151,<entities.dtn.DTN object at 0x11165b670>,<entities.processor.Processor object at 0x11165baf0>
25.84834499999977,0.21602999999999994,27151,<entities.dtn.DTN object at 0x11165b670>,<entities.processor.Processor object at 0x11165baf0>
25.96274499999977,0.11602999999999852,27151,<entities.dtn.DTN object at 0x11165b670>,<entities.processor.Processor object at 0x11165baf0>
25.96434499999977,0.11602999999999852,27151,<entities.dtn.DTN object at 0x11165b670>,<entities.processor.Processor object at 0x11165baf0>
26.07874499999977,0.11602999999999852,27151,<entities.dtn.DTN object at 0x11165b670>,<entities.processor.Processor object at 0x11165baf0>
26.08034499999977,0.11602999999999852,27151,<entities.dtn.DTN object at 0x11165b670>,<entities.processor.Processor object at 0x11165baf0>
26.19474499999977,0.11602999999999852,27151,<entities.dtn.DTN object at 0x11165b670>,<entities.processor.Processor object at 0x11165baf0>
26.19634499999977,0.11602999999999852,27151,<entities.dtn.DTN object at 0x11165b670>,<entities.processor.Processor object at 0x11165baf0>
26.31074499999977,0.11602999999999852,27151,<entities.dtn.DTN object at 0x11165b670>,<entities.processor.Processor object at 0x11165baf0>
26.31234499999977,0.11602999999999852,27151,<entities.dtn.DTN object at 0x11165b670>,<entities.processor.Processor object at 0x11165baf0>
26.52674499999977,0.21602999999999994,27151,<entities.dtn.DTN object at 0x11165b670>,<entities.processor.Processor object at 0x11165baf0>
26.52834499999977,0.21602999999999994,27151,<entities.dtn.DTN object at 0x11165b670>,<entities.processor.Processor object at 0x11165baf0>
26.742744999999772,0.21602999999999994,27151,<entities.dtn.DTN object at 0x11165b670>,<entities.processor.Processor object at 0x11165baf0>
26.74434499999977,0.21602999999999994,27151,<entities.dtn.DTN object at 0x11165b670>,<entities.processor.Processor object at 0x11165baf0>
26.85874499999977,0.11602999999999852,27151,<entities.dtn.DTN object at 0x11165b670>,<entities.processor.Processor object at 0x11165baf0>
26.86034499999977,0.11602999999999852,27151,<entities.dtn.DTN object at 0x11165b670>,<entities.processor.Processor object at 0x11165baf0>
27.074744999999773,0.21602999999999994,27151,<entities.dtn.DTN object at 0x11165b670>,<entities.processor.Processor object at 0x11165baf0>
27.076344999999773,0.21602999999999994,27151,<entities.dtn.DTN object at 0x11165b670>,<entities.processor.Processor object at 0x11165baf0>
27.190744999999772,0.11602999999999852,27151,<entities.dtn.DTN object at 0x11165b670>,<entities.processor.Processor object at 0x11165baf0>
27.192344999999772,0.11602999999999852,27151,<entities.dtn.DTN object at 0x11165b670>,<entities.processor.Processor object at 0x11165baf0>
27.406744999999773,0.21602999999999994,27151,<entities.dtn.DTN object at 0x11165b670>,<entities.processor.Processor object at 0x11165baf0>
27.408344999999773,0.21602999999999994,27151,<entities.dtn.DTN object at 0x11165b670>,<entities.processor.Processor object at 0x11165baf0>
27.522744999999773,0.11602999999999852,27151,<entities.dtn.DTN object at 0x11165b670>,<entities.processor.Processor object at 0x11165baf0>
27.624374999999773,0.2160599999999988,27151,<entities.dtn.DTN object at 0x11165b670>,<entities.processor.Processor object at 0x11165baf0>
27.838744999999776,0.31603000000000137,27151,<entities.dtn.DTN object at 0x11165b670>,<entities.processor.Processor object at 0x11165baf0>
27.840344999999775,0.21602999999999994,27151,<entities.dtn.DTN object at 0x11165b670>,<entities.processor.Processor object at 0x11165baf0>
27.841944999999775,0.2176000000000009,27151,<entities.dtn.DTN object at 0x11165b670>,<entities.processor.Processor object at 0x11165baf0>
28.159544999999778,0.32083000000000084,27151,<entities.dtn.DTN object at 0x11165b670>,<entities.processor.Processor object at 0x11165baf0>
28.161144999999777,0.32083000000000084,27151,<entities.dtn.DTN object at 0x11165b670>,<entities.processor.Processor object at 0x11165baf0>
28.162744999999777,0.32083000000000084,27151,<entities.dtn.DTN object at 0x11165b670>,<entities.processor.Processor object at 0x11165baf0>
28.683544999999782,0.5240300000000033,27151,<entities.dtn.DTN object at 0x11165b670>,<entities.processor.Processor object at 0x11165baf0>
28.685144999999782,0.5240300000000033,27151,<entities.dtn.DTN object at 0x11165b670>,<entities.processor.Processor object at 0x11165baf0>
28.68674499999978,0.5240300000000033,27151,<entities.dtn.DTN object at 0x11165b670>,<entities.processor.Processor object at 0x11165baf0>
29.607544999999792,0.924030000000009,27151,<entities.dtn.DTN object at 0x11165b670>,<entities.processor.Processor object at 0x11165baf0>
29.609144999999792,0.924030000000009,27151,<entities.dtn.DTN object at 0x11165b670>,<entities.processor.Processor object at 0x11165baf0>
29.610744999999792,0.924030000000009,27151,<entities.dtn.DTN object at 0x11165b670>,<entities.processor.Processor object at 0x11165baf0>
30.4315449999998,0.8240300000000076,27151,<entities.dtn.DTN object at 0x11165b670>,<entities.processor.Processor object at 0x11165baf0>
30.533144999999802,0.924030000000009,27151,<entities.dtn.DTN object at 0x11165b670>,<entities.processor.Processor object at 0x11165baf0>
30.534744999999802,0.924030000000009,27151,<entities.dtn.DTN object at 0x11165b670>,<entities.processor.Processor object at 0x11165baf0>
30.755544999999803,0.3240300000000005,27151,<entities.dtn.DTN object at 0x11165b670>,<entities.processor.Processor object at 0x11165baf0>
30.757144999999802,0.22402999999999906,27151,<entities.dtn.DTN object at 0x11165b670>,<entities.processor.Processor object at 0x11165baf0>
30.758744999999802,0.22402999999999906,27151,<entities.dtn.DTN object at 0x11165b670>,<entities.processor.Processor object at 0x11165baf0>
30.979544999999803,0.22402999999999906,27151,<entities.dtn.DTN object at 0x11165b670>,<entities.processor.Processor object at 0x11165baf0>
30.981144999999803,0.22402999999999906,27151,<entities.dtn.DTN object at 0x11165b670>,<entities.processor.Processor object at 0x11165baf0>
30.982744999999802,0.22402999999999906,27151,<entities.dtn.DTN object at 0x11165b670>,<entities.processor.Processor object at 0x11165baf0>
31.303544999999804,0.3240300000000005,27151,<entities.dtn.DTN object at 0x11165b670>,<entities.processor.Processor object at 0x11165baf0>
31.305144999999804,0.3240300000000005,27151,<entities.dtn.DTN object at 0x11165b670>,<entities.processor.Processor object at 0x11165baf0>
31.406744999999805,0.4240300000000019,27151,<entities.dtn.DTN object at 0x11165b670>,<entities.processor.Processor object at 0x11165baf0>
31.727544999999807,0.4240300000000019,27151,<entities.dtn.DTN object at 0x11165b670>,<entities.processor.Processor object at 0x11165baf0>
31.729144999999807,0.4240300000000019,27151,<entities.dtn.DTN object at 0x11165b670>,<entities.processor.Processor object at 0x11165baf0>
31.83074499999981,0.4240300000000019,27151,<entities.dtn.DTN object at 0x11165b670>,<entities.processor.Processor object at 0x11165baf0>
32.45154499999986,0.7240300000000524,27151,<entities.dtn.DTN object at 0x11165b670>,<entities.processor.Processor object at 0x11165baf0>
32.453144999999864,0.7240300000000559,27151,<entities.dtn.DTN object at 0x11165b670>,<entities.processor.Processor object at 0x11165baf0>
32.55474499999987,0.7240300000000595,27151,<entities.dtn.DTN object at 0x11165b670>,<entities.processor.Processor object at 0x11165baf0>
33.27554499999992,0.8240300000000644,27151,<entities.dtn.DTN object at 0x11165b670>,<entities.processor.Processor object at 0x11165baf0>
33.277144999999926,0.8240300000000644,27151,<entities.dtn.DTN object at 0x11165b670>,<entities.processor.Processor object at 0x11165baf0>
33.37874499999993,0.8240300000000644,27151,<entities.dtn.DTN object at 0x11165b670>,<entities.processor.Processor object at 0x11165baf0>
33.79954499999998,0.5240300000000602,27151,<entities.dtn.DTN object at 0x11165b670>,<entities.processor.Processor object at 0x11165baf0>
33.801144999999984,0.5240300000000602,27151,<entities.dtn.DTN object at 0x11165b670>,<entities.processor.Processor object at 0x11165baf0>
33.90274499999999,0.5240300000000602,27151,<entities.dtn.DTN object at 0x11165b670>,<entities.processor.Processor object at 0x11165baf0>
34.11614500000002,0.31663000000003905,27151,<entities.dtn.DTN object at 0x11165b670>,<entities.processor.Processor object at 0x11165baf0>
34.11774500000002,0.31663000000003905,27151,<entities.dtn.DTN object at 0x11165b670>,<entities.processor.Processor object at 0x11165baf0>
34.219345000000025,0.31663000000003905,27151,<entities.dtn.DTN object at 0x11165b670>,<entities.processor.Processor object at 0x11165baf0>
34.630545000000055,0.5144300000000399,27151,<entities.dtn.DTN object at 0x11165b670>,<entities.processor.Processor object at 0x11165baf0>
34.63214500000006,0.5144300000000399,27151,<entities.dtn.DTN object at 0x11165b670>,<entities.processor.Processor object at 0x11165baf0>
34.63374500000006,0.4144300000000385,27151,<entities.dtn.DTN object at 0x11165b670>,<entities.processor.Processor object at 0x11165baf0>
35.344945000000095,0.7144300000000428,27151,<entities.dtn.DTN object at 0x11165b670>,<entities.processor.Processor object at 0x11165baf0>
35.3465450000001,0.7144300000000428,27151,<entities.dtn.DTN object at 0x11165b670>,<entities.processor.Processor object at 0x11165baf0>
35.4481350000001,0.814420000000041,27151,<entities.dtn.DTN object at 0x11165b670>,<entities.processor.Processor object at 0x11165baf0>
36.159315000000134,0.8144000000000418,27151,<entities.dtn.DTN object at 0x11165b670>,<entities.processor.Processor object at 0x11165baf0>
36.16091500000014,0.8144000000000418,27151,<entities.dtn.DTN object at 0x11165b670>,<entities.processor.Processor object at 0x11165baf0>
36.26201500000014,0.8139000000000394,27151,<entities.dtn.DTN object at 0x11165b670>,<entities.processor.Processor object at 0x11165baf0>
13.137449999999864,5.7408699999999255,72871,<entities.dtn.DTN object at 0x11165b670>,<entities.processor.Processor object at 0x111662370>
18.31554499999978,5.178154999999917,72871,<entities.dtn.DTN object at 0x11165b670>,<entities.processor.Processor object at 0x111662370>
18.31714499999978,5.179724999999916,72871,<entities.dtn.DTN object at 0x11165b670>,<entities.processor.Processor object at 0x111662370>
18.445944999999778,0.13042999999999694,72871,<entities.dtn.DTN object at 0x11165b670>,<entities.processor.Processor object at 0x111662370>
18.447544999999778,0.13042999999999694,72871,<entities.dtn.DTN object at 0x11165b670>,<entities.processor.Processor object at 0x111662370>
18.66514499999978,0.2192299999999996,72871,<entities.dtn.DTN object at 0x11165b670>,<entities.processor.Processor object at 0x111662370>
18.66674499999978,0.2192299999999996,72871,<entities.dtn.DTN object at 0x11165b670>,<entities.processor.Processor object at 0x111662370>
18.98754499999978,0.32243000000000066,72871,<entities.dtn.DTN object at 0x11165b670>,<entities.processor.Processor object at 0x111662370>
18.98914499999978,0.32243000000000066,72871,<entities.dtn.DTN object at 0x11165b670>,<entities.processor.Processor object at 0x111662370>
19.21634499999978,0.22882999999999853,72871,<entities.dtn.DTN object at 0x11165b670>,<entities.processor.Processor object at 0x111662370>
19.21794499999978,0.22882999999999853,72871,<entities.dtn.DTN object at 0x11165b670>,<entities.processor.Processor object at 0x111662370>
19.55794499999978,0.34162999999999855,72871,<entities.dtn.DTN object at 0x11165b670>,<entities.processor.Processor object at 0x111662370>
19.55954499999978,0.34162999999999855,72871,<entities.dtn.DTN object at 0x11165b670>,<entities.processor.Processor object at 0x111662370>
20.025144999999778,0.46722999999999715,72871,<entities.dtn.DTN object at 0x11165b670>,<entities.processor.Processor object at 0x111662370>
20.026744999999778,0.46722999999999715,72871,<entities.dtn.DTN object at 0x11165b670>,<entities.processor.Processor object at 0x111662370>
20.743544999999774,0.7184299999999944,72871,<entities.dtn.DTN object at 0x11165b670>,<entities.processor.Processor object at 0x111662370>
20.745144999999773,0.7184299999999944,72871,<entities.dtn.DTN object at 0x11165b670>,<entities.processor.Processor object at 0x111662370>
21.205944999999772,0.4624299999999977,72871,<entities.dtn.DTN object at 0x11165b670>,<entities.processor.Processor object at 0x111662370>
21.207544999999772,0.4624299999999977,72871,<entities.dtn.DTN object at 0x11165b670>,<entities.processor.Processor object at 0x111662370>
21.321944999999772,0.11602999999999852,72871,<entities.dtn.DTN object at 0x11165b670>,<entities.processor.Processor object at 0x111662370>
21.323544999999772,0.11602999999999852,72871,<entities.dtn.DTN object at 0x11165b670>,<entities.processor.Processor object at 0x111662370>
21.43794499999977,0.11602999999999852,72871,<entities.dtn.DTN object at 0x11165b670>,<entities.processor.Processor object at 0x111662370>
21.539544999999773,0.21602999999999994,72871,<entities.dtn.DTN object at 0x11165b670>,<entities.processor.Processor object at 0x111662370>
21.55394499999977,0.11602999999999852,72871,<entities.dtn.DTN object at 0x11165b670>,<entities.processor.Processor object at 0x111662370>
21.655544999999773,0.11602999999999852,72871,<entities.dtn.DTN object at 0x11165b670>,<entities.processor.Processor object at 0x111662370>
21.769944999999773,0.21602999999999994,72871,<entities.dtn.DTN object at 0x11165b670>,<entities.processor.Processor object at 0x111662370>
21.771544999999772,0.11602999999999852,72871,<entities.dtn.DTN object at 0x11165b670>,<entities.processor.Processor object at 0x111662370>
21.885944999999772,0.11602999999999852,72871,<entities.dtn.DTN object at 0x11165b670>,<entities.processor.Processor object at 0x111662370>
21.887544999999772,0.11602999999999852,72871,<entities.dtn.DTN object at 0x11165b670>,<entities.processor.Processor object at 0x111662370>
22.001944999999772,0.11602999999999852,72871,<entities.dtn.DTN object at 0x11165b670>,<entities.processor.Processor object at 0x111662370>
22.00354499999977,0.11602999999999852,72871,<entities.dtn.DTN object at 0x11165b670>,<entities.processor.Processor object at 0x111662370>
22.11794499999977,0.11602999999999852,72871,<entities.dtn.DTN object at 0x11165b670>,<entities.processor.Processor object at 0x111662370>
22.11954499999977,0.11602999999999852,72871,<entities.dtn.DTN object at 0x11165b670>,<entities.processor.Processor object at 0x111662370>
22.333944999999773,0.21602999999999994,72871,<entities.dtn.DTN object at 0x11165b670>,<entities.processor.Processor object at 0x111662370>
22.335544999999772,0.21602999999999994,72871,<entities.dtn.DTN object at 0x11165b670>,<entities.processor.Processor object at 0x111662370>
22.449944999999772,0.11602999999999852,72871,<entities.dtn.DTN object at 0x11165b670>,<entities.processor.Processor object at 0x111662370>
22.451544999999772,0.11602999999999852,72871,<entities.dtn.DTN object at 0x11165b670>,<entities.processor.Processor object at 0x111662370>
22.565944999999772,0.11602999999999852,72871,<entities.dtn.DTN object at 0x11165b670>,<entities.processor.Processor object at 0x111662370>
22.56754499999977,0.11602999999999852,72871,<entities.dtn.DTN object at 0x11165b670>,<entities.processor.Processor object at 0x111662370>
22.68194499999977,0.11602999999999852,72871,<entities.dtn.DTN object at 0x11165b670>,<entities.processor.Processor object at 0x111662370>
22.68354499999977,0.11602999999999852,72871,<entities.dtn.DTN object at 0x11165b670>,<entities.processor.Processor object at 0x111662370>
22.897944999999773,0.21602999999999994,72871,<entities.dtn.DTN object at 0x11165b670>,<entities.processor.Processor object at 0x111662370>
22.899544999999772,0.21602999999999994,72871,<entities.dtn.DTN object at 0x11165b670>,<entities.processor.Processor object at 0x111662370>
23.013944999999772,0.11602999999999852,72871,<entities.dtn.DTN object at 0x11165b670>,<entities.processor.Processor object at 0x111662370>
23.015544999999772,0.11602999999999852,72871,<entities.dtn.DTN object at 0x11165b670>,<entities.processor.Processor object at 0x111662370>
23.129944999999772,0.11602999999999852,72871,<entities.dtn.DTN object at 0x11165b670>,<entities.processor.Processor object at 0x111662370>
23.13154499999977,0.11602999999999852,72871,<entities.dtn.DTN object at 0x11165b670>,<entities.processor.Processor object at 0x111662370>
23.24594499999977,0.11602999999999852,72871,<entities.dtn.DTN object at 0x11165b670>,<entities.processor.Processor object at 0x111662370>
23.24754499999977,0.11602999999999852,72871,<entities.dtn.DTN object at 0x11165b670>,<entities.processor.Processor object at 0x111662370>
23.36194499999977,0.11602999999999852,72871,<entities.dtn.DTN object at 0x11165b670>,<entities.processor.Processor object at 0x111662370>
23.36354499999977,0.11602999999999852,72871,<entities.dtn.DTN object at 0x11165b670>,<entities.processor.Processor object at 0x111662370>
23.47794499999977,0.11602999999999852,72871,<entities.dtn.DTN object at 0x11165b670>,<entities.processor.Processor object at 0x111662370>
23.47954499999977,0.11602999999999852,72871,<entities.dtn.DTN object at 0x11165b670>,<entities.processor.Processor object at 0x111662370>
23.59394499999977,0.11602999999999852,72871,<entities.dtn.DTN object at 0x11165b670>,<entities.processor.Processor object at 0x111662370>
23.59554499999977,0.11602999999999852,72871,<entities.dtn.DTN object at 0x11165b670>,<entities.processor.Processor object at 0x111662370>
23.70994499999977,0.11602999999999852,72871,<entities.dtn.DTN object at 0x11165b670>,<entities.processor.Processor object at 0x111662370>
23.71154499999977,0.11602999999999852,72871,<entities.dtn.DTN object at 0x11165b670>,<entities.processor.Processor object at 0x111662370>
23.82594499999977,0.11602999999999852,72871,<entities.dtn.DTN object at 0x11165b670>,<entities.processor.Processor object at 0x111662370>
23.92754499999977,0.21602999999999994,72871,<entities.dtn.DTN object at 0x11165b670>,<entities.processor.Processor object at 0x111662370>
23.94194499999977,0.11602999999999852,72871,<entities.dtn.DTN object at 0x11165b670>,<entities.processor.Processor object at 0x111662370>
24.04354499999977,0.11602999999999852,72871,<entities.dtn.DTN object at 0x11165b670>,<entities.processor.Processor object at 0x111662370>
24.15794499999977,0.21602999999999994,72871,<entities.dtn.DTN object at 0x11165b670>,<entities.processor.Processor object at 0x111662370>
24.15954499999977,0.11602999999999852,72871,<entities.dtn.DTN object at 0x11165b670>,<entities.processor.Processor object at 0x111662370>
24.27394499999977,0.11602999999999852,72871,<entities.dtn.DTN object at 0x11165b670>,<entities.processor.Processor object at 0x111662370>
24.37554499999977,0.21602999999999994,72871,<entities.dtn.DTN object at 0x11165b670>,<entities.processor.Processor object at 0x111662370>
24.48994499999977,0.21602999999999994,72871,<entities.dtn.DTN object at 0x11165b670>,<entities.processor.Processor object at 0x111662370>
24.49154499999977,0.11602999999999852,72871,<entities.dtn.DTN object at 0x11165b670>,<entities.processor.Processor object at 0x111662370>
24.60594499999977,0.11602999999999852,72871,<entities.dtn.DTN object at 0x11165b670>,<entities.processor.Processor object at 0x111662370>
24.60754499999977,0.11602999999999852,72871,<entities.dtn.DTN object at 0x11165b670>,<entities.processor.Processor object at 0x111662370>
24.72194499999977,0.11602999999999852,72871,<entities.dtn.DTN object at 0x11165b670>,<entities.processor.Processor object at 0x111662370>
24.72354499999977,0.11602999999999852,72871,<entities.dtn.DTN object at 0x11165b670>,<entities.processor.Processor object at 0x111662370>
24.93794499999977,0.21602999999999994,72871,<entities.dtn.DTN object at 0x11165b670>,<entities.processor.Processor object at 0x111662370>
24.93954499999977,0.21602999999999994,72871,<entities.dtn.DTN object at 0x11165b670>,<entities.processor.Processor object at 0x111662370>
25.05394499999977,0.11602999999999852,72871,<entities.dtn.DTN object at 0x11165b670>,<entities.processor.Processor object at 0x111662370>
25.05554499999977,0.11602999999999852,72871,<entities.dtn.DTN object at 0x11165b670>,<entities.processor.Processor object at 0x111662370>
25.16994499999977,0.11602999999999852,72871,<entities.dtn.DTN object at 0x11165b670>,<entities.processor.Processor object at 0x111662370>
25.17154499999977,0.11602999999999852,72871,<entities.dtn.DTN object at 0x11165b670>,<entities.processor.Processor object at 0x111662370>
25.28594499999977,0.11602999999999852,72871,<entities.dtn.DTN object at 0x11165b670>,<entities.processor.Processor object at 0x111662370>
25.28754499999977,0.11602999999999852,72871,<entities.dtn.DTN object at 0x11165b670>,<entities.processor.Processor object at 0x111662370>
25.40194499999977,0.11602999999999852,72871,<entities.dtn.DTN object at 0x11165b670>,<entities.processor.Processor object at 0x111662370>
25.40354499999977,0.11602999999999852,72871,<entities.dtn.DTN object at 0x11165b670>,<entities.processor.Processor object at 0x111662370>
25.51794499999977,0.11602999999999852,72871,<entities.dtn.DTN object at 0x11165b670>,<entities.processor.Processor object at 0x111662370>
25.51954499999977,0.11602999999999852,72871,<entities.dtn.DTN object at 0x11165b670>,<entities.processor.Processor object at 0x111662370>
25.73394499999977,0.21602999999999994,72871,<entities.dtn.DTN object at 0x11165b670>,<entities.processor.Processor object at 0x111662370>
25.73554499999977,0.21602999999999994,72871,<entities.dtn.DTN object at 0x11165b670>,<entities.processor.Processor object at 0x111662370>
25.84994499999977,0.11602999999999852,72871,<entities.dtn.DTN object at 0x11165b670>,<entities.processor.Processor object at 0x111662370>
25.85154499999977,0.11602999999999852,72871,<entities.dtn.DTN object at 0x11165b670>,<entities.processor.Processor object at 0x111662370>
25.96594499999977,0.11602999999999852,72871,<entities.dtn.DTN object at 0x11165b670>,<entities.processor.Processor object at 0x111662370>
25.96754499999977,0.11602999999999852,72871,<entities.dtn.DTN object at 0x11165b670>,<entities.processor.Processor object at 0x111662370>
26.08194499999977,0.11602999999999852,72871,<entities.dtn.DTN object at 0x11165b670>,<entities.processor.Processor object at 0x111662370>
26.08354499999977,0.11602999999999852,72871,<entities.dtn.DTN object at 0x11165b670>,<entities.processor.Processor object at 0x111662370>
26.19794499999977,0.11602999999999852,72871,<entities.dtn.DTN object at 0x11165b670>,<entities.processor.Processor object at 0x111662370>
26.29954499999977,0.21602999999999994,72871,<entities.dtn.DTN object at 0x11165b670>,<entities.processor.Processor object at 0x111662370>
26.41394499999977,0.21602999999999994,72871,<entities.dtn.DTN object at 0x11165b670>,<entities.processor.Processor object at 0x111662370>
26.41554499999977,0.11602999999999852,72871,<entities.dtn.DTN object at 0x11165b670>,<entities.processor.Processor object at 0x111662370>
26.52994499999977,0.11602999999999852,72871,<entities.dtn.DTN object at 0x11165b670>,<entities.processor.Processor object at 0x111662370>
26.63154499999977,0.21602999999999994,72871,<entities.dtn.DTN object at 0x11165b670>,<entities.processor.Processor object at 0x111662370>
26.74594499999977,0.21602999999999994,72871,<entities.dtn.DTN object at 0x11165b670>,<entities.processor.Processor object at 0x111662370>
26.74754499999977,0.11602999999999852,72871,<entities.dtn.DTN object at 0x11165b670>,<entities.processor.Processor object at 0x111662370>
26.961944999999773,0.21602999999999994,72871,<entities.dtn.DTN object at 0x11165b670>,<entities.processor.Processor object at 0x111662370>
26.963544999999773,0.21602999999999994,72871,<entities.dtn.DTN object at 0x11165b670>,<entities.processor.Processor object at 0x111662370>
27.077944999999772,0.11602999999999852,72871,<entities.dtn.DTN object at 0x11165b670>,<entities.processor.Processor object at 0x111662370>
27.079544999999772,0.11602999999999852,72871,<entities.dtn.DTN object at 0x11165b670>,<entities.processor.Processor object at 0x111662370>
27.293944999999773,0.21602999999999994,72871,<entities.dtn.DTN object at 0x11165b670>,<entities.processor.Processor object at 0x111662370>
27.295544999999773,0.21602999999999994,72871,<entities.dtn.DTN object at 0x11165b670>,<entities.processor.Processor object at 0x111662370>
27.409944999999773,0.11602999999999852,72871,<entities.dtn.DTN object at 0x11165b670>,<entities.processor.Processor object at 0x111662370>
27.511544999999774,0.21602999999999994,72871,<entities.dtn.DTN object at 0x11165b670>,<entities.processor.Processor object at 0x111662370>
27.625944999999774,0.21602999999999994,72871,<entities.dtn.DTN object at 0x11165b670>,<entities.processor.Processor object at 0x111662370>
27.727574999999774,0.2160599999999988,72871,<entities.dtn.DTN object at 0x11165b670>,<entities.processor.Processor object at 0x111662370>
27.843544999999775,0.21762999999999977,72871,<entities.dtn.DTN object at 0x11165b670>,<entities.processor.Processor object at 0x111662370>
28.045144999999778,0.3176300000000012,72871,<entities.dtn.DTN object at 0x11165b670>,<entities.processor.Processor object at 0x111662370>
28.046744999999778,0.31920000000000215,72871,<entities.dtn.DTN object at 0x11165b670>,<entities.processor.Processor object at 0x111662370>
28.164344999999777,0.32083000000000084,72871,<entities.dtn.DTN object at 0x11165b670>,<entities.processor.Processor object at 0x111662370>
28.565944999999783,0.5208300000000037,72871,<entities.dtn.DTN object at 0x11165b670>,<entities.processor.Processor object at 0x111662370>
28.567544999999782,0.5208300000000037,72871,<entities.dtn.DTN object at 0x11165b670>,<entities.processor.Processor object at 0x111662370>
28.68834499999978,0.5240300000000033,72871,<entities.dtn.DTN object at 0x11165b670>,<entities.processor.Processor object at 0x111662370>
29.38994499999979,0.8240300000000076,72871,<entities.dtn.DTN object at 0x11165b670>,<entities.processor.Processor object at 0x111662370>
29.39154499999979,0.8240300000000076,72871,<entities.dtn.DTN object at 0x11165b670>,<entities.processor.Processor object at 0x111662370>
29.61234499999979,0.924030000000009,72871,<entities.dtn.DTN object at 0x11165b670>,<entities.processor.Processor object at 0x111662370>
30.3139449999998,0.924030000000009,72871,<entities.dtn.DTN object at 0x11165b670>,<entities.processor.Processor object at 0x111662370>
30.3155449999998,0.924030000000009,72871,<entities.dtn.DTN object at 0x11165b670>,<entities.processor.Processor object at 0x111662370>
30.536344999999802,0.924030000000009,72871,<entities.dtn.DTN object at 0x11165b670>,<entities.processor.Processor object at 0x111662370>
30.637944999999803,0.3240300000000005,72871,<entities.dtn.DTN object at 0x11165b670>,<entities.processor.Processor object at 0x111662370>
30.639544999999803,0.3240300000000005,72871,<entities.dtn.DTN object at 0x11165b670>,<entities.processor.Processor object at 0x111662370>
30.760344999999802,0.22402999999999906,72871,<entities.dtn.DTN object at 0x11165b670>,<entities.processor.Processor object at 0x111662370>
30.861944999999803,0.22402999999999906,72871,<entities.dtn.DTN object at 0x11165b670>,<entities.processor.Processor object at 0x111662370>
30.863544999999803,0.22402999999999906,72871,<entities.dtn.DTN object at 0x11165b670>,<entities.processor.Processor object at 0x111662370>
30.984344999999802,0.22402999999999906,72871,<entities.dtn.DTN object at 0x11165b670>,<entities.processor.Processor object at 0x111662370>
31.185944999999805,0.3240300000000005,72871,<entities.dtn.DTN object at 0x11165b670>,<entities.processor.Processor object at 0x111662370>
31.187544999999805,0.3240300000000005,72871,<entities.dtn.DTN object at 0x11165b670>,<entities.processor.Processor object at 0x111662370>
31.408344999999805,0.4240300000000019,72871,<entities.dtn.DTN object at 0x11165b670>,<entities.processor.Processor object at 0x111662370>
31.609944999999808,0.4240300000000019,72871,<entities.dtn.DTN object at 0x11165b670>,<entities.processor.Processor object at 0x111662370>
31.611544999999808,0.4240300000000019,72871,<entities.dtn.DTN object at 0x11165b670>,<entities.processor.Processor object at 0x111662370>
31.83234499999981,0.4240300000000019,72871,<entities.dtn.DTN object at 0x11165b670>,<entities.processor.Processor object at 0x111662370>
32.23394499999982,0.6240300000000119,72871,<entities.dtn.DTN object at 0x11165b670>,<entities.processor.Processor object at 0x111662370>
32.235544999999824,0.6240300000000154,72871,<entities.dtn.DTN object at 0x11165b670>,<entities.processor.Processor object at 0x111662370>
32.55634499999987,0.724030000000063,72871,<entities.dtn.DTN object at 0x11165b670>,<entities.processor.Processor object at 0x111662370>
33.157944999999884,0.9240300000000659,72871,<entities.dtn.DTN object at 0x11165b670>,<entities.processor.Processor object at 0x111662370>
33.15954499999989,0.9240300000000659,72871,<entities.dtn.DTN object at 0x11165b670>,<entities.processor.Processor object at 0x111662370>
33.38033499999993,0.8240200000000613,72871,<entities.dtn.DTN object at 0x11165b670>,<entities.processor.Processor object at 0x111662370>
33.68191499999994,0.5240000000000578,72871,<entities.dtn.DTN object at 0x11165b670>,<entities.processor.Processor object at 0x111662370>
33.68351499999994,0.5240000000000578,72871,<entities.dtn.DTN object at 0x11165b670>,<entities.processor.Processor object at 0x111662370>
33.90381499999999,0.5235000000000554,72871,<entities.dtn.DTN object at 0x11165b670>,<entities.processor.Processor object at 0x111662370>
8.801139999999986,0.20104000000000077,64058,<entities.dtn.DTN object at 0x11165b670>,<entities.processor.Processor object at 0x111662100>
8.901989999999985,0.10091000000000072,64058,<entities.dtn.DTN object at 0x11165b670>,<entities.processor.Processor object at 0x111662100>
8.902839999999985,0.10172999999999988,64058,<entities.dtn.DTN object at 0x11165b670>,<entities.processor.Processor object at 0x111662100>
9.003689999999985,0.10176000000000052,64058,<entities.dtn.DTN object at 0x11165b670>,<entities.processor.Processor object at 0x111662100>
9.004669999999985,0.10271000000000008,64058,<entities.dtn.DTN object at 0x11165b670>,<entities.processor.Processor object at 0x111662100>
9.105519999999984,0.20274000000000036,64058,<entities.dtn.DTN object at 0x11165b670>,<entities.processor.Processor object at 0x111662100>
9.106369999999984,0.20355999999999952,64058,<entities.dtn.DTN object at 0x11165b670>,<entities.processor.Processor object at 0x111662100>
9.107219999999984,0.10359000000000052,64058,<entities.dtn.DTN object at 0x11165b670>,<entities.processor.Processor object at 0x111662100>
9.108919999999983,0.10525999999999947,64058,<entities.dtn.DTN object at 0x11165b670>,<entities.processor.Processor object at 0x111662100>
9.209769999999983,0.20515999999999934,64058,<entities.dtn.DTN object at 0x11165b670>,<entities.processor.Processor object at 0x111662100>
9.210619999999983,0.2059799999999985,64058,<entities.dtn.DTN object at 0x11165b670>,<entities.processor.Processor object at 0x111662100>
9.211469999999983,0.1060099999999995,64058,<entities.dtn.DTN object at 0x11165b670>,<entities.processor.Processor object at 0x111662100>
9.212319999999982,0.10682999999999865,64058,<entities.dtn.DTN object at 0x11165b670>,<entities.processor.Processor object at 0x111662100>
9.213169999999982,0.10685999999999929,64058,<entities.dtn.DTN object at 0x11165b670>,<entities.processor.Processor object at 0x111662100>
9.214019999999982,0.10767999999999844,64058,<entities.dtn.DTN object at 0x11165b670>,<entities.processor.Processor object at 0x111662100>
9.214869999999982,0.10770999999999908,64058,<entities.dtn.DTN object at 0x11165b670>,<entities.processor.Processor object at 0x111662100>
9.215719999999981,0.10852999999999824,64058,<entities.dtn.DTN object at 0x11165b670>,<entities.processor.Processor object at 0x111662100>
9.31826999999998,0.20940999999999832,64058,<entities.dtn.DTN object at 0x11165b670>,<entities.processor.Processor object at 0x111662100>
9.31911999999998,0.21022999999999747,64058,<entities.dtn.DTN object at 0x11165b670>,<entities.processor.Processor object at 0x111662100>
9.41996999999998,0.21025999999999812,64058,<entities.dtn.DTN object at 0x11165b670>,<entities.processor.Processor object at 0x111662100>
9.42081999999998,0.21107999999999727,64058,<entities.dtn.DTN object at 0x11165b670>,<entities.processor.Processor object at 0x111662100>
9.42166999999998,0.2111099999999979,64058,<entities.dtn.DTN object at 0x11165b670>,<entities.processor.Processor object at 0x111662100>
9.42251999999998,0.21192999999999707,64058,<entities.dtn.DTN object at 0x11165b670>,<entities.processor.Processor object at 0x111662100>
9.423369999999979,0.2119599999999977,64058,<entities.dtn.DTN object at 0x11165b670>,<entities.processor.Processor object at 0x111662100>
9.424219999999979,0.21277999999999686,64058,<entities.dtn.DTN object at 0x11165b670>,<entities.processor.Processor object at 0x111662100>
9.425069999999979,0.2128099999999975,64058,<entities.dtn.DTN object at 0x11165b670>,<entities.processor.Processor object at 0x111662100>
9.425919999999978,0.21362999999999666,64058,<entities.dtn.DTN object at 0x11165b670>,<entities.processor.Processor object at 0x111662100>
9.526769999999978,0.31365999999999694,64058,<entities.dtn.DTN object at 0x11165b670>,<entities.processor.Processor object at 0x111662100>
9.527619999999978,0.3144799999999961,64058,<entities.dtn.DTN object at 0x11165b670>,<entities.processor.Processor object at 0x111662100>
9.528469999999977,0.31450999999999674,64058,<entities.dtn.DTN object at 0x11165b670>,<entities.processor.Processor object at 0x111662100>
9.529319999999977,0.3153299999999959,64058,<entities.dtn.DTN object at 0x11165b670>,<entities.processor.Processor object at 0x111662100>
9.530169999999977,0.31535999999999653,64058,<entities.dtn.DTN object at 0x11165b670>,<entities.processor.Processor object at 0x111662100>
9.531019999999977,0.3161799999999957,64058,<entities.dtn.DTN object at 0x11165b670>,<entities.processor.Processor object at 0x111662100>
9.531869999999977,0.3162099999999963,64058,<entities.dtn.DTN object at 0x11165b670>,<entities.processor.Processor object at 0x111662100>
9.532719999999976,0.3170299999999955,64058,<entities.dtn.DTN object at 0x11165b670>,<entities.processor.Processor object at 0x111662100>
9.736969999999975,0.41875999999999536,64058,<entities.dtn.DTN object at 0x11165b670>,<entities.processor.Processor object at 0x111662100>
9.737819999999974,0.4195799999999945,64058,<entities.dtn.DTN object at 0x11165b670>,<entities.processor.Processor object at 0x111662100>
9.738669999999974,0.41960999999999515,64058,<entities.dtn.DTN object at 0x11165b670>,<entities.processor.Processor object at 0x111662100>
9.739519999999974,0.4204299999999943,64058,<entities.dtn.DTN object at 0x11165b670>,<entities.processor.Processor object at 0x111662100>
9.840369999999973,0.42045999999999495,64058,<entities.dtn.DTN object at 0x11165b670>,<entities.processor.Processor object at 0x111662100>
9.841219999999973,0.4212799999999941,64058,<entities.dtn.DTN object at 0x11165b670>,<entities.processor.Processor object at 0x111662100>
9.842069999999973,0.42130999999999474,64058,<entities.dtn.DTN object at 0x11165b670>,<entities.processor.Processor object at 0x111662100>
9.842919999999973,0.4221299999999939,64058,<entities.dtn.DTN object at 0x11165b670>,<entities.processor.Processor object at 0x111662100>
9.843769999999973,0.42215999999999454,64058,<entities.dtn.DTN object at 0x11165b670>,<entities.processor.Processor object at 0x111662100>
9.944619999999972,0.5229799999999933,64058,<entities.dtn.DTN object at 0x11165b670>,<entities.processor.Processor object at 0x111662100>
9.945469999999972,0.523009999999994,64058,<entities.dtn.DTN object at 0x11165b670>,<entities.processor.Processor object at 0x111662100>
9.946319999999972,0.5238299999999931,64058,<entities.dtn.DTN object at 0x11165b670>,<entities.processor.Processor object at 0x111662100>
9.947169999999971,0.5238599999999938,64058,<entities.dtn.DTN object at 0x11165b670>,<entities.processor.Processor object at 0x111662100>
9.948019999999971,0.5246799999999929,64058,<entities.dtn.DTN object at 0x11165b670>,<entities.processor.Processor object at 0x111662100>
9.948869999999971,0.5247099999999936,64058,<entities.dtn.DTN object at 0x11165b670>,<entities.processor.Processor object at 0x111662100>
9.94971999999997,0.5255299999999927,64058,<entities.dtn.DTN object at 0x11165b670>,<entities.processor.Processor object at 0x111662100>
9.95056999999997,0.5255599999999934,64058,<entities.dtn.DTN object at 0x11165b670>,<entities.processor.Processor object at 0x111662100>
9.95141999999997,0.5263799999999925,64058,<entities.dtn.DTN object at 0x11165b670>,<entities.processor.Processor object at 0x111662100>
10.05226999999997,0.6264099999999928,64058,<entities.dtn.DTN object at 0x11165b670>,<entities.processor.Processor object at 0x111662100>
10.05311999999997,0.627229999999992,64058,<entities.dtn.DTN object at 0x11165b670>,<entities.processor.Processor object at 0x111662100>
10.05396999999997,0.527259999999993,64058,<entities.dtn.DTN object at 0x11165b670>,<entities.processor.Processor object at 0x111662100>
10.05481999999997,0.5280799999999921,64058,<entities.dtn.DTN object at 0x11165b670>,<entities.processor.Processor object at 0x111662100>
10.055669999999969,0.5281099999999928,64058,<entities.dtn.DTN object at 0x11165b670>,<entities.processor.Processor object at 0x111662100>
10.056519999999969,0.5289299999999919,64058,<entities.dtn.DTN object at 0x11165b670>,<entities.processor.Processor object at 0x111662100>
10.057369999999969,0.5289599999999925,64058,<entities.dtn.DTN object at 0x11165b670>,<entities.processor.Processor object at 0x111662100>
10.058219999999968,0.5297799999999917,64058,<entities.dtn.DTN object at 0x11165b670>,<entities.processor.Processor object at 0x111662100>
10.159069999999968,0.629809999999992,64058,<entities.dtn.DTN object at 0x11165b670>,<entities.processor.Processor object at 0x111662100>
10.159919999999968,0.6306299999999911,64058,<entities.dtn.DTN object at 0x11165b670>,<entities.processor.Processor object at 0x111662100>
10.160769999999967,0.6306599999999918,64058,<entities.dtn.DTN object at 0x11165b670>,<entities.processor.Processor object at 0x111662100>
10.161589999999967,0.6314499999999903,64058,<entities.dtn.DTN object at 0x11165b670>,<entities.processor.Processor object at 0x111662100>
10.162439999999966,0.6314799999999909,64058,<entities.dtn.DTN object at 0x11165b670>,<entities.processor.Processor object at 0x111662100>
10.163289999999966,0.6322999999999901,64058,<entities.dtn.DTN object at 0x11165b670>,<entities.processor.Processor object at 0x111662100>
10.164139999999966,0.6323299999999907,64058,<entities.dtn.DTN object at 0x11165b670>,<entities.processor.Processor object at 0x111662100>
10.164989999999966,0.6331499999999899,64058,<entities.dtn.DTN object at 0x11165b670>,<entities.processor.Processor object at 0x111662100>
10.165839999999966,0.6331799999999905,64058,<entities.dtn.DTN object at 0x11165b670>,<entities.processor.Processor object at 0x111662100>
10.166689999999965,0.6339999999999897,64058,<entities.dtn.DTN object at 0x11165b670>,<entities.processor.Processor object at 0x111662100>
10.474339999999962,0.7374299999999891,64058,<entities.dtn.DTN object at 0x11165b670>,<entities.processor.Processor object at 0x111662100>
10.475189999999962,0.7382499999999883,64058,<entities.dtn.DTN object at 0x11165b670>,<entities.processor.Processor object at 0x111662100>
10.476039999999962,0.738279999999989,64058,<entities.dtn.DTN object at 0x11165b670>,<entities.processor.Processor object at 0x111662100>
10.576889999999961,0.8390999999999877,64058,<entities.dtn.DTN object at 0x11165b670>,<entities.processor.Processor object at 0x111662100>
10.577739999999961,0.8391299999999884,64058,<entities.dtn.DTN object at 0x11165b670>,<entities.processor.Processor object at 0x111662100>
10.578719999999961,0.840079999999988,64058,<entities.dtn.DTN object at 0x11165b670>,<entities.processor.Processor object at 0x111662100>
10.579569999999961,0.8401099999999886,64058,<entities.dtn.DTN object at 0x11165b670>,<entities.processor.Processor object at 0x111662100>
10.580419999999961,0.8409299999999877,64058,<entities.dtn.DTN object at 0x11165b670>,<entities.processor.Processor object at 0x111662100>
10.68126999999996,0.8409599999999884,64058,<entities.dtn.DTN object at 0x11165b670>,<entities.processor.Processor object at 0x111662100>
10.68211999999996,0.8417799999999875,64058,<entities.dtn.DTN object at 0x11165b670>,<entities.processor.Processor object at 0x111662100>
10.68296999999996,0.8418099999999882,64058,<entities.dtn.DTN object at 0x11165b670>,<entities.processor.Processor object at 0x111662100>
10.78381999999996,0.942629999999987,64058,<entities.dtn.DTN object at 0x11165b670>,<entities.processor.Processor object at 0x111662100>
10.78469999999996,0.9426899999999883,64058,<entities.dtn.DTN object at 0x11165b670>,<entities.processor.Processor object at 0x111662100>
10.78551999999996,0.9434799999999868,64058,<entities.dtn.DTN object at 0x11165b670>,<entities.processor.Processor object at 0x111662100>
10.786369999999959,0.9435099999999874,64058,<entities.dtn.DTN object at 0x11165b670>,<entities.processor.Processor object at 0x111662100>
10.787219999999959,0.9443299999999866,64058,<entities.dtn.DTN object at 0x11165b670>,<entities.processor.Processor object at 0x111662100>
10.788069999999959,0.9443599999999872,64058,<entities.dtn.DTN object at 0x11165b670>,<entities.processor.Processor object at 0x111662100>
10.788919999999958,0.9451799999999864,64058,<entities.dtn.DTN object at 0x11165b670>,<entities.processor.Processor object at 0x111662100>
10.889769999999958,0.945209999999987,64058,<entities.dtn.DTN object at 0x11165b670>,<entities.processor.Processor object at 0x111662100>
10.890619999999958,0.9460299999999862,64058,<entities.dtn.DTN object at 0x11165b670>,<entities.processor.Processor object at 0x111662100>
10.891469999999957,0.9460599999999868,64058,<entities.dtn.DTN object at 0x11165b670>,<entities.processor.Processor object at 0x111662100>
10.992319999999957,1.0468799999999856,64058,<entities.dtn.DTN object at 0x11165b670>,<entities.processor.Processor object at 0x111662100>
10.993169999999957,1.0469099999999862,64058,<entities.dtn.DTN object at 0x11165b670>,<entities.processor.Processor object at 0x111662100>
10.994019999999956,1.0477299999999854,64058,<entities.dtn.DTN object at 0x11165b670>,<entities.processor.Processor object at 0x111662100>
10.994869999999956,1.047759999999986,64058,<entities.dtn.DTN object at 0x11165b670>,<entities.processor.Processor object at 0x111662100>
10.995719999999956,1.0485799999999852,64058,<entities.dtn.DTN object at 0x11165b670>,<entities.processor.Processor object at 0x111662100>
10.996569999999956,1.0486099999999858,64058,<entities.dtn.DTN object at 0x11165b670>,<entities.processor.Processor object at 0x111662100>
10.997419999999956,1.049429999999985,64058,<entities.dtn.DTN object at 0x11165b670>,<entities.processor.Processor object at 0x111662100>
10.998269999999955,1.0494599999999856,64058,<entities.dtn.DTN object at 0x11165b670>,<entities.processor.Processor object at 0x111662100>
10.999119999999955,1.0502799999999848,64058,<entities.dtn.DTN object at 0x11165b670>,<entities.processor.Processor object at 0x111662100>
10.999969999999955,1.0503099999999854,64058,<entities.dtn.DTN object at 0x11165b670>,<entities.processor.Processor object at 0x111662100>
11.000819999999955,1.0511299999999846,64058,<entities.dtn.DTN object at 0x11165b670>,<entities.processor.Processor object at 0x111662100>
11.101699999999955,1.1511899999999855,64058,<entities.dtn.DTN object at 0x11165b670>,<entities.processor.Processor object at 0x111662100>
11.102519999999954,1.151979999999984,64058,<entities.dtn.DTN object at 0x11165b670>,<entities.processor.Processor object at 0x111662100>
11.103369999999954,1.1520099999999847,64058,<entities.dtn.DTN object at 0x11165b670>,<entities.processor.Processor object at 0x111662100>
11.104219999999954,1.1528299999999838,64058,<entities.dtn.DTN object at 0x11165b670>,<entities.processor.Processor object at 0x111662100>
11.105069999999953,1.0528599999999848,64058,<entities.dtn.DTN object at 0x11165b670>,<entities.processor.Processor object at 0x111662100>
11.105919999999953,1.053679999999984,64058,<entities.dtn.DTN object at 0x11165b670>,<entities.processor.Processor object at 0x111662100>
11.206769999999953,1.1537099999999842,64058,<entities.dtn.DTN object at 0x11165b670>,<entities.processor.Processor object at 0x111662100>
11.207619999999952,1.1545299999999834,64058,<entities.dtn.DTN object at 0x11165b670>,<entities.processor.Processor object at 0x111662100>
11.208469999999952,1.154559999999984,64058,<entities.dtn.DTN object at 0x11165b670>,<entities.processor.Processor object at 0x111662100>
11.209319999999952,1.1553799999999832,64058,<entities.dtn.DTN object at 0x11165b670>,<entities.processor.Processor object at 0x111662100>
11.210169999999952,1.1554099999999838,64058,<entities.dtn.DTN object at 0x11165b670>,<entities.processor.Processor object at 0x111662100>
11.211019999999952,1.156229999999983,64058,<entities.dtn.DTN object at 0x11165b670>,<entities.processor.Processor object at 0x111662100>
11.211869999999951,1.1562599999999836,64058,<entities.dtn.DTN object at 0x11165b670>,<entities.processor.Processor object at 0x111662100>
11.212719999999951,1.1570799999999828,64058,<entities.dtn.DTN object at 0x11165b670>,<entities.processor.Processor object at 0x111662100>
11.213569999999951,1.1571099999999834,64058,<entities.dtn.DTN object at 0x11165b670>,<entities.processor.Processor object at 0x111662100>
11.21441999999995,1.1579299999999826,64058,<entities.dtn.DTN object at 0x11165b670>,<entities.processor.Processor object at 0x111662100>
11.21526999999995,1.1579599999999832,64058,<entities.dtn.DTN object at 0x11165b670>,<entities.processor.Processor object at 0x111662100>
11.31611999999995,1.258779999999982,64058,<entities.dtn.DTN object at 0x11165b670>,<entities.processor.Processor object at 0x111662100>
11.31696999999995,1.2588099999999827,64058,<entities.dtn.DTN object at 0x11165b670>,<entities.processor.Processor object at 0x111662100>
11.31781999999995,1.2596299999999818,64058,<entities.dtn.DTN object at 0x11165b670>,<entities.processor.Processor object at 0x111662100>
11.31869999999995,1.1596899999999835,64058,<entities.dtn.DTN object at 0x11165b670>,<entities.processor.Processor object at 0x111662100>
11.419519999999949,1.2604799999999816,64058,<entities.dtn.DTN object at 0x11165b670>,<entities.processor.Processor object at 0x111662100>
11.420369999999949,1.2605099999999823,64058,<entities.dtn.DTN object at 0x11165b670>,<entities.processor.Processor object at 0x111662100>
11.421219999999948,1.2613299999999814,64058,<entities.dtn.DTN object at 0x11165b670>,<entities.processor.Processor object at 0x111662100>
11.422069999999948,1.261359999999982,64058,<entities.dtn.DTN object at 0x11165b670>,<entities.processor.Processor object at 0x111662100>
11.422919999999948,1.2621799999999812,64058,<entities.dtn.DTN object at 0x11165b670>,<entities.processor.Processor object at 0x111662100>
11.423769999999948,1.2622099999999818,64058,<entities.dtn.DTN object at 0x11165b670>,<entities.processor.Processor object at 0x111662100>
11.424619999999948,1.2622099999999818,64058,<entities.dtn.DTN object at 0x11165b670>,<entities.processor.Processor object at 0x111662100>
11.425449999999946,1.2621899999999808,64058,<entities.dtn.DTN object at 0x11165b670>,<entities.processor.Processor object at 0x111662100>
11.426289999999947,1.2621799999999812,64058,<entities.dtn.DTN object at 0x11165b670>,<entities.processor.Processor object at 0x111662100>
11.427139999999946,1.2621799999999812,64058,<entities.dtn.DTN object at 0x11165b670>,<entities.processor.Processor object at 0x111662100>
11.427989999999946,1.2621799999999812,64058,<entities.dtn.DTN object at 0x11165b670>,<entities.processor.Processor object at 0x111662100>
11.528839999999946,1.3621799999999809,64058,<entities.dtn.DTN object at 0x11165b670>,<entities.processor.Processor object at 0x111662100>
11.94328999999994,1.4689799999999789,64058,<entities.dtn.DTN object at 0x11165b670>,<entities.processor.Processor object at 0x111662100>
11.94413999999994,1.4689799999999789,64058,<entities.dtn.DTN object at 0x11165b670>,<entities.processor.Processor object at 0x111662100>
11.94498999999994,1.4689799999999789,64058,<entities.dtn.DTN object at 0x11165b670>,<entities.processor.Processor object at 0x111662100>
12.04583999999994,1.4689799999999789,64058,<entities.dtn.DTN object at 0x11165b670>,<entities.processor.Processor object at 0x111662100>
12.04668999999994,1.4689799999999789,64058,<entities.dtn.DTN object at 0x11165b670>,<entities.processor.Processor object at 0x111662100>
12.148389999999939,1.569699999999978,64058,<entities.dtn.DTN object at 0x11165b670>,<entities.processor.Processor object at 0x111662100>
12.149239999999939,1.569699999999978,64058,<entities.dtn.DTN object at 0x11165b670>,<entities.processor.Processor object at 0x111662100>
12.150089999999938,1.569699999999978,64058,<entities.dtn.DTN object at 0x11165b670>,<entities.processor.Processor object at 0x111662100>
12.250939999999938,1.569699999999978,64058,<entities.dtn.DTN object at 0x11165b670>,<entities.processor.Processor object at 0x111662100>
12.251789999999938,1.569699999999978,64058,<entities.dtn.DTN object at 0x11165b670>,<entities.processor.Processor object at 0x111662100>
12.252639999999937,1.569699999999978,64058,<entities.dtn.DTN object at 0x11165b670>,<entities.processor.Processor object at 0x111662100>
12.253489999999937,1.4696999999999782,64058,<entities.dtn.DTN object at 0x11165b670>,<entities.processor.Processor object at 0x111662100>
12.254339999999937,1.4696999999999782,64058,<entities.dtn.DTN object at 0x11165b670>,<entities.processor.Processor object at 0x111662100>
12.355189999999936,1.570519999999977,64058,<entities.dtn.DTN object at 0x11165b670>,<entities.processor.Processor object at 0x111662100>
12.356039999999936,1.5705499999999777,64058,<entities.dtn.DTN object at 0x11165b670>,<entities.processor.Processor object at 0x111662100>
12.356889999999936,1.5705499999999777,64058,<entities.dtn.DTN object at 0x11165b670>,<entities.processor.Processor object at 0x111662100>
12.357739999999936,1.5705499999999777,64058,<entities.dtn.DTN object at 0x11165b670>,<entities.processor.Processor object at 0x111662100>
12.358589999999936,1.5705499999999777,64058,<entities.dtn.DTN object at 0x11165b670>,<entities.processor.Processor object at 0x111662100>
12.359439999999935,1.5705499999999777,64058,<entities.dtn.DTN object at 0x11165b670>,<entities.processor.Processor object at 0x111662100>
12.360289999999935,1.470549999999978,64058,<entities.dtn.DTN object at 0x11165b670>,<entities.processor.Processor object at 0x111662100>
12.461139999999935,1.5705499999999777,64058,<entities.dtn.DTN object at 0x11165b670>,<entities.processor.Processor object at 0x111662100>
12.461989999999934,1.5705499999999777,64058,<entities.dtn.DTN object at 0x11165b670>,<entities.processor.Processor object at 0x111662100>
12.462839999999934,1.470549999999978,64058,<entities.dtn.DTN object at 0x11165b670>,<entities.processor.Processor object at 0x111662100>
12.463689999999934,1.470549999999978,64058,<entities.dtn.DTN object at 0x11165b670>,<entities.processor.Processor object at 0x111662100>
12.464539999999934,1.470549999999978,64058,<entities.dtn.DTN object at 0x11165b670>,<entities.processor.Processor object at 0x111662100>
12.465389999999934,1.470549999999978,64058,<entities.dtn.DTN object at 0x11165b670>,<entities.processor.Processor object at 0x111662100>
12.466239999999933,1.470549999999978,64058,<entities.dtn.DTN object at 0x11165b670>,<entities.processor.Processor object at 0x111662100>
12.467089999999933,1.470549999999978,64058,<entities.dtn.DTN object at 0x11165b670>,<entities.processor.Processor object at 0x111662100>
12.467939999999933,1.470549999999978,64058,<entities.dtn.DTN object at 0x11165b670>,<entities.processor.Processor object at 0x111662100>
12.468789999999933,1.470549999999978,64058,<entities.dtn.DTN object at 0x11165b670>,<entities.processor.Processor object at 0x111662100>
12.469639999999933,1.470549999999978,64058,<entities.dtn.DTN object at 0x11165b670>,<entities.processor.Processor object at 0x111662100>
12.570489999999932,1.5705499999999777,64058,<entities.dtn.DTN object at 0x11165b670>,<entities.processor.Processor object at 0x111662100>
12.571339999999932,1.5705499999999777,64058,<entities.dtn.DTN object at 0x11165b670>,<entities.processor.Processor object at 0x111662100>
12.572189999999932,1.470549999999978,64058,<entities.dtn.DTN object at 0x11165b670>,<entities.processor.Processor object at 0x111662100>
12.573039999999931,1.4713699999999772,64058,<entities.dtn.DTN object at 0x11165b670>,<entities.processor.Processor object at 0x111662100>
12.573889999999931,1.4713999999999778,64058,<entities.dtn.DTN object at 0x11165b670>,<entities.processor.Processor object at 0x111662100>
12.574739999999931,1.4713999999999778,64058,<entities.dtn.DTN object at 0x11165b670>,<entities.processor.Processor object at 0x111662100>
12.57558999999993,1.4713999999999778,64058,<entities.dtn.DTN object at 0x11165b670>,<entities.processor.Processor object at 0x111662100>
12.57643999999993,1.4713999999999778,64058,<entities.dtn.DTN object at 0x11165b670>,<entities.processor.Processor object at 0x111662100>
12.57728999999993,1.4713999999999778,64058,<entities.dtn.DTN object at 0x11165b670>,<entities.processor.Processor object at 0x111662100>
12.67813999999993,1.4713999999999778,64058,<entities.dtn.DTN object at 0x11165b670>,<entities.processor.Processor object at 0x111662100>
12.67898999999993,1.4713999999999778,64058,<entities.dtn.DTN object at 0x11165b670>,<entities.processor.Processor object at 0x111662100>
12.67983999999993,1.4713999999999778,64058,<entities.dtn.DTN object at 0x11165b670>,<entities.processor.Processor object at 0x111662100>
12.68068999999993,1.4713999999999778,64058,<entities.dtn.DTN object at 0x11165b670>,<entities.processor.Processor object at 0x111662100>
12.681539999999929,1.4713999999999778,64058,<entities.dtn.DTN object at 0x11165b670>,<entities.processor.Processor object at 0x111662100>
12.682389999999929,1.4713999999999778,64058,<entities.dtn.DTN object at 0x11165b670>,<entities.processor.Processor object at 0x111662100>
12.683239999999929,1.4713999999999778,64058,<entities.dtn.DTN object at 0x11165b670>,<entities.processor.Processor object at 0x111662100>
12.684089999999928,1.4713999999999778,64058,<entities.dtn.DTN object at 0x11165b670>,<entities.processor.Processor object at 0x111662100>
12.684939999999928,1.4713999999999778,64058,<entities.dtn.DTN object at 0x11165b670>,<entities.processor.Processor object at 0x111662100>
12.785789999999928,1.5713999999999775,64058,<entities.dtn.DTN object at 0x11165b670>,<entities.processor.Processor object at 0x111662100>
12.786639999999927,1.5713999999999775,64058,<entities.dtn.DTN object at 0x11165b670>,<entities.processor.Processor object at 0x111662100>
12.787489999999927,1.4713999999999778,64058,<entities.dtn.DTN object at 0x11165b670>,<entities.processor.Processor object at 0x111662100>
12.788339999999927,1.4713999999999778,64058,<entities.dtn.DTN object at 0x11165b670>,<entities.processor.Processor object at 0x111662100>
12.789189999999927,1.4713999999999778,64058,<entities.dtn.DTN object at 0x11165b670>,<entities.processor.Processor object at 0x111662100>
12.790039999999927,1.4713999999999778,64058,<entities.dtn.DTN object at 0x11165b670>,<entities.processor.Processor object at 0x111662100>
12.790889999999926,1.472219999999977,64058,<entities.dtn.DTN object at 0x11165b670>,<entities.processor.Processor object at 0x111662100>
12.791739999999926,1.372249999999978,64058,<entities.dtn.DTN object at 0x11165b670>,<entities.processor.Processor object at 0x111662100>
12.792589999999926,1.372249999999978,64058,<entities.dtn.DTN object at 0x11165b670>,<entities.processor.Processor object at 0x111662100>
12.793439999999926,1.372249999999978,64058,<entities.dtn.DTN object at 0x11165b670>,<entities.processor.Processor object at 0x111662100>
12.894289999999925,1.4722499999999776,64058,<entities.dtn.DTN object at 0x11165b670>,<entities.processor.Processor object at 0x111662100>
12.895139999999925,1.4722499999999776,64058,<entities.dtn.DTN object at 0x11165b670>,<entities.processor.Processor object at 0x111662100>
12.895989999999925,1.4722499999999776,64058,<entities.dtn.DTN object at 0x11165b670>,<entities.processor.Processor object at 0x111662100>
12.896839999999925,1.4722499999999776,64058,<entities.dtn.DTN object at 0x11165b670>,<entities.processor.Processor object at 0x111662100>
12.897189999999924,1.471749999999977,64058,<entities.dtn.DTN object at 0x11165b670>,<entities.processor.Processor object at 0x111662100>
9.108069999999984,0.10444000000000031,27193,<entities.dtn.DTN object at 0x11165b670>,<entities.processor.Processor object at 0x111662940>
9.316569999999981,0.20855999999999852,27193,<entities.dtn.DTN object at 0x11165b670>,<entities.processor.Processor object at 0x111662940>
9.31741999999998,0.20937999999999768,27193,<entities.dtn.DTN object at 0x11165b670>,<entities.processor.Processor object at 0x111662940>
9.633569999999976,0.3170599999999961,27193,<entities.dtn.DTN object at 0x11165b670>,<entities.processor.Processor object at 0x111662940>
9.634419999999976,0.3178799999999953,27193,<entities.dtn.DTN object at 0x11165b670>,<entities.processor.Processor object at 0x111662940>
9.735269999999975,0.41790999999999556,27193,<entities.dtn.DTN object at 0x11165b670>,<entities.processor.Processor object at 0x111662940>
9.736119999999975,0.4187299999999947,27193,<entities.dtn.DTN object at 0x11165b670>,<entities.processor.Processor object at 0x111662940>
10.267569999999965,0.634059999999991,27193,<entities.dtn.DTN object at 0x11165b670>,<entities.processor.Processor object at 0x111662940>
10.268419999999965,0.6348799999999901,27193,<entities.dtn.DTN object at 0x11165b670>,<entities.processor.Processor object at 0x111662940>
10.269269999999965,0.6349099999999908,27193,<entities.dtn.DTN object at 0x11165b670>,<entities.processor.Processor object at 0x111662940>
10.370119999999964,0.7357299999999896,27193,<entities.dtn.DTN object at 0x11165b670>,<entities.processor.Processor object at 0x111662940>
10.470969999999964,0.7357599999999902,27193,<entities.dtn.DTN object at 0x11165b670>,<entities.processor.Processor object at 0x111662940>
10.471819999999964,0.7365799999999894,27193,<entities.dtn.DTN object at 0x11165b670>,<entities.processor.Processor object at 0x111662940>
10.472669999999964,0.73660999999999,27193,<entities.dtn.DTN object at 0x11165b670>,<entities.processor.Processor object at 0x111662940>
10.473519999999963,0.7374299999999891,27193,<entities.dtn.DTN object at 0x11165b670>,<entities.processor.Processor object at 0x111662940>
11.529719999999946,1.2622099999999818,27193,<entities.dtn.DTN object at 0x11165b670>,<entities.processor.Processor object at 0x111662940>
11.530569999999946,1.263029999999981,27193,<entities.dtn.DTN object at 0x11165b670>,<entities.processor.Processor object at 0x111662940>
11.531419999999946,1.2630599999999816,27193,<entities.dtn.DTN object at 0x11165b670>,<entities.processor.Processor object at 0x111662940>
11.532269999999945,1.2638799999999808,27193,<entities.dtn.DTN object at 0x11165b670>,<entities.processor.Processor object at 0x111662940>
11.533119999999945,1.2639099999999814,27193,<entities.dtn.DTN object at 0x11165b670>,<entities.processor.Processor object at 0x111662940>
11.533969999999945,1.2647299999999806,27193,<entities.dtn.DTN object at 0x11165b670>,<entities.processor.Processor object at 0x111662940>
11.734819999999944,1.3647599999999809,27193,<entities.dtn.DTN object at 0x11165b670>,<entities.processor.Processor object at 0x111662940>
11.735669999999944,1.36557999999998,27193,<entities.dtn.DTN object at 0x11165b670>,<entities.processor.Processor object at 0x111662940>
11.836519999999943,1.3656099999999807,27193,<entities.dtn.DTN object at 0x11165b670>,<entities.processor.Processor object at 0x111662940>
11.837369999999943,1.3664299999999798,27193,<entities.dtn.DTN object at 0x11165b670>,<entities.processor.Processor object at 0x111662940>
11.838219999999943,1.3664599999999805,27193,<entities.dtn.DTN object at 0x11165b670>,<entities.processor.Processor object at 0x111662940>
11.839069999999943,1.3672799999999796,27193,<entities.dtn.DTN object at 0x11165b670>,<entities.processor.Processor object at 0x111662940>
11.839919999999942,1.3673099999999803,27193,<entities.dtn.DTN object at 0x11165b670>,<entities.processor.Processor object at 0x111662940>
11.840769999999942,1.3681299999999794,27193,<entities.dtn.DTN object at 0x11165b670>,<entities.processor.Processor object at 0x111662940>
11.941619999999942,1.4681599999999797,27193,<entities.dtn.DTN object at 0x11165b670>,<entities.processor.Processor object at 0x111662940>
11.942469999999942,1.4689799999999789,27193,<entities.dtn.DTN object at 0x11165b670>,<entities.processor.Processor object at 0x111662940>
12.899769999999924,1.3700799999999784,27193,<entities.dtn.DTN object at 0x11165b670>,<entities.processor.Processor object at 0x111662940>
12.900619999999924,1.3700799999999784,27193,<entities.dtn.DTN object at 0x11165b670>,<entities.processor.Processor object at 0x111662940>
13.001469999999923,1.470079999999978,27193,<entities.dtn.DTN object at 0x11165b670>,<entities.processor.Processor object at 0x111662940>
13.002319999999923,1.470079999999978,27193,<entities.dtn.DTN object at 0x11165b670>,<entities.processor.Processor object at 0x111662940>
13.003169999999923,1.470079999999978,27193,<entities.dtn.DTN object at 0x11165b670>,<entities.processor.Processor object at 0x111662940>
13.004019999999922,1.470079999999978,27193,<entities.dtn.DTN object at 0x11165b670>,<entities.processor.Processor object at 0x111662940>
13.005719999999922,1.2709299999999786,27193,<entities.dtn.DTN object at 0x11165b670>,<entities.processor.Processor object at 0x111662940>
13.006569999999922,1.2709299999999786,27193,<entities.dtn.DTN object at 0x11165b670>,<entities.processor.Processor object at 0x111662940>
13.007419999999922,1.170929999999979,27193,<entities.dtn.DTN object at 0x11165b670>,<entities.processor.Processor object at 0x111662940>
13.008269999999921,1.170929999999979,27193,<entities.dtn.DTN object at 0x11165b670>,<entities.processor.Processor object at 0x111662940>
13.009119999999921,1.170929999999979,27193,<entities.dtn.DTN object at 0x11165b670>,<entities.processor.Processor object at 0x111662940>
13.009969999999921,1.170929999999979,27193,<entities.dtn.DTN object at 0x11165b670>,<entities.processor.Processor object at 0x111662940>
13.11081999999992,1.2709299999999786,27193,<entities.dtn.DTN object at 0x11165b670>,<entities.processor.Processor object at 0x111662940>
13.11166999999992,1.2709299999999786,27193,<entities.dtn.DTN object at 0x11165b670>,<entities.processor.Processor object at 0x111662940>
13.11251999999992,1.170929999999979,27193,<entities.dtn.DTN object at 0x11165b670>,<entities.processor.Processor object at 0x111662940>
13.11336999999992,1.170929999999979,27193,<entities.dtn.DTN object at 0x11165b670>,<entities.processor.Processor object at 0x111662940>
13.215919999999919,0.3161799999999957,27193,<entities.dtn.DTN object at 0x11165b670>,<entities.processor.Processor object at 0x111662940>
13.216769999999919,0.3161799999999957,27193,<entities.dtn.DTN object at 0x11165b670>,<entities.processor.Processor object at 0x111662940>
13.217619999999918,0.21617999999999604,27193,<entities.dtn.DTN object at 0x11165b670>,<entities.processor.Processor object at 0x111662940>
13.218469999999918,0.21617999999999604,27193,<entities.dtn.DTN object at 0x11165b670>,<entities.processor.Processor object at 0x111662940>
13.219319999999918,0.21617999999999604,27193,<entities.dtn.DTN object at 0x11165b670>,<entities.processor.Processor object at 0x111662940>
13.220169999999918,0.21617999999999604,27193,<entities.dtn.DTN object at 0x11165b670>,<entities.processor.Processor object at 0x111662940>
13.321019999999917,0.3153299999999959,27193,<entities.dtn.DTN object at 0x11165b670>,<entities.processor.Processor object at 0x111662940>
13.321869999999917,0.3153299999999959,27193,<entities.dtn.DTN object at 0x11165b670>,<entities.processor.Processor object at 0x111662940>
13.322719999999917,0.3153299999999959,27193,<entities.dtn.DTN object at 0x11165b670>,<entities.processor.Processor object at 0x111662940>
13.323569999999917,0.3153299999999959,27193,<entities.dtn.DTN object at 0x11165b670>,<entities.processor.Processor object at 0x111662940>
13.324419999999916,0.3153299999999959,27193,<entities.dtn.DTN object at 0x11165b670>,<entities.processor.Processor object at 0x111662940>
13.325269999999916,0.3153299999999959,27193,<entities.dtn.DTN object at 0x11165b670>,<entities.processor.Processor object at 0x111662940>
13.326119999999916,0.21532999999999625,27193,<entities.dtn.DTN object at 0x11165b670>,<entities.processor.Processor object at 0x111662940>
13.326969999999916,0.21532999999999625,27193,<entities.dtn.DTN object at 0x11165b670>,<entities.processor.Processor object at 0x111662940>
13.327819999999916,0.21532999999999625,27193,<entities.dtn.DTN object at 0x11165b670>,<entities.processor.Processor object at 0x111662940>
13.328669999999915,0.21532999999999625,27193,<entities.dtn.DTN object at 0x11165b670>,<entities.processor.Processor object at 0x111662940>
13.531219999999914,0.3153299999999959,27193,<entities.dtn.DTN object at 0x11165b670>,<entities.processor.Processor object at 0x111662940>
13.532069999999914,0.3153299999999959,27193,<entities.dtn.DTN object at 0x11165b670>,<entities.processor.Processor object at 0x111662940>
13.532919999999914,0.3153299999999959,27193,<entities.dtn.DTN object at 0x11165b670>,<entities.processor.Processor object at 0x111662940>
13.533769999999913,0.3153299999999959,27193,<entities.dtn.DTN object at 0x11165b670>,<entities.processor.Processor object at 0x111662940>
13.534619999999913,0.3153299999999959,27193,<entities.dtn.DTN object at 0x11165b670>,<entities.processor.Processor object at 0x111662940>
13.535469999999913,0.3153299999999959,27193,<entities.dtn.DTN object at 0x11165b670>,<entities.processor.Processor object at 0x111662940>
13.636319999999913,0.3153299999999959,27193,<entities.dtn.DTN object at 0x11165b670>,<entities.processor.Processor object at 0x111662940>
13.637169999999912,0.3153299999999959,27193,<entities.dtn.DTN object at 0x11165b670>,<entities.processor.Processor object at 0x111662940>
13.638019999999912,0.3153299999999959,27193,<entities.dtn.DTN object at 0x11165b670>,<entities.processor.Processor object at 0x111662940>
13.638869999999912,0.3153299999999959,27193,<entities.dtn.DTN object at 0x11165b670>,<entities.processor.Processor object at 0x111662940>
13.639719999999912,0.3153299999999959,27193,<entities.dtn.DTN object at 0x11165b670>,<entities.processor.Processor object at 0x111662940>
13.640569999999911,0.3153299999999959,27193,<entities.dtn.DTN object at 0x11165b670>,<entities.processor.Processor object at 0x111662940>
13.641419999999911,0.3153299999999959,27193,<entities.dtn.DTN object at 0x11165b670>,<entities.processor.Processor object at 0x111662940>
13.642269999999911,0.3153299999999959,27193,<entities.dtn.DTN object at 0x11165b670>,<entities.processor.Processor object at 0x111662940>
13.64311999999991,0.3153299999999959,27193,<entities.dtn.DTN object at 0x11165b670>,<entities.processor.Processor object at 0x111662940>
13.74396999999991,0.41532999999999554,27193,<entities.dtn.DTN object at 0x11165b670>,<entities.processor.Processor object at 0x111662940>
13.74651999999991,0.21532999999999625,27193,<entities.dtn.DTN object at 0x11165b670>,<entities.processor.Processor object at 0x111662940>
13.74736999999991,0.21532999999999625,27193,<entities.dtn.DTN object at 0x11165b670>,<entities.processor.Processor object at 0x111662940>
13.74821999999991,0.21532999999999625,27193,<entities.dtn.DTN object at 0x11165b670>,<entities.processor.Processor object at 0x111662940>
13.749069999999909,0.21532999999999625,27193,<entities.dtn.DTN object at 0x11165b670>,<entities.processor.Processor object at 0x111662940>
13.849919999999909,0.3153299999999959,27193,<entities.dtn.DTN object at 0x11165b670>,<entities.processor.Processor object at 0x111662940>
13.850769999999908,0.3153299999999959,27193,<entities.dtn.DTN object at 0x11165b670>,<entities.processor.Processor object at 0x111662940>
13.851619999999908,0.21532999999999625,27193,<entities.dtn.DTN object at 0x11165b670>,<entities.processor.Processor object at 0x111662940>
13.852469999999908,0.21532999999999625,27193,<entities.dtn.DTN object at 0x11165b670>,<entities.processor.Processor object at 0x111662940>
13.853319999999908,0.21532999999999625,27193,<entities.dtn.DTN object at 0x11165b670>,<entities.processor.Processor object at 0x111662940>
13.854169999999908,0.21532999999999625,27193,<entities.dtn.DTN object at 0x11165b670>,<entities.processor.Processor object at 0x111662940>
13.855019999999907,0.21532999999999625,27193,<entities.dtn.DTN object at 0x11165b670>,<entities.processor.Processor object at 0x111662940>
13.855869999999907,0.21532999999999625,27193,<entities.dtn.DTN object at 0x11165b670>,<entities.processor.Processor object at 0x111662940>
13.956719999999907,0.3153299999999959,27193,<entities.dtn.DTN object at 0x11165b670>,<entities.processor.Processor object at 0x111662940>
13.957569999999906,0.3153299999999959,27193,<entities.dtn.DTN object at 0x11165b670>,<entities.processor.Processor object at 0x111662940>
13.958419999999906,0.3153299999999959,27193,<entities.dtn.DTN object at 0x11165b670>,<entities.processor.Processor object at 0x111662940>
13.959269999999906,0.21532999999999625,27193,<entities.dtn.DTN object at 0x11165b670>,<entities.processor.Processor object at 0x111662940>
13.961819999999905,0.21532999999999625,27193,<entities.dtn.DTN object at 0x11165b670>,<entities.processor.Processor object at 0x111662940>
13.962669999999905,0.21532999999999625,27193,<entities.dtn.DTN object at 0x11165b670>,<entities.processor.Processor object at 0x111662940>
14.063519999999905,0.3153299999999959,27193,<entities.dtn.DTN object at 0x11165b670>,<entities.processor.Processor object at 0x111662940>
14.064369999999904,0.3153299999999959,27193,<entities.dtn.DTN object at 0x11165b670>,<entities.processor.Processor object at 0x111662940>
14.065219999999904,0.21532999999999625,27193,<entities.dtn.DTN object at 0x11165b670>,<entities.processor.Processor object at 0x111662940>
14.066069999999904,0.21532999999999625,27193,<entities.dtn.DTN object at 0x11165b670>,<entities.processor.Processor object at 0x111662940>
14.066919999999904,0.21532999999999625,27193,<entities.dtn.DTN object at 0x11165b670>,<entities.processor.Processor object at 0x111662940>
14.067769999999904,0.21532999999999625,27193,<entities.dtn.DTN object at 0x11165b670>,<entities.processor.Processor object at 0x111662940>
14.068619999999903,0.21532999999999625,27193,<entities.dtn.DTN object at 0x11165b670>,<entities.processor.Processor object at 0x111662940>
14.169469999999903,0.3153299999999959,27193,<entities.dtn.DTN object at 0x11165b670>,<entities.processor.Processor object at 0x111662940>
14.170319999999903,0.3153299999999959,27193,<entities.dtn.DTN object at 0x11165b670>,<entities.processor.Processor object at 0x111662940>
14.171169999999902,0.3153299999999959,27193,<entities.dtn.DTN object at 0x11165b670>,<entities.processor.Processor object at 0x111662940>
14.172019999999902,0.21532999999999625,27193,<entities.dtn.DTN object at 0x11165b670>,<entities.processor.Processor object at 0x111662940>
14.172869999999902,0.21532999999999625,27193,<entities.dtn.DTN object at 0x11165b670>,<entities.processor.Processor object at 0x111662940>
14.173719999999902,0.21532999999999625,27193,<entities.dtn.DTN object at 0x11165b670>,<entities.processor.Processor object at 0x111662940>
14.274569999999901,0.3153299999999959,27193,<entities.dtn.DTN object at 0x11165b670>,<entities.processor.Processor object at 0x111662940>
14.2771199999999,0.3153299999999959,27193,<entities.dtn.DTN object at 0x11165b670>,<entities.processor.Processor object at 0x111662940>
14.2779699999999,0.3153299999999959,27193,<entities.dtn.DTN object at 0x11165b670>,<entities.processor.Processor object at 0x111662940>
14.2788199999999,0.21532999999999625,27193,<entities.dtn.DTN object at 0x11165b670>,<entities.processor.Processor object at 0x111662940>
14.2796699999999,0.21532999999999625,27193,<entities.dtn.DTN object at 0x11165b670>,<entities.processor.Processor object at 0x111662940>
14.2805199999999,0.21532999999999625,27193,<entities.dtn.DTN object at 0x11165b670>,<entities.processor.Processor object at 0x111662940>
14.2813699999999,0.21532999999999625,27193,<entities.dtn.DTN object at 0x11165b670>,<entities.processor.Processor object at 0x111662940>
14.382219999999899,0.3153299999999959,27193,<entities.dtn.DTN object at 0x11165b670>,<entities.processor.Processor object at 0x111662940>
14.383069999999899,0.3153299999999959,27193,<entities.dtn.DTN object at 0x11165b670>,<entities.processor.Processor object at 0x111662940>
14.383919999999899,0.3153299999999959,27193,<entities.dtn.DTN object at 0x11165b670>,<entities.processor.Processor object at 0x111662940>
14.484769999999898,0.3153299999999959,27193,<entities.dtn.DTN object at 0x11165b670>,<entities.processor.Processor object at 0x111662940>
14.485619999999898,0.3153299999999959,27193,<entities.dtn.DTN object at 0x11165b670>,<entities.processor.Processor object at 0x111662940>
14.486469999999898,0.3153299999999959,27193,<entities.dtn.DTN object at 0x11165b670>,<entities.processor.Processor object at 0x111662940>
14.487319999999897,0.3153299999999959,27193,<entities.dtn.DTN object at 0x11165b670>,<entities.processor.Processor object at 0x111662940>
14.488169999999897,0.3153299999999959,27193,<entities.dtn.DTN object at 0x11165b670>,<entities.processor.Processor object at 0x111662940>
14.489019999999897,0.3153299999999959,27193,<entities.dtn.DTN object at 0x11165b670>,<entities.processor.Processor object at 0x111662940>
14.589869999999896,0.3153299999999959,27193,<entities.dtn.DTN object at 0x11165b670>,<entities.processor.Processor object at 0x111662940>
14.592419999999896,0.3153299999999959,27193,<entities.dtn.DTN object at 0x11165b670>,<entities.processor.Processor object at 0x111662940>
14.593269999999896,0.3153299999999959,27193,<entities.dtn.DTN object at 0x11165b670>,<entities.processor.Processor object at 0x111662940>
14.594119999999895,0.3153299999999959,27193,<entities.dtn.DTN object at 0x11165b670>,<entities.processor.Processor object at 0x111662940>
14.594969999999895,0.3153299999999959,27193,<entities.dtn.DTN object at 0x11165b670>,<entities.processor.Processor object at 0x111662940>
14.595819999999895,0.3153299999999959,27193,<entities.dtn.DTN object at 0x11165b670>,<entities.processor.Processor object at 0x111662940>
14.596669999999895,0.3153299999999959,27193,<entities.dtn.DTN object at 0x11165b670>,<entities.processor.Processor object at 0x111662940>
14.697519999999894,0.3153299999999959,27193,<entities.dtn.DTN object at 0x11165b670>,<entities.processor.Processor object at 0x111662940>
14.698369999999894,0.3153299999999959,27193,<entities.dtn.DTN object at 0x11165b670>,<entities.processor.Processor object at 0x111662940>
14.699219999999894,0.3153299999999959,27193,<entities.dtn.DTN object at 0x11165b670>,<entities.processor.Processor object at 0x111662940>
14.700069999999894,0.21532999999999625,27193,<entities.dtn.DTN object at 0x11165b670>,<entities.processor.Processor object at 0x111662940>
14.700919999999893,0.21532999999999625,27193,<entities.dtn.DTN object at 0x11165b670>,<entities.processor.Processor object at 0x111662940>
14.801769999999893,0.3153299999999959,27193,<entities.dtn.DTN object at 0x11165b670>,<entities.processor.Processor object at 0x111662940>
14.802619999999893,0.3153299999999959,27193,<entities.dtn.DTN object at 0x11165b670>,<entities.processor.Processor object at 0x111662940>
14.803469999999892,0.3153299999999959,27193,<entities.dtn.DTN object at 0x11165b670>,<entities.processor.Processor object at 0x111662940>
14.804319999999892,0.3153299999999959,27193,<entities.dtn.DTN object at 0x11165b670>,<entities.processor.Processor object at 0x111662940>
14.805169999999892,0.21532999999999625,27193,<entities.dtn.DTN object at 0x11165b670>,<entities.processor.Processor object at 0x111662940>
14.907719999999891,0.3153299999999959,27193,<entities.dtn.DTN object at 0x11165b670>,<entities.processor.Processor object at 0x111662940>
14.90856999999989,0.3153299999999959,27193,<entities.dtn.DTN object at 0x11165b670>,<entities.processor.Processor object at 0x111662940>
14.90941999999989,0.3153299999999959,27193,<entities.dtn.DTN object at 0x11165b670>,<entities.processor.Processor object at 0x111662940>
14.91026999999989,0.3153299999999959,27193,<entities.dtn.DTN object at 0x11165b670>,<entities.processor.Processor object at 0x111662940>
14.91111999999989,0.3153299999999959,27193,<entities.dtn.DTN object at 0x11165b670>,<entities.processor.Processor object at 0x111662940>
14.91196999999989,0.3153299999999959,27193,<entities.dtn.DTN object at 0x11165b670>,<entities.processor.Processor object at 0x111662940>
15.01281999999989,0.3153299999999959,27193,<entities.dtn.DTN object at 0x11165b670>,<entities.processor.Processor object at 0x111662940>
15.01366999999989,0.3153299999999959,27193,<entities.dtn.DTN object at 0x11165b670>,<entities.processor.Processor object at 0x111662940>
15.014519999999889,0.3153299999999959,27193,<entities.dtn.DTN object at 0x11165b670>,<entities.processor.Processor object at 0x111662940>
15.015369999999889,0.3153299999999959,27193,<entities.dtn.DTN object at 0x11165b670>,<entities.processor.Processor object at 0x111662940>
15.016219999999889,0.3153299999999959,27193,<entities.dtn.DTN object at 0x11165b670>,<entities.processor.Processor object at 0x111662940>
15.117069999999888,0.3153299999999959,27193,<entities.dtn.DTN object at 0x11165b670>,<entities.processor.Processor object at 0x111662940>
15.117919999999888,0.3153299999999959,27193,<entities.dtn.DTN object at 0x11165b670>,<entities.processor.Processor object at 0x111662940>
15.118769999999888,0.3153299999999959,27193,<entities.dtn.DTN object at 0x11165b670>,<entities.processor.Processor object at 0x111662940>
15.119619999999887,0.3153299999999959,27193,<entities.dtn.DTN object at 0x11165b670>,<entities.processor.Processor object at 0x111662940>
15.120469999999887,0.3153299999999959,27193,<entities.dtn.DTN object at 0x11165b670>,<entities.processor.Processor object at 0x111662940>
15.123019999999887,0.21532999999999625,27193,<entities.dtn.DTN object at 0x11165b670>,<entities.processor.Processor object at 0x111662940>
15.123869999999886,0.21532999999999625,27193,<entities.dtn.DTN object at 0x11165b670>,<entities.processor.Processor object at 0x111662940>
15.224719999999886,0.3153299999999959,27193,<entities.dtn.DTN object at 0x11165b670>,<entities.processor.Processor object at 0x111662940>
15.225569999999886,0.3153299999999959,27193,<entities.dtn.DTN object at 0x11165b670>,<entities.processor.Processor object at 0x111662940>
15.226419999999885,0.3153299999999959,27193,<entities.dtn.DTN object at 0x11165b670>,<entities.processor.Processor object at 0x111662940>
15.227269999999885,0.3153299999999959,27193,<entities.dtn.DTN object at 0x11165b670>,<entities.processor.Processor object at 0x111662940>
15.328119999999885,0.3153299999999959,27193,<entities.dtn.DTN object at 0x11165b670>,<entities.processor.Processor object at 0x111662940>
15.328969999999885,0.3153299999999959,27193,<entities.dtn.DTN object at 0x11165b670>,<entities.processor.Processor object at 0x111662940>
15.329819999999884,0.3153299999999959,27193,<entities.dtn.DTN object at 0x11165b670>,<entities.processor.Processor object at 0x111662940>
15.330669999999884,0.3153299999999959,27193,<entities.dtn.DTN object at 0x11165b670>,<entities.processor.Processor object at 0x111662940>
15.331519999999884,0.3153299999999959,27193,<entities.dtn.DTN object at 0x11165b670>,<entities.processor.Processor object at 0x111662940>
15.332369999999884,0.21532999999999625,27193,<entities.dtn.DTN object at 0x11165b670>,<entities.processor.Processor object at 0x111662940>
15.433219999999883,0.3153299999999959,27193,<entities.dtn.DTN object at 0x11165b670>,<entities.processor.Processor object at 0x111662940>
15.434069999999883,0.3153299999999959,27193,<entities.dtn.DTN object at 0x11165b670>,<entities.processor.Processor object at 0x111662940>
15.434919999999883,0.3153299999999959,27193,<entities.dtn.DTN object at 0x11165b670>,<entities.processor.Processor object at 0x111662940>
15.435769999999883,0.3153299999999959,27193,<entities.dtn.DTN object at 0x11165b670>,<entities.processor.Processor object at 0x111662940>
15.438319999999882,0.3153299999999959,27193,<entities.dtn.DTN object at 0x11165b670>,<entities.processor.Processor object at 0x111662940>
15.439169999999882,0.3153299999999959,27193,<entities.dtn.DTN object at 0x11165b670>,<entities.processor.Processor object at 0x111662940>
15.540019999999881,0.3153299999999959,27193,<entities.dtn.DTN object at 0x11165b670>,<entities.processor.Processor object at 0x111662940>
15.540869999999881,0.3153299999999959,27193,<entities.dtn.DTN object at 0x11165b670>,<entities.processor.Processor object at 0x111662940>
15.64171999999988,0.41532999999999554,27193,<entities.dtn.DTN object at 0x11165b670>,<entities.processor.Processor object at 0x111662940>
15.64256999999988,0.41532999999999554,27193,<entities.dtn.DTN object at 0x11165b670>,<entities.processor.Processor object at 0x111662940>
15.74341999999988,0.41532999999999554,27193,<entities.dtn.DTN object at 0x11165b670>,<entities.processor.Processor object at 0x111662940>
15.74426999999988,0.41532999999999554,27193,<entities.dtn.DTN object at 0x11165b670>,<entities.processor.Processor object at 0x111662940>
15.74511999999988,0.41532999999999554,27193,<entities.dtn.DTN object at 0x11165b670>,<entities.processor.Processor object at 0x111662940>
15.745969999999879,0.41532999999999554,27193,<entities.dtn.DTN object at 0x11165b670>,<entities.processor.Processor object at 0x111662940>
15.746819999999879,0.41532999999999554,27193,<entities.dtn.DTN object at 0x11165b670>,<entities.processor.Processor object at 0x111662940>
15.747669999999879,0.41532999999999554,27193,<entities.dtn.DTN object at 0x11165b670>,<entities.processor.Processor object at 0x111662940>
15.848519999999878,0.41532999999999554,27193,<entities.dtn.DTN object at 0x11165b670>,<entities.processor.Processor object at 0x111662940>
15.849369999999878,0.41532999999999554,27193,<entities.dtn.DTN object at 0x11165b670>,<entities.processor.Processor object at 0x111662940>
15.850219999999878,0.41532999999999554,27193,<entities.dtn.DTN object at 0x11165b670>,<entities.processor.Processor object at 0x111662940>
15.851069999999877,0.41532999999999554,27193,<entities.dtn.DTN object at 0x11165b670>,<entities.processor.Processor object at 0x111662940>
15.853619999999877,0.41532999999999554,27193,<entities.dtn.DTN object at 0x11165b670>,<entities.processor.Processor object at 0x111662940>
15.854469999999877,0.41532999999999554,27193,<entities.dtn.DTN object at 0x11165b670>,<entities.processor.Processor object at 0x111662940>
15.955319999999876,0.41532999999999554,27193,<entities.dtn.DTN object at 0x11165b670>,<entities.processor.Processor object at 0x111662940>
15.956169999999876,0.41532999999999554,27193,<entities.dtn.DTN object at 0x11165b670>,<entities.processor.Processor object at 0x111662940>
15.957019999999876,0.3153299999999959,27193,<entities.dtn.DTN object at 0x11165b670>,<entities.processor.Processor object at 0x111662940>
16.057869999999873,0.41532999999999376,27193,<entities.dtn.DTN object at 0x11165b670>,<entities.processor.Processor object at 0x111662940>
16.058719999999873,0.3153299999999941,27193,<entities.dtn.DTN object at 0x11165b670>,<entities.processor.Processor object at 0x111662940>
16.059539999999874,0.31529999999999525,27193,<entities.dtn.DTN object at 0x11165b670>,<entities.processor.Processor object at 0x111662940>
16.160389999999875,0.41529999999999667,27193,<entities.dtn.DTN object at 0x11165b670>,<entities.processor.Processor object at 0x111662940>
16.161239999999875,0.41529999999999667,27193,<entities.dtn.DTN object at 0x11165b670>,<entities.processor.Processor object at 0x111662940>
16.162089999999875,0.41529999999999667,27193,<entities.dtn.DTN object at 0x11165b670>,<entities.processor.Processor object at 0x111662940>
16.162939999999875,0.41529999999999667,27193,<entities.dtn.DTN object at 0x11165b670>,<entities.processor.Processor object at 0x111662940>
16.163789999999874,0.315299999999997,27193,<entities.dtn.DTN object at 0x11165b670>,<entities.processor.Processor object at 0x111662940>
16.164639999999874,0.315299999999997,27193,<entities.dtn.DTN object at 0x11165b670>,<entities.processor.Processor object at 0x111662940>
16.165489999999874,0.315299999999997,27193,<entities.dtn.DTN object at 0x11165b670>,<entities.processor.Processor object at 0x111662940>
16.166339999999874,0.315299999999997,27193,<entities.dtn.DTN object at 0x11165b670>,<entities.processor.Processor object at 0x111662940>
16.268889999999875,0.41529999999999845,27193,<entities.dtn.DTN object at 0x11165b670>,<entities.processor.Processor object at 0x111662940>
16.269739999999874,0.41529999999999845,27193,<entities.dtn.DTN object at 0x11165b670>,<entities.processor.Processor object at 0x111662940>
16.270589999999874,0.3152999999999988,27193,<entities.dtn.DTN object at 0x11165b670>,<entities.processor.Processor object at 0x111662940>
16.271439999999874,0.3152999999999988,27193,<entities.dtn.DTN object at 0x11165b670>,<entities.processor.Processor object at 0x111662940>
16.372289999999875,0.4153000000000002,27193,<entities.dtn.DTN object at 0x11165b670>,<entities.processor.Processor object at 0x111662940>
16.373139999999875,0.3153000000000006,27193,<entities.dtn.DTN object at 0x11165b670>,<entities.processor.Processor object at 0x111662940>
16.373989999999875,0.3153000000000006,27193,<entities.dtn.DTN object at 0x11165b670>,<entities.processor.Processor object at 0x111662940>
11.107449999999984,1.103419999999998,47765,<entities.dtn.DTN object at 0x11165b670>,<entities.processor.Processor object at 0x11165bd60>
12.616719999999978,1.509329999999995,47765,<entities.dtn.DTN object at 0x11165b670>,<entities.processor.Processor object at 0x11165bd60>
12.619819999999978,1.5123999999999942,47765,<entities.dtn.DTN object at 0x11165b670>,<entities.processor.Processor object at 0x11165bd60>
13.232219999999975,0.6155299999999979,47765,<entities.dtn.DTN object at 0x11165b670>,<entities.processor.Processor object at 0x11165bd60>
13.235319999999975,0.6155299999999979,47765,<entities.dtn.DTN object at 0x11165b670>,<entities.processor.Processor object at 0x11165bd60>
13.544619999999973,0.3124299999999991,47765,<entities.dtn.DTN object at 0x11165b670>,<entities.processor.Processor object at 0x11165bd60>
13.547719999999973,0.3124299999999991,47765,<entities.dtn.DTN object at 0x11165b670>,<entities.processor.Processor object at 0x11165bd60>
13.857019999999972,0.3124299999999991,47765,<entities.dtn.DTN object at 0x11165b670>,<entities.processor.Processor object at 0x11165bd60>
13.860119999999972,0.3124299999999991,47765,<entities.dtn.DTN object at 0x11165b670>,<entities.processor.Processor object at 0x11165bd60>
14.16941999999997,0.3124299999999991,47765,<entities.dtn.DTN object at 0x11165b670>,<entities.processor.Processor object at 0x11165bd60>
14.17251999999997,0.3124299999999991,47765,<entities.dtn.DTN object at 0x11165b670>,<entities.processor.Processor object at 0x11165bd60>
14.481819999999969,0.3124299999999991,47765,<entities.dtn.DTN object at 0x11165b670>,<entities.processor.Processor object at 0x11165bd60>
14.484919999999969,0.3124299999999991,47765,<entities.dtn.DTN object at 0x11165b670>,<entities.processor.Processor object at 0x11165bd60>
14.694219999999968,0.21242999999999945,47765,<entities.dtn.DTN object at 0x11165b670>,<entities.processor.Processor object at 0x11165bd60>
14.697319999999968,0.21242999999999945,47765,<entities.dtn.DTN object at 0x11165b670>,<entities.processor.Processor object at 0x11165bd60>
15.006619999999966,0.3124299999999991,47765,<entities.dtn.DTN object at 0x11165b670>,<entities.processor.Processor object at 0x11165bd60>
15.009719999999966,0.3124299999999991,47765,<entities.dtn.DTN object at 0x11165b670>,<entities.processor.Processor object at 0x11165bd60>
15.219019999999965,0.21242999999999945,47765,<entities.dtn.DTN object at 0x11165b670>,<entities.processor.Processor object at 0x11165bd60>
15.322119999999964,0.3124299999999991,47765,<entities.dtn.DTN object at 0x11165b670>,<entities.processor.Processor object at 0x11165bd60>
15.531419999999963,0.3124299999999991,47765,<entities.dtn.DTN object at 0x11165b670>,<entities.processor.Processor object at 0x11165bd60>
15.634519999999963,0.3124299999999991,47765,<entities.dtn.DTN object at 0x11165b670>,<entities.processor.Processor object at 0x11165bd60>
15.943819999999961,0.41242999999999874,47765,<entities.dtn.DTN object at 0x11165b670>,<entities.processor.Processor object at 0x11165bd60>
15.946919999999961,0.3124299999999991,47765,<entities.dtn.DTN object at 0x11165b670>,<entities.processor.Processor object at 0x11165bd60>
16.256219999999963,0.31243000000000265,47765,<entities.dtn.DTN object at 0x11165b670>,<entities.processor.Processor object at 0x11165bd60>
16.259319999999963,0.31243000000000265,47765,<entities.dtn.DTN object at 0x11165b670>,<entities.processor.Processor object at 0x11165bd60>
16.568619999999967,0.31243000000000265,47765,<entities.dtn.DTN object at 0x11165b670>,<entities.processor.Processor object at 0x11165bd60>
16.571719999999967,0.31243000000000265,47765,<entities.dtn.DTN object at 0x11165b670>,<entities.processor.Processor object at 0x11165bd60>
16.681019999999968,0.11242999999999981,47765,<entities.dtn.DTN object at 0x11165b670>,<entities.processor.Processor object at 0x11165bd60>
16.684119999999968,0.11242999999999981,47765,<entities.dtn.DTN object at 0x11165b670>,<entities.processor.Processor object at 0x11165bd60>
16.89341999999997,0.21243000000000123,47765,<entities.dtn.DTN object at 0x11165b670>,<entities.processor.Processor object at 0x11165bd60>
16.89651999999997,0.21243000000000123,47765,<entities.dtn.DTN object at 0x11165b670>,<entities.processor.Processor object at 0x11165bd60>
17.00581999999997,0.11242999999999981,47765,<entities.dtn.DTN object at 0x11165b670>,<entities.processor.Processor object at 0x11165bd60>
17.00891999999997,0.11242999999999981,47765,<entities.dtn.DTN object at 0x11165b670>,<entities.processor.Processor object at 0x11165bd60>
17.118219999999972,0.11242999999999981,47765,<entities.dtn.DTN object at 0x11165b670>,<entities.processor.Processor object at 0x11165bd60>
17.121319999999972,0.11242999999999981,47765,<entities.dtn.DTN object at 0x11165b670>,<entities.processor.Processor object at 0x11165bd60>
17.230619999999973,0.11242999999999981,47765,<entities.dtn.DTN object at 0x11165b670>,<entities.processor.Processor object at 0x11165bd60>
17.233719999999973,0.11242999999999981,47765,<entities.dtn.DTN object at 0x11165b670>,<entities.processor.Processor object at 0x11165bd60>
17.343019999999974,0.11242999999999981,47765,<entities.dtn.DTN object at 0x11165b670>,<entities.processor.Processor object at 0x11165bd60>
17.346119999999974,0.11242999999999981,47765,<entities.dtn.DTN object at 0x11165b670>,<entities.processor.Processor object at 0x11165bd60>
17.555419999999977,0.21243000000000123,47765,<entities.dtn.DTN object at 0x11165b670>,<entities.processor.Processor object at 0x11165bd60>
17.558519999999977,0.21243000000000123,47765,<entities.dtn.DTN object at 0x11165b670>,<entities.processor.Processor object at 0x11165bd60>
17.76781999999998,0.21243000000000123,47765,<entities.dtn.DTN object at 0x11165b670>,<entities.processor.Processor object at 0x11165bd60>
17.77091999999998,0.21243000000000123,47765,<entities.dtn.DTN object at 0x11165b670>,<entities.processor.Processor object at 0x11165bd60>
18.080219999999983,0.31243000000000265,47765,<entities.dtn.DTN object at 0x11165b670>,<entities.processor.Processor object at 0x11165bd60>
18.083319999999983,0.31243000000000265,47765,<entities.dtn.DTN object at 0x11165b670>,<entities.processor.Processor object at 0x11165bd60>
18.292619999999985,0.21243000000000123,47765,<entities.dtn.DTN object at 0x11165b670>,<entities.processor.Processor object at 0x11165bd60>
18.295719999999985,0.21243000000000123,47765,<entities.dtn.DTN object at 0x11165b670>,<entities.processor.Processor object at 0x11165bd60>
18.405019999999986,0.11242999999999981,47765,<entities.dtn.DTN object at 0x11165b670>,<entities.processor.Processor object at 0x11165bd60>
18.408119999999986,0.11242999999999981,47765,<entities.dtn.DTN object at 0x11165b670>,<entities.processor.Processor object at 0x11165bd60>
18.61741999999999,0.21243000000000123,47765,<entities.dtn.DTN object at 0x11165b670>,<entities.processor.Processor object at 0x11165bd60>
18.62050999999999,0.2124200000000016,47765,<entities.dtn.DTN object at 0x11165b670>,<entities.processor.Processor object at 0x11165bd60>
18.829789999999992,0.21240000000000236,47765,<entities.dtn.DTN object at 0x11165b670>,<entities.processor.Processor object at 0x11165bd60>
18.83188999999999,0.21140000000000114,47765,<entities.dtn.DTN object at 0x11165b670>,<entities.processor.Processor object at 0x11165bd60>
12.01054999999998,1.5063899999999961,34461,<entities.dtn.DTN object at 0x11165b670>,<entities.processor.Processor object at 0x11165bf10>
13.126019999999976,1.1155299999999961,34461,<entities.dtn.DTN object at 0x11165b670>,<entities.processor.Processor object at 0x11165bf10>
13.129119999999975,1.1185999999999954,34461,<entities.dtn.DTN object at 0x11165b670>,<entities.processor.Processor object at 0x11165bf10>
13.438419999999974,0.3124299999999991,34461,<entities.dtn.DTN object at 0x11165b670>,<entities.processor.Processor object at 0x11165bf10>
13.441519999999974,0.3124299999999991,34461,<entities.dtn.DTN object at 0x11165b670>,<entities.processor.Processor object at 0x11165bf10>
13.750819999999973,0.3124299999999991,34461,<entities.dtn.DTN object at 0x11165b670>,<entities.processor.Processor object at 0x11165bf10>
13.753919999999972,0.3124299999999991,34461,<entities.dtn.DTN object at 0x11165b670>,<entities.processor.Processor object at 0x11165bf10>
14.063219999999971,0.3124299999999991,34461,<entities.dtn.DTN object at 0x11165b670>,<entities.processor.Processor object at 0x11165bf10>
14.06631999999997,0.3124299999999991,34461,<entities.dtn.DTN object at 0x11165b670>,<entities.processor.Processor object at 0x11165bf10>
14.27561999999997,0.21242999999999945,34461,<entities.dtn.DTN object at 0x11165b670>,<entities.processor.Processor object at 0x11165bf10>
14.37871999999997,0.3124299999999991,34461,<entities.dtn.DTN object at 0x11165b670>,<entities.processor.Processor object at 0x11165bf10>
14.588019999999968,0.3124299999999991,34461,<entities.dtn.DTN object at 0x11165b670>,<entities.processor.Processor object at 0x11165bf10>
14.691119999999968,0.3124299999999991,34461,<entities.dtn.DTN object at 0x11165b670>,<entities.processor.Processor object at 0x11165bf10>
14.800419999999967,0.21242999999999945,34461,<entities.dtn.DTN object at 0x11165b670>,<entities.processor.Processor object at 0x11165bf10>
15.003519999999966,0.3124299999999991,34461,<entities.dtn.DTN object at 0x11165b670>,<entities.processor.Processor object at 0x11165bf10>
15.112819999999966,0.3124299999999991,34461,<entities.dtn.DTN object at 0x11165b670>,<entities.processor.Processor object at 0x11165bf10>
15.215919999999965,0.21242999999999945,34461,<entities.dtn.DTN object at 0x11165b670>,<entities.processor.Processor object at 0x11165bf10>
15.325219999999964,0.21242999999999945,34461,<entities.dtn.DTN object at 0x11165b670>,<entities.processor.Processor object at 0x11165bf10>
15.528319999999963,0.3124299999999991,34461,<entities.dtn.DTN object at 0x11165b670>,<entities.processor.Processor object at 0x11165bf10>
15.737619999999962,0.41242999999999874,34461,<entities.dtn.DTN object at 0x11165b670>,<entities.processor.Processor object at 0x11165bf10>
15.940719999999962,0.41242999999999874,34461,<entities.dtn.DTN object at 0x11165b670>,<entities.processor.Processor object at 0x11165bf10>
16.05001999999996,0.3124299999999991,34461,<entities.dtn.DTN object at 0x11165b670>,<entities.processor.Processor object at 0x11165bf10>
16.253119999999964,0.31243000000000265,34461,<entities.dtn.DTN object at 0x11165b670>,<entities.processor.Processor object at 0x11165bf10>
16.362419999999965,0.31243000000000265,34461,<entities.dtn.DTN object at 0x11165b670>,<entities.processor.Processor object at 0x11165bf10>
16.565519999999967,0.31243000000000265,34461,<entities.dtn.DTN object at 0x11165b670>,<entities.processor.Processor object at 0x11165bf10>
16.67481999999997,0.31243000000000265,34461,<entities.dtn.DTN object at 0x11165b670>,<entities.processor.Processor object at 0x11165bf10>
16.67791999999997,0.11242999999999981,34461,<entities.dtn.DTN object at 0x11165b670>,<entities.processor.Processor object at 0x11165bf10>
16.78721999999997,0.11242999999999981,34461,<entities.dtn.DTN object at 0x11165b670>,<entities.processor.Processor object at 0x11165bf10>
16.79031999999997,0.11242999999999981,34461,<entities.dtn.DTN object at 0x11165b670>,<entities.processor.Processor object at 0x11165bf10>
16.99961999999997,0.21243000000000123,34461,<entities.dtn.DTN object at 0x11165b670>,<entities.processor.Processor object at 0x11165bf10>
17.00271999999997,0.21243000000000123,34461,<entities.dtn.DTN object at 0x11165b670>,<entities.processor.Processor object at 0x11165bf10>
17.112019999999973,0.11242999999999981,34461,<entities.dtn.DTN object at 0x11165b670>,<entities.processor.Processor object at 0x11165bf10>
17.115119999999973,0.11242999999999981,34461,<entities.dtn.DTN object at 0x11165b670>,<entities.processor.Processor object at 0x11165bf10>
17.224419999999974,0.11242999999999981,34461,<entities.dtn.DTN object at 0x11165b670>,<entities.processor.Processor object at 0x11165bf10>
17.227519999999974,0.11242999999999981,34461,<entities.dtn.DTN object at 0x11165b670>,<entities.processor.Processor object at 0x11165bf10>
17.336819999999975,0.11242999999999981,34461,<entities.dtn.DTN object at 0x11165b670>,<entities.processor.Processor object at 0x11165bf10>
17.339919999999974,0.11242999999999981,34461,<entities.dtn.DTN object at 0x11165b670>,<entities.processor.Processor object at 0x11165bf10>
17.449219999999976,0.11242999999999981,34461,<entities.dtn.DTN object at 0x11165b670>,<entities.processor.Processor object at 0x11165bf10>
17.552319999999977,0.21243000000000123,34461,<entities.dtn.DTN object at 0x11165b670>,<entities.processor.Processor object at 0x11165bf10>
17.661619999999978,0.21243000000000123,34461,<entities.dtn.DTN object at 0x11165b670>,<entities.processor.Processor object at 0x11165bf10>
17.76471999999998,0.21243000000000123,34461,<entities.dtn.DTN object at 0x11165b670>,<entities.processor.Processor object at 0x11165bf10>
17.87401999999998,0.21243000000000123,34461,<entities.dtn.DTN object at 0x11165b670>,<entities.processor.Processor object at 0x11165bf10>
18.077119999999983,0.31243000000000265,34461,<entities.dtn.DTN object at 0x11165b670>,<entities.processor.Processor object at 0x11165bf10>
18.186419999999984,0.31243000000000265,34461,<entities.dtn.DTN object at 0x11165b670>,<entities.processor.Processor object at 0x11165bf10>
18.289519999999985,0.21243000000000123,34461,<entities.dtn.DTN object at 0x11165b670>,<entities.processor.Processor object at 0x11165bf10>
18.398819999999986,0.21243000000000123,34461,<entities.dtn.DTN object at 0x11165b670>,<entities.processor.Processor object at 0x11165bf10>
18.401919999999986,0.11242999999999981,34461,<entities.dtn.DTN object at 0x11165b670>,<entities.processor.Processor object at 0x11165bf10>
18.61121999999999,0.21243000000000123,34461,<entities.dtn.DTN object at 0x11165b670>,<entities.processor.Processor object at 0x11165bf10>
18.61431999999999,0.21243000000000123,34461,<entities.dtn.DTN object at 0x11165b670>,<entities.processor.Processor object at 0x11165bf10>
18.82361999999999,0.21243000000000123,34461,<entities.dtn.DTN object at 0x11165b670>,<entities.processor.Processor object at 0x11165bf10>
18.82670999999999,0.2124200000000016,34461,<entities.dtn.DTN object at 0x11165b670>,<entities.processor.Processor object at 0x11165bf10>
19.034989999999993,0.21140000000000114,34461,<entities.dtn.DTN object at 0x11165b670>,<entities.processor.Processor object at 0x11165bf10>
19.037089999999992,0.21039999999999992,34461,<entities.dtn.DTN object at 0x11165b670>,<entities.processor.Processor object at 0x11165bf10>
12.04759999999994,1.46988999999998,60375,<entities.dtn.DTN object at 0x11165b670>,<entities.processor.Processor object at 0x111662af0>
13.11421999999992,1.0666799999999803,60375,<entities.dtn.DTN object at 0x11165b670>,<entities.processor.Processor object at 0x111662af0>
13.11506999999992,1.0674999999999795,60375,<entities.dtn.DTN object at 0x11165b670>,<entities.processor.Processor object at 0x111662af0>
13.329519999999915,0.21532999999999625,60375,<entities.dtn.DTN object at 0x11165b670>,<entities.processor.Processor object at 0x111662af0>
13.430369999999915,0.3153299999999959,60375,<entities.dtn.DTN object at 0x11165b670>,<entities.processor.Processor object at 0x111662af0>
13.74481999999991,0.41532999999999554,60375,<entities.dtn.DTN object at 0x11165b670>,<entities.processor.Processor object at 0x111662af0>
13.74566999999991,0.3153299999999959,60375,<entities.dtn.DTN object at 0x11165b670>,<entities.processor.Processor object at 0x111662af0>
13.960119999999906,0.21532999999999625,60375,<entities.dtn.DTN object at 0x11165b670>,<entities.processor.Processor object at 0x111662af0>
13.960969999999906,0.21532999999999625,60375,<entities.dtn.DTN object at 0x11165b670>,<entities.processor.Processor object at 0x111662af0>
14.275419999999901,0.3153299999999959,60375,<entities.dtn.DTN object at 0x11165b670>,<entities.processor.Processor object at 0x111662af0>
14.2762699999999,0.3153299999999959,60375,<entities.dtn.DTN object at 0x11165b670>,<entities.processor.Processor object at 0x111662af0>
14.590719999999896,0.3153299999999959,60375,<entities.dtn.DTN object at 0x11165b670>,<entities.processor.Processor object at 0x111662af0>
14.591569999999896,0.3153299999999959,60375,<entities.dtn.DTN object at 0x11165b670>,<entities.processor.Processor object at 0x111662af0>
14.906019999999891,0.3153299999999959,60375,<entities.dtn.DTN object at 0x11165b670>,<entities.processor.Processor object at 0x111662af0>
14.906869999999891,0.3153299999999959,60375,<entities.dtn.DTN object at 0x11165b670>,<entities.processor.Processor object at 0x111662af0>
15.121319999999887,0.21532999999999625,60375,<entities.dtn.DTN object at 0x11165b670>,<entities.processor.Processor object at 0x111662af0>
15.122169999999887,0.21532999999999625,60375,<entities.dtn.DTN object at 0x11165b670>,<entities.processor.Processor object at 0x111662af0>
15.436619999999882,0.3153299999999959,60375,<entities.dtn.DTN object at 0x11165b670>,<entities.processor.Processor object at 0x111662af0>
15.437469999999882,0.3153299999999959,60375,<entities.dtn.DTN object at 0x11165b670>,<entities.processor.Processor object at 0x111662af0>
15.851919999999877,0.41532999999999554,60375,<entities.dtn.DTN object at 0x11165b670>,<entities.processor.Processor object at 0x111662af0>
15.852769999999877,0.41532999999999554,60375,<entities.dtn.DTN object at 0x11165b670>,<entities.processor.Processor object at 0x111662af0>
16.167219999999872,0.3153299999999959,60375,<entities.dtn.DTN object at 0x11165b670>,<entities.processor.Processor object at 0x111662af0>
16.268069999999874,0.4153299999999973,60375,<entities.dtn.DTN object at 0x11165b670>,<entities.processor.Processor object at 0x111662af0>
16.474869999999875,0.3076800000000013,60375,<entities.dtn.DTN object at 0x11165b670>,<entities.processor.Processor object at 0x111662af0>
16.575719999999876,0.3076800000000013,60375,<entities.dtn.DTN object at 0x11165b670>,<entities.processor.Processor object at 0x111662af0>
16.676569999999877,0.2017300000000013,60375,<entities.dtn.DTN object at 0x11165b670>,<entities.processor.Processor object at 0x111662af0>
16.77741999999988,0.2017300000000013,60375,<entities.dtn.DTN object at 0x11165b670>,<entities.processor.Processor object at 0x111662af0>
16.77826999999988,0.10172999999999988,60375,<entities.dtn.DTN object at 0x11165b670>,<entities.processor.Processor object at 0x111662af0>
16.87911999999988,0.10172999999999988,60375,<entities.dtn.DTN object at 0x11165b670>,<entities.processor.Processor object at 0x111662af0>
16.97996999999988,0.2017300000000013,60375,<entities.dtn.DTN object at 0x11165b670>,<entities.processor.Processor object at 0x111662af0>
16.98081999999988,0.10172999999999988,60375,<entities.dtn.DTN object at 0x11165b670>,<entities.processor.Processor object at 0x111662af0>
17.081669999999882,0.10172999999999988,60375,<entities.dtn.DTN object at 0x11165b670>,<entities.processor.Processor object at 0x111662af0>
17.08251999999988,0.10172999999999988,60375,<entities.dtn.DTN object at 0x11165b670>,<entities.processor.Processor object at 0x111662af0>
17.183369999999883,0.10172999999999988,60375,<entities.dtn.DTN object at 0x11165b670>,<entities.processor.Processor object at 0x111662af0>
17.184219999999883,0.10172999999999988,60375,<entities.dtn.DTN object at 0x11165b670>,<entities.processor.Processor object at 0x111662af0>
17.285069999999884,0.10172999999999988,60375,<entities.dtn.DTN object at 0x11165b670>,<entities.processor.Processor object at 0x111662af0>
17.285919999999884,0.10172999999999988,60375,<entities.dtn.DTN object at 0x11165b670>,<entities.processor.Processor object at 0x111662af0>
17.386769999999885,0.10172999999999988,60375,<entities.dtn.DTN object at 0x11165b670>,<entities.processor.Processor object at 0x111662af0>
17.487619999999886,0.2017300000000013,60375,<entities.dtn.DTN object at 0x11165b670>,<entities.processor.Processor object at 0x111662af0>
17.588469999999887,0.2017300000000013,60375,<entities.dtn.DTN object at 0x11165b670>,<entities.processor.Processor object at 0x111662af0>
17.68931999999989,0.2017300000000013,60375,<entities.dtn.DTN object at 0x11165b670>,<entities.processor.Processor object at 0x111662af0>
17.79016999999989,0.2017300000000013,60375,<entities.dtn.DTN object at 0x11165b670>,<entities.processor.Processor object at 0x111662af0>
17.991019999999892,0.3017300000000027,60375,<entities.dtn.DTN object at 0x11165b670>,<entities.processor.Processor object at 0x111662af0>
18.091869999999894,0.3017300000000027,60375,<entities.dtn.DTN object at 0x11165b670>,<entities.processor.Processor object at 0x111662af0>
18.292719999999896,0.3017300000000027,60375,<entities.dtn.DTN object at 0x11165b670>,<entities.processor.Processor object at 0x111662af0>
18.293569999999896,0.2017300000000013,60375,<entities.dtn.DTN object at 0x11165b670>,<entities.processor.Processor object at 0x111662af0>
18.394419999999897,0.10172999999999988,60375,<entities.dtn.DTN object at 0x11165b670>,<entities.processor.Processor object at 0x111662af0>
18.395269999999897,0.10172999999999988,60375,<entities.dtn.DTN object at 0x11165b670>,<entities.processor.Processor object at 0x111662af0>
18.5961199999999,0.2017300000000013,60375,<entities.dtn.DTN object at 0x11165b670>,<entities.processor.Processor object at 0x111662af0>
18.5969699999999,0.2017300000000013,60375,<entities.dtn.DTN object at 0x11165b670>,<entities.processor.Processor object at 0x111662af0>
18.797819999999902,0.2017300000000013,60375,<entities.dtn.DTN object at 0x11165b670>,<entities.processor.Processor object at 0x111662af0>
18.798669999999902,0.2017300000000013,60375,<entities.dtn.DTN object at 0x11165b670>,<entities.processor.Processor object at 0x111662af0>
18.999519999999904,0.2017300000000013,60375,<entities.dtn.DTN object at 0x11165b670>,<entities.processor.Processor object at 0x111662af0>
19.000369999999904,0.2017300000000013,60375,<entities.dtn.DTN object at 0x11165b670>,<entities.processor.Processor object at 0x111662af0>
19.30121999999991,0.3017300000000027,60375,<entities.dtn.DTN object at 0x11165b670>,<entities.processor.Processor object at 0x111662af0>
19.302069999999908,0.3017300000000027,60375,<entities.dtn.DTN object at 0x11165b670>,<entities.processor.Processor object at 0x111662af0>
19.602919999999912,0.3017300000000027,60375,<entities.dtn.DTN object at 0x11165b670>,<entities.processor.Processor object at 0x111662af0>
19.603769999999912,0.3017300000000027,60375,<entities.dtn.DTN object at 0x11165b670>,<entities.processor.Processor object at 0x111662af0>
20.10461999999992,0.5017300000000056,60375,<entities.dtn.DTN object at 0x11165b670>,<entities.processor.Processor object at 0x111662af0>
20.10546999999992,0.5017300000000056,60375,<entities.dtn.DTN object at 0x11165b670>,<entities.processor.Processor object at 0x111662af0>
20.90631999999993,0.8017300000000098,60375,<entities.dtn.DTN object at 0x11165b670>,<entities.processor.Processor object at 0x111662af0>
20.90716999999993,0.8017300000000098,60375,<entities.dtn.DTN object at 0x11165b670>,<entities.processor.Processor object at 0x111662af0>
21.308019999999935,0.40173000000000414,60375,<entities.dtn.DTN object at 0x11165b670>,<entities.processor.Processor object at 0x111662af0>
21.308869999999935,0.40173000000000414,60375,<entities.dtn.DTN object at 0x11165b670>,<entities.processor.Processor object at 0x111662af0>
21.409719999999936,0.10172999999999988,60375,<entities.dtn.DTN object at 0x11165b670>,<entities.processor.Processor object at 0x111662af0>
21.410569999999936,0.10172999999999988,60375,<entities.dtn.DTN object at 0x11165b670>,<entities.processor.Processor object at 0x111662af0>
21.511419999999937,0.10172999999999988,60375,<entities.dtn.DTN object at 0x11165b670>,<entities.processor.Processor object at 0x111662af0>
21.512269999999937,0.10172999999999988,60375,<entities.dtn.DTN object at 0x11165b670>,<entities.processor.Processor object at 0x111662af0>
21.613119999999938,0.10172999999999988,60375,<entities.dtn.DTN object at 0x11165b670>,<entities.processor.Processor object at 0x111662af0>
21.613969999999938,0.10172999999999988,60375,<entities.dtn.DTN object at 0x11165b670>,<entities.processor.Processor object at 0x111662af0>
21.71481999999994,0.10172999999999988,60375,<entities.dtn.DTN object at 0x11165b670>,<entities.processor.Processor object at 0x111662af0>
21.71566999999994,0.10172999999999988,60375,<entities.dtn.DTN object at 0x11165b670>,<entities.processor.Processor object at 0x111662af0>
21.81651999999994,0.10172999999999988,60375,<entities.dtn.DTN object at 0x11165b670>,<entities.processor.Processor object at 0x111662af0>
21.81736999999994,0.10172999999999988,60375,<entities.dtn.DTN object at 0x11165b670>,<entities.processor.Processor object at 0x111662af0>
22.018219999999943,0.2017300000000013,60375,<entities.dtn.DTN object at 0x11165b670>,<entities.processor.Processor object at 0x111662af0>
22.019069999999942,0.2017300000000013,60375,<entities.dtn.DTN object at 0x11165b670>,<entities.processor.Processor object at 0x111662af0>
22.219919999999945,0.2017300000000013,60375,<entities.dtn.DTN object at 0x11165b670>,<entities.processor.Processor object at 0x111662af0>
22.220769999999945,0.2017300000000013,60375,<entities.dtn.DTN object at 0x11165b670>,<entities.processor.Processor object at 0x111662af0>
22.321619999999946,0.10172999999999988,60375,<entities.dtn.DTN object at 0x11165b670>,<entities.processor.Processor object at 0x111662af0>
22.322469999999946,0.10172999999999988,60375,<entities.dtn.DTN object at 0x11165b670>,<entities.processor.Processor object at 0x111662af0>
22.423319999999947,0.10172999999999988,60375,<entities.dtn.DTN object at 0x11165b670>,<entities.processor.Processor object at 0x111662af0>
22.424169999999947,0.10172999999999988,60375,<entities.dtn.DTN object at 0x11165b670>,<entities.processor.Processor object at 0x111662af0>
22.525019999999948,0.10172999999999988,60375,<entities.dtn.DTN object at 0x11165b670>,<entities.processor.Processor object at 0x111662af0>
22.525869999999948,0.10172999999999988,60375,<entities.dtn.DTN object at 0x11165b670>,<entities.processor.Processor object at 0x111662af0>
22.62671999999995,0.10172999999999988,60375,<entities.dtn.DTN object at 0x11165b670>,<entities.processor.Processor object at 0x111662af0>
22.62756999999995,0.10172999999999988,60375,<entities.dtn.DTN object at 0x11165b670>,<entities.processor.Processor object at 0x111662af0>
22.82841999999995,0.2017300000000013,60375,<entities.dtn.DTN object at 0x11165b670>,<entities.processor.Processor object at 0x111662af0>
22.82926999999995,0.2017300000000013,60375,<entities.dtn.DTN object at 0x11165b670>,<entities.processor.Processor object at 0x111662af0>
22.930119999999953,0.10172999999999988,60375,<entities.dtn.DTN object at 0x11165b670>,<entities.processor.Processor object at 0x111662af0>
22.930969999999952,0.10172999999999988,60375,<entities.dtn.DTN object at 0x11165b670>,<entities.processor.Processor object at 0x111662af0>
23.131819999999955,0.2017300000000013,60375,<entities.dtn.DTN object at 0x11165b670>,<entities.processor.Processor object at 0x111662af0>
23.132669999999955,0.2017300000000013,60375,<entities.dtn.DTN object at 0x11165b670>,<entities.processor.Processor object at 0x111662af0>
23.233519999999956,0.10172999999999988,60375,<entities.dtn.DTN object at 0x11165b670>,<entities.processor.Processor object at 0x111662af0>
23.234369999999956,0.10172999999999988,60375,<entities.dtn.DTN object at 0x11165b670>,<entities.processor.Processor object at 0x111662af0>
23.335219999999957,0.10172999999999988,60375,<entities.dtn.DTN object at 0x11165b670>,<entities.processor.Processor object at 0x111662af0>
23.336069999999957,0.10172999999999988,60375,<entities.dtn.DTN object at 0x11165b670>,<entities.processor.Processor object at 0x111662af0>
23.436919999999958,0.10172999999999988,60375,<entities.dtn.DTN object at 0x11165b670>,<entities.processor.Processor object at 0x111662af0>
23.437769999999958,0.10172999999999988,60375,<entities.dtn.DTN object at 0x11165b670>,<entities.processor.Processor object at 0x111662af0>
23.53861999999996,0.10172999999999988,60375,<entities.dtn.DTN object at 0x11165b670>,<entities.processor.Processor object at 0x111662af0>
23.53946999999996,0.10172999999999988,60375,<entities.dtn.DTN object at 0x11165b670>,<entities.processor.Processor object at 0x111662af0>
23.64031999999996,0.10172999999999988,60375,<entities.dtn.DTN object at 0x11165b670>,<entities.processor.Processor object at 0x111662af0>
23.64116999999996,0.10172999999999988,60375,<entities.dtn.DTN object at 0x11165b670>,<entities.processor.Processor object at 0x111662af0>
23.74201999999996,0.10172999999999988,60375,<entities.dtn.DTN object at 0x11165b670>,<entities.processor.Processor object at 0x111662af0>
23.842869999999962,0.2017300000000013,60375,<entities.dtn.DTN object at 0x11165b670>,<entities.processor.Processor object at 0x111662af0>
23.943719999999963,0.2017300000000013,60375,<entities.dtn.DTN object at 0x11165b670>,<entities.processor.Processor object at 0x111662af0>
24.044569999999965,0.2017300000000013,60375,<entities.dtn.DTN object at 0x11165b670>,<entities.processor.Processor object at 0x111662af0>
24.145419999999966,0.2017300000000013,60375,<entities.dtn.DTN object at 0x11165b670>,<entities.processor.Processor object at 0x111662af0>
24.146299999999965,0.10175999999999874,60375,<entities.dtn.DTN object at 0x11165b670>,<entities.processor.Processor object at 0x111662af0>
24.247119999999967,0.10172999999999988,60375,<entities.dtn.DTN object at 0x11165b670>,<entities.processor.Processor object at 0x111662af0>
24.247969999999967,0.10172999999999988,60375,<entities.dtn.DTN object at 0x11165b670>,<entities.processor.Processor object at 0x111662af0>
24.248819999999967,0.10255000000000081,60375,<entities.dtn.DTN object at 0x11165b670>,<entities.processor.Processor object at 0x111662af0>
24.349669999999968,0.10257999999999967,60375,<entities.dtn.DTN object at 0x11165b670>,<entities.processor.Processor object at 0x111662af0>
24.45051999999997,0.2025800000000011,60375,<entities.dtn.DTN object at 0x11165b670>,<entities.processor.Processor object at 0x111662af0>
24.45136999999997,0.2025800000000011,60375,<entities.dtn.DTN object at 0x11165b670>,<entities.processor.Processor object at 0x111662af0>
24.45221999999997,0.10257999999999967,60375,<entities.dtn.DTN object at 0x11165b670>,<entities.processor.Processor object at 0x111662af0>
24.55306999999997,0.10257999999999967,60375,<entities.dtn.DTN object at 0x11165b670>,<entities.processor.Processor object at 0x111662af0>
24.55391999999997,0.10257999999999967,60375,<entities.dtn.DTN object at 0x11165b670>,<entities.processor.Processor object at 0x111662af0>
24.55476999999997,0.10257999999999967,60375,<entities.dtn.DTN object at 0x11165b670>,<entities.processor.Processor object at 0x111662af0>
24.65561999999997,0.10257999999999967,60375,<entities.dtn.DTN object at 0x11165b670>,<entities.processor.Processor object at 0x111662af0>
24.65646999999997,0.10257999999999967,60375,<entities.dtn.DTN object at 0x11165b670>,<entities.processor.Processor object at 0x111662af0>
24.75731999999997,0.2025800000000011,60375,<entities.dtn.DTN object at 0x11165b670>,<entities.processor.Processor object at 0x111662af0>
24.858169999999973,0.2025800000000011,60375,<entities.dtn.DTN object at 0x11165b670>,<entities.processor.Processor object at 0x111662af0>
24.859019999999973,0.2025800000000011,60375,<entities.dtn.DTN object at 0x11165b670>,<entities.processor.Processor object at 0x111662af0>
24.959869999999974,0.2025800000000011,60375,<entities.dtn.DTN object at 0x11165b670>,<entities.processor.Processor object at 0x111662af0>
24.960719999999974,0.10257999999999967,60375,<entities.dtn.DTN object at 0x11165b670>,<entities.processor.Processor object at 0x111662af0>
24.961569999999973,0.10257999999999967,60375,<entities.dtn.DTN object at 0x11165b670>,<entities.processor.Processor object at 0x111662af0>
25.162419999999976,0.2025800000000011,60375,<entities.dtn.DTN object at 0x11165b670>,<entities.processor.Processor object at 0x111662af0>
25.163269999999976,0.2025800000000011,60375,<entities.dtn.DTN object at 0x11165b670>,<entities.processor.Processor object at 0x111662af0>
25.164119999999976,0.2025800000000011,60375,<entities.dtn.DTN object at 0x11165b670>,<entities.processor.Processor object at 0x111662af0>
25.264969999999977,0.10257999999999967,60375,<entities.dtn.DTN object at 0x11165b670>,<entities.processor.Processor object at 0x111662af0>
25.265819999999977,0.10257999999999967,60375,<entities.dtn.DTN object at 0x11165b670>,<entities.processor.Processor object at 0x111662af0>
25.266669999999976,0.10257999999999967,60375,<entities.dtn.DTN object at 0x11165b670>,<entities.processor.Processor object at 0x111662af0>
25.367519999999978,0.10257999999999967,60375,<entities.dtn.DTN object at 0x11165b670>,<entities.processor.Processor object at 0x111662af0>
25.368369999999977,0.10257999999999967,60375,<entities.dtn.DTN object at 0x11165b670>,<entities.processor.Processor object at 0x111662af0>
25.369219999999977,0.10257999999999967,60375,<entities.dtn.DTN object at 0x11165b670>,<entities.processor.Processor object at 0x111662af0>
25.47006999999998,0.10257999999999967,60375,<entities.dtn.DTN object at 0x11165b670>,<entities.processor.Processor object at 0x111662af0>
25.47091999999998,0.10257999999999967,60375,<entities.dtn.DTN object at 0x11165b670>,<entities.processor.Processor object at 0x111662af0>
25.471769999999978,0.10257999999999967,60375,<entities.dtn.DTN object at 0x11165b670>,<entities.processor.Processor object at 0x111662af0>
25.57261999999998,0.10257999999999967,60375,<entities.dtn.DTN object at 0x11165b670>,<entities.processor.Processor object at 0x111662af0>
25.57346999999998,0.10257999999999967,60375,<entities.dtn.DTN object at 0x11165b670>,<entities.processor.Processor object at 0x111662af0>
25.57431999999998,0.10257999999999967,60375,<entities.dtn.DTN object at 0x11165b670>,<entities.processor.Processor object at 0x111662af0>
25.77516999999998,0.2025800000000011,60375,<entities.dtn.DTN object at 0x11165b670>,<entities.processor.Processor object at 0x111662af0>
25.77601999999998,0.2025800000000011,60375,<entities.dtn.DTN object at 0x11165b670>,<entities.processor.Processor object at 0x111662af0>
25.77686999999998,0.2025800000000011,60375,<entities.dtn.DTN object at 0x11165b670>,<entities.processor.Processor object at 0x111662af0>
25.877719999999982,0.10257999999999967,60375,<entities.dtn.DTN object at 0x11165b670>,<entities.processor.Processor object at 0x111662af0>
25.878569999999982,0.10257999999999967,60375,<entities.dtn.DTN object at 0x11165b670>,<entities.processor.Processor object at 0x111662af0>
25.879419999999982,0.10257999999999967,60375,<entities.dtn.DTN object at 0x11165b670>,<entities.processor.Processor object at 0x111662af0>
26.080269999999985,0.2025800000000011,60375,<entities.dtn.DTN object at 0x11165b670>,<entities.processor.Processor object at 0x111662af0>
26.081119999999984,0.2025800000000011,60375,<entities.dtn.DTN object at 0x11165b670>,<entities.processor.Processor object at 0x111662af0>
26.081969999999984,0.2025800000000011,60375,<entities.dtn.DTN object at 0x11165b670>,<entities.processor.Processor object at 0x111662af0>
26.182819999999985,0.10257999999999967,60375,<entities.dtn.DTN object at 0x11165b670>,<entities.processor.Processor object at 0x111662af0>
26.183669999999985,0.10257999999999967,60375,<entities.dtn.DTN object at 0x11165b670>,<entities.processor.Processor object at 0x111662af0>
26.284519999999986,0.2025800000000011,60375,<entities.dtn.DTN object at 0x11165b670>,<entities.processor.Processor object at 0x111662af0>
26.285369999999986,0.10257999999999967,60375,<entities.dtn.DTN object at 0x11165b670>,<entities.processor.Processor object at 0x111662af0>
26.286219999999986,0.10257999999999967,60375,<entities.dtn.DTN object at 0x11165b670>,<entities.processor.Processor object at 0x111662af0>
26.387069999999987,0.10257999999999967,60375,<entities.dtn.DTN object at 0x11165b670>,<entities.processor.Processor object at 0x111662af0>
26.387919999999987,0.10257999999999967,60375,<entities.dtn.DTN object at 0x11165b670>,<entities.processor.Processor object at 0x111662af0>
26.488769999999988,0.2025800000000011,60375,<entities.dtn.DTN object at 0x11165b670>,<entities.processor.Processor object at 0x111662af0>
26.58961999999999,0.2025800000000011,60375,<entities.dtn.DTN object at 0x11165b670>,<entities.processor.Processor object at 0x111662af0>
26.59046999999999,0.2025800000000011,60375,<entities.dtn.DTN object at 0x11165b670>,<entities.processor.Processor object at 0x111662af0>
26.59131999999999,0.10257999999999967,60375,<entities.dtn.DTN object at 0x11165b670>,<entities.processor.Processor object at 0x111662af0>
26.69216999999999,0.10257999999999967,60375,<entities.dtn.DTN object at 0x11165b670>,<entities.processor.Processor object at 0x111662af0>
26.69301999999999,0.10257999999999967,60375,<entities.dtn.DTN object at 0x11165b670>,<entities.processor.Processor object at 0x111662af0>
26.79386999999999,0.2025800000000011,60375,<entities.dtn.DTN object at 0x11165b670>,<entities.processor.Processor object at 0x111662af0>
26.894719999999992,0.2025800000000011,60375,<entities.dtn.DTN object at 0x11165b670>,<entities.processor.Processor object at 0x111662af0>
26.895569999999992,0.2025800000000011,60375,<entities.dtn.DTN object at 0x11165b670>,<entities.processor.Processor object at 0x111662af0>
26.996419999999993,0.2025800000000011,60375,<entities.dtn.DTN object at 0x11165b670>,<entities.processor.Processor object at 0x111662af0>
27.097269999999995,0.2025800000000011,60375,<entities.dtn.DTN object at 0x11165b670>,<entities.processor.Processor object at 0x111662af0>
27.098119999999994,0.2025800000000011,60375,<entities.dtn.DTN object at 0x11165b670>,<entities.processor.Processor object at 0x111662af0>
27.198969999999996,0.2025800000000011,60375,<entities.dtn.DTN object at 0x11165b670>,<entities.processor.Processor object at 0x111662af0>
27.299819999999997,0.2025800000000011,60375,<entities.dtn.DTN object at 0x11165b670>,<entities.processor.Processor object at 0x111662af0>
27.300669999999997,0.2025800000000011,60375,<entities.dtn.DTN object at 0x11165b670>,<entities.processor.Processor object at 0x111662af0>
27.401519999999998,0.2025800000000011,60375,<entities.dtn.DTN object at 0x11165b670>,<entities.processor.Processor object at 0x111662af0>
27.50237,0.2025800000000011,60375,<entities.dtn.DTN object at 0x11165b670>,<entities.processor.Processor object at 0x111662af0>
27.50322,0.2025800000000011,60375,<entities.dtn.DTN object at 0x11165b670>,<entities.processor.Processor object at 0x111662af0>
27.50407,0.10257999999999967,60375,<entities.dtn.DTN object at 0x11165b670>,<entities.processor.Processor object at 0x111662af0>
27.70492,0.2025800000000011,60375,<entities.dtn.DTN object at 0x11165b670>,<entities.processor.Processor object at 0x111662af0>
27.70577,0.2025800000000011,60375,<entities.dtn.DTN object at 0x11165b670>,<entities.processor.Processor object at 0x111662af0>
27.70662,0.2025800000000011,60375,<entities.dtn.DTN object at 0x11165b670>,<entities.processor.Processor object at 0x111662af0>
28.007470000000005,0.3025800000000025,60375,<entities.dtn.DTN object at 0x11165b670>,<entities.processor.Processor object at 0x111662af0>
28.008320000000005,0.3025800000000025,60375,<entities.dtn.DTN object at 0x11165b670>,<entities.processor.Processor object at 0x111662af0>
28.009170000000005,0.3025800000000025,60375,<entities.dtn.DTN object at 0x11165b670>,<entities.processor.Processor object at 0x111662af0>
28.41002000000001,0.40258000000000393,60375,<entities.dtn.DTN object at 0x11165b670>,<entities.processor.Processor object at 0x111662af0>
28.41087000000001,0.40258000000000393,60375,<entities.dtn.DTN object at 0x11165b670>,<entities.processor.Processor object at 0x111662af0>
28.41172000000001,0.40258000000000393,60375,<entities.dtn.DTN object at 0x11165b670>,<entities.processor.Processor object at 0x111662af0>
29.012570000000018,0.6025800000000068,60375,<entities.dtn.DTN object at 0x11165b670>,<entities.processor.Processor object at 0x111662af0>
29.013420000000018,0.6025800000000068,60375,<entities.dtn.DTN object at 0x11165b670>,<entities.processor.Processor object at 0x111662af0>
29.014270000000018,0.6025800000000068,60375,<entities.dtn.DTN object at 0x11165b670>,<entities.processor.Processor object at 0x111662af0>
29.81512000000003,0.8025800000000096,60375,<entities.dtn.DTN object at 0x11165b670>,<entities.processor.Processor object at 0x111662af0>
29.81597000000003,0.8025800000000096,60375,<entities.dtn.DTN object at 0x11165b670>,<entities.processor.Processor object at 0x111662af0>
29.81682000000003,0.8025800000000096,60375,<entities.dtn.DTN object at 0x11165b670>,<entities.processor.Processor object at 0x111662af0>
30.51766000000004,0.7025700000000086,60375,<entities.dtn.DTN object at 0x11165b670>,<entities.processor.Processor object at 0x111662af0>
30.51849000000004,0.7025500000000093,60375,<entities.dtn.DTN object at 0x11165b670>,<entities.processor.Processor object at 0x111662af0>
30.51934000000004,0.7025500000000093,60375,<entities.dtn.DTN object at 0x11165b670>,<entities.processor.Processor object at 0x111662af0>
30.71994000000004,0.20230000000000103,60375,<entities.dtn.DTN object at 0x11165b670>,<entities.processor.Processor object at 0x111662af0>
18.31077499999978,5.176714999999916,41895,<entities.dtn.DTN object at 0x11165b670>,<entities.processor.Processor object at 0x111662370>
18.43954499999978,0.1288299999999971,41895,<entities.dtn.DTN object at 0x11165b670>,<entities.processor.Processor object at 0x111662370>
18.44114499999978,0.13039999999999807,41895,<entities.dtn.DTN object at 0x11165b670>,<entities.processor.Processor object at 0x111662370>
18.65874499999978,0.2192299999999996,41895,<entities.dtn.DTN object at 0x11165b670>,<entities.processor.Processor object at 0x111662370>
18.66034499999978,0.2192299999999996,41895,<entities.dtn.DTN object at 0x11165b670>,<entities.processor.Processor object at 0x111662370>
18.88114499999978,0.22242999999999924,41895,<entities.dtn.DTN object at 0x11165b670>,<entities.processor.Processor object at 0x111662370>
18.88274499999978,0.22242999999999924,41895,<entities.dtn.DTN object at 0x11165b670>,<entities.processor.Processor object at 0x111662370>
19.10994499999978,0.22882999999999853,41895,<entities.dtn.DTN object at 0x11165b670>,<entities.processor.Processor object at 0x111662370>
19.11154499999978,0.22882999999999853,41895,<entities.dtn.DTN object at 0x11165b670>,<entities.processor.Processor object at 0x111662370>
19.45154499999978,0.34162999999999855,41895,<entities.dtn.DTN object at 0x11165b670>,<entities.processor.Processor object at 0x111662370>
19.45314499999978,0.34162999999999855,41895,<entities.dtn.DTN object at 0x11165b670>,<entities.processor.Processor object at 0x111662370>
19.918744999999777,0.46722999999999715,41895,<entities.dtn.DTN object at 0x11165b670>,<entities.processor.Processor object at 0x111662370>
19.920344999999777,0.46722999999999715,41895,<entities.dtn.DTN object at 0x11165b670>,<entities.processor.Processor object at 0x111662370>
20.737144999999774,0.8184299999999958,41895,<entities.dtn.DTN object at 0x11165b670>,<entities.processor.Processor object at 0x111662370>
20.738744999999774,0.8184299999999958,41895,<entities.dtn.DTN object at 0x11165b670>,<entities.processor.Processor object at 0x111662370>
21.199544999999773,0.4624299999999977,41895,<entities.dtn.DTN object at 0x11165b670>,<entities.processor.Processor object at 0x111662370>
21.201144999999773,0.4624299999999977,41895,<entities.dtn.DTN object at 0x11165b670>,<entities.processor.Processor object at 0x111662370>
21.315544999999773,0.11602999999999852,41895,<entities.dtn.DTN object at 0x11165b670>,<entities.processor.Processor object at 0x111662370>
21.317144999999773,0.11602999999999852,41895,<entities.dtn.DTN object at 0x11165b670>,<entities.processor.Processor object at 0x111662370>
21.431544999999772,0.11602999999999852,41895,<entities.dtn.DTN object at 0x11165b670>,<entities.processor.Processor object at 0x111662370>
21.433144999999772,0.11602999999999852,41895,<entities.dtn.DTN object at 0x11165b670>,<entities.processor.Processor object at 0x111662370>
21.547544999999772,0.11602999999999852,41895,<entities.dtn.DTN object at 0x11165b670>,<entities.processor.Processor object at 0x111662370>
21.549144999999772,0.11602999999999852,41895,<entities.dtn.DTN object at 0x11165b670>,<entities.processor.Processor object at 0x111662370>
21.663544999999772,0.11602999999999852,41895,<entities.dtn.DTN object at 0x11165b670>,<entities.processor.Processor object at 0x111662370>
21.66514499999977,0.11602999999999852,41895,<entities.dtn.DTN object at 0x11165b670>,<entities.processor.Processor object at 0x111662370>
21.77954499999977,0.11602999999999852,41895,<entities.dtn.DTN object at 0x11165b670>,<entities.processor.Processor object at 0x111662370>
21.881144999999773,0.21602999999999994,41895,<entities.dtn.DTN object at 0x11165b670>,<entities.processor.Processor object at 0x111662370>
21.995544999999773,0.21602999999999994,41895,<entities.dtn.DTN object at 0x11165b670>,<entities.processor.Processor object at 0x111662370>
21.997144999999772,0.11602999999999852,41895,<entities.dtn.DTN object at 0x11165b670>,<entities.processor.Processor object at 0x111662370>
22.111544999999772,0.11602999999999852,41895,<entities.dtn.DTN object at 0x11165b670>,<entities.processor.Processor object at 0x111662370>
22.113144999999772,0.11602999999999852,41895,<entities.dtn.DTN object at 0x11165b670>,<entities.processor.Processor object at 0x111662370>
22.227544999999772,0.11602999999999852,41895,<entities.dtn.DTN object at 0x11165b670>,<entities.processor.Processor object at 0x111662370>
22.22914499999977,0.11602999999999852,41895,<entities.dtn.DTN object at 0x11165b670>,<entities.processor.Processor object at 0x111662370>
22.443544999999773,0.21602999999999994,41895,<entities.dtn.DTN object at 0x11165b670>,<entities.processor.Processor object at 0x111662370>
22.445144999999773,0.21602999999999994,41895,<entities.dtn.DTN object at 0x11165b670>,<entities.processor.Processor object at 0x111662370>
22.559544999999773,0.11602999999999852,41895,<entities.dtn.DTN object at 0x11165b670>,<entities.processor.Processor object at 0x111662370>
22.561144999999772,0.11602999999999852,41895,<entities.dtn.DTN object at 0x11165b670>,<entities.processor.Processor object at 0x111662370>
22.675544999999772,0.11602999999999852,41895,<entities.dtn.DTN object at 0x11165b670>,<entities.processor.Processor object at 0x111662370>
22.677144999999772,0.11602999999999852,41895,<entities.dtn.DTN object at 0x11165b670>,<entities.processor.Processor object at 0x111662370>
22.791544999999772,0.11602999999999852,41895,<entities.dtn.DTN object at 0x11165b670>,<entities.processor.Processor object at 0x111662370>
22.79314499999977,0.11602999999999852,41895,<entities.dtn.DTN object at 0x11165b670>,<entities.processor.Processor object at 0x111662370>
22.90754499999977,0.11602999999999852,41895,<entities.dtn.DTN object at 0x11165b670>,<entities.processor.Processor object at 0x111662370>
22.90914499999977,0.11602999999999852,41895,<entities.dtn.DTN object at 0x11165b670>,<entities.processor.Processor object at 0x111662370>
23.02354499999977,0.11602999999999852,41895,<entities.dtn.DTN object at 0x11165b670>,<entities.processor.Processor object at 0x111662370>
23.02514499999977,0.11602999999999852,41895,<entities.dtn.DTN object at 0x11165b670>,<entities.processor.Processor object at 0x111662370>
23.13954499999977,0.11602999999999852,41895,<entities.dtn.DTN object at 0x11165b670>,<entities.processor.Processor object at 0x111662370>
23.14114499999977,0.11602999999999852,41895,<entities.dtn.DTN object at 0x11165b670>,<entities.processor.Processor object at 0x111662370>
23.25554499999977,0.11602999999999852,41895,<entities.dtn.DTN object at 0x11165b670>,<entities.processor.Processor object at 0x111662370>
23.25714499999977,0.11602999999999852,41895,<entities.dtn.DTN object at 0x11165b670>,<entities.processor.Processor object at 0x111662370>
23.47154499999977,0.21602999999999994,41895,<entities.dtn.DTN object at 0x11165b670>,<entities.processor.Processor object at 0x111662370>
23.47314499999977,0.21602999999999994,41895,<entities.dtn.DTN object at 0x11165b670>,<entities.processor.Processor object at 0x111662370>
23.58754499999977,0.11602999999999852,41895,<entities.dtn.DTN object at 0x11165b670>,<entities.processor.Processor object at 0x111662370>
23.58914499999977,0.11602999999999852,41895,<entities.dtn.DTN object at 0x11165b670>,<entities.processor.Processor object at 0x111662370>
23.70354499999977,0.11602999999999852,41895,<entities.dtn.DTN object at 0x11165b670>,<entities.processor.Processor object at 0x111662370>
23.70514499999977,0.11602999999999852,41895,<entities.dtn.DTN object at 0x11165b670>,<entities.processor.Processor object at 0x111662370>
23.81954499999977,0.11602999999999852,41895,<entities.dtn.DTN object at 0x11165b670>,<entities.processor.Processor object at 0x111662370>
23.82114499999977,0.11602999999999852,41895,<entities.dtn.DTN object at 0x11165b670>,<entities.processor.Processor object at 0x111662370>
23.93554499999977,0.11602999999999852,41895,<entities.dtn.DTN object at 0x11165b670>,<entities.processor.Processor object at 0x111662370>
23.93714499999977,0.11602999999999852,41895,<entities.dtn.DTN object at 0x11165b670>,<entities.processor.Processor object at 0x111662370>
24.05154499999977,0.11602999999999852,41895,<entities.dtn.DTN object at 0x11165b670>,<entities.processor.Processor object at 0x111662370>
24.05314499999977,0.11602999999999852,41895,<entities.dtn.DTN object at 0x11165b670>,<entities.processor.Processor object at 0x111662370>
24.16754499999977,0.11602999999999852,41895,<entities.dtn.DTN object at 0x11165b670>,<entities.processor.Processor object at 0x111662370>
24.26914499999977,0.21602999999999994,41895,<entities.dtn.DTN object at 0x11165b670>,<entities.processor.Processor object at 0x111662370>
24.38354499999977,0.21602999999999994,41895,<entities.dtn.DTN object at 0x11165b670>,<entities.processor.Processor object at 0x111662370>
24.38514499999977,0.11602999999999852,41895,<entities.dtn.DTN object at 0x11165b670>,<entities.processor.Processor object at 0x111662370>
24.49954499999977,0.11602999999999852,41895,<entities.dtn.DTN object at 0x11165b670>,<entities.processor.Processor object at 0x111662370>
24.50114499999977,0.11602999999999852,41895,<entities.dtn.DTN object at 0x11165b670>,<entities.processor.Processor object at 0x111662370>
24.61554499999977,0.11602999999999852,41895,<entities.dtn.DTN object at 0x11165b670>,<entities.processor.Processor object at 0x111662370>
24.61714499999977,0.11602999999999852,41895,<entities.dtn.DTN object at 0x11165b670>,<entities.processor.Processor object at 0x111662370>
24.83154499999977,0.21602999999999994,41895,<entities.dtn.DTN object at 0x11165b670>,<entities.processor.Processor object at 0x111662370>
24.83314499999977,0.21602999999999994,41895,<entities.dtn.DTN object at 0x11165b670>,<entities.processor.Processor object at 0x111662370>
24.94754499999977,0.11602999999999852,41895,<entities.dtn.DTN object at 0x11165b670>,<entities.processor.Processor object at 0x111662370>
24.94914499999977,0.11602999999999852,41895,<entities.dtn.DTN object at 0x11165b670>,<entities.processor.Processor object at 0x111662370>
25.06354499999977,0.11602999999999852,41895,<entities.dtn.DTN object at 0x11165b670>,<entities.processor.Processor object at 0x111662370>
25.06514499999977,0.11602999999999852,41895,<entities.dtn.DTN object at 0x11165b670>,<entities.processor.Processor object at 0x111662370>
25.17954499999977,0.11602999999999852,41895,<entities.dtn.DTN object at 0x11165b670>,<entities.processor.Processor object at 0x111662370>
25.18114499999977,0.11602999999999852,41895,<entities.dtn.DTN object at 0x11165b670>,<entities.processor.Processor object at 0x111662370>
25.39554499999977,0.21602999999999994,41895,<entities.dtn.DTN object at 0x11165b670>,<entities.processor.Processor object at 0x111662370>
25.39714499999977,0.21602999999999994,41895,<entities.dtn.DTN object at 0x11165b670>,<entities.processor.Processor object at 0x111662370>
25.51154499999977,0.11602999999999852,41895,<entities.dtn.DTN object at 0x11165b670>,<entities.processor.Processor object at 0x111662370>
25.51314499999977,0.11602999999999852,41895,<entities.dtn.DTN object at 0x11165b670>,<entities.processor.Processor object at 0x111662370>
25.62754499999977,0.11602999999999852,41895,<entities.dtn.DTN object at 0x11165b670>,<entities.processor.Processor object at 0x111662370>
25.62914499999977,0.11602999999999852,41895,<entities.dtn.DTN object at 0x11165b670>,<entities.processor.Processor object at 0x111662370>
25.84354499999977,0.21602999999999994,41895,<entities.dtn.DTN object at 0x11165b670>,<entities.processor.Processor object at 0x111662370>
25.84514499999977,0.21602999999999994,41895,<entities.dtn.DTN object at 0x11165b670>,<entities.processor.Processor object at 0x111662370>
25.95954499999977,0.11602999999999852,41895,<entities.dtn.DTN object at 0x11165b670>,<entities.processor.Processor object at 0x111662370>
25.96114499999977,0.11602999999999852,41895,<entities.dtn.DTN object at 0x11165b670>,<entities.processor.Processor object at 0x111662370>
26.07554499999977,0.11602999999999852,41895,<entities.dtn.DTN object at 0x11165b670>,<entities.processor.Processor object at 0x111662370>
26.07714499999977,0.11602999999999852,41895,<entities.dtn.DTN object at 0x11165b670>,<entities.processor.Processor object at 0x111662370>
26.19154499999977,0.11602999999999852,41895,<entities.dtn.DTN object at 0x11165b670>,<entities.processor.Processor object at 0x111662370>
26.19314499999977,0.11602999999999852,41895,<entities.dtn.DTN object at 0x11165b670>,<entities.processor.Processor object at 0x111662370>
26.30754499999977,0.11602999999999852,41895,<entities.dtn.DTN object at 0x11165b670>,<entities.processor.Processor object at 0x111662370>
26.30914499999977,0.11602999999999852,41895,<entities.dtn.DTN object at 0x11165b670>,<entities.processor.Processor object at 0x111662370>
26.52354499999977,0.21602999999999994,41895,<entities.dtn.DTN object at 0x11165b670>,<entities.processor.Processor object at 0x111662370>
26.52514499999977,0.21602999999999994,41895,<entities.dtn.DTN object at 0x11165b670>,<entities.processor.Processor object at 0x111662370>
26.63954499999977,0.11602999999999852,41895,<entities.dtn.DTN object at 0x11165b670>,<entities.processor.Processor object at 0x111662370>
26.64114499999977,0.11602999999999852,41895,<entities.dtn.DTN object at 0x11165b670>,<entities.processor.Processor object at 0x111662370>
26.855544999999772,0.21602999999999994,41895,<entities.dtn.DTN object at 0x11165b670>,<entities.processor.Processor object at 0x111662370>
26.857144999999772,0.21602999999999994,41895,<entities.dtn.DTN object at 0x11165b670>,<entities.processor.Processor object at 0x111662370>
26.97154499999977,0.11602999999999852,41895,<entities.dtn.DTN object at 0x11165b670>,<entities.processor.Processor object at 0x111662370>
26.97314499999977,0.11602999999999852,41895,<entities.dtn.DTN object at 0x11165b670>,<entities.processor.Processor object at 0x111662370>
27.187544999999773,0.21602999999999994,41895,<entities.dtn.DTN object at 0x11165b670>,<entities.processor.Processor object at 0x111662370>
27.189144999999773,0.21602999999999994,41895,<entities.dtn.DTN object at 0x11165b670>,<entities.processor.Processor object at 0x111662370>
27.403544999999774,0.21602999999999994,41895,<entities.dtn.DTN object at 0x11165b670>,<entities.processor.Processor object at 0x111662370>
27.405144999999774,0.21602999999999994,41895,<entities.dtn.DTN object at 0x11165b670>,<entities.processor.Processor object at 0x111662370>
27.519544999999773,0.11602999999999852,41895,<entities.dtn.DTN object at 0x11165b670>,<entities.processor.Processor object at 0x111662370>
27.521144999999773,0.11602999999999852,41895,<entities.dtn.DTN object at 0x11165b670>,<entities.processor.Processor object at 0x111662370>
27.835574999999775,0.31606000000000023,41895,<entities.dtn.DTN object at 0x11165b670>,<entities.processor.Processor object at 0x111662370>
27.837144999999776,0.31603000000000137,41895,<entities.dtn.DTN object at 0x11165b670>,<entities.processor.Processor object at 0x111662370>
28.154744999999778,0.319230000000001,41895,<entities.dtn.DTN object at 0x11165b670>,<entities.processor.Processor object at 0x111662370>
28.156344999999778,0.320800000000002,41895,<entities.dtn.DTN object at 0x11165b670>,<entities.processor.Processor object at 0x111662370>
28.157944999999778,0.32083000000000084,41895,<entities.dtn.DTN object at 0x11165b670>,<entities.processor.Processor object at 0x111662370>
28.678744999999783,0.5240300000000033,41895,<entities.dtn.DTN object at 0x11165b670>,<entities.processor.Processor object at 0x111662370>
28.680344999999782,0.5240300000000033,41895,<entities.dtn.DTN object at 0x11165b670>,<entities.processor.Processor object at 0x111662370>
28.681944999999782,0.5240300000000033,41895,<entities.dtn.DTN object at 0x11165b670>,<entities.processor.Processor object at 0x111662370>
29.50274499999979,0.8240300000000076,41895,<entities.dtn.DTN object at 0x11165b670>,<entities.processor.Processor object at 0x111662370>
29.50434499999979,0.8240300000000076,41895,<entities.dtn.DTN object at 0x11165b670>,<entities.processor.Processor object at 0x111662370>
29.605944999999792,0.924030000000009,41895,<entities.dtn.DTN object at 0x11165b670>,<entities.processor.Processor object at 0x111662370>
30.4267449999998,0.924030000000009,41895,<entities.dtn.DTN object at 0x11165b670>,<entities.processor.Processor object at 0x111662370>
30.4283449999998,0.924030000000009,41895,<entities.dtn.DTN object at 0x11165b670>,<entities.processor.Processor object at 0x111662370>
30.4299449999998,0.8240300000000076,41895,<entities.dtn.DTN object at 0x11165b670>,<entities.processor.Processor object at 0x111662370>
30.6507449999998,0.22402999999999906,41895,<entities.dtn.DTN object at 0x11165b670>,<entities.processor.Processor object at 0x111662370>
30.752344999999803,0.3240300000000005,41895,<entities.dtn.DTN object at 0x11165b670>,<entities.processor.Processor object at 0x111662370>
30.753944999999803,0.3240300000000005,41895,<entities.dtn.DTN object at 0x11165b670>,<entities.processor.Processor object at 0x111662370>
30.974744999999803,0.3240300000000005,41895,<entities.dtn.DTN object at 0x11165b670>,<entities.processor.Processor object at 0x111662370>
30.976344999999803,0.22402999999999906,41895,<entities.dtn.DTN object at 0x11165b670>,<entities.processor.Processor object at 0x111662370>
30.977944999999803,0.22402999999999906,41895,<entities.dtn.DTN object at 0x11165b670>,<entities.processor.Processor object at 0x111662370>
31.298744999999805,0.3240300000000005,41895,<entities.dtn.DTN object at 0x11165b670>,<entities.processor.Processor object at 0x111662370>
31.300344999999805,0.3240300000000005,41895,<entities.dtn.DTN object at 0x11165b670>,<entities.processor.Processor object at 0x111662370>
31.301944999999805,0.3240300000000005,41895,<entities.dtn.DTN object at 0x11165b670>,<entities.processor.Processor object at 0x111662370>
31.722744999999808,0.4240300000000019,41895,<entities.dtn.DTN object at 0x11165b670>,<entities.processor.Processor object at 0x111662370>
31.724344999999808,0.4240300000000019,41895,<entities.dtn.DTN object at 0x11165b670>,<entities.processor.Processor object at 0x111662370>
31.725944999999808,0.4240300000000019,41895,<entities.dtn.DTN object at 0x11165b670>,<entities.processor.Processor object at 0x111662370>
32.44674499999985,0.7240300000000417,41895,<entities.dtn.DTN object at 0x11165b670>,<entities.processor.Processor object at 0x111662370>
32.448344999999854,0.7240300000000452,41895,<entities.dtn.DTN object at 0x11165b670>,<entities.processor.Processor object at 0x111662370>
32.44994499999986,0.7240300000000488,41895,<entities.dtn.DTN object at 0x11165b670>,<entities.processor.Processor object at 0x111662370>
33.27074499999991,0.8240300000000644,41895,<entities.dtn.DTN object at 0x11165b670>,<entities.processor.Processor object at 0x111662370>
33.272344999999916,0.8240300000000644,41895,<entities.dtn.DTN object at 0x11165b670>,<entities.processor.Processor object at 0x111662370>
33.27394499999992,0.8240300000000644,41895,<entities.dtn.DTN object at 0x11165b670>,<entities.processor.Processor object at 0x111662370>
33.79473499999997,0.524020000000057,41895,<entities.dtn.DTN object at 0x11165b670>,<entities.processor.Processor object at 0x111662370>
33.79631499999997,0.5240000000000578,41895,<entities.dtn.DTN object at 0x11165b670>,<entities.processor.Processor object at 0x111662370>
33.797914999999975,0.5240000000000578,41895,<entities.dtn.DTN object at 0x11165b670>,<entities.processor.Processor object at 0x111662370>
34.11451500000001,0.3198000000000434,41895,<entities.dtn.DTN object at 0x11165b670>,<entities.processor.Processor object at 0x111662370>
18.31877499999978,5.178184999999916,56170,<entities.dtn.DTN object at 0x11165b670>,<entities.processor.Processor object at 0x111662520>
18.54914499999978,0.23042999999999836,56170,<entities.dtn.DTN object at 0x11165b670>,<entities.processor.Processor object at 0x111662520>
18.55074499999978,0.23199999999999932,56170,<entities.dtn.DTN object at 0x11165b670>,<entities.processor.Processor object at 0x111662520>
18.76834499999978,0.2192299999999996,56170,<entities.dtn.DTN object at 0x11165b670>,<entities.processor.Processor object at 0x111662520>
18.76994499999978,0.2192299999999996,56170,<entities.dtn.DTN object at 0x11165b670>,<entities.processor.Processor object at 0x111662520>
18.99074499999978,0.22242999999999924,56170,<entities.dtn.DTN object at 0x11165b670>,<entities.processor.Processor object at 0x111662520>
18.99234499999978,0.22242999999999924,56170,<entities.dtn.DTN object at 0x11165b670>,<entities.processor.Processor object at 0x111662520>
19.21954499999978,0.22882999999999853,56170,<entities.dtn.DTN object at 0x11165b670>,<entities.processor.Processor object at 0x111662520>
19.22114499999978,0.22882999999999853,56170,<entities.dtn.DTN object at 0x11165b670>,<entities.processor.Processor object at 0x111662520>
19.56114499999978,0.34162999999999855,56170,<entities.dtn.DTN object at 0x11165b670>,<entities.processor.Processor object at 0x111662520>
19.56274499999978,0.34162999999999855,56170,<entities.dtn.DTN object at 0x11165b670>,<entities.processor.Processor object at 0x111662520>
20.028344999999778,0.46722999999999715,56170,<entities.dtn.DTN object at 0x11165b670>,<entities.processor.Processor object at 0x111662520>
20.029944999999778,0.46722999999999715,56170,<entities.dtn.DTN object at 0x11165b670>,<entities.processor.Processor object at 0x111662520>
20.746744999999773,0.7184299999999944,56170,<entities.dtn.DTN object at 0x11165b670>,<entities.processor.Processor object at 0x111662520>
20.848344999999775,0.8184299999999958,56170,<entities.dtn.DTN object at 0x11165b670>,<entities.processor.Processor object at 0x111662520>
21.209144999999772,0.4624299999999977,56170,<entities.dtn.DTN object at 0x11165b670>,<entities.processor.Processor object at 0x111662520>
21.210744999999772,0.36242999999999626,56170,<entities.dtn.DTN object at 0x11165b670>,<entities.processor.Processor object at 0x111662520>
21.32514499999977,0.11602999999999852,56170,<entities.dtn.DTN object at 0x11165b670>,<entities.processor.Processor object at 0x111662520>
21.426744999999773,0.21602999999999994,56170,<entities.dtn.DTN object at 0x11165b670>,<entities.processor.Processor object at 0x111662520>
21.541144999999773,0.21602999999999994,56170,<entities.dtn.DTN object at 0x11165b670>,<entities.processor.Processor object at 0x111662520>
21.542744999999773,0.11602999999999852,56170,<entities.dtn.DTN object at 0x11165b670>,<entities.processor.Processor object at 0x111662520>
21.657144999999772,0.11602999999999852,56170,<entities.dtn.DTN object at 0x11165b670>,<entities.processor.Processor object at 0x111662520>
21.658744999999772,0.11602999999999852,56170,<entities.dtn.DTN object at 0x11165b670>,<entities.processor.Processor object at 0x111662520>
21.773144999999772,0.11602999999999852,56170,<entities.dtn.DTN object at 0x11165b670>,<entities.processor.Processor object at 0x111662520>
21.774744999999772,0.11602999999999852,56170,<entities.dtn.DTN object at 0x11165b670>,<entities.processor.Processor object at 0x111662520>
21.889144999999772,0.11602999999999852,56170,<entities.dtn.DTN object at 0x11165b670>,<entities.processor.Processor object at 0x111662520>
21.89074499999977,0.11602999999999852,56170,<entities.dtn.DTN object at 0x11165b670>,<entities.processor.Processor object at 0x111662520>
22.00514499999977,0.11602999999999852,56170,<entities.dtn.DTN object at 0x11165b670>,<entities.processor.Processor object at 0x111662520>
22.106744999999773,0.21602999999999994,56170,<entities.dtn.DTN object at 0x11165b670>,<entities.processor.Processor object at 0x111662520>
22.221144999999773,0.21602999999999994,56170,<entities.dtn.DTN object at 0x11165b670>,<entities.processor.Processor object at 0x111662520>
22.222744999999772,0.11602999999999852,56170,<entities.dtn.DTN object at 0x11165b670>,<entities.processor.Processor object at 0x111662520>
22.337144999999772,0.11602999999999852,56170,<entities.dtn.DTN object at 0x11165b670>,<entities.processor.Processor object at 0x111662520>
22.338744999999772,0.11602999999999852,56170,<entities.dtn.DTN object at 0x11165b670>,<entities.processor.Processor object at 0x111662520>
22.453144999999772,0.11602999999999852,56170,<entities.dtn.DTN object at 0x11165b670>,<entities.processor.Processor object at 0x111662520>
22.45474499999977,0.11602999999999852,56170,<entities.dtn.DTN object at 0x11165b670>,<entities.processor.Processor object at 0x111662520>
22.56914499999977,0.11602999999999852,56170,<entities.dtn.DTN object at 0x11165b670>,<entities.processor.Processor object at 0x111662520>
22.57074499999977,0.11602999999999852,56170,<entities.dtn.DTN object at 0x11165b670>,<entities.processor.Processor object at 0x111662520>
22.785144999999773,0.21602999999999994,56170,<entities.dtn.DTN object at 0x11165b670>,<entities.processor.Processor object at 0x111662520>
22.786744999999772,0.21602999999999994,56170,<entities.dtn.DTN object at 0x11165b670>,<entities.processor.Processor object at 0x111662520>
22.901144999999772,0.11602999999999852,56170,<entities.dtn.DTN object at 0x11165b670>,<entities.processor.Processor object at 0x111662520>
22.902744999999772,0.11602999999999852,56170,<entities.dtn.DTN object at 0x11165b670>,<entities.processor.Processor object at 0x111662520>
23.017144999999772,0.11602999999999852,56170,<entities.dtn.DTN object at 0x11165b670>,<entities.processor.Processor object at 0x111662520>
23.01874499999977,0.11602999999999852,56170,<entities.dtn.DTN object at 0x11165b670>,<entities.processor.Processor object at 0x111662520>
23.13314499999977,0.11602999999999852,56170,<entities.dtn.DTN object at 0x11165b670>,<entities.processor.Processor object at 0x111662520>
23.13474499999977,0.11602999999999852,56170,<entities.dtn.DTN object at 0x11165b670>,<entities.processor.Processor object at 0x111662520>
23.24914499999977,0.11602999999999852,56170,<entities.dtn.DTN object at 0x11165b670>,<entities.processor.Processor object at 0x111662520>
23.25074499999977,0.11602999999999852,56170,<entities.dtn.DTN object at 0x11165b670>,<entities.processor.Processor object at 0x111662520>
23.36514499999977,0.11602999999999852,56170,<entities.dtn.DTN object at 0x11165b670>,<entities.processor.Processor object at 0x111662520>
23.36674499999977,0.11602999999999852,56170,<entities.dtn.DTN object at 0x11165b670>,<entities.processor.Processor object at 0x111662520>
23.48114499999977,0.11602999999999852,56170,<entities.dtn.DTN object at 0x11165b670>,<entities.processor.Processor object at 0x111662520>
23.48274499999977,0.11602999999999852,56170,<entities.dtn.DTN object at 0x11165b670>,<entities.processor.Processor object at 0x111662520>
23.59714499999977,0.11602999999999852,56170,<entities.dtn.DTN object at 0x11165b670>,<entities.processor.Processor object at 0x111662520>
23.69874499999977,0.21602999999999994,56170,<entities.dtn.DTN object at 0x11165b670>,<entities.processor.Processor object at 0x111662520>
23.81314499999977,0.21602999999999994,56170,<entities.dtn.DTN object at 0x11165b670>,<entities.processor.Processor object at 0x111662520>
23.81474499999977,0.11602999999999852,56170,<entities.dtn.DTN object at 0x11165b670>,<entities.processor.Processor object at 0x111662520>
23.92914499999977,0.11602999999999852,56170,<entities.dtn.DTN object at 0x11165b670>,<entities.processor.Processor object at 0x111662520>
23.93074499999977,0.11602999999999852,56170,<entities.dtn.DTN object at 0x11165b670>,<entities.processor.Processor object at 0x111662520>
24.04514499999977,0.11602999999999852,56170,<entities.dtn.DTN object at 0x11165b670>,<entities.processor.Processor object at 0x111662520>
24.04674499999977,0.11602999999999852,56170,<entities.dtn.DTN object at 0x11165b670>,<entities.processor.Processor object at 0x111662520>
24.16114499999977,0.11602999999999852,56170,<entities.dtn.DTN object at 0x11165b670>,<entities.processor.Processor object at 0x111662520>
24.16274499999977,0.11602999999999852,56170,<entities.dtn.DTN object at 0x11165b670>,<entities.processor.Processor object at 0x111662520>
24.37714499999977,0.21602999999999994,56170,<entities.dtn.DTN object at 0x11165b670>,<entities.processor.Processor object at 0x111662520>
24.37874499999977,0.21602999999999994,56170,<entities.dtn.DTN object at 0x11165b670>,<entities.processor.Processor object at 0x111662520>
24.49314499999977,0.11602999999999852,56170,<entities.dtn.DTN object at 0x11165b670>,<entities.processor.Processor object at 0x111662520>
24.49474499999977,0.11602999999999852,56170,<entities.dtn.DTN object at 0x11165b670>,<entities.processor.Processor object at 0x111662520>
24.60914499999977,0.11602999999999852,56170,<entities.dtn.DTN object at 0x11165b670>,<entities.processor.Processor object at 0x111662520>
24.61074499999977,0.11602999999999852,56170,<entities.dtn.DTN object at 0x11165b670>,<entities.processor.Processor object at 0x111662520>
24.72514499999977,0.11602999999999852,56170,<entities.dtn.DTN object at 0x11165b670>,<entities.processor.Processor object at 0x111662520>
24.82674499999977,0.21602999999999994,56170,<entities.dtn.DTN object at 0x11165b670>,<entities.processor.Processor object at 0x111662520>
24.94114499999977,0.21602999999999994,56170,<entities.dtn.DTN object at 0x11165b670>,<entities.processor.Processor object at 0x111662520>
24.94274499999977,0.11602999999999852,56170,<entities.dtn.DTN object at 0x11165b670>,<entities.processor.Processor object at 0x111662520>
25.05714499999977,0.11602999999999852,56170,<entities.dtn.DTN object at 0x11165b670>,<entities.processor.Processor object at 0x111662520>
25.05874499999977,0.11602999999999852,56170,<entities.dtn.DTN object at 0x11165b670>,<entities.processor.Processor object at 0x111662520>
25.17314499999977,0.11602999999999852,56170,<entities.dtn.DTN object at 0x11165b670>,<entities.processor.Processor object at 0x111662520>
25.17474499999977,0.11602999999999852,56170,<entities.dtn.DTN object at 0x11165b670>,<entities.processor.Processor object at 0x111662520>
25.28914499999977,0.11602999999999852,56170,<entities.dtn.DTN object at 0x11165b670>,<entities.processor.Processor object at 0x111662520>
25.29074499999977,0.11602999999999852,56170,<entities.dtn.DTN object at 0x11165b670>,<entities.processor.Processor object at 0x111662520>
25.40514499999977,0.11602999999999852,56170,<entities.dtn.DTN object at 0x11165b670>,<entities.processor.Processor object at 0x111662520>
25.40674499999977,0.11602999999999852,56170,<entities.dtn.DTN object at 0x11165b670>,<entities.processor.Processor object at 0x111662520>
25.52114499999977,0.11602999999999852,56170,<entities.dtn.DTN object at 0x11165b670>,<entities.processor.Processor object at 0x111662520>
25.62274499999977,0.21602999999999994,56170,<entities.dtn.DTN object at 0x11165b670>,<entities.processor.Processor object at 0x111662520>
25.73714499999977,0.21602999999999994,56170,<entities.dtn.DTN object at 0x11165b670>,<entities.processor.Processor object at 0x111662520>
25.73874499999977,0.11602999999999852,56170,<entities.dtn.DTN object at 0x11165b670>,<entities.processor.Processor object at 0x111662520>
25.85314499999977,0.11602999999999852,56170,<entities.dtn.DTN object at 0x11165b670>,<entities.processor.Processor object at 0x111662520>
25.85474499999977,0.11602999999999852,56170,<entities.dtn.DTN object at 0x11165b670>,<entities.processor.Processor object at 0x111662520>
25.96914499999977,0.11602999999999852,56170,<entities.dtn.DTN object at 0x11165b670>,<entities.processor.Processor object at 0x111662520>
25.97074499999977,0.11602999999999852,56170,<entities.dtn.DTN object at 0x11165b670>,<entities.processor.Processor object at 0x111662520>
26.18514499999977,0.21602999999999994,56170,<entities.dtn.DTN object at 0x11165b670>,<entities.processor.Processor object at 0x111662520>
26.18674499999977,0.21602999999999994,56170,<entities.dtn.DTN object at 0x11165b670>,<entities.processor.Processor object at 0x111662520>
26.30114499999977,0.11602999999999852,56170,<entities.dtn.DTN object at 0x11165b670>,<entities.processor.Processor object at 0x111662520>
26.30274499999977,0.11602999999999852,56170,<entities.dtn.DTN object at 0x11165b670>,<entities.processor.Processor object at 0x111662520>
26.41714499999977,0.11602999999999852,56170,<entities.dtn.DTN object at 0x11165b670>,<entities.processor.Processor object at 0x111662520>
26.51874499999977,0.21602999999999994,56170,<entities.dtn.DTN object at 0x11165b670>,<entities.processor.Processor object at 0x111662520>
26.63314499999977,0.21602999999999994,56170,<entities.dtn.DTN object at 0x11165b670>,<entities.processor.Processor object at 0x111662520>
26.63474499999977,0.11602999999999852,56170,<entities.dtn.DTN object at 0x11165b670>,<entities.processor.Processor object at 0x111662520>
26.74914499999977,0.11602999999999852,56170,<entities.dtn.DTN object at 0x11165b670>,<entities.processor.Processor object at 0x111662520>
26.75074499999977,0.11602999999999852,56170,<entities.dtn.DTN object at 0x11165b670>,<entities.processor.Processor object at 0x111662520>
26.965144999999772,0.21602999999999994,56170,<entities.dtn.DTN object at 0x11165b670>,<entities.processor.Processor object at 0x111662520>
26.966744999999772,0.21602999999999994,56170,<entities.dtn.DTN object at 0x11165b670>,<entities.processor.Processor object at 0x111662520>
27.081144999999772,0.11602999999999852,56170,<entities.dtn.DTN object at 0x11165b670>,<entities.processor.Processor object at 0x111662520>
27.182744999999773,0.21602999999999994,56170,<entities.dtn.DTN object at 0x11165b670>,<entities.processor.Processor object at 0x111662520>
27.297144999999773,0.21602999999999994,56170,<entities.dtn.DTN object at 0x11165b670>,<entities.processor.Processor object at 0x111662520>
27.298744999999773,0.11602999999999852,56170,<entities.dtn.DTN object at 0x11165b670>,<entities.processor.Processor object at 0x111662520>
27.513144999999774,0.21602999999999994,56170,<entities.dtn.DTN object at 0x11165b670>,<entities.processor.Processor object at 0x111662520>
27.514744999999774,0.21602999999999994,56170,<entities.dtn.DTN object at 0x11165b670>,<entities.processor.Processor object at 0x111662520>
27.729144999999775,0.21602999999999994,56170,<entities.dtn.DTN object at 0x11165b670>,<entities.processor.Processor object at 0x111662520>
27.730744999999775,0.21602999999999994,56170,<entities.dtn.DTN object at 0x11165b670>,<entities.processor.Processor object at 0x111662520>
28.048374999999776,0.3192599999999999,56170,<entities.dtn.DTN object at 0x11165b670>,<entities.processor.Processor object at 0x111662520>
28.14994499999978,0.41923000000000243,56170,<entities.dtn.DTN object at 0x11165b670>,<entities.processor.Processor object at 0x111662520>
28.569144999999782,0.5208300000000037,56170,<entities.dtn.DTN object at 0x11165b670>,<entities.processor.Processor object at 0x111662520>
28.570744999999782,0.5224000000000046,56170,<entities.dtn.DTN object at 0x11165b670>,<entities.processor.Processor object at 0x111662520>
28.572344999999782,0.4224300000000021,56170,<entities.dtn.DTN object at 0x11165b670>,<entities.processor.Processor object at 0x111662520>
29.39314499999979,0.8240300000000076,56170,<entities.dtn.DTN object at 0x11165b670>,<entities.processor.Processor object at 0x111662520>
29.39474499999979,0.8240300000000076,56170,<entities.dtn.DTN object at 0x11165b670>,<entities.processor.Processor object at 0x111662520>
29.39634499999979,0.8240300000000076,56170,<entities.dtn.DTN object at 0x11165b670>,<entities.processor.Processor object at 0x111662520>
30.3171449999998,0.924030000000009,56170,<entities.dtn.DTN object at 0x11165b670>,<entities.processor.Processor object at 0x111662520>
30.3187449999998,0.924030000000009,56170,<entities.dtn.DTN object at 0x11165b670>,<entities.processor.Processor object at 0x111662520>
30.3203449999998,0.924030000000009,56170,<entities.dtn.DTN object at 0x11165b670>,<entities.processor.Processor object at 0x111662520>
30.641144999999803,0.3240300000000005,56170,<entities.dtn.DTN object at 0x11165b670>,<entities.processor.Processor object at 0x111662520>
30.642744999999803,0.3240300000000005,56170,<entities.dtn.DTN object at 0x11165b670>,<entities.processor.Processor object at 0x111662520>
30.644344999999802,0.3240300000000005,56170,<entities.dtn.DTN object at 0x11165b670>,<entities.processor.Processor object at 0x111662520>
30.865144999999803,0.22402999999999906,56170,<entities.dtn.DTN object at 0x11165b670>,<entities.processor.Processor object at 0x111662520>
30.866744999999803,0.22402999999999906,56170,<entities.dtn.DTN object at 0x11165b670>,<entities.processor.Processor object at 0x111662520>
30.868344999999803,0.22402999999999906,56170,<entities.dtn.DTN object at 0x11165b670>,<entities.processor.Processor object at 0x111662520>
31.189144999999804,0.3240300000000005,56170,<entities.dtn.DTN object at 0x11165b670>,<entities.processor.Processor object at 0x111662520>
31.190744999999804,0.3240300000000005,56170,<entities.dtn.DTN object at 0x11165b670>,<entities.processor.Processor object at 0x111662520>
31.192344999999804,0.3240300000000005,56170,<entities.dtn.DTN object at 0x11165b670>,<entities.processor.Processor object at 0x111662520>
31.613144999999808,0.4240300000000019,56170,<entities.dtn.DTN object at 0x11165b670>,<entities.processor.Processor object at 0x111662520>
31.614744999999807,0.4240300000000019,56170,<entities.dtn.DTN object at 0x11165b670>,<entities.processor.Processor object at 0x111662520>
31.616344999999807,0.4240300000000019,56170,<entities.dtn.DTN object at 0x11165b670>,<entities.processor.Processor object at 0x111662520>
32.23714499999983,0.624030000000019,56170,<entities.dtn.DTN object at 0x11165b670>,<entities.processor.Processor object at 0x111662520>
32.23874499999983,0.6240300000000225,56170,<entities.dtn.DTN object at 0x11165b670>,<entities.processor.Processor object at 0x111662520>
32.240344999999834,0.6240300000000261,56170,<entities.dtn.DTN object at 0x11165b670>,<entities.processor.Processor object at 0x111662520>
33.16114499999989,0.9240300000000659,56170,<entities.dtn.DTN object at 0x11165b670>,<entities.processor.Processor object at 0x111662520>
33.162744999999894,0.9240300000000659,56170,<entities.dtn.DTN object at 0x11165b670>,<entities.processor.Processor object at 0x111662520>
33.1643449999999,0.9240300000000659,56170,<entities.dtn.DTN object at 0x11165b670>,<entities.processor.Processor object at 0x111662520>
33.68514499999995,0.5240300000000602,56170,<entities.dtn.DTN object at 0x11165b670>,<entities.processor.Processor object at 0x111662520>
33.786744999999954,0.6240300000000616,56170,<entities.dtn.DTN object at 0x11165b670>,<entities.processor.Processor object at 0x111662520>
33.78834499999996,0.6240300000000616,56170,<entities.dtn.DTN object at 0x11165b670>,<entities.processor.Processor object at 0x111662520>
33.90544499999999,0.22033000000004677,56170,<entities.dtn.DTN object at 0x11165b670>,<entities.processor.Processor object at 0x111662520>
34.107045,0.3203300000000482,56170,<entities.dtn.DTN object at 0x11165b670>,<entities.processor.Processor object at 0x111662520>
34.108645,0.3203300000000482,56170,<entities.dtn.DTN object at 0x11165b670>,<entities.processor.Processor object at 0x111662520>
34.22094500000003,0.31553000000003806,56170,<entities.dtn.DTN object at 0x11165b670>,<entities.processor.Processor object at 0x111662520>
34.52254500000004,0.4155300000000395,56170,<entities.dtn.DTN object at 0x11165b670>,<entities.processor.Processor object at 0x111662520>
34.52414500000004,0.4155300000000395,56170,<entities.dtn.DTN object at 0x11165b670>,<entities.processor.Processor object at 0x111662520>
34.635345000000065,0.4144300000000385,56170,<entities.dtn.DTN object at 0x11165b670>,<entities.processor.Processor object at 0x111662520>
35.33694500000008,0.8144300000000442,56170,<entities.dtn.DTN object at 0x11165b670>,<entities.processor.Processor object at 0x111662520>
35.33854500000008,0.8144300000000442,56170,<entities.dtn.DTN object at 0x11165b670>,<entities.processor.Processor object at 0x111662520>
35.44974500000011,0.8144300000000442,56170,<entities.dtn.DTN object at 0x11165b670>,<entities.processor.Processor object at 0x111662520>
36.15134500000012,0.8144300000000442,56170,<entities.dtn.DTN object at 0x11165b670>,<entities.processor.Processor object at 0x111662520>
36.15294500000012,0.8144300000000442,56170,<entities.dtn.DTN object at 0x11165b670>,<entities.processor.Processor object at 0x111662520>
36.263645000000146,0.8139300000000418,56170,<entities.dtn.DTN object at 0x11165b670>,<entities.processor.Processor object at 0x111662520>
36.36524500000015,0.21393000000003326,56170,<entities.dtn.DTN object at 0x11165b670>,<entities.processor.Processor object at 0x111662520>
36.36681500000015,0.21390000000003084,56170,<entities.dtn.DTN object at 0x11165b670>,<entities.processor.Processor object at 0x111662520>
36.47321500000017,0.2096000000000231,56170,<entities.dtn.DTN object at 0x11165b670>,<entities.processor.Processor object at 0x111662520>
36.47481500000017,0.10960000000002168,56170,<entities.dtn.DTN object at 0x11165b670>,<entities.processor.Processor object at 0x111662520>
18.32037499999978,5.179654999999915,34871,<entities.dtn.DTN object at 0x11165b670>,<entities.processor.Processor object at 0x111662520>
18.55234499999978,0.23202999999999818,34871,<entities.dtn.DTN object at 0x11165b670>,<entities.processor.Processor object at 0x111662520>
18.55394499999978,0.23359999999999914,34871,<entities.dtn.DTN object at 0x11165b670>,<entities.processor.Processor object at 0x111662520>
18.77154499999978,0.2192299999999996,34871,<entities.dtn.DTN object at 0x11165b670>,<entities.processor.Processor object at 0x111662520>
18.77314499999978,0.2192299999999996,34871,<entities.dtn.DTN object at 0x11165b670>,<entities.processor.Processor object at 0x111662520>
18.99394499999978,0.22242999999999924,34871,<entities.dtn.DTN object at 0x11165b670>,<entities.processor.Processor object at 0x111662520>
18.99554499999978,0.22242999999999924,34871,<entities.dtn.DTN object at 0x11165b670>,<entities.processor.Processor object at 0x111662520>
19.22274499999978,0.22882999999999853,34871,<entities.dtn.DTN object at 0x11165b670>,<entities.processor.Processor object at 0x111662520>
19.22434499999978,0.22882999999999853,34871,<entities.dtn.DTN object at 0x11165b670>,<entities.processor.Processor object at 0x111662520>
19.56434499999978,0.34162999999999855,34871,<entities.dtn.DTN object at 0x11165b670>,<entities.processor.Processor object at 0x111662520>
19.56594499999978,0.34162999999999855,34871,<entities.dtn.DTN object at 0x11165b670>,<entities.processor.Processor object at 0x111662520>
20.031544999999777,0.46722999999999715,34871,<entities.dtn.DTN object at 0x11165b670>,<entities.processor.Processor object at 0x111662520>
20.033144999999777,0.46722999999999715,34871,<entities.dtn.DTN object at 0x11165b670>,<entities.processor.Processor object at 0x111662520>
20.849944999999774,0.8184299999999958,34871,<entities.dtn.DTN object at 0x11165b670>,<entities.processor.Processor object at 0x111662520>
20.851544999999774,0.8184299999999958,34871,<entities.dtn.DTN object at 0x11165b670>,<entities.processor.Processor object at 0x111662520>
21.21234499999977,0.36242999999999626,34871,<entities.dtn.DTN object at 0x11165b670>,<entities.processor.Processor object at 0x111662520>
21.313944999999773,0.4624299999999977,34871,<entities.dtn.DTN object at 0x11165b670>,<entities.processor.Processor object at 0x111662520>
21.428344999999773,0.21602999999999994,34871,<entities.dtn.DTN object at 0x11165b670>,<entities.processor.Processor object at 0x111662520>
21.429944999999773,0.11602999999999852,34871,<entities.dtn.DTN object at 0x11165b670>,<entities.processor.Processor object at 0x111662520>
21.544344999999772,0.11602999999999852,34871,<entities.dtn.DTN object at 0x11165b670>,<entities.processor.Processor object at 0x111662520>
21.545944999999772,0.11602999999999852,34871,<entities.dtn.DTN object at 0x11165b670>,<entities.processor.Processor object at 0x111662520>
21.660344999999772,0.11602999999999852,34871,<entities.dtn.DTN object at 0x11165b670>,<entities.processor.Processor object at 0x111662520>
21.661944999999772,0.11602999999999852,34871,<entities.dtn.DTN object at 0x11165b670>,<entities.processor.Processor object at 0x111662520>
21.776344999999772,0.11602999999999852,34871,<entities.dtn.DTN object at 0x11165b670>,<entities.processor.Processor object at 0x111662520>
21.77794499999977,0.11602999999999852,34871,<entities.dtn.DTN object at 0x11165b670>,<entities.processor.Processor object at 0x111662520>
21.89234499999977,0.11602999999999852,34871,<entities.dtn.DTN object at 0x11165b670>,<entities.processor.Processor object at 0x111662520>
21.993944999999773,0.21602999999999994,34871,<entities.dtn.DTN object at 0x11165b670>,<entities.processor.Processor object at 0x111662520>
22.108344999999773,0.21602999999999994,34871,<entities.dtn.DTN object at 0x11165b670>,<entities.processor.Processor object at 0x111662520>
22.109944999999772,0.11602999999999852,34871,<entities.dtn.DTN object at 0x11165b670>,<entities.processor.Processor object at 0x111662520>
22.224344999999772,0.11602999999999852,34871,<entities.dtn.DTN object at 0x11165b670>,<entities.processor.Processor object at 0x111662520>
22.225944999999772,0.11602999999999852,34871,<entities.dtn.DTN object at 0x11165b670>,<entities.processor.Processor object at 0x111662520>
22.340344999999772,0.11602999999999852,34871,<entities.dtn.DTN object at 0x11165b670>,<entities.processor.Processor object at 0x111662520>
22.34194499999977,0.11602999999999852,34871,<entities.dtn.DTN object at 0x11165b670>,<entities.processor.Processor object at 0x111662520>
22.45634499999977,0.11602999999999852,34871,<entities.dtn.DTN object at 0x11165b670>,<entities.processor.Processor object at 0x111662520>
22.45794499999977,0.11602999999999852,34871,<entities.dtn.DTN object at 0x11165b670>,<entities.processor.Processor object at 0x111662520>
22.57234499999977,0.11602999999999852,34871,<entities.dtn.DTN object at 0x11165b670>,<entities.processor.Processor object at 0x111662520>
22.673944999999772,0.21602999999999994,34871,<entities.dtn.DTN object at 0x11165b670>,<entities.processor.Processor object at 0x111662520>
22.788344999999772,0.21602999999999994,34871,<entities.dtn.DTN object at 0x11165b670>,<entities.processor.Processor object at 0x111662520>
22.789944999999772,0.11602999999999852,34871,<entities.dtn.DTN object at 0x11165b670>,<entities.processor.Processor object at 0x111662520>
22.904344999999772,0.11602999999999852,34871,<entities.dtn.DTN object at 0x11165b670>,<entities.processor.Processor object at 0x111662520>
22.90594499999977,0.11602999999999852,34871,<entities.dtn.DTN object at 0x11165b670>,<entities.processor.Processor object at 0x111662520>
23.02034499999977,0.11602999999999852,34871,<entities.dtn.DTN object at 0x11165b670>,<entities.processor.Processor object at 0x111662520>
23.02194499999977,0.11602999999999852,34871,<entities.dtn.DTN object at 0x11165b670>,<entities.processor.Processor object at 0x111662520>
23.13634499999977,0.11602999999999852,34871,<entities.dtn.DTN object at 0x11165b670>,<entities.processor.Processor object at 0x111662520>
23.13794499999977,0.11602999999999852,34871,<entities.dtn.DTN object at 0x11165b670>,<entities.processor.Processor object at 0x111662520>
23.25234499999977,0.11602999999999852,34871,<entities.dtn.DTN object at 0x11165b670>,<entities.processor.Processor object at 0x111662520>
23.25394499999977,0.11602999999999852,34871,<entities.dtn.DTN object at 0x11165b670>,<entities.processor.Processor object at 0x111662520>
23.36834499999977,0.11602999999999852,34871,<entities.dtn.DTN object at 0x11165b670>,<entities.processor.Processor object at 0x111662520>
23.36994499999977,0.11602999999999852,34871,<entities.dtn.DTN object at 0x11165b670>,<entities.processor.Processor object at 0x111662520>
23.48434499999977,0.11602999999999852,34871,<entities.dtn.DTN object at 0x11165b670>,<entities.processor.Processor object at 0x111662520>
23.58594499999977,0.21602999999999994,34871,<entities.dtn.DTN object at 0x11165b670>,<entities.processor.Processor object at 0x111662520>
23.70034499999977,0.21602999999999994,34871,<entities.dtn.DTN object at 0x11165b670>,<entities.processor.Processor object at 0x111662520>
23.70194499999977,0.11602999999999852,34871,<entities.dtn.DTN object at 0x11165b670>,<entities.processor.Processor object at 0x111662520>
23.81634499999977,0.11602999999999852,34871,<entities.dtn.DTN object at 0x11165b670>,<entities.processor.Processor object at 0x111662520>
23.81794499999977,0.11602999999999852,34871,<entities.dtn.DTN object at 0x11165b670>,<entities.processor.Processor object at 0x111662520>
23.93234499999977,0.11602999999999852,34871,<entities.dtn.DTN object at 0x11165b670>,<entities.processor.Processor object at 0x111662520>
23.93394499999977,0.11602999999999852,34871,<entities.dtn.DTN object at 0x11165b670>,<entities.processor.Processor object at 0x111662520>
24.04834499999977,0.11602999999999852,34871,<entities.dtn.DTN object at 0x11165b670>,<entities.processor.Processor object at 0x111662520>
24.04994499999977,0.11602999999999852,34871,<entities.dtn.DTN object at 0x11165b670>,<entities.processor.Processor object at 0x111662520>
24.16434499999977,0.11602999999999852,34871,<entities.dtn.DTN object at 0x11165b670>,<entities.processor.Processor object at 0x111662520>
24.16594499999977,0.11602999999999852,34871,<entities.dtn.DTN object at 0x11165b670>,<entities.processor.Processor object at 0x111662520>
24.38034499999977,0.21602999999999994,34871,<entities.dtn.DTN object at 0x11165b670>,<entities.processor.Processor object at 0x111662520>
24.38194499999977,0.21602999999999994,34871,<entities.dtn.DTN object at 0x11165b670>,<entities.processor.Processor object at 0x111662520>
24.49634499999977,0.11602999999999852,34871,<entities.dtn.DTN object at 0x11165b670>,<entities.processor.Processor object at 0x111662520>
24.49794499999977,0.11602999999999852,34871,<entities.dtn.DTN object at 0x11165b670>,<entities.processor.Processor object at 0x111662520>
24.61234499999977,0.11602999999999852,34871,<entities.dtn.DTN object at 0x11165b670>,<entities.processor.Processor object at 0x111662520>
24.61394499999977,0.11602999999999852,34871,<entities.dtn.DTN object at 0x11165b670>,<entities.processor.Processor object at 0x111662520>
24.82834499999977,0.21602999999999994,34871,<entities.dtn.DTN object at 0x11165b670>,<entities.processor.Processor object at 0x111662520>
24.82994499999977,0.21602999999999994,34871,<entities.dtn.DTN object at 0x11165b670>,<entities.processor.Processor object at 0x111662520>
24.94434499999977,0.11602999999999852,34871,<entities.dtn.DTN object at 0x11165b670>,<entities.processor.Processor object at 0x111662520>
24.94594499999977,0.11602999999999852,34871,<entities.dtn.DTN object at 0x11165b670>,<entities.processor.Processor object at 0x111662520>
25.06034499999977,0.11602999999999852,34871,<entities.dtn.DTN object at 0x11165b670>,<entities.processor.Processor object at 0x111662520>
25.06194499999977,0.11602999999999852,34871,<entities.dtn.DTN object at 0x11165b670>,<entities.processor.Processor object at 0x111662520>
25.17634499999977,0.11602999999999852,34871,<entities.dtn.DTN object at 0x11165b670>,<entities.processor.Processor object at 0x111662520>
25.17794499999977,0.11602999999999852,34871,<entities.dtn.DTN object at 0x11165b670>,<entities.processor.Processor object at 0x111662520>
25.29234499999977,0.11602999999999852,34871,<entities.dtn.DTN object at 0x11165b670>,<entities.processor.Processor object at 0x111662520>
25.29394499999977,0.11602999999999852,34871,<entities.dtn.DTN object at 0x11165b670>,<entities.processor.Processor object at 0x111662520>
25.50834499999977,0.21602999999999994,34871,<entities.dtn.DTN object at 0x11165b670>,<entities.processor.Processor object at 0x111662520>
25.50994499999977,0.21602999999999994,34871,<entities.dtn.DTN object at 0x11165b670>,<entities.processor.Processor object at 0x111662520>
25.62434499999977,0.11602999999999852,34871,<entities.dtn.DTN object at 0x11165b670>,<entities.processor.Processor object at 0x111662520>
25.62594499999977,0.11602999999999852,34871,<entities.dtn.DTN object at 0x11165b670>,<entities.processor.Processor object at 0x111662520>
25.74034499999977,0.11602999999999852,34871,<entities.dtn.DTN object at 0x11165b670>,<entities.processor.Processor object at 0x111662520>
25.84194499999977,0.21602999999999994,34871,<entities.dtn.DTN object at 0x11165b670>,<entities.processor.Processor object at 0x111662520>
25.85634499999977,0.11602999999999852,34871,<entities.dtn.DTN object at 0x11165b670>,<entities.processor.Processor object at 0x111662520>
25.95794499999977,0.11602999999999852,34871,<entities.dtn.DTN object at 0x11165b670>,<entities.processor.Processor object at 0x111662520>
26.07234499999977,0.21602999999999994,34871,<entities.dtn.DTN object at 0x11165b670>,<entities.processor.Processor object at 0x111662520>
26.07394499999977,0.11602999999999852,34871,<entities.dtn.DTN object at 0x11165b670>,<entities.processor.Processor object at 0x111662520>
26.18834499999977,0.11602999999999852,34871,<entities.dtn.DTN object at 0x11165b670>,<entities.processor.Processor object at 0x111662520>
26.18994499999977,0.11602999999999852,34871,<entities.dtn.DTN object at 0x11165b670>,<entities.processor.Processor object at 0x111662520>
26.30434499999977,0.11602999999999852,34871,<entities.dtn.DTN object at 0x11165b670>,<entities.processor.Processor object at 0x111662520>
26.30594499999977,0.11602999999999852,34871,<entities.dtn.DTN object at 0x11165b670>,<entities.processor.Processor object at 0x111662520>
26.52034499999977,0.21602999999999994,34871,<entities.dtn.DTN object at 0x11165b670>,<entities.processor.Processor object at 0x111662520>
26.52194499999977,0.21602999999999994,34871,<entities.dtn.DTN object at 0x11165b670>,<entities.processor.Processor object at 0x111662520>
26.63634499999977,0.11602999999999852,34871,<entities.dtn.DTN object at 0x11165b670>,<entities.processor.Processor object at 0x111662520>
26.63794499999977,0.11602999999999852,34871,<entities.dtn.DTN object at 0x11165b670>,<entities.processor.Processor object at 0x111662520>
26.75234499999977,0.11602999999999852,34871,<entities.dtn.DTN object at 0x11165b670>,<entities.processor.Processor object at 0x111662520>
26.75394499999977,0.11602999999999852,34871,<entities.dtn.DTN object at 0x11165b670>,<entities.processor.Processor object at 0x111662520>
26.968344999999772,0.21602999999999994,34871,<entities.dtn.DTN object at 0x11165b670>,<entities.processor.Processor object at 0x111662520>
26.969944999999772,0.21602999999999994,34871,<entities.dtn.DTN object at 0x11165b670>,<entities.processor.Processor object at 0x111662520>
27.184344999999773,0.21602999999999994,34871,<entities.dtn.DTN object at 0x11165b670>,<entities.processor.Processor object at 0x111662520>
27.185944999999773,0.21602999999999994,34871,<entities.dtn.DTN object at 0x11165b670>,<entities.processor.Processor object at 0x111662520>
27.300344999999773,0.11602999999999852,34871,<entities.dtn.DTN object at 0x11165b670>,<entities.processor.Processor object at 0x111662520>
27.301944999999773,0.11602999999999852,34871,<entities.dtn.DTN object at 0x11165b670>,<entities.processor.Processor object at 0x111662520>
27.516344999999774,0.21602999999999994,34871,<entities.dtn.DTN object at 0x11165b670>,<entities.processor.Processor object at 0x111662520>
27.517944999999774,0.21602999999999994,34871,<entities.dtn.DTN object at 0x11165b670>,<entities.processor.Processor object at 0x111662520>
27.732344999999775,0.21602999999999994,34871,<entities.dtn.DTN object at 0x11165b670>,<entities.processor.Processor object at 0x111662520>
27.833944999999776,0.31603000000000137,34871,<entities.dtn.DTN object at 0x11165b670>,<entities.processor.Processor object at 0x111662520>
28.151574999999777,0.4192600000000013,34871,<entities.dtn.DTN object at 0x11165b670>,<entities.processor.Processor object at 0x111662520>
28.15314499999978,0.319230000000001,34871,<entities.dtn.DTN object at 0x11165b670>,<entities.processor.Processor object at 0x111662520>
28.673944999999783,0.5224300000000035,34871,<entities.dtn.DTN object at 0x11165b670>,<entities.processor.Processor object at 0x111662520>
28.675544999999783,0.5240000000000045,34871,<entities.dtn.DTN object at 0x11165b670>,<entities.processor.Processor object at 0x111662520>
28.677144999999783,0.5240300000000033,34871,<entities.dtn.DTN object at 0x11165b670>,<entities.processor.Processor object at 0x111662520>
29.497944999999792,0.8240300000000076,34871,<entities.dtn.DTN object at 0x11165b670>,<entities.processor.Processor object at 0x111662520>
29.49954499999979,0.8240300000000076,34871,<entities.dtn.DTN object at 0x11165b670>,<entities.processor.Processor object at 0x111662520>
29.50114499999979,0.8240300000000076,34871,<entities.dtn.DTN object at 0x11165b670>,<entities.processor.Processor object at 0x111662520>
30.421944999999802,0.924030000000009,34871,<entities.dtn.DTN object at 0x11165b670>,<entities.processor.Processor object at 0x111662520>
30.4235449999998,0.924030000000009,34871,<entities.dtn.DTN object at 0x11165b670>,<entities.processor.Processor object at 0x111662520>
30.4251449999998,0.924030000000009,34871,<entities.dtn.DTN object at 0x11165b670>,<entities.processor.Processor object at 0x111662520>
30.645944999999802,0.22402999999999906,34871,<entities.dtn.DTN object at 0x11165b670>,<entities.processor.Processor object at 0x111662520>
30.647544999999802,0.22402999999999906,34871,<entities.dtn.DTN object at 0x11165b670>,<entities.processor.Processor object at 0x111662520>
30.649144999999802,0.22402999999999906,34871,<entities.dtn.DTN object at 0x11165b670>,<entities.processor.Processor object at 0x111662520>
30.869944999999802,0.22402999999999906,34871,<entities.dtn.DTN object at 0x11165b670>,<entities.processor.Processor object at 0x111662520>
30.971544999999804,0.3240300000000005,34871,<entities.dtn.DTN object at 0x11165b670>,<entities.processor.Processor object at 0x111662520>
30.973144999999803,0.3240300000000005,34871,<entities.dtn.DTN object at 0x11165b670>,<entities.processor.Processor object at 0x111662520>
31.193944999999804,0.3240300000000005,34871,<entities.dtn.DTN object at 0x11165b670>,<entities.processor.Processor object at 0x111662520>
31.295544999999805,0.3240300000000005,34871,<entities.dtn.DTN object at 0x11165b670>,<entities.processor.Processor object at 0x111662520>
31.297144999999805,0.3240300000000005,34871,<entities.dtn.DTN object at 0x11165b670>,<entities.processor.Processor object at 0x111662520>
31.71794499999981,0.5240300000000033,34871,<entities.dtn.DTN object at 0x11165b670>,<entities.processor.Processor object at 0x111662520>
31.71954499999981,0.4240300000000019,34871,<entities.dtn.DTN object at 0x11165b670>,<entities.processor.Processor object at 0x111662520>
31.721144999999808,0.4240300000000019,34871,<entities.dtn.DTN object at 0x11165b670>,<entities.processor.Processor object at 0x111662520>
32.34194499999984,0.6240300000000296,34871,<entities.dtn.DTN object at 0x11165b670>,<entities.processor.Processor object at 0x111662520>
32.34354499999984,0.6240300000000332,34871,<entities.dtn.DTN object at 0x11165b670>,<entities.processor.Processor object at 0x111662520>
32.44514499999985,0.7240300000000381,34871,<entities.dtn.DTN object at 0x11165b670>,<entities.processor.Processor object at 0x111662520>
33.1659449999999,0.8240300000000644,34871,<entities.dtn.DTN object at 0x11165b670>,<entities.processor.Processor object at 0x111662520>
33.167544999999905,0.8240300000000644,34871,<entities.dtn.DTN object at 0x11165b670>,<entities.processor.Processor object at 0x111662520>
33.26914499999991,0.8240300000000644,34871,<entities.dtn.DTN object at 0x11165b670>,<entities.processor.Processor object at 0x111662520>
33.78994499999996,0.6240300000000616,34871,<entities.dtn.DTN object at 0x11165b670>,<entities.processor.Processor object at 0x111662520>
33.791544999999964,0.6240300000000616,34871,<entities.dtn.DTN object at 0x11165b670>,<entities.processor.Processor object at 0x111662520>
33.79314499999997,0.5240300000000602,34871,<entities.dtn.DTN object at 0x11165b670>,<entities.processor.Processor object at 0x111662520>
34.110245000000006,0.3203300000000482,34871,<entities.dtn.DTN object at 0x11165b670>,<entities.processor.Processor object at 0x111662520>
34.11184500000001,0.3203300000000482,34871,<entities.dtn.DTN object at 0x11165b670>,<entities.processor.Processor object at 0x111662520>
34.11344500000001,0.3203300000000482,34871,<entities.dtn.DTN object at 0x11165b670>,<entities.processor.Processor object at 0x111662520>
34.52574500000004,0.4155300000000395,34871,<entities.dtn.DTN object at 0x11165b670>,<entities.processor.Processor object at 0x111662520>
34.62734500000005,0.5155300000000409,34871,<entities.dtn.DTN object at 0x11165b670>,<entities.processor.Processor object at 0x111662520>
34.62894500000005,0.5155300000000409,34871,<entities.dtn.DTN object at 0x11165b670>,<entities.processor.Processor object at 0x111662520>
35.340145000000085,0.8144300000000442,34871,<entities.dtn.DTN object at 0x11165b670>,<entities.processor.Processor object at 0x111662520>
35.34174500000009,0.7144300000000428,34871,<entities.dtn.DTN object at 0x11165b670>,<entities.processor.Processor object at 0x111662520>
35.34334500000009,0.7144300000000428,34871,<entities.dtn.DTN object at 0x11165b670>,<entities.processor.Processor object at 0x111662520>
36.15454500000013,0.8144300000000442,34871,<entities.dtn.DTN object at 0x11165b670>,<entities.processor.Processor object at 0x111662520>
36.15614500000013,0.8144300000000442,34871,<entities.dtn.DTN object at 0x11165b670>,<entities.processor.Processor object at 0x111662520>
36.15774500000013,0.8144300000000442,34871,<entities.dtn.DTN object at 0x11165b670>,<entities.processor.Processor object at 0x111662520>
36.36844500000016,0.21393000000003326,34871,<entities.dtn.DTN object at 0x11165b670>,<entities.processor.Processor object at 0x111662520>
36.37004500000016,0.21393000000003326,34871,<entities.dtn.DTN object at 0x11165b670>,<entities.processor.Processor object at 0x111662520>
36.37161500000016,0.21390000000003084,34871,<entities.dtn.DTN object at 0x11165b670>,<entities.processor.Processor object at 0x111662520>
36.47641500000017,0.1080000000000183,34871,<entities.dtn.DTN object at 0x11165b670>,<entities.processor.Processor object at 0x111662520>
36.47801500000018,0.1080000000000183,34871,<entities.dtn.DTN object at 0x11165b670>,<entities.processor.Processor object at 0x111662520>
18.437974999999778,0.13218999999999426,75747,<entities.dtn.DTN object at 0x11165b670>,<entities.processor.Processor object at 0x111662520>
18.65557499999978,0.21765999999999863,75747,<entities.dtn.DTN object at 0x11165b670>,<entities.processor.Processor object at 0x111662520>
18.65717499999978,0.2192299999999996,75747,<entities.dtn.DTN object at 0x11165b670>,<entities.processor.Processor object at 0x111662520>
18.87477499999978,0.21925999999999846,75747,<entities.dtn.DTN object at 0x11165b670>,<entities.processor.Processor object at 0x111662520>
18.87637499999978,0.22082999999999942,75747,<entities.dtn.DTN object at 0x11165b670>,<entities.processor.Processor object at 0x111662520>
18.87797499999978,0.22085999999999828,75747,<entities.dtn.DTN object at 0x11165b670>,<entities.processor.Processor object at 0x111662520>
18.87957499999978,0.22242999999999924,75747,<entities.dtn.DTN object at 0x11165b670>,<entities.processor.Processor object at 0x111662520>
19.09717499999978,0.2224599999999981,75747,<entities.dtn.DTN object at 0x11165b670>,<entities.processor.Processor object at 0x111662520>
19.09877499999978,0.22402999999999906,75747,<entities.dtn.DTN object at 0x11165b670>,<entities.processor.Processor object at 0x111662520>
19.10037499999978,0.22405999999999793,75747,<entities.dtn.DTN object at 0x11165b670>,<entities.processor.Processor object at 0x111662520>
19.10197499999978,0.2256299999999989,75747,<entities.dtn.DTN object at 0x11165b670>,<entities.processor.Processor object at 0x111662520>
19.10357499999978,0.22565999999999775,75747,<entities.dtn.DTN object at 0x11165b670>,<entities.processor.Processor object at 0x111662520>
19.10517499999978,0.2272299999999987,75747,<entities.dtn.DTN object at 0x11165b670>,<entities.processor.Processor object at 0x111662520>
19.10677499999978,0.22725999999999758,75747,<entities.dtn.DTN object at 0x11165b670>,<entities.processor.Processor object at 0x111662520>
19.10837499999978,0.22882999999999853,75747,<entities.dtn.DTN object at 0x11165b670>,<entities.processor.Processor object at 0x111662520>
19.32597499999978,0.2288599999999974,75747,<entities.dtn.DTN object at 0x11165b670>,<entities.processor.Processor object at 0x111662520>
19.32757499999978,0.23042999999999836,75747,<entities.dtn.DTN object at 0x11165b670>,<entities.processor.Processor object at 0x111662520>
19.32917499999978,0.23045999999999722,75747,<entities.dtn.DTN object at 0x11165b670>,<entities.processor.Processor object at 0x111662520>
19.33077499999978,0.23202999999999818,75747,<entities.dtn.DTN object at 0x11165b670>,<entities.processor.Processor object at 0x111662520>
19.33237499999978,0.23205999999999705,75747,<entities.dtn.DTN object at 0x11165b670>,<entities.processor.Processor object at 0x111662520>
19.33397499999978,0.233629999999998,75747,<entities.dtn.DTN object at 0x11165b670>,<entities.processor.Processor object at 0x111662520>
19.33557499999978,0.23365999999999687,75747,<entities.dtn.DTN object at 0x11165b670>,<entities.processor.Processor object at 0x111662520>
19.337174999999778,0.23522999999999783,75747,<entities.dtn.DTN object at 0x11165b670>,<entities.processor.Processor object at 0x111662520>
19.338774999999778,0.2352599999999967,75747,<entities.dtn.DTN object at 0x11165b670>,<entities.processor.Processor object at 0x111662520>
19.44037499999978,0.3368299999999991,75747,<entities.dtn.DTN object at 0x11165b670>,<entities.processor.Processor object at 0x111662520>
19.44197499999978,0.33685999999999794,75747,<entities.dtn.DTN object at 0x11165b670>,<entities.processor.Processor object at 0x111662520>
19.44357499999978,0.3384299999999989,75747,<entities.dtn.DTN object at 0x11165b670>,<entities.processor.Processor object at 0x111662520>
19.44517499999978,0.33845999999999776,75747,<entities.dtn.DTN object at 0x11165b670>,<entities.processor.Processor object at 0x111662520>
19.44677499999978,0.3400299999999987,75747,<entities.dtn.DTN object at 0x11165b670>,<entities.processor.Processor object at 0x111662520>
19.44837499999978,0.3400599999999976,75747,<entities.dtn.DTN object at 0x11165b670>,<entities.processor.Processor object at 0x111662520>
19.449974999999778,0.34162999999999855,75747,<entities.dtn.DTN object at 0x11165b670>,<entities.processor.Processor object at 0x111662520>
19.567574999999778,0.241659999999996,75747,<entities.dtn.DTN object at 0x11165b670>,<entities.processor.Processor object at 0x111662520>
19.569174999999777,0.24322999999999695,75747,<entities.dtn.DTN object at 0x11165b670>,<entities.processor.Processor object at 0x111662520>
19.570774999999777,0.2432599999999958,75747,<entities.dtn.DTN object at 0x11165b670>,<entities.processor.Processor object at 0x111662520>
19.67237499999978,0.3448299999999982,75747,<entities.dtn.DTN object at 0x11165b670>,<entities.processor.Processor object at 0x111662520>
19.67397499999978,0.34485999999999706,75747,<entities.dtn.DTN object at 0x11165b670>,<entities.processor.Processor object at 0x111662520>
19.675574999999778,0.346429999999998,75747,<entities.dtn.DTN object at 0x11165b670>,<entities.processor.Processor object at 0x111662520>
19.677174999999778,0.3464599999999969,75747,<entities.dtn.DTN object at 0x11165b670>,<entities.processor.Processor object at 0x111662520>
19.678774999999778,0.34802999999999784,75747,<entities.dtn.DTN object at 0x11165b670>,<entities.processor.Processor object at 0x111662520>
19.680374999999778,0.3480599999999967,75747,<entities.dtn.DTN object at 0x11165b670>,<entities.processor.Processor object at 0x111662520>
19.681974999999778,0.34962999999999766,75747,<entities.dtn.DTN object at 0x11165b670>,<entities.processor.Processor object at 0x111662520>
19.683574999999777,0.34965999999999653,75747,<entities.dtn.DTN object at 0x11165b670>,<entities.processor.Processor object at 0x111662520>
19.685174999999777,0.3512299999999975,75747,<entities.dtn.DTN object at 0x11165b670>,<entities.processor.Processor object at 0x111662520>
19.686774999999777,0.35125999999999635,75747,<entities.dtn.DTN object at 0x11165b670>,<entities.processor.Processor object at 0x111662520>
19.688374999999777,0.3528299999999973,75747,<entities.dtn.DTN object at 0x11165b670>,<entities.processor.Processor object at 0x111662520>
19.689974999999777,0.3528599999999962,75747,<entities.dtn.DTN object at 0x11165b670>,<entities.processor.Processor object at 0x111662520>
19.791574999999778,0.45442999999999856,75747,<entities.dtn.DTN object at 0x11165b670>,<entities.processor.Processor object at 0x111662520>
19.793174999999778,0.4544599999999974,75747,<entities.dtn.DTN object at 0x11165b670>,<entities.processor.Processor object at 0x111662520>
19.794774999999778,0.4560299999999984,75747,<entities.dtn.DTN object at 0x11165b670>,<entities.processor.Processor object at 0x111662520>
19.796374999999777,0.3560599999999958,75747,<entities.dtn.DTN object at 0x11165b670>,<entities.processor.Processor object at 0x111662520>
19.797974999999777,0.3576299999999968,75747,<entities.dtn.DTN object at 0x11165b670>,<entities.processor.Processor object at 0x111662520>
19.799574999999777,0.35765999999999565,75747,<entities.dtn.DTN object at 0x11165b670>,<entities.processor.Processor object at 0x111662520>
19.801174999999777,0.3592299999999966,75747,<entities.dtn.DTN object at 0x11165b670>,<entities.processor.Processor object at 0x111662520>
19.802774999999777,0.35925999999999547,75747,<entities.dtn.DTN object at 0x11165b670>,<entities.processor.Processor object at 0x111662520>
19.804374999999776,0.36082999999999643,75747,<entities.dtn.DTN object at 0x11165b670>,<entities.processor.Processor object at 0x111662520>
19.905974999999778,0.4608599999999967,75747,<entities.dtn.DTN object at 0x11165b670>,<entities.processor.Processor object at 0x111662520>
19.907574999999778,0.4624299999999977,75747,<entities.dtn.DTN object at 0x11165b670>,<entities.processor.Processor object at 0x111662520>
19.909174999999777,0.46245999999999654,75747,<entities.dtn.DTN object at 0x11165b670>,<entities.processor.Processor object at 0x111662520>
19.910774999999777,0.4640299999999975,75747,<entities.dtn.DTN object at 0x11165b670>,<entities.processor.Processor object at 0x111662520>
19.912374999999777,0.46405999999999636,75747,<entities.dtn.DTN object at 0x11165b670>,<entities.processor.Processor object at 0x111662520>
19.913974999999777,0.4656299999999973,75747,<entities.dtn.DTN object at 0x11165b670>,<entities.processor.Processor object at 0x111662520>
19.915574999999777,0.4656599999999962,75747,<entities.dtn.DTN object at 0x11165b670>,<entities.processor.Processor object at 0x111662520>
19.917174999999776,0.46722999999999715,75747,<entities.dtn.DTN object at 0x11165b670>,<entities.processor.Processor object at 0x111662520>
20.034774999999776,0.467259999999996,75747,<entities.dtn.DTN object at 0x11165b670>,<entities.processor.Processor object at 0x111662520>
20.036344999999777,0.4687999999999981,75747,<entities.dtn.DTN object at 0x11165b670>,<entities.processor.Processor object at 0x111662520>
20.037944999999777,0.46882999999999697,75747,<entities.dtn.DTN object at 0x11165b670>,<entities.processor.Processor object at 0x111662520>
20.039544999999777,0.47039999999999793,75747,<entities.dtn.DTN object at 0x11165b670>,<entities.processor.Processor object at 0x111662520>
20.041144999999776,0.4704299999999968,75747,<entities.dtn.DTN object at 0x11165b670>,<entities.processor.Processor object at 0x111662520>
20.042744999999776,0.47199999999999775,75747,<entities.dtn.DTN object at 0x11165b670>,<entities.processor.Processor object at 0x111662520>
20.144344999999777,0.4720299999999966,75747,<entities.dtn.DTN object at 0x11165b670>,<entities.processor.Processor object at 0x111662520>
20.145944999999777,0.4735999999999976,75747,<entities.dtn.DTN object at 0x11165b670>,<entities.processor.Processor object at 0x111662520>
20.147544999999777,0.47362999999999644,75747,<entities.dtn.DTN object at 0x11165b670>,<entities.processor.Processor object at 0x111662520>
20.149144999999777,0.4751999999999974,75747,<entities.dtn.DTN object at 0x11165b670>,<entities.processor.Processor object at 0x111662520>
20.150744999999777,0.47522999999999627,75747,<entities.dtn.DTN object at 0x11165b670>,<entities.processor.Processor object at 0x111662520>
20.152344999999777,0.4767999999999972,75747,<entities.dtn.DTN object at 0x11165b670>,<entities.processor.Processor object at 0x111662520>
20.153944999999776,0.4768299999999961,75747,<entities.dtn.DTN object at 0x11165b670>,<entities.processor.Processor object at 0x111662520>
20.155544999999776,0.47839999999999705,75747,<entities.dtn.DTN object at 0x11165b670>,<entities.processor.Processor object at 0x111662520>
20.257144999999777,0.5784299999999973,75747,<entities.dtn.DTN object at 0x11165b670>,<entities.processor.Processor object at 0x111662520>
20.258744999999777,0.5799999999999983,75747,<entities.dtn.DTN object at 0x11165b670>,<entities.processor.Processor object at 0x111662520>
20.260344999999777,0.5800299999999972,75747,<entities.dtn.DTN object at 0x11165b670>,<entities.processor.Processor object at 0x111662520>
20.261944999999777,0.5815999999999981,75747,<entities.dtn.DTN object at 0x11165b670>,<entities.processor.Processor object at 0x111662520>
20.263544999999777,0.581629999999997,75747,<entities.dtn.DTN object at 0x11165b670>,<entities.processor.Processor object at 0x111662520>
20.265144999999777,0.5831999999999979,75747,<entities.dtn.DTN object at 0x11165b670>,<entities.processor.Processor object at 0x111662520>
20.266774999999775,0.5832599999999957,75747,<entities.dtn.DTN object at 0x11165b670>,<entities.processor.Processor object at 0x111662520>
20.268344999999776,0.5847999999999978,75747,<entities.dtn.DTN object at 0x11165b670>,<entities.processor.Processor object at 0x111662520>
20.269944999999776,0.5848299999999966,75747,<entities.dtn.DTN object at 0x11165b670>,<entities.processor.Processor object at 0x111662520>
20.271544999999776,0.5863999999999976,75747,<entities.dtn.DTN object at 0x11165b670>,<entities.processor.Processor object at 0x111662520>
20.273144999999776,0.5864299999999965,75747,<entities.dtn.DTN object at 0x11165b670>,<entities.processor.Processor object at 0x111662520>
20.374744999999777,0.6879999999999988,75747,<entities.dtn.DTN object at 0x11165b670>,<entities.processor.Processor object at 0x111662520>
20.376344999999777,0.6880299999999977,75747,<entities.dtn.DTN object at 0x11165b670>,<entities.processor.Processor object at 0x111662520>
20.377914999999778,0.6895699999999998,75747,<entities.dtn.DTN object at 0x11165b670>,<entities.processor.Processor object at 0x111662520>
20.379514999999778,0.6895999999999987,75747,<entities.dtn.DTN object at 0x11165b670>,<entities.processor.Processor object at 0x111662520>
20.381114999999777,0.6911699999999996,75747,<entities.dtn.DTN object at 0x11165b670>,<entities.processor.Processor object at 0x111662520>
20.382714999999777,0.5911999999999971,75747,<entities.dtn.DTN object at 0x11165b670>,<entities.processor.Processor object at 0x111662520>
20.384314999999777,0.592769999999998,75747,<entities.dtn.DTN object at 0x11165b670>,<entities.processor.Processor object at 0x111662520>
20.385914999999777,0.5927999999999969,75747,<entities.dtn.DTN object at 0x11165b670>,<entities.processor.Processor object at 0x111662520>
20.387514999999777,0.5943699999999978,75747,<entities.dtn.DTN object at 0x11165b670>,<entities.processor.Processor object at 0x111662520>
20.389114999999777,0.5943999999999967,75747,<entities.dtn.DTN object at 0x11165b670>,<entities.processor.Processor object at 0x111662520>
20.390714999999776,0.5959699999999977,75747,<entities.dtn.DTN object at 0x11165b670>,<entities.processor.Processor object at 0x111662520>
20.392314999999776,0.5959999999999965,75747,<entities.dtn.DTN object at 0x11165b670>,<entities.processor.Processor object at 0x111662520>
20.493914999999777,0.6975699999999989,75747,<entities.dtn.DTN object at 0x11165b670>,<entities.processor.Processor object at 0x111662520>
20.495514999999777,0.6975999999999978,75747,<entities.dtn.DTN object at 0x11165b670>,<entities.processor.Processor object at 0x111662520>
20.497114999999777,0.6991699999999987,75747,<entities.dtn.DTN object at 0x11165b670>,<entities.processor.Processor object at 0x111662520>
20.498714999999777,0.6991999999999976,75747,<entities.dtn.DTN object at 0x11165b670>,<entities.processor.Processor object at 0x111662520>
20.500314999999777,0.7007699999999986,75747,<entities.dtn.DTN object at 0x11165b670>,<entities.processor.Processor object at 0x111662520>
20.501914999999777,0.7007999999999974,75747,<entities.dtn.DTN object at 0x11165b670>,<entities.processor.Processor object at 0x111662520>
20.503514999999776,0.7023699999999984,75747,<entities.dtn.DTN object at 0x11165b670>,<entities.processor.Processor object at 0x111662520>
20.505114999999776,0.7023999999999972,75747,<entities.dtn.DTN object at 0x11165b670>,<entities.processor.Processor object at 0x111662520>
20.506714999999776,0.7039699999999982,75747,<entities.dtn.DTN object at 0x11165b670>,<entities.processor.Processor object at 0x111662520>
20.508314999999776,0.7039999999999971,75747,<entities.dtn.DTN object at 0x11165b670>,<entities.processor.Processor object at 0x111662520>
20.509914999999776,0.705569999999998,75747,<entities.dtn.DTN object at 0x11165b670>,<entities.processor.Processor object at 0x111662520>
20.511514999999775,0.6055999999999955,75747,<entities.dtn.DTN object at 0x11165b670>,<entities.processor.Processor object at 0x111662520>
20.613114999999777,0.7071699999999979,75747,<entities.dtn.DTN object at 0x11165b670>,<entities.processor.Processor object at 0x111662520>
20.614714999999777,0.7071999999999967,75747,<entities.dtn.DTN object at 0x11165b670>,<entities.processor.Processor object at 0x111662520>
20.616314999999776,0.7087699999999977,75747,<entities.dtn.DTN object at 0x11165b670>,<entities.processor.Processor object at 0x111662520>
20.617914999999776,0.7087999999999965,75747,<entities.dtn.DTN object at 0x11165b670>,<entities.processor.Processor object at 0x111662520>
20.619514999999776,0.7103699999999975,75747,<entities.dtn.DTN object at 0x11165b670>,<entities.processor.Processor object at 0x111662520>
20.621114999999776,0.7103999999999964,75747,<entities.dtn.DTN object at 0x11165b670>,<entities.processor.Processor object at 0x111662520>
20.622714999999776,0.7119699999999973,75747,<entities.dtn.DTN object at 0x11165b670>,<entities.processor.Processor object at 0x111662520>
20.624314999999775,0.7119999999999962,75747,<entities.dtn.DTN object at 0x11165b670>,<entities.processor.Processor object at 0x111662520>
20.625914999999775,0.7135699999999972,75747,<entities.dtn.DTN object at 0x11165b670>,<entities.processor.Processor object at 0x111662520>
20.627514999999775,0.713599999999996,75747,<entities.dtn.DTN object at 0x11165b670>,<entities.processor.Processor object at 0x111662520>
20.629114999999775,0.715169999999997,75747,<entities.dtn.DTN object at 0x11165b670>,<entities.processor.Processor object at 0x111662520>
20.630714999999775,0.7151999999999958,75747,<entities.dtn.DTN object at 0x11165b670>,<entities.processor.Processor object at 0x111662520>
20.732314999999776,0.8167699999999982,75747,<entities.dtn.DTN object at 0x11165b670>,<entities.processor.Processor object at 0x111662520>
20.733914999999776,0.8167999999999971,75747,<entities.dtn.DTN object at 0x11165b670>,<entities.processor.Processor object at 0x111662520>
20.735514999999776,0.818369999999998,75747,<entities.dtn.DTN object at 0x11165b670>,<entities.processor.Processor object at 0x111662520>
20.853114999999775,0.8183999999999969,75747,<entities.dtn.DTN object at 0x11165b670>,<entities.processor.Processor object at 0x111662520>
20.854714999999775,0.8199699999999979,75747,<entities.dtn.DTN object at 0x11165b670>,<entities.processor.Processor object at 0x111662520>
20.856314999999775,0.8199999999999967,75747,<entities.dtn.DTN object at 0x11165b670>,<entities.processor.Processor object at 0x111662520>
20.857914999999775,0.8199999999999967,75747,<entities.dtn.DTN object at 0x11165b670>,<entities.processor.Processor object at 0x111662520>
20.859514999999774,0.8199999999999967,75747,<entities.dtn.DTN object at 0x11165b670>,<entities.processor.Processor object at 0x111662520>
20.861114999999774,0.8199999999999967,75747,<entities.dtn.DTN object at 0x11165b670>,<entities.processor.Processor object at 0x111662520>
20.862714999999774,0.8199999999999967,75747,<entities.dtn.DTN object at 0x11165b670>,<entities.processor.Processor object at 0x111662520>
20.964314999999775,0.8199999999999967,75747,<entities.dtn.DTN object at 0x11165b670>,<entities.processor.Processor object at 0x111662520>
20.965914999999775,0.8199999999999967,75747,<entities.dtn.DTN object at 0x11165b670>,<entities.processor.Processor object at 0x111662520>
20.967514999999775,0.8199999999999967,75747,<entities.dtn.DTN object at 0x11165b670>,<entities.processor.Processor object at 0x111662520>
20.969114999999775,0.8199999999999967,75747,<entities.dtn.DTN object at 0x11165b670>,<entities.processor.Processor object at 0x111662520>
20.970714999999775,0.8199999999999967,75747,<entities.dtn.DTN object at 0x11165b670>,<entities.processor.Processor object at 0x111662520>
20.972314999999774,0.8199999999999967,75747,<entities.dtn.DTN object at 0x11165b670>,<entities.processor.Processor object at 0x111662520>
20.973914999999774,0.8199999999999967,75747,<entities.dtn.DTN object at 0x11165b670>,<entities.processor.Processor object at 0x111662520>
20.975514999999774,0.8199999999999967,75747,<entities.dtn.DTN object at 0x11165b670>,<entities.processor.Processor object at 0x111662520>
20.977114999999774,0.7199999999999953,75747,<entities.dtn.DTN object at 0x11165b670>,<entities.processor.Processor object at 0x111662520>
20.978714999999774,0.7199999999999953,75747,<entities.dtn.DTN object at 0x11165b670>,<entities.processor.Processor object at 0x111662520>
20.980314999999774,0.7199999999999953,75747,<entities.dtn.DTN object at 0x11165b670>,<entities.processor.Processor object at 0x111662520>
21.081914999999775,0.8199999999999967,75747,<entities.dtn.DTN object at 0x11165b670>,<entities.processor.Processor object at 0x111662520>
21.083514999999775,0.8199999999999967,75747,<entities.dtn.DTN object at 0x11165b670>,<entities.processor.Processor object at 0x111662520>
21.085114999999774,0.8199999999999967,75747,<entities.dtn.DTN object at 0x11165b670>,<entities.processor.Processor object at 0x111662520>
21.086714999999774,0.8199999999999967,75747,<entities.dtn.DTN object at 0x11165b670>,<entities.processor.Processor object at 0x111662520>
21.088314999999774,0.8215699999999977,75747,<entities.dtn.DTN object at 0x11165b670>,<entities.processor.Processor object at 0x111662520>
21.089914999999774,0.8215999999999966,75747,<entities.dtn.DTN object at 0x11165b670>,<entities.processor.Processor object at 0x111662520>
21.091514999999774,0.8215999999999966,75747,<entities.dtn.DTN object at 0x11165b670>,<entities.processor.Processor object at 0x111662520>
21.093114999999774,0.8215999999999966,75747,<entities.dtn.DTN object at 0x11165b670>,<entities.processor.Processor object at 0x111662520>
21.094714999999773,0.8215999999999966,75747,<entities.dtn.DTN object at 0x11165b670>,<entities.processor.Processor object at 0x111662520>
21.096314999999773,0.7215999999999951,75747,<entities.dtn.DTN object at 0x11165b670>,<entities.processor.Processor object at 0x111662520>
21.097914999999773,0.7215999999999951,75747,<entities.dtn.DTN object at 0x11165b670>,<entities.processor.Processor object at 0x111662520>
